   0.0000000e+00   1.6778821e+01   7.7801099e+00   1.6601242e+01   1.6601242e+01   1.2919742e+01   1.1011898e+01   1.6287653e+01   9.4022469e+00   8.2781746e+00   1.3700379e+01   8.8216585e+00   1.3700379e+01   2.3936083e+01   2.3177081e+01   2.1724985e+01   2.0853132e+01   1.1923660e+01   1.4615594e+01   8.7462113e+00   1.5137281e+01   2.0102296e+01   2.3586793e+01   1.4392444e+01   1.9321530e+01   1.0208244e+01   5.9083269e+00   6.5000000e+00   1.2520815e+01   6.0226805e+00   5.7201533e+00   1.0940307e+01   6.6846584e+00   1.2869317e+01   1.4101471e+01   2.0760800e+01   1.8402514e+01   2.8925341e+01   2.1296634e+01   1.2510412e+01   2.1505952e+01   2.0859273e+01   2.5198178e+01   2.3548861e+01   1.8843936e+01   2.0006409e+01   1.7367128e+01   1.4580128e+01   2.0412308e+01   3.6622777e+00   6.5207973e+00   8.1157731e+00   9.7195445e+00   1.3306248e+01   1.7529386e+01   1.9948650e+01   1.9539433e+01   1.2268602e+01   1.6507811e+01   1.4650972e+01   1.9644190e+01   1.0117692e+01   1.2706556e+01   1.9604973e+01   1.8000000e+01   1.3149111e+01   2.6053865e+01   9.5138782e+00   2.7360680e+00   4.5311289e+00   1.2919742e+01   1.7270510e+01   1.6570159e+01   1.8672782e+01   1.9916488e+01   5.8150729e+00   7.2082039e+00   1.0611874e+01   8.5156098e+00   1.0104686e+01   7.9330344e+00   1.3538405e+01   1.5273287e+01   1.7992856e+01   1.8898369e+01   2.4635037e+01   1.7307736e+01   8.1485293e+00   1.0759142e+01   1.0795630e+01   2.0349433e+01   1.7007574e+01   1.7485288e+01   1.3813527e+01   1.5340822e+01   1.5034442e+01   1.6624515e+01   1.8304494e+01   1.6072412e+01   1.9800259e+01   8.1157731e+00
   1.6778821e+01   0.0000000e+00   1.7704651e+01   1.0611874e+01   1.2426860e+01   8.7006097e+00   1.8624569e+01   1.8534689e+01   2.4211811e+01   2.2144861e+01   2.5644582e+01   1.2215375e+01   5.2169906e+00   1.1094810e+01   7.0000000e+00   1.3089678e+01   1.6847783e+01   1.4229530e+01   2.4211811e+01   2.5015301e+01   5.7201533e+00   6.6032778e+00   1.2161904e+01   1.7992856e+01   1.5574813e+01   8.7006097e+00   1.2000000e+01   1.0940307e+01   1.9644190e+01   2.2144861e+01   1.8113915e+01   2.6500000e+01   2.0178669e+01   2.4707437e+01   2.8284888e+01   2.7601660e+01   8.1485293e+00   1.6655494e+01   1.3247549e+01   5.2169906e+00   6.6032778e+00   6.5415230e+00   9.7195445e+00   1.2593387e+01   1.8402514e+01   2.3138463e+01   2.4217082e+01   2.1170027e+01   2.9834280e+01   1.6655494e+01   2.2162179e+01   1.4101471e+01   7.5710678e+00   1.3029964e+01   1.4817821e+01   9.8407708e+00   3.4154759e+00   5.0276926e+00   8.3262379e+00   1.2879418e+01   1.2520815e+01   2.1724985e+01   2.6805893e+01   3.2122777e+01   3.3397568e+01   2.9361739e+01   1.7588007e+01   1.5706906e+01   1.5533296e+01   2.0025624e+01   2.8271388e+01   6.5207973e+00   5.0000000e+00   6.3523500e+00   8.1157731e+00   1.4826549e+01   1.6311388e+01   2.2300229e+01   1.9506578e+01   1.5000000e+01   2.1529741e+01   1.8527756e+01   1.5000000e+01   1.4392444e+01   1.0323441e+01   1.6008062e+01   4.0355339e+00   1.8569311e+01   1.0562306e+01   2.5579872e+01   1.0549876e+01   7.4641941e+00   9.6923882e+00   7.2268120e+00   6.6032778e+00   8.7006097e+00   5.8851648e+00   8.7462113e+00   9.2464278e+00   9.0146932e+00   9.5000000e+00
   7.7801099e+00   1.7704651e+01   0.0000000e+00   1.3000000e+01   2.1860009e+01   1.7270510e+01   1.8177670e+01   2.3022211e+01   8.0000000e+00   1.5077380e+01   2.0655644e+01   6.0901699e+00   1.6507811e+01   2.7075365e+01   2.4084953e+01   2.6239075e+01   2.6600766e+01   1.8177670e+01   2.1860009e+01   1.1680340e+01   1.3962912e+01   1.8700275e+01   2.0500000e+01   7.5710678e+00   1.3962912e+01   9.5138782e+00   1.0807764e+01   8.5622577e+00   5.2434165e+00   1.1106602e+01   1.3000000e+01   1.6120499e+01   4.1400549e+00   7.5710678e+00   1.1270330e+01   2.8040879e+01   2.2005813e+01   3.2515621e+01   1.7188319e+01   1.3000000e+01   2.0581086e+01   2.3138463e+01   2.6900758e+01   2.7411893e+01   2.5248737e+01   2.7042419e+01   2.4635037e+01   2.1789669e+01   2.7564737e+01   4.6231056e+00   7.6589105e+00   1.4535669e+01   1.1901754e+01   8.5622577e+00   1.2204700e+01   1.7030275e+01   2.0612185e+01   1.3935029e+01   2.0481241e+01   2.0280040e+01   2.4426972e+01   1.7307736e+01   1.8939089e+01   2.6112497e+01   1.6878339e+01   1.4817821e+01   2.1380613e+01   3.5413813e+00   9.5553851e+00   1.1047512e+01   1.2043396e+01   1.5541609e+01   1.5541609e+01   1.7120770e+01   1.7762677e+01   3.8541020e+00   1.9142136e+00   5.1097722e+00   2.3027756e+00   4.5311289e+00   5.0000000e+00   2.0524984e+01   2.1386599e+01   2.3586793e+01   2.3138463e+01   2.9353076e+01   1.9591883e+01   1.5416434e+01   1.5837862e+01   1.6778821e+01   2.4353721e+01   2.0612185e+01   2.1772047e+01   1.7566048e+01   1.8809833e+01   1.9294946e+01   1.9709373e+01   2.2133308e+01   2.0412308e+01   2.3401965e+01   1.1680340e+01
   1.6601242e+01   1.0611874e+01   1.3000000e+01   0.0000000e+00   2.1115528e+01   1.6311388e+01   2.3548861e+01   2.5768558e+01   2.0500000e+01   2.4084953e+01   2.9004386e+01   8.4056942e+00   1.3247549e+01   2.1115528e+01   1.5077380e+01   2.3000000e+01   2.5995098e+01   2.0655644e+01   2.8784271e+01   2.3548861e+01   5.5000000e+00   7.5710678e+00   8.0000000e+00   9.5138782e+00   5.5000000e+00   7.5710678e+00   1.4642136e+01   1.1511358e+01   1.2384864e+01   2.1860009e+01   2.0500000e+01   2.6962237e+01   1.6531220e+01   1.8700275e+01   2.3352790e+01   3.3700151e+01   1.8000000e+01   2.6600766e+01   5.2169906e+00   8.4056942e+00   9.6923882e+00   1.6507811e+01   1.8617671e+01   2.2703603e+01   2.6600766e+01   3.0470819e+01   3.0101520e+01   2.6900758e+01   3.4796501e+01   1.4580128e+01   1.9735384e+01   1.8617671e+01   1.1047512e+01   5.1097722e+00   4.7720019e+00   4.6231056e+00   1.2675796e+01   1.0462429e+01   1.7617243e+01   2.0748457e+01   2.2092823e+01   2.5020400e+01   2.8717902e+01   3.5317381e+01   2.9214108e+01   2.7169271e+01   1.0104686e+01   1.0013149e+01   1.6724981e+01   2.0624612e+01   2.4520824e+01   4.9721360e+00   6.2008771e+00   6.2008771e+00   5.9083269e+00   1.1901754e+01   1.2043396e+01   1.6778821e+01   1.4535669e+01   9.0146932e+00   1.7500000e+01   2.4629857e+01   2.2692341e+01   2.3177081e+01   2.0025624e+01   2.6019600e+01   1.4036986e+01   2.2092823e+01   1.6824828e+01   2.6886550e+01   2.0506249e+01   1.7030275e+01   1.9107794e+01   1.5416434e+01   1.5632746e+01   1.7367128e+01   1.5508331e+01   1.8506943e+01   1.8255281e+01   1.9027007e+01   1.3000000e+01
   1.6601242e+01   1.2426860e+01   2.1860009e+01   2.1115528e+01   0.0000000e+00   5.5000000e+00   1.0807764e+01   7.4641941e+00   2.5500000e+01   1.7270510e+01   1.8177670e+01   1.8177670e+01   8.4056942e+00   1.0500000e+01   1.5077380e+01   6.0901699e+00   5.5000000e+00   6.0901699e+00   1.5500000e+01   2.3548861e+01   1.6311388e+01   1.8527756e+01   2.4084953e+01   2.5624689e+01   2.5995098e+01   1.5500000e+01   1.1680340e+01   1.3962912e+01   2.5723997e+01   2.0025624e+01   1.4101471e+01   2.2414607e+01   2.2454498e+01   2.8450850e+01   3.0202693e+01   1.6847783e+01   6.0901699e+00   1.3962912e+01   2.4733242e+01   1.3247549e+01   1.8234148e+01   1.0562306e+01   1.4580128e+01   8.7462113e+00   6.5207973e+00   1.1601802e+01   1.3962912e+01   1.1545361e+01   2.0025624e+01   1.8617671e+01   2.2522716e+01   9.3459030e+00   1.1511358e+01   2.1505952e+01   2.4753866e+01   2.1523796e+01   1.2879418e+01   1.1188779e+01   4.7426407e+00   2.7360680e+00   3.8541020e+00   1.5205441e+01   2.0902206e+01   2.4000000e+01   3.3734019e+01   2.7908940e+01   2.9348743e+01   2.1488092e+01   1.4401439e+01   1.7529386e+01   2.8819605e+01   1.7964249e+01   1.6390249e+01   1.8177670e+01   1.9974342e+01   1.8527756e+01   2.0581086e+01   2.5995098e+01   2.3347319e+01   2.1296634e+01   2.3823808e+01   9.0000000e+00   4.0355339e+00   2.5615528e+00   4.5311289e+00   8.6394103e+00   9.3459030e+00   1.2798374e+01   6.5415230e+00   2.0655644e+01   6.0000000e+00   5.8150729e+00   3.8541020e+00   6.2008771e+00   6.3309519e+00   4.3078866e+00   7.2268120e+00   5.4244289e+00   3.7015621e+00   6.6846584e+00   1.0807764e+01
   1.2919742e+01   8.7006097e+00   1.7270510e+01   1.6311388e+01   5.5000000e+00   0.0000000e+00   1.0807764e+01   1.0424717e+01   2.1713203e+01   1.5706906e+01   1.8177670e+01   1.3247549e+01   4.0355339e+00   1.1680340e+01   1.3247549e+01   9.5138782e+00   1.0500000e+01   6.0901699e+00   1.6311388e+01   2.0655644e+01   1.1680340e+01   1.4642136e+01   2.0025624e+01   2.0655644e+01   2.1115528e+01   1.0500000e+01   7.5710678e+00   9.2321246e+00   2.0902206e+01   1.7270510e+01   1.1901754e+01   2.0630822e+01   1.8304494e+01   2.4084953e+01   2.6331183e+01   1.9401058e+01   6.0901699e+00   1.6507811e+01   2.0178669e+01   8.4056942e+00   1.4800350e+01   9.5138782e+00   1.4036986e+01   1.1130146e+01   1.0807764e+01   1.5103082e+01   1.6032225e+01   1.3029964e+01   2.1742646e+01   1.4401439e+01   1.8939089e+01   7.0764732e+00   6.5207973e+00   1.6507811e+01   1.9819679e+01   1.7143317e+01   1.0156604e+01   6.3523500e+00   4.1055513e+00   4.9721360e+00   7.6589105e+00   1.4508926e+01   2.0025624e+01   2.4526028e+01   3.0408193e+01   2.5122145e+01   2.4938699e+01   1.6640012e+01   1.0904326e+01   1.4817821e+01   2.5339485e+01   1.3538405e+01   1.2010864e+01   1.4009256e+01   1.5805228e+01   1.3916408e+01   1.5935349e+01   2.1595023e+01   1.8857560e+01   1.6390249e+01   1.9709373e+01   1.0361541e+01   7.0192024e+00   7.5178344e+00   6.5207973e+00   1.2593387e+01   6.6846584e+00   1.1511358e+01   3.0495098e+00   1.9241665e+01   7.9330344e+00   4.7720019e+00   5.1097722e+00   2.0811388e+00   3.5000000e+00   2.6213203e+00   5.0000000e+00   5.9083269e+00   3.7015621e+00   7.4462220e+00   6.0901699e+00
   1.1011898e+01   1.8624569e+01   1.8177670e+01   2.3548861e+01   1.0807764e+01   1.0807764e+01   0.0000000e+00   6.6032778e+00   1.8700275e+01   7.5710678e+00   8.0000000e+00   1.7270510e+01   1.3962912e+01   2.0655644e+01   2.3548861e+01   1.6311388e+01   1.3000000e+01   5.5000000e+00   6.0901699e+00   1.5077380e+01   2.0025624e+01   2.4084953e+01   2.9004386e+01   2.4217082e+01   2.7541635e+01   1.6507811e+01   9.5138782e+00   1.2849089e+01   2.2860680e+01   1.1680340e+01   6.0901699e+00   1.2603718e+01   1.7030275e+01   2.3138463e+01   2.3270595e+01   1.0795630e+01   1.5500000e+01   2.4217082e+01   2.8086228e+01   1.6507811e+01   2.4650569e+01   1.9604973e+01   2.4047824e+01   1.9053975e+01   9.7195445e+00   9.5553851e+00   7.2082039e+00   4.1400549e+00   1.1901754e+01   1.4083078e+01   1.5541609e+01   5.4497475e+00   1.3247549e+01   2.1772047e+01   2.5887005e+01   2.5664459e+01   2.0424859e+01   1.4922205e+01   1.3509612e+01   8.6394103e+00   1.4101471e+01   4.9721360e+00   1.0624228e+01   1.4229530e+01   2.5464975e+01   1.9006756e+01   3.3034597e+01   1.9321530e+01   9.1313383e+00   9.5138782e+00   2.1073041e+01   2.2208293e+01   2.0902206e+01   2.3110838e+01   2.4800206e+01   1.5541609e+01   1.7367128e+01   2.1024376e+01   1.9027007e+01   1.9637659e+01   1.8113915e+01   3.4154759e+00   7.6589105e+00   1.1011898e+01   1.4642136e+01   1.8388544e+01   1.6992423e+01   3.6622777e+00   8.5777472e+00   1.0624228e+01   1.6200318e+01   1.4535669e+01   1.3538405e+01   1.2384864e+01   1.3738202e+01   1.2043396e+01   1.5213939e+01   1.5008618e+01   1.2500000e+01   1.6531220e+01   1.1106602e+01
   1.6287653e+01   1.8534689e+01   2.3022211e+01   2.5768558e+01   7.4641941e+00   1.0424717e+01   6.6032778e+00   0.0000000e+00   2.4552027e+01   1.3624405e+01   1.2583046e+01   2.0896078e+01   1.3953624e+01   1.7188319e+01   2.1970911e+01   1.2000000e+01   7.4641941e+00   5.7201533e+00   9.3600226e+00   2.1170027e+01   2.1440392e+01   2.4552027e+01   2.9949109e+01   2.8289386e+01   3.0307717e+01   1.9168155e+01   1.3089678e+01   1.6287653e+01   2.7504629e+01   1.7740940e+01   1.1923660e+01   1.8534689e+01   2.2465883e+01   2.8646936e+01   2.9192333e+01   9.8941471e+00   1.3039936e+01   1.9663768e+01   2.9915132e+01   1.7992856e+01   2.4583189e+01   1.7507351e+01   2.1529741e+01   1.5008618e+01   3.7015621e+00   5.2169906e+00   7.0764732e+00   5.2434165e+00   1.3158989e+01   1.9107794e+01   2.1392582e+01   9.0000000e+00   1.5273287e+01   2.5020400e+01   2.8824018e+01   2.7004717e+01   1.9506578e+01   1.6032225e+01   1.1477249e+01   6.2008771e+00   1.0052487e+01   1.0759142e+01   1.6032225e+01   1.7682840e+01   3.1564449e+01   2.5101829e+01   3.4752737e+01   2.3586793e+01   1.4147344e+01   1.5483324e+01   2.7117663e+01   2.3401965e+01   2.1900935e+01   2.3930749e+01   2.5723997e+01   2.0006409e+01   2.2000000e+01   2.6394015e+01   2.4132605e+01   2.3694827e+01   2.3662470e+01   3.7015621e+00   4.1055513e+00   6.5207973e+00   1.1420165e+01   1.3354960e+01   1.5902922e+01   9.6787799e+00   9.4442719e+00   1.6445219e+01   1.2757651e+01   1.2593387e+01   1.0807764e+01   1.1813708e+01   1.2603718e+01   1.0500000e+01   1.3813527e+01   1.2384864e+01   1.0361541e+01   1.3624405e+01   1.3624405e+01
   9.4022469e+00   2.4211811e+01   8.0000000e+00   2.0500000e+01   2.5500000e+01   2.1713203e+01   1.8700275e+01   2.4552027e+01   0.0000000e+00   1.3000000e+01   1.8177670e+01   1.3247549e+01   2.2005813e+01   3.2515621e+01   3.0707615e+01   3.0603986e+01   2.9654759e+01   2.0655644e+01   2.0500000e+01   6.0901699e+00   2.1115528e+01   2.5995098e+01   2.8000000e+01   1.3962912e+01   2.1115528e+01   1.6311388e+01   1.4642136e+01   1.3962912e+01   1.0562306e+01   8.0000000e+00   1.3149111e+01   1.1465856e+01   4.6231056e+00   6.0901699e+00   5.2169906e+00   2.7000000e+01   2.7075365e+01   3.7665172e+01   2.4629857e+01   1.9539433e+01   2.7785527e+01   2.9070089e+01   3.3184094e+01   3.2327661e+01   2.7356098e+01   2.7670756e+01   2.4084953e+01   2.1877558e+01   2.5324383e+01   8.1321688e+00   3.6622777e+00   1.6878339e+01   1.7566048e+01   1.6032225e+01   1.9427493e+01   2.4520824e+01   2.7112967e+01   1.9974342e+01   2.5258837e+01   2.3521729e+01   2.8540150e+01   1.6032225e+01   1.5205441e+01   2.2231314e+01   9.6923882e+00   7.6589105e+00   2.8646936e+01   1.1011898e+01   1.1601802e+01   9.7195445e+00   4.6231056e+00   2.2860680e+01   2.2692341e+01   2.4426972e+01   2.5182990e+01   9.9868330e+00   9.0586214e+00   5.5000000e+00   6.5827625e+00   1.2010864e+01   3.5000000e+00   2.1529741e+01   2.4005319e+01   2.6848624e+01   2.7725907e+01   3.3534073e+01   2.5464975e+01   1.5541609e+01   1.9644190e+01   1.3000000e+01   2.9140007e+01   2.5664459e+01   2.6311819e+01   2.2465883e+01   2.3930749e+01   2.3834524e+01   2.5101829e+01   2.7037709e+01   2.4897746e+01   2.8486604e+01   1.6507811e+01
   8.2781746e+00   2.2144861e+01   1.5077380e+01   2.4084953e+01   1.7270510e+01   1.5706906e+01   7.5710678e+00   1.3624405e+01   1.3000000e+01   0.0000000e+00   6.0901699e+00   1.6507811e+01   1.8000000e+01   2.6600766e+01   2.8000000e+01   2.2860680e+01   2.0025624e+01   1.1680340e+01   8.0000000e+00   8.4056942e+00   2.1860009e+01   2.6600766e+01   3.0707615e+01   2.2005813e+01   2.7075365e+01   1.7270510e+01   1.0807764e+01   1.3247549e+01   1.9735384e+01   5.5000000e+00   4.5311289e+00   5.6478151e+00   1.2675796e+01   1.8177670e+01   1.7188319e+01   1.4500000e+01   2.1115528e+01   3.0707615e+01   2.8801943e+01   1.8700275e+01   2.7670756e+01   2.4686773e+01   2.9214108e+01   2.5384734e+01   1.6778821e+01   1.5731546e+01   1.1680340e+01   9.8941471e+00   1.3149111e+01   1.1200467e+01   1.0052487e+01   9.1313383e+00   1.5416434e+01   2.1054805e+01   2.5289111e+01   2.7112967e+01   2.4520824e+01   1.7762677e+01   1.9053975e+01   1.5034442e+01   2.0624612e+01   3.6622777e+00   5.2434165e+00   1.1835784e+01   1.8617671e+01   1.2010864e+01   3.3643627e+01   1.7210775e+01   7.8824115e+00   4.5311289e+00   1.4580128e+01   2.4084953e+01   2.3110838e+01   2.5324383e+01   2.6777367e+01   1.3586252e+01   1.4800350e+01   1.6507811e+01   1.5273287e+01   1.7856555e+01   1.3354960e+01   1.0424717e+01   1.4508926e+01   1.7834936e+01   2.0748457e+01   2.5198178e+01   2.1523796e+01   4.9721360e+00   1.3158989e+01   4.0355339e+00   2.2328880e+01   1.9916488e+01   1.9473666e+01   1.7120770e+01   1.8672782e+01   1.7477927e+01   2.0159603e+01   2.0760800e+01   1.8220045e+01   2.2340330e+01   1.3247549e+01
   1.3700379e+01   2.5644582e+01   2.0655644e+01   2.9004386e+01   1.8177670e+01   1.8177670e+01   8.0000000e+00   1.2583046e+01   1.8177670e+01   6.0901699e+00   0.0000000e+00   2.1713203e+01   2.1115528e+01   2.8113403e+01   3.0913813e+01   2.3548861e+01   1.9539433e+01   1.3000000e+01   4.0355339e+00   1.3000000e+01   2.6239075e+01   3.0707615e+01   3.5231110e+01   2.7541635e+01   3.2319805e+01   2.2005813e+01   1.5077380e+01   1.8000000e+01   2.5324383e+01   1.0807764e+01   9.0146932e+00   8.2620873e+00   1.8234148e+01   2.3548861e+01   2.2000000e+01   9.8407708e+00   2.3000000e+01   3.1423292e+01   3.3700151e+01   2.2860680e+01   3.1516125e+01   2.7075365e+01   3.1536269e+01   2.6394015e+01   1.5706906e+01   1.2879418e+01   8.0000000e+00   7.8824115e+00   7.6589105e+00   1.6724981e+01   1.5416434e+01   1.2043396e+01   1.9506578e+01   2.6311819e+01   3.0554118e+01   3.1716983e+01   2.7670756e+01   2.1577239e+01   2.1006097e+01   1.6072412e+01   2.1386599e+01   4.5311289e+00   4.5311289e+00   7.0000000e+00   2.2340330e+01   1.5541609e+01   3.8608398e+01   2.2703603e+01   1.2879418e+01   1.0117692e+01   1.9060711e+01   2.8473201e+01   2.7332816e+01   2.9568884e+01   3.1147186e+01   1.9006756e+01   2.0330532e+01   2.2005813e+01   2.0859273e+01   2.3303509e+01   1.8843936e+01   9.8407708e+00   1.4817821e+01   1.8085505e+01   2.2092823e+01   2.5324383e+01   2.4337995e+01   7.6589105e+00   1.5797059e+01   6.0901699e+00   2.3635471e+01   2.2023243e+01   2.1024376e+01   1.9735384e+01   2.1151876e+01   1.9526298e+01   2.2641590e+01   2.2505681e+01   2.0000000e+01   2.4021267e+01   1.7270510e+01
   8.8216585e+00   1.2215375e+01   6.0901699e+00   8.4056942e+00   1.8177670e+01   1.3247549e+01   1.7270510e+01   2.0896078e+01   1.3247549e+01   1.6507811e+01   2.1713203e+01   0.0000000e+00   1.1680340e+01   2.2005813e+01   1.8527756e+01   2.1860009e+01   2.3138463e+01   1.5706906e+01   2.2005813e+01   1.5706906e+01   8.4056942e+00   1.3247549e+01   1.5706906e+01   8.0000000e+00   1.1106602e+01   4.0355339e+00   8.4056942e+00   5.1097722e+00   8.3262379e+00   1.3962912e+01   1.3247549e+01   1.9080904e+01   9.1313383e+00   1.3000000e+01   1.6847783e+01   2.7560118e+01   1.7270510e+01   2.7541635e+01   1.3039936e+01   7.5710678e+00   1.5060220e+01   1.7856555e+01   2.1434421e+01   2.2647235e+01   2.2551077e+01   2.5364634e+01   2.3978714e+01   2.0859273e+01   2.8000000e+01   6.6846584e+00   1.2010864e+01   1.2675796e+01   7.3007353e+00   5.1097722e+00   9.3459030e+00   1.2097414e+01   1.5103082e+01   8.8216585e+00   1.6008062e+01   1.7007574e+01   2.0280040e+01   1.7856555e+01   2.1024376e+01   2.7835874e+01   2.2340330e+01   1.9506578e+01   1.7740940e+01   4.1055513e+00   9.3459030e+00   1.2849089e+01   1.7367128e+01   1.0117692e+01   9.9868330e+00   1.1680340e+01   1.2510412e+01   4.0355339e+00   4.7720019e+00   1.0624228e+01   7.8824115e+00   3.6622777e+00   1.0323441e+01   1.9000000e+01   1.8527756e+01   2.0102296e+01   1.8700275e+01   2.5020400e+01   1.4401439e+01   1.5205441e+01   1.2500000e+01   1.9107794e+01   1.9741881e+01   1.5935349e+01   1.7418924e+01   1.3149111e+01   1.4156500e+01   1.5060220e+01   1.4826549e+01   1.7507351e+01   1.6160460e+01   1.8617671e+01   8.0000000e+00
   1.3700379e+01   5.2169906e+00   1.6507811e+01   1.3247549e+01   8.4056942e+00   4.0355339e+00   1.3962912e+01   1.3953624e+01   2.2005813e+01   1.8000000e+01   2.1115528e+01   1.1680340e+01   0.0000000e+00   1.1106602e+01   1.0500000e+01   1.0807764e+01   1.3247549e+01   9.5138782e+00   1.9539433e+01   2.1860009e+01   8.4056942e+00   1.1106602e+01   1.6507811e+01   1.8700275e+01   1.8177670e+01   8.4056942e+00   8.4056942e+00   8.6394103e+00   1.9506578e+01   1.8700275e+01   1.4009256e+01   2.2641590e+01   1.8234148e+01   2.3548861e+01   2.6427784e+01   2.2910935e+01   6.0901699e+00   1.6507811e+01   1.6847783e+01   5.5000000e+00   1.1316654e+01   7.6589105e+00   1.2043396e+01   1.1477249e+01   1.4147344e+01   1.8617671e+01   1.9506578e+01   1.6453056e+01   2.5122145e+01   1.4401439e+01   1.9539433e+01   9.6241438e+00   5.1097722e+00   1.4147344e+01   1.7030275e+01   1.3709845e+01   7.0764732e+00   3.5413813e+00   5.0276926e+00   8.4056942e+00   9.5138782e+00   1.7270510e+01   2.2551077e+01   2.7560118e+01   3.1028675e+01   2.6311819e+01   2.1529741e+01   1.5264823e+01   1.2043396e+01   1.6390249e+01   2.5887005e+01   1.0117692e+01   8.5622577e+00   1.0500000e+01   1.2300424e+01   1.3247549e+01   1.5103082e+01   2.1054805e+01   1.8234148e+01   1.4817821e+01   1.9644190e+01   1.3813527e+01   1.0500000e+01   1.0462429e+01   7.6589105e+00   1.3962912e+01   4.1400549e+00   1.4147344e+01   5.8851648e+00   2.1505952e+01   8.5777472e+00   4.7720019e+00   6.5207973e+00   2.7360680e+00   3.0495098e+00   4.6231056e+00   3.7015621e+00   6.3523500e+00   5.5249378e+00   7.4462220e+00   6.0901699e+00
   2.3936083e+01   1.1094810e+01   2.7075365e+01   2.1115528e+01   1.0500000e+01   1.1680340e+01   2.0655644e+01   1.7188319e+01   3.2515621e+01   2.6600766e+01   2.8113403e+01   2.2005813e+01   1.1106602e+01   0.0000000e+00   8.4056942e+00   6.0901699e+00   1.1680340e+01   1.5706906e+01   2.5500000e+01   3.1824910e+01   1.6311388e+01   1.5500000e+01   2.0655644e+01   2.8450850e+01   2.5995098e+01   1.8527756e+01   1.8527756e+01   1.9241665e+01   2.9761750e+01   2.8450850e+01   2.2972205e+01   3.1648836e+01   2.8819605e+01   3.4134060e+01   3.7000000e+01   2.6331183e+01   6.0901699e+00   6.0901699e+00   2.3022211e+01   1.5077380e+01   1.4083078e+01   5.1097722e+00   5.8150729e+00   3.3284271e+00   1.5205441e+01   2.0581086e+01   2.3764780e+01   2.1523796e+01   2.9847061e+01   2.4959150e+01   2.9910882e+01   1.8057050e+01   1.5706906e+01   2.3548861e+01   2.5364634e+01   1.9526298e+01   9.0586214e+00   1.3700379e+01   8.1157731e+00   1.2541595e+01   7.6589105e+00   2.4918231e+01   3.0603986e+01   3.4000000e+01   4.1420655e+01   3.6294553e+01   2.6619916e+01   2.5609759e+01   2.2023243e+01   2.5995098e+01   3.6305028e+01   1.6778821e+01   1.5416434e+01   1.6072412e+01   1.7507351e+01   2.3845235e+01   2.5664459e+01   3.1644823e+01   2.8819605e+01   2.5045875e+01   3.0232137e+01   1.9000000e+01   1.4009256e+01   1.1188779e+01   6.5207973e+00   7.3007353e+00   8.1321688e+00   2.2208293e+01   1.4156500e+01   3.0101520e+01   5.0000000e+00   7.4462220e+00   7.6589105e+00   1.0624228e+01   9.1023253e+00   9.6923882e+00   7.9330344e+00   6.3523500e+00   8.8815273e+00   4.7720019e+00   1.6507811e+01
   2.3177081e+01   7.0000000e+00   2.4084953e+01   1.5077380e+01   1.5077380e+01   1.3247549e+01   2.3548861e+01   2.1970911e+01   3.0707615e+01   2.8000000e+01   3.0913813e+01   1.8527756e+01   1.0500000e+01   8.4056942e+00   0.0000000e+00   1.3000000e+01   1.8177670e+01   1.8700275e+01   2.9004386e+01   3.1423292e+01   1.1106602e+01   8.4056942e+00   1.3000000e+01   2.3548861e+01   1.9539433e+01   1.5077380e+01   1.8177670e+01   1.7418924e+01   2.5624689e+01   2.8450850e+01   2.4005319e+01   3.2597508e+01   2.6662951e+01   3.1016389e+01   3.4738137e+01   3.1358548e+01   9.5138782e+00   1.3000000e+01   1.5902922e+01   1.1680340e+01   6.5827625e+00   5.1097722e+00   4.1400549e+00   1.1011898e+01   2.0902206e+01   2.6156383e+01   2.8271388e+01   2.5489998e+01   3.4208308e+01   2.3155022e+01   2.8651377e+01   1.9559119e+01   1.3962912e+01   1.8562392e+01   1.9294946e+01   1.2520815e+01   4.1400549e+00   1.1420165e+01   1.1011898e+01   1.6390249e+01   1.3586252e+01   2.7169271e+01   3.2535137e+01   3.7272952e+01   3.9895431e+01   3.5802266e+01   1.9000000e+01   2.1900935e+01   2.1789669e+01   2.6239075e+01   3.4770979e+01   1.0624228e+01   9.7195445e+00   9.4442719e+00   1.0462429e+01   2.1296634e+01   2.2709232e+01   2.8651377e+01   2.5887005e+01   2.1115528e+01   2.8004545e+01   2.2799103e+01   1.8388544e+01   1.6601242e+01   1.1511358e+01   1.5034442e+01   7.0764732e+00   2.4084953e+01   1.5632746e+01   3.1504032e+01   1.0759142e+01   9.8941471e+00   1.1736103e+01   1.1680340e+01   1.0323441e+01   1.2204700e+01   8.8815273e+00   1.0208244e+01   1.2129703e+01   9.3459030e+00   1.5706906e+01
   2.1724985e+01   1.3089678e+01   2.6239075e+01   2.3000000e+01   6.0901699e+00   9.5138782e+00   1.6311388e+01   1.2000000e+01   3.0603986e+01   2.2860680e+01   2.3548861e+01   2.1860009e+01   1.0807764e+01   6.0901699e+00   1.3000000e+01   0.0000000e+00   6.0901699e+00   1.1680340e+01   2.0655644e+01   2.9004386e+01   1.8000000e+01   1.8700275e+01   2.4217082e+01   2.9004386e+01   2.8000000e+01   1.8700275e+01   1.6507811e+01   1.8177670e+01   2.9654759e+01   2.5500000e+01   1.9637659e+01   2.8004545e+01   2.7300187e+01   3.3096012e+01   3.5263487e+01   2.0896078e+01   5.5000000e+00   8.4056942e+00   2.5817978e+01   1.5706906e+01   1.7769916e+01   8.5622577e+00   1.1200467e+01   3.5413813e+00   9.7195445e+00   1.5060220e+01   1.8527756e+01   1.6570159e+01   2.4583189e+01   2.3401965e+01   2.7725907e+01   1.4800350e+01   1.5077380e+01   2.4426972e+01   2.7042419e+01   2.2368928e+01   1.2204700e+01   1.3841664e+01   6.3523500e+00   8.3262379e+00   2.7360680e+00   2.0748457e+01   2.6432605e+01   2.9109439e+01   3.9077843e+01   3.3401368e+01   2.9970324e+01   2.5384734e+01   1.9591883e+01   2.3000000e+01   3.4089433e+01   1.9107794e+01   1.7566048e+01   1.8837121e+01   2.0512496e+01   2.2888613e+01   2.4882371e+01   3.0603986e+01   2.7854159e+01   2.5020400e+01   2.8700177e+01   1.4229530e+01   9.2321246e+00   6.0226805e+00   3.6622777e+00   3.6622777e+00   9.5553851e+00   1.8388544e+01   1.1465856e+01   2.6239075e+01   3.0495098e+00   6.5827625e+00   4.9721360e+00   9.2321246e+00   8.2620873e+00   7.4462220e+00   8.0166482e+00   5.0276926e+00   6.3309519e+00   4.6231056e+00   1.5077380e+01
   2.0853132e+01   1.6847783e+01   2.6600766e+01   2.5995098e+01   5.5000000e+00   1.0500000e+01   1.3000000e+01   7.4641941e+00   2.9654759e+01   2.0025624e+01   1.9539433e+01   2.3138463e+01   1.3247549e+01   1.1680340e+01   1.8177670e+01   6.0901699e+00   0.0000000e+00   9.5138782e+00   1.6311388e+01   2.7075365e+01   2.1115528e+01   2.2860680e+01   2.8450850e+01   3.0603986e+01   3.0913813e+01   2.0500000e+01   1.6311388e+01   1.8837121e+01   3.0603986e+01   2.3548861e+01   1.7529386e+01   2.5101829e+01   2.6900758e+01   3.3000000e+01   3.4371079e+01   1.5574813e+01   9.5138782e+00   1.3000000e+01   2.9435273e+01   1.8177670e+01   2.2283021e+01   1.3586252e+01   1.6724981e+01   9.0440037e+00   4.5311289e+00   9.6241438e+00   1.3586252e+01   1.2204700e+01   1.9506578e+01   2.3155022e+01   2.6576810e+01   1.3276932e+01   1.6507811e+01   2.6504807e+01   2.9710443e+01   2.6132011e+01   1.6724981e+01   1.6128500e+01   9.0440037e+00   6.8245553e+00   5.1097722e+00   1.7418924e+01   2.2888613e+01   2.4526028e+01   3.7439139e+01   3.1261177e+01   3.3925290e+01   2.6394015e+01   1.8617671e+01   2.1115528e+01   3.2702484e+01   2.2635944e+01   2.1054805e+01   2.2692341e+01   2.4463514e+01   2.3303509e+01   2.5364634e+01   3.0583218e+01   2.8013633e+01   2.6239075e+01   2.8230849e+01   1.0361541e+01   6.2008771e+00   3.5413813e+00   7.3007353e+00   6.5207973e+00   1.3471122e+01   1.5706906e+01   1.1293517e+01   2.3110838e+01   7.9330344e+00   9.8941471e+00   7.6589105e+00   1.1106602e+01   1.0940307e+01   9.1313383e+00   1.1465856e+01   8.8216585e+00   8.2620873e+00   9.3459030e+00   1.5706906e+01
   1.1923660e+01   1.4229530e+01   1.8177670e+01   2.0655644e+01   6.0901699e+00   6.0901699e+00   5.5000000e+00   5.7201533e+00   2.0655644e+01   1.1680340e+01   1.3000000e+01   1.5706906e+01   9.5138782e+00   1.5706906e+01   1.8700275e+01   1.1680340e+01   9.5138782e+00   0.0000000e+00   1.0807764e+01   1.8177670e+01   1.6507811e+01   2.0025624e+01   2.5248737e+01   2.3138463e+01   2.5122145e+01   1.3962912e+01   8.0000000e+00   1.1106602e+01   2.2522716e+01   1.4642136e+01   8.6394103e+00   1.6824828e+01   1.8057050e+01   2.4217082e+01   2.5369660e+01   1.3953624e+01   1.0500000e+01   1.9539433e+01   2.4913111e+01   1.3000000e+01   2.0330532e+01   1.4642136e+01   1.9060711e+01   1.4256816e+01   7.5710678e+00   1.0348858e+01   1.0500000e+01   7.4462220e+00   1.6152476e+01   1.4446326e+01   1.7566048e+01   4.3078866e+00   1.0117692e+01   1.9800259e+01   2.3619256e+01   2.2139085e+01   1.5731546e+01   1.1130146e+01   8.5156098e+00   3.8541020e+00   9.4442719e+00   9.7195445e+00   1.5416434e+01   1.9168155e+01   2.8486604e+01   2.2465883e+01   2.9800171e+01   1.8506943e+01   9.6923882e+00   1.2172618e+01   2.3700216e+01   1.8562392e+01   1.7120770e+01   1.9241665e+01   2.1006097e+01   1.5034442e+01   1.7068042e+01   2.1860009e+01   1.9427493e+01   1.8562392e+01   1.9348077e+01   4.8011626e+00   3.8541020e+00   6.8639610e+00   9.7195445e+00   1.4101471e+01   1.2204700e+01   7.2082039e+00   4.4051248e+00   1.5077380e+01   1.1293517e+01   9.5553851e+00   8.5622577e+00   7.6589105e+00   8.8815273e+00   7.0764732e+00   1.0323441e+01   1.0013149e+01   7.5000000e+00   1.1545361e+01   8.4056942e+00
   1.4615594e+01   2.4211811e+01   2.1860009e+01   2.8784271e+01   1.5500000e+01   1.6311388e+01   6.0901699e+00   9.3600226e+00   2.0500000e+01   8.0000000e+00   4.0355339e+00   2.2005813e+01   1.9539433e+01   2.5500000e+01   2.9004386e+01   2.0655644e+01   1.6311388e+01   1.0807764e+01   0.0000000e+00   1.5706906e+01   2.5500000e+01   2.9654759e+01   3.4503676e+01   2.8450850e+01   3.2515621e+01   2.1713203e+01   1.4642136e+01   1.7856555e+01   2.6600766e+01   1.3000000e+01   9.4442719e+00   1.1465856e+01   1.9916488e+01   2.5624689e+01   2.4629857e+01   7.0000000e+00   2.0655644e+01   2.8450850e+01   3.3397568e+01   2.2005813e+01   3.0240545e+01   2.4918231e+01   2.9279333e+01   2.3586793e+01   1.2384864e+01   9.3459030e+00   4.5311289e+00   4.6231056e+00   6.5207973e+00   1.7769916e+01   1.7529386e+01   1.0904326e+01   1.8700275e+01   2.6600766e+01   3.0802640e+01   3.1110456e+01   2.5960754e+01   2.0481241e+01   1.8748288e+01   1.3538405e+01   1.8562392e+01   5.1097722e+00   8.0000000e+00   9.0000000e+00   2.5489998e+01   1.8700275e+01   3.8345079e+01   2.3532586e+01   1.3276932e+01   1.1680340e+01   2.1877558e+01   2.7702941e+01   2.6432605e+01   2.8651377e+01   3.0320295e+01   1.9735384e+01   2.1314658e+01   2.3845235e+01   2.2340330e+01   2.4005319e+01   2.0723748e+01   7.0000000e+00   1.2010864e+01   1.5137281e+01   1.9506578e+01   2.2208293e+01   2.2482948e+01   7.3007353e+00   1.4156500e+01   9.2321246e+00   2.1000000e+01   1.9819679e+01   1.8562392e+01   1.7892527e+01   1.9181542e+01   1.7367128e+01   2.0630822e+01   2.0102296e+01   1.7682840e+01   2.1553503e+01   1.6507811e+01
   8.7462113e+00   2.5015301e+01   1.1680340e+01   2.3548861e+01   2.3548861e+01   2.0655644e+01   1.5077380e+01   2.1170027e+01   6.0901699e+00   8.4056942e+00   1.3000000e+01   1.5706906e+01   2.1860009e+01   3.1824910e+01   3.1423292e+01   2.9004386e+01   2.7075365e+01   1.8177670e+01   1.5706906e+01   0.0000000e+00   2.3000000e+01   2.8000000e+01   3.0913813e+01   1.8527756e+01   2.5122145e+01   1.8000000e+01   1.3962912e+01   1.4642136e+01   1.5416434e+01   4.0355339e+00   1.0052487e+01   5.8851648e+00   8.1321688e+00   1.1680340e+01   9.5000000e+00   2.2144861e+01   2.6239075e+01   3.6555513e+01   2.8040879e+01   2.0655644e+01   2.9538767e+01   2.9004386e+01   3.3393768e+01   3.1147186e+01   2.4217082e+01   2.3619256e+01   1.9539433e+01   1.7769916e+01   2.0057607e+01   9.5553851e+00   4.5311289e+00   1.4712670e+01   1.7964249e+01   1.9473666e+01   2.3347319e+01   2.7300187e+01   2.7785527e+01   2.0512496e+01   2.4253947e+01   2.1386599e+01   2.6815395e+01   1.1567972e+01   9.7195445e+00   1.6655494e+01   1.0904326e+01   4.9721360e+00   3.2453091e+01   1.4615594e+01   1.0348858e+01   6.5207973e+00   6.6846584e+00   2.5020400e+01   2.4505208e+01   2.6504807e+01   2.7573973e+01   1.2172618e+01   1.2204700e+01   1.0807764e+01   1.0904326e+01   1.5541609e+01   7.9330344e+00   1.7992856e+01   2.1386599e+01   2.4541631e+01   2.6432605e+01   3.1684932e+01   2.5489998e+01   1.2010864e+01   1.8255281e+01   7.5710678e+00   2.7959060e+01   2.4882371e+01   2.5045875e+01   2.1742646e+01   2.3308989e+01   2.2709232e+01   2.4666092e+01   2.6053865e+01   2.3662470e+01   2.7601660e+01   1.6311388e+01
   1.5137281e+01   5.7201533e+00   1.3962912e+01   5.5000000e+00   1.6311388e+01   1.1680340e+01   2.0025624e+01   2.1440392e+01   2.1115528e+01   2.1860009e+01   2.6239075e+01   8.4056942e+00   8.4056942e+00   1.6311388e+01   1.1106602e+01   1.8000000e+01   2.1115528e+01   1.6507811e+01   2.5500000e+01   2.3000000e+01   0.0000000e+00   5.5000000e+00   9.5138782e+00   1.3000000e+01   1.0500000e+01   5.5000000e+00   1.1680340e+01   9.2321246e+00   1.5034442e+01   2.0655644e+01   1.7964249e+01   2.5505000e+01   1.6992423e+01   2.0655644e+01   2.4733242e+01   2.9864094e+01   1.3000000e+01   2.1860009e+01   9.0000000e+00   4.0355339e+00   7.1708320e+00   1.1736103e+01   1.4401439e+01   1.7762677e+01   2.1976732e+01   2.6156383e+01   2.6311819e+01   2.3127417e+01   3.1423292e+01   1.4036986e+01   1.9604973e+01   1.5103082e+01   7.3007353e+00   8.0000000e+00   9.6241438e+00   6.1568542e+00   8.1321688e+00   5.9083269e+00   1.2665525e+01   1.6152476e+01   1.7120770e+01   2.2208293e+01   2.6600766e+01   3.2706366e+01   3.0240545e+01   2.7075365e+01   1.3813527e+01   1.1477249e+01   1.4580128e+01   1.8939089e+01   2.5238634e+01   2.7360680e+00   2.0811388e+00   4.0355339e+00   5.4244289e+00   1.1680340e+01   1.2675796e+01   1.8388544e+01   1.5731546e+01   1.0624228e+01   1.8220045e+01   2.0680436e+01   1.8177670e+01   1.8367568e+01   1.5034442e+01   2.1024376e+01   9.0586214e+00   1.9107794e+01   1.2603718e+01   2.5020400e+01   1.5508331e+01   1.2043396e+01   1.4147344e+01   1.0624228e+01   1.0698039e+01   1.2520815e+01   1.0512492e+01   1.3509612e+01   1.3354960e+01   1.4036986e+01   9.5138782e+00
   2.0102296e+01   6.6032778e+00   1.8700275e+01   7.5710678e+00   1.8527756e+01   1.4642136e+01   2.4084953e+01   2.4552027e+01   2.5995098e+01   2.6600766e+01   3.0707615e+01   1.3247549e+01   1.1106602e+01   1.5500000e+01   8.4056942e+00   1.8700275e+01   2.2860680e+01   2.0025624e+01   2.9654759e+01   2.8000000e+01   5.5000000e+00   0.0000000e+00   6.0901699e+00   1.6507811e+01   1.1680340e+01   1.0500000e+01   1.6311388e+01   1.4147344e+01   1.9107794e+01   2.5624689e+01   2.2635944e+01   3.0420729e+01   2.1877558e+01   2.5122145e+01   2.9435273e+01   3.3473474e+01   1.3962912e+01   2.0655644e+01   8.0663730e+00   8.4056942e+00   2.6213203e+00   1.1047512e+01   1.2043396e+01   1.7617243e+01   2.4505208e+01   2.9192333e+01   3.0016944e+01   2.6900758e+01   3.5446388e+01   1.9027007e+01   2.4583189e+01   1.9294946e+01   1.1736103e+01   1.1736103e+01   1.1601802e+01   4.6231056e+00   7.0764732e+00   9.6787799e+00   1.4392444e+01   1.8939089e+01   1.8423448e+01   2.6696374e+01   3.1342341e+01   3.7204904e+01   3.5061539e+01   3.2063428e+01   1.1780514e+01   1.6008062e+01   1.9427493e+01   2.3845235e+01   3.0114186e+01   3.6622777e+00   4.0355339e+00   2.0811388e+00   2.5615528e+00   1.6624515e+01   1.7477927e+01   2.2972205e+01   2.0424859e+01   1.5077380e+01   2.3061028e+01   2.4317011e+01   2.1054805e+01   2.0481241e+01   1.6192355e+01   2.1386599e+01   9.8941471e+00   2.3548861e+01   1.6200318e+01   2.9847061e+01   1.6160460e+01   1.3471122e+01   1.5706906e+01   1.3247549e+01   1.2706556e+01   1.4800350e+01   1.1912712e+01   1.4615594e+01   1.5340822e+01   1.4580128e+01   1.3962912e+01
   2.3586793e+01   1.2161904e+01   2.0500000e+01   8.0000000e+00   2.4084953e+01   2.0025624e+01   2.9004386e+01   2.9949109e+01   2.8000000e+01   3.0707615e+01   3.5231110e+01   1.5706906e+01   1.6507811e+01   2.0655644e+01   1.3000000e+01   2.4217082e+01   2.8450850e+01   2.5248737e+01   3.4503676e+01   3.0913813e+01   9.5138782e+00   6.0901699e+00   0.0000000e+00   1.6311388e+01   9.5138782e+00   1.3962912e+01   2.0655644e+01   1.7964249e+01   1.9539433e+01   2.9004386e+01   2.6886550e+01   3.4026109e+01   2.4021267e+01   2.5995098e+01   3.0765492e+01   3.8690313e+01   1.9539433e+01   2.5500000e+01   4.8011626e+00   1.3000000e+01   7.0764732e+00   1.6390249e+01   1.6531220e+01   2.2955512e+01   3.0038111e+01   3.4624771e+01   3.5177082e+01   3.2015869e+01   4.0406140e+01   2.1877558e+01   2.7169271e+01   2.4100847e+01   1.6311388e+01   1.2541595e+01   1.0348858e+01   4.1400549e+00   1.2520815e+01   1.4659802e+01   1.9974342e+01   2.4400837e+01   2.4005319e+01   3.1200163e+01   3.5428498e+01   4.1682521e+01   3.6669739e+01   3.4632096e+01   6.5000000e+00   1.7507351e+01   2.3347319e+01   2.7541635e+01   3.2015869e+01   7.3007353e+00   8.6394103e+00   6.5207973e+00   4.7426407e+00   1.9241665e+01   1.9526298e+01   2.4190715e+01   2.2023243e+01   1.6507811e+01   2.5000000e+01   2.9500000e+01   2.6504807e+01   2.6053865e+01   2.1772047e+01   2.6815395e+01   1.5483324e+01   2.8113403e+01   2.1362646e+01   3.3741540e+01   2.1689620e+01   1.9060711e+01   2.1296634e+01   1.8700275e+01   1.8255281e+01   2.0330532e+01   1.7500000e+01   2.0197716e+01   2.0908332e+01   2.0108672e+01   1.8527756e+01
   1.4392444e+01   1.7992856e+01   7.5710678e+00   9.5138782e+00   2.5624689e+01   2.0655644e+01   2.4217082e+01   2.8289386e+01   1.3962912e+01   2.2005813e+01   2.7541635e+01   8.0000000e+00   1.8700275e+01   2.8450850e+01   2.3548861e+01   2.9004386e+01   3.0603986e+01   2.3138463e+01   2.8450850e+01   1.8527756e+01   1.3000000e+01   1.6507811e+01   1.6311388e+01   0.0000000e+00   8.0000000e+00   1.0807764e+01   1.5706906e+01   1.2541595e+01   4.0355339e+00   1.8177670e+01   1.9506578e+01   2.3171568e+01   1.0904326e+01   1.0500000e+01   1.5533296e+01   3.4389526e+01   2.4217082e+01   3.4041020e+01   1.2268602e+01   1.3962912e+01   1.8617671e+01   2.4005319e+01   2.6900758e+01   2.9469812e+01   3.0038111e+01   3.2663644e+01   3.0872685e+01   2.7854159e+01   3.4300888e+01   1.1316654e+01   1.4508926e+01   1.9916488e+01   1.4642136e+01   5.5000000e+00   6.5827625e+00   1.3471122e+01   2.0612185e+01   1.5682226e+01   2.3177081e+01   2.4505208e+01   2.7564737e+01   2.4005319e+01   2.5995098e+01   3.3149655e+01   2.1553503e+01   2.1115528e+01   1.5533296e+01   5.4244289e+00   1.5731546e+01   1.8000000e+01   1.7477927e+01   1.3586252e+01   1.4329317e+01   1.5034442e+01   1.4922205e+01   9.2321246e+00   7.7111026e+00   9.2321246e+00   8.1321688e+00   5.1097722e+00   1.1235455e+01   2.6209920e+01   2.6019600e+01   2.7573973e+01   2.5847584e+01   3.2162280e+01   2.0859273e+01   2.1772047e+01   2.0000000e+01   2.3845235e+01   2.6748809e+01   2.2961077e+01   2.4635037e+01   2.0406029e+01   2.1242469e+01   2.2368928e+01   2.1689620e+01   2.4541631e+01   2.3445588e+01   2.5489998e+01   1.5500000e+01
   1.9321530e+01   1.5574813e+01   1.3962912e+01   5.5000000e+00   2.5995098e+01   2.1115528e+01   2.7541635e+01   3.0307717e+01   2.1115528e+01   2.7075365e+01   3.2319805e+01   1.1106602e+01   1.8177670e+01   2.5995098e+01   1.9539433e+01   2.8000000e+01   3.0913813e+01   2.5122145e+01   3.2515621e+01   2.5122145e+01   1.0500000e+01   1.1680340e+01   9.5138782e+00   8.0000000e+00   0.0000000e+00   1.1680340e+01   1.8527756e+01   1.5205441e+01   1.1511358e+01   2.4084953e+01   2.3845235e+01   2.9227165e+01   1.7588007e+01   1.8000000e+01   2.3022211e+01   3.7812866e+01   2.3000000e+01   3.1423292e+01   5.2169906e+00   1.3247549e+01   1.3709845e+01   2.1386599e+01   2.3155022e+01   2.7666155e+01   3.1342341e+01   3.4971002e+01   3.4208308e+01   3.1028675e+01   3.8529594e+01   1.6724981e+01   2.1115528e+01   2.2709232e+01   1.5541609e+01   6.5207973e+00   2.3027756e+00   7.7111026e+00   1.7477927e+01   1.5307093e+01   2.2590722e+01   2.5500000e+01   2.7075365e+01   2.8450850e+01   3.1504032e+01   3.8411080e+01   2.9039446e+01   2.8181221e+01   8.0663730e+00   1.1011898e+01   1.9948650e+01   2.3303509e+01   2.4831050e+01   9.7195445e+00   1.1106602e+01   1.0624228e+01   9.6787799e+00   1.4101471e+01   1.3471122e+01   1.6624515e+01   1.5060220e+01   1.0117692e+01   1.8220045e+01   2.8912145e+01   2.7379360e+01   2.8054491e+01   2.5020400e+01   3.1016389e+01   1.9027007e+01   2.5723997e+01   2.1392582e+01   2.9504310e+01   2.5505000e+01   2.2023243e+01   2.4084953e+01   2.0311613e+01   2.0599751e+01   2.2283021e+01   2.0506249e+01   2.3505434e+01   2.3199119e+01   2.4021267e+01   1.7270510e+01
   1.0208244e+01   8.7006097e+00   9.5138782e+00   7.5710678e+00   1.5500000e+01   1.0500000e+01   1.6507811e+01   1.9168155e+01   1.6311388e+01   1.7270510e+01   2.2005813e+01   4.0355339e+00   8.4056942e+00   1.8527756e+01   1.5077380e+01   1.8700275e+01   2.0500000e+01   1.3962912e+01   2.1713203e+01   1.8000000e+01   5.5000000e+00   1.0500000e+01   1.3962912e+01   1.0807764e+01   1.1680340e+01   0.0000000e+00   7.5710678e+00   4.5311289e+00   1.1736103e+01   1.5706906e+01   1.3538405e+01   2.0630822e+01   1.2204700e+01   1.6507811e+01   2.0178669e+01   2.6715453e+01   1.3962912e+01   2.4084953e+01   1.2215375e+01   4.0355339e+00   1.2097414e+01   1.4329317e+01   1.7914075e+01   1.9288294e+01   2.0406029e+01   2.3807724e+01   2.3110838e+01   1.9916488e+01   2.7725907e+01   9.0586214e+00   1.4642136e+01   1.1601802e+01   4.5311289e+00   6.5207973e+00   1.0156604e+01   1.0348858e+01   1.1601802e+01   5.4244289e+00   1.2869317e+01   1.4642136e+01   1.7270510e+01   1.8000000e+01   2.1976732e+01   2.8379204e+01   2.5489998e+01   2.2092823e+01   1.7150826e+01   7.6063352e+00   9.8941471e+00   1.4101471e+01   2.0424859e+01   7.5710678e+00   7.0192024e+00   9.0146932e+00   1.0208244e+01   6.8245553e+00   8.1321688e+00   1.4101471e+01   1.1316654e+01   7.0192024e+00   1.3500000e+01   1.7740940e+01   1.6390249e+01   1.7507351e+01   1.5541609e+01   2.1860009e+01   1.0904326e+01   1.5034442e+01   1.0323441e+01   2.0280040e+01   1.6476545e+01   1.2675796e+01   1.4329317e+01   1.0117692e+01   1.0940307e+01   1.2097414e+01   1.1465856e+01   1.4256816e+01   1.3158989e+01   1.5273287e+01   6.0901699e+00
   5.9083269e+00   1.2000000e+01   1.0807764e+01   1.4642136e+01   1.1680340e+01   7.5710678e+00   9.5138782e+00   1.3089678e+01   1.4642136e+01   1.0807764e+01   1.5077380e+01   8.4056942e+00   8.4056942e+00   1.8527756e+01   1.8177670e+01   1.6507811e+01   1.6311388e+01   8.0000000e+00   1.4642136e+01   1.3962912e+01   1.1680340e+01   1.6311388e+01   2.0655644e+01   1.5706906e+01   1.8527756e+01   7.5710678e+00   0.0000000e+00   3.8541020e+00   1.5034442e+01   1.0807764e+01   6.8245553e+00   1.5000000e+01   1.1316654e+01   1.7270510e+01   1.9268324e+01   1.9793781e+01   1.3000000e+01   2.3548861e+01   1.9268324e+01   8.4056942e+00   1.7367128e+01   1.5541609e+01   1.9948650e+01   1.8191806e+01   1.5034442e+01   1.7477927e+01   1.6192355e+01   1.3029964e+01   2.0655644e+01   7.4462220e+00   1.1901754e+01   4.7720019e+00   5.1097722e+00   1.2798374e+01   1.6878339e+01   1.7143317e+01   1.4580128e+01   7.5178344e+00   1.1130146e+01   9.9868330e+00   1.4508926e+01   1.1047512e+01   1.5541609e+01   2.1529741e+01   2.3401965e+01   1.8423448e+01   2.4211811e+01   1.1011898e+01   4.1400549e+00   8.5622577e+00   1.8304494e+01   1.3916408e+01   1.2849089e+01   1.5077380e+01   1.6601242e+01   7.5710678e+00   9.6241438e+00   1.4817821e+01   1.2204700e+01   1.1106602e+01   1.2706556e+01   1.1094810e+01   1.1106602e+01   1.3316006e+01   1.3586252e+01   1.9506578e+01   1.2043396e+01   8.0000000e+00   5.6478151e+00   1.4147344e+01   1.5000000e+01   1.1601802e+01   1.2172618e+01   8.4056942e+00   9.9339811e+00   9.6923882e+00   1.1235455e+01   1.2919742e+01   1.0759142e+01   1.4401439e+01   3.0000000e+00
   6.5000000e+00   1.0940307e+01   8.5622577e+00   1.1511358e+01   1.3962912e+01   9.2321246e+00   1.2849089e+01   1.6287653e+01   1.3962912e+01   1.3247549e+01   1.8000000e+01   5.1097722e+00   8.6394103e+00   1.9241665e+01   1.7418924e+01   1.8177670e+01   1.8837121e+01   1.1106602e+01   1.7856555e+01   1.4642136e+01   9.2321246e+00   1.4147344e+01   1.7964249e+01   1.2541595e+01   1.5205441e+01   4.5311289e+00   3.8541020e+00   0.0000000e+00   1.2268602e+01   1.2010864e+01   9.5138782e+00   1.6778821e+01   1.0104686e+01   1.5500000e+01   1.8304494e+01   2.3138463e+01   1.4009256e+01   2.4583189e+01   1.6200318e+01   6.5207973e+00   1.5508331e+01   1.5616216e+01   1.9735384e+01   1.9401058e+01   1.8007141e+01   2.0760800e+01   1.9539433e+01   1.6382380e+01   2.3877339e+01   6.3309519e+00   1.1736103e+01   8.1157731e+00   4.1055513e+00   9.4442719e+00   1.3538405e+01   1.4365425e+01   1.3785330e+01   6.5415230e+00   1.2426860e+01   1.2593387e+01   1.6390249e+01   1.4009256e+01   1.7964249e+01   2.4353721e+01   2.3088714e+01   1.8939089e+01   2.1115528e+01   8.0663730e+00   5.8851648e+00   1.0208244e+01   1.7942764e+01   1.1420165e+01   1.0611874e+01   1.2757651e+01   1.4101471e+01   5.2169906e+00   7.2082039e+00   1.3000000e+01   1.0208244e+01   8.0000000e+00   1.1511358e+01   1.4428388e+01   1.4000000e+01   1.5797059e+01   1.5077380e+01   2.1296634e+01   1.2010864e+01   1.1106602e+01   8.0663730e+00   1.6311388e+01   1.6311388e+01   1.2603718e+01   1.3709845e+01   9.5138782e+00   1.0807764e+01   1.1235455e+01   1.1813708e+01   1.4101471e+01   1.2353270e+01   1.5416434e+01   3.6622777e+00
   1.2520815e+01   1.9644190e+01   5.2434165e+00   1.2384864e+01   2.5723997e+01   2.0902206e+01   2.2860680e+01   2.7504629e+01   1.0562306e+01   1.9735384e+01   2.5324383e+01   8.3262379e+00   1.9506578e+01   2.9761750e+01   2.5624689e+01   2.9654759e+01   3.0603986e+01   2.2522716e+01   2.6600766e+01   1.5416434e+01   1.5034442e+01   1.9107794e+01   1.9539433e+01   4.0355339e+00   1.1511358e+01   1.1736103e+01   1.5034442e+01   1.2268602e+01   0.0000000e+00   1.5500000e+01   1.7740940e+01   2.0311613e+01   7.9330344e+00   7.0192024e+00   1.2010864e+01   3.2780025e+01   2.5096748e+01   3.5320971e+01   1.5632746e+01   1.5205441e+01   2.1170027e+01   2.5500000e+01   2.8793109e+01   3.0470819e+01   2.9568884e+01   3.1644823e+01   2.9361739e+01   2.6485573e+01   3.2280497e+01   9.3600226e+00   1.1465856e+01   1.9006756e+01   1.5077380e+01   7.8824115e+00   1.0013149e+01   1.6476545e+01   2.2431712e+01   1.6624515e+01   2.3807724e+01   2.4337995e+01   2.8013633e+01   2.2040659e+01   2.3401965e+01   3.0608138e+01   1.8028548e+01   1.7719175e+01   1.9060711e+01   4.7720019e+00   1.4229530e+01   1.5706906e+01   1.3962912e+01   1.6032225e+01   1.6507811e+01   1.7566048e+01   1.7719175e+01   8.0000000e+00   6.0226805e+00   5.7201533e+00   5.1097722e+00   5.2169906e+00   8.0000000e+00   2.5127221e+01   2.5624689e+01   2.7564737e+01   2.6500000e+01   3.2810989e+01   2.2133308e+01   2.0146883e+01   1.9819679e+01   2.1200242e+01   2.7564737e+01   2.3759407e+01   2.5198178e+01   2.0926698e+01   2.1976732e+01   2.2799103e+01   2.2647235e+01   2.5329418e+01   2.3909400e+01   2.6442244e+01   1.5416434e+01
   6.0226805e+00   2.2144861e+01   1.1106602e+01   2.1860009e+01   2.0025624e+01   1.7270510e+01   1.1680340e+01   1.7740940e+01   8.0000000e+00   5.5000000e+00   1.0807764e+01   1.3962912e+01   1.8700275e+01   2.8450850e+01   2.8450850e+01   2.5500000e+01   2.3548861e+01   1.4642136e+01   1.3000000e+01   4.0355339e+00   2.0655644e+01   2.5624689e+01   2.9004386e+01   1.8177670e+01   2.4084953e+01   1.5706906e+01   1.0807764e+01   1.2010864e+01   1.5500000e+01   0.0000000e+00   6.5207973e+00   5.6478151e+00   8.1321688e+00   1.3247549e+01   1.2268602e+01   1.9500000e+01   2.2860680e+01   3.3096012e+01   2.6500000e+01   1.8000000e+01   2.7018861e+01   2.5798221e+01   3.0240545e+01   2.7689152e+01   2.0748457e+01   2.0424859e+01   1.6624515e+01   1.4580128e+01   1.7964249e+01   7.8824115e+00   5.1097722e+00   1.1200467e+01   1.5077380e+01   1.8177670e+01   2.2283021e+01   2.5364634e+01   2.4831050e+01   1.7617243e+01   2.0853132e+01   1.7856555e+01   2.3303509e+01   8.5622577e+00   8.4056942e+00   1.5616216e+01   1.4401439e+01   8.4056942e+00   3.1134947e+01   1.3700379e+01   7.1708320e+00   3.0000000e+00   9.8941471e+00   2.2776669e+01   2.2092823e+01   2.4190715e+01   2.5409837e+01   1.0562306e+01   1.1200467e+01   1.1736103e+01   1.0904326e+01   1.4508926e+01   8.5777472e+00   1.4589003e+01   1.7856555e+01   2.1006097e+01   2.2972205e+01   2.8158633e+01   2.2340330e+01   8.5622577e+00   1.4826549e+01   6.2008771e+00   2.4510414e+01   2.1523796e+01   2.1595023e+01   1.8423448e+01   2.0000000e+01   1.9294946e+01   2.1392582e+01   2.2647235e+01   2.0223083e+01   2.4206539e+01   1.3247549e+01
   5.7201533e+00   1.8113915e+01   1.3000000e+01   2.0500000e+01   1.4101471e+01   1.1901754e+01   6.0901699e+00   1.1923660e+01   1.3149111e+01   4.5311289e+00   9.0146932e+00   1.3247549e+01   1.4009256e+01   2.2972205e+01   2.4005319e+01   1.9637659e+01   1.7529386e+01   8.6394103e+00   9.4442719e+00   1.0052487e+01   1.7964249e+01   2.2635944e+01   2.6886550e+01   1.9506578e+01   2.3845235e+01   1.3538405e+01   6.8245553e+00   9.5138782e+00   1.7740940e+01   6.5207973e+00   0.0000000e+00   9.2321246e+00   1.1500000e+01   1.7566048e+01   1.7769916e+01   1.5541609e+01   1.7418924e+01   2.7356098e+01   2.5203239e+01   1.4730249e+01   2.3662470e+01   2.0803941e+01   2.5324383e+01   2.1970911e+01   1.4826549e+01   1.5137281e+01   1.2172618e+01   9.5000000e+00   1.5340822e+01   8.8815273e+00   9.9868330e+00   5.4244289e+00   1.1420165e+01   1.7856555e+01   2.2092823e+01   2.3325424e+01   2.0506249e+01   1.3738202e+01   1.5366069e+01   1.1901754e+01   1.7418924e+01   5.1097722e+00   9.2321246e+00   1.5340822e+01   2.0412308e+01   1.4329317e+01   3.0101520e+01   1.4589003e+01   4.4051248e+00   4.1055513e+00   1.5764338e+01   2.0197716e+01   1.9168155e+01   2.1392582e+01   2.2888613e+01   1.0795630e+01   1.2384864e+01   1.5500000e+01   1.3652946e+01   1.5077380e+01   1.2541595e+01   8.8815273e+00   1.1835784e+01   1.5000000e+01   1.7270510e+01   2.2208293e+01   1.7566048e+01   3.0000000e+00   9.3600226e+00   8.0000000e+00   1.8837121e+01   1.6160460e+01   1.5935349e+01   1.3247549e+01   1.4817821e+01   1.3785330e+01   1.6287653e+01   1.7120770e+01   1.4615594e+01   1.8700275e+01   9.2321246e+00
   1.0940307e+01   2.6500000e+01   1.6120499e+01   2.6962237e+01   2.2414607e+01   2.0630822e+01   1.2603718e+01   1.8534689e+01   1.1465856e+01   5.6478151e+00   8.2620873e+00   1.9080904e+01   2.2641590e+01   3.1648836e+01   3.2597508e+01   2.8004545e+01   2.5101829e+01   1.6824828e+01   1.1465856e+01   5.8851648e+00   2.5505000e+01   3.0420729e+01   3.4026109e+01   2.3171568e+01   2.9227165e+01   2.0630822e+01   1.5000000e+01   1.6778821e+01   2.0311613e+01   5.6478151e+00   9.2321246e+00   0.0000000e+00   1.2879418e+01   1.7052945e+01   1.4642136e+01   1.7602631e+01   2.6122256e+01   3.5841194e+01   3.1620733e+01   2.2641590e+01   3.1696955e+01   2.9525851e+01   3.4041020e+01   3.0504166e+01   2.1724985e+01   2.0057607e+01   1.5483324e+01   1.4401439e+01   1.5008618e+01   1.3029964e+01   9.4022469e+00   1.4101471e+01   1.9526298e+01   2.3325424e+01   2.7425824e+01   3.0387288e+01   2.9039446e+01   2.2005813e+01   2.4063743e+01   2.0178669e+01   2.5768558e+01   8.2781746e+00   4.5000000e+00   1.1270330e+01   1.4580128e+01   7.7801099e+00   3.6277088e+01   1.8809833e+01   1.1545361e+01   7.0764732e+00   1.1511358e+01   2.7670756e+01   2.6886550e+01   2.9035066e+01   3.0332868e+01   1.5706906e+01   1.6311388e+01   1.6032225e+01   1.5706906e+01   1.9637659e+01   1.3000000e+01   1.5366069e+01   1.9637659e+01   2.2972205e+01   2.5847584e+01   3.0341247e+01   2.6239075e+01   1.0117692e+01   1.8085505e+01   2.7360680e+00   2.7425824e+01   2.4882371e+01   2.4552027e+01   2.1976732e+01   2.3548861e+01   2.2482948e+01   2.5015301e+01   2.5798221e+01   2.3270595e+01   2.7379360e+01   1.7500000e+01
   6.6846584e+00   2.0178669e+01   4.1400549e+00   1.6531220e+01   2.2454498e+01   1.8304494e+01   1.7030275e+01   2.2465883e+01   4.6231056e+00   1.2675796e+01   1.8234148e+01   9.1313383e+00   1.8234148e+01   2.8819605e+01   2.6662951e+01   2.7300187e+01   2.6900758e+01   1.8057050e+01   1.9916488e+01   8.1321688e+00   1.6992423e+01   2.1877558e+01   2.4021267e+01   1.0904326e+01   1.7588007e+01   1.2204700e+01   1.1316654e+01   1.0104686e+01   7.9330344e+00   8.1321688e+00   1.1500000e+01   1.2879418e+01   0.0000000e+00   6.6846584e+00   8.7006097e+00   2.6311819e+01   2.3483690e+01   3.4089433e+01   2.0803941e+01   1.5483324e+01   2.3662470e+01   2.5203239e+01   2.9227165e+01   2.8819605e+01   2.5020400e+01   2.6078311e+01   2.3088714e+01   2.0500000e+01   2.5324383e+01   4.4051248e+00   4.1055513e+00   1.4256816e+01   1.3700379e+01   1.2172618e+01   1.5837862e+01   2.0500000e+01   2.3088714e+01   1.6032225e+01   2.1760292e+01   2.0624612e+01   2.5324383e+01   1.5307093e+01   1.6032225e+01   2.3243131e+01   1.3785330e+01   1.1188779e+01   2.5020400e+01   7.1708320e+00   8.8815273e+00   8.7462113e+00   8.7462113e+00   1.8748288e+01   1.8569311e+01   2.0311613e+01   2.1097330e+01   5.8851648e+00   5.0000000e+00   4.5000000e+00   3.3284271e+00   8.1485293e+00   1.9142136e+00   1.9663768e+01   2.1392582e+01   2.3978714e+01   2.4317011e+01   3.0320295e+01   2.1600948e+01   1.4000000e+01   1.6453056e+01   1.3813527e+01   2.5664459e+01   2.2069655e+01   2.2910935e+01   1.8898369e+01   2.0298990e+01   2.0412308e+01   2.1386599e+01   2.3505434e+01   2.1505952e+01   2.4897746e+01   1.2879418e+01
   1.2869317e+01   2.4707437e+01   7.5710678e+00   1.8700275e+01   2.8450850e+01   2.4084953e+01   2.3138463e+01   2.8646936e+01   6.0901699e+00   1.8177670e+01   2.3548861e+01   1.3000000e+01   2.3548861e+01   3.4134060e+01   3.1016389e+01   3.3096012e+01   3.3000000e+01   2.4217082e+01   2.5624689e+01   1.1680340e+01   2.0655644e+01   2.5122145e+01   2.5995098e+01   1.0500000e+01   1.8000000e+01   1.6507811e+01   1.7270510e+01   1.5500000e+01   7.0192024e+00   1.3247549e+01   1.7566048e+01   1.7052945e+01   6.6846584e+00   0.0000000e+00   5.5990195e+00   3.2099051e+01   2.9004386e+01   3.9551248e+01   2.2144861e+01   2.0025624e+01   2.7112967e+01   3.0206902e+01   3.3921550e+01   3.4400590e+01   3.1200163e+01   3.2193848e+01   2.9004386e+01   2.6543233e+01   3.0707615e+01   1.0348858e+01   8.6394103e+00   2.0424859e+01   1.8939089e+01   1.4101471e+01   1.6531220e+01   2.2821514e+01   2.7601660e+01   2.1006097e+01   2.7411893e+01   2.6696374e+01   3.1200163e+01   2.1054805e+01   2.0748457e+01   2.7813001e+01   1.1601802e+01   1.2541595e+01   2.5519992e+01   9.6787799e+00   1.5060220e+01   1.4508926e+01   8.1321688e+00   2.1976732e+01   2.2208293e+01   2.3548861e+01   2.3909400e+01   1.0807764e+01   8.9852814e+00   3.0000000e+00   5.8150729e+00   1.0562306e+01   5.5249378e+00   2.5817978e+01   2.7541635e+01   3.0046573e+01   3.0038111e+01   3.6172118e+01   2.6662951e+01   2.0057607e+01   2.2414607e+01   1.8527756e+01   3.1305844e+01   2.7601660e+01   2.8651377e+01   2.4505208e+01   2.5803162e+01   2.6156383e+01   2.6748809e+01   2.9100699e+01   2.7267518e+01   3.0408193e+01   1.8527756e+01
   1.4101471e+01   2.8284888e+01   1.1270330e+01   2.3352790e+01   3.0202693e+01   2.6331183e+01   2.3270595e+01   2.9192333e+01   5.2169906e+00   1.7188319e+01   2.2000000e+01   1.6847783e+01   2.6427784e+01   3.7000000e+01   3.4738137e+01   3.5263487e+01   3.4371079e+01   2.5369660e+01   2.4629857e+01   9.5000000e+00   2.4733242e+01   2.9435273e+01   3.0765492e+01   1.5533296e+01   2.3022211e+01   2.0178669e+01   1.9268324e+01   1.8304494e+01   1.2010864e+01   1.2268602e+01   1.7769916e+01   1.4642136e+01   8.7006097e+00   5.5990195e+00   0.0000000e+00   3.1102287e+01   3.1620733e+01   4.2225292e+01   2.7042419e+01   2.3570544e+01   3.1342341e+01   3.3401368e+01   3.7391733e+01   3.6917715e+01   3.2035694e+01   3.2162280e+01   2.8365750e+01   2.6331183e+01   2.9039446e+01   1.2541595e+01   8.3262379e+00   2.1595023e+01   2.1900935e+01   1.8748288e+01   2.1500000e+01   2.7467573e+01   3.1200163e+01   2.4217082e+01   2.9847061e+01   2.8235356e+01   3.3218496e+01   2.0311613e+01   1.8610770e+01   2.5238634e+01   6.5207973e+00   8.5622577e+00   3.0566593e+01   1.3962912e+01   1.6311388e+01   1.4256816e+01   3.8541020e+00   2.6273048e+01   2.6311819e+01   2.7854159e+01   2.8392651e+01   1.3962912e+01   1.2583046e+01   7.0764732e+00   9.5138782e+00   1.4930870e+01   7.3007353e+00   2.6132011e+01   2.8717902e+01   3.1564449e+01   3.2351217e+01   3.8216044e+01   2.9800171e+01   2.0108672e+01   2.4317011e+01   1.6531220e+01   3.3741540e+01   3.0206902e+01   3.0938463e+01   2.7018861e+01   2.8450850e+01   2.8450850e+01   2.9568884e+01   3.1612698e+01   2.9525851e+01   3.3034597e+01   2.1018285e+01
   2.0760800e+01   2.7601660e+01   2.8040879e+01   3.3700151e+01   1.6847783e+01   1.9401058e+01   1.0795630e+01   9.8941471e+00   2.7000000e+01   1.4500000e+01   9.8407708e+00   2.7560118e+01   2.2910935e+01   2.6331183e+01   3.1358548e+01   2.0896078e+01   1.5574813e+01   1.3953624e+01   7.0000000e+00   2.2144861e+01   2.9864094e+01   3.3473474e+01   3.8690313e+01   3.4389526e+01   3.7812866e+01   2.6715453e+01   1.9793781e+01   2.3138463e+01   3.2780025e+01   1.9500000e+01   1.5541609e+01   1.7602631e+01   2.6311819e+01   3.2099051e+01   3.1102287e+01   0.0000000e+00   2.2431712e+01   2.8040879e+01   3.8143060e+01   2.6331183e+01   3.3700151e+01   2.6900758e+01   3.0872685e+01   2.3936083e+01   1.1680340e+01   6.5000000e+00   4.1055513e+00   7.3007353e+00   4.9721360e+00   2.3920077e+01   2.4021267e+01   1.5616216e+01   2.3226636e+01   3.2067388e+01   3.6172118e+01   3.5517853e+01   2.8801943e+01   2.4541631e+01   2.0853132e+01   1.5508331e+01   1.9181542e+01   1.1545361e+01   1.3785330e+01   1.1200467e+01   3.1680924e+01   2.4882371e+01   4.3073466e+01   2.9469812e+01   1.9168155e+01   1.8113915e+01   2.8289386e+01   3.1968238e+01   3.0554118e+01   3.2690837e+01   3.4448490e+01   2.5664459e+01   2.7379360e+01   3.0269951e+01   2.8646936e+01   2.9847061e+01   2.7169271e+01   9.6923882e+00   1.3471122e+01   1.5682226e+01   2.0748457e+01   2.1523796e+01   2.5198178e+01   1.3149111e+01   1.7827723e+01   1.5416434e+01   2.2005813e+01   2.1970911e+01   2.0197716e+01   2.0902206e+01   2.1860009e+01   1.9793781e+01   2.3138463e+01   2.1772047e+01   1.9735384e+01   2.2972205e+01   2.1200242e+01
   1.8402514e+01   8.1485293e+00   2.2005813e+01   1.8000000e+01   6.0901699e+00   6.0901699e+00   1.5500000e+01   1.3039936e+01   2.7075365e+01   2.1115528e+01   2.3000000e+01   1.7270510e+01   6.0901699e+00   6.0901699e+00   9.5138782e+00   5.5000000e+00   9.5138782e+00   1.0500000e+01   2.0655644e+01   2.6239075e+01   1.3000000e+01   1.3962912e+01   1.9539433e+01   2.4217082e+01   2.3000000e+01   1.3962912e+01   1.3000000e+01   1.4009256e+01   2.5096748e+01   2.2860680e+01   1.7418924e+01   2.6122256e+01   2.3483690e+01   2.9004386e+01   3.1620733e+01   2.2431712e+01   0.0000000e+00   1.1106602e+01   2.0896078e+01   1.0807764e+01   1.3276932e+01   4.9721360e+00   9.1313383e+00   5.9083269e+00   1.1901754e+01   1.7143317e+01   1.9473666e+01   1.6878339e+01   2.5500000e+01   1.9591883e+01   2.4400837e+01   1.2520815e+01   1.0624228e+01   1.9539433e+01   2.2052262e+01   1.7477927e+01   7.7111026e+00   9.0440037e+00   2.5615528e+00   7.6589105e+00   4.9721360e+00   1.9604973e+01   2.5248737e+01   2.9109439e+01   3.5901271e+01   3.0707615e+01   2.5167793e+01   2.0853132e+01   1.6453056e+01   2.0406029e+01   3.0802640e+01   1.4147344e+01   1.2593387e+01   1.3962912e+01   1.5682226e+01   1.8700275e+01   2.0612185e+01   2.6504807e+01   2.3700216e+01   2.0406029e+01   2.4897746e+01   1.4229530e+01   9.5138782e+00   7.6063352e+00   2.7360680e+00   8.5622577e+00   4.6231056e+00   1.6778821e+01   8.5777472e+00   2.4635037e+01   3.0495098e+00   1.9142136e+00   2.7360680e+00   5.1097722e+00   3.7015621e+00   4.1400549e+00   3.0495098e+00   1.2071068e+00   3.5000000e+00   1.9142136e+00   1.1106602e+01
   2.8925341e+01   1.6655494e+01   3.2515621e+01   2.6600766e+01   1.3962912e+01   1.6507811e+01   2.4217082e+01   1.9663768e+01   3.7665172e+01   3.0707615e+01   3.1423292e+01   2.7541635e+01   1.6507811e+01   6.0901699e+00   1.3000000e+01   8.4056942e+00   1.3000000e+01   1.9539433e+01   2.8450850e+01   3.6555513e+01   2.1860009e+01   2.0655644e+01   2.5500000e+01   3.4041020e+01   3.1423292e+01   2.4084953e+01   2.3548861e+01   2.4583189e+01   3.5320971e+01   3.3096012e+01   2.7356098e+01   3.5841194e+01   3.4089433e+01   3.9551248e+01   4.2225292e+01   2.8040879e+01   1.1106602e+01   0.0000000e+00   2.8221833e+01   2.0655644e+01   1.9027007e+01   1.0624228e+01   9.5553851e+00   5.9083269e+00   1.7007574e+01   2.2052262e+01   2.6044080e+01   2.4337995e+01   3.2003968e+01   3.0198485e+01   3.4941980e+01   2.2454498e+01   2.1115528e+01   2.9135642e+01   3.0864453e+01   2.4753866e+01   1.4446326e+01   1.9221645e+01   1.2919742e+01   1.6192355e+01   1.0624228e+01   2.8651377e+01   3.4337849e+01   3.6845564e+01   4.6415684e+01   4.0996913e+01   3.1500000e+01   3.1147186e+01   2.6900758e+01   3.0603986e+01   4.1344216e+01   2.2208293e+01   2.0902206e+01   2.1386599e+01   2.2703603e+01   2.9244565e+01   3.1110456e+01   3.7054753e+01   3.4237961e+01   3.0603986e+01   3.5503571e+01   2.2087033e+01   1.7120770e+01   1.3841664e+01   1.0624228e+01   7.0192024e+00   1.3709845e+01   2.6239075e+01   1.8809833e+01   3.4115473e+01   9.1023253e+00   1.2520815e+01   1.2010864e+01   1.5706906e+01   1.4293114e+01   1.4401439e+01   1.3306248e+01   1.1130146e+01   1.3403488e+01   9.6923882e+00   2.1713203e+01
   2.1296634e+01   1.3247549e+01   1.7188319e+01   5.2169906e+00   2.4733242e+01   2.0178669e+01   2.8086228e+01   2.9915132e+01   2.4629857e+01   2.8801943e+01   3.3700151e+01   1.3039936e+01   1.6847783e+01   2.3022211e+01   1.5902922e+01   2.5817978e+01   2.9435273e+01   2.4913111e+01   3.3397568e+01   2.8040879e+01   9.0000000e+00   8.0663730e+00   4.8011626e+00   1.2268602e+01   5.2169906e+00   1.2215375e+01   1.9268324e+01   1.6200318e+01   1.5632746e+01   2.6500000e+01   2.5203239e+01   3.1620733e+01   2.0803941e+01   2.2144861e+01   2.7042419e+01   3.8143060e+01   2.0896078e+01   2.8221833e+01   0.0000000e+00   1.2426860e+01   9.8407708e+00   1.8500000e+01   1.9539433e+01   2.5020400e+01   3.0466648e+01   3.4632096e+01   3.4558773e+01   3.1358548e+01   3.9397301e+01   1.9168155e+01   2.4148467e+01   2.3138463e+01   1.5416434e+01   9.1313383e+00   6.2008771e+00   4.0000000e+00   1.4500000e+01   1.4392444e+01   2.0902206e+01   2.4650569e+01   2.5238634e+01   2.9706164e+01   3.3431748e+01   4.0028471e+01   3.3015381e+01   3.1491934e+01   5.4497475e+00   1.4147344e+01   2.1440392e+01   2.5324383e+01   2.8540150e+01   7.3007353e+00   8.8815273e+00   7.5178344e+00   6.0226805e+00   1.6476545e+01   1.6390249e+01   2.0506249e+01   1.8562392e+01   1.3158989e+01   2.1648286e+01   2.9004386e+01   2.6677280e+01   2.6777367e+01   2.3061028e+01   2.8660256e+01   1.6778821e+01   2.6748809e+01   2.1024376e+01   3.1588583e+01   2.3270595e+01   2.0146883e+01   2.2340330e+01   1.9080904e+01   1.9000000e+01   2.0926698e+01   1.8569311e+01   2.1488092e+01   2.1689620e+01   2.1713203e+01   1.7485288e+01
   1.2510412e+01   5.2169906e+00   1.3000000e+01   8.4056942e+00   1.3247549e+01   8.4056942e+00   1.6507811e+01   1.7992856e+01   1.9539433e+01   1.8700275e+01   2.2860680e+01   7.5710678e+00   5.5000000e+00   1.5077380e+01   1.1680340e+01   1.5706906e+01   1.8177670e+01   1.3000000e+01   2.2005813e+01   2.0655644e+01   4.0355339e+00   8.4056942e+00   1.3000000e+01   1.3962912e+01   1.3247549e+01   4.0355339e+00   8.4056942e+00   6.5207973e+00   1.5205441e+01   1.8000000e+01   1.4730249e+01   2.2641590e+01   1.5483324e+01   2.0025624e+01   2.3570544e+01   2.6331183e+01   1.0807764e+01   2.0655644e+01   1.2426860e+01   0.0000000e+00   9.5553851e+00   1.0807764e+01   1.4401439e+01   1.6008062e+01   1.8700275e+01   2.2709232e+01   2.2776669e+01   1.9591883e+01   2.7908940e+01   1.2043396e+01   1.7602631e+01   1.1601802e+01   3.8541020e+00   9.2321246e+00   1.2043396e+01   9.6923882e+00   8.1321688e+00   2.5615528e+00   1.0013149e+01   1.2849089e+01   1.4508926e+01   1.8837121e+01   2.3440139e+01   2.9348743e+01   2.8731188e+01   2.4918231e+01   1.7300298e+01   1.1130146e+01   1.1601802e+01   1.6072412e+01   2.3619256e+01   6.2008771e+00   4.9721360e+00   7.2082039e+00   8.8216585e+00   1.0117692e+01   1.1601802e+01   1.7602631e+01   1.4800350e+01   1.0500000e+01   1.6824828e+01   1.7150826e+01   1.4817821e+01   1.5307093e+01   1.2593387e+01   1.8837121e+01   7.4462220e+00   1.5706906e+01   9.1023253e+00   2.1976732e+01   1.3354960e+01   9.6241438e+00   1.1511358e+01   7.5710678e+00   8.0166482e+00   9.5553851e+00   8.2620873e+00   1.1188779e+01   1.0512492e+01   1.2043396e+01   6.0901699e+00
   2.1505952e+01   6.6032778e+00   2.0581086e+01   9.6923882e+00   1.8234148e+01   1.4800350e+01   2.4650569e+01   2.4583189e+01   2.7785527e+01   2.7670756e+01   3.1516125e+01   1.5060220e+01   1.1316654e+01   1.4083078e+01   6.5827625e+00   1.7769916e+01   2.2283021e+01   2.0330532e+01   3.0240545e+01   2.9538767e+01   7.1708320e+00   2.6213203e+00   7.0764732e+00   1.8617671e+01   1.3709845e+01   1.2097414e+01   1.7367128e+01   1.5508331e+01   2.1170027e+01   2.7018861e+01   2.3662470e+01   3.1696955e+01   2.3662470e+01   2.7112967e+01   3.1342341e+01   3.3700151e+01   1.3276932e+01   1.9027007e+01   9.8407708e+00   9.5553851e+00   0.0000000e+00   9.8407708e+00   1.0208244e+01   1.6390249e+01   2.4253947e+01   2.9140007e+01   3.0320295e+01   2.7267518e+01   3.5915392e+01   2.0655644e+01   2.6239075e+01   2.0000000e+01   1.2757651e+01   1.3813527e+01   1.3700379e+01   6.5415230e+00   6.0901699e+00   1.0462429e+01   1.4009256e+01   1.8898369e+01   1.7740940e+01   2.7541635e+01   3.2394357e+01   3.8013331e+01   3.6900549e+01   3.3685087e+01   1.3039936e+01   1.7964249e+01   2.0655644e+01   2.5127221e+01   3.1908598e+01   5.6478151e+00   5.5990195e+00   4.1055513e+00   4.5311289e+00   1.8346568e+01   1.9321530e+01   2.4923349e+01   2.2328880e+01   1.7052945e+01   2.4882371e+01   2.4629857e+01   2.1018285e+01   2.0102296e+01   1.5508331e+01   2.0280040e+01   9.4022469e+00   2.4379908e+01   1.6624515e+01   3.1000000e+01   1.5273287e+01   1.3000000e+01   1.5205441e+01   1.3306248e+01   1.2520815e+01   1.4642136e+01   1.1511358e+01   1.3962912e+01   1.5034442e+01   1.3700379e+01   1.4930870e+01
   2.0859273e+01   6.5415230e+00   2.3138463e+01   1.6507811e+01   1.0562306e+01   9.5138782e+00   1.9604973e+01   1.7507351e+01   2.9070089e+01   2.4686773e+01   2.7075365e+01   1.7856555e+01   7.6589105e+00   5.1097722e+00   5.1097722e+00   8.5622577e+00   1.3586252e+01   1.4642136e+01   2.4918231e+01   2.9004386e+01   1.1736103e+01   1.1047512e+01   1.6390249e+01   2.4005319e+01   2.1386599e+01   1.4329317e+01   1.5541609e+01   1.5616216e+01   2.5500000e+01   2.5798221e+01   2.0803941e+01   2.9525851e+01   2.5203239e+01   3.0206902e+01   3.3401368e+01   2.6900758e+01   4.9721360e+00   1.0624228e+01   1.8500000e+01   1.0807764e+01   9.8407708e+00   0.0000000e+00   5.0276926e+00   7.0764732e+00   1.6311388e+01   2.1595023e+01   2.3909400e+01   2.1242469e+01   2.9910882e+01   2.1440392e+01   2.6677280e+01   1.6072412e+01   1.2010864e+01   1.9060711e+01   2.0760800e+01   1.5000000e+01   4.5000000e+00   9.7195445e+00   6.6846584e+00   1.2043396e+01   8.9852814e+00   2.3500000e+01   2.9039446e+01   3.3310059e+01   3.8146381e+01   3.3462099e+01   2.2283021e+01   2.1434421e+01   1.9168155e+01   2.3440139e+01   3.3000000e+01   1.2172618e+01   1.0807764e+01   1.1511358e+01   1.3009996e+01   2.0025624e+01   2.1724985e+01   2.7744265e+01   2.4918231e+01   2.0803941e+01   2.6600766e+01   1.8569311e+01   1.3962912e+01   1.2010864e+01   6.9031242e+00   1.0940307e+01   4.1055513e+00   2.0524984e+01   1.2043396e+01   2.8221833e+01   6.2008771e+00   5.5990195e+00   7.2082039e+00   8.0663730e+00   6.5207973e+00   8.0663730e+00   5.0276926e+00   5.6478151e+00   7.7801099e+00   4.7426407e+00   1.3247549e+01
   2.5198178e+01   9.7195445e+00   2.6900758e+01   1.8617671e+01   1.4580128e+01   1.4036986e+01   2.4047824e+01   2.1529741e+01   3.3184094e+01   2.9214108e+01   3.1536269e+01   2.1434421e+01   1.2043396e+01   5.8150729e+00   4.1400549e+00   1.1200467e+01   1.6724981e+01   1.9060711e+01   2.9279333e+01   3.3393768e+01   1.4401439e+01   1.2043396e+01   1.6531220e+01   2.6900758e+01   2.3155022e+01   1.7914075e+01   1.9948650e+01   1.9735384e+01   2.8793109e+01   3.0240545e+01   2.5324383e+01   3.4041020e+01   2.9227165e+01   3.3921550e+01   3.7391733e+01   3.0872685e+01   9.1313383e+00   9.5553851e+00   1.9539433e+01   1.4401439e+01   1.0208244e+01   5.0276926e+00   0.0000000e+00   8.6394103e+00   1.9955076e+01   2.5329418e+01   2.8040879e+01   2.5505000e+01   3.4093154e+01   2.5559928e+01   3.0917922e+01   2.0599751e+01   1.6152476e+01   2.1900935e+01   2.2860680e+01   1.6160460e+01   6.8639610e+00   1.3709845e+01   1.1047512e+01   1.6287653e+01   1.2353270e+01   2.8004545e+01   3.3560551e+01   3.7715588e+01   4.2324036e+01   3.7836309e+01   2.2522716e+01   2.4918231e+01   2.3586793e+01   2.7908940e+01   3.7177650e+01   1.4147344e+01   1.3119429e+01   1.3039936e+01   1.4101471e+01   2.3936083e+01   2.5500000e+01   3.1504032e+01   2.8700177e+01   2.4190715e+01   3.0603986e+01   2.2860680e+01   1.8085505e+01   1.5731546e+01   1.0624228e+01   1.2603718e+01   8.4056942e+00   2.5045875e+01   1.6570159e+01   3.2749031e+01   9.4442719e+00   1.0013149e+01   1.1293517e+01   1.2593387e+01   1.1047512e+01   1.2510412e+01   9.5553851e+00   9.7195445e+00   1.2097414e+01   8.4056942e+00   1.7588007e+01
   2.3548861e+01   1.2593387e+01   2.7411893e+01   2.2703603e+01   8.7462113e+00   1.1130146e+01   1.9053975e+01   1.5008618e+01   3.2327661e+01   2.5384734e+01   2.6394015e+01   2.2647235e+01   1.1477249e+01   3.3284271e+00   1.1011898e+01   3.5413813e+00   9.0440037e+00   1.4256816e+01   2.3586793e+01   3.1147186e+01   1.7762677e+01   1.7617243e+01   2.2955512e+01   2.9469812e+01   2.7666155e+01   1.9288294e+01   1.8191806e+01   1.9401058e+01   3.0470819e+01   2.7689152e+01   2.1970911e+01   3.0504166e+01   2.8819605e+01   3.4400590e+01   3.6917715e+01   2.3936083e+01   5.9083269e+00   5.9083269e+00   2.5020400e+01   1.6008062e+01   1.6390249e+01   7.0764732e+00   8.6394103e+00   0.0000000e+00   1.2757651e+01   1.8085505e+01   2.1553503e+01   1.9526298e+01   2.7615494e+01   2.4918231e+01   2.9568884e+01   1.7060495e+01   1.6032225e+01   2.4691941e+01   2.6886550e+01   2.1523796e+01   1.1047512e+01   1.4365425e+01   7.5710678e+00   1.0940307e+01   5.5249378e+00   2.3440139e+01   2.9140007e+01   3.2063428e+01   4.1027768e+01   3.5589172e+01   2.8859302e+01   2.6239075e+01   2.1505952e+01   2.5198178e+01   3.5968296e+01   1.8527756e+01   1.7068042e+01   1.8007141e+01   1.9559119e+01   2.4100847e+01   2.6019600e+01   3.1900637e+01   2.9100699e+01   2.5768558e+01   3.0232137e+01   1.7120770e+01   1.2097414e+01   9.0000000e+00   5.2169906e+00   4.5311289e+00   9.2321246e+00   2.0926698e+01   1.3403488e+01   2.8824018e+01   3.7015621e+00   7.3007353e+00   6.6032778e+00   1.0424717e+01   9.1023253e+00   9.0146932e+00   8.3262379e+00   5.8150729e+00   8.0000000e+00   4.5311289e+00   1.6445219e+01
   1.8843936e+01   1.8402514e+01   2.5248737e+01   2.6600766e+01   6.5207973e+00   1.0807764e+01   9.7195445e+00   3.7015621e+00   2.7356098e+01   1.6778821e+01   1.5706906e+01   2.2551077e+01   1.4147344e+01   1.5205441e+01   2.0902206e+01   9.7195445e+00   4.5311289e+00   7.5710678e+00   1.2384864e+01   2.4217082e+01   2.1976732e+01   2.4505208e+01   3.0038111e+01   3.0038111e+01   3.1342341e+01   2.0406029e+01   1.5034442e+01   1.8007141e+01   2.9568884e+01   2.0748457e+01   1.4826549e+01   2.1724985e+01   2.5020400e+01   3.1200163e+01   3.2035694e+01   1.1680340e+01   1.1901754e+01   1.7007574e+01   3.0466648e+01   1.8700275e+01   2.4253947e+01   1.6311388e+01   1.9955076e+01   1.2757651e+01   0.0000000e+00   5.8851648e+00   9.5553851e+00   8.3262379e+00   1.5500000e+01   2.1488092e+01   2.4211811e+01   1.1293517e+01   1.6390249e+01   2.6394015e+01   2.9970324e+01   2.7356098e+01   1.8884776e+01   1.6655494e+01   1.0759142e+01   6.3523500e+00   8.1157731e+00   1.3953624e+01   1.9221645e+01   2.0512496e+01   3.4621108e+01   2.8221833e+01   3.5177082e+01   2.5505000e+01   1.6640012e+01   1.8423448e+01   3.0084624e+01   2.3764780e+01   2.2208293e+01   2.4084953e+01   2.5887005e+01   2.2092823e+01   2.4132605e+01   2.8876927e+01   2.6485573e+01   2.5505000e+01   2.6273048e+01   6.8639610e+00   4.5311289e+00   4.8011626e+00   9.9339811e+00   1.0549876e+01   1.5366069e+01   1.2706556e+01   1.0611874e+01   1.9644190e+01   1.1011898e+01   1.1813708e+01   9.7195445e+00   1.1912712e+01   1.2300424e+01   1.0208244e+01   1.3247549e+01   1.1200467e+01   9.7195445e+00   1.2161904e+01   1.5077380e+01
   2.0006409e+01   2.3138463e+01   2.7042419e+01   3.0470819e+01   1.1601802e+01   1.5103082e+01   9.5553851e+00   5.2169906e+00   2.7670756e+01   1.5731546e+01   1.2879418e+01   2.5364634e+01   1.8617671e+01   2.0581086e+01   2.6156383e+01   1.5060220e+01   9.6241438e+00   1.0348858e+01   9.3459030e+00   2.3619256e+01   2.6156383e+01   2.9192333e+01   3.4624771e+01   3.2663644e+01   3.4971002e+01   2.3807724e+01   1.7477927e+01   2.0760800e+01   3.1644823e+01   2.0424859e+01   1.5137281e+01   2.0057607e+01   2.6078311e+01   3.2193848e+01   3.2162280e+01   6.5000000e+00   1.7143317e+01   2.2052262e+01   3.4632096e+01   2.2709232e+01   2.9140007e+01   2.1595023e+01   2.5329418e+01   1.8085505e+01   5.8851648e+00   0.0000000e+00   5.5000000e+00   6.3523500e+00   1.0698039e+01   2.3005555e+01   2.4526028e+01   1.3247549e+01   1.9955076e+01   2.9594673e+01   3.3462099e+01   3.1712978e+01   2.3930749e+01   2.0748457e+01   1.5805228e+01   1.0759142e+01   1.3500000e+01   1.2583046e+01   1.6824828e+01   1.6390249e+01   3.3820414e+01   2.7117663e+01   3.9467936e+01   2.7872431e+01   1.8007141e+01   1.8451323e+01   2.9761750e+01   2.8108875e+01   2.6600766e+01   2.8611386e+01   3.0408193e+01   2.4190715e+01   2.6122256e+01   3.0067719e+01   2.8000000e+01   2.8054491e+01   2.7169271e+01   7.0192024e+00   8.6394103e+00   1.0117692e+01   1.5264823e+01   1.5533296e+01   2.0349433e+01   1.2665525e+01   1.4147344e+01   1.7834936e+01   1.6390249e+01   1.6901219e+01   1.4922205e+01   1.6445219e+01   1.7120770e+01   1.5000000e+01   1.8234148e+01   1.6453056e+01   1.4712670e+01   1.7500000e+01   1.8234148e+01
   1.7367128e+01   2.4217082e+01   2.4635037e+01   3.0101520e+01   1.3962912e+01   1.6032225e+01   7.2082039e+00   7.0764732e+00   2.4084953e+01   1.1680340e+01   8.0000000e+00   2.3978714e+01   1.9506578e+01   2.3764780e+01   2.8271388e+01   1.8527756e+01   1.3586252e+01   1.0500000e+01   4.5311289e+00   1.9539433e+01   2.6311819e+01   3.0016944e+01   3.5177082e+01   3.0872685e+01   3.4208308e+01   2.3110838e+01   1.6192355e+01   1.9539433e+01   2.9361739e+01   1.6624515e+01   1.2172618e+01   1.5483324e+01   2.3088714e+01   2.9004386e+01   2.8365750e+01   4.1055513e+00   1.9473666e+01   2.6044080e+01   3.4558773e+01   2.2776669e+01   3.0320295e+01   2.3909400e+01   2.8040879e+01   2.1553503e+01   9.5553851e+00   5.5000000e+00   0.0000000e+00   3.7015621e+00   6.5827625e+00   2.0512496e+01   2.1024376e+01   1.2010864e+01   1.9644190e+01   2.8473201e+01   3.2570235e+01   3.1968238e+01   2.5559928e+01   2.1018285e+01   1.7769916e+01   1.2384864e+01   1.6624515e+01   8.5622577e+00   1.2010864e+01   1.1567972e+01   2.9469812e+01   2.2692341e+01   3.9493589e+01   2.5960754e+01   1.5682226e+01   1.5000000e+01   2.5723997e+01   2.8432955e+01   2.7037709e+01   2.9192333e+01   3.0938463e+01   2.2162179e+01   2.3920077e+01   2.7075365e+01   2.5324383e+01   2.6311819e+01   2.4021267e+01   6.2008771e+00   1.0462429e+01   1.3089678e+01   1.7964249e+01   1.9604973e+01   2.1970911e+01   9.7195445e+00   1.4329317e+01   1.3247549e+01   1.9328170e+01   1.8884776e+01   1.7263055e+01   1.7566048e+01   1.8617671e+01   1.6601242e+01   1.9955076e+01   1.8843936e+01   1.6655494e+01   2.0146883e+01   1.7602631e+01
   1.4580128e+01   2.1170027e+01   2.1789669e+01   2.6900758e+01   1.1545361e+01   1.3029964e+01   4.1400549e+00   5.2434165e+00   2.1877558e+01   9.8941471e+00   7.8824115e+00   2.0859273e+01   1.6453056e+01   2.1523796e+01   2.5489998e+01   1.6570159e+01   1.2204700e+01   7.4462220e+00   4.6231056e+00   1.7769916e+01   2.3127417e+01   2.6900758e+01   3.2015869e+01   2.7854159e+01   3.1028675e+01   1.9916488e+01   1.3029964e+01   1.6382380e+01   2.6485573e+01   1.4580128e+01   9.5000000e+00   1.4401439e+01   2.0500000e+01   2.6543233e+01   2.6331183e+01   7.3007353e+00   1.6878339e+01   2.4337995e+01   3.1358548e+01   1.9591883e+01   2.7267518e+01   2.1242469e+01   2.5505000e+01   1.9526298e+01   8.3262379e+00   6.3523500e+00   3.7015621e+00   0.0000000e+00   9.2321246e+00   1.7682840e+01   1.8748288e+01   8.8216585e+00   1.6445219e+01   2.5324383e+01   2.9400692e+01   2.8784271e+01   2.2641590e+01   1.7856555e+01   1.5060220e+01   9.7195445e+00   1.4508926e+01   6.7649820e+00   1.1511358e+01   1.3039936e+01   2.8004545e+01   2.1338666e+01   3.6294553e+01   2.2961077e+01   1.2757651e+01   1.2665525e+01   2.3909400e+01   2.5258837e+01   2.3877339e+01   2.6044080e+01   2.7780946e+01   1.9181542e+01   2.1000000e+01   2.4500000e+01   2.2590722e+01   2.3270595e+01   2.1523796e+01   3.1925824e+00   8.0166482e+00   1.1047512e+01   1.5574813e+01   1.8085505e+01   1.9080904e+01   7.0000000e+00   1.1200467e+01   1.2215375e+01   1.7030275e+01   1.6160460e+01   1.4721463e+01   1.4589003e+01   1.5731546e+01   1.3785330e+01   1.7120770e+01   1.6287653e+01   1.3962912e+01   1.7682840e+01   1.4401439e+01
   2.0412308e+01   2.9834280e+01   2.7564737e+01   3.4796501e+01   2.0025624e+01   2.1742646e+01   1.1901754e+01   1.3158989e+01   2.5324383e+01   1.3149111e+01   7.6589105e+00   2.8000000e+01   2.5122145e+01   2.9847061e+01   3.4208308e+01   2.4583189e+01   1.9506578e+01   1.6152476e+01   6.5207973e+00   2.0057607e+01   3.1423292e+01   3.5446388e+01   4.0406140e+01   3.4300888e+01   3.8529594e+01   2.7725907e+01   2.0655644e+01   2.3877339e+01   3.2280497e+01   1.7964249e+01   1.5340822e+01   1.5008618e+01   2.5324383e+01   3.0707615e+01   2.9039446e+01   4.9721360e+00   2.5500000e+01   3.2003968e+01   3.9397301e+01   2.7908940e+01   3.5915392e+01   2.9910882e+01   3.4093154e+01   2.7615494e+01   1.5500000e+01   1.0698039e+01   6.5827625e+00   9.2321246e+00   0.0000000e+00   2.3532586e+01   2.2573740e+01   1.6824828e+01   2.4635037e+01   3.2601402e+01   3.6811155e+01   3.7054753e+01   3.1370698e+01   2.6306976e+01   2.3743279e+01   1.8367568e+01   2.2703603e+01   1.0795630e+01   1.1011898e+01   6.8639610e+00   2.8859302e+01   2.2144861e+01   4.4346323e+01   2.9400692e+01   1.9221645e+01   1.7120770e+01   2.6000000e+01   3.3609666e+01   3.2300157e+01   3.4503676e+01   3.6200140e+01   2.5624689e+01   2.7117663e+01   2.9140007e+01   2.7890692e+01   2.9915132e+01   2.5980385e+01   1.1923660e+01   1.6507811e+01   1.9168155e+01   2.4037205e+01   2.5519992e+01   2.7813001e+01   1.3306248e+01   1.9793781e+01   1.3009996e+01   2.5409837e+01   2.4851591e+01   2.3303509e+01   2.3308989e+01   2.4463514e+01   2.2505681e+01   2.5847584e+01   2.4882371e+01   2.2635944e+01   2.6209920e+01   2.2465883e+01
   3.6622777e+00   1.6655494e+01   4.6231056e+00   1.4580128e+01   1.8617671e+01   1.4401439e+01   1.4083078e+01   1.9107794e+01   8.1321688e+00   1.1200467e+01   1.6724981e+01   6.6846584e+00   1.4401439e+01   2.4959150e+01   2.3155022e+01   2.3401965e+01   2.3155022e+01   1.4446326e+01   1.7769916e+01   9.5553851e+00   1.4036986e+01   1.9027007e+01   2.1877558e+01   1.1316654e+01   1.6724981e+01   9.0586214e+00   7.4462220e+00   6.3309519e+00   9.3600226e+00   7.8824115e+00   8.8815273e+00   1.3029964e+01   4.4051248e+00   1.0348858e+01   1.2541595e+01   2.3920077e+01   1.9591883e+01   3.0198485e+01   1.9168155e+01   1.2043396e+01   2.0655644e+01   2.1440392e+01   2.5559928e+01   2.4918231e+01   2.1488092e+01   2.3005555e+01   2.0512496e+01   1.7682840e+01   2.3532586e+01   0.0000000e+00   6.0901699e+00   1.0698039e+01   9.9339811e+00   1.0795630e+01   1.4922205e+01   1.8255281e+01   1.9539433e+01   1.2353270e+01   1.7856555e+01   1.6847783e+01   2.1440392e+01   1.3247549e+01   1.5366069e+01   2.2431712e+01   1.7270510e+01   1.3538405e+01   2.3759407e+01   6.5207973e+00   5.5000000e+00   7.2268120e+00   1.2129703e+01   1.6000000e+01   1.5574813e+01   1.7507351e+01   1.8527756e+01   3.1925824e+00   4.1055513e+00   7.9330344e+00   5.5249378e+00   7.2268120e+00   5.8150729e+00   1.6500000e+01   1.7740940e+01   2.0197716e+01   2.0412308e+01   2.6432605e+01   1.7834936e+01   1.1293517e+01   1.2593387e+01   1.3306248e+01   2.1760292e+01   1.8177670e+01   1.9006756e+01   1.5000000e+01   1.6413830e+01   1.6507811e+01   1.7529386e+01   1.9604973e+01   1.7602631e+01   2.1006097e+01   8.9852814e+00
   6.5207973e+00   2.2162179e+01   7.6589105e+00   1.9735384e+01   2.2522716e+01   1.8939089e+01   1.5541609e+01   2.1392582e+01   3.6622777e+00   1.0052487e+01   1.5416434e+01   1.2010864e+01   1.9539433e+01   2.9910882e+01   2.8651377e+01   2.7725907e+01   2.6576810e+01   1.7566048e+01   1.7529386e+01   4.5311289e+00   1.9604973e+01   2.4583189e+01   2.7169271e+01   1.4508926e+01   2.1115528e+01   1.4642136e+01   1.1901754e+01   1.1736103e+01   1.1465856e+01   5.1097722e+00   9.9868330e+00   9.4022469e+00   4.1055513e+00   8.6394103e+00   8.3262379e+00   2.4021267e+01   2.4400837e+01   3.4941980e+01   2.4148467e+01   1.7602631e+01   2.6239075e+01   2.6677280e+01   3.0917922e+01   2.9568884e+01   2.4211811e+01   2.4526028e+01   2.1024376e+01   1.8748288e+01   2.2573740e+01   6.0901699e+00   0.0000000e+00   1.3813527e+01   1.5273287e+01   1.5541609e+01   1.9348077e+01   2.3586793e+01   2.5020400e+01   1.7769916e+01   2.2522716e+01   2.0500000e+01   2.5624689e+01   1.3000000e+01   1.2798374e+01   1.9974342e+01   1.2010864e+01   8.0000000e+00   2.8486604e+01   1.0624228e+01   8.6394103e+00   6.5827625e+00   6.9031242e+00   2.1523796e+01   2.1151876e+01   2.3049945e+01   2.4000000e+01   8.5000000e+00   8.2620873e+00   7.2082039e+00   6.9031242e+00   1.1567972e+01   4.1055513e+00   1.8367568e+01   2.0908332e+01   2.3807724e+01   2.4918231e+01   3.0603986e+01   2.3088714e+01   1.2384864e+01   1.6763456e+01   1.0562306e+01   2.6369867e+01   2.3000000e+01   2.3505434e+01   1.9800259e+01   2.1308652e+01   2.1054805e+01   2.2551077e+01   2.4317011e+01   2.2092823e+01   2.5803162e+01   1.3962912e+01
   8.1157731e+00   1.4101471e+01   1.4535669e+01   1.8617671e+01   9.3459030e+00   7.0764732e+00   5.4497475e+00   9.0000000e+00   1.6878339e+01   9.1313383e+00   1.2043396e+01   1.2675796e+01   9.6241438e+00   1.8057050e+01   1.9559119e+01   1.4800350e+01   1.3276932e+01   4.3078866e+00   1.0904326e+01   1.4712670e+01   1.5103082e+01   1.9294946e+01   2.4100847e+01   1.9916488e+01   2.2709232e+01   1.1601802e+01   4.7720019e+00   8.1157731e+00   1.9006756e+01   1.1200467e+01   5.4244289e+00   1.4101471e+01   1.4256816e+01   2.0424859e+01   2.1595023e+01   1.5616216e+01   1.2520815e+01   2.2454498e+01   2.3138463e+01   1.1601802e+01   2.0000000e+01   1.6072412e+01   2.0599751e+01   1.7060495e+01   1.1293517e+01   1.3247549e+01   1.2010864e+01   8.8216585e+00   1.6824828e+01   1.0698039e+01   1.3813527e+01   0.0000000e+00   8.3102497e+00   1.7052945e+01   2.1091260e+01   2.0729928e+01   1.6200318e+01   1.0117692e+01   1.0462429e+01   7.2268120e+00   1.2603718e+01   8.1485293e+00   1.3500000e+01   1.8527756e+01   2.4897746e+01   1.9101075e+01   2.8086228e+01   1.5137281e+01   5.8851648e+00   8.7006097e+00   2.0025624e+01   1.7300298e+01   1.6032225e+01   1.8255281e+01   1.9916488e+01   1.1511358e+01   1.3500000e+01   1.8085505e+01   1.5706906e+01   1.5307093e+01   1.5541609e+01   6.8245553e+00   7.6589105e+00   1.0500000e+01   1.2353270e+01   1.7485288e+01   1.3009996e+01   5.0276926e+00   4.5311289e+00   1.2665525e+01   1.3916408e+01   1.1293517e+01   1.1011898e+01   8.5156098e+00   1.0052487e+01   8.8815273e+00   1.1545361e+01   1.2204700e+01   9.6923882e+00   1.3785330e+01   6.1568542e+00
   9.7195445e+00   7.5710678e+00   1.1901754e+01   1.1047512e+01   1.1511358e+01   6.5207973e+00   1.3247549e+01   1.5273287e+01   1.7566048e+01   1.5416434e+01   1.9506578e+01   7.3007353e+00   5.1097722e+00   1.5706906e+01   1.3962912e+01   1.5077380e+01   1.6507811e+01   1.0117692e+01   1.8700275e+01   1.7964249e+01   7.3007353e+00   1.1736103e+01   1.6311388e+01   1.4642136e+01   1.5541609e+01   4.5311289e+00   5.1097722e+00   4.1055513e+00   1.5077380e+01   1.5077380e+01   1.1420165e+01   1.9526298e+01   1.3700379e+01   1.8939089e+01   2.1900935e+01   2.3226636e+01   1.0624228e+01   2.1115528e+01   1.5416434e+01   3.8541020e+00   1.2757651e+01   1.2010864e+01   1.6152476e+01   1.6032225e+01   1.6390249e+01   1.9955076e+01   1.9644190e+01   1.6445219e+01   2.4635037e+01   9.9339811e+00   1.5273287e+01   8.3102497e+00   0.0000000e+00   1.0549876e+01   1.4101471e+01   1.2919742e+01   1.0323441e+01   3.0495098e+00   9.2321246e+00   1.0611874e+01   1.3480755e+01   1.5483324e+01   2.0146883e+01   2.5995098e+01   2.6677280e+01   2.2340330e+01   2.0349433e+01   1.0807764e+01   8.5000000e+00   1.3000000e+01   2.1529741e+01   9.5138782e+00   8.3262379e+00   1.0562306e+01   1.2161904e+01   8.6394103e+00   1.0500000e+01   1.6445219e+01   1.3624405e+01   1.0462429e+01   1.5103082e+01   1.4101471e+01   1.2384864e+01   1.3500000e+01   1.1923660e+01   1.8234148e+01   8.4056942e+00   1.2353270e+01   6.3523500e+00   1.8748288e+01   1.3029964e+01   9.2464278e+00   1.0624228e+01   6.3523500e+00   7.4462220e+00   8.2620873e+00   8.3102497e+00   1.0795630e+01   9.3600226e+00   1.2010864e+01   2.7360680e+00
   1.3306248e+01   1.3029964e+01   8.5622577e+00   5.1097722e+00   2.1505952e+01   1.6507811e+01   2.1772047e+01   2.5020400e+01   1.6032225e+01   2.1054805e+01   2.6311819e+01   5.1097722e+00   1.4147344e+01   2.3548861e+01   1.8562392e+01   2.4426972e+01   2.6504807e+01   1.9800259e+01   2.6600766e+01   1.9473666e+01   8.0000000e+00   1.1736103e+01   1.2541595e+01   5.5000000e+00   6.5207973e+00   6.5207973e+00   1.2798374e+01   9.4442719e+00   7.8824115e+00   1.8177670e+01   1.7856555e+01   2.3325424e+01   1.2172618e+01   1.4101471e+01   1.8748288e+01   3.2067388e+01   1.9539433e+01   2.9135642e+01   9.1313383e+00   9.2321246e+00   1.3813527e+01   1.9060711e+01   2.1900935e+01   2.4691941e+01   2.6394015e+01   2.9594673e+01   2.8473201e+01   2.5324383e+01   3.2601402e+01   1.0795630e+01   1.5541609e+01   1.7052945e+01   1.0549876e+01   0.0000000e+00   4.7426407e+00   9.2321246e+00   1.5616216e+01   1.1106602e+01   1.8672782e+01   2.0655644e+01   2.3138463e+01   2.2465883e+01   2.5500000e+01   3.2390437e+01   2.4629857e+01   2.2860680e+01   1.3500000e+01   5.5249378e+00   1.3953624e+01   1.7300298e+01   2.0000000e+01   8.7006097e+00   9.3459030e+00   1.0208244e+01   1.0348858e+01   8.1321688e+00   7.7801099e+00   1.2172618e+01   1.0000000e+01   4.5311289e+00   1.3039936e+01   2.3347319e+01   2.2368928e+01   2.3521729e+01   2.1296634e+01   2.7564737e+01   1.6008062e+01   1.9800259e+01   1.6287653e+01   2.3521729e+01   2.2087033e+01   1.8346568e+01   2.0159603e+01   1.6032225e+01   1.6694135e+01   1.8028548e+01   1.6992423e+01   1.9916488e+01   1.9060711e+01   2.0760800e+01   1.1901754e+01
   1.7529386e+01   1.4817821e+01   1.2204700e+01   4.7720019e+00   2.4753866e+01   1.9819679e+01   2.5887005e+01   2.8824018e+01   1.9427493e+01   2.5289111e+01   3.0554118e+01   9.3459030e+00   1.7030275e+01   2.5364634e+01   1.9294946e+01   2.7042419e+01   2.9710443e+01   2.3619256e+01   3.0802640e+01   2.3347319e+01   9.6241438e+00   1.1601802e+01   1.0348858e+01   6.5827625e+00   2.3027756e+00   1.0156604e+01   1.6878339e+01   1.3538405e+01   1.0013149e+01   2.2283021e+01   2.2092823e+01   2.7425824e+01   1.5837862e+01   1.6531220e+01   2.1500000e+01   3.6172118e+01   2.2052262e+01   3.0864453e+01   6.2008771e+00   1.2043396e+01   1.3700379e+01   2.0760800e+01   2.2860680e+01   2.6886550e+01   2.9970324e+01   3.3462099e+01   3.2570235e+01   2.9400692e+01   3.6811155e+01   1.4922205e+01   1.9348077e+01   2.1091260e+01   1.4101471e+01   4.7426407e+00   0.0000000e+00   7.9330344e+00   1.6946884e+01   1.4083078e+01   2.1505952e+01   2.4148467e+01   2.6004901e+01   2.6701145e+01   2.9706164e+01   3.6624784e+01   2.7504629e+01   2.6461510e+01   9.7195445e+00   9.2321246e+00   1.8191806e+01   2.1505952e+01   2.3199119e+01   9.2321246e+00   1.0462429e+01   1.0361541e+01   9.7195445e+00   1.2300424e+01   1.1680340e+01   1.5034442e+01   1.3354960e+01   8.3262379e+00   1.6507811e+01   2.7332816e+01   2.5980385e+01   2.6805893e+01   2.4005319e+01   3.0105743e+01   1.8177670e+01   2.4005319e+01   1.9948650e+01   2.7702941e+01   2.4583189e+01   2.1006097e+01   2.3005555e+01   1.9107794e+01   1.9506578e+01   2.1097330e+01   1.9526298e+01   2.2522716e+01   2.2052262e+01   2.3138463e+01   1.5731546e+01
   1.9948650e+01   9.8407708e+00   1.7030275e+01   4.6231056e+00   2.1523796e+01   1.7143317e+01   2.5664459e+01   2.7004717e+01   2.4520824e+01   2.7112967e+01   3.1716983e+01   1.2097414e+01   1.3709845e+01   1.9526298e+01   1.2520815e+01   2.2368928e+01   2.6132011e+01   2.2139085e+01   3.1110456e+01   2.7300187e+01   6.1568542e+00   4.6231056e+00   4.1400549e+00   1.3471122e+01   7.7111026e+00   1.0348858e+01   1.7143317e+01   1.4365425e+01   1.6476545e+01   2.5364634e+01   2.3325424e+01   3.0387288e+01   2.0500000e+01   2.2821514e+01   2.7467573e+01   3.5517853e+01   1.7477927e+01   2.4753866e+01   4.0000000e+00   9.6923882e+00   6.5415230e+00   1.5000000e+01   1.6160460e+01   2.1523796e+01   2.7356098e+01   3.1712978e+01   3.1968238e+01   2.8784271e+01   3.7054753e+01   1.8255281e+01   2.3586793e+01   2.0729928e+01   1.2919742e+01   9.2321246e+00   7.9330344e+00   0.0000000e+00   1.1000000e+01   1.1511358e+01   1.7588007e+01   2.1595023e+01   2.1860009e+01   2.7689152e+01   3.1824910e+01   3.8146381e+01   3.3310059e+01   3.1065503e+01   8.3262379e+00   1.4083078e+01   1.9741881e+01   2.3909400e+01   2.8571338e+01   4.1055513e+00   5.6478151e+00   4.0355339e+00   2.5615528e+00   1.5632746e+01   1.6000000e+01   2.0896078e+01   1.8610770e+01   1.3089678e+01   2.1523796e+01   2.6331183e+01   2.3662470e+01   2.3548861e+01   1.9663768e+01   2.5182990e+01   1.3354960e+01   2.4629857e+01   1.8234148e+01   3.0118406e+01   1.9819679e+01   1.6786497e+01   1.9000000e+01   1.5943445e+01   1.5731546e+01   1.7719175e+01   1.5205441e+01   1.8085505e+01   1.8423448e+01   1.8255281e+01   1.5103082e+01
   1.9539433e+01   3.4154759e+00   2.0612185e+01   1.2675796e+01   1.2879418e+01   1.0156604e+01   2.0424859e+01   1.9506578e+01   2.7112967e+01   2.4520824e+01   2.7670756e+01   1.5103082e+01   7.0764732e+00   9.0586214e+00   4.1400549e+00   1.2204700e+01   1.6724981e+01   1.5731546e+01   2.5960754e+01   2.7785527e+01   8.1321688e+00   7.0764732e+00   1.2520815e+01   2.0612185e+01   1.7477927e+01   1.1601802e+01   1.4580128e+01   1.3785330e+01   2.2431712e+01   2.4831050e+01   2.0506249e+01   2.9039446e+01   2.3088714e+01   2.7601660e+01   3.1200163e+01   2.8801943e+01   7.7111026e+00   1.4446326e+01   1.4500000e+01   8.1321688e+00   6.0901699e+00   4.5000000e+00   6.8639610e+00   1.1047512e+01   1.8884776e+01   2.3930749e+01   2.5559928e+01   2.2641590e+01   3.1370698e+01   1.9539433e+01   2.5020400e+01   1.6200318e+01   1.0323441e+01   1.5616216e+01   1.6946884e+01   1.1000000e+01   0.0000000e+00   7.7801099e+00   8.6394103e+00   1.3813527e+01   1.2161904e+01   2.3845235e+01   2.9109439e+01   3.4093154e+01   3.6294553e+01   3.2162280e+01   1.8346568e+01   1.8562392e+01   1.8177670e+01   2.2641590e+01   3.1163496e+01   8.2620873e+00   7.0000000e+00   7.5178344e+00   9.0146932e+00   1.7740940e+01   1.9221645e+01   2.5203239e+01   2.2414607e+01   1.7827723e+01   2.4442640e+01   1.9955076e+01   1.5902922e+01   1.4659802e+01   9.9339811e+00   1.4817821e+01   4.1055513e+00   2.0723748e+01   1.2384864e+01   2.8004545e+01   9.6923882e+00   7.5710678e+00   9.7195445e+00   8.5777472e+00   7.4462220e+00   9.5138782e+00   6.2008771e+00   8.4056942e+00   9.7195445e+00   8.1157731e+00   1.2097414e+01
   1.2268602e+01   5.0276926e+00   1.3935029e+01   1.0462429e+01   1.1188779e+01   6.3523500e+00   1.4922205e+01   1.6032225e+01   1.9974342e+01   1.7762677e+01   2.1577239e+01   8.8216585e+00   3.5413813e+00   1.3700379e+01   1.1420165e+01   1.3841664e+01   1.6128500e+01   1.1130146e+01   2.0481241e+01   2.0512496e+01   5.9083269e+00   9.6787799e+00   1.4659802e+01   1.5682226e+01   1.5307093e+01   5.4244289e+00   7.5178344e+00   6.5415230e+00   1.6624515e+01   1.7617243e+01   1.3738202e+01   2.2005813e+01   1.6032225e+01   2.1006097e+01   2.4217082e+01   2.4541631e+01   9.0440037e+00   1.9221645e+01   1.4392444e+01   2.5615528e+00   1.0462429e+01   9.7195445e+00   1.3709845e+01   1.4365425e+01   1.6655494e+01   2.0748457e+01   2.1018285e+01   1.7856555e+01   2.6306976e+01   1.2353270e+01   1.7769916e+01   1.0117692e+01   3.0495098e+00   1.1106602e+01   1.4083078e+01   1.1511358e+01   7.7801099e+00   0.0000000e+00   8.0663730e+00   1.0807764e+01   1.2541595e+01   1.7588007e+01   2.2465883e+01   2.8077164e+01   2.9122544e+01   2.4882371e+01   1.9221645e+01   1.2426860e+01   1.1011898e+01   1.5508331e+01   2.3978714e+01   7.9330344e+00   6.5207973e+00   8.7006097e+00   1.0424717e+01   1.0807764e+01   1.2520815e+01   1.8534689e+01   1.5706906e+01   1.1912712e+01   1.7418924e+01   1.5349242e+01   1.2798374e+01   1.3247549e+01   1.0698039e+01   1.6992423e+01   6.1568542e+00   1.4428388e+01   7.2268120e+00   2.1151876e+01   1.1567972e+01   7.7801099e+00   9.5553851e+00   5.5249378e+00   6.0901699e+00   7.5178344e+00   6.5415230e+00   9.3600226e+00   8.5000000e+00   1.0348858e+01   5.0276926e+00
   1.6507811e+01   8.3262379e+00   2.0481241e+01   1.7617243e+01   4.7426407e+00   4.1055513e+00   1.3509612e+01   1.1477249e+01   2.5258837e+01   1.9053975e+01   2.1006097e+01   1.6008062e+01   5.0276926e+00   8.1157731e+00   1.1011898e+01   6.3523500e+00   9.0440037e+00   8.5156098e+00   1.8748288e+01   2.4253947e+01   1.2665525e+01   1.4392444e+01   1.9974342e+01   2.3177081e+01   2.2590722e+01   1.2869317e+01   1.1130146e+01   1.2426860e+01   2.3807724e+01   2.0853132e+01   1.5366069e+01   2.4063743e+01   2.1760292e+01   2.7411893e+01   2.9847061e+01   2.0853132e+01   2.5615528e+00   1.2919742e+01   2.0902206e+01   1.0013149e+01   1.4009256e+01   6.6846584e+00   1.1047512e+01   7.5710678e+00   1.0759142e+01   1.5805228e+01   1.7769916e+01   1.5060220e+01   2.3743279e+01   1.7856555e+01   2.2522716e+01   1.0462429e+01   9.2321246e+00   1.8672782e+01   2.1505952e+01   1.7588007e+01   8.6394103e+00   8.0663730e+00   0.0000000e+00   5.8851648e+00   5.0000000e+00   1.7566048e+01   2.3199119e+01   2.7169271e+01   3.4003731e+01   2.8717902e+01   2.5384734e+01   1.9539433e+01   1.4508926e+01   1.8388544e+01   2.8925341e+01   1.4101471e+01   1.2520815e+01   1.4156500e+01   1.5935349e+01   1.7143317e+01   1.9107794e+01   2.4913111e+01   2.2133308e+01   1.9168155e+01   2.3171568e+01   1.2384864e+01   7.8824115e+00   6.6032778e+00   3.1925824e+00   9.5138782e+00   5.1097722e+00   1.4721463e+01   6.5415230e+00   2.2573740e+01   4.4051248e+00   1.6180340e+00   2.0000000e+00   3.4154759e+00   2.5000000e+00   2.0811388e+00   3.0000000e+00   2.3027756e+00   1.6180340e+00   3.8541020e+00   9.4022469e+00
   1.4650972e+01   1.2879418e+01   2.0280040e+01   2.0748457e+01   2.7360680e+00   4.9721360e+00   8.6394103e+00   6.2008771e+00   2.3521729e+01   1.5034442e+01   1.6072412e+01   1.7007574e+01   8.4056942e+00   1.2541595e+01   1.6390249e+01   8.3262379e+00   6.8245553e+00   3.8541020e+00   1.3538405e+01   2.1386599e+01   1.6152476e+01   1.8939089e+01   2.4400837e+01   2.4505208e+01   2.5500000e+01   1.4642136e+01   9.9868330e+00   1.2593387e+01   2.4337995e+01   1.7856555e+01   1.1901754e+01   2.0178669e+01   2.0624612e+01   2.6696374e+01   2.8235356e+01   1.5508331e+01   7.6589105e+00   1.6192355e+01   2.4650569e+01   1.2849089e+01   1.8898369e+01   1.2043396e+01   1.6287653e+01   1.0940307e+01   6.3523500e+00   1.0759142e+01   1.2384864e+01   9.7195445e+00   1.8367568e+01   1.6847783e+01   2.0500000e+01   7.2268120e+00   1.0611874e+01   2.0655644e+01   2.4148467e+01   2.1595023e+01   1.3813527e+01   1.0807764e+01   5.8851648e+00   0.0000000e+00   6.0901699e+00   1.3000000e+01   1.8700275e+01   2.2023243e+01   3.1620733e+01   2.5723997e+01   2.9400692e+01   2.0159603e+01   1.2426860e+01   1.5366069e+01   2.6748809e+01   1.7992856e+01   1.6453056e+01   1.8402514e+01   2.0204060e+01   1.6992423e+01   1.9053975e+01   2.4269729e+01   2.1689620e+01   2.0057607e+01   2.1970911e+01   7.0764732e+00   2.6213203e+00   3.8541020e+00   6.5207973e+00   1.0807764e+01   1.0208244e+01   1.0562306e+01   5.0276926e+00   1.8423448e+01   8.0663730e+00   7.0000000e+00   5.5249378e+00   6.2008771e+00   6.9031242e+00   4.8011626e+00   8.1321688e+00   7.0764732e+00   4.7720019e+00   8.5156098e+00   9.5138782e+00
   1.9644190e+01   1.2520815e+01   2.4426972e+01   2.2092823e+01   3.8541020e+00   7.6589105e+00   1.4101471e+01   1.0052487e+01   2.8540150e+01   2.0624612e+01   2.1386599e+01   2.0280040e+01   9.5138782e+00   7.6589105e+00   1.3586252e+01   2.7360680e+00   5.1097722e+00   9.4442719e+00   1.8562392e+01   2.6815395e+01   1.7120770e+01   1.8423448e+01   2.4005319e+01   2.7564737e+01   2.7075365e+01   1.7270510e+01   1.4508926e+01   1.6390249e+01   2.8013633e+01   2.3303509e+01   1.7418924e+01   2.5768558e+01   2.5324383e+01   3.1200163e+01   3.3218496e+01   1.9181542e+01   4.9721360e+00   1.0624228e+01   2.5238634e+01   1.4508926e+01   1.7740940e+01   8.9852814e+00   1.2353270e+01   5.5249378e+00   8.1157731e+00   1.3500000e+01   1.6624515e+01   1.4508926e+01   2.2703603e+01   2.1440392e+01   2.5624689e+01   1.2603718e+01   1.3480755e+01   2.3138463e+01   2.6004901e+01   2.1860009e+01   1.2161904e+01   1.2541595e+01   5.0000000e+00   6.0901699e+00   0.0000000e+00   1.8527756e+01   2.4217082e+01   2.7042419e+01   3.6931442e+01   3.1200163e+01   2.9594673e+01   2.3743279e+01   1.7485288e+01   2.0803941e+01   3.1968238e+01   1.8451323e+01   1.6878339e+01   1.8367568e+01   2.0108672e+01   2.1073041e+01   2.3094247e+01   2.8717902e+01   2.6000000e+01   2.3440139e+01   2.6715453e+01   1.2097414e+01   7.0764732e+00   4.0355339e+00   2.7360680e+00   5.5000000e+00   9.0440037e+00   1.6152476e+01   9.4022469e+00   2.4005319e+01   3.4154759e+00   5.5990195e+00   3.5000000e+00   7.6589105e+00   7.0000000e+00   5.7201533e+00   7.1708320e+00   4.3078866e+00   4.6231056e+00   4.7426407e+00   1.3247549e+01
   1.0117692e+01   2.1724985e+01   1.7307736e+01   2.5020400e+01   1.5205441e+01   1.4508926e+01   4.9721360e+00   1.0759142e+01   1.6032225e+01   3.6622777e+00   4.5311289e+00   1.7856555e+01   1.7270510e+01   2.4918231e+01   2.7169271e+01   2.0748457e+01   1.7418924e+01   9.7195445e+00   5.1097722e+00   1.1567972e+01   2.2208293e+01   2.6696374e+01   3.1200163e+01   2.4005319e+01   2.8450850e+01   1.8000000e+01   1.1047512e+01   1.4009256e+01   2.2040659e+01   8.5622577e+00   5.1097722e+00   8.2781746e+00   1.5307093e+01   2.1054805e+01   2.0311613e+01   1.1545361e+01   1.9604973e+01   2.8651377e+01   2.9706164e+01   1.8837121e+01   2.7541635e+01   2.3500000e+01   2.8004545e+01   2.3440139e+01   1.3953624e+01   1.2583046e+01   8.5622577e+00   6.7649820e+00   1.0795630e+01   1.3247549e+01   1.3000000e+01   8.1485293e+00   1.5483324e+01   2.2465883e+01   2.6701145e+01   2.7689152e+01   2.3845235e+01   1.7588007e+01   1.7566048e+01   1.3000000e+01   1.8527756e+01   0.0000000e+00   6.2008771e+00   1.1011898e+01   2.1742646e+01   1.5077380e+01   3.4624771e+01   1.9107794e+01   9.0146932e+00   7.0764732e+00   1.7740940e+01   2.4442640e+01   2.3308989e+01   2.5544960e+01   2.7117663e+01   1.5340822e+01   1.6824828e+01   1.9241665e+01   1.7740940e+01   1.9637659e+01   1.6128500e+01   7.6063352e+00   1.2129703e+01   1.5483324e+01   1.8939089e+01   2.2860680e+01   2.0599751e+01   3.6622777e+00   1.2043396e+01   6.2008771e+00   2.0512496e+01   1.8527756e+01   1.7762677e+01   1.6032225e+01   1.7507351e+01   1.6032225e+01   1.9006756e+01   1.9168155e+01   1.6624515e+01   2.0723748e+01   1.3247549e+01
   1.2706556e+01   2.6805893e+01   1.8939089e+01   2.8717902e+01   2.0902206e+01   2.0025624e+01   1.0624228e+01   1.6032225e+01   1.5205441e+01   5.2434165e+00   4.5311289e+00   2.1024376e+01   2.2551077e+01   3.0603986e+01   3.2535137e+01   2.6432605e+01   2.2888613e+01   1.5416434e+01   8.0000000e+00   9.7195445e+00   2.6600766e+01   3.1342341e+01   3.5428498e+01   2.5995098e+01   3.1504032e+01   2.1976732e+01   1.5541609e+01   1.7964249e+01   2.3401965e+01   8.4056942e+00   9.2321246e+00   4.5000000e+00   1.6032225e+01   2.0748457e+01   1.8610770e+01   1.3785330e+01   2.5248737e+01   3.4337849e+01   3.3431748e+01   2.3440139e+01   3.2394357e+01   2.9039446e+01   3.3560551e+01   2.9140007e+01   1.9221645e+01   1.6824828e+01   1.2010864e+01   1.1511358e+01   1.1011898e+01   1.5366069e+01   1.2798374e+01   1.3500000e+01   2.0146883e+01   2.5500000e+01   2.9706164e+01   3.1824910e+01   2.9109439e+01   2.2465883e+01   2.3199119e+01   1.8700275e+01   2.4217082e+01   6.2008771e+00   0.0000000e+00   7.7111026e+00   1.8451323e+01   1.1680340e+01   3.8235925e+01   2.1362646e+01   1.2583046e+01   8.7006097e+00   1.5508331e+01   2.8824018e+01   2.7854159e+01   3.0067719e+01   3.1516125e+01   1.7914075e+01   1.8884776e+01   1.9506578e+01   1.8809833e+01   2.2092823e+01   1.6382380e+01   1.3029964e+01   1.7769916e+01   2.1115528e+01   2.4635037e+01   2.8473201e+01   2.6004901e+01   9.0146932e+00   1.7507351e+01   2.7360680e+00   2.6209920e+01   2.4132605e+01   2.3445588e+01   2.1505952e+01   2.3022211e+01   2.1648286e+01   2.4520824e+01   2.4831050e+01   2.2283021e+01   2.6394015e+01   1.7964249e+01
   1.9604973e+01   3.2122777e+01   2.6112497e+01   3.5317381e+01   2.4000000e+01   2.4526028e+01   1.4229530e+01   1.7682840e+01   2.2231314e+01   1.1835784e+01   7.0000000e+00   2.7835874e+01   2.7560118e+01   3.4000000e+01   3.7272952e+01   2.9109439e+01   2.4526028e+01   1.9168155e+01   9.0000000e+00   1.6655494e+01   3.2706366e+01   3.7204904e+01   4.1682521e+01   3.3149655e+01   3.8411080e+01   2.8379204e+01   2.1529741e+01   2.4353721e+01   3.0608138e+01   1.5616216e+01   1.5340822e+01   1.1270330e+01   2.3243131e+01   2.7813001e+01   2.5238634e+01   1.1200467e+01   2.9109439e+01   3.6845564e+01   4.0028471e+01   2.9348743e+01   3.8013331e+01   3.3310059e+01   3.7715588e+01   3.2063428e+01   2.0512496e+01   1.6390249e+01   1.1567972e+01   1.3039936e+01   6.8639610e+00   2.2431712e+01   1.9974342e+01   1.8527756e+01   2.5995098e+01   3.2390437e+01   3.6624784e+01   3.8146381e+01   3.4093154e+01   2.8077164e+01   2.7169271e+01   2.2023243e+01   2.7042419e+01   1.1011898e+01   7.7111026e+00   0.0000000e+00   2.4000000e+01   1.7617243e+01   4.4907207e+01   2.8450850e+01   1.9101075e+01   1.5706906e+01   2.1976732e+01   3.4941980e+01   3.3820414e+01   3.6056293e+01   3.7621422e+01   2.4897746e+01   2.5995098e+01   2.6677280e+01   2.6019600e+01   2.9140007e+01   2.3570544e+01   1.5500000e+01   2.0506249e+01   2.3586793e+01   2.8004545e+01   3.0508332e+01   3.0707615e+01   1.4156500e+01   2.2208293e+01   9.9339811e+00   2.9500000e+01   2.8221833e+01   2.7042419e+01   2.6097851e+01   2.7467573e+01   2.5743811e+01   2.8942925e+01   2.8571338e+01   2.6122256e+01   3.0038111e+01   2.3759407e+01
   1.8000000e+01   3.3397568e+01   1.6878339e+01   2.9214108e+01   3.3734019e+01   3.0408193e+01   2.5464975e+01   3.1564449e+01   9.6923882e+00   1.8617671e+01   2.2340330e+01   2.2340330e+01   3.1028675e+01   4.1420655e+01   3.9895431e+01   3.9077843e+01   3.7439139e+01   2.8486604e+01   2.5489998e+01   1.0904326e+01   3.0240545e+01   3.5061539e+01   3.6669739e+01   2.1553503e+01   2.9039446e+01   2.5489998e+01   2.3401965e+01   2.3088714e+01   1.8028548e+01   1.4401439e+01   2.0412308e+01   1.4580128e+01   1.3785330e+01   1.1601802e+01   6.5207973e+00   3.1680924e+01   3.5901271e+01   4.6415684e+01   3.3015381e+01   2.8731188e+01   3.6900549e+01   3.8146381e+01   4.2324036e+01   4.1027768e+01   3.4621108e+01   3.3820414e+01   2.9469812e+01   2.8004545e+01   2.8859302e+01   1.7270510e+01   1.2010864e+01   2.4897746e+01   2.6677280e+01   2.4629857e+01   2.7504629e+01   3.3310059e+01   3.6294553e+01   2.9122544e+01   3.4003731e+01   3.1620733e+01   3.6931442e+01   2.1742646e+01   1.8451323e+01   2.4000000e+01   0.0000000e+00   7.3007353e+00   3.6586701e+01   1.9735384e+01   2.0025624e+01   1.6824828e+01   5.6478151e+00   3.1908598e+01   3.1820920e+01   3.3484845e+01   3.4134060e+01   1.9168155e+01   1.8085505e+01   1.3009996e+01   1.5213939e+01   2.0723748e+01   1.2520815e+01   2.8379204e+01   3.1740999e+01   3.4840210e+01   3.6350384e+01   4.1867258e+01   3.4547761e+01   2.2414607e+01   2.8158633e+01   1.6786497e+01   3.7826264e+01   3.4503676e+01   3.4941980e+01   3.1305844e+01   3.2818725e+01   3.2515621e+01   3.4059648e+01   3.5802266e+01   3.3534073e+01   3.7300136e+01   2.5464975e+01
   1.3149111e+01   2.9361739e+01   1.4817821e+01   2.7169271e+01   2.7908940e+01   2.5122145e+01   1.9006756e+01   2.5101829e+01   7.6589105e+00   1.2010864e+01   1.5541609e+01   1.9506578e+01   2.6311819e+01   3.6294553e+01   3.5802266e+01   3.3401368e+01   3.1261177e+01   2.2465883e+01   1.8700275e+01   4.9721360e+00   2.7075365e+01   3.2063428e+01   3.4632096e+01   2.1115528e+01   2.8181221e+01   2.2092823e+01   1.8423448e+01   1.8939089e+01   1.7719175e+01   8.4056942e+00   1.4329317e+01   7.7801099e+00   1.1188779e+01   1.2541595e+01   8.5622577e+00   2.4882371e+01   3.0707615e+01   4.0996913e+01   3.1491934e+01   2.4918231e+01   3.3685087e+01   3.3462099e+01   3.7836309e+01   3.5589172e+01   2.8221833e+01   2.7117663e+01   2.2692341e+01   2.1338666e+01   2.2144861e+01   1.3538405e+01   8.0000000e+00   1.9101075e+01   2.2340330e+01   2.2860680e+01   2.6461510e+01   3.1065503e+01   3.2162280e+01   2.4882371e+01   2.8717902e+01   2.5723997e+01   3.1200163e+01   1.5077380e+01   1.1680340e+01   1.7617243e+01   7.3007353e+00   0.0000000e+00   3.5671011e+01   1.7856555e+01   1.4817821e+01   1.0904326e+01   5.2169906e+00   2.9017538e+01   2.8611386e+01   3.0537477e+01   3.1500000e+01   1.6000000e+01   1.5632746e+01   1.2593387e+01   1.3624405e+01   1.8837121e+01   1.0462429e+01   2.1900935e+01   2.5604780e+01   2.8819605e+01   3.0872685e+01   3.6031676e+01   2.9936372e+01   1.6072412e+01   2.2709232e+01   9.9868330e+00   3.2406112e+01   2.9353076e+01   2.9491378e+01   2.6214782e+01   2.7780946e+01   2.7169271e+01   2.9135642e+01   3.0516662e+01   2.8113403e+01   3.2067388e+01   2.0748457e+01
   2.6053865e+01   1.7588007e+01   2.1380613e+01   1.0104686e+01   2.9348743e+01   2.4938699e+01   3.3034597e+01   3.4752737e+01   2.8646936e+01   3.3643627e+01   3.8608398e+01   1.7740940e+01   2.1529741e+01   2.6619916e+01   1.9000000e+01   2.9970324e+01   3.3925290e+01   2.9800171e+01   3.8345079e+01   3.2453091e+01   1.3813527e+01   1.1780514e+01   6.5000000e+00   1.5533296e+01   8.0663730e+00   1.7150826e+01   2.4211811e+01   2.1115528e+01   1.9060711e+01   3.1134947e+01   3.0101520e+01   3.6277088e+01   2.5020400e+01   2.5519992e+01   3.0566593e+01   4.3073466e+01   2.5167793e+01   3.1500000e+01   5.4497475e+00   1.7300298e+01   1.3039936e+01   2.2283021e+01   2.2522716e+01   2.8859302e+01   3.5177082e+01   3.9467936e+01   3.9493589e+01   3.6294553e+01   4.4346323e+01   2.3759407e+01   2.8486604e+01   2.8086228e+01   2.0349433e+01   1.3500000e+01   9.7195445e+00   8.3262379e+00   1.8346568e+01   1.9221645e+01   2.5384734e+01   2.9400692e+01   2.9594673e+01   3.4624771e+01   3.8235925e+01   4.4907207e+01   3.6586701e+01   3.5671011e+01   0.0000000e+00   1.8367568e+01   2.6306976e+01   3.0084624e+01   3.2394357e+01   1.1912712e+01   1.3471122e+01   1.1736103e+01   9.9868330e+00   2.1073041e+01   2.0748457e+01   2.4190715e+01   2.2573740e+01   1.7418924e+01   2.5723997e+01   3.3921550e+01   3.1455613e+01   3.1370698e+01   2.7379360e+01   3.2663644e+01   2.1054805e+01   3.1684932e+01   2.5901772e+01   3.6346897e+01   2.7425824e+01   2.4552027e+01   2.6777367e+01   2.3764780e+01   2.3548861e+01   2.5544960e+01   2.2972205e+01   2.5798221e+01   2.6239075e+01   2.5847584e+01   2.2431712e+01
   9.5138782e+00   1.5706906e+01   3.5413813e+00   1.0013149e+01   2.1488092e+01   1.6640012e+01   1.9321530e+01   2.3586793e+01   1.1011898e+01   1.7210775e+01   2.2703603e+01   4.1055513e+00   1.5264823e+01   2.5609759e+01   2.1900935e+01   2.5384734e+01   2.6394015e+01   1.8506943e+01   2.3532586e+01   1.4615594e+01   1.1477249e+01   1.6008062e+01   1.7507351e+01   5.4244289e+00   1.1011898e+01   7.6063352e+00   1.1011898e+01   8.0663730e+00   4.7720019e+00   1.3700379e+01   1.4589003e+01   1.8809833e+01   7.1708320e+00   9.6787799e+00   1.3962912e+01   2.9469812e+01   2.0853132e+01   3.1147186e+01   1.4147344e+01   1.1130146e+01   1.7964249e+01   2.1434421e+01   2.4918231e+01   2.6239075e+01   2.5505000e+01   2.7872431e+01   2.5960754e+01   2.2961077e+01   2.9400692e+01   6.5207973e+00   1.0624228e+01   1.5137281e+01   1.0807764e+01   5.5249378e+00   9.2321246e+00   1.4083078e+01   1.8562392e+01   1.2426860e+01   1.9539433e+01   2.0159603e+01   2.3743279e+01   1.9107794e+01   2.1362646e+01   2.8450850e+01   1.9735384e+01   1.7856555e+01   1.8367568e+01   0.0000000e+00   1.0807764e+01   1.3247549e+01   1.5008618e+01   1.2849089e+01   1.3029964e+01   1.4428388e+01   1.4930870e+01   4.3078866e+00   3.0000000e+00   7.4641941e+00   5.0276926e+00   1.5000000e+00   8.0166482e+00   2.1386599e+01   2.1523796e+01   2.3352790e+01   2.2231314e+01   2.8540150e+01   1.8000000e+01   1.6847783e+01   1.5632746e+01   1.9268324e+01   2.3308989e+01   1.9506578e+01   2.0926698e+01   1.6655494e+01   1.7719175e+01   1.8527756e+01   1.8423448e+01   2.1073041e+01   1.9637659e+01   2.2208293e+01   1.1188779e+01
   2.7360680e+00   1.5533296e+01   9.5553851e+00   1.6724981e+01   1.4401439e+01   1.0904326e+01   9.1313383e+00   1.4147344e+01   1.1601802e+01   7.8824115e+00   1.2879418e+01   9.3459030e+00   1.2043396e+01   2.2023243e+01   2.1789669e+01   1.9591883e+01   1.8617671e+01   9.6923882e+00   1.3276932e+01   1.0348858e+01   1.4580128e+01   1.9427493e+01   2.3347319e+01   1.5731546e+01   1.9948650e+01   9.8941471e+00   4.1400549e+00   5.8851648e+00   1.4229530e+01   7.1708320e+00   4.4051248e+00   1.1545361e+01   8.8815273e+00   1.5060220e+01   1.6311388e+01   1.9168155e+01   1.6453056e+01   2.6900758e+01   2.1440392e+01   1.1601802e+01   2.0655644e+01   1.9168155e+01   2.3586793e+01   2.1505952e+01   1.6640012e+01   1.8007141e+01   1.5682226e+01   1.2757651e+01   1.9221645e+01   5.5000000e+00   8.6394103e+00   5.8851648e+00   8.5000000e+00   1.3953624e+01   1.8191806e+01   1.9741881e+01   1.8177670e+01   1.1011898e+01   1.4508926e+01   1.2426860e+01   1.7485288e+01   9.0146932e+00   1.2583046e+01   1.9101075e+01   2.0025624e+01   1.4817821e+01   2.6306976e+01   1.0807764e+01   0.0000000e+00   5.0000000e+00   1.5000000e+01   1.6786497e+01   1.5902922e+01   1.8085505e+01   1.9473666e+01   7.0000000e+00   8.7462113e+00   1.2757651e+01   1.0512492e+01   1.1235455e+01   1.0156604e+01   1.1500000e+01   1.3039936e+01   1.5764338e+01   1.6824828e+01   2.2465883e+01   1.5682226e+01   6.5415230e+00   8.6394103e+00   1.0940307e+01   1.8304494e+01   1.5077380e+01   1.5416434e+01   1.1912712e+01   1.3471122e+01   1.3000000e+01   1.4817821e+01   1.6311388e+01   1.4009256e+01   1.7834936e+01   6.5827625e+00
   4.5311289e+00   2.0025624e+01   1.1047512e+01   2.0624612e+01   1.7529386e+01   1.4817821e+01   9.5138782e+00   1.5483324e+01   9.7195445e+00   4.5311289e+00   1.0117692e+01   1.2849089e+01   1.6390249e+01   2.5995098e+01   2.6239075e+01   2.3000000e+01   2.1115528e+01   1.2172618e+01   1.1680340e+01   6.5207973e+00   1.8939089e+01   2.3845235e+01   2.7541635e+01   1.8000000e+01   2.3303509e+01   1.4101471e+01   8.5622577e+00   1.0208244e+01   1.5706906e+01   3.0000000e+00   4.1055513e+00   7.0764732e+00   8.7462113e+00   1.4508926e+01   1.4256816e+01   1.8113915e+01   2.0406029e+01   3.0603986e+01   2.5324383e+01   1.6072412e+01   2.5127221e+01   2.3440139e+01   2.7908940e+01   2.5198178e+01   1.8423448e+01   1.8451323e+01   1.5000000e+01   1.2665525e+01   1.7120770e+01   7.2268120e+00   6.5827625e+00   8.7006097e+00   1.3000000e+01   1.7300298e+01   2.1505952e+01   2.3909400e+01   2.2641590e+01   1.5508331e+01   1.8388544e+01   1.5366069e+01   2.0803941e+01   7.0764732e+00   8.7006097e+00   1.5706906e+01   1.6824828e+01   1.0904326e+01   3.0084624e+01   1.3247549e+01   5.0000000e+00   0.0000000e+00   1.2161904e+01   2.1115528e+01   2.0311613e+01   2.2465883e+01   2.3786262e+01   9.7195445e+00   1.0807764e+01   1.2665525e+01   1.1270330e+01   1.3935029e+01   9.5553851e+00   1.2384864e+01   1.5416434e+01   1.8534689e+01   2.0481241e+01   2.5664459e+01   2.0025624e+01   6.3523500e+00   1.2353270e+01   6.7649820e+00   2.2023243e+01   1.9080904e+01   1.9107794e+01   1.6008062e+01   1.7588007e+01   1.6824828e+01   1.9000000e+01   2.0178669e+01   1.7740940e+01   2.1742646e+01   1.1047512e+01
   1.2919742e+01   2.8271388e+01   1.2043396e+01   2.4520824e+01   2.8819605e+01   2.5339485e+01   2.1073041e+01   2.7117663e+01   4.6231056e+00   1.4580128e+01   1.9060711e+01   1.7367128e+01   2.5887005e+01   3.6305028e+01   3.4770979e+01   3.4089433e+01   3.2702484e+01   2.3700216e+01   2.1877558e+01   6.6846584e+00   2.5238634e+01   3.0114186e+01   3.2015869e+01   1.7477927e+01   2.4831050e+01   2.0424859e+01   1.8304494e+01   1.7942764e+01   1.3962912e+01   9.8941471e+00   1.5764338e+01   1.1511358e+01   8.7462113e+00   8.1321688e+00   3.8541020e+00   2.8289386e+01   3.0802640e+01   4.1344216e+01   2.8540150e+01   2.3619256e+01   3.1908598e+01   3.3000000e+01   3.7177650e+01   3.5968296e+01   3.0084624e+01   2.9761750e+01   2.5723997e+01   2.3909400e+01   2.6000000e+01   1.2129703e+01   6.9031242e+00   2.0025624e+01   2.1529741e+01   2.0000000e+01   2.3199119e+01   2.8571338e+01   3.1163496e+01   2.3978714e+01   2.8925341e+01   2.6748809e+01   3.1968238e+01   1.7740940e+01   1.5508331e+01   2.1976732e+01   5.6478151e+00   5.2169906e+00   3.2394357e+01   1.5008618e+01   1.5000000e+01   1.2161904e+01   0.0000000e+00   2.6976405e+01   2.6815395e+01   2.8544607e+01   2.9279333e+01   1.4101471e+01   1.3158989e+01   8.7462113e+00   1.0500000e+01   1.6008062e+01   7.5710678e+00   2.3978714e+01   2.7004717e+01   3.0016944e+01   3.1309901e+01   3.6931442e+01   2.9400692e+01   1.7942764e+01   2.3138463e+01   1.3509612e+01   3.2768406e+01   2.9400692e+01   2.9898129e+01   2.6200195e+01   2.7702941e+01   2.7453664e+01   2.8929738e+01   3.0720026e+01   2.8486604e+01   3.2205678e+01   2.0330532e+01
   1.7270510e+01   6.5207973e+00   1.5541609e+01   4.9721360e+00   1.7964249e+01   1.3538405e+01   2.2208293e+01   2.3401965e+01   2.2860680e+01   2.4084953e+01   2.8473201e+01   1.0117692e+01   1.0117692e+01   1.6778821e+01   1.0624228e+01   1.9107794e+01   2.2635944e+01   1.8562392e+01   2.7702941e+01   2.5020400e+01   2.7360680e+00   3.6622777e+00   7.3007353e+00   1.3586252e+01   9.7195445e+00   7.5710678e+00   1.3916408e+01   1.1420165e+01   1.6032225e+01   2.2776669e+01   2.0197716e+01   2.7670756e+01   1.8748288e+01   2.1976732e+01   2.6273048e+01   3.1968238e+01   1.4147344e+01   2.2208293e+01   7.3007353e+00   6.2008771e+00   5.6478151e+00   1.2172618e+01   1.4147344e+01   1.8527756e+01   2.3764780e+01   2.8108875e+01   2.8432955e+01   2.5258837e+01   3.3609666e+01   1.6000000e+01   2.1523796e+01   1.7300298e+01   9.5138782e+00   8.7006097e+00   9.2321246e+00   4.1055513e+00   8.2620873e+00   7.9330344e+00   1.4101471e+01   1.7992856e+01   1.8451323e+01   2.4442640e+01   2.8824018e+01   3.4941980e+01   3.1908598e+01   2.9017538e+01   1.1912712e+01   1.2849089e+01   1.6786497e+01   2.1115528e+01   2.6976405e+01   0.0000000e+00   2.0811388e+00   2.0811388e+00   3.1925824e+00   1.3538405e+01   1.4329317e+01   1.9813208e+01   1.7263055e+01   1.1923660e+01   1.9916488e+01   2.2776669e+01   2.0057607e+01   2.0000000e+01   1.6287653e+01   2.2023243e+01   1.0052487e+01   2.1338666e+01   1.4659802e+01   2.7225456e+01   1.6570159e+01   1.3354960e+01   1.5541609e+01   1.2353270e+01   1.2204700e+01   1.4156500e+01   1.1780514e+01   1.4721463e+01   1.4896180e+01   1.5034442e+01   1.1736103e+01
   1.6570159e+01   5.0000000e+00   1.5541609e+01   6.2008771e+00   1.6390249e+01   1.2010864e+01   2.0902206e+01   2.1900935e+01   2.2692341e+01   2.3110838e+01   2.7332816e+01   9.9868330e+00   8.5622577e+00   1.5416434e+01   9.7195445e+00   1.7566048e+01   2.1054805e+01   1.7120770e+01   2.6432605e+01   2.4505208e+01   2.0811388e+00   4.0355339e+00   8.6394103e+00   1.4329317e+01   1.1106602e+01   7.0192024e+00   1.2849089e+01   1.0611874e+01   1.6507811e+01   2.2092823e+01   1.9168155e+01   2.6886550e+01   1.8569311e+01   2.2208293e+01   2.6311819e+01   3.0554118e+01   1.2593387e+01   2.0902206e+01   8.8815273e+00   4.9721360e+00   5.5990195e+00   1.0807764e+01   1.3119429e+01   1.7068042e+01   2.2208293e+01   2.6600766e+01   2.7037709e+01   2.3877339e+01   3.2300157e+01   1.5574813e+01   2.1151876e+01   1.6032225e+01   8.3262379e+00   9.3459030e+00   1.0462429e+01   5.6478151e+00   7.0000000e+00   6.5207973e+00   1.2520815e+01   1.6453056e+01   1.6878339e+01   2.3308989e+01   2.7854159e+01   3.3820414e+01   3.1820920e+01   2.8611386e+01   1.3471122e+01   1.3029964e+01   1.5902922e+01   2.0311613e+01   2.6815395e+01   2.0811388e+00   0.0000000e+00   2.7360680e+00   4.4051248e+00   1.3247549e+01   1.4256816e+01   1.9955076e+01   1.7307736e+01   1.2161904e+01   1.9800259e+01   2.1362646e+01   1.8527756e+01   1.8423448e+01   1.4721463e+01   2.0506249e+01   8.5156098e+00   2.0178669e+01   1.3227922e+01   2.6331183e+01   1.5034442e+01   1.1780514e+01   1.3962912e+01   1.0795630e+01   1.0624228e+01   1.2583046e+01   1.0208244e+01   1.3158989e+01   1.3316006e+01   1.3509612e+01   1.0562306e+01
   1.8672782e+01   6.3523500e+00   1.7120770e+01   6.2008771e+00   1.8177670e+01   1.4009256e+01   2.3110838e+01   2.3930749e+01   2.4426972e+01   2.5324383e+01   2.9568884e+01   1.1680340e+01   1.0500000e+01   1.6072412e+01   9.4442719e+00   1.8837121e+01   2.2692341e+01   1.9241665e+01   2.8651377e+01   2.6504807e+01   4.0355339e+00   2.0811388e+00   6.5207973e+00   1.5034442e+01   1.0624228e+01   9.0146932e+00   1.5077380e+01   1.2757651e+01   1.7566048e+01   2.4190715e+01   2.1392582e+01   2.9035066e+01   2.0311613e+01   2.3548861e+01   2.7854159e+01   3.2690837e+01   1.3962912e+01   2.1386599e+01   7.5178344e+00   7.2082039e+00   4.1055513e+00   1.1511358e+01   1.3039936e+01   1.8007141e+01   2.4084953e+01   2.8611386e+01   2.9192333e+01   2.6044080e+01   3.4503676e+01   1.7507351e+01   2.3049945e+01   1.8255281e+01   1.0562306e+01   1.0208244e+01   1.0361541e+01   4.0355339e+00   7.5178344e+00   8.7006097e+00   1.4156500e+01   1.8402514e+01   1.8367568e+01   2.5544960e+01   3.0067719e+01   3.6056293e+01   3.3484845e+01   3.0537477e+01   1.1736103e+01   1.4428388e+01   1.8085505e+01   2.2465883e+01   2.8544607e+01   2.0811388e+00   2.7360680e+00   0.0000000e+00   2.3027756e+00   1.5077380e+01   1.5902922e+01   2.1392582e+01   1.8843936e+01   1.3500000e+01   2.1488092e+01   2.3505434e+01   2.0500000e+01   2.0178669e+01   1.6160460e+01   2.1648286e+01   9.8407708e+00   2.2414607e+01   1.5366069e+01   2.8522313e+01   1.6287653e+01   1.3316006e+01   1.5541609e+01   1.2706556e+01   1.2353270e+01   1.4392444e+01   1.1736103e+01   1.4580128e+01   1.5034442e+01   1.4721463e+01   1.2798374e+01
   1.9916488e+01   8.1157731e+00   1.7762677e+01   5.9083269e+00   1.9974342e+01   1.5805228e+01   2.4800206e+01   2.5723997e+01   2.5182990e+01   2.6777367e+01   3.1147186e+01   1.2510412e+01   1.2300424e+01   1.7507351e+01   1.0462429e+01   2.0512496e+01   2.4463514e+01   2.1006097e+01   3.0320295e+01   2.7573973e+01   5.4244289e+00   2.5615528e+00   4.7426407e+00   1.4922205e+01   9.6787799e+00   1.0208244e+01   1.6601242e+01   1.4101471e+01   1.7719175e+01   2.5409837e+01   2.2888613e+01   3.0332868e+01   2.1097330e+01   2.3909400e+01   2.8392651e+01   3.4448490e+01   1.5682226e+01   2.2703603e+01   6.0226805e+00   8.8216585e+00   4.5311289e+00   1.3009996e+01   1.4101471e+01   1.9559119e+01   2.5887005e+01   3.0408193e+01   3.0938463e+01   2.7780946e+01   3.6200140e+01   1.8527756e+01   2.4000000e+01   1.9916488e+01   1.2161904e+01   1.0348858e+01   9.7195445e+00   2.5615528e+00   9.0146932e+00   1.0424717e+01   1.5935349e+01   2.0204060e+01   2.0108672e+01   2.7117663e+01   3.1516125e+01   3.7621422e+01   3.4134060e+01   3.1500000e+01   9.9868330e+00   1.4930870e+01   1.9473666e+01   2.3786262e+01   2.9279333e+01   3.1925824e+00   4.4051248e+00   2.3027756e+00   0.0000000e+00   1.6000000e+01   1.6624515e+01   2.1860009e+01   1.9427493e+01   1.3962912e+01   2.2208293e+01   2.5258837e+01   2.2300229e+01   2.1970911e+01   1.7892527e+01   2.3270595e+01   1.1567972e+01   2.4005319e+01   1.7120770e+01   2.9910882e+01   1.7964249e+01   1.5077380e+01   1.7307736e+01   1.4508926e+01   1.4147344e+01   1.6192355e+01   1.3500000e+01   1.6311388e+01   1.6824828e+01   1.6390249e+01   1.4392444e+01
   5.8150729e+00   1.4826549e+01   3.8541020e+00   1.1901754e+01   1.8527756e+01   1.3916408e+01   1.5541609e+01   2.0006409e+01   9.9868330e+00   1.3586252e+01   1.9006756e+01   4.0355339e+00   1.3247549e+01   2.3845235e+01   2.1296634e+01   2.2888613e+01   2.3303509e+01   1.5034442e+01   1.9735384e+01   1.2172618e+01   1.1680340e+01   1.6624515e+01   1.9241665e+01   9.2321246e+00   1.4101471e+01   6.8245553e+00   7.5710678e+00   5.2169906e+00   8.0000000e+00   1.0562306e+01   1.0795630e+01   1.5706906e+01   5.8851648e+00   1.0807764e+01   1.3962912e+01   2.5664459e+01   1.8700275e+01   2.9244565e+01   1.6476545e+01   1.0117692e+01   1.8346568e+01   2.0025624e+01   2.3936083e+01   2.4100847e+01   2.2092823e+01   2.4190715e+01   2.2162179e+01   1.9181542e+01   2.5624689e+01   3.1925824e+00   8.5000000e+00   1.1511358e+01   8.6394103e+00   8.1321688e+00   1.2300424e+01   1.5632746e+01   1.7740940e+01   1.0807764e+01   1.7143317e+01   1.6992423e+01   2.1073041e+01   1.5340822e+01   1.7914075e+01   2.4897746e+01   1.9168155e+01   1.6000000e+01   2.1073041e+01   4.3078866e+00   7.0000000e+00   9.7195445e+00   1.4101471e+01   1.3538405e+01   1.3247549e+01   1.5077380e+01   1.6000000e+01   0.0000000e+00   2.5615528e+00   8.3102497e+00   5.5000000e+00   4.8011626e+00   7.2082039e+00   1.7682840e+01   1.8177670e+01   2.0280040e+01   1.9793781e+01   2.6000000e+01   1.6445219e+01   1.3039936e+01   1.2520815e+01   1.5902922e+01   2.1024376e+01   1.7300298e+01   1.8423448e+01   1.4229530e+01   1.5500000e+01   1.5943445e+01   1.6445219e+01   1.8809833e+01   1.7060495e+01   2.0102296e+01   8.3262379e+00
   7.2082039e+00   1.6311388e+01   1.9142136e+00   1.2043396e+01   2.0581086e+01   1.5935349e+01   1.7367128e+01   2.2000000e+01   9.0586214e+00   1.4800350e+01   2.0330532e+01   4.7720019e+00   1.5103082e+01   2.5664459e+01   2.2709232e+01   2.4882371e+01   2.5364634e+01   1.7068042e+01   2.1314658e+01   1.2204700e+01   1.2675796e+01   1.7477927e+01   1.9526298e+01   7.7111026e+00   1.3471122e+01   8.1321688e+00   9.6241438e+00   7.2082039e+00   6.0226805e+00   1.1200467e+01   1.2384864e+01   1.6311388e+01   5.0000000e+00   8.9852814e+00   1.2583046e+01   2.7379360e+01   2.0612185e+01   3.1110456e+01   1.6390249e+01   1.1601802e+01   1.9321530e+01   2.1724985e+01   2.5500000e+01   2.6019600e+01   2.4132605e+01   2.6122256e+01   2.3920077e+01   2.1000000e+01   2.7117663e+01   4.1055513e+00   8.2620873e+00   1.3500000e+01   1.0500000e+01   7.7801099e+00   1.1680340e+01   1.6000000e+01   1.9221645e+01   1.2520815e+01   1.9107794e+01   1.9053975e+01   2.3094247e+01   1.6824828e+01   1.8884776e+01   2.5995098e+01   1.8085505e+01   1.5632746e+01   2.0748457e+01   3.0000000e+00   8.7462113e+00   1.0807764e+01   1.3158989e+01   1.4329317e+01   1.4256816e+01   1.5902922e+01   1.6624515e+01   2.5615528e+00   0.0000000e+00   6.5207973e+00   3.7015621e+00   3.8541020e+00   6.0901699e+00   1.9604973e+01   2.0229420e+01   2.2340330e+01   2.1772047e+01   2.8004545e+01   1.8177670e+01   1.4730249e+01   1.4580128e+01   1.6778821e+01   2.2972205e+01   1.9221645e+01   2.0412308e+01   1.6192355e+01   1.7418924e+01   1.7942764e+01   1.8304494e+01   2.0748457e+01   1.9060711e+01   2.2005813e+01   1.0348858e+01
   1.0611874e+01   2.2300229e+01   5.1097722e+00   1.6778821e+01   2.5995098e+01   2.1595023e+01   2.1024376e+01   2.6394015e+01   5.5000000e+00   1.6507811e+01   2.2005813e+01   1.0624228e+01   2.1054805e+01   3.1644823e+01   2.8651377e+01   3.0603986e+01   3.0583218e+01   2.1860009e+01   2.3845235e+01   1.0807764e+01   1.8388544e+01   2.2972205e+01   2.4190715e+01   9.2321246e+00   1.6624515e+01   1.4101471e+01   1.4817821e+01   1.3000000e+01   5.7201533e+00   1.1736103e+01   1.5500000e+01   1.6032225e+01   4.5000000e+00   3.0000000e+00   7.0764732e+00   3.0269951e+01   2.6504807e+01   3.7054753e+01   2.0506249e+01   1.7602631e+01   2.4923349e+01   2.7744265e+01   3.1504032e+01   3.1900637e+01   2.8876927e+01   3.0067719e+01   2.7075365e+01   2.4500000e+01   2.9140007e+01   7.9330344e+00   7.2082039e+00   1.8085505e+01   1.6445219e+01   1.2172618e+01   1.5034442e+01   2.0896078e+01   2.5203239e+01   1.8534689e+01   2.4913111e+01   2.4269729e+01   2.8717902e+01   1.9241665e+01   1.9506578e+01   2.6677280e+01   1.3009996e+01   1.2593387e+01   2.4190715e+01   7.4641941e+00   1.2757651e+01   1.2665525e+01   8.7462113e+00   1.9813208e+01   1.9955076e+01   2.1392582e+01   2.1860009e+01   8.3102497e+00   6.5207973e+00   0.0000000e+00   3.3284271e+00   8.4056942e+00   3.6622777e+00   2.3635471e+01   2.5167793e+01   2.7615494e+01   2.7541635e+01   3.3685087e+01   2.4190715e+01   1.8000000e+01   1.9955076e+01   1.7270510e+01   2.8806360e+01   2.5101829e+01   2.6156383e+01   2.2005813e+01   2.3303509e+01   2.3662470e+01   2.4253947e+01   2.6600766e+01   2.4774472e+01   2.7908940e+01   1.6032225e+01
   8.5156098e+00   1.9506578e+01   2.3027756e+00   1.4535669e+01   2.3347319e+01   1.8857560e+01   1.9027007e+01   2.4132605e+01   6.5827625e+00   1.5273287e+01   2.0859273e+01   7.8824115e+00   1.8234148e+01   2.8819605e+01   2.5887005e+01   2.7854159e+01   2.8013633e+01   1.9427493e+01   2.2340330e+01   1.0904326e+01   1.5731546e+01   2.0424859e+01   2.2023243e+01   8.1321688e+00   1.5060220e+01   1.1316654e+01   1.2204700e+01   1.0208244e+01   5.1097722e+00   1.0904326e+01   1.3652946e+01   1.5706906e+01   3.3284271e+00   5.8150729e+00   9.5138782e+00   2.8646936e+01   2.3700216e+01   3.4237961e+01   1.8562392e+01   1.4800350e+01   2.2328880e+01   2.4918231e+01   2.8700177e+01   2.9100699e+01   2.6485573e+01   2.8000000e+01   2.5324383e+01   2.2590722e+01   2.7890692e+01   5.5249378e+00   6.9031242e+00   1.5706906e+01   1.3624405e+01   1.0000000e+01   1.3354960e+01   1.8610770e+01   2.2414607e+01   1.5706906e+01   2.2133308e+01   2.1689620e+01   2.6000000e+01   1.7740940e+01   1.8809833e+01   2.6019600e+01   1.5213939e+01   1.3624405e+01   2.2573740e+01   5.0276926e+00   1.0512492e+01   1.1270330e+01   1.0500000e+01   1.7263055e+01   1.7307736e+01   1.8843936e+01   1.9427493e+01   5.5000000e+00   3.7015621e+00   3.3284271e+00   0.0000000e+00   6.0226805e+00   3.6622777e+00   2.1505952e+01   2.2692341e+01   2.5020400e+01   2.4774472e+01   3.0950780e+01   2.1362646e+01   1.6128500e+01   1.7307736e+01   1.6601242e+01   2.6019600e+01   2.2300229e+01   2.3396506e+01   1.9221645e+01   2.0500000e+01   2.0908332e+01   2.1434421e+01   2.3807724e+01   2.2023243e+01   2.5101829e+01   1.3276932e+01
   1.0104686e+01   1.5000000e+01   4.5311289e+00   9.0146932e+00   2.1296634e+01   1.6390249e+01   1.9637659e+01   2.3694827e+01   1.2010864e+01   1.7856555e+01   2.3303509e+01   3.6622777e+00   1.4817821e+01   2.5045875e+01   2.1115528e+01   2.5020400e+01   2.6239075e+01   1.8562392e+01   2.4005319e+01   1.5541609e+01   1.0624228e+01   1.5077380e+01   1.6507811e+01   5.1097722e+00   1.0117692e+01   7.0192024e+00   1.1106602e+01   8.0000000e+00   5.2169906e+00   1.4508926e+01   1.5077380e+01   1.9637659e+01   8.1485293e+00   1.0562306e+01   1.4930870e+01   2.9847061e+01   2.0406029e+01   3.0603986e+01   1.3158989e+01   1.0500000e+01   1.7052945e+01   2.0803941e+01   2.4190715e+01   2.5768558e+01   2.5505000e+01   2.8054491e+01   2.6311819e+01   2.3270595e+01   2.9915132e+01   7.2268120e+00   1.1567972e+01   1.5307093e+01   1.0462429e+01   4.5311289e+00   8.3262379e+00   1.3089678e+01   1.7827723e+01   1.1912712e+01   1.9168155e+01   2.0057607e+01   2.3440139e+01   1.9637659e+01   2.2092823e+01   2.9140007e+01   2.0723748e+01   1.8837121e+01   1.7418924e+01   1.5000000e+00   1.1235455e+01   1.3935029e+01   1.6008062e+01   1.1923660e+01   1.2161904e+01   1.3500000e+01   1.3962912e+01   4.8011626e+00   3.8541020e+00   8.4056942e+00   6.0226805e+00   0.0000000e+00   9.0146932e+00   2.1600948e+01   2.1500000e+01   2.3199119e+01   2.1860009e+01   2.8181221e+01   1.7418924e+01   1.7270510e+01   1.5533296e+01   2.0025624e+01   2.2888613e+01   1.9080904e+01   2.0581086e+01   1.6311388e+01   1.7307736e+01   1.8220045e+01   1.7942764e+01   2.0655644e+01   1.9321530e+01   2.1742646e+01   1.1047512e+01
   7.9330344e+00   2.1529741e+01   5.0000000e+00   1.7500000e+01   2.3823808e+01   1.9709373e+01   1.8113915e+01   2.3662470e+01   3.5000000e+00   1.3354960e+01   1.8843936e+01   1.0323441e+01   1.9644190e+01   3.0232137e+01   2.8004545e+01   2.8700177e+01   2.8230849e+01   1.9348077e+01   2.0723748e+01   7.9330344e+00   1.8220045e+01   2.3061028e+01   2.5000000e+01   1.1235455e+01   1.8220045e+01   1.3500000e+01   1.2706556e+01   1.1511358e+01   8.0000000e+00   8.5777472e+00   1.2541595e+01   1.3000000e+01   1.9142136e+00   5.5249378e+00   7.3007353e+00   2.7169271e+01   2.4897746e+01   3.5503571e+01   2.1648286e+01   1.6824828e+01   2.4882371e+01   2.6600766e+01   3.0603986e+01   3.0232137e+01   2.6273048e+01   2.7169271e+01   2.4021267e+01   2.1523796e+01   2.5980385e+01   5.8150729e+00   4.1055513e+00   1.5541609e+01   1.5103082e+01   1.3039936e+01   1.6507811e+01   2.1523796e+01   2.4442640e+01   1.7418924e+01   2.3171568e+01   2.1970911e+01   2.6715453e+01   1.6128500e+01   1.6382380e+01   2.3570544e+01   1.2520815e+01   1.0462429e+01   2.5723997e+01   8.0166482e+00   1.0156604e+01   9.5553851e+00   7.5710678e+00   1.9916488e+01   1.9800259e+01   2.1488092e+01   2.2208293e+01   7.2082039e+00   6.0901699e+00   3.6622777e+00   3.6622777e+00   9.0146932e+00   0.0000000e+00   2.0803941e+01   2.2692341e+01   2.5324383e+01   2.5723997e+01   3.1712978e+01   2.3000000e+01   1.5034442e+01   1.7834936e+01   1.4147344e+01   2.7075365e+01   2.3483690e+01   2.4317011e+01   2.0311613e+01   2.1713203e+01   2.1819006e+01   2.2799103e+01   2.4918231e+01   2.2910935e+01   2.6311819e+01   1.4293114e+01
   1.3538405e+01   1.8527756e+01   2.0524984e+01   2.4629857e+01   9.0000000e+00   1.0361541e+01   3.4154759e+00   3.7015621e+00   2.1529741e+01   1.0424717e+01   9.8407708e+00   1.9000000e+01   1.3813527e+01   1.9000000e+01   2.2799103e+01   1.4229530e+01   1.0361541e+01   4.8011626e+00   7.0000000e+00   1.7992856e+01   2.0680436e+01   2.4317011e+01   2.9500000e+01   2.6209920e+01   2.8912145e+01   1.7740940e+01   1.1094810e+01   1.4428388e+01   2.5127221e+01   1.4589003e+01   8.8815273e+00   1.5366069e+01   1.9663768e+01   2.5817978e+01   2.6132011e+01   9.6923882e+00   1.4229530e+01   2.2087033e+01   2.9004386e+01   1.7150826e+01   2.4629857e+01   1.8569311e+01   2.2860680e+01   1.7120770e+01   6.8639610e+00   7.0192024e+00   6.2008771e+00   3.1925824e+00   1.1923660e+01   1.6500000e+01   1.8367568e+01   6.8245553e+00   1.4101471e+01   2.3347319e+01   2.7332816e+01   2.6331183e+01   1.9955076e+01   1.5349242e+01   1.2384864e+01   7.0764732e+00   1.2097414e+01   7.6063352e+00   1.3029964e+01   1.5500000e+01   2.8379204e+01   2.1900935e+01   3.3921550e+01   2.1386599e+01   1.1500000e+01   1.2384864e+01   2.3978714e+01   2.2776669e+01   2.1362646e+01   2.3505434e+01   2.5258837e+01   1.7682840e+01   1.9604973e+01   2.3635471e+01   2.1505952e+01   2.1600948e+01   2.0803941e+01   0.0000000e+00   5.5249378e+00   8.7462113e+00   1.3009996e+01   1.6008062e+01   1.6390249e+01   6.5415230e+00   8.6394103e+00   1.3306248e+01   1.4500000e+01   1.3480755e+01   1.2097414e+01   1.1912712e+01   1.3039936e+01   1.1094810e+01   1.4428388e+01   1.3652946e+01   1.1293517e+01   1.5077380e+01   1.2161904e+01
   1.5273287e+01   1.5000000e+01   2.1386599e+01   2.2692341e+01   4.0355339e+00   7.0192024e+00   7.6589105e+00   4.1055513e+00   2.4005319e+01   1.4508926e+01   1.4817821e+01   1.8527756e+01   1.0500000e+01   1.4009256e+01   1.8388544e+01   9.2321246e+00   6.2008771e+00   3.8541020e+00   1.2010864e+01   2.1386599e+01   1.8177670e+01   2.1054805e+01   2.6504807e+01   2.6019600e+01   2.7379360e+01   1.6390249e+01   1.1106602e+01   1.4000000e+01   2.5624689e+01   1.7856555e+01   1.1835784e+01   1.9637659e+01   2.1392582e+01   2.7541635e+01   2.8717902e+01   1.3471122e+01   9.5138782e+00   1.7120770e+01   2.6677280e+01   1.4817821e+01   2.1018285e+01   1.3962912e+01   1.8085505e+01   1.2097414e+01   4.5311289e+00   8.6394103e+00   1.0462429e+01   8.0166482e+00   1.6507811e+01   1.7740940e+01   2.0908332e+01   7.6589105e+00   1.2384864e+01   2.2368928e+01   2.5980385e+01   2.3662470e+01   1.5902922e+01   1.2798374e+01   7.8824115e+00   2.6213203e+00   7.0764732e+00   1.2129703e+01   1.7769916e+01   2.0506249e+01   3.1740999e+01   2.5604780e+01   3.1455613e+01   2.1523796e+01   1.3039936e+01   1.5416434e+01   2.7004717e+01   2.0057607e+01   1.8527756e+01   2.0500000e+01   2.2300229e+01   1.8177670e+01   2.0229420e+01   2.5167793e+01   2.2692341e+01   2.1500000e+01   2.2692341e+01   5.5249378e+00   0.0000000e+00   3.8541020e+00   8.0663730e+00   1.1235455e+01   1.2300424e+01   1.0104686e+01   6.5827625e+00   1.7740940e+01   9.5138782e+00   9.0000000e+00   7.3007353e+00   8.3102497e+00   9.0146932e+00   6.9031242e+00   1.0208244e+01   8.8815273e+00   6.7649820e+00   1.0208244e+01   1.1047512e+01
   1.7992856e+01   1.4392444e+01   2.3586793e+01   2.3177081e+01   2.5615528e+00   7.5178344e+00   1.1011898e+01   6.5207973e+00   2.6848624e+01   1.7834936e+01   1.8085505e+01   2.0102296e+01   1.0462429e+01   1.1188779e+01   1.6601242e+01   6.0226805e+00   3.5413813e+00   6.8639610e+00   1.5137281e+01   2.4541631e+01   1.8367568e+01   2.0481241e+01   2.6053865e+01   2.7573973e+01   2.8054491e+01   1.7507351e+01   1.3316006e+01   1.5797059e+01   2.7564737e+01   2.1006097e+01   1.5000000e+01   2.2972205e+01   2.3978714e+01   3.0046573e+01   3.1564449e+01   1.5682226e+01   7.6063352e+00   1.3841664e+01   2.6777367e+01   1.5307093e+01   2.0102296e+01   1.2010864e+01   1.5731546e+01   9.0000000e+00   4.8011626e+00   1.0117692e+01   1.3089678e+01   1.1047512e+01   1.9168155e+01   2.0197716e+01   2.3807724e+01   1.0500000e+01   1.3500000e+01   2.3521729e+01   2.6805893e+01   2.3548861e+01   1.4659802e+01   1.3247549e+01   6.6032778e+00   3.8541020e+00   4.0355339e+00   1.5483324e+01   2.1115528e+01   2.3586793e+01   3.4840210e+01   2.8819605e+01   3.1370698e+01   2.3352790e+01   1.5764338e+01   1.8534689e+01   3.0016944e+01   2.0000000e+01   1.8423448e+01   2.0178669e+01   2.1970911e+01   2.0280040e+01   2.2340330e+01   2.7615494e+01   2.5020400e+01   2.3199119e+01   2.5324383e+01   8.7462113e+00   3.8541020e+00   0.0000000e+00   5.6478151e+00   7.8824115e+00   1.1200467e+01   1.3403488e+01   8.2620873e+00   2.1091260e+01   6.8245553e+00   7.6063352e+00   5.4497475e+00   8.2620873e+00   8.3262379e+00   6.3523500e+00   9.1023253e+00   6.9031242e+00   5.6478151e+00   7.8824115e+00   1.2665525e+01
   1.8898369e+01   1.0323441e+01   2.3138463e+01   2.0025624e+01   4.5311289e+00   6.5207973e+00   1.4642136e+01   1.1420165e+01   2.7725907e+01   2.0748457e+01   2.2092823e+01   1.8700275e+01   7.6589105e+00   6.5207973e+00   1.1511358e+01   3.6622777e+00   7.3007353e+00   9.7195445e+00   1.9506578e+01   2.6432605e+01   1.5034442e+01   1.6192355e+01   2.1772047e+01   2.5847584e+01   2.5020400e+01   1.5541609e+01   1.3586252e+01   1.5077380e+01   2.6500000e+01   2.2972205e+01   1.7270510e+01   2.5847584e+01   2.4317011e+01   3.0038111e+01   3.2351217e+01   2.0748457e+01   2.7360680e+00   1.0624228e+01   2.3061028e+01   1.2593387e+01   1.5508331e+01   6.9031242e+00   1.0624228e+01   5.2169906e+00   9.9339811e+00   1.5264823e+01   1.7964249e+01   1.5574813e+01   2.4037205e+01   2.0412308e+01   2.4918231e+01   1.2353270e+01   1.1923660e+01   2.1296634e+01   2.4005319e+01   1.9663768e+01   9.9339811e+00   1.0698039e+01   3.1925824e+00   6.5207973e+00   2.7360680e+00   1.8939089e+01   2.4635037e+01   2.8004545e+01   3.6350384e+01   3.0872685e+01   2.7379360e+01   2.2231314e+01   1.6824828e+01   2.0481241e+01   3.1309901e+01   1.6287653e+01   1.4721463e+01   1.6160460e+01   1.7892527e+01   1.9793781e+01   2.1772047e+01   2.7541635e+01   2.4774472e+01   2.1860009e+01   2.5723997e+01   1.3009996e+01   8.0663730e+00   5.6478151e+00   0.0000000e+00   6.8245553e+00   6.8245553e+00   1.6311388e+01   8.7006097e+00   2.4217082e+01   2.0811388e+00   3.5000000e+00   1.9142136e+00   6.0901699e+00   5.1097722e+00   4.4051248e+00   5.0276926e+00   2.0811388e+00   3.3284271e+00   2.7360680e+00   1.2010864e+01
   2.4635037e+01   1.6008062e+01   2.9353076e+01   2.6019600e+01   8.6394103e+00   1.2593387e+01   1.8388544e+01   1.3354960e+01   3.3534073e+01   2.5198178e+01   2.5324383e+01   2.5020400e+01   1.3962912e+01   7.3007353e+00   1.5034442e+01   3.6622777e+00   6.5207973e+00   1.4101471e+01   2.2208293e+01   3.1684932e+01   2.1024376e+01   2.1386599e+01   2.6815395e+01   3.2162280e+01   3.1016389e+01   2.1860009e+01   1.9506578e+01   2.1296634e+01   3.2810989e+01   2.8158633e+01   2.2208293e+01   3.0341247e+01   3.0320295e+01   3.6172118e+01   3.8216044e+01   2.1523796e+01   8.5622577e+00   7.0192024e+00   2.8660256e+01   1.8837121e+01   2.0280040e+01   1.0940307e+01   1.2603718e+01   4.5311289e+00   1.0549876e+01   1.5533296e+01   1.9604973e+01   1.8085505e+01   2.5519992e+01   2.6432605e+01   3.0603986e+01   1.7485288e+01   1.8234148e+01   2.7564737e+01   3.0105743e+01   2.5182990e+01   1.4817821e+01   1.6992423e+01   9.5138782e+00   1.0807764e+01   5.5000000e+00   2.2860680e+01   2.8473201e+01   3.0508332e+01   4.1867258e+01   3.6031676e+01   3.2663644e+01   2.8540150e+01   2.2465883e+01   2.5664459e+01   3.6931442e+01   2.2023243e+01   2.0506249e+01   2.1648286e+01   2.3270595e+01   2.6000000e+01   2.8004545e+01   3.3685087e+01   3.0950780e+01   2.8181221e+01   3.1712978e+01   1.6008062e+01   1.1235455e+01   7.8824115e+00   6.8245553e+00   0.0000000e+00   1.2500000e+01   2.0748457e+01   1.4401439e+01   2.8473201e+01   6.0226805e+00   9.7195445e+00   8.1157731e+00   1.2384864e+01   1.1420165e+01   1.0562306e+01   1.1106602e+01   8.1485293e+00   9.4442719e+00   7.5000000e+00   1.8177670e+01
   1.7307736e+01   4.0355339e+00   1.9591883e+01   1.4036986e+01   9.3459030e+00   6.6846584e+00   1.6992423e+01   1.5902922e+01   2.5464975e+01   2.1523796e+01   2.4337995e+01   1.4401439e+01   4.1400549e+00   8.1321688e+00   7.0764732e+00   9.5553851e+00   1.3471122e+01   1.2204700e+01   2.2482948e+01   2.5489998e+01   9.0586214e+00   9.8941471e+00   1.5483324e+01   2.0859273e+01   1.9027007e+01   1.0904326e+01   1.2043396e+01   1.2010864e+01   2.2133308e+01   2.2340330e+01   1.7566048e+01   2.6239075e+01   2.1600948e+01   2.6662951e+01   2.9800171e+01   2.5198178e+01   4.6231056e+00   1.3709845e+01   1.6778821e+01   7.4462220e+00   9.4022469e+00   4.1055513e+00   8.4056942e+00   9.2321246e+00   1.5366069e+01   2.0349433e+01   2.1970911e+01   1.9080904e+01   2.7813001e+01   1.7834936e+01   2.3088714e+01   1.3009996e+01   8.4056942e+00   1.6008062e+01   1.8177670e+01   1.3354960e+01   4.1055513e+00   6.1568542e+00   5.1097722e+00   1.0208244e+01   9.0440037e+00   2.0599751e+01   2.6004901e+01   3.0707615e+01   3.4547761e+01   2.9936372e+01   2.1054805e+01   1.8000000e+01   1.5682226e+01   2.0025624e+01   2.9400692e+01   1.0052487e+01   8.5156098e+00   9.8407708e+00   1.1567972e+01   1.6445219e+01   1.8177670e+01   2.4190715e+01   2.1362646e+01   1.7418924e+01   2.3000000e+01   1.6390249e+01   1.2300424e+01   1.1200467e+01   6.8245553e+00   1.2500000e+01   0.0000000e+00   1.7529386e+01   9.0586214e+00   2.5045875e+01   7.0192024e+00   4.1055513e+00   6.3309519e+00   5.1097722e+00   3.8541020e+00   5.9083269e+00   2.6213203e+00   5.2434165e+00   6.1568542e+00   5.5000000e+00   9.6923882e+00
   8.1485293e+00   1.8569311e+01   1.5416434e+01   2.2092823e+01   1.2798374e+01   1.1511358e+01   3.6622777e+00   9.6787799e+00   1.5541609e+01   4.9721360e+00   7.6589105e+00   1.5205441e+01   1.4147344e+01   2.2208293e+01   2.4084953e+01   1.8388544e+01   1.5706906e+01   7.2082039e+00   7.3007353e+00   1.2010864e+01   1.9107794e+01   2.3548861e+01   2.8113403e+01   2.1772047e+01   2.5723997e+01   1.5034442e+01   8.0000000e+00   1.1106602e+01   2.0146883e+01   8.5622577e+00   3.0000000e+00   1.0117692e+01   1.4000000e+01   2.0057607e+01   2.0108672e+01   1.3149111e+01   1.6778821e+01   2.6239075e+01   2.6748809e+01   1.5706906e+01   2.4379908e+01   2.0524984e+01   2.5045875e+01   2.0926698e+01   1.2706556e+01   1.2665525e+01   9.7195445e+00   7.0000000e+00   1.3306248e+01   1.1293517e+01   1.2384864e+01   5.0276926e+00   1.2353270e+01   1.9800259e+01   2.4005319e+01   2.4629857e+01   2.0723748e+01   1.4428388e+01   1.4721463e+01   1.0562306e+01   1.6152476e+01   3.6622777e+00   9.0146932e+00   1.4156500e+01   2.2414607e+01   1.6072412e+01   3.1684932e+01   1.6847783e+01   6.5415230e+00   6.3523500e+00   1.7942764e+01   2.1338666e+01   2.0178669e+01   2.2414607e+01   2.4005319e+01   1.3039936e+01   1.4730249e+01   1.8000000e+01   1.6128500e+01   1.7270510e+01   1.5034442e+01   6.5415230e+00   1.0104686e+01   1.3403488e+01   1.6311388e+01   2.0748457e+01   1.7529386e+01   0.0000000e+00   9.0000000e+00   8.4056942e+00   1.7892527e+01   1.5632746e+01   1.5060220e+01   1.3000000e+01   1.4508926e+01   1.3158989e+01   1.6008062e+01   1.6390249e+01   1.3841664e+01   1.7964249e+01   1.0117692e+01
   1.0759142e+01   1.0562306e+01   1.5837862e+01   1.6824828e+01   6.5415230e+00   3.0495098e+00   8.5777472e+00   9.4442719e+00   1.9644190e+01   1.3158989e+01   1.5797059e+01   1.2500000e+01   5.8851648e+00   1.4156500e+01   1.5632746e+01   1.1465856e+01   1.1293517e+01   4.4051248e+00   1.4156500e+01   1.8255281e+01   1.2603718e+01   1.6200318e+01   2.1362646e+01   2.0000000e+01   2.1392582e+01   1.0323441e+01   5.6478151e+00   8.0663730e+00   1.9819679e+01   1.4826549e+01   9.3600226e+00   1.8085505e+01   1.6453056e+01   2.2414607e+01   2.4317011e+01   1.7827723e+01   8.5777472e+00   1.8809833e+01   2.1024376e+01   9.1023253e+00   1.6624515e+01   1.2043396e+01   1.6570159e+01   1.3403488e+01   1.0611874e+01   1.4147344e+01   1.4329317e+01   1.1200467e+01   1.9793781e+01   1.2593387e+01   1.6763456e+01   4.5311289e+00   6.3523500e+00   1.6287653e+01   1.9948650e+01   1.8234148e+01   1.2384864e+01   7.2268120e+00   6.5415230e+00   5.0276926e+00   9.4022469e+00   1.2043396e+01   1.7507351e+01   2.2208293e+01   2.8158633e+01   2.2709232e+01   2.5901772e+01   1.5632746e+01   8.6394103e+00   1.2353270e+01   2.3138463e+01   1.4659802e+01   1.3227922e+01   1.5366069e+01   1.7120770e+01   1.2520815e+01   1.4580128e+01   1.9955076e+01   1.7307736e+01   1.5533296e+01   1.7834936e+01   8.6394103e+00   6.5827625e+00   8.2620873e+00   8.7006097e+00   1.4401439e+01   9.0586214e+00   9.0000000e+00   0.0000000e+00   1.6694135e+01   1.0208244e+01   7.3007353e+00   7.3007353e+00   4.5000000e+00   6.0226805e+00   4.9721360e+00   7.5178344e+00   8.3262379e+00   5.9083269e+00   9.8941471e+00   5.0000000e+00
   1.0795630e+01   2.5579872e+01   1.6778821e+01   2.6886550e+01   2.0655644e+01   1.9241665e+01   1.0624228e+01   1.6445219e+01   1.3000000e+01   4.0355339e+00   6.0901699e+00   1.9107794e+01   2.1505952e+01   3.0101520e+01   3.1504032e+01   2.6239075e+01   2.3110838e+01   1.5077380e+01   9.2321246e+00   7.5710678e+00   2.5020400e+01   2.9847061e+01   3.3741540e+01   2.3845235e+01   2.9504310e+01   2.0280040e+01   1.4147344e+01   1.6311388e+01   2.1200242e+01   6.2008771e+00   8.0000000e+00   2.7360680e+00   1.3813527e+01   1.8527756e+01   1.6531220e+01   1.5416434e+01   2.4635037e+01   3.4115473e+01   3.1588583e+01   2.1976732e+01   3.1000000e+01   2.8221833e+01   3.2749031e+01   2.8824018e+01   1.9644190e+01   1.7834936e+01   1.3247549e+01   1.2215375e+01   1.3009996e+01   1.3306248e+01   1.0562306e+01   1.2665525e+01   1.8748288e+01   2.3521729e+01   2.7702941e+01   3.0118406e+01   2.8004545e+01   2.1151876e+01   2.2573740e+01   1.8423448e+01   2.4005319e+01   6.2008771e+00   2.7360680e+00   9.9339811e+00   1.6786497e+01   9.9868330e+00   3.6346897e+01   1.9268324e+01   1.0940307e+01   6.7649820e+00   1.3509612e+01   2.7225456e+01   2.6331183e+01   2.8522313e+01   2.9910882e+01   1.5902922e+01   1.6778821e+01   1.7270510e+01   1.6601242e+01   2.0025624e+01   1.4147344e+01   1.3306248e+01   1.7740940e+01   2.1091260e+01   2.4217082e+01   2.8473201e+01   2.5045875e+01   8.4056942e+00   1.6694135e+01   0.0000000e+00   2.5798221e+01   2.3445588e+01   2.2961077e+01   2.0655644e+01   2.2208293e+01   2.1000000e+01   2.3694827e+01   2.4269729e+01   2.1724985e+01   2.5847584e+01   1.6624515e+01
   2.0349433e+01   1.0549876e+01   2.4353721e+01   2.0506249e+01   6.0000000e+00   7.9330344e+00   1.6200318e+01   1.2757651e+01   2.9140007e+01   2.2328880e+01   2.3635471e+01   1.9741881e+01   8.5777472e+00   5.0000000e+00   1.0759142e+01   3.0495098e+00   7.9330344e+00   1.1293517e+01   2.1000000e+01   2.7959060e+01   1.5508331e+01   1.6160460e+01   2.1689620e+01   2.6748809e+01   2.5505000e+01   1.6476545e+01   1.5000000e+01   1.6311388e+01   2.7564737e+01   2.4510414e+01   1.8837121e+01   2.7425824e+01   2.5664459e+01   3.1305844e+01   3.3741540e+01   2.2005813e+01   3.0495098e+00   9.1023253e+00   2.3270595e+01   1.3354960e+01   1.5273287e+01   6.2008771e+00   9.4442719e+00   3.7015621e+00   1.1011898e+01   1.6390249e+01   1.9328170e+01   1.7030275e+01   2.5409837e+01   2.1760292e+01   2.6369867e+01   1.3916408e+01   1.3029964e+01   2.2087033e+01   2.4583189e+01   1.9819679e+01   9.6923882e+00   1.1567972e+01   4.4051248e+00   8.0663730e+00   3.4154759e+00   2.0512496e+01   2.6209920e+01   2.9500000e+01   3.7826264e+01   3.2406112e+01   2.7425824e+01   2.3308989e+01   1.8304494e+01   2.2023243e+01   3.2768406e+01   1.6570159e+01   1.5034442e+01   1.6287653e+01   1.7964249e+01   2.1024376e+01   2.2972205e+01   2.8806360e+01   2.6019600e+01   2.2888613e+01   2.7075365e+01   1.4500000e+01   9.5138782e+00   6.8245553e+00   2.0811388e+00   6.0226805e+00   7.0192024e+00   1.7892527e+01   1.0208244e+01   2.5798221e+01   0.0000000e+00   4.3078866e+00   3.4154759e+00   7.3007353e+00   6.0901699e+00   5.8150729e+00   5.5990195e+00   2.7360680e+00   4.8011626e+00   2.0811388e+00   1.3306248e+01
   1.7007574e+01   7.4641941e+00   2.0612185e+01   1.7030275e+01   5.8150729e+00   4.7720019e+00   1.4535669e+01   1.2593387e+01   2.5664459e+01   1.9916488e+01   2.2023243e+01   1.5935349e+01   4.7720019e+00   7.4462220e+00   9.8941471e+00   6.5827625e+00   9.8941471e+00   9.5553851e+00   1.9819679e+01   2.4882371e+01   1.2043396e+01   1.3471122e+01   1.9060711e+01   2.2961077e+01   2.2023243e+01   1.2675796e+01   1.1601802e+01   1.2603718e+01   2.3759407e+01   2.1523796e+01   1.6160460e+01   2.4882371e+01   2.2069655e+01   2.7601660e+01   3.0206902e+01   2.1970911e+01   1.9142136e+00   1.2520815e+01   2.0146883e+01   9.6241438e+00   1.3000000e+01   5.5990195e+00   1.0013149e+01   7.3007353e+00   1.1813708e+01   1.6901219e+01   1.8884776e+01   1.6160460e+01   2.4851591e+01   1.8177670e+01   2.3000000e+01   1.1293517e+01   9.2464278e+00   1.8346568e+01   2.1006097e+01   1.6786497e+01   7.5710678e+00   7.7801099e+00   1.6180340e+00   7.0000000e+00   5.5990195e+00   1.8527756e+01   2.4132605e+01   2.8221833e+01   3.4503676e+01   2.9353076e+01   2.4552027e+01   1.9506578e+01   1.5077380e+01   1.9080904e+01   2.9400692e+01   1.3354960e+01   1.1780514e+01   1.3316006e+01   1.5077380e+01   1.7300298e+01   1.9221645e+01   2.5101829e+01   2.2300229e+01   1.9080904e+01   2.3483690e+01   1.3480755e+01   9.0000000e+00   7.6063352e+00   3.5000000e+00   9.7195445e+00   4.1055513e+00   1.5632746e+01   7.3007353e+00   2.3445588e+01   4.3078866e+00   0.0000000e+00   2.7360680e+00   3.7015621e+00   2.3027756e+00   3.0000000e+00   2.0811388e+00   2.0811388e+00   2.7360680e+00   3.3284271e+00   9.6923882e+00
   1.7485288e+01   9.6923882e+00   2.1772047e+01   1.9107794e+01   3.8541020e+00   5.1097722e+00   1.3538405e+01   1.0807764e+01   2.6311819e+01   1.9473666e+01   2.1024376e+01   1.7418924e+01   6.5207973e+00   7.6589105e+00   1.1736103e+01   4.9721360e+00   7.6589105e+00   8.5622577e+00   1.8562392e+01   2.5045875e+01   1.4147344e+01   1.5706906e+01   2.1296634e+01   2.4635037e+01   2.4084953e+01   1.4329317e+01   1.2172618e+01   1.3709845e+01   2.5198178e+01   2.1595023e+01   1.5935349e+01   2.4552027e+01   2.2910935e+01   2.8651377e+01   3.0938463e+01   2.0197716e+01   2.7360680e+00   1.2010864e+01   2.2340330e+01   1.1511358e+01   1.5205441e+01   7.2082039e+00   1.1293517e+01   6.6032778e+00   9.7195445e+00   1.4922205e+01   1.7263055e+01   1.4721463e+01   2.3303509e+01   1.9006756e+01   2.3505434e+01   1.1011898e+01   1.0624228e+01   2.0159603e+01   2.3005555e+01   1.9000000e+01   9.7195445e+00   9.5553851e+00   2.0000000e+00   5.5249378e+00   3.5000000e+00   1.7762677e+01   2.3445588e+01   2.7042419e+01   3.4941980e+01   2.9491378e+01   2.6777367e+01   2.0926698e+01   1.5416434e+01   1.9107794e+01   2.9898129e+01   1.5541609e+01   1.3962912e+01   1.5541609e+01   1.7307736e+01   1.8423448e+01   2.0412308e+01   2.6156383e+01   2.3396506e+01   2.0581086e+01   2.4317011e+01   1.2097414e+01   7.3007353e+00   5.4497475e+00   1.9142136e+00   8.1157731e+00   6.3309519e+00   1.5060220e+01   7.3007353e+00   2.2961077e+01   3.4154759e+00   2.7360680e+00   0.0000000e+00   4.7720019e+00   4.0000000e+00   3.0000000e+00   4.3078866e+00   2.0811388e+00   1.9142136e+00   3.5000000e+00   1.0624228e+01
   1.3813527e+01   7.2268120e+00   1.7566048e+01   1.5416434e+01   6.2008771e+00   2.0811388e+00   1.2384864e+01   1.1813708e+01   2.2465883e+01   1.7120770e+01   1.9735384e+01   1.3149111e+01   2.7360680e+00   1.0624228e+01   1.1680340e+01   9.2321246e+00   1.1106602e+01   7.6589105e+00   1.7892527e+01   2.1742646e+01   1.0624228e+01   1.3247549e+01   1.8700275e+01   2.0406029e+01   2.0311613e+01   1.0117692e+01   8.4056942e+00   9.5138782e+00   2.0926698e+01   1.8423448e+01   1.3247549e+01   2.1976732e+01   1.8898369e+01   2.4505208e+01   2.7018861e+01   2.0902206e+01   5.1097722e+00   1.5706906e+01   1.9080904e+01   7.5710678e+00   1.3306248e+01   8.0663730e+00   1.2593387e+01   1.0424717e+01   1.1912712e+01   1.6445219e+01   1.7566048e+01   1.4589003e+01   2.3308989e+01   1.5000000e+01   1.9800259e+01   8.5156098e+00   6.3523500e+00   1.6032225e+01   1.9107794e+01   1.5943445e+01   8.5777472e+00   5.5249378e+00   3.4154759e+00   6.2008771e+00   7.6589105e+00   1.6032225e+01   2.1505952e+01   2.6097851e+01   3.1305844e+01   2.6214782e+01   2.3764780e+01   1.6655494e+01   1.1912712e+01   1.6008062e+01   2.6200195e+01   1.2353270e+01   1.0795630e+01   1.2706556e+01   1.4508926e+01   1.4229530e+01   1.6192355e+01   2.2005813e+01   1.9221645e+01   1.6311388e+01   2.0311613e+01   1.1912712e+01   8.3102497e+00   8.2620873e+00   6.0901699e+00   1.2384864e+01   5.1097722e+00   1.3000000e+01   4.5000000e+00   2.0655644e+01   7.3007353e+00   3.7015621e+00   4.7720019e+00   0.0000000e+00   2.0811388e+00   2.5000000e+00   3.5413813e+00   5.1097722e+00   3.5413813e+00   6.5207973e+00   6.5207973e+00
   1.5340822e+01   6.6032778e+00   1.8809833e+01   1.5632746e+01   6.3309519e+00   3.5000000e+00   1.3738202e+01   1.2603718e+01   2.3930749e+01   1.8672782e+01   2.1151876e+01   1.4156500e+01   3.0495098e+00   9.1023253e+00   1.0323441e+01   8.2620873e+00   1.0940307e+01   8.8815273e+00   1.9181542e+01   2.3308989e+01   1.0698039e+01   1.2706556e+01   1.8255281e+01   2.1242469e+01   2.0599751e+01   1.0940307e+01   9.9339811e+00   1.0807764e+01   2.1976732e+01   2.0000000e+01   1.4817821e+01   2.3548861e+01   2.0298990e+01   2.5803162e+01   2.8450850e+01   2.1860009e+01   3.7015621e+00   1.4293114e+01   1.9000000e+01   8.0166482e+00   1.2520815e+01   6.5207973e+00   1.1047512e+01   9.1023253e+00   1.2300424e+01   1.7120770e+01   1.8617671e+01   1.5731546e+01   2.4463514e+01   1.6413830e+01   2.1308652e+01   1.0052487e+01   7.4462220e+00   1.6694135e+01   1.9506578e+01   1.5731546e+01   7.4462220e+00   6.0901699e+00   2.5000000e+00   6.9031242e+00   7.0000000e+00   1.7507351e+01   2.3022211e+01   2.7467573e+01   3.2818725e+01   2.7780946e+01   2.3548861e+01   1.7719175e+01   1.3471122e+01   1.7588007e+01   2.7702941e+01   1.2204700e+01   1.0624228e+01   1.2353270e+01   1.4147344e+01   1.5500000e+01   1.7418924e+01   2.3303509e+01   2.0500000e+01   1.7307736e+01   2.1713203e+01   1.3039936e+01   9.0146932e+00   8.3262379e+00   5.1097722e+00   1.1420165e+01   3.8541020e+00   1.4508926e+01   6.0226805e+00   2.2208293e+01   6.0901699e+00   2.3027756e+00   4.0000000e+00   2.0811388e+00   0.0000000e+00   2.6213203e+00   2.0000000e+00   3.8541020e+00   3.1925824e+00   5.1097722e+00   7.9330344e+00
   1.5034442e+01   8.7006097e+00   1.9294946e+01   1.7367128e+01   4.3078866e+00   2.6213203e+00   1.2043396e+01   1.0500000e+01   2.3834524e+01   1.7477927e+01   1.9526298e+01   1.5060220e+01   4.6231056e+00   9.6923882e+00   1.2204700e+01   7.4462220e+00   9.1313383e+00   7.0764732e+00   1.7367128e+01   2.2709232e+01   1.2520815e+01   1.4800350e+01   2.0330532e+01   2.2368928e+01   2.2283021e+01   1.2097414e+01   9.6923882e+00   1.1235455e+01   2.2799103e+01   1.9294946e+01   1.3785330e+01   2.2482948e+01   2.0412308e+01   2.6156383e+01   2.8450850e+01   1.9793781e+01   4.1400549e+00   1.4401439e+01   2.0926698e+01   9.5553851e+00   1.4642136e+01   8.0663730e+00   1.2510412e+01   9.0146932e+00   1.0208244e+01   1.5000000e+01   1.6601242e+01   1.3785330e+01   2.2505681e+01   1.6507811e+01   2.1054805e+01   8.8815273e+00   8.2620873e+00   1.8028548e+01   2.1097330e+01   1.7719175e+01   9.5138782e+00   7.5178344e+00   2.0811388e+00   4.8011626e+00   5.7201533e+00   1.6032225e+01   2.1648286e+01   2.5743811e+01   3.2515621e+01   2.7169271e+01   2.5544960e+01   1.8527756e+01   1.3000000e+01   1.6824828e+01   2.7453664e+01   1.4156500e+01   1.2583046e+01   1.4392444e+01   1.6192355e+01   1.5943445e+01   1.7942764e+01   2.3662470e+01   2.0908332e+01   1.8220045e+01   2.1819006e+01   1.1094810e+01   6.9031242e+00   6.3523500e+00   4.4051248e+00   1.0562306e+01   5.9083269e+00   1.3158989e+01   4.9721360e+00   2.1000000e+01   5.8150729e+00   3.0000000e+00   3.0000000e+00   2.5000000e+00   2.6213203e+00   0.0000000e+00   3.8541020e+00   3.8541020e+00   1.6180340e+00   5.4244289e+00   8.1321688e+00
   1.6624515e+01   5.8851648e+00   1.9709373e+01   1.5508331e+01   7.2268120e+00   5.0000000e+00   1.5213939e+01   1.3813527e+01   2.5101829e+01   2.0159603e+01   2.2641590e+01   1.4826549e+01   3.7015621e+00   7.9330344e+00   8.8815273e+00   8.0166482e+00   1.1465856e+01   1.0323441e+01   2.0630822e+01   2.4666092e+01   1.0512492e+01   1.1912712e+01   1.7500000e+01   2.1689620e+01   2.0506249e+01   1.1465856e+01   1.1235455e+01   1.1813708e+01   2.2647235e+01   2.1392582e+01   1.6287653e+01   2.5015301e+01   2.1386599e+01   2.6748809e+01   2.9568884e+01   2.3138463e+01   3.0495098e+00   1.3306248e+01   1.8569311e+01   8.2620873e+00   1.1511358e+01   5.0276926e+00   9.5553851e+00   8.3262379e+00   1.3247549e+01   1.8234148e+01   1.9955076e+01   1.7120770e+01   2.5847584e+01   1.7529386e+01   2.2551077e+01   1.1545361e+01   8.3102497e+00   1.6992423e+01   1.9526298e+01   1.5205441e+01   6.2008771e+00   6.5415230e+00   3.0000000e+00   8.1321688e+00   7.1708320e+00   1.9006756e+01   2.4520824e+01   2.8942925e+01   3.4059648e+01   2.9135642e+01   2.2972205e+01   1.8423448e+01   1.4817821e+01   1.9000000e+01   2.8929738e+01   1.1780514e+01   1.0208244e+01   1.1736103e+01   1.3500000e+01   1.6445219e+01   1.8304494e+01   2.4253947e+01   2.1434421e+01   1.7942764e+01   2.2799103e+01   1.4428388e+01   1.0208244e+01   9.1023253e+00   5.0276926e+00   1.1106602e+01   2.6213203e+00   1.6008062e+01   7.5178344e+00   2.3694827e+01   5.5990195e+00   2.0811388e+00   4.3078866e+00   3.5413813e+00   2.0000000e+00   3.8541020e+00   0.0000000e+00   3.5000000e+00   4.0355339e+00   4.3078866e+00   9.1023253e+00
   1.8304494e+01   8.7462113e+00   2.2133308e+01   1.8506943e+01   5.4244289e+00   5.9083269e+00   1.5008618e+01   1.2384864e+01   2.7037709e+01   2.0760800e+01   2.2505681e+01   1.7507351e+01   6.3523500e+00   6.3523500e+00   1.0208244e+01   5.0276926e+00   8.8216585e+00   1.0013149e+01   2.0102296e+01   2.6053865e+01   1.3509612e+01   1.4615594e+01   2.0197716e+01   2.4541631e+01   2.3505434e+01   1.4256816e+01   1.2919742e+01   1.4101471e+01   2.5329418e+01   2.2647235e+01   1.7120770e+01   2.5798221e+01   2.3505434e+01   2.9100699e+01   3.1612698e+01   2.1772047e+01   1.2071068e+00   1.1130146e+01   2.1488092e+01   1.1188779e+01   1.3962912e+01   5.6478151e+00   9.7195445e+00   5.8150729e+00   1.1200467e+01   1.6453056e+01   1.8843936e+01   1.6287653e+01   2.4882371e+01   1.9604973e+01   2.4317011e+01   1.2204700e+01   1.0795630e+01   1.9916488e+01   2.2522716e+01   1.8085505e+01   8.4056942e+00   9.3600226e+00   2.3027756e+00   7.0764732e+00   4.3078866e+00   1.9168155e+01   2.4831050e+01   2.8571338e+01   3.5802266e+01   3.0516662e+01   2.5798221e+01   2.1073041e+01   1.6311388e+01   2.0178669e+01   3.0720026e+01   1.4721463e+01   1.3158989e+01   1.4580128e+01   1.6311388e+01   1.8809833e+01   2.0748457e+01   2.6600766e+01   2.3807724e+01   2.0655644e+01   2.4918231e+01   1.3652946e+01   8.8815273e+00   6.9031242e+00   2.0811388e+00   8.1485293e+00   5.2434165e+00   1.6390249e+01   8.3262379e+00   2.4269729e+01   2.7360680e+00   2.0811388e+00   2.0811388e+00   5.1097722e+00   3.8541020e+00   3.8541020e+00   3.5000000e+00   0.0000000e+00   3.0495098e+00   2.0811388e+00   1.1130146e+01
   1.6072412e+01   9.2464278e+00   2.0412308e+01   1.8255281e+01   3.7015621e+00   3.7015621e+00   1.2500000e+01   1.0361541e+01   2.4897746e+01   1.8220045e+01   2.0000000e+01   1.6160460e+01   5.5249378e+00   8.8815273e+00   1.2129703e+01   6.3309519e+00   8.2620873e+00   7.5000000e+00   1.7682840e+01   2.3662470e+01   1.3354960e+01   1.5340822e+01   2.0908332e+01   2.3445588e+01   2.3199119e+01   1.3158989e+01   1.0759142e+01   1.2353270e+01   2.3909400e+01   2.0223083e+01   1.4615594e+01   2.3270595e+01   2.1505952e+01   2.7267518e+01   2.9525851e+01   1.9735384e+01   3.5000000e+00   1.3403488e+01   2.1689620e+01   1.0512492e+01   1.5034442e+01   7.7801099e+00   1.2097414e+01   8.0000000e+00   9.7195445e+00   1.4712670e+01   1.6655494e+01   1.3962912e+01   2.2635944e+01   1.7602631e+01   2.2092823e+01   9.6923882e+00   9.3600226e+00   1.9060711e+01   2.2052262e+01   1.8423448e+01   9.7195445e+00   8.5000000e+00   1.6180340e+00   4.7720019e+00   4.6231056e+00   1.6624515e+01   2.2283021e+01   2.6122256e+01   3.3534073e+01   2.8113403e+01   2.6239075e+01   1.9637659e+01   1.4009256e+01   1.7740940e+01   2.8486604e+01   1.4896180e+01   1.3316006e+01   1.5034442e+01   1.6824828e+01   1.7060495e+01   1.9060711e+01   2.4774472e+01   2.2023243e+01   1.9321530e+01   2.2910935e+01   1.1293517e+01   6.7649820e+00   5.6478151e+00   3.3284271e+00   9.4442719e+00   6.1568542e+00   1.3841664e+01   5.9083269e+00   2.1724985e+01   4.8011626e+00   2.7360680e+00   1.9142136e+00   3.5413813e+00   3.1925824e+00   1.6180340e+00   4.0355339e+00   3.0495098e+00   0.0000000e+00   4.6231056e+00   9.2464278e+00
   1.9800259e+01   9.0146932e+00   2.3401965e+01   1.9027007e+01   6.6846584e+00   7.4462220e+00   1.6531220e+01   1.3624405e+01   2.8486604e+01   2.2340330e+01   2.4021267e+01   1.8617671e+01   7.4462220e+00   4.7720019e+00   9.3459030e+00   4.6231056e+00   9.3459030e+00   1.1545361e+01   2.1553503e+01   2.7601660e+01   1.4036986e+01   1.4580128e+01   2.0108672e+01   2.5489998e+01   2.4021267e+01   1.5273287e+01   1.4401439e+01   1.5416434e+01   2.6442244e+01   2.4206539e+01   1.8700275e+01   2.7379360e+01   2.4897746e+01   3.0408193e+01   3.3034597e+01   2.2972205e+01   1.9142136e+00   9.6923882e+00   2.1713203e+01   1.2043396e+01   1.3700379e+01   4.7426407e+00   8.4056942e+00   4.5311289e+00   1.2161904e+01   1.7500000e+01   2.0146883e+01   1.7682840e+01   2.6209920e+01   2.1006097e+01   2.5803162e+01   1.3785330e+01   1.2010864e+01   2.0760800e+01   2.3138463e+01   1.8255281e+01   8.1157731e+00   1.0348858e+01   3.8541020e+00   8.5156098e+00   4.7426407e+00   2.0723748e+01   2.6394015e+01   3.0038111e+01   3.7300136e+01   3.2067388e+01   2.5847584e+01   2.2208293e+01   1.7834936e+01   2.1742646e+01   3.2205678e+01   1.5034442e+01   1.3509612e+01   1.4721463e+01   1.6390249e+01   2.0102296e+01   2.2005813e+01   2.7908940e+01   2.5101829e+01   2.1742646e+01   2.6311819e+01   1.5077380e+01   1.0208244e+01   7.8824115e+00   2.7360680e+00   7.5000000e+00   5.5000000e+00   1.7964249e+01   9.8941471e+00   2.5847584e+01   2.0811388e+00   3.3284271e+00   3.5000000e+00   6.5207973e+00   5.1097722e+00   5.4244289e+00   4.3078866e+00   2.0811388e+00   4.6231056e+00   0.0000000e+00   1.2520815e+01
   8.1157731e+00   9.5000000e+00   1.1680340e+01   1.3000000e+01   1.0807764e+01   6.0901699e+00   1.1106602e+01   1.3624405e+01   1.6507811e+01   1.3247549e+01   1.7270510e+01   8.0000000e+00   6.0901699e+00   1.6507811e+01   1.5706906e+01   1.5077380e+01   1.5706906e+01   8.4056942e+00   1.6507811e+01   1.6311388e+01   9.5138782e+00   1.3962912e+01   1.8527756e+01   1.5500000e+01   1.7270510e+01   6.0901699e+00   3.0000000e+00   3.6622777e+00   1.5416434e+01   1.3247549e+01   9.2321246e+00   1.7500000e+01   1.2879418e+01   1.8527756e+01   2.1018285e+01   2.1200242e+01   1.1106602e+01   2.1713203e+01   1.7485288e+01   6.0901699e+00   1.4930870e+01   1.3247549e+01   1.7588007e+01   1.6445219e+01   1.5077380e+01   1.8234148e+01   1.7602631e+01   1.4401439e+01   2.2465883e+01   8.9852814e+00   1.3962912e+01   6.1568542e+00   2.7360680e+00   1.1901754e+01   1.5731546e+01   1.5103082e+01   1.2097414e+01   5.0276926e+00   9.4022469e+00   9.5138782e+00   1.3247549e+01   1.3247549e+01   1.7964249e+01   2.3759407e+01   2.5464975e+01   2.0748457e+01   2.2431712e+01   1.1188779e+01   6.5827625e+00   1.1047512e+01   2.0330532e+01   1.1736103e+01   1.0562306e+01   1.2798374e+01   1.4392444e+01   8.3262379e+00   1.0348858e+01   1.6032225e+01   1.3276932e+01   1.1047512e+01   1.4293114e+01   1.2161904e+01   1.1047512e+01   1.2665525e+01   1.2010864e+01   1.8177670e+01   9.6923882e+00   1.0117692e+01   5.0000000e+00   1.6624515e+01   1.3306248e+01   9.6923882e+00   1.0624228e+01   6.5207973e+00   7.9330344e+00   8.1321688e+00   9.1023253e+00   1.1130146e+01   9.2464278e+00   1.2520815e+01   0.0000000e+00
