   0.0000000e+00   6.2206432e-01   7.6086660e-01   6.7248291e-01   7.4114887e-01   7.0462990e-01   7.7598756e-01   6.4480952e-01   6.3171824e-01   6.9981444e-01   7.7384922e-01   6.7117338e-01   7.2482134e-01   7.7600414e-01   6.1719973e-01   7.1384871e-01   6.2232804e-01   6.6202434e-01   6.9158254e-01   6.7343002e-01   7.9996370e-01   6.1761172e-01   6.5559243e-01   7.3916490e-01   7.7114742e-01   6.1571503e-01   7.8349932e-01   7.0815800e-01   7.4613130e-01   7.3071542e-01   7.1274205e-01   7.2072972e-01   6.6806006e-01   6.0926169e-01   7.0962731e-01   7.4404085e-01   6.3270447e-01   7.4349211e-01   7.2039211e-01   7.0388596e-01   7.8349400e-01   6.8379294e-01   6.5285744e-01   6.1435257e-01   7.1854736e-01   7.7085579e-01   7.4871295e-01   7.5061666e-01   6.9650287e-01   7.8184715e-01   7.7479116e-01   6.7409595e-01   7.9959290e-01   6.4101006e-01   6.2712357e-01   7.0165392e-01   6.5973837e-01   6.1889283e-01   6.6475155e-01   6.8757261e-01   6.7089189e-01   6.3244822e-01   6.2135804e-01   6.2168058e-01   6.2739356e-01   6.2816324e-01   6.2245654e-01   6.6464157e-01   6.6723225e-01   6.9962867e-01   7.4149662e-01   6.5162791e-01   6.6772446e-01   6.4508095e-01   6.8257076e-01   6.1473680e-01   6.2319691e-01   7.5232277e-01   6.8278254e-01   7.8511113e-01   7.6020573e-01   6.7153039e-01   6.0818605e-01   6.8237469e-01   6.2946242e-01   6.0626552e-01   7.8345964e-01   7.7627485e-01   6.7620699e-01   7.6508810e-01   7.9015606e-01   6.1343891e-01   7.9553213e-01   6.4653637e-01   6.1664720e-01   6.3802570e-01   6.5176013e-01   6.8837208e-01   6.5028163e-01   7.9382316e-01   7.8775894e-01
   7.4204314e-01   0.0000000e+00   6.0741504e-01   6.8137948e-01   6.4693982e-01   6.2639993e-01   6.9338437e-01   6.5915388e-01   6.1387884e-01   6.2763614e-01   7.8586499e-01   7.1081495e-01   7.2228651e-01   6.7266592e-01   6.9448918e-01   7.3399681e-01   7.3449535e-01   7.6656061e-01   7.5417988e-01   6.3428842e-01   6.0779872e-01   6.9180954e-01   6.7216808e-01   6.0645564e-01   6.3550572e-01   7.9293982e-01   7.3707082e-01   6.6473028e-01   7.7193823e-01   7.9359907e-01   6.9314401e-01   6.0201685e-01   6.8969293e-01   7.9632848e-01   6.5380318e-01   7.4230005e-01   6.5748262e-01   7.2365297e-01   7.3871703e-01   7.9896348e-01   6.0788467e-01   6.3805792e-01   7.7215307e-01   6.7982890e-01   7.6635985e-01   6.5086159e-01   6.5342744e-01   6.2573111e-01   7.6256114e-01   6.7708982e-01   6.8164260e-01   6.2133239e-01   6.0325115e-01   7.5417620e-01   6.4473497e-01   7.8263277e-01   6.3183472e-01   7.4447671e-01   7.2503212e-01   7.8018174e-01   6.9060447e-01   7.6746766e-01   7.1375074e-01   7.4679812e-01   6.9074377e-01   6.7760905e-01   6.2441973e-01   6.3462860e-01   7.6721823e-01   7.5361040e-01   7.3474331e-01   6.4357938e-01   7.9793035e-01   7.8062017e-01   7.8036123e-01   7.2662023e-01   7.3565713e-01   7.7256610e-01   6.2326358e-01   7.7031579e-01   7.1261171e-01   6.7171686e-01   7.7958048e-01   7.0919732e-01   6.6887429e-01   7.8218796e-01   6.8274308e-01   6.5739690e-01   7.4997665e-01   7.8696964e-01   6.0078461e-01   7.3653034e-01   6.2871387e-01   7.1898777e-01   7.5819025e-01   6.3160472e-01   7.9052641e-01   7.6046916e-01   6.5730697e-01   6.3822562e-01   7.9713142e-01
   7.8971582e-01   7.0932558e-01   0.0000000e+00   6.6451066e-01   7.9302383e-01   6.0151792e-01   7.4604471e-01   6.5940212e-01   7.4663330e-01   7.5917134e-01   7.3412980e-01   6.4570789e-01   7.1456925e-01   7.6626350e-01   7.2682711e-01   7.5441840e-01   6.9044184e-01   6.6883945e-01   7.2596698e-01   6.7829054e-01   7.9672470e-01   6.4810096e-01   6.8429342e-01   6.9533265e-01   7.0917658e-01   6.4104735e-01   7.8161252e-01   7.1247454e-01   6.4306883e-01   6.7233900e-01   7.8515279e-01   7.8348118e-01   6.3454700e-01   6.4950344e-01   6.2244265e-01   7.8231734e-01   7.1321555e-01   6.4472762e-01   7.3822498e-01   6.5133244e-01   6.1086123e-01   6.3685817e-01   7.1778294e-01   7.0035602e-01   7.3334256e-01   6.3030400e-01   6.7075436e-01   7.9944508e-01   6.4278913e-01   7.0199263e-01   6.2671699e-01   7.7250331e-01   6.8338028e-01   6.6809909e-01   7.6257870e-01   7.3978639e-01   7.5284536e-01   6.5207917e-01   6.8112856e-01   7.1608648e-01   7.4139254e-01   7.9223259e-01   6.5018754e-01   6.0141729e-01   6.7720415e-01   7.6717692e-01   7.7103505e-01   6.2275855e-01   7.0537024e-01   7.3232915e-01   7.9345715e-01   6.1660684e-01   6.1364119e-01   6.0290868e-01   6.8997112e-01   7.7444190e-01   6.6412193e-01   7.1812557e-01   7.9905667e-01   7.4046386e-01   7.2987215e-01   7.1781328e-01   6.5668490e-01   7.0328522e-01   7.4937979e-01   6.1053901e-01   7.8663714e-01   7.2364226e-01   6.3959691e-01   7.4597394e-01   6.3869404e-01   7.1360555e-01   6.1501563e-01   6.3342208e-01   7.8810897e-01   7.6502452e-01   6.5147855e-01   7.6587277e-01   7.8349283e-01   6.1150636e-01   6.5366547e-01
   7.4039036e-01   6.2581367e-01   6.7732154e-01   0.0000000e+00   6.2273401e-01   6.7413809e-01   7.4354063e-01   7.2071230e-01   6.6619916e-01   6.7063451e-01   7.2455165e-01   6.8637145e-01   7.1232366e-01   6.9925168e-01   6.9051570e-01   6.0698053e-01   6.0639138e-01   6.2654360e-01   6.2559430e-01   7.1472844e-01   7.2521286e-01   6.1966676e-01   6.1475818e-01   6.6500265e-01   7.8432882e-01   6.6042853e-01   6.0082812e-01   7.2909947e-01   6.7038221e-01   6.1679333e-01   7.3092754e-01   7.9748204e-01   7.5663613e-01   7.9661624e-01   7.9251679e-01   7.7310182e-01   7.9983972e-01   6.7369004e-01   7.0645985e-01   7.6226846e-01   7.8152101e-01   6.2426384e-01   7.5342737e-01   7.4787447e-01   7.0639328e-01   7.3894852e-01   7.6212879e-01   7.3523104e-01   6.9303718e-01   7.1226681e-01   6.4967531e-01   7.5187251e-01   7.2942703e-01   7.5782475e-01   7.4915970e-01   6.8688320e-01   6.9805566e-01   7.6598108e-01   7.5562705e-01   7.9277190e-01   7.9340051e-01   7.4919741e-01   6.4818420e-01   7.4004413e-01   7.4753173e-01   6.2841036e-01   7.1475957e-01   6.6721221e-01   6.3265135e-01   6.5735358e-01   7.7059436e-01   7.7210131e-01   7.6096458e-01   6.3815967e-01   7.4971378e-01   6.7796090e-01   6.9224860e-01   6.6035665e-01   6.8537232e-01   7.5866925e-01   7.6361297e-01   6.4377994e-01   7.2809863e-01   6.9228850e-01   7.2853581e-01   6.7301975e-01   6.1486721e-01   7.8704729e-01   7.9384543e-01   7.8925968e-01   6.0924736e-01   6.6743066e-01   6.7443543e-01   7.2134710e-01   7.3469394e-01   7.1080943e-01   6.8977452e-01   7.0049898e-01   7.9206632e-01   6.1587899e-01   7.9148295e-01
   6.0754634e-01   7.8900192e-01   7.3139614e-01   6.2046872e-01   0.0000000e+00   6.8232489e-01   7.7549781e-01   6.8745721e-01   6.9801663e-01   6.2234144e-01   7.8871078e-01   6.9671604e-01   6.3271710e-01   6.9821260e-01   7.1781800e-01   6.3351980e-01   7.4181262e-01   7.0469014e-01   7.7687527e-01   6.7082341e-01   7.9779359e-01   7.9475096e-01   7.6465930e-01   6.8579798e-01   6.9396766e-01   7.3294682e-01   6.9651087e-01   7.1991114e-01   6.2604396e-01   7.2414227e-01   6.6748384e-01   6.6845766e-01   6.1259315e-01   6.8269603e-01   6.4659300e-01   7.0014134e-01   6.1000383e-01   7.8800374e-01   7.4326730e-01   7.1721560e-01   7.9870443e-01   6.2058086e-01   6.9871400e-01   6.9871455e-01   6.1838861e-01   7.4774561e-01   6.6887599e-01   6.8249388e-01   7.0338198e-01   7.0650079e-01   6.5341665e-01   7.1625444e-01   7.8592484e-01   7.5137106e-01   6.4581195e-01   6.7919451e-01   7.5731128e-01   7.7076927e-01   6.5673197e-01   6.2351305e-01   7.5823517e-01   7.8512186e-01   6.5663650e-01   7.8427104e-01   7.6942733e-01   7.1586602e-01   7.8756549e-01   6.3829436e-01   6.7776074e-01   6.8022221e-01   7.0452333e-01   6.2000503e-01   7.2737104e-01   7.4210191e-01   7.6553783e-01   6.3322409e-01   6.9190976e-01   6.7278359e-01   7.4701223e-01   6.5146117e-01   7.2804693e-01   7.4430233e-01   7.9707102e-01   7.6937952e-01   6.0574360e-01   6.2510256e-01   6.7798323e-01   7.3381831e-01   6.2825108e-01   6.2422035e-01   7.5886950e-01   6.5778668e-01   7.1027837e-01   7.6154234e-01   7.8015771e-01   6.7117889e-01   6.9170014e-01   7.4660128e-01   6.2037542e-01   7.0695303e-01   7.0310753e-01
   7.9470680e-01   6.0782211e-01   7.7906809e-01   6.6958286e-01   6.7933654e-01   0.0000000e+00   6.2723603e-01   7.6321454e-01   7.3250446e-01   7.3163263e-01   7.1842420e-01   6.2414342e-01   7.4936920e-01   6.5403706e-01   6.5459641e-01   7.8358325e-01   6.9434771e-01   7.3397631e-01   7.4347987e-01   7.2650517e-01   7.2736729e-01   6.5763658e-01   6.4340196e-01   7.7237268e-01   7.0171024e-01   6.7866388e-01   7.8242649e-01   6.6942148e-01   6.7728080e-01   6.7945653e-01   6.2587620e-01   6.4888838e-01   6.7589953e-01   6.2246219e-01   7.0114782e-01   6.6187871e-01   6.5417910e-01   7.9794026e-01   7.9723043e-01   6.7386668e-01   7.4048438e-01   6.8808209e-01   6.1236717e-01   7.4845987e-01   7.9457005e-01   7.5121398e-01   7.0437306e-01   6.4255579e-01   6.3075861e-01   7.0345347e-01   6.5465180e-01   6.1801734e-01   6.3298514e-01   6.2362296e-01   7.7899117e-01   7.6860598e-01   7.3881136e-01   6.6129108e-01   6.5513494e-01   7.6808169e-01   6.9007254e-01   6.0030127e-01   7.9488628e-01   7.3569807e-01   6.0681117e-01   7.2909376e-01   6.4381888e-01   6.4293315e-01   6.0479004e-01   7.1848408e-01   6.9257546e-01   7.9032051e-01   7.9006565e-01   7.5278924e-01   7.7687231e-01   7.8952737e-01   7.3650970e-01   6.6887420e-01   7.4127329e-01   7.6990861e-01   7.7652548e-01   6.7196590e-01   6.3201716e-01   7.6708530e-01   7.8706061e-01   7.9367886e-01   6.9836837e-01   6.9287095e-01   6.3362757e-01   6.6355634e-01   6.8036353e-01   7.0969845e-01   7.6785754e-01   6.2533176e-01   7.8543626e-01   7.3636400e-01   6.0349390e-01   6.0598464e-01   7.7519982e-01   6.8810804e-01   6.5613239e-01
   6.6752695e-01   6.7276369e-01   6.0038807e-01   6.7906255e-01   6.3154912e-01   6.0071872e-01   0.0000000e+00   7.5203052e-01   7.9393075e-01   6.8997512e-01   7.9115803e-01   7.2740624e-01   6.6217042e-01   7.8417062e-01   7.5535422e-01   6.4713676e-01   7.4530357e-01   6.5416648e-01   6.3190121e-01   6.3522926e-01   7.7532063e-01   6.3218392e-01   7.1426737e-01   6.0378615e-01   7.1988047e-01   7.2967690e-01   7.8215280e-01   6.1651160e-01   7.3994650e-01   6.7972955e-01   7.5713535e-01   7.8661202e-01   7.4299331e-01   6.8500914e-01   6.3673585e-01   6.6141340e-01   7.2125979e-01   7.0819353e-01   7.3640802e-01   6.5354182e-01   6.2807032e-01   6.1218680e-01   6.1189911e-01   7.2237613e-01   7.5679350e-01   7.1813862e-01   6.4145371e-01   6.4515902e-01   6.6308017e-01   7.0739353e-01   7.0607269e-01   7.5811924e-01   7.6188205e-01   6.5705197e-01   7.7503618e-01   7.8419452e-01   6.2732121e-01   7.2032725e-01   7.5130380e-01   7.9478196e-01   7.7045735e-01   7.5511371e-01   6.5736893e-01   7.9501305e-01   6.7417605e-01   7.4364519e-01   7.5134402e-01   7.7269014e-01   6.4840903e-01   6.3149839e-01   7.2291927e-01   6.5363824e-01   6.4879353e-01   6.4055615e-01   6.7298618e-01   6.9670565e-01   7.5976001e-01   6.0611979e-01   6.4242239e-01   7.1051325e-01   6.4903353e-01   6.7792833e-01   7.8417847e-01   6.9352462e-01   6.2596433e-01   7.2671310e-01   6.9071847e-01   7.1217413e-01   6.4628868e-01   7.6531863e-01   6.1732311e-01   7.5145899e-01   6.3230638e-01   7.7098882e-01   7.7877141e-01   7.0794353e-01   6.7925529e-01   7.8576231e-01   6.7767660e-01   7.1009281e-01   6.0071249e-01
   7.4289708e-01   7.0865631e-01   7.7793698e-01   7.4400801e-01   7.2416009e-01   6.7318692e-01   6.4687409e-01   0.0000000e+00   7.3122492e-01   7.2933986e-01   7.2228968e-01   7.8633331e-01   7.0198243e-01   7.4251013e-01   7.8487111e-01   7.3449370e-01   6.5229952e-01   6.7671295e-01   6.7733123e-01   7.0607404e-01   6.7461585e-01   6.4444504e-01   6.4404752e-01   7.1464005e-01   6.3976949e-01   6.5225296e-01   6.9967082e-01   7.5086372e-01   6.1715987e-01   7.6192753e-01   7.7628005e-01   7.0804194e-01   6.3499743e-01   6.0984677e-01   7.3980571e-01   7.8621225e-01   7.3914405e-01   6.3521315e-01   7.0532144e-01   6.5591052e-01   7.0279156e-01   6.7986472e-01   6.5148766e-01   6.0284903e-01   6.6965252e-01   7.3155751e-01   7.2799703e-01   7.4196179e-01   7.9101697e-01   6.9075183e-01   6.7849681e-01   7.1747093e-01   6.7579956e-01   7.2557470e-01   7.3734828e-01   6.5552497e-01   7.5049789e-01   6.0374485e-01   6.9858629e-01   7.9609026e-01   6.7309115e-01   7.3927604e-01   7.8049780e-01   6.7129547e-01   7.4276073e-01   7.0602612e-01   7.1979118e-01   7.0563568e-01   6.6692793e-01   7.9318117e-01   7.8218058e-01   7.6780884e-01   6.3622244e-01   7.8636286e-01   6.6004210e-01   6.5642034e-01   6.4479656e-01   7.6136755e-01   7.7974171e-01   6.9922320e-01   6.8049191e-01   7.1860895e-01   6.4986443e-01   6.7503441e-01   7.8215018e-01   6.8705007e-01   6.9791544e-01   6.6677989e-01   7.6694883e-01   7.7264067e-01   6.0037543e-01   6.1743067e-01   7.2493185e-01   7.7284232e-01   7.2211294e-01   7.9935406e-01   7.3572463e-01   6.3134153e-01   7.3014580e-01   7.6172438e-01   7.7152640e-01
   7.8863793e-01   7.4963970e-01   7.1037780e-01   7.3496817e-01   7.6460368e-01   6.3081130e-01   7.0254129e-01   6.8127087e-01   0.0000000e+00   7.8727928e-01   6.7482680e-01   6.0829466e-01   7.4108126e-01   7.1609389e-01   7.3467067e-01   6.6340351e-01   6.2007652e-01   6.5228027e-01   7.6935768e-01   6.8422182e-01   7.2721576e-01   6.6584824e-01   6.2544112e-01   6.1801153e-01   6.8100098e-01   6.6097533e-01   7.9904628e-01   7.8436400e-01   7.6816315e-01   6.8813085e-01   6.1577498e-01   6.4952458e-01   7.1362851e-01   6.5372289e-01   6.5929077e-01   6.6952824e-01   7.0974760e-01   7.3790717e-01   6.3237260e-01   6.6174544e-01   7.1235783e-01   7.4117454e-01   7.2017104e-01   7.8273509e-01   7.3805926e-01   7.6357848e-01   7.6147478e-01   7.1515613e-01   6.6937860e-01   7.5070444e-01   6.2594426e-01   7.4643612e-01   7.5714964e-01   7.5226692e-01   7.6773817e-01   6.6204782e-01   6.9466974e-01   6.9473652e-01   6.4185938e-01   7.9958562e-01   7.9980462e-01   6.1907506e-01   7.3603570e-01   7.5507835e-01   6.4082304e-01   7.0120039e-01   6.9549921e-01   6.0889146e-01   7.7908308e-01   6.1609017e-01   7.9415247e-01   6.4927793e-01   6.5732580e-01   6.7940337e-01   7.6408224e-01   7.6658972e-01   6.4780896e-01   6.4836070e-01   6.9003037e-01   7.1154022e-01   7.9608304e-01   6.4711303e-01   7.7911557e-01   7.8756878e-01   6.4915332e-01   6.2912785e-01   7.2081433e-01   6.9121168e-01   7.8219335e-01   7.3328777e-01   6.3993358e-01   7.3470473e-01   6.6143036e-01   7.0975945e-01   6.2732671e-01   6.2208699e-01   6.9389436e-01   7.6770915e-01   6.7861552e-01   7.0146153e-01   7.0969459e-01
   6.5199371e-01   6.3072844e-01   6.2806438e-01   7.3579786e-01   7.2642637e-01   6.0868667e-01   6.9822271e-01   7.1228793e-01   6.2567475e-01   0.0000000e+00   6.6759628e-01   6.8636422e-01   6.4519838e-01   6.3903062e-01   7.6132477e-01   7.2474623e-01   7.4778088e-01   7.2315225e-01   7.4063234e-01   6.7264626e-01   6.0860783e-01   7.0836528e-01   7.8516031e-01   6.5967745e-01   7.0298674e-01   7.3100351e-01   6.1945759e-01   6.9939189e-01   6.0353866e-01   6.1095582e-01   7.0298232e-01   7.1176724e-01   7.8201790e-01   6.8226921e-01   7.9152567e-01   6.9041720e-01   6.2912909e-01   6.4632305e-01   7.9055913e-01   6.7768823e-01   6.6114799e-01   7.0579829e-01   6.0309115e-01   7.5153477e-01   7.2419030e-01   6.6527232e-01   7.6900433e-01   6.7411360e-01   7.8832254e-01   6.1183023e-01   6.9356250e-01   7.3194630e-01   7.2006763e-01   6.6103688e-01   7.6440121e-01   6.2041863e-01   7.2082481e-01   7.8848128e-01   7.7158981e-01   6.3362485e-01   6.1675657e-01   7.1464469e-01   7.6319953e-01   6.9277693e-01   6.3673233e-01   7.3150647e-01   7.9127719e-01   6.3937351e-01   7.2046339e-01   6.6782203e-01   7.6301380e-01   6.5489472e-01   7.6392191e-01   6.3056921e-01   6.3028187e-01   6.8121441e-01   6.0615736e-01   6.6973180e-01   7.6357152e-01   7.9708568e-01   6.0821200e-01   6.6341594e-01   7.4844574e-01   7.3019669e-01   7.7617721e-01   6.0231876e-01   7.6074882e-01   7.4253138e-01   6.0578267e-01   6.1957634e-01   6.8631805e-01   6.0749338e-01   6.6408896e-01   7.6233098e-01   7.7171912e-01   7.2408383e-01   6.2621916e-01   7.9407294e-01   7.9702353e-01   7.8149138e-01   7.9611526e-01
   7.5843805e-01   7.2637059e-01   7.1027368e-01   7.6454893e-01   7.5236715e-01   6.1738649e-01   7.8695889e-01   6.7484770e-01   6.6796746e-01   6.5493662e-01   0.0000000e+00   6.6029952e-01   6.0347465e-01   6.1897555e-01   7.6905818e-01   7.7137409e-01   6.0020248e-01   6.0314744e-01   6.0815299e-01   6.6701668e-01   6.6896238e-01   6.8979400e-01   7.5431150e-01   7.6287706e-01   6.2719567e-01   7.5642075e-01   6.7078594e-01   7.0052724e-01   6.4192896e-01   7.9550170e-01   7.5364303e-01   7.9774848e-01   6.0156726e-01   7.0019058e-01   7.0419429e-01   6.5968549e-01   6.9050439e-01   6.5295789e-01   7.3384577e-01   6.5998737e-01   7.0601813e-01   6.5202709e-01   7.6470473e-01   6.5326017e-01   6.7627038e-01   6.2203952e-01   6.0454100e-01   7.9355285e-01   7.3915105e-01   7.7015440e-01   6.3039340e-01   6.1363744e-01   7.9323681e-01   6.9113587e-01   6.6181596e-01   7.1235383e-01   6.8239232e-01   6.4541767e-01   6.8299026e-01   6.2816921e-01   6.8234120e-01   7.9412292e-01   6.7683343e-01   6.9512792e-01   7.2306594e-01   7.5230501e-01   7.7269873e-01   7.9218490e-01   7.2826740e-01   6.6276461e-01   7.9267797e-01   6.6261152e-01   6.5052049e-01   7.4034605e-01   7.9753790e-01   7.1539054e-01   6.9450026e-01   6.0437185e-01   6.4297500e-01   6.0273459e-01   7.7681879e-01   6.8394210e-01   7.9395537e-01   6.7643506e-01   7.6026238e-01   6.1992407e-01   6.0878192e-01   6.7004339e-01   6.5543180e-01   7.6578930e-01   7.2251078e-01   7.8873916e-01   7.1720877e-01   6.0546157e-01   7.5379391e-01   6.5424842e-01   6.2997908e-01   7.0540277e-01   6.3558360e-01   6.4681897e-01   7.5074291e-01
   7.6997671e-01   7.0368925e-01   6.2003049e-01   7.3963778e-01   7.2712988e-01   6.5671302e-01   6.0602347e-01   7.4913316e-01   7.1330889e-01   7.0677381e-01   7.4054734e-01   0.0000000e+00   6.3999817e-01   7.2374119e-01   6.4544155e-01   6.8010853e-01   7.8556584e-01   6.2017127e-01   7.0665615e-01   6.3773889e-01   6.9236324e-01   6.9622890e-01   6.9938203e-01   6.1872106e-01   7.9084859e-01   6.9609637e-01   7.3819649e-01   6.0518307e-01   7.9860147e-01   7.0855481e-01   7.4964960e-01   7.6330979e-01   7.8118998e-01   7.7230809e-01   6.8426628e-01   6.8562388e-01   7.5403467e-01   7.3454178e-01   6.1037620e-01   6.3355564e-01   6.3070596e-01   6.7762006e-01   7.4686061e-01   6.5428270e-01   7.7169822e-01   6.2320575e-01   7.1367702e-01   7.5184699e-01   7.4184455e-01   6.8957197e-01   6.6070588e-01   7.6303307e-01   6.5090183e-01   7.1969411e-01   7.0608984e-01   7.3194448e-01   7.1371961e-01   6.7995735e-01   6.7283912e-01   6.8765218e-01   6.7369061e-01   7.6001575e-01   7.7098393e-01   7.8080994e-01   6.7413825e-01   7.3077528e-01   6.1542756e-01   6.3333495e-01   6.7350957e-01   6.2170936e-01   7.5228345e-01   6.8907446e-01   7.1623442e-01   7.1999798e-01   6.2493296e-01   7.2187725e-01   6.6082107e-01   7.0811923e-01   6.7213618e-01   7.7323092e-01   6.9817630e-01   7.9879439e-01   6.4684104e-01   7.7739671e-01   6.9551363e-01   7.2617556e-01   6.4266496e-01   6.1035115e-01   6.6762700e-01   7.9988220e-01   7.3914745e-01   6.0855797e-01   7.3347833e-01   7.5771587e-01   7.5624789e-01   7.4950426e-01   7.6479448e-01   6.0086208e-01   6.5170301e-01   7.1455334e-01   6.8640345e-01
   6.9832285e-01   7.8346589e-01   6.0911293e-01   6.5805811e-01   6.2898321e-01   6.2585050e-01   6.8734692e-01   6.5086396e-01   7.6779136e-01   7.7644387e-01   6.1889080e-01   7.2994161e-01   0.0000000e+00   7.4836162e-01   7.8737249e-01   7.0801825e-01   7.4376833e-01   7.9192311e-01   6.3760929e-01   6.1494975e-01   6.3401811e-01   6.4971870e-01   7.5283046e-01   7.8407601e-01   6.0626195e-01   6.1364578e-01   7.4503635e-01   6.0225443e-01   7.4205085e-01   6.1401500e-01   7.1119364e-01   6.3847887e-01   7.6435660e-01   6.9873179e-01   7.3245793e-01   6.5007097e-01   6.1971138e-01   6.8071744e-01   7.2098718e-01   7.9269187e-01   6.1718900e-01   7.3122320e-01   7.6439296e-01   6.3825810e-01   7.8535441e-01   7.1842110e-01   6.9288822e-01   6.8762008e-01   6.2239148e-01   7.5045707e-01   7.5716778e-01   6.0574341e-01   7.0013124e-01   7.4035096e-01   7.4329253e-01   7.2044956e-01   7.0212394e-01   6.6202929e-01   7.2589933e-01   6.3058108e-01   6.7653063e-01   6.3084215e-01   6.0200016e-01   7.5120675e-01   7.1290478e-01   7.5815719e-01   6.1073751e-01   6.3780358e-01   7.2274093e-01   6.6517901e-01   6.5156073e-01   7.2094118e-01   7.5722928e-01   6.4226077e-01   7.4339777e-01   7.8306775e-01   7.8821976e-01   6.1674811e-01   6.1948323e-01   7.3180439e-01   6.1105717e-01   6.3712147e-01   6.4705732e-01   6.0614785e-01   7.0872412e-01   6.7983579e-01   6.9886297e-01   6.6584810e-01   6.0662958e-01   6.6256399e-01   7.2467716e-01   7.6605802e-01   7.7193840e-01   7.1473490e-01   6.5720978e-01   7.3006894e-01   7.8679393e-01   6.3317245e-01   7.5858343e-01   7.9434054e-01   6.5265588e-01
   7.5859545e-01   7.0368671e-01   7.5864039e-01   6.0695906e-01   7.7263601e-01   6.7206162e-01   7.4341239e-01   7.5222375e-01   6.3808894e-01   6.9420193e-01   6.7083628e-01   7.9034562e-01   6.1109390e-01   0.0000000e+00   6.8547895e-01   7.8660124e-01   6.7351409e-01   7.0403340e-01   7.2204792e-01   6.9282356e-01   7.5328832e-01   7.3067622e-01   6.9120415e-01   6.0678534e-01   7.9183554e-01   7.3332738e-01   6.1813059e-01   7.1679404e-01   6.2497757e-01   7.1356455e-01   6.3655429e-01   6.4132814e-01   7.3778389e-01   6.6614798e-01   6.8185150e-01   7.9697949e-01   6.4888842e-01   7.4108403e-01   7.4303445e-01   7.2043911e-01   7.5323733e-01   6.3465077e-01   6.3541105e-01   6.7886587e-01   6.6003856e-01   6.6831319e-01   6.6287378e-01   6.2330821e-01   6.9252725e-01   6.0949397e-01   6.9167664e-01   6.1526531e-01   6.0822803e-01   7.3916553e-01   6.9815049e-01   7.8666813e-01   7.2678771e-01   6.3134576e-01   7.1241892e-01   7.1770256e-01   7.1391318e-01   7.7117654e-01   7.8297779e-01   7.8518767e-01   7.3222652e-01   7.2520630e-01   6.3305557e-01   7.6457995e-01   6.1664088e-01   7.9415435e-01   7.2838937e-01   7.0856482e-01   7.2054131e-01   6.6934318e-01   6.1776218e-01   7.2957534e-01   7.6048484e-01   7.9106467e-01   7.2989498e-01   7.6315336e-01   6.4645415e-01   6.2146474e-01   7.5877623e-01   6.7143043e-01   6.0073831e-01   6.3619637e-01   6.6783341e-01   6.0147323e-01   6.9971017e-01   7.5769634e-01   6.8824872e-01   7.0716655e-01   7.2400633e-01   6.9254194e-01   7.0234368e-01   6.4830494e-01   6.7688740e-01   7.3075335e-01   6.5099401e-01   7.2951905e-01   7.2734183e-01
   6.1467316e-01   7.7580346e-01   6.7901250e-01   7.4496975e-01   7.4527220e-01   7.8178475e-01   7.9761866e-01   7.5577334e-01   7.4749995e-01   6.3577899e-01   6.7122419e-01   7.6131465e-01   6.7263250e-01   6.2581502e-01   0.0000000e+00   6.5952703e-01   6.6191113e-01   6.6418922e-01   6.4176460e-01   7.6526766e-01   6.7906793e-01   7.0038408e-01   7.2179326e-01   6.6685928e-01   7.7915722e-01   6.8389056e-01   6.8790873e-01   7.0192558e-01   6.8550923e-01   6.8507717e-01   7.7938891e-01   7.5466367e-01   7.0025176e-01   7.2027920e-01   7.4542064e-01   7.4928603e-01   7.3567456e-01   6.1702336e-01   6.1205178e-01   6.4368437e-01   7.8317075e-01   6.1889168e-01   6.9091411e-01   7.3643454e-01   7.5671847e-01   6.1787942e-01   6.2005414e-01   7.7134548e-01   7.6608368e-01   6.4156377e-01   6.8228198e-01   6.3985166e-01   7.8099210e-01   7.3201833e-01   6.3653892e-01   7.1494696e-01   6.1549988e-01   7.3737745e-01   7.3562655e-01   7.7029171e-01   7.5865222e-01   7.7814294e-01   7.3346133e-01   6.5636271e-01   7.5514849e-01   7.8958873e-01   6.6750021e-01   7.4816950e-01   7.2443208e-01   7.9381063e-01   7.7502492e-01   6.2660149e-01   7.9881989e-01   7.7843270e-01   6.7134128e-01   7.4187532e-01   6.7353103e-01   7.1883026e-01   7.6649132e-01   7.5384731e-01   6.2695228e-01   6.2520249e-01   6.7160126e-01   6.4698086e-01   7.8005807e-01   7.8863743e-01   7.1214792e-01   6.8357789e-01   6.8003454e-01   6.7853545e-01   7.0976266e-01   6.6745396e-01   6.4708208e-01   6.2712904e-01   6.5167795e-01   6.2285204e-01   7.1806017e-01   6.1012664e-01   6.9201186e-01   7.3534143e-01   7.3805953e-01
   7.8594859e-01   6.0786223e-01   6.4229790e-01   7.9753973e-01   6.7205690e-01   7.2698473e-01   6.5159817e-01   6.0268364e-01   6.2975219e-01   7.0914198e-01   6.7063854e-01   6.4262087e-01   6.7481328e-01   6.7441253e-01   7.0515506e-01   0.0000000e+00   7.8427333e-01   6.8192669e-01   6.9318931e-01   6.7437400e-01   6.0679486e-01   6.0272013e-01   7.2503310e-01   7.2426074e-01   7.8509870e-01   6.9989961e-01   7.9505783e-01   6.4648538e-01   7.1939929e-01   7.5555701e-01   7.4194817e-01   7.4176407e-01   7.3567429e-01   6.5961190e-01   7.6155389e-01   6.5793781e-01   7.7378946e-01   6.0901231e-01   6.8909626e-01   7.6045209e-01   6.3015782e-01   6.2482787e-01   7.7884902e-01   6.2113654e-01   6.4988917e-01   6.2715414e-01   7.5246022e-01   7.6174601e-01   6.6622422e-01   6.0260983e-01   6.8048957e-01   6.8048779e-01   6.4609773e-01   6.8834576e-01   6.9807657e-01   7.0921305e-01   6.5948037e-01   7.2984887e-01   7.1423367e-01   6.8891186e-01   6.0461277e-01   6.9301123e-01   7.8083055e-01   6.9579214e-01   7.2602848e-01   7.3179291e-01   6.8546788e-01   6.0591716e-01   7.4578101e-01   7.3794805e-01   7.4562654e-01   6.3533134e-01   6.7935586e-01   7.2867711e-01   6.7762315e-01   6.4932001e-01   6.2344183e-01   7.0770377e-01   7.4812654e-01   7.0551212e-01   6.5862115e-01   7.7995602e-01   6.5869417e-01   6.9281724e-01   7.6631567e-01   6.0036946e-01   6.3038269e-01   6.0564330e-01   7.5861988e-01   6.6515141e-01   7.1348648e-01   7.2247715e-01   7.0935717e-01   6.5437173e-01   6.1319702e-01   6.4444691e-01   6.3742176e-01   6.7427202e-01   6.4616558e-01   6.8888528e-01   7.5227694e-01
   7.5764891e-01   6.0948909e-01   6.0955773e-01   6.4432698e-01   6.7727694e-01   6.4366180e-01   6.9383428e-01   6.0308213e-01   6.5571723e-01   7.0346783e-01   7.9438082e-01   7.7870139e-01   7.0063178e-01   6.5862462e-01   6.8072566e-01   7.6623993e-01   0.0000000e+00   6.1621539e-01   7.9339499e-01   6.9423992e-01   6.5205270e-01   7.7476573e-01   7.3699653e-01   7.8690550e-01   7.8377304e-01   7.6270164e-01   6.6194691e-01   6.2295807e-01   6.7364639e-01   7.3717598e-01   7.3092160e-01   7.5705267e-01   7.5641960e-01   6.2817166e-01   7.5622995e-01   6.8625256e-01   6.0671371e-01   7.4008178e-01   7.5615834e-01   7.3553060e-01   7.4449780e-01   6.6935139e-01   6.7392993e-01   6.4401019e-01   7.3297440e-01   7.1110142e-01   7.3630624e-01   6.7581944e-01   6.2008250e-01   7.3644706e-01   6.0823749e-01   6.9098517e-01   7.5672998e-01   6.0360950e-01   7.1979819e-01   7.2405413e-01   6.1590266e-01   7.8868828e-01   6.9902388e-01   7.4158693e-01   6.6747415e-01   6.0593724e-01   7.8459845e-01   7.1135784e-01   7.3328429e-01   7.4787632e-01   6.6234119e-01   6.5891376e-01   7.7850551e-01   7.7441300e-01   7.3864158e-01   6.2660293e-01   6.5780770e-01   7.9686805e-01   6.7650543e-01   7.3505949e-01   6.4885200e-01   6.7449294e-01   6.3101650e-01   6.7754898e-01   6.8748022e-01   7.7647547e-01   7.4573713e-01   7.9525847e-01   6.8406330e-01   6.4847157e-01   6.7038968e-01   7.3792221e-01   7.7059447e-01   7.2003532e-01   6.2895399e-01   7.7401014e-01   6.1961027e-01   7.0087835e-01   6.8956092e-01   7.7141548e-01   6.7663441e-01   7.4918681e-01   7.8326688e-01   6.0238405e-01   7.1521654e-01
   7.0786309e-01   6.3935502e-01   7.8160652e-01   6.3592015e-01   6.6556552e-01   7.5083731e-01   7.0680015e-01   7.4824198e-01   7.3469067e-01   6.4395868e-01   7.5908646e-01   6.5914725e-01   7.0898072e-01   7.3044385e-01   6.1969839e-01   7.7537599e-01   6.4962283e-01   0.0000000e+00   6.6441382e-01   6.1012246e-01   7.9352494e-01   7.0545838e-01   6.0303704e-01   6.9059298e-01   7.9908654e-01   7.7636784e-01   6.0729708e-01   7.7256027e-01   6.3483551e-01   6.2027257e-01   7.8805450e-01   7.1962502e-01   6.7727592e-01   7.8554253e-01   7.3445920e-01   7.9921749e-01   6.5964003e-01   7.7687901e-01   7.0384525e-01   7.7249211e-01   6.0055230e-01   6.3440966e-01   6.5449399e-01   6.7181937e-01   7.5327895e-01   6.0132171e-01   6.7139734e-01   6.3475667e-01   6.9646562e-01   6.7996887e-01   6.2167639e-01   7.1925249e-01   6.0774434e-01   6.8443995e-01   6.3958946e-01   7.9254958e-01   7.0294888e-01   6.1954101e-01   6.5843941e-01   6.3483038e-01   7.9217003e-01   7.9769360e-01   7.6003833e-01   7.5793449e-01   6.1267168e-01   6.0466673e-01   7.9035914e-01   6.7499987e-01   6.8720524e-01   7.4916853e-01   7.9022101e-01   6.9498935e-01   6.5965514e-01   7.1881028e-01   7.9795618e-01   7.1285071e-01   7.5341607e-01   6.9564468e-01   6.9841694e-01   7.5281398e-01   7.5401587e-01   7.5271716e-01   7.4925333e-01   7.4068451e-01   7.5545728e-01   6.4918112e-01   6.9366553e-01   6.2095985e-01   6.5900019e-01   6.7452901e-01   6.4079277e-01   6.0964528e-01   7.1528960e-01   7.0853756e-01   6.7465611e-01   6.1426694e-01   6.3606993e-01   6.0246793e-01   6.1783795e-01   7.3489599e-01   7.2180481e-01
   7.7799665e-01   7.6296167e-01   6.5343553e-01   6.7032869e-01   7.3215961e-01   6.4707128e-01   6.9876350e-01   6.0580842e-01   6.2335753e-01   7.1970305e-01   7.7001875e-01   6.6078530e-01   6.8305209e-01   6.0275278e-01   6.3131952e-01   7.4134502e-01   6.8314524e-01   7.7620014e-01   0.0000000e+00   6.1656221e-01   6.2457800e-01   7.6042903e-01   6.8086910e-01   7.8044787e-01   7.2366000e-01   7.3926990e-01   7.4892173e-01   6.9258204e-01   7.7784865e-01   6.2169671e-01   7.2067245e-01   6.7888146e-01   7.2928609e-01   6.4434139e-01   6.2698291e-01   6.2675584e-01   6.1853265e-01   7.8190581e-01   6.3384363e-01   7.6133967e-01   6.5597059e-01   7.6636134e-01   7.8158507e-01   7.5375262e-01   7.9895763e-01   7.7138601e-01   7.8058146e-01   6.1505211e-01   7.2521332e-01   7.1511337e-01   6.3822953e-01   7.7112466e-01   6.2694655e-01   7.1464274e-01   7.3516275e-01   6.9343734e-01   6.2937423e-01   6.7311533e-01   7.5114346e-01   7.3909891e-01   6.9851756e-01   6.0005020e-01   7.7419157e-01   6.3496626e-01   6.3152159e-01   7.7302979e-01   6.1517749e-01   7.2712986e-01   7.4754373e-01   7.4832628e-01   7.1373829e-01   7.6156218e-01   7.1275928e-01   7.4874399e-01   6.0496795e-01   7.3656195e-01   7.4888257e-01   7.3907914e-01   7.7165939e-01   6.3675734e-01   7.8881588e-01   6.8652377e-01   7.1298299e-01   7.6248933e-01   7.3652635e-01   7.0508624e-01   6.7148060e-01   7.0889811e-01   7.4993157e-01   6.1535592e-01   7.3334360e-01   6.4372924e-01   7.0851264e-01   6.8845611e-01   7.3353876e-01   6.9251860e-01   7.9411754e-01   7.4712322e-01   6.1305483e-01   7.1608589e-01   6.3716440e-01
   6.6754417e-01   7.4145162e-01   7.5423546e-01   6.7856757e-01   6.4936980e-01   6.7094868e-01   7.5558556e-01   6.7598934e-01   7.7805229e-01   6.5931085e-01   6.8138593e-01   6.0505023e-01   6.1525010e-01   6.4227763e-01   6.7711049e-01   7.4526461e-01   6.7442386e-01   7.1092834e-01   7.1612034e-01   0.0000000e+00   7.4764152e-01   7.6295531e-01   7.0126368e-01   7.8515397e-01   7.2774229e-01   6.0113262e-01   6.1089547e-01   7.9459238e-01   6.6352340e-01   7.7684291e-01   6.4582724e-01   6.3074826e-01   7.0573625e-01   7.0683154e-01   6.2762975e-01   6.8343798e-01   7.2471810e-01   6.5799334e-01   6.7724862e-01   6.0628076e-01   6.0570065e-01   7.1217806e-01   6.0224358e-01   6.7803128e-01   6.3791591e-01   7.2799599e-01   7.7049023e-01   6.1354672e-01   6.3915257e-01   7.5514446e-01   6.6102327e-01   7.8689743e-01   7.6024006e-01   7.1403081e-01   6.1747425e-01   7.0408638e-01   7.8562646e-01   7.9792859e-01   7.3319508e-01   6.2219793e-01   6.0283995e-01   7.7911370e-01   7.8719712e-01   7.4079654e-01   6.8191192e-01   6.3247999e-01   6.2165729e-01   6.5256532e-01   6.1617977e-01   7.8927427e-01   6.9629441e-01   6.5547894e-01   6.2179897e-01   7.8560948e-01   7.4747897e-01   6.8912530e-01   7.0358555e-01   6.2851725e-01   6.5283849e-01   7.5008591e-01   6.8286662e-01   7.0510909e-01   6.8486356e-01   7.6141091e-01   7.6305853e-01   7.9374918e-01   6.8834141e-01   7.6663217e-01   7.9272825e-01   6.6518757e-01   6.7961183e-01   7.9880610e-01   6.9016719e-01   6.0058622e-01   6.3949784e-01   7.7302137e-01   6.5649360e-01   6.0456905e-01   6.2306734e-01   7.8130028e-01   6.3578812e-01
   7.6674664e-01   7.2377475e-01   6.8538367e-01   7.7961674e-01   7.9862115e-01   6.4933608e-01   7.8931662e-01   6.1536765e-01   6.2187579e-01   6.6447876e-01   6.4689151e-01   6.1819566e-01   6.3376722e-01   7.5274925e-01   7.1243253e-01   7.2709108e-01   7.6687143e-01   6.6126961e-01   7.1304540e-01   7.0082566e-01   0.0000000e+00   6.9858638e-01   7.2874585e-01   6.4098128e-01   7.2086763e-01   7.9220175e-01   7.8252248e-01   7.7780352e-01   7.8769958e-01   6.0950861e-01   6.3154090e-01   6.7274534e-01   7.8387730e-01   6.8307324e-01   7.5753255e-01   7.2374780e-01   6.1231825e-01   6.9197747e-01   7.6678853e-01   7.8740173e-01   7.2287243e-01   6.7920706e-01   7.4757754e-01   7.5711958e-01   6.6312510e-01   7.4025819e-01   6.9736403e-01   6.9139926e-01   7.6007510e-01   7.1635982e-01   6.4719979e-01   6.2159911e-01   7.7756933e-01   6.3413873e-01   7.0249888e-01   7.7383546e-01   6.6032345e-01   7.3060413e-01   6.8120944e-01   6.0315048e-01   6.7856314e-01   6.4593407e-01   7.7697046e-01   6.2568892e-01   7.5620113e-01   6.9922234e-01   6.4561265e-01   6.8935065e-01   7.8266543e-01   6.3956811e-01   6.2722511e-01   7.2456781e-01   6.5154188e-01   7.9956143e-01   6.6112926e-01   7.3473546e-01   6.8488567e-01   7.1680347e-01   7.8476667e-01   6.3882950e-01   6.2336582e-01   7.5557883e-01   7.2250378e-01   6.5779774e-01   6.1701245e-01   7.2819967e-01   7.3411758e-01   6.8476261e-01   6.2545063e-01   7.8128280e-01   6.8865672e-01   6.8146672e-01   6.6493109e-01   7.5557295e-01   7.0971565e-01   6.3662892e-01   6.6325066e-01   7.7918634e-01   7.2425370e-01   7.1628849e-01   7.1098633e-01
   7.8708777e-01   7.4068448e-01   6.0591888e-01   6.3706587e-01   6.7711177e-01   6.7768415e-01   7.6550702e-01   6.1345021e-01   6.7554038e-01   6.9379648e-01   6.5414244e-01   6.3009887e-01   6.8135759e-01   7.2299036e-01   7.4490269e-01   7.2878694e-01   7.9635029e-01   7.8084788e-01   7.0260842e-01   6.2937486e-01   7.5643132e-01   0.0000000e+00   6.6603368e-01   6.4939400e-01   6.3917094e-01   7.3173708e-01   6.9365526e-01   6.7232824e-01   6.6399105e-01   6.3184552e-01   7.7527472e-01   7.5040570e-01   6.5547412e-01   6.0677416e-01   7.2717047e-01   7.7489737e-01   6.6480260e-01   6.9661398e-01   7.8872625e-01   7.4097427e-01   6.6161830e-01   6.0594743e-01   6.5943672e-01   6.3358400e-01   6.8830082e-01   6.5905755e-01   7.6073675e-01   6.0789041e-01   6.0629807e-01   6.7507132e-01   6.9806984e-01   7.7719990e-01   7.5828421e-01   7.5268129e-01   6.0112770e-01   6.8541757e-01   7.7509988e-01   6.3911055e-01   7.9183683e-01   6.1283961e-01   6.7172884e-01   7.3800452e-01   6.3720635e-01   6.0119408e-01   7.8915684e-01   6.3859325e-01   6.2682240e-01   7.3963151e-01   7.8208875e-01   6.2869581e-01   6.7751578e-01   6.9072986e-01   6.6573763e-01   6.9993169e-01   6.4396977e-01   6.8806164e-01   7.4451400e-01   7.9082862e-01   6.1479283e-01   7.3220963e-01   7.2947208e-01   6.7968597e-01   7.4934759e-01   6.3247453e-01   6.3190830e-01   7.1030945e-01   6.2271870e-01   7.7585563e-01   7.7575442e-01   7.2175526e-01   7.7094256e-01   6.5034635e-01   7.7214392e-01   6.8665790e-01   7.4734623e-01   6.4895016e-01   7.1435621e-01   7.1006821e-01   7.5690048e-01   7.9167208e-01   7.0680741e-01
   7.0944485e-01   6.6021066e-01   6.4109542e-01   6.3589532e-01   6.5086930e-01   7.7718934e-01   6.1478559e-01   6.6897583e-01   7.5899059e-01   7.6291349e-01   6.0119073e-01   7.7494645e-01   7.9256417e-01   6.8126505e-01   7.3677998e-01   6.7162742e-01   7.5426406e-01   6.4596146e-01   7.4048702e-01   6.8974725e-01   6.3545561e-01   7.8168090e-01   0.0000000e+00   6.7902943e-01   7.6843677e-01   7.5902371e-01   7.1670407e-01   7.3842239e-01   7.3166752e-01   6.4416833e-01   6.8544291e-01   6.3448714e-01   7.9300217e-01   6.7476379e-01   7.0619624e-01   6.9659025e-01   7.7338641e-01   7.7846579e-01   7.1964441e-01   6.9283849e-01   6.9880243e-01   6.8998908e-01   6.5269506e-01   7.0556889e-01   6.9615204e-01   7.0999248e-01   7.2073826e-01   7.6644027e-01   7.3954214e-01   6.4407015e-01   7.0242234e-01   7.7332632e-01   6.1398161e-01   6.1968245e-01   7.3445059e-01   7.0050565e-01   7.1471087e-01   7.3006804e-01   7.4186345e-01   6.0843560e-01   6.9984456e-01   7.2323407e-01   6.6703840e-01   7.1452873e-01   7.6158755e-01   6.0786088e-01   6.6624954e-01   7.4791039e-01   7.7646008e-01   7.9660568e-01   6.4105788e-01   6.5326185e-01   6.6195256e-01   6.8543674e-01   7.1815198e-01   6.6090824e-01   6.4335729e-01   7.6933633e-01   7.7435093e-01   7.9494438e-01   7.6570701e-01   6.8854417e-01   7.5768731e-01   6.7408985e-01   6.8705623e-01   6.2170394e-01   6.1334735e-01   6.4518837e-01   6.7179286e-01   7.8993259e-01   7.6705132e-01   6.2693522e-01   6.2296958e-01   7.3274570e-01   6.1600276e-01   6.2275132e-01   6.8628993e-01   6.3690765e-01   7.2523049e-01   6.0385821e-01   6.1053004e-01
   6.7301103e-01   6.8909787e-01   6.6211082e-01   6.9242876e-01   6.5191618e-01   7.8827719e-01   6.9952056e-01   7.0571769e-01   7.1108509e-01   7.3929864e-01   6.9874776e-01   7.6492143e-01   6.5459683e-01   7.3598375e-01   6.8432868e-01   6.7393470e-01   6.0584615e-01   7.2231615e-01   7.3467927e-01   6.9181337e-01   7.2309045e-01   7.2317546e-01   6.6797507e-01   0.0000000e+00   6.4962539e-01   6.8509558e-01   7.0153491e-01   7.7874247e-01   7.7781209e-01   7.0513450e-01   7.6518479e-01   6.3345810e-01   7.0683650e-01   6.4931675e-01   6.4955663e-01   7.8502417e-01   7.5583856e-01   7.1034278e-01   6.7848768e-01   6.6759882e-01   6.3967514e-01   7.9405337e-01   6.9168015e-01   7.3439872e-01   7.4550194e-01   6.4697560e-01   6.6094286e-01   6.2048474e-01   7.0627246e-01   7.1812417e-01   6.4149978e-01   7.7260821e-01   7.6920260e-01   6.6074800e-01   6.1936053e-01   6.4522332e-01   7.6125495e-01   6.2447572e-01   6.6596753e-01   7.4251969e-01   7.4554046e-01   6.7432105e-01   7.0620761e-01   6.0323018e-01   6.4404036e-01   7.0001295e-01   6.3204159e-01   6.0203368e-01   7.1262291e-01   7.2495231e-01   7.6979447e-01   6.7398200e-01   6.4941927e-01   7.5806117e-01   7.2718303e-01   7.4419832e-01   6.4165348e-01   7.8617798e-01   6.6165980e-01   6.8429729e-01   7.4937299e-01   7.9184837e-01   6.1747907e-01   6.3276520e-01   6.7892472e-01   7.3877727e-01   7.3903989e-01   6.0967793e-01   7.2628738e-01   6.4789299e-01   6.9499047e-01   6.6519773e-01   6.1042440e-01   7.7169664e-01   7.3420322e-01   6.0554743e-01   6.0791697e-01   6.9481796e-01   7.0797151e-01   7.0198895e-01   7.5977687e-01
   6.4619085e-01   7.6906573e-01   7.2484563e-01   7.0472417e-01   6.6765549e-01   6.2738996e-01   7.9954779e-01   6.3980114e-01   7.5492703e-01   7.3982165e-01   7.1795460e-01   7.6055854e-01   6.9104552e-01   6.6635799e-01   6.6965578e-01   6.0957499e-01   6.9493408e-01   6.3015815e-01   7.1693473e-01   7.0837810e-01   7.5141250e-01   7.6203718e-01   6.0709736e-01   6.7660739e-01   0.0000000e+00   6.5164611e-01   7.8572266e-01   7.8244316e-01   7.7493080e-01   6.3770217e-01   7.9607115e-01   7.9122589e-01   6.7373811e-01   7.8252826e-01   7.7487461e-01   7.0074008e-01   7.1346715e-01   7.2064500e-01   6.3579593e-01   6.6621512e-01   7.9407297e-01   7.7987551e-01   7.0957955e-01   6.3365342e-01   6.0863145e-01   6.0886001e-01   7.2246391e-01   7.2178345e-01   6.7353034e-01   6.5488955e-01   7.1442570e-01   7.3309975e-01   6.1348116e-01   6.2534799e-01   6.0766690e-01   6.9545404e-01   7.7124077e-01   7.5874673e-01   7.5574292e-01   6.4624541e-01   6.8430363e-01   6.0437524e-01   6.6219518e-01   6.6169438e-01   7.8738776e-01   7.3366595e-01   6.4365652e-01   6.0222516e-01   6.9595116e-01   6.2614357e-01   7.4516087e-01   6.2011029e-01   6.2549232e-01   7.7038305e-01   7.5575213e-01   6.7163574e-01   7.3710308e-01   6.6733118e-01   7.2224209e-01   7.8962733e-01   7.5392149e-01   6.5716435e-01   7.7934227e-01   7.7736307e-01   7.1189321e-01   7.7865262e-01   7.7862787e-01   6.0707818e-01   6.6887302e-01   7.6789545e-01   6.4807000e-01   6.3029175e-01   7.2156746e-01   6.4995317e-01   7.6643439e-01   6.4377067e-01   6.1571694e-01   7.1466036e-01   7.8490565e-01   6.4474830e-01   6.2458346e-01
   6.7562268e-01   6.7221210e-01   7.9265264e-01   7.6315477e-01   7.6681094e-01   6.1038552e-01   6.2129803e-01   7.9188465e-01   7.7639126e-01   6.3806272e-01   7.6770030e-01   6.0993159e-01   6.4604100e-01   7.7661930e-01   7.4437171e-01   6.0329995e-01   6.0798113e-01   6.6383891e-01   6.0683608e-01   6.8303412e-01   6.2913499e-01   7.9289457e-01   6.9567425e-01   7.7601741e-01   7.3750824e-01   0.0000000e+00   7.0574834e-01   7.3683834e-01   6.2738059e-01   7.9288010e-01   6.3628288e-01   7.4445134e-01   7.5181674e-01   6.4693256e-01   7.9780087e-01   6.5504680e-01   6.4083944e-01   7.6174323e-01   7.8603154e-01   7.3840283e-01   7.9412254e-01   7.9216341e-01   6.1614815e-01   7.3426282e-01   6.8063396e-01   6.1973844e-01   7.1704413e-01   7.9127457e-01   7.9439468e-01   7.6075510e-01   7.5091899e-01   7.7102577e-01   6.2852542e-01   6.4546466e-01   7.1469560e-01   6.4262774e-01   6.6359137e-01   6.4134544e-01   7.9870457e-01   7.5279327e-01   7.8737527e-01   7.9807603e-01   7.2781283e-01   7.8937535e-01   6.2045002e-01   7.9951148e-01   6.4712191e-01   6.0012870e-01   6.2345760e-01   6.7987662e-01   6.5076448e-01   7.1346583e-01   6.0701368e-01   7.9885397e-01   6.1108352e-01   7.6313224e-01   7.9474658e-01   6.9734004e-01   7.2046716e-01   6.9558623e-01   7.8143774e-01   7.5177218e-01   6.5890045e-01   6.2203662e-01   6.0664120e-01   6.5453338e-01   7.2696763e-01   7.2460499e-01   7.8430481e-01   6.5707149e-01   6.1590483e-01   6.4063370e-01   7.2520776e-01   6.4754156e-01   7.4655130e-01   7.2636345e-01   7.4737331e-01   6.4564374e-01   7.4279886e-01   6.7162523e-01   6.9550667e-01
   7.5112786e-01   6.7068305e-01   7.0464322e-01   6.8918276e-01   6.7315242e-01   6.0843386e-01   6.7330838e-01   6.9602184e-01   6.9669638e-01   7.8429532e-01   7.8713681e-01   7.0928384e-01   6.9037158e-01   6.5845523e-01   7.3610390e-01   7.1126641e-01   7.1959829e-01   6.6109491e-01   6.7369349e-01   6.0488818e-01   6.3856119e-01   6.8015825e-01   7.4285569e-01   6.1554057e-01   6.2669394e-01   7.0486217e-01   0.0000000e+00   7.9826136e-01   6.9961547e-01   6.8481225e-01   7.0305958e-01   6.4943666e-01   6.3711702e-01   6.3818753e-01   6.7767852e-01   6.3282103e-01   6.0018809e-01   7.6991744e-01   7.7938762e-01   6.6438557e-01   6.0047758e-01   6.6001305e-01   6.0937789e-01   6.6535139e-01   6.6668915e-01   6.2002543e-01   7.1450570e-01   7.4836761e-01   7.6930402e-01   7.4421783e-01   6.3323550e-01   6.4589008e-01   6.1285213e-01   7.5850897e-01   6.0544030e-01   6.0054293e-01   7.7125562e-01   6.0209649e-01   7.0255071e-01   7.8666094e-01   7.3231570e-01   6.1652139e-01   7.5113846e-01   6.6690156e-01   6.4436452e-01   6.4704554e-01   6.5738328e-01   7.2006590e-01   6.7084373e-01   6.9847208e-01   6.1423085e-01   7.3011116e-01   7.2392919e-01   6.5683792e-01   7.7943529e-01   7.7821176e-01   6.8805522e-01   6.2870552e-01   7.2426305e-01   6.3192036e-01   6.1631836e-01   7.8161648e-01   7.5698471e-01   7.2386058e-01   7.0624511e-01   7.0508582e-01   6.7435565e-01   7.2011655e-01   6.6922377e-01   7.5457320e-01   6.7887575e-01   7.7331563e-01   7.6859488e-01   6.3193160e-01   7.7007416e-01   7.0182609e-01   6.9533707e-01   7.5915469e-01   7.3805497e-01   7.4226986e-01   6.2592126e-01
   7.8324768e-01   6.3747817e-01   6.8590296e-01   7.6937604e-01   6.4619012e-01   6.4488594e-01   6.6440735e-01   6.8173581e-01   7.2083511e-01   6.4265042e-01   7.7911503e-01   6.9657127e-01   7.5904706e-01   7.6548580e-01   6.8909257e-01   6.9049726e-01   6.5342993e-01   7.5660140e-01   6.4723756e-01   6.3717408e-01   7.1315283e-01   7.7596740e-01   6.0204835e-01   6.0662377e-01   6.9437074e-01   7.3344700e-01   7.6969774e-01   0.0000000e+00   6.0120800e-01   7.2952514e-01   7.6736056e-01   6.2581223e-01   7.1033947e-01   7.0858228e-01   6.9798311e-01   6.5544582e-01   6.4005248e-01   7.6571257e-01   6.0215134e-01   6.3853077e-01   6.2254222e-01   7.9973406e-01   7.6247239e-01   7.4352525e-01   6.0241115e-01   7.5359118e-01   7.6440565e-01   6.0100511e-01   6.0459316e-01   6.4060458e-01   6.3787001e-01   6.3297036e-01   7.0636146e-01   7.4232089e-01   7.1316416e-01   6.2950039e-01   7.5630377e-01   6.1928763e-01   7.5302631e-01   6.5781340e-01   6.2032501e-01   7.5504345e-01   6.6859102e-01   6.6946156e-01   6.3260340e-01   6.6642065e-01   7.4340470e-01   6.8640122e-01   7.7612268e-01   6.2319935e-01   6.6844213e-01   7.6945815e-01   7.4794139e-01   6.2328702e-01   6.3927637e-01   7.4797290e-01   7.6401589e-01   6.4215268e-01   7.7967373e-01   7.8612310e-01   6.8938866e-01   6.5827562e-01   7.5440826e-01   6.7265581e-01   7.6197640e-01   6.7681628e-01   6.9708032e-01   7.5112849e-01   6.8995491e-01   6.2539519e-01   7.9338766e-01   7.5392320e-01   6.4715395e-01   7.3563518e-01   6.0309491e-01   6.1317305e-01   6.9075445e-01   6.9782336e-01   7.9369404e-01   6.4913397e-01   6.9530881e-01
   6.6204981e-01   7.4952450e-01   6.8182578e-01   6.2147712e-01   7.1626989e-01   7.9136497e-01   6.3900757e-01   7.2055091e-01   7.7742340e-01   7.7363193e-01   6.4803551e-01   6.9834042e-01   6.3064458e-01   7.8258209e-01   6.5281172e-01   7.4097293e-01   6.4141086e-01   7.1310297e-01   7.1664970e-01   6.1064647e-01   7.2635378e-01   7.5663390e-01   7.9156268e-01   7.6204121e-01   6.7931593e-01   6.5478627e-01   7.4893463e-01   6.6037436e-01   0.0000000e+00   6.5047079e-01   6.7444240e-01   6.3367283e-01   6.9153723e-01   7.7178095e-01   6.6117641e-01   7.7915155e-01   7.6714544e-01   6.6791360e-01   6.3444777e-01   7.4429108e-01   6.1929226e-01   6.3664648e-01   6.2077397e-01   7.3237494e-01   7.6516586e-01   6.7932144e-01   7.5402848e-01   6.0414652e-01   7.4402645e-01   7.8780911e-01   7.6336847e-01   6.3967814e-01   7.7695337e-01   6.8649808e-01   6.6444132e-01   7.6289266e-01   7.4120008e-01   6.1225772e-01   6.4159649e-01   7.4002227e-01   7.7758985e-01   7.6004295e-01   6.4868597e-01   7.3598343e-01   7.9345089e-01   6.7974819e-01   6.7430876e-01   6.5734839e-01   7.3772548e-01   6.7946545e-01   7.4573581e-01   6.4898454e-01   6.2290614e-01   7.5482397e-01   7.7673861e-01   6.0504698e-01   7.0516780e-01   6.9883885e-01   7.8139506e-01   6.8804261e-01   7.0931831e-01   7.2588429e-01   6.1070772e-01   6.0762601e-01   7.1295285e-01   7.1602918e-01   7.0676503e-01   7.1889229e-01   7.4496072e-01   7.1563317e-01   7.8623552e-01   6.9944272e-01   6.4312270e-01   6.6357975e-01   6.0203589e-01   6.2278333e-01   6.2410832e-01   6.0246943e-01   7.8557196e-01   6.4082146e-01   6.3379128e-01
   7.5161795e-01   7.7813356e-01   7.7618765e-01   7.4853774e-01   7.5105442e-01   6.8717251e-01   6.7115349e-01   7.4300636e-01   6.8018714e-01   7.9005927e-01   6.7672230e-01   6.8588395e-01   6.5331103e-01   7.8626557e-01   7.4769355e-01   7.3559402e-01   6.5071989e-01   6.8679966e-01   7.0320295e-01   6.7494886e-01   6.8408286e-01   7.0361051e-01   6.3880831e-01   7.7775411e-01   6.5717344e-01   7.9008500e-01   7.1732838e-01   6.3404236e-01   7.5269201e-01   0.0000000e+00   7.9224703e-01   7.2899467e-01   6.9197535e-01   6.5276575e-01   6.7430433e-01   6.7260987e-01   7.4659281e-01   6.8263047e-01   6.3734297e-01   7.8692497e-01   7.6649451e-01   6.0596784e-01   6.5966519e-01   7.8168280e-01   7.1564553e-01   6.3490846e-01   6.6370036e-01   7.9769908e-01   7.2423984e-01   7.4632089e-01   6.5287906e-01   6.9392043e-01   7.1740508e-01   6.0321327e-01   7.1439145e-01   7.3356973e-01   6.9363117e-01   7.0707246e-01   6.8109193e-01   7.6194368e-01   7.6095520e-01   6.6138968e-01   6.5793536e-01   6.9742477e-01   6.7966712e-01   7.9427890e-01   7.7662917e-01   7.2810101e-01   6.6696554e-01   7.3150986e-01   6.3133553e-01   6.0528725e-01   7.3299168e-01   7.4574543e-01   6.6475500e-01   6.8521633e-01   7.2874735e-01   7.6068941e-01   7.0305994e-01   6.6159131e-01   7.4917010e-01   6.1301998e-01   7.5961160e-01   6.1584168e-01   7.7276222e-01   6.4287578e-01   7.0883473e-01   7.0379747e-01   6.8534225e-01   7.0746736e-01   6.2659594e-01   6.0596748e-01   7.3468942e-01   6.1602896e-01   7.2743382e-01   7.6598604e-01   7.8567514e-01   6.2164157e-01   6.9624402e-01   7.9692107e-01   6.9016072e-01
   6.5766052e-01   6.6603910e-01   7.8169178e-01   6.2220865e-01   6.6589380e-01   7.5032768e-01   6.2265091e-01   6.4570093e-01   6.8884271e-01   6.8812114e-01   7.9075703e-01   7.8948809e-01   7.1455821e-01   7.5259036e-01   6.2984950e-01   6.5095375e-01   7.6999961e-01   6.4091414e-01   6.5067299e-01   6.2289655e-01   6.4600189e-01   7.9389622e-01   7.2895272e-01   7.3715686e-01   6.4712983e-01   6.1167907e-01   7.1212325e-01   6.9209514e-01   7.6321924e-01   7.2360818e-01   0.0000000e+00   6.1332929e-01   6.2289312e-01   7.0010155e-01   6.0579576e-01   6.9168808e-01   7.3857957e-01   6.3205794e-01   7.5569186e-01   7.2078580e-01   6.6925071e-01   7.4607187e-01   6.2658809e-01   7.4460463e-01   7.5289831e-01   6.7527986e-01   7.7817562e-01   6.9867214e-01   6.9084424e-01   6.8720250e-01   6.1313625e-01   6.5483284e-01   7.3684373e-01   7.0236278e-01   6.0233851e-01   6.0209793e-01   7.9143639e-01   6.7949037e-01   7.8473204e-01   6.6538234e-01   7.3820042e-01   7.3872706e-01   7.5822206e-01   7.9668287e-01   6.6789159e-01   7.6712092e-01   7.3266837e-01   7.1316905e-01   7.2780529e-01   7.4539686e-01   7.4285814e-01   7.2917997e-01   6.1370785e-01   6.9541387e-01   6.4568860e-01   6.7192934e-01   7.1266852e-01   6.9523342e-01   7.0334018e-01   7.4824399e-01   6.7752315e-01   6.0602674e-01   6.5419271e-01   6.5526084e-01   6.9659527e-01   7.2759580e-01   7.8663867e-01   7.8621313e-01   7.3144772e-01   7.1560615e-01   6.4697392e-01   6.9350076e-01   7.1059050e-01   6.0281218e-01   6.4154864e-01   7.7056246e-01   7.9591232e-01   7.3430266e-01   6.9573556e-01   7.2856498e-01   7.0454057e-01
   7.8219137e-01   7.7463284e-01   6.2166587e-01   7.9917539e-01   6.4333496e-01   7.0529434e-01   6.8565007e-01   7.6454283e-01   7.0487340e-01   6.6537275e-01   6.5989590e-01   6.3062379e-01   6.4894535e-01   7.2376807e-01   6.3807754e-01   6.9858158e-01   6.6098629e-01   6.3782558e-01   7.7913538e-01   6.9684250e-01   6.5901815e-01   7.0947167e-01   6.4076607e-01   7.5127030e-01   7.7169036e-01   6.7645658e-01   6.1355327e-01   6.8806337e-01   6.4078952e-01   7.6108754e-01   7.4554870e-01   0.0000000e+00   6.7214850e-01   7.5750392e-01   6.4699191e-01   6.6528101e-01   7.8012687e-01   7.4780376e-01   6.4832399e-01   7.2553188e-01   6.4710954e-01   6.3194768e-01   6.1853544e-01   6.3753139e-01   6.3780861e-01   7.7688869e-01   7.0698127e-01   7.5610628e-01   6.7453658e-01   7.8725709e-01   6.7102173e-01   7.8030720e-01   6.5293531e-01   6.0457742e-01   6.4281912e-01   6.7412015e-01   6.6992257e-01   7.0276709e-01   7.6563795e-01   7.8221814e-01   7.7584224e-01   7.4450933e-01   6.9896684e-01   6.2880673e-01   6.0207965e-01   6.5874788e-01   7.0877431e-01   6.2001920e-01   7.7766524e-01   6.3439884e-01   7.3773829e-01   7.6974200e-01   7.6909605e-01   6.1888788e-01   6.9006614e-01   7.7365247e-01   6.9356040e-01   6.7729395e-01   7.3389474e-01   7.4228672e-01   6.0868129e-01   7.4953931e-01   7.5232275e-01   7.8741593e-01   7.6967889e-01   7.0007540e-01   6.0936309e-01   6.4998380e-01   6.8865729e-01   7.4513417e-01   6.4864694e-01   6.9200383e-01   7.8818795e-01   7.5069421e-01   6.6143137e-01   7.5997331e-01   6.4098424e-01   7.0399367e-01   6.5771397e-01   6.7980740e-01   6.2695526e-01
   6.1748218e-01   6.9709265e-01   6.3655888e-01   6.7880541e-01   6.1504353e-01   6.5922482e-01   7.2510124e-01   6.9013345e-01   7.5495763e-01   7.1582781e-01   6.9721487e-01   6.7566519e-01   7.8393481e-01   6.5893097e-01   7.6601289e-01   6.3237580e-01   7.5752305e-01   7.3869211e-01   7.5929219e-01   7.8145947e-01   6.8159097e-01   6.0303476e-01   6.3533681e-01   7.4958838e-01   6.1391260e-01   7.0044394e-01   7.1768942e-01   6.1191082e-01   7.6268915e-01   7.6687755e-01   6.0273498e-01   7.0770633e-01   0.0000000e+00   7.2285002e-01   7.3469826e-01   6.8356823e-01   7.3030068e-01   6.5299495e-01   7.5730520e-01   7.7468479e-01   6.5109549e-01   6.6934012e-01   7.9405126e-01   7.9895688e-01   7.5676536e-01   6.8671098e-01   7.0934246e-01   7.3813756e-01   7.7118709e-01   7.3302935e-01   7.0028112e-01   7.7985319e-01   7.2444680e-01   6.1483726e-01   6.5254609e-01   7.2257955e-01   7.9910268e-01   6.8270263e-01   6.0025496e-01   6.4107602e-01   7.4446339e-01   7.6622432e-01   6.0054471e-01   6.6706442e-01   7.4958671e-01   6.2480316e-01   6.4904422e-01   6.5267320e-01   6.2799287e-01   6.8475509e-01   6.4375208e-01   6.7956267e-01   6.3205434e-01   6.7833343e-01   6.2493432e-01   7.0837567e-01   6.3886684e-01   6.5687417e-01   7.5478395e-01   6.9150674e-01   6.0934851e-01   7.1074097e-01   7.3182068e-01   7.2150827e-01   6.7112050e-01   7.4431981e-01   7.5204262e-01   7.7500079e-01   7.1216649e-01   7.2591707e-01   7.1231559e-01   7.9240012e-01   7.9832472e-01   6.9267947e-01   7.9059396e-01   6.0499926e-01   6.1529935e-01   6.1823265e-01   6.6140771e-01   7.8179546e-01   7.9906609e-01
   6.7407264e-01   7.5661508e-01   7.4589684e-01   7.7125367e-01   6.7363088e-01   6.9093051e-01   7.3538825e-01   6.1567979e-01   7.5215400e-01   6.5188778e-01   7.8957145e-01   6.8604451e-01   6.1248496e-01   6.6642855e-01   6.3724203e-01   7.9107493e-01   6.4102071e-01   6.4216993e-01   6.2794113e-01   6.7872917e-01   7.2303485e-01   6.1696334e-01   6.7735596e-01   6.3533933e-01   6.1160034e-01   6.3794989e-01   6.0894338e-01   6.6568746e-01   7.5120149e-01   6.6347313e-01   7.0672252e-01   6.7174800e-01   7.0016598e-01   0.0000000e+00   7.0155138e-01   7.7632719e-01   7.6419839e-01   6.8020048e-01   7.2608470e-01   6.4091721e-01   7.9767216e-01   6.8474854e-01   7.3899183e-01   7.5490026e-01   6.4289841e-01   7.2320210e-01   6.3118326e-01   6.0019797e-01   7.0854569e-01   6.4031341e-01   7.8133582e-01   6.9596578e-01   6.9869104e-01   7.2296165e-01   6.1530382e-01   7.8015328e-01   6.9963919e-01   6.7312636e-01   6.7859870e-01   6.0249318e-01   7.1172274e-01   6.0887088e-01   7.8857762e-01   6.8377716e-01   6.5610071e-01   6.7681554e-01   7.9898808e-01   7.1177284e-01   6.0603910e-01   7.9207334e-01   7.8472984e-01   7.8612628e-01   7.5203959e-01   6.0488833e-01   7.3028720e-01   7.3754098e-01   7.5516787e-01   7.9280801e-01   6.0599775e-01   6.8356533e-01   7.3251047e-01   7.4929964e-01   7.4923801e-01   6.7267318e-01   7.7742864e-01   6.6729931e-01   6.9725855e-01   7.2315028e-01   7.1850250e-01   7.1203848e-01   7.1744047e-01   6.3085284e-01   7.3265470e-01   6.3582511e-01   6.4195944e-01   7.9604540e-01   6.0032052e-01   6.5170921e-01   7.7348414e-01   6.4093298e-01   7.9944918e-01
   6.1757182e-01   6.5250668e-01   7.7825785e-01   7.8501384e-01   7.8561338e-01   7.8079321e-01   7.7358171e-01   7.1698952e-01   7.8701350e-01   7.2664193e-01   6.3428166e-01   7.0007558e-01   7.0364401e-01   6.9970243e-01   6.8458884e-01   6.4062730e-01   7.9482261e-01   6.1876445e-01   6.1904792e-01   6.1083854e-01   6.7871211e-01   7.3672568e-01   7.9248799e-01   7.3014603e-01   6.4302207e-01   7.4029630e-01   7.4839930e-01   6.8199081e-01   6.4739235e-01   7.9564030e-01   6.1963787e-01   6.7312041e-01   6.0416275e-01   6.1287362e-01   0.0000000e+00   7.9584181e-01   6.6885985e-01   7.5536492e-01   7.5182454e-01   6.5001681e-01   7.3818209e-01   7.9411432e-01   7.8127038e-01   6.2210819e-01   6.9475766e-01   6.6415126e-01   6.7116066e-01   6.7005763e-01   6.0031056e-01   6.5286083e-01   6.4310193e-01   6.5763800e-01   7.8359067e-01   6.1112387e-01   6.8642150e-01   7.0847975e-01   7.1390639e-01   7.6886840e-01   7.6105868e-01   6.8633935e-01   6.1478896e-01   7.1770921e-01   6.2413517e-01   7.4767762e-01   6.9540277e-01   6.7315423e-01   6.4841979e-01   6.4050501e-01   6.9070144e-01   6.4223279e-01   6.6828342e-01   6.5278149e-01   6.5056333e-01   6.7939486e-01   6.0206006e-01   6.8844162e-01   7.2821296e-01   6.1180512e-01   7.4987381e-01   6.0427811e-01   7.8462909e-01   6.5370791e-01   6.0458755e-01   7.3702074e-01   7.7456556e-01   7.1177622e-01   6.6466799e-01   7.6343578e-01   6.6615754e-01   6.5551744e-01   6.6350042e-01   6.2215328e-01   7.5629051e-01   6.6012234e-01   7.0689864e-01   6.8676163e-01   7.3248081e-01   6.0128666e-01   6.3572739e-01   7.2898529e-01   7.1894128e-01
   6.2000729e-01   6.1668810e-01   7.5403641e-01   6.1591718e-01   7.1874878e-01   6.8944327e-01   7.5881366e-01   7.9606179e-01   7.9621995e-01   6.9816779e-01   7.7117365e-01   6.7177473e-01   6.0057575e-01   6.2945672e-01   7.5602971e-01   6.3253780e-01   7.4907087e-01   6.4617994e-01   6.1185806e-01   7.4792000e-01   7.6750057e-01   6.4178225e-01   6.0605735e-01   6.1376460e-01   7.2648401e-01   6.6895338e-01   6.2871507e-01   7.8268727e-01   6.5831890e-01   7.1874119e-01   6.4278552e-01   7.5554663e-01   6.3388882e-01   7.9334557e-01   6.9758625e-01   0.0000000e+00   7.2023030e-01   6.6280833e-01   6.5878808e-01   6.9828294e-01   6.3636252e-01   7.3897121e-01   7.8138111e-01   6.9842009e-01   6.2157128e-01   7.0859256e-01   7.9540231e-01   7.0845129e-01   7.1766477e-01   7.3575138e-01   6.2804995e-01   7.8074054e-01   7.5048776e-01   6.1984907e-01   7.4155237e-01   6.0178954e-01   6.3724293e-01   7.9824023e-01   7.5685991e-01   6.9425401e-01   7.3123325e-01   7.2133016e-01   7.3269875e-01   6.2391313e-01   7.6425484e-01   6.2639383e-01   7.0150731e-01   6.1366115e-01   6.4087249e-01   6.0568376e-01   7.0624251e-01   6.5645186e-01   6.6769811e-01   7.1173038e-01   7.1087462e-01   6.5279009e-01   7.6191103e-01   7.3499000e-01   7.8027594e-01   7.6021495e-01   6.6148346e-01   6.5668475e-01   7.1931407e-01   6.1067581e-01   6.7110585e-01   7.5985613e-01   6.7272766e-01   6.7353210e-01   6.0042697e-01   6.8135424e-01   6.2440960e-01   6.7682970e-01   7.2620378e-01   7.7094159e-01   6.8635176e-01   7.6696609e-01   7.9141047e-01   6.0273747e-01   7.3507075e-01   6.7975417e-01   6.8989013e-01
   6.0785761e-01   6.3273290e-01   7.4348786e-01   6.1347946e-01   7.6689684e-01   6.1941255e-01   6.4886532e-01   6.0543929e-01   6.7387541e-01   6.7193325e-01   7.0949952e-01   7.4426481e-01   6.9280511e-01   6.2117038e-01   6.9026580e-01   6.4992865e-01   7.1208294e-01   7.9733550e-01   7.0329561e-01   7.6020196e-01   7.0631981e-01   6.8184149e-01   7.9208341e-01   6.6843786e-01   6.2498177e-01   7.9337768e-01   6.1230687e-01   7.6394713e-01   7.9326980e-01   6.7181000e-01   7.0583964e-01   7.6339836e-01   7.6155516e-01   6.9354690e-01   7.3427368e-01   6.0382004e-01   0.0000000e+00   6.1356989e-01   6.2892564e-01   6.7900587e-01   7.9113937e-01   7.2518037e-01   7.9488582e-01   6.0211293e-01   6.2015848e-01   6.7158358e-01   6.3835326e-01   6.0886827e-01   6.0728702e-01   7.6670656e-01   7.7424955e-01   6.4941807e-01   6.7076047e-01   7.9928317e-01   7.8022931e-01   6.0120791e-01   6.4840849e-01   6.3525320e-01   6.3100538e-01   7.9446989e-01   6.0411845e-01   6.4736504e-01   6.0219783e-01   7.0602169e-01   6.4474469e-01   6.0247667e-01   6.3459151e-01   7.3262116e-01   7.1485454e-01   6.4261699e-01   6.3265963e-01   7.3583328e-01   7.7460808e-01   6.8570177e-01   7.7628653e-01   7.4641310e-01   6.7243183e-01   7.9815193e-01   7.7785558e-01   7.2520965e-01   7.7799630e-01   6.8042480e-01   6.8389774e-01   7.8283786e-01   6.6139178e-01   6.5291056e-01   7.4477663e-01   6.6109499e-01   6.9761247e-01   6.4744202e-01   6.4584275e-01   6.7958949e-01   7.4531170e-01   6.9261492e-01   6.9591234e-01   6.0733953e-01   7.3162254e-01   7.8052517e-01   7.5347265e-01   7.1530085e-01   7.8613827e-01
   6.7785000e-01   7.9205639e-01   6.3302954e-01   6.1178073e-01   6.0745005e-01   7.9556303e-01   7.2556447e-01   7.6353353e-01   7.4366618e-01   7.7921240e-01   7.8681655e-01   7.1274175e-01   7.1291441e-01   7.4343396e-01   7.6532144e-01   7.3875958e-01   7.4678933e-01   7.4855178e-01   7.6699665e-01   6.1622396e-01   7.5527880e-01   6.0901073e-01   6.0015812e-01   6.7328912e-01   6.5565479e-01   6.9393728e-01   6.8662068e-01   6.5925788e-01   7.1119247e-01   7.8400765e-01   6.4638900e-01   6.0275346e-01   6.9864184e-01   7.4541509e-01   6.0114720e-01   7.7364693e-01   6.5141417e-01   0.0000000e+00   7.6411543e-01   7.7402205e-01   7.9753048e-01   6.6819261e-01   6.3726542e-01   6.4977964e-01   7.0470445e-01   7.6367243e-01   7.0793928e-01   6.2290865e-01   6.7934988e-01   6.5404891e-01   7.3139487e-01   6.3791305e-01   7.0352529e-01   6.1593694e-01   6.7390179e-01   7.5598638e-01   6.3371031e-01   6.2406687e-01   7.7488556e-01   7.1662528e-01   6.1340843e-01   7.0078640e-01   7.7886764e-01   7.5110532e-01   6.8723465e-01   6.1848986e-01   6.9671840e-01   6.3755308e-01   7.9454105e-01   6.1914299e-01   7.5933628e-01   6.9620461e-01   7.5169635e-01   6.7921516e-01   7.6148334e-01   6.4045994e-01   6.6154139e-01   6.3414264e-01   6.7466623e-01   6.9420780e-01   7.9829125e-01   6.9952246e-01   7.6198427e-01   7.1816207e-01   7.2968688e-01   6.9616136e-01   7.9896783e-01   7.6134405e-01   6.4323194e-01   6.7378620e-01   7.6839193e-01   7.8260501e-01   7.0620914e-01   7.9885682e-01   6.7711716e-01   6.8473218e-01   7.4845740e-01   7.9977410e-01   6.4614830e-01   7.6226148e-01   6.0471675e-01
   6.7655080e-01   7.7838995e-01   6.3970739e-01   6.1499733e-01   7.0038164e-01   7.7404806e-01   6.0575887e-01   7.1512987e-01   7.4641891e-01   7.1158161e-01   6.4796236e-01   6.5603155e-01   6.1385013e-01   7.4055374e-01   6.0026504e-01   7.9730384e-01   7.5967421e-01   7.4668917e-01   6.1267097e-01   6.4190860e-01   6.6532263e-01   6.0559719e-01   7.6932079e-01   6.1354167e-01   6.9389028e-01   6.3897648e-01   6.4654851e-01   7.9308982e-01   7.0142835e-01   7.3901244e-01   7.6627620e-01   6.8938320e-01   7.4143625e-01   7.1574984e-01   6.8281790e-01   7.4681078e-01   6.6634080e-01   6.2406656e-01   0.0000000e+00   6.1136606e-01   6.6857111e-01   6.7995074e-01   7.0766811e-01   7.8469386e-01   7.9376449e-01   7.2214474e-01   6.6409987e-01   7.2848309e-01   7.1550767e-01   6.5932411e-01   7.2508822e-01   7.0474749e-01   6.4379141e-01   6.2038653e-01   6.6286791e-01   6.9972895e-01   6.5352725e-01   7.7610265e-01   6.5304421e-01   6.4392871e-01   7.8285676e-01   7.0762400e-01   7.1095087e-01   7.9721473e-01   7.3617069e-01   7.0980561e-01   6.5927213e-01   6.2935330e-01   6.3996756e-01   7.0498594e-01   7.8913628e-01   7.6230299e-01   6.1228410e-01   7.2594407e-01   6.1282869e-01   6.4754888e-01   7.3830859e-01   7.9958093e-01   7.7848771e-01   7.0287389e-01   6.3014397e-01   6.0816494e-01   7.2279779e-01   6.5367111e-01   7.2369787e-01   7.7745804e-01   7.7639094e-01   7.2160086e-01   6.5156312e-01   6.1153528e-01   6.5633749e-01   6.8668087e-01   7.9323578e-01   7.0501199e-01   6.5745945e-01   7.8712273e-01   7.1832394e-01   6.7835095e-01   6.7680510e-01   6.8453893e-01   6.8371499e-01
   6.1483204e-01   7.1846366e-01   6.6741377e-01   7.4101448e-01   7.3628116e-01   6.9753086e-01   6.9618766e-01   6.2325267e-01   7.2683699e-01   6.2022904e-01   7.4560894e-01   6.0169073e-01   6.4728116e-01   6.8344791e-01   7.8667254e-01   6.9794174e-01   6.8647560e-01   6.7197136e-01   6.7791015e-01   7.1296333e-01   7.2834711e-01   6.6999958e-01   6.2463728e-01   7.2469445e-01   7.4985365e-01   6.3179979e-01   6.3463218e-01   7.8938584e-01   6.3365383e-01   7.4725542e-01   7.2963426e-01   6.8594202e-01   6.9915980e-01   6.4104932e-01   6.6359217e-01   7.4837281e-01   6.8088300e-01   7.0126393e-01   6.9035573e-01   0.0000000e+00   7.0590908e-01   7.1223353e-01   6.3823189e-01   7.2293063e-01   6.7643734e-01   7.4666554e-01   7.4126049e-01   7.7693834e-01   7.8584516e-01   6.0864926e-01   6.0616368e-01   6.4417828e-01   7.5664061e-01   6.9184509e-01   6.4552723e-01   7.7838786e-01   6.7229671e-01   7.7657239e-01   6.7773253e-01   6.4763432e-01   7.6395184e-01   6.1091376e-01   6.9006052e-01   6.6056281e-01   7.9729817e-01   6.0795198e-01   7.7807256e-01   6.0002471e-01   7.1711436e-01   7.2817543e-01   7.0801991e-01   7.8709773e-01   7.6330971e-01   7.0400354e-01   6.5601425e-01   6.6333635e-01   6.9837559e-01   6.7160467e-01   7.6891325e-01   7.3072112e-01   7.1134993e-01   7.2608394e-01   7.8326745e-01   7.4588511e-01   6.6766440e-01   7.8590426e-01   7.2345589e-01   6.2940980e-01   7.8197665e-01   6.2431407e-01   6.2963034e-01   7.0179286e-01   7.4300348e-01   6.5372333e-01   7.1669234e-01   6.3356745e-01   6.1228827e-01   6.4194179e-01   6.0576007e-01   6.3993924e-01   6.8268300e-01
   6.2981713e-01   6.5886826e-01   7.9124228e-01   6.9598853e-01   6.5069565e-01   6.6489014e-01   6.9859257e-01   6.3904431e-01   6.5964875e-01   7.9107157e-01   6.4374119e-01   6.0941155e-01   6.8000168e-01   6.6253346e-01   7.6104558e-01   7.7034320e-01   6.3601884e-01   6.7843999e-01   6.3453985e-01   6.5563188e-01   7.8432487e-01   7.1291365e-01   6.1239846e-01   7.9089611e-01   7.1879090e-01   6.2409970e-01   6.0087760e-01   7.1692269e-01   6.1058781e-01   6.5449398e-01   7.7015548e-01   6.2251011e-01   6.3694945e-01   7.8514724e-01   7.9480681e-01   7.9335891e-01   6.0912463e-01   7.3978221e-01   7.6011061e-01   7.6603637e-01   0.0000000e+00   7.4053450e-01   6.0622720e-01   6.4864586e-01   7.5243717e-01   7.4049866e-01   6.1597680e-01   6.9777945e-01   6.5210700e-01   6.9761191e-01   6.0562227e-01   7.2890849e-01   7.9930818e-01   6.1884051e-01   6.7740948e-01   7.2987056e-01   7.1142326e-01   6.8256384e-01   7.3035868e-01   7.9100508e-01   6.7516920e-01   6.7102387e-01   6.8948454e-01   6.7553309e-01   7.3893065e-01   7.4049678e-01   7.2539199e-01   6.1123020e-01   6.6242552e-01   7.0054940e-01   6.9405732e-01   6.0871953e-01   7.1722864e-01   7.5548216e-01   7.6852929e-01   6.1877166e-01   7.4604260e-01   7.0516442e-01   7.2340160e-01   7.7542978e-01   7.6976172e-01   7.3461715e-01   6.5757516e-01   7.6280459e-01   7.9641709e-01   7.8865285e-01   7.0163874e-01   6.1053817e-01   7.6865319e-01   6.4429648e-01   7.1525917e-01   7.1352773e-01   7.5193136e-01   7.8942346e-01   7.2385048e-01   7.1818713e-01   6.3112531e-01   7.2491023e-01   6.5573706e-01   7.6209921e-01   6.6668306e-01
   6.4953380e-01   7.1530124e-01   7.6886456e-01   7.1991561e-01   7.6121335e-01   7.9043705e-01   6.4954492e-01   7.8738084e-01   6.6001983e-01   7.0214036e-01   6.4952899e-01   6.7069443e-01   7.2184476e-01   7.6892783e-01   6.9092770e-01   6.9458059e-01   7.6266637e-01   6.6488722e-01   7.0070506e-01   7.8937074e-01   6.3327861e-01   7.7556566e-01   7.0419821e-01   6.8213198e-01   6.8306255e-01   6.3561347e-01   6.5043192e-01   7.4084174e-01   6.1274692e-01   7.3161615e-01   7.1574876e-01   6.1487185e-01   6.3266822e-01   6.8811585e-01   6.1158945e-01   7.3352189e-01   6.2648527e-01   7.6228832e-01   7.5759948e-01   7.4057869e-01   6.6819199e-01   0.0000000e+00   7.8880537e-01   7.9786563e-01   6.1216943e-01   7.6554488e-01   6.9237229e-01   7.5697656e-01   6.7124841e-01   7.6442033e-01   7.5420636e-01   6.7377562e-01   6.2821470e-01   7.1105372e-01   6.1982399e-01   6.4098544e-01   7.6167754e-01   6.3589380e-01   7.9147538e-01   6.9826676e-01   6.5329881e-01   6.5639832e-01   7.0066170e-01   6.8185515e-01   7.4197316e-01   6.0490324e-01   7.4690673e-01   6.3470190e-01   6.5696635e-01   7.1244720e-01   6.5937053e-01   6.3894092e-01   6.6197870e-01   7.3386311e-01   6.7123158e-01   7.3074902e-01   6.2869812e-01   6.1933757e-01   7.6631684e-01   7.7000655e-01   7.9621934e-01   7.4122345e-01   6.4914389e-01   7.2570012e-01   6.3007769e-01   6.8306626e-01   6.1788847e-01   7.0717468e-01   7.8846530e-01   6.2879990e-01   6.1435803e-01   6.3335538e-01   7.1678224e-01   7.4358036e-01   6.3639140e-01   6.1404759e-01   6.5716746e-01   7.2891541e-01   6.5910683e-01   7.0077481e-01   7.9765374e-01
   7.4187317e-01   7.0079310e-01   6.4325760e-01   6.2390984e-01   6.7024186e-01   6.9431041e-01   6.2556025e-01   6.8508340e-01   7.6000156e-01   7.2572500e-01   6.8705894e-01   6.5620630e-01   7.7949098e-01   6.3508674e-01   7.6134541e-01   6.1367839e-01   6.2037438e-01   7.7160482e-01   7.2186703e-01   7.3463703e-01   6.7011331e-01   7.4989259e-01   7.5270344e-01   7.9097127e-01   7.9618337e-01   6.8160399e-01   7.4856798e-01   6.3721133e-01   6.7937209e-01   6.5033918e-01   7.4952071e-01   7.5137773e-01   7.6343031e-01   7.8247043e-01   6.6600830e-01   7.2994508e-01   7.8391347e-01   7.1986298e-01   7.6021396e-01   6.4809151e-01   7.4954686e-01   7.1125510e-01   0.0000000e+00   7.8548177e-01   7.0872355e-01   6.1350932e-01   6.5188919e-01   7.2313654e-01   6.0912387e-01   7.6454390e-01   6.9108228e-01   6.2249696e-01   7.1514080e-01   6.2992703e-01   7.6576548e-01   6.2235746e-01   6.6239535e-01   7.3369407e-01   7.6764393e-01   6.6818343e-01   7.0939442e-01   7.4323916e-01   6.4768476e-01   7.3310084e-01   7.2860399e-01   6.4897098e-01   7.4693515e-01   6.3571704e-01   7.0425340e-01   7.3024443e-01   7.2177465e-01   6.5109498e-01   6.2380226e-01   6.0209892e-01   6.0374199e-01   7.1097334e-01   6.5678432e-01   7.4525138e-01   7.7063262e-01   6.4183074e-01   6.2283137e-01   6.3989628e-01   7.1773999e-01   6.7942045e-01   6.3176427e-01   6.2715610e-01   7.5846580e-01   6.3869512e-01   7.8781687e-01   6.4518966e-01   7.9447495e-01   6.2425531e-01   6.4628629e-01   6.3424958e-01   7.5865531e-01   7.0025715e-01   7.8518690e-01   7.5262066e-01   6.6654553e-01   6.4033173e-01   7.6603298e-01
   6.3313935e-01   6.4158520e-01   6.3050241e-01   7.6683923e-01   6.3765813e-01   7.9388813e-01   7.9632085e-01   7.1792509e-01   6.9926465e-01   6.5844531e-01   6.2705046e-01   7.1300622e-01   7.4200697e-01   6.9508786e-01   6.1425954e-01   6.5201178e-01   6.4897001e-01   6.1567101e-01   7.0481577e-01   6.1850453e-01   7.3386269e-01   7.9819211e-01   7.5313867e-01   7.8870180e-01   6.8939688e-01   6.7334256e-01   6.1938902e-01   6.9169246e-01   6.9856994e-01   6.7187211e-01   7.7782962e-01   7.0144636e-01   7.0579266e-01   6.4550754e-01   7.9280551e-01   6.0701100e-01   7.5557048e-01   7.0313924e-01   6.1959577e-01   7.7664761e-01   6.2228787e-01   6.1494552e-01   7.5492685e-01   0.0000000e+00   7.5538706e-01   7.0974360e-01   7.2052379e-01   7.0336694e-01   7.8140422e-01   7.2056176e-01   6.8782640e-01   6.9932190e-01   7.7202804e-01   7.9066390e-01   6.4975113e-01   7.6217181e-01   6.7457238e-01   7.3231090e-01   6.1983675e-01   7.7097043e-01   6.4689313e-01   7.4811883e-01   6.7990468e-01   6.7482326e-01   7.9431971e-01   6.7156818e-01   6.6404874e-01   7.8384412e-01   7.8030511e-01   6.3954545e-01   7.4273671e-01   6.8311782e-01   7.4237003e-01   6.7490776e-01   7.0782605e-01   7.3599995e-01   6.1243096e-01   7.4411452e-01   6.3267590e-01   7.4567653e-01   6.3393297e-01   6.9716002e-01   6.9610959e-01   7.8783707e-01   6.5175635e-01   7.1677679e-01   6.9314901e-01   6.6562210e-01   7.2629637e-01   7.9765737e-01   6.7626942e-01   6.8514688e-01   6.1084933e-01   6.5466615e-01   6.3055363e-01   7.7416699e-01   7.2559736e-01   6.2341071e-01   6.9449628e-01   7.0057857e-01   6.9313570e-01
   6.9978480e-01   6.0004300e-01   7.7366900e-01   7.5958297e-01   7.7680252e-01   7.4849608e-01   6.9700706e-01   7.8731670e-01   7.9435702e-01   6.4299287e-01   6.5765826e-01   7.1022439e-01   6.5035870e-01   6.0062644e-01   6.8288785e-01   6.2815239e-01   7.0333008e-01   7.1087908e-01   7.0851420e-01   6.5404068e-01   6.2752919e-01   7.4542925e-01   6.0819685e-01   7.7711170e-01   7.6923584e-01   6.6127072e-01   7.6238693e-01   7.3141774e-01   6.3773704e-01   7.8396949e-01   7.3295512e-01   7.9101579e-01   7.0067871e-01   7.9575959e-01   7.7289372e-01   6.6697389e-01   7.5725305e-01   7.0837287e-01   6.2383217e-01   7.1941375e-01   6.5655247e-01   7.1443697e-01   7.7915825e-01   7.2496314e-01   0.0000000e+00   7.8940824e-01   6.6515949e-01   6.6942795e-01   7.4423604e-01   6.6064188e-01   6.7109855e-01   7.1944987e-01   6.9948512e-01   7.6670256e-01   7.5245819e-01   7.2105739e-01   7.5471653e-01   7.2709861e-01   7.2020012e-01   7.4621923e-01   7.9399768e-01   7.5662317e-01   6.5829433e-01   7.3149682e-01   6.9995450e-01   6.5008177e-01   6.0033088e-01   6.1419183e-01   6.0178998e-01   7.1867195e-01   6.6960456e-01   6.9752238e-01   6.6012769e-01   7.9866490e-01   6.5818163e-01   6.4773351e-01   7.2256381e-01   7.2178011e-01   6.2933669e-01   7.8524936e-01   6.5591738e-01   7.2009668e-01   6.8544496e-01   6.2092566e-01   6.1282289e-01   6.8734955e-01   6.7864456e-01   7.4630390e-01   6.9398115e-01   7.6693105e-01   7.3644012e-01   6.9547083e-01   7.7177837e-01   6.5578565e-01   6.5821750e-01   6.1005871e-01   7.9293999e-01   6.9507056e-01   6.0491122e-01   6.2360169e-01   6.3864483e-01
   7.5928545e-01   6.1787383e-01   6.3380477e-01   6.4785353e-01   7.3048942e-01   6.2525527e-01   6.2485507e-01   7.0033952e-01   6.1689768e-01   7.1487871e-01   6.2536094e-01   6.6097945e-01   7.2601116e-01   7.5355448e-01   6.3509147e-01   7.7813457e-01   7.5652145e-01   7.8400918e-01   7.5790585e-01   6.5069223e-01   6.7741195e-01   7.9227832e-01   6.9709170e-01   7.1890584e-01   7.6526110e-01   7.4100534e-01   7.5724064e-01   6.0099151e-01   6.7727521e-01   6.1745970e-01   6.5328401e-01   7.0230371e-01   6.9592960e-01   6.4287769e-01   6.9813488e-01   7.7359958e-01   7.8081468e-01   6.0051697e-01   6.4694698e-01   7.8931295e-01   6.9571449e-01   6.5591477e-01   7.9854983e-01   6.9539717e-01   6.6112797e-01   0.0000000e+00   6.3948950e-01   6.5725172e-01   7.6738219e-01   7.6856688e-01   6.4863337e-01   6.9625591e-01   6.2889604e-01   7.2210115e-01   6.4903471e-01   7.4426036e-01   7.7929045e-01   6.5849599e-01   6.2899429e-01   6.3911528e-01   7.0882968e-01   6.9403602e-01   6.9835755e-01   7.2711094e-01   7.6668374e-01   6.3487594e-01   6.9023097e-01   6.0182744e-01   7.4594767e-01   6.5868653e-01   6.4470326e-01   7.3607321e-01   6.6984586e-01   7.8162385e-01   7.8868067e-01   7.8734753e-01   6.4228049e-01   6.7877653e-01   6.6747645e-01   7.1348127e-01   6.7891770e-01   7.4376033e-01   7.9228336e-01   7.2012245e-01   6.2931830e-01   6.5542304e-01   7.3641241e-01   7.8504141e-01   6.7820345e-01   6.4823189e-01   7.8295158e-01   6.7822126e-01   6.4225352e-01   6.9396940e-01   7.3810074e-01   6.5760711e-01   7.6178943e-01   6.8002189e-01   6.7342427e-01   6.6677328e-01   7.4080579e-01
   7.7745832e-01   7.8477861e-01   7.0325190e-01   7.0238553e-01   7.5828026e-01   6.2219060e-01   6.8254283e-01   7.2682989e-01   7.3727509e-01   7.1458542e-01   7.9982074e-01   6.7165540e-01   7.4810633e-01   6.5409125e-01   6.7943482e-01   7.4410278e-01   6.2347810e-01   6.6321591e-01   6.3049021e-01   6.4726070e-01   6.8413719e-01   7.4171267e-01   6.2512575e-01   7.8625679e-01   6.4442926e-01   7.3326816e-01   6.1855088e-01   7.5963698e-01   6.1006636e-01   6.1055680e-01   6.6238770e-01   7.5698718e-01   7.7636375e-01   6.2221638e-01   7.6361604e-01   6.8156576e-01   7.3529314e-01   6.4953037e-01   7.1391122e-01   7.6104295e-01   7.1108357e-01   6.5018810e-01   6.6727808e-01   6.0680250e-01   6.8042928e-01   7.2200865e-01   0.0000000e+00   6.1052360e-01   6.0708119e-01   6.8164365e-01   6.8625471e-01   6.0859288e-01   7.1501761e-01   7.7368948e-01   7.1837151e-01   7.8902014e-01   6.2354823e-01   7.3991292e-01   6.0768465e-01   7.8078505e-01   6.9643664e-01   7.4779627e-01   6.2702585e-01   6.3628852e-01   7.6502506e-01   7.6790784e-01   6.5485592e-01   6.3763936e-01   6.5241148e-01   6.6771964e-01   7.2968141e-01   6.7166161e-01   6.4666058e-01   7.2062422e-01   6.6979719e-01   7.4006020e-01   6.2814519e-01   6.3157879e-01   6.7326667e-01   7.5045048e-01   6.1272196e-01   6.5722776e-01   6.7737730e-01   7.0494383e-01   7.1963587e-01   6.1070634e-01   7.1145173e-01   7.5709958e-01   6.7532674e-01   7.3835230e-01   7.7721726e-01   7.6610105e-01   7.7404811e-01   6.0359542e-01   6.6265979e-01   7.6619054e-01   7.0278501e-01   6.5634982e-01   7.4099852e-01   6.5094760e-01   6.1600177e-01
   7.2987686e-01   6.1610785e-01   6.9000811e-01   6.4530952e-01   6.1554092e-01   7.3296827e-01   7.9795963e-01   6.6506772e-01   7.2779887e-01   6.7713166e-01   6.4984888e-01   7.8781041e-01   6.3238120e-01   7.1524334e-01   6.7941651e-01   6.5653184e-01   6.4639789e-01   7.3803245e-01   7.6766480e-01   7.1721649e-01   6.9132002e-01   6.3640936e-01   7.9807814e-01   7.2273426e-01   6.4266639e-01   7.1032217e-01   6.0450986e-01   7.2744752e-01   6.9000928e-01   7.8788617e-01   7.1063150e-01   7.9455570e-01   7.6339184e-01   7.2549265e-01   6.3603403e-01   6.0296402e-01   7.2273566e-01   7.6357155e-01   7.6240840e-01   6.9016448e-01   6.8091265e-01   7.3189914e-01   6.4717009e-01   6.1945479e-01   6.0055707e-01   7.8707048e-01   6.9192842e-01   0.0000000e+00   6.3935674e-01   7.8243631e-01   7.3813880e-01   6.2126255e-01   6.9431024e-01   7.5667342e-01   6.5648884e-01   6.3262906e-01   6.2057933e-01   6.2028039e-01   6.6321088e-01   7.9001456e-01   6.0478503e-01   7.9768376e-01   7.8868583e-01   7.5998402e-01   6.1225066e-01   6.7442465e-01   6.0078066e-01   6.7735216e-01   7.8182562e-01   6.4819336e-01   6.4217661e-01   6.4195133e-01   7.3969829e-01   6.6968106e-01   7.7756546e-01   6.8427847e-01   6.4518892e-01   7.0132965e-01   7.6325403e-01   6.2511321e-01   7.9076193e-01   7.8195967e-01   7.6461135e-01   6.8531102e-01   6.3191437e-01   7.5230975e-01   7.4752835e-01   7.7682710e-01   6.6587942e-01   7.8107630e-01   7.3338229e-01   7.2766708e-01   7.7647939e-01   7.3142108e-01   7.1031109e-01   7.5260814e-01   7.6836006e-01   7.6164500e-01   6.6930677e-01   7.8296470e-01   6.9350909e-01
   6.7146108e-01   6.9221030e-01   6.6475961e-01   6.2340983e-01   7.3786785e-01   6.1412046e-01   7.9430644e-01   6.7944454e-01   6.0900878e-01   6.0052341e-01   6.9482504e-01   6.7429425e-01   7.6188423e-01   6.8343535e-01   7.1142515e-01   6.7547695e-01   6.3676981e-01   6.3267775e-01   6.7764021e-01   7.6700685e-01   6.0580075e-01   6.4029693e-01   6.4294385e-01   7.3691266e-01   6.2082082e-01   7.8439521e-01   7.1036084e-01   6.0301116e-01   6.9577574e-01   7.2826340e-01   7.6047429e-01   6.9062740e-01   7.3434633e-01   6.4981460e-01   7.3445454e-01   7.2605653e-01   7.6001209e-01   7.6430811e-01   7.5359807e-01   6.0576711e-01   6.8717076e-01   6.4462214e-01   6.2200255e-01   7.9712730e-01   6.3269774e-01   7.9970511e-01   7.3711843e-01   7.9131074e-01   0.0000000e+00   7.9418884e-01   6.3425721e-01   7.8415410e-01   7.1126831e-01   7.7865197e-01   6.9478454e-01   7.6279390e-01   6.9916699e-01   6.7981730e-01   7.3664767e-01   6.6911470e-01   7.3386204e-01   6.0410855e-01   7.8389811e-01   7.6039755e-01   6.4438063e-01   6.2928311e-01   7.9148465e-01   6.4785667e-01   7.5650651e-01   7.9391284e-01   7.9509996e-01   6.7291374e-01   7.4150496e-01   7.0266791e-01   6.4753918e-01   6.0174082e-01   6.3852816e-01   6.6829768e-01   7.0397838e-01   7.8961664e-01   6.2865382e-01   7.7596170e-01   6.4639818e-01   7.0322864e-01   7.7695952e-01   6.5018129e-01   7.8268543e-01   6.0601557e-01   6.4244965e-01   7.4348524e-01   7.2304232e-01   6.8015256e-01   7.7649264e-01   7.9986640e-01   7.7548335e-01   6.6958775e-01   7.1682760e-01   6.1280569e-01   7.9614965e-01   7.1634445e-01   6.9064119e-01
   7.4237628e-01   7.0239820e-01   6.1379136e-01   7.4826271e-01   6.2879951e-01   7.0210172e-01   7.7740505e-01   7.0514167e-01   7.1177643e-01   6.7677584e-01   6.5549654e-01   6.2070705e-01   6.2166639e-01   7.2728786e-01   6.9429995e-01   7.7103528e-01   6.1083534e-01   7.3974771e-01   7.8133443e-01   6.9885291e-01   6.5965001e-01   6.6029448e-01   7.9989638e-01   6.5117679e-01   6.6101685e-01   6.6347234e-01   6.4407576e-01   6.9282888e-01   7.1926056e-01   7.7812556e-01   7.4797105e-01   7.2194622e-01   7.5965592e-01   6.2649289e-01   7.5986737e-01   6.5173484e-01   6.5825761e-01   7.5553694e-01   7.8799282e-01   6.6925360e-01   7.5300164e-01   7.4533500e-01   6.6943301e-01   6.3952331e-01   7.4323573e-01   6.9736229e-01   7.4207108e-01   6.8611568e-01   7.8339012e-01   0.0000000e+00   7.1691962e-01   7.2958559e-01   7.6257861e-01   7.8193741e-01   6.2589612e-01   7.2963859e-01   6.2254283e-01   6.5771457e-01   6.7011701e-01   6.3867846e-01   7.9699509e-01   7.0081094e-01   7.0701908e-01   7.2532576e-01   7.2963829e-01   7.6987018e-01   6.5821578e-01   7.2559788e-01   6.2243282e-01   7.6908846e-01   6.2573672e-01   7.8635894e-01   7.1830188e-01   6.6904171e-01   7.8853035e-01   7.6078847e-01   7.5200164e-01   7.8145052e-01   6.8034263e-01   6.7424931e-01   7.8130044e-01   7.2849854e-01   7.8281341e-01   7.7259991e-01   6.6005109e-01   6.7012197e-01   7.0344823e-01   6.3416963e-01   7.1629705e-01   6.5611589e-01   6.3274210e-01   7.1372913e-01   7.6096472e-01   6.5455456e-01   7.9086785e-01   6.1493387e-01   6.8849701e-01   6.3719912e-01   6.5518636e-01   7.2182609e-01   7.3686927e-01
   6.2198241e-01   7.8696607e-01   7.3580423e-01   7.0344122e-01   7.1130762e-01   6.6054162e-01   6.1729475e-01   6.8724690e-01   7.4024365e-01   6.7732587e-01   7.3938418e-01   7.9082822e-01   6.5565017e-01   6.8910298e-01   7.4455834e-01   6.9719799e-01   7.9174669e-01   7.3808732e-01   7.9084679e-01   7.1405898e-01   6.9200140e-01   6.0228584e-01   7.6222515e-01   7.1123872e-01   6.3795205e-01   6.9464310e-01   7.9872481e-01   7.0727495e-01   7.2561498e-01   6.4267861e-01   6.1101395e-01   6.0594636e-01   6.3385252e-01   7.4485280e-01   6.3980268e-01   6.9508028e-01   7.0406266e-01   6.8352799e-01   6.0245242e-01   7.3957844e-01   6.5148925e-01   7.2239347e-01   7.0413935e-01   6.9960003e-01   6.4659159e-01   6.9023044e-01   6.9018158e-01   6.5937339e-01   7.6537751e-01   7.9378472e-01   0.0000000e+00   7.8440043e-01   6.5791329e-01   6.5979308e-01   6.0274938e-01   7.0591591e-01   7.2837521e-01   6.6681383e-01   7.3340587e-01   6.4745353e-01   7.6535786e-01   7.7087975e-01   7.2241006e-01   7.6549786e-01   6.8378401e-01   7.0616050e-01   7.6020477e-01   7.2950673e-01   6.2762663e-01   6.8509882e-01   6.8713095e-01   7.2096470e-01   7.8832132e-01   7.8508028e-01   7.1808590e-01   6.6816706e-01   7.9260524e-01   7.0367315e-01   6.0553104e-01   7.1674178e-01   6.5582030e-01   6.6267287e-01   7.0689045e-01   7.0057270e-01   7.0112515e-01   7.0289738e-01   7.6640869e-01   7.6275846e-01   7.4970955e-01   7.8443274e-01   6.7758076e-01   7.9584011e-01   6.5100947e-01   7.9499463e-01   7.9724323e-01   6.6071124e-01   6.8699311e-01   7.6417074e-01   7.6631707e-01   7.5129835e-01   7.8642815e-01
   6.2459344e-01   6.8260450e-01   7.3851289e-01   6.1221151e-01   6.5998978e-01   7.6514639e-01   6.4175714e-01   6.3197966e-01   7.6976819e-01   6.8700007e-01   7.4539009e-01   7.9979163e-01   7.1244717e-01   7.0773233e-01   6.2682199e-01   7.6887652e-01   6.8742744e-01   7.8112920e-01   7.7659055e-01   7.2355112e-01   7.7778554e-01   7.5573912e-01   7.3572327e-01   6.8431515e-01   7.6955045e-01   6.3374068e-01   6.9363939e-01   7.2601765e-01   7.2122659e-01   6.2882586e-01   7.7038459e-01   6.2441025e-01   7.9982302e-01   6.5757560e-01   7.5845212e-01   6.9186508e-01   6.9326936e-01   6.1493310e-01   7.5005960e-01   6.7755736e-01   7.5361973e-01   7.8507606e-01   6.1421538e-01   6.1721102e-01   6.0707206e-01   7.1732816e-01   6.3822429e-01   6.0468809e-01   7.2834942e-01   7.7424547e-01   7.3113639e-01   0.0000000e+00   7.5911673e-01   7.0315837e-01   6.8808455e-01   6.5436043e-01   6.7745855e-01   7.0229789e-01   6.5005974e-01   6.4394378e-01   7.5746667e-01   6.8083905e-01   7.5983364e-01   7.0991961e-01   6.0203434e-01   6.3895097e-01   7.5939249e-01   7.6427273e-01   7.6209803e-01   6.1614777e-01   7.5430223e-01   6.7672218e-01   6.3150911e-01   7.7602826e-01   6.5808757e-01   6.2862940e-01   6.3987773e-01   7.6578978e-01   6.9653273e-01   7.6849376e-01   7.0601690e-01   6.9370837e-01   7.9374138e-01   7.0071599e-01   7.4834902e-01   7.3167499e-01   7.8368218e-01   6.4046546e-01   7.7474865e-01   7.2092281e-01   6.8502222e-01   6.4815623e-01   7.4965056e-01   6.6408412e-01   7.4461397e-01   6.6168583e-01   6.2891675e-01   6.5251357e-01   7.4042575e-01   6.8242060e-01   6.3555774e-01
   7.5351146e-01   7.8447307e-01   6.3566442e-01   6.8236847e-01   7.1329627e-01   7.9874018e-01   7.8618932e-01   7.4899081e-01   6.1393471e-01   6.7048970e-01   7.9168495e-01   6.1121707e-01   7.3433138e-01   6.1186013e-01   6.1156440e-01   6.9154179e-01   6.9509527e-01   7.5425121e-01   6.4917868e-01   7.5812375e-01   7.7185466e-01   6.8138282e-01   7.7459880e-01   6.5780594e-01   6.6855167e-01   7.3382366e-01   6.5804087e-01   6.8358946e-01   7.2658980e-01   6.4662733e-01   7.9277267e-01   6.1130848e-01   7.4547388e-01   7.7955749e-01   7.3296858e-01   6.2990140e-01   7.5160913e-01   6.4059830e-01   7.1725146e-01   6.2329749e-01   7.6522540e-01   6.5143656e-01   7.4105627e-01   6.3341804e-01   6.9986926e-01   7.5049914e-01   6.3760398e-01   6.3976211e-01   7.3031181e-01   6.4847886e-01   6.9383878e-01   6.9023191e-01   0.0000000e+00   7.5906863e-01   6.3022990e-01   7.2179377e-01   6.8752932e-01   6.7465203e-01   7.7864723e-01   7.7407850e-01   6.2578789e-01   7.6057964e-01   7.7666735e-01   7.4123204e-01   6.9891893e-01   6.2001765e-01   7.2083049e-01   7.8783660e-01   6.3139512e-01   6.6742650e-01   6.9309407e-01   7.8766550e-01   7.4855514e-01   7.0764864e-01   7.1975085e-01   7.2376663e-01   7.0596503e-01   6.3942785e-01   6.8032848e-01   6.0200387e-01   7.5591782e-01   7.1979296e-01   6.3107688e-01   7.9964623e-01   6.3568187e-01   6.2263883e-01   6.9182177e-01   7.8796945e-01   7.4564065e-01   6.1756644e-01   7.9153421e-01   7.2845072e-01   7.9369510e-01   6.5402390e-01   6.1312666e-01   7.6767273e-01   7.7365924e-01   6.0146558e-01   6.1551803e-01   6.0590134e-01   6.0348735e-01
   6.2924340e-01   6.4557773e-01   7.6397990e-01   6.6266740e-01   6.3172581e-01   7.2624450e-01   7.6143470e-01   7.2176362e-01   6.3324441e-01   6.1860918e-01   7.1918162e-01   6.8760394e-01   6.4620909e-01   7.1510017e-01   7.0561563e-01   6.7441260e-01   7.3617251e-01   7.6930670e-01   7.7110349e-01   7.7329438e-01   7.3655953e-01   6.7884304e-01   7.9765637e-01   6.9091139e-01   7.9157329e-01   7.9444063e-01   7.1262943e-01   6.4029128e-01   7.8878816e-01   7.7613589e-01   7.0859922e-01   6.8077984e-01   6.2090264e-01   6.2999617e-01   7.0703795e-01   7.0604407e-01   6.3944839e-01   6.5821162e-01   6.9031917e-01   7.4257663e-01   7.3943810e-01   6.7216035e-01   6.5993621e-01   6.2547367e-01   6.9418475e-01   7.7752434e-01   7.9236881e-01   7.9205372e-01   7.5446951e-01   6.1673933e-01   7.3650802e-01   7.5731941e-01   6.6342627e-01   0.0000000e+00   7.1593235e-01   6.2157327e-01   6.0517553e-01   6.6707851e-01   7.8941455e-01   6.0713381e-01   7.9939902e-01   6.2938354e-01   6.1101002e-01   6.0714041e-01   6.8575168e-01   7.9183176e-01   7.7041642e-01   7.5420586e-01   7.7260912e-01   7.5620756e-01   6.0834640e-01   7.9503137e-01   6.2069071e-01   7.7918765e-01   7.3481672e-01   6.4325027e-01   6.0393734e-01   7.9451255e-01   7.0291609e-01   7.8080314e-01   6.1141003e-01   7.2891403e-01   7.3054729e-01   6.9276775e-01   6.8233213e-01   7.1730254e-01   6.6846213e-01   6.5831754e-01   7.8710603e-01   6.9958841e-01   7.7130394e-01   7.9027412e-01   7.3602828e-01   7.4592334e-01   6.1680482e-01   7.0448095e-01   7.1060196e-01   6.7127477e-01   6.3627770e-01   6.1510606e-01   6.8406520e-01
   6.1773826e-01   7.8428614e-01   7.4234374e-01   7.0430477e-01   6.0561613e-01   6.1735395e-01   6.6901961e-01   6.2139417e-01   7.0485065e-01   6.4881968e-01   6.9976425e-01   6.1529986e-01   7.0256153e-01   7.8701999e-01   7.9461799e-01   6.2363172e-01   6.7075450e-01   6.1626237e-01   7.6111739e-01   6.5725287e-01   7.4176451e-01   6.1902403e-01   6.8028528e-01   7.3502309e-01   7.5698475e-01   7.6938932e-01   7.5921178e-01   6.8149643e-01   6.2610678e-01   7.3049069e-01   7.9593931e-01   7.9269306e-01   6.0829713e-01   7.3962872e-01   7.6599112e-01   7.1675507e-01   6.8292004e-01   6.0750289e-01   6.3377152e-01   6.7824750e-01   7.8304308e-01   6.4749939e-01   6.8149264e-01   6.0486445e-01   7.0846329e-01   7.6265768e-01   7.5637685e-01   6.9506325e-01   6.1775897e-01   7.3027949e-01   6.4256422e-01   6.5958664e-01   6.1198737e-01   6.4418992e-01   0.0000000e+00   7.3023062e-01   6.5544175e-01   6.0239522e-01   6.7446019e-01   7.2554892e-01   6.8286938e-01   6.9944211e-01   6.8423277e-01   6.0913583e-01   7.1708629e-01   7.4311032e-01   6.4748207e-01   7.9058120e-01   7.2087499e-01   7.5987757e-01   6.1642237e-01   7.9279499e-01   7.6192648e-01   7.9475975e-01   7.6393634e-01   6.8795022e-01   6.8690683e-01   7.3003708e-01   6.8988247e-01   7.7970853e-01   7.6577024e-01   7.7830423e-01   7.2059848e-01   6.1812164e-01   6.0572763e-01   7.3643336e-01   6.9084349e-01   6.2965445e-01   6.8961644e-01   7.9322692e-01   6.2848918e-01   7.7126056e-01   7.8391711e-01   7.7124267e-01   7.1429376e-01   7.4920483e-01   7.9447098e-01   7.6670794e-01   7.4658431e-01   7.4807024e-01   6.0106446e-01
   6.9363470e-01   6.1694067e-01   6.1505600e-01   6.6616272e-01   6.3323734e-01   6.3477806e-01   6.4339021e-01   6.7297314e-01   6.0733602e-01   7.6892820e-01   7.4943852e-01   7.9258570e-01   7.8590331e-01   7.7716634e-01   7.2936955e-01   6.4396117e-01   7.4102749e-01   7.3480127e-01   6.0158556e-01   7.9695653e-01   6.1822479e-01   6.8434999e-01   6.2555064e-01   7.0630777e-01   7.0460862e-01   6.6741817e-01   7.7040032e-01   7.3444219e-01   7.0517507e-01   7.9460839e-01   7.0831608e-01   7.5133623e-01   7.4657544e-01   7.7395902e-01   6.8720945e-01   6.7444100e-01   7.6923757e-01   7.6063209e-01   6.9071300e-01   6.9326120e-01   6.9361741e-01   7.8027091e-01   7.4321396e-01   6.3861083e-01   7.5434064e-01   7.8918259e-01   7.9805808e-01   7.0287278e-01   7.4078742e-01   6.9546735e-01   7.3046192e-01   7.9842216e-01   7.2685117e-01   6.1619463e-01   7.5892348e-01   0.0000000e+00   7.3900555e-01   6.9014389e-01   7.3711178e-01   6.8991087e-01   7.9193888e-01   7.3143254e-01   7.0737910e-01   7.8716218e-01   7.8304826e-01   6.3279280e-01   6.7643308e-01   6.2124741e-01   6.6699368e-01   7.9537040e-01   7.3958707e-01   6.5159105e-01   7.2052314e-01   6.4619007e-01   6.0535094e-01   7.9011144e-01   7.2211324e-01   7.3649575e-01   6.1065616e-01   7.3551773e-01   7.0286170e-01   7.5452572e-01   7.2020289e-01   6.7117127e-01   6.4577448e-01   6.0942073e-01   6.4076047e-01   6.3400101e-01   7.4266446e-01   7.7688213e-01   6.8244474e-01   6.5702783e-01   6.3928790e-01   6.9517607e-01   7.1540472e-01   6.0073431e-01   7.2499962e-01   7.9262805e-01   6.4035105e-01   7.7132579e-01   7.5268565e-01
   6.9156602e-01   6.5077780e-01   7.4959503e-01   7.3076617e-01   6.9347287e-01   6.7146142e-01   7.7763154e-01   6.3789178e-01   6.8015769e-01   6.5632158e-01   6.3250237e-01   7.9720170e-01   6.9742143e-01   6.2780334e-01   7.5205371e-01   6.9609924e-01   7.3819362e-01   6.4914445e-01   7.9291537e-01   6.5448374e-01   7.2994595e-01   7.3373807e-01   7.8326858e-01   7.3472984e-01   7.5941604e-01   6.6869356e-01   6.7302754e-01   6.0318615e-01   6.6029332e-01   7.5045478e-01   7.0412232e-01   6.5665768e-01   7.6130192e-01   6.8899152e-01   6.6259371e-01   6.8448081e-01   7.3395860e-01   7.4003889e-01   7.2247106e-01   6.8713369e-01   7.3689579e-01   6.2978386e-01   7.7823066e-01   6.2508326e-01   6.0264743e-01   7.3086956e-01   7.5490107e-01   6.4695641e-01   6.4586735e-01   6.2425756e-01   6.2057910e-01   6.6705248e-01   7.0896457e-01   7.9611312e-01   6.0231222e-01   7.4946246e-01   0.0000000e+00   7.7934899e-01   7.9825661e-01   7.5593575e-01   6.3816946e-01   6.7751849e-01   7.5249862e-01   6.4116577e-01   6.1969509e-01   7.1217092e-01   6.8572644e-01   7.3900192e-01   7.1346587e-01   7.9401967e-01   6.5999239e-01   6.7471615e-01   7.2808883e-01   6.3702614e-01   6.1681829e-01   7.1555176e-01   6.4328974e-01   7.7600773e-01   6.8456516e-01   7.8631577e-01   6.6963783e-01   7.9908479e-01   7.2270321e-01   6.2424594e-01   6.7555896e-01   7.4910378e-01   6.9910823e-01   6.3388073e-01   6.9304978e-01   7.9533454e-01   6.5135021e-01   6.4401008e-01   6.4867678e-01   7.0703333e-01   6.6489734e-01   6.4528441e-01   7.9722944e-01   7.8875912e-01   6.6398359e-01   6.7958756e-01   7.3222198e-01
   7.1010004e-01   7.0721448e-01   6.8208631e-01   7.6813865e-01   6.2691189e-01   7.3828664e-01   7.2626057e-01   7.0058306e-01   6.2084906e-01   6.3201914e-01   6.5850180e-01   7.5284928e-01   6.8967505e-01   6.8967710e-01   6.1135352e-01   6.0540805e-01   7.9131547e-01   6.0789578e-01   7.9938286e-01   6.0207589e-01   7.9226544e-01   7.5396406e-01   6.0218588e-01   7.0455573e-01   7.0554759e-01   7.1198431e-01   6.7880736e-01   7.5301300e-01   6.9871958e-01   7.5253651e-01   6.9447504e-01   6.5552896e-01   7.6713071e-01   6.5720524e-01   6.3363639e-01   7.3839062e-01   7.9087401e-01   7.5975727e-01   6.1550810e-01   7.8996430e-01   7.4049315e-01   6.6155443e-01   7.7480387e-01   7.3287365e-01   6.5873339e-01   7.0425803e-01   6.4202687e-01   7.5408798e-01   7.9310197e-01   6.2785985e-01   7.1137998e-01   6.7466603e-01   7.6570458e-01   6.5521665e-01   6.1058731e-01   6.8119968e-01   6.8041768e-01   0.0000000e+00   6.5395605e-01   6.9732450e-01   7.4950871e-01   6.5643749e-01   7.3855441e-01   6.4787352e-01   6.1169983e-01   7.2824009e-01   7.7674115e-01   7.4548600e-01   7.5275010e-01   7.2353655e-01   7.1711876e-01   7.0485463e-01   6.2040860e-01   6.6324595e-01   7.3721640e-01   7.7069448e-01   7.7439934e-01   6.3172968e-01   6.2733991e-01   6.3186055e-01   7.8862583e-01   6.2972686e-01   6.7810624e-01   6.1789395e-01   7.5740242e-01   6.1949417e-01   7.7474295e-01   6.2987308e-01   6.0513517e-01   6.8501138e-01   6.0565083e-01   6.4806763e-01   6.7357414e-01   6.3820073e-01   6.0130065e-01   6.5752242e-01   7.1055010e-01   6.9752682e-01   6.8833057e-01   7.7688462e-01   6.1958956e-01
   7.6620669e-01   6.2465262e-01   7.7249633e-01   6.0383924e-01   7.8111166e-01   7.0780624e-01   6.5095773e-01   7.8842698e-01   6.3371748e-01   6.1726317e-01   6.9820859e-01   7.0416179e-01   6.1308094e-01   6.5462234e-01   7.8191119e-01   7.6207560e-01   6.0381272e-01   7.2373710e-01   6.0798536e-01   6.4176476e-01   7.7249869e-01   6.4324549e-01   7.9977030e-01   6.7528916e-01   7.4319152e-01   7.9531261e-01   6.3823402e-01   7.6248644e-01   6.0169826e-01   6.6790211e-01   7.0620294e-01   7.5953397e-01   7.4872037e-01   6.8225682e-01   7.9019020e-01   7.5672645e-01   7.7554837e-01   6.1885477e-01   7.9465627e-01   6.5213696e-01   7.8569515e-01   7.6440343e-01   7.6032655e-01   6.0904178e-01   6.2215423e-01   6.5881954e-01   6.0032621e-01   6.3004652e-01   6.5445726e-01   7.3627098e-01   6.8789858e-01   7.6851269e-01   6.1115343e-01   7.1614956e-01   7.7983128e-01   7.0240642e-01   6.1118124e-01   7.5625876e-01   0.0000000e+00   7.9329740e-01   7.8806046e-01   6.6157443e-01   7.4186588e-01   6.4884019e-01   7.2851327e-01   7.1512667e-01   6.6565763e-01   7.2791865e-01   7.2108798e-01   6.1937575e-01   6.7182959e-01   6.5696579e-01   7.6985338e-01   6.0251224e-01   7.0096575e-01   7.0227895e-01   7.7735815e-01   7.0035369e-01   6.1202179e-01   6.2269586e-01   6.9809808e-01   6.6146955e-01   6.7729972e-01   6.4626253e-01   6.9691414e-01   6.0205068e-01   6.8512858e-01   6.1630451e-01   7.7880254e-01   7.7118969e-01   7.8921211e-01   7.6969236e-01   7.2405254e-01   6.5755901e-01   6.2125972e-01   7.8004785e-01   6.2042825e-01   6.0191415e-01   6.8987815e-01   6.8248325e-01   7.8464707e-01
   7.4307955e-01   6.2232388e-01   6.7970490e-01   6.2118391e-01   7.4299655e-01   7.5023300e-01   7.3014539e-01   6.1089276e-01   6.7738134e-01   6.3546672e-01   7.8694976e-01   7.2514235e-01   6.7299815e-01   7.7302715e-01   7.7244431e-01   7.4776599e-01   7.6093586e-01   6.3228269e-01   7.4622806e-01   7.6380937e-01   7.6385994e-01   7.1358182e-01   6.9439752e-01   6.5497095e-01   7.7166584e-01   6.4723537e-01   6.1375225e-01   6.3232302e-01   6.0790241e-01   6.5676854e-01   7.9144964e-01   6.9548925e-01   6.1118862e-01   6.9236692e-01   6.2911192e-01   6.0717771e-01   7.4902304e-01   7.6433776e-01   7.7939346e-01   6.8436558e-01   6.3479652e-01   6.5791180e-01   7.5577507e-01   6.9979019e-01   7.1454643e-01   6.8631217e-01   6.8763672e-01   7.8970182e-01   6.0539529e-01   6.6612646e-01   6.0071713e-01   7.2875586e-01   6.6245772e-01   7.8855034e-01   6.5141030e-01   7.9531189e-01   6.6234350e-01   7.3131139e-01   7.3760622e-01   0.0000000e+00   6.6442371e-01   6.3608056e-01   7.7735977e-01   7.4808045e-01   6.8312195e-01   7.1482494e-01   6.0247527e-01   6.9213445e-01   6.0427900e-01   7.9211462e-01   7.8899640e-01   6.5843494e-01   6.7346384e-01   7.5688461e-01   7.9543871e-01   6.8855367e-01   6.8325996e-01   7.7140614e-01   6.7733028e-01   7.4517523e-01   6.4557130e-01   6.1116224e-01   7.1401313e-01   6.5816792e-01   7.0434617e-01   7.1262956e-01   6.5846635e-01   7.7396194e-01   6.5031886e-01   6.9085258e-01   6.2374392e-01   6.2548248e-01   6.9500745e-01   7.5890562e-01   7.5170273e-01   7.9437602e-01   7.3712527e-01   7.3184512e-01   7.4749851e-01   6.4834262e-01   6.9045682e-01
   7.6420125e-01   7.7103912e-01   6.0372683e-01   7.6899968e-01   7.6392208e-01   6.4588459e-01   6.2707212e-01   6.2521172e-01   6.2283534e-01   6.4096021e-01   6.8860645e-01   6.1040212e-01   6.9864357e-01   6.9510750e-01   7.5032754e-01   6.9622265e-01   7.6409113e-01   7.4882860e-01   6.4043368e-01   6.5910002e-01   7.8519963e-01   7.2602144e-01   6.1105624e-01   7.7256799e-01   6.2428294e-01   6.8931220e-01   6.7898385e-01   6.4890077e-01   7.0720485e-01   7.1403289e-01   7.7056028e-01   7.2616795e-01   6.2549434e-01   7.4585564e-01   7.8413564e-01   7.3302282e-01   6.5265380e-01   7.7928687e-01   6.7768927e-01   6.6135324e-01   7.9385829e-01   6.6204095e-01   7.3476698e-01   6.3018226e-01   6.1452281e-01   7.4146502e-01   6.7417742e-01   7.3928943e-01   6.0356381e-01   6.2466809e-01   6.5664528e-01   6.6421913e-01   6.2552790e-01   7.2337531e-01   6.7055906e-01   7.5514982e-01   6.5161182e-01   7.8743944e-01   7.0637888e-01   7.8616776e-01   0.0000000e+00   7.8022804e-01   6.2422041e-01   6.6911148e-01   6.9095999e-01   7.2096343e-01   6.8986746e-01   7.4466535e-01   7.1088151e-01   7.0028779e-01   6.7949279e-01   7.1270559e-01   7.1145053e-01   6.6992178e-01   7.9435237e-01   6.3378411e-01   7.5964000e-01   6.3051693e-01   6.1204843e-01   6.6694368e-01   6.5082833e-01   7.4088342e-01   7.2382285e-01   6.3947431e-01   6.4798560e-01   6.1801668e-01   6.5344430e-01   7.4535670e-01   7.2811072e-01   6.0435624e-01   6.8239928e-01   6.0077809e-01   7.8731453e-01   7.1414300e-01   6.7799960e-01   6.8172709e-01   7.9182473e-01   7.6249504e-01   6.7911546e-01   7.1465978e-01   7.8618859e-01
   7.4720519e-01   6.6566544e-01   7.6296548e-01   6.5969761e-01   7.5568682e-01   7.4047547e-01   6.1983235e-01   7.5796327e-01   7.1222212e-01   7.1785183e-01   6.6071419e-01   7.3712426e-01   7.2582174e-01   7.3688432e-01   6.8486810e-01   6.1018815e-01   6.4860327e-01   6.1862587e-01   6.1970164e-01   6.2300509e-01   6.8267266e-01   6.0304484e-01   6.3131360e-01   7.2005929e-01   6.0301193e-01   6.9582972e-01   7.1108055e-01   7.3508970e-01   6.9494174e-01   7.2291724e-01   7.8718987e-01   7.2809547e-01   7.6155839e-01   6.8073786e-01   6.2600317e-01   7.7523138e-01   6.2054151e-01   6.1957527e-01   6.2209460e-01   7.0110664e-01   7.5651718e-01   7.4628320e-01   7.5043921e-01   6.7218192e-01   6.5576581e-01   6.0844051e-01   6.0812306e-01   7.2111922e-01   7.5660402e-01   7.4440612e-01   6.1337355e-01   7.2189177e-01   6.8136105e-01   6.7565161e-01   6.0318997e-01   6.1418139e-01   6.7898265e-01   7.6603518e-01   6.4651181e-01   6.0683325e-01   7.4803838e-01   0.0000000e+00   6.1798381e-01   6.3097042e-01   7.3313149e-01   6.1970171e-01   7.4998171e-01   7.7087905e-01   7.5457130e-01   7.7214699e-01   7.5145274e-01   6.3574083e-01   7.5397350e-01   7.1709766e-01   7.4064300e-01   7.2047952e-01   6.5710523e-01   6.3898124e-01   6.8621857e-01   6.2369273e-01   7.8729492e-01   6.1549307e-01   6.1773539e-01   6.7878164e-01   7.5012935e-01   7.8995637e-01   6.3345041e-01   7.5477907e-01   6.3004573e-01   6.6612137e-01   7.9978936e-01   6.8043493e-01   6.2329353e-01   6.9340700e-01   7.2831074e-01   6.0491755e-01   7.5599234e-01   7.0472744e-01   6.1632815e-01   7.3636330e-01   6.9699013e-01
   7.8354515e-01   6.3658649e-01   7.9042335e-01   7.5258857e-01   6.2545774e-01   7.7954161e-01   7.7636474e-01   7.9309060e-01   6.3133110e-01   7.4930268e-01   7.6327514e-01   7.7799725e-01   6.5435877e-01   7.3589318e-01   6.8495311e-01   6.4553257e-01   7.6044096e-01   7.5624181e-01   6.6749596e-01   7.1325175e-01   6.2052973e-01   7.2711602e-01   6.8067277e-01   7.4939533e-01   7.9620763e-01   7.1431480e-01   6.2314199e-01   6.1620384e-01   7.5801465e-01   6.9673422e-01   7.8629210e-01   7.4794414e-01   7.4408634e-01   6.7147970e-01   6.0512104e-01   6.1640438e-01   7.0930425e-01   6.3234776e-01   6.0793762e-01   6.2960896e-01   6.8476493e-01   7.1748449e-01   6.5713026e-01   7.3871592e-01   6.9447334e-01   6.0258974e-01   6.4551549e-01   7.2194867e-01   6.6614030e-01   6.0288257e-01   7.9324774e-01   7.7676150e-01   7.8640676e-01   6.7323617e-01   7.0391160e-01   7.2078831e-01   6.3460899e-01   6.5349576e-01   6.0767691e-01   7.4002164e-01   6.8702178e-01   7.6755011e-01   0.0000000e+00   6.8502857e-01   7.2914793e-01   7.2819051e-01   7.9630020e-01   7.4974246e-01   7.3985746e-01   7.6555368e-01   7.9661210e-01   7.6342595e-01   6.9038862e-01   7.4893113e-01   6.1918379e-01   6.1507393e-01   7.8974161e-01   6.4845871e-01   7.2977704e-01   7.0566367e-01   7.5067491e-01   7.9652927e-01   7.9711841e-01   7.1449494e-01   7.3270632e-01   6.5107054e-01   6.8378027e-01   6.3409106e-01   7.3271187e-01   6.4216362e-01   7.0777289e-01   7.9085529e-01   7.2565250e-01   6.0252597e-01   7.8746714e-01   6.5500021e-01   6.0965406e-01   6.0514440e-01   7.4402900e-01   6.3695266e-01   7.6137050e-01
   6.4830431e-01   7.0968927e-01   6.5802525e-01   6.6231911e-01   6.2872085e-01   6.7773449e-01   7.0402671e-01   6.7231737e-01   6.4237576e-01   7.2584071e-01   6.5357859e-01   6.7204787e-01   7.3300257e-01   7.5205890e-01   7.2949332e-01   6.9664330e-01   7.9300502e-01   6.4622799e-01   7.2323927e-01   6.6937714e-01   7.5935035e-01   6.7250500e-01   7.0873443e-01   7.4281570e-01   7.0756185e-01   6.8907275e-01   7.3760109e-01   7.4351939e-01   7.9542083e-01   7.1616704e-01   6.9270029e-01   7.3804125e-01   6.0602263e-01   6.7222272e-01   7.3454710e-01   6.9567519e-01   7.8283749e-01   7.4332505e-01   6.8138559e-01   7.7209899e-01   6.6900254e-01   7.2548837e-01   7.1814542e-01   7.2282250e-01   7.2056253e-01   7.9776084e-01   7.1156700e-01   6.9171746e-01   6.2612178e-01   7.9855136e-01   7.4695516e-01   7.8721331e-01   7.4083828e-01   7.9816262e-01   6.5997162e-01   7.2810472e-01   6.6535775e-01   6.1511385e-01   7.5020158e-01   7.2459927e-01   7.4724917e-01   6.4305504e-01   7.3046522e-01   0.0000000e+00   7.2003609e-01   6.5661807e-01   6.9180528e-01   7.4811841e-01   6.4324559e-01   6.2245532e-01   6.2253369e-01   6.4910260e-01   6.2956179e-01   6.3174723e-01   6.0149329e-01   7.4604192e-01   6.2773260e-01   6.9597651e-01   6.7220374e-01   6.3671661e-01   7.3884537e-01   7.6432047e-01   7.3819129e-01   7.3834226e-01   6.7441434e-01   7.2347019e-01   7.0965185e-01   7.9393285e-01   7.2547267e-01   7.7230861e-01   7.4546313e-01   6.5386569e-01   6.1537643e-01   7.7796673e-01   6.3860655e-01   6.1513517e-01   7.1582370e-01   6.3354243e-01   6.5220578e-01   6.1528251e-01   7.3900760e-01
   6.3009267e-01   7.6239654e-01   6.5038451e-01   7.2380169e-01   6.4494991e-01   6.1280393e-01   6.7285442e-01   6.2069060e-01   6.9294882e-01   7.1446410e-01   6.5555904e-01   7.6683766e-01   7.6497156e-01   7.1693166e-01   7.6518380e-01   7.6096562e-01   6.3798431e-01   6.8776234e-01   7.4543932e-01   7.1341579e-01   7.7776308e-01   6.4041564e-01   7.9032860e-01   6.4214670e-01   6.5937620e-01   6.4579325e-01   6.0668339e-01   7.9474145e-01   7.7654259e-01   6.1398293e-01   7.9933839e-01   6.3130131e-01   6.6997836e-01   6.8058368e-01   6.0797567e-01   6.5970904e-01   6.8466200e-01   6.0884542e-01   7.7428075e-01   7.3760811e-01   7.1334610e-01   7.0082928e-01   6.0620797e-01   6.8845840e-01   7.8690976e-01   6.8944250e-01   7.2844699e-01   7.1915815e-01   7.3471912e-01   6.3136885e-01   6.5832269e-01   6.6431314e-01   7.7909014e-01   6.6333179e-01   6.5025289e-01   7.2936035e-01   6.2531469e-01   7.6086349e-01   7.6827738e-01   6.9793361e-01   7.1384826e-01   6.7022014e-01   6.5107273e-01   7.4103415e-01   0.0000000e+00   6.4842454e-01   6.4148913e-01   7.9761234e-01   6.1434104e-01   7.2203218e-01   7.7500777e-01   6.4750115e-01   6.5454929e-01   6.5116653e-01   6.3506325e-01   6.2226094e-01   6.6536851e-01   7.6961172e-01   7.2020576e-01   7.2905276e-01   7.6285126e-01   7.5757667e-01   6.2532570e-01   7.6469293e-01   7.0662112e-01   7.9964282e-01   6.5305778e-01   6.7013425e-01   6.4265064e-01   6.8837810e-01   6.5158784e-01   6.8977368e-01   7.1590623e-01   6.1814102e-01   7.2745582e-01   6.6256822e-01   7.1779878e-01   6.2956925e-01   6.8922468e-01   6.4218661e-01   7.6464004e-01
   7.5168550e-01   7.9924145e-01   6.6215521e-01   6.1372626e-01   7.2191436e-01   6.5977692e-01   6.3583824e-01   6.4023333e-01   7.7571073e-01   6.4536131e-01   6.1610336e-01   6.6724047e-01   6.9400819e-01   7.1989848e-01   6.4965923e-01   7.5374503e-01   6.3550529e-01   7.6069083e-01   7.7388415e-01   6.5911530e-01   6.5069857e-01   7.0207374e-01   7.7057241e-01   6.6334243e-01   6.8942008e-01   7.9482482e-01   7.4932881e-01   6.5494884e-01   6.9172582e-01   6.4080499e-01   6.1007387e-01   6.9777451e-01   7.9765739e-01   7.5769437e-01   7.6198060e-01   7.8440422e-01   7.0149922e-01   6.5651033e-01   6.8524415e-01   7.2149769e-01   6.6095946e-01   6.8324429e-01   6.6864474e-01   6.6902832e-01   6.4315739e-01   7.2061010e-01   7.4793793e-01   6.7738275e-01   7.6707708e-01   7.7115636e-01   6.7117526e-01   6.4296642e-01   6.3580077e-01   6.9562955e-01   6.3175089e-01   6.2993807e-01   7.9086143e-01   7.3423639e-01   7.2804913e-01   6.1574981e-01   6.0430050e-01   7.6835036e-01   6.5391742e-01   7.7309658e-01   6.2201907e-01   0.0000000e+00   7.3668502e-01   6.0861085e-01   7.9661215e-01   7.2590507e-01   6.7745567e-01   6.5471775e-01   6.3067435e-01   7.7114684e-01   7.1778770e-01   6.9737127e-01   6.5381279e-01   7.6805168e-01   6.1932228e-01   6.8604625e-01   7.3875055e-01   6.7718561e-01   6.8406546e-01   6.8903429e-01   7.6400655e-01   7.0872938e-01   6.6760647e-01   7.7382216e-01   7.4921582e-01   7.1169738e-01   7.2159278e-01   6.0923082e-01   7.7645749e-01   6.8246229e-01   6.5323189e-01   7.3541643e-01   7.0637560e-01   6.4729733e-01   7.5325551e-01   6.1161623e-01   7.2401386e-01
   6.0820904e-01   7.0916885e-01   7.3098744e-01   6.5623808e-01   6.6729748e-01   7.0920491e-01   6.0840424e-01   6.8611141e-01   6.4730881e-01   7.0657366e-01   6.1285572e-01   6.2114122e-01   6.8978242e-01   7.4599282e-01   7.5353285e-01   6.0785781e-01   7.3955856e-01   6.1169356e-01   7.0830362e-01   6.8124335e-01   7.7208879e-01   6.9440997e-01   6.6197162e-01   7.3728014e-01   6.8189981e-01   7.8190742e-01   7.1446860e-01   7.5779852e-01   6.2119990e-01   6.2803676e-01   6.4512558e-01   6.6790847e-01   7.3184195e-01   7.0464943e-01   6.3977278e-01   7.1756058e-01   6.7568097e-01   6.9902651e-01   6.7233420e-01   7.6853994e-01   6.6730066e-01   6.4951552e-01   6.4101670e-01   7.8907245e-01   6.4294910e-01   6.6276011e-01   6.4488774e-01   6.7133194e-01   7.0370192e-01   7.5403211e-01   7.2266858e-01   6.4921662e-01   6.8520077e-01   6.4920604e-01   7.4318248e-01   6.3706471e-01   7.3384649e-01   6.7182831e-01   7.0993285e-01   6.3431608e-01   6.1013166e-01   6.7794543e-01   6.1432728e-01   7.9752065e-01   6.9854813e-01   7.1901749e-01   0.0000000e+00   6.0395232e-01   6.9070853e-01   7.1710232e-01   7.9645080e-01   7.6500700e-01   7.6130128e-01   6.3385480e-01   6.6148334e-01   6.7794353e-01   7.2449053e-01   6.7833471e-01   6.4883003e-01   6.3616381e-01   7.3741540e-01   6.8358638e-01   7.4011767e-01   7.2544998e-01   6.8830147e-01   6.5758286e-01   6.7776946e-01   6.8274971e-01   7.4274542e-01   7.0279409e-01   7.4806281e-01   7.9435270e-01   6.8170381e-01   7.8607526e-01   6.4110505e-01   6.4646686e-01   7.7404846e-01   7.4719878e-01   6.5872373e-01   6.3098369e-01   6.9468983e-01
   6.5522142e-01   6.5297294e-01   7.6129152e-01   6.3746069e-01   6.4716770e-01   6.8068475e-01   6.1704802e-01   7.3674801e-01   7.7822333e-01   6.9933280e-01   6.3081935e-01   7.2786274e-01   7.2602783e-01   7.0248740e-01   7.9277420e-01   6.1902675e-01   7.6919081e-01   6.5693929e-01   7.2669524e-01   6.7185213e-01   7.6822910e-01   7.2938148e-01   7.6803812e-01   7.6373155e-01   7.2718727e-01   6.3574879e-01   7.4477163e-01   7.5854496e-01   6.8684245e-01   7.8539962e-01   7.5815772e-01   7.0368261e-01   6.8118516e-01   7.8398085e-01   7.5845636e-01   7.9124173e-01   6.5280928e-01   7.5161907e-01   7.5462012e-01   7.4752170e-01   7.3943879e-01   6.2871353e-01   6.2084474e-01   6.7659377e-01   7.5469945e-01   7.9830238e-01   6.1193489e-01   7.8096755e-01   7.5413334e-01   7.0290247e-01   7.4047554e-01   6.6988503e-01   6.4859002e-01   6.1630350e-01   7.2468939e-01   6.4195230e-01   6.4787826e-01   6.8091237e-01   6.4694661e-01   7.5505889e-01   6.2557604e-01   6.8169097e-01   6.4527371e-01   6.1191428e-01   7.4675264e-01   7.4371675e-01   7.0359865e-01   0.0000000e+00   7.2972621e-01   6.7796565e-01   7.6634531e-01   7.6065695e-01   7.1001870e-01   7.6815220e-01   6.1295672e-01   7.6375961e-01   7.5623710e-01   6.8823443e-01   6.8130724e-01   6.7942144e-01   7.1010122e-01   6.9812529e-01   6.7277535e-01   7.6875042e-01   7.4883441e-01   6.1497272e-01   6.0960182e-01   7.8286688e-01   6.0306173e-01   7.3405995e-01   6.1308753e-01   6.6063381e-01   6.5348214e-01   7.9848151e-01   7.2820310e-01   7.4009912e-01   7.0262544e-01   7.7280633e-01   7.8125532e-01   7.1269795e-01   7.3314187e-01
   7.8060333e-01   7.3513739e-01   7.1753298e-01   6.0066810e-01   6.1764551e-01   7.5624758e-01   6.5399824e-01   6.3339549e-01   6.2252941e-01   6.7857831e-01   6.2721047e-01   6.9079779e-01   6.8919328e-01   7.7831562e-01   6.4949428e-01   6.9945031e-01   6.5644868e-01   6.9829361e-01   7.9145794e-01   6.6846008e-01   6.9206749e-01   6.9336334e-01   7.2528670e-01   6.8336228e-01   7.4658709e-01   7.9849190e-01   6.0582243e-01   7.2808968e-01   6.6744387e-01   7.1151030e-01   7.0360294e-01   7.6211970e-01   6.9430462e-01   7.8927217e-01   7.1762239e-01   6.1313969e-01   6.5825584e-01   7.2430608e-01   6.2395364e-01   7.7313286e-01   6.9433393e-01   7.3534663e-01   7.4015142e-01   6.0825912e-01   6.1962574e-01   6.8088729e-01   6.7638803e-01   7.7613267e-01   7.7317793e-01   6.7690283e-01   7.1523852e-01   7.4018540e-01   7.0329016e-01   7.7886947e-01   7.5242471e-01   7.2853624e-01   7.8632109e-01   7.9343593e-01   7.8001636e-01   6.3011369e-01   7.1052198e-01   6.4297276e-01   7.9697104e-01   7.0770230e-01   6.7300147e-01   7.5158364e-01   7.5315488e-01   7.2704867e-01   0.0000000e+00   7.7427532e-01   7.9317489e-01   7.4968695e-01   6.6665780e-01   7.4922046e-01   7.8293160e-01   7.1231303e-01   6.2623657e-01   6.3430265e-01   6.5278178e-01   7.3281942e-01   7.7231616e-01   6.3186010e-01   7.5557574e-01   6.7939536e-01   6.9132389e-01   6.7380143e-01   6.6588722e-01   7.6732239e-01   6.0080426e-01   6.5166013e-01   6.0077968e-01   7.1190494e-01   6.0130394e-01   7.4360880e-01   7.6019524e-01   7.5842303e-01   7.0779713e-01   6.8869034e-01   7.6008830e-01   6.1978874e-01   6.7507278e-01
   6.8953996e-01   7.7782778e-01   7.3764573e-01   6.2988011e-01   7.6818590e-01   7.3346663e-01   6.1197267e-01   6.7327147e-01   6.5198654e-01   7.3959143e-01   7.3665345e-01   6.3758204e-01   7.5907960e-01   7.7633384e-01   7.0406644e-01   7.3871664e-01   7.0464640e-01   6.7369566e-01   6.5164081e-01   7.5833320e-01   6.1864632e-01   7.3825738e-01   6.5470946e-01   7.4748636e-01   7.2161066e-01   6.5240291e-01   6.2128007e-01   7.3729697e-01   6.1536152e-01   7.0702998e-01   6.7579699e-01   6.7180903e-01   7.0585270e-01   7.3547967e-01   6.1273561e-01   6.2574950e-01   6.3031787e-01   7.5890529e-01   7.6534671e-01   6.9574504e-01   6.6170535e-01   6.5870669e-01   6.8256392e-01   6.1061053e-01   6.5656739e-01   6.7981505e-01   6.3054964e-01   7.4379629e-01   7.4746282e-01   6.0446214e-01   7.6411775e-01   6.8920162e-01   7.3985194e-01   6.7222959e-01   7.8236949e-01   7.8826519e-01   7.7230440e-01   7.4245608e-01   6.0040717e-01   7.9969266e-01   6.6276245e-01   7.1666573e-01   7.6499419e-01   7.2530974e-01   7.9372571e-01   6.8180958e-01   6.9916873e-01   7.5224242e-01   7.2876699e-01   0.0000000e+00   6.4611038e-01   7.7659972e-01   6.1408752e-01   6.8742654e-01   6.0478000e-01   6.4090032e-01   7.9700410e-01   6.8147595e-01   6.2514340e-01   7.4562671e-01   6.6663730e-01   7.5147057e-01   7.8439964e-01   7.4531701e-01   6.6154954e-01   6.2791704e-01   6.1377266e-01   7.5727138e-01   7.6831878e-01   7.1329812e-01   6.8160009e-01   6.1478529e-01   6.1525889e-01   7.9332483e-01   7.4161756e-01   7.8209282e-01   7.0846761e-01   7.0827717e-01   6.5473303e-01   6.6651945e-01   7.9578523e-01
   7.0723169e-01   6.0123493e-01   7.6879601e-01   6.1001698e-01   7.5871645e-01   6.0323376e-01   7.7375421e-01   7.3609605e-01   7.5936281e-01   7.4133505e-01   6.1502974e-01   6.1886278e-01   7.9207090e-01   7.5348550e-01   7.8915019e-01   6.4470213e-01   6.1581370e-01   6.8743375e-01   7.4415678e-01   6.1005873e-01   7.9570032e-01   6.5729812e-01   7.0246473e-01   6.6386168e-01   6.9335585e-01   7.2560224e-01   7.4711652e-01   7.9491776e-01   6.6931573e-01   6.4167583e-01   7.3114261e-01   6.6990810e-01   6.9457785e-01   7.1207159e-01   6.4271599e-01   7.6669867e-01   7.6187515e-01   6.5232319e-01   7.2227715e-01   6.3905908e-01   6.3027588e-01   6.1953843e-01   7.7086901e-01   6.8380536e-01   7.9975870e-01   6.5873515e-01   7.0861390e-01   6.9048145e-01   7.8329661e-01   7.5420494e-01   6.3209747e-01   6.5724264e-01   7.7581659e-01   6.5869260e-01   6.8147444e-01   6.9295090e-01   6.3841106e-01   6.1444954e-01   7.1609962e-01   6.1615327e-01   7.2555120e-01   7.7624580e-01   7.8023447e-01   6.8491971e-01   6.2939634e-01   7.7032322e-01   6.6680227e-01   7.5450688e-01   7.6144223e-01   7.7138930e-01   0.0000000e+00   7.8458433e-01   6.0962613e-01   6.8824013e-01   7.6107189e-01   6.8087972e-01   7.2489661e-01   7.2520437e-01   6.2229545e-01   7.8446207e-01   7.8841837e-01   7.0416209e-01   7.3465263e-01   6.6990929e-01   7.6762779e-01   6.2559963e-01   7.9033379e-01   6.0216598e-01   6.8945084e-01   7.3892758e-01   6.8542588e-01   7.1368089e-01   7.9639197e-01   7.8129348e-01   6.1446264e-01   7.8134639e-01   6.1121928e-01   6.6394647e-01   6.8440524e-01   6.6016926e-01   6.6051418e-01
   6.1629859e-01   6.0115993e-01   7.7590816e-01   7.6958313e-01   6.1781644e-01   7.2538018e-01   6.8141225e-01   7.2754498e-01   6.2381660e-01   7.6454063e-01   6.2539259e-01   7.9279839e-01   6.6395548e-01   6.6837464e-01   7.7774499e-01   7.1859113e-01   6.6306398e-01   7.3590258e-01   7.9178132e-01   6.1766660e-01   7.4516514e-01   7.0874084e-01   7.5517972e-01   6.2687143e-01   7.5108334e-01   7.5989596e-01   6.2651621e-01   7.2275361e-01   6.8780502e-01   7.8421936e-01   6.9333952e-01   7.3111025e-01   7.3384831e-01   7.6057858e-01   7.3202132e-01   7.2176426e-01   7.4305462e-01   6.6919104e-01   6.4119507e-01   6.7148400e-01   6.4134210e-01   6.7045865e-01   6.0915903e-01   7.5594995e-01   6.5079249e-01   7.0485746e-01   6.6469389e-01   6.3706057e-01   6.1908000e-01   6.4232473e-01   7.7636940e-01   6.2838321e-01   7.7692621e-01   7.6337444e-01   7.8400385e-01   7.0941055e-01   6.3682288e-01   6.6108316e-01   6.6028758e-01   7.7649833e-01   7.6594170e-01   7.7752265e-01   6.6968038e-01   7.6854351e-01   6.5478439e-01   6.6490225e-01   6.1381447e-01   7.4750520e-01   7.2075433e-01   6.6401244e-01   6.2452255e-01   0.0000000e+00   6.8937394e-01   7.7965731e-01   7.6399717e-01   6.1277612e-01   7.1662174e-01   7.9364533e-01   7.5381280e-01   6.8325733e-01   7.0931577e-01   6.7756739e-01   6.1184472e-01   7.9369652e-01   7.4875077e-01   7.8770754e-01   6.1233542e-01   6.7965761e-01   7.1304462e-01   7.2203518e-01   6.9714725e-01   6.3169460e-01   7.5718663e-01   7.3738685e-01   7.6468399e-01   7.4281152e-01   6.7501394e-01   6.3577969e-01   7.0922989e-01   6.2965034e-01   6.0785369e-01
   7.7524440e-01   7.0322035e-01   6.0413470e-01   7.3633184e-01   6.7108269e-01   6.1172427e-01   7.0703820e-01   7.9231522e-01   6.7714837e-01   7.0538571e-01   6.6662239e-01   7.0549749e-01   6.9056997e-01   7.5559248e-01   6.4133544e-01   6.6931259e-01   6.7714834e-01   7.2831330e-01   6.0322283e-01   6.5242894e-01   7.2552041e-01   7.8578698e-01   7.2632563e-01   6.1658841e-01   7.7471162e-01   7.4296859e-01   6.3843397e-01   6.4323368e-01   6.3314136e-01   6.1263905e-01   7.6580610e-01   6.2974101e-01   6.6251500e-01   7.2875832e-01   6.3708077e-01   7.4060329e-01   7.8097635e-01   7.6894047e-01   7.8261795e-01   7.7958317e-01   6.2627248e-01   6.2709324e-01   6.1425571e-01   6.7866196e-01   7.4520022e-01   7.5237026e-01   6.6023456e-01   6.2384782e-01   6.1356670e-01   7.7543970e-01   6.0690434e-01   6.6921563e-01   6.3096022e-01   6.5216984e-01   7.0871558e-01   6.6713088e-01   7.2284243e-01   7.7264155e-01   7.1116611e-01   6.9213519e-01   7.5137878e-01   7.9595664e-01   6.5109088e-01   6.8639900e-01   7.4845696e-01   6.6269763e-01   7.3366874e-01   7.9153509e-01   7.9853919e-01   6.6954276e-01   7.7099940e-01   6.7134499e-01   0.0000000e+00   7.2198224e-01   7.2415015e-01   7.5658751e-01   6.1983078e-01   7.2740449e-01   6.7734488e-01   6.1593526e-01   7.9178334e-01   7.7433022e-01   7.2630638e-01   7.0335583e-01   7.9446682e-01   6.8914998e-01   6.9636488e-01   6.0517509e-01   6.6534336e-01   7.8536879e-01   6.5167262e-01   6.4618629e-01   6.8428991e-01   6.2055232e-01   6.4786117e-01   6.0466545e-01   7.0358565e-01   7.1977344e-01   6.1766128e-01   6.3161838e-01   7.1919681e-01
   7.3749212e-01   7.9066367e-01   7.1636761e-01   7.9973809e-01   7.3595400e-01   7.0603928e-01   7.8997061e-01   7.7527593e-01   7.7052167e-01   7.4055957e-01   6.5414784e-01   7.3348768e-01   6.5768128e-01   6.6728409e-01   7.2996957e-01   7.2434310e-01   6.6454009e-01   6.0741895e-01   7.8383194e-01   7.8027206e-01   6.6988772e-01   6.7509260e-01   6.3072768e-01   6.0501124e-01   7.0121033e-01   7.3967909e-01   6.4832000e-01   6.8716198e-01   7.7030427e-01   7.8563497e-01   6.8416770e-01   6.7998613e-01   7.6686407e-01   6.3957978e-01   6.5247519e-01   7.7957189e-01   7.8708790e-01   6.7918005e-01   7.9086535e-01   6.4560139e-01   7.1045969e-01   6.4936428e-01   6.6561349e-01   7.5656220e-01   7.4727231e-01   6.4689771e-01   6.3867162e-01   7.8156735e-01   6.7197027e-01   6.3224263e-01   7.3666653e-01   6.1309800e-01   7.6674724e-01   7.0647241e-01   6.4142820e-01   7.2096181e-01   6.0022571e-01   6.7689998e-01   7.5415348e-01   7.0329648e-01   6.5212984e-01   6.5821757e-01   6.4348245e-01   7.9408324e-01   7.6903713e-01   7.9941570e-01   6.9103077e-01   7.1808814e-01   7.5911975e-01   6.9596532e-01   7.5541447e-01   6.9735683e-01   7.5438199e-01   0.0000000e+00   7.7700148e-01   6.6231483e-01   6.5304779e-01   7.7373262e-01   7.5739014e-01   7.8203680e-01   6.2947170e-01   7.8369598e-01   6.4126623e-01   7.4840456e-01   7.9469206e-01   7.4023293e-01   6.4282159e-01   6.1612690e-01   6.8150779e-01   6.2150656e-01   7.1799485e-01   7.5496441e-01   6.6995855e-01   7.4272030e-01   6.6568564e-01   7.7534633e-01   7.9543728e-01   6.3557913e-01   7.3147068e-01   6.5807350e-01   6.0110495e-01
   7.4726249e-01   6.6773936e-01   6.8634688e-01   6.1523001e-01   7.9098867e-01   7.4459128e-01   7.4048567e-01   7.8865186e-01   6.9150510e-01   7.3026031e-01   6.1756538e-01   6.2168301e-01   6.3616821e-01   6.3185978e-01   7.0924064e-01   7.0697146e-01   7.4399790e-01   6.1736327e-01   7.9522573e-01   6.7955440e-01   7.8029632e-01   6.2890398e-01   6.6127259e-01   7.0493590e-01   6.2713349e-01   7.6987976e-01   6.4653012e-01   7.6841839e-01   6.7635235e-01   6.6503548e-01   7.1678390e-01   7.2669136e-01   7.0640954e-01   7.8550372e-01   6.8165783e-01   7.0274132e-01   7.2934534e-01   7.5572739e-01   6.1642396e-01   7.7071383e-01   7.8363196e-01   6.2153470e-01   7.1704076e-01   7.3017386e-01   7.8800160e-01   7.6526931e-01   6.7116676e-01   6.6740551e-01   6.4032001e-01   7.7958715e-01   6.6989246e-01   7.1208641e-01   7.6461231e-01   7.8188386e-01   6.2793605e-01   6.7037961e-01   7.9850217e-01   7.1751633e-01   7.9645278e-01   6.8870584e-01   7.7350770e-01   6.0918520e-01   7.5478771e-01   7.0822322e-01   7.1818100e-01   7.9405181e-01   7.7363851e-01   6.5288814e-01   6.4420638e-01   6.0861463e-01   6.4559904e-01   6.6347880e-01   6.4921374e-01   6.0966197e-01   0.0000000e+00   7.4046621e-01   6.9921948e-01   6.2701398e-01   6.3239688e-01   7.8304352e-01   7.5618446e-01   7.6967678e-01   6.1228006e-01   7.1602396e-01   7.0209263e-01   6.5608187e-01   6.1431332e-01   6.1436527e-01   7.9464735e-01   6.3220363e-01   6.5239764e-01   7.5949798e-01   6.6518648e-01   6.4420259e-01   6.0028437e-01   7.6632515e-01   6.9960102e-01   7.5178241e-01   7.6240219e-01   6.2877885e-01   7.4918552e-01
   7.5192829e-01   7.8431802e-01   7.6464987e-01   7.2205217e-01   6.0519304e-01   6.9145448e-01   6.2340126e-01   6.4997725e-01   7.6161325e-01   7.8722592e-01   6.8624754e-01   7.5497096e-01   7.1635294e-01   6.0901214e-01   7.5383045e-01   7.7147625e-01   6.6787861e-01   7.3245021e-01   7.7795063e-01   6.7087695e-01   7.0064559e-01   7.3213113e-01   7.9508346e-01   6.8424009e-01   7.0438242e-01   7.2245691e-01   6.5436606e-01   7.0130918e-01   6.1136288e-01   7.8116129e-01   6.8692578e-01   6.8360710e-01   6.4168362e-01   7.2730264e-01   7.2705818e-01   6.2810282e-01   6.2433616e-01   6.0679623e-01   7.4498734e-01   6.0385301e-01   6.4600283e-01   7.6709925e-01   7.2928832e-01   7.9226897e-01   7.7538261e-01   7.0169551e-01   6.5439458e-01   6.0484629e-01   6.9676224e-01   6.3228873e-01   6.1846184e-01   6.9904827e-01   6.6046777e-01   6.0817753e-01   6.5850429e-01   6.0663141e-01   6.8412028e-01   7.8665870e-01   7.0351347e-01   7.9132478e-01   7.4949716e-01   7.8132202e-01   7.1103166e-01   7.3745290e-01   7.6773554e-01   7.0531809e-01   7.2624833e-01   7.8261586e-01   6.5372769e-01   7.3615720e-01   6.1939386e-01   6.3595613e-01   6.3623944e-01   7.1461854e-01   6.0257653e-01   0.0000000e+00   7.0148297e-01   7.2826274e-01   7.7784919e-01   6.0892535e-01   6.0901549e-01   6.5799849e-01   6.4879406e-01   6.2463948e-01   7.3514948e-01   7.6541522e-01   7.0216851e-01   7.7527123e-01   6.1588374e-01   7.0907965e-01   7.4458536e-01   6.8251723e-01   6.4013244e-01   7.9505865e-01   6.0851390e-01   6.6882681e-01   7.0932581e-01   6.0557473e-01   7.7407900e-01   6.2028343e-01   6.6270494e-01
   6.5222043e-01   6.4045702e-01   7.4596127e-01   6.2830559e-01   7.2393252e-01   6.5994939e-01   6.3739470e-01   7.7496480e-01   7.7989867e-01   6.5093819e-01   7.4005401e-01   6.1250731e-01   7.1688365e-01   7.0179037e-01   7.5541140e-01   6.4152049e-01   7.3038420e-01   6.8696647e-01   7.2267634e-01   7.5194260e-01   6.6011700e-01   6.8906365e-01   6.8156173e-01   7.6250401e-01   7.7773385e-01   7.8617504e-01   6.1502250e-01   7.9682655e-01   6.1350480e-01   6.5815784e-01   6.4612474e-01   6.0978774e-01   7.5080899e-01   6.3498046e-01   6.7538964e-01   6.9232842e-01   7.8984070e-01   6.6899630e-01   7.3446932e-01   6.6820121e-01   7.9421790e-01   6.0718922e-01   7.7722242e-01   6.4876571e-01   7.4967452e-01   7.8135904e-01   6.5136802e-01   7.2067335e-01   7.0829386e-01   6.9738284e-01   6.2330330e-01   6.1488274e-01   6.4703552e-01   6.3885009e-01   6.2742620e-01   7.7559354e-01   6.1825451e-01   6.1859340e-01   7.7921874e-01   7.2392025e-01   7.7925097e-01   7.5054317e-01   7.8496706e-01   7.4367513e-01   7.4089869e-01   6.8900679e-01   7.0851937e-01   7.2050061e-01   7.7017130e-01   7.3013987e-01   7.9395473e-01   6.1682404e-01   7.0768906e-01   7.5382259e-01   7.4901591e-01   7.4074389e-01   0.0000000e+00   6.4320047e-01   7.5599362e-01   6.4721338e-01   6.5906477e-01   7.7101386e-01   7.3679099e-01   6.6212647e-01   6.5864321e-01   7.7616679e-01   6.9754412e-01   6.1945812e-01   7.5472811e-01   6.3337780e-01   6.8923499e-01   7.5190733e-01   6.4673037e-01   6.6156973e-01   6.9477311e-01   7.6104759e-01   6.4383827e-01   6.7043269e-01   6.2869175e-01   7.2518014e-01   7.9118122e-01
   6.4194202e-01   7.8626993e-01   6.5399431e-01   6.4167568e-01   7.5314758e-01   6.5006823e-01   7.5238718e-01   6.3944935e-01   6.6722152e-01   7.1033618e-01   7.5282410e-01   7.8876243e-01   7.1206556e-01   6.4109044e-01   7.0488612e-01   6.5111763e-01   6.5441146e-01   6.8503823e-01   7.7527930e-01   6.9625168e-01   6.2467067e-01   7.5874675e-01   7.0944017e-01   7.6032451e-01   6.3982001e-01   7.1879890e-01   6.0690630e-01   7.8495691e-01   6.9364144e-01   6.1827806e-01   7.6071367e-01   6.8750597e-01   6.0043065e-01   6.1609089e-01   6.1226577e-01   6.4620983e-01   7.8708180e-01   7.4854968e-01   7.0573093e-01   7.0750837e-01   7.4046495e-01   6.1502052e-01   7.7031989e-01   7.5709905e-01   7.9388159e-01   6.2405665e-01   7.2710954e-01   7.6062280e-01   7.5397249e-01   7.2976033e-01   7.4413978e-01   7.2458024e-01   6.4487570e-01   6.5700593e-01   6.1082258e-01   7.3209491e-01   6.1288478e-01   7.6572180e-01   7.6814043e-01   6.6714037e-01   7.6593784e-01   7.2440296e-01   6.8791419e-01   6.5906067e-01   6.3719169e-01   7.0581655e-01   7.6959869e-01   7.8915807e-01   6.9445187e-01   7.7274127e-01   7.3719585e-01   6.5012544e-01   7.7692872e-01   6.9616687e-01   7.5941529e-01   7.2482998e-01   7.6860269e-01   0.0000000e+00   6.0720807e-01   7.3071348e-01   7.7895428e-01   6.6313319e-01   6.2091352e-01   6.9303369e-01   6.1769953e-01   7.7054000e-01   6.8952173e-01   6.2229963e-01   7.4800293e-01   6.7552136e-01   6.7560515e-01   7.7406519e-01   6.0029723e-01   7.1974543e-01   6.8508522e-01   6.5520946e-01   7.6403069e-01   6.1571248e-01   7.7322598e-01   7.7398607e-01   6.1071940e-01
   7.6777124e-01   6.6121438e-01   6.6802885e-01   6.3751672e-01   6.9337477e-01   6.2477574e-01   7.9502896e-01   6.3980389e-01   6.6288834e-01   7.4653919e-01   6.8122518e-01   6.4812641e-01   7.5241034e-01   7.9471887e-01   6.9905514e-01   7.0161807e-01   6.5406244e-01   7.9002318e-01   7.8717675e-01   6.0233022e-01   6.3231408e-01   7.8763077e-01   7.9723930e-01   7.1033614e-01   7.2005919e-01   6.4395853e-01   6.6479281e-01   7.0626369e-01   7.5182607e-01   7.3093727e-01   7.7038858e-01   6.4947923e-01   6.9493880e-01   7.0593216e-01   6.6042033e-01   7.2388651e-01   6.8038808e-01   6.8706718e-01   7.2198347e-01   6.5642785e-01   7.8079406e-01   6.6245582e-01   6.0457275e-01   6.3212681e-01   7.1004867e-01   7.2032923e-01   6.9434971e-01   7.5175916e-01   6.1006600e-01   6.7200384e-01   6.5997307e-01   7.7804396e-01   7.7922157e-01   6.9419491e-01   7.7272619e-01   6.4612021e-01   6.4858573e-01   6.2324053e-01   6.6429650e-01   6.8917204e-01   6.5063552e-01   6.4364315e-01   6.2133705e-01   7.9738270e-01   7.8419591e-01   6.2296456e-01   6.3781993e-01   7.9848928e-01   7.5038452e-01   7.8282367e-01   7.1124785e-01   7.2732844e-01   7.5082358e-01   7.8013941e-01   6.4093639e-01   6.6509031e-01   6.7290958e-01   7.3348581e-01   0.0000000e+00   7.3599004e-01   6.0732056e-01   6.8520693e-01   6.0508737e-01   7.3942046e-01   6.8792730e-01   7.2111331e-01   7.9636994e-01   7.6919653e-01   6.0923026e-01   6.1080543e-01   6.8181083e-01   7.5898889e-01   6.9694178e-01   7.2961968e-01   7.3764944e-01   7.7150533e-01   7.4145509e-01   6.9771611e-01   6.2245641e-01   7.3787192e-01   6.4259440e-01
   7.2560287e-01   7.7466850e-01   7.2009429e-01   6.9673309e-01   6.6163465e-01   6.6195172e-01   7.5146910e-01   7.4880470e-01   6.3072186e-01   6.9633226e-01   6.8494702e-01   7.8964727e-01   6.8111103e-01   7.0342008e-01   6.8847069e-01   7.6575935e-01   6.2913250e-01   7.5142153e-01   6.9298665e-01   6.0547799e-01   6.9387616e-01   7.6208996e-01   6.3964413e-01   6.7008771e-01   6.4579903e-01   7.6283744e-01   6.2290090e-01   7.4168666e-01   6.2136263e-01   6.2357616e-01   7.4571711e-01   7.0567417e-01   7.8587492e-01   6.5688838e-01   7.8974883e-01   6.1582448e-01   7.0434331e-01   6.4403345e-01   7.9298041e-01   7.2147564e-01   6.7186514e-01   7.0345254e-01   7.0377026e-01   6.5400741e-01   6.6708448e-01   7.7360005e-01   7.7781310e-01   6.7006699e-01   6.4445335e-01   7.2934481e-01   6.9104392e-01   7.0431461e-01   6.4350058e-01   7.7023389e-01   6.8108653e-01   7.5247156e-01   6.6780166e-01   7.9212561e-01   6.0245533e-01   7.4905003e-01   7.1764019e-01   7.4108173e-01   7.9306451e-01   6.5693788e-01   6.5372702e-01   7.2935803e-01   6.7540102e-01   7.2095114e-01   7.7256488e-01   6.5039237e-01   7.5744122e-01   6.7600058e-01   7.8206504e-01   7.2664148e-01   7.1151446e-01   7.8686309e-01   7.0189322e-01   7.7890612e-01   6.1462877e-01   0.0000000e+00   7.8957005e-01   7.6633646e-01   6.6519274e-01   6.5352900e-01   6.2210333e-01   6.1509305e-01   7.5307681e-01   7.4449238e-01   7.8962485e-01   7.7752211e-01   6.3364886e-01   6.9304814e-01   6.0295423e-01   7.7084809e-01   7.8937143e-01   7.1385219e-01   7.6777352e-01   6.5131863e-01   7.0598605e-01   6.1565954e-01   7.6497544e-01
   6.4074962e-01   6.7220786e-01   7.0965737e-01   7.5605012e-01   7.4722729e-01   6.2716666e-01   6.4712507e-01   7.3855914e-01   7.0619596e-01   7.0328407e-01   7.7241330e-01   6.7169436e-01   7.0073566e-01   7.7175531e-01   7.1287356e-01   7.1561816e-01   7.0018045e-01   6.2227353e-01   7.5977477e-01   7.2987097e-01   6.4031457e-01   7.9844246e-01   7.5815809e-01   7.6166638e-01   7.1146957e-01   6.3562077e-01   7.7787356e-01   6.6856490e-01   7.4643868e-01   7.8990092e-01   7.2200389e-01   7.1639278e-01   7.7933839e-01   7.1554494e-01   7.6705968e-01   7.5811339e-01   7.2284316e-01   6.9751468e-01   6.2806012e-01   6.0381822e-01   6.0081712e-01   7.3183171e-01   6.5618078e-01   6.3152811e-01   7.1733094e-01   7.0569387e-01   6.7449132e-01   7.7061419e-01   6.1152647e-01   7.8427444e-01   7.9671725e-01   7.4945411e-01   6.4638797e-01   6.6055822e-01   7.8719978e-01   7.3008074e-01   6.1083670e-01   6.8624761e-01   6.7471639e-01   7.1076899e-01   6.7635074e-01   6.3047098e-01   6.5644374e-01   6.3753894e-01   7.8270165e-01   6.4213192e-01   7.3463109e-01   7.2464285e-01   7.5168228e-01   6.1380210e-01   6.6584922e-01   7.6711664e-01   6.3798416e-01   6.9660218e-01   7.6979260e-01   6.3995898e-01   7.3568248e-01   6.0246419e-01   7.0216947e-01   7.1538721e-01   0.0000000e+00   7.1675409e-01   7.7316043e-01   6.0629719e-01   7.0847011e-01   6.0106029e-01   7.3148948e-01   7.6204673e-01   7.6035667e-01   7.3906391e-01   7.0077854e-01   6.0995627e-01   6.6886688e-01   7.2139720e-01   7.1096358e-01   6.3917714e-01   7.3800149e-01   6.7425882e-01   7.2488483e-01   7.4154742e-01   6.2256627e-01
   7.9095676e-01   7.6745045e-01   7.6544326e-01   6.7522216e-01   7.0678752e-01   7.3165965e-01   6.0534219e-01   6.7601139e-01   7.5017925e-01   7.9605714e-01   6.3238309e-01   7.2378970e-01   7.2806748e-01   6.2236802e-01   7.0546552e-01   6.3112936e-01   7.5258591e-01   7.0347029e-01   6.3525163e-01   7.6560401e-01   7.4261432e-01   6.7396283e-01   7.7439755e-01   7.9044327e-01   6.1096706e-01   6.3277865e-01   7.5759196e-01   6.0085630e-01   7.0883229e-01   6.6691403e-01   6.2811040e-01   7.8020853e-01   7.2224432e-01   7.5527881e-01   7.9110172e-01   6.4599232e-01   6.0739571e-01   7.9064220e-01   6.2147635e-01   6.0710340e-01   7.9285207e-01   6.8875945e-01   7.4600986e-01   7.8459607e-01   6.9911258e-01   7.0176816e-01   7.2540265e-01   7.9888911e-01   7.8144423e-01   7.9707658e-01   7.9630073e-01   7.6989508e-01   7.1539855e-01   6.8636305e-01   7.1916400e-01   7.4498043e-01   6.2211880e-01   7.5036263e-01   6.6649789e-01   7.4875909e-01   7.1402289e-01   6.8783353e-01   7.9277571e-01   7.7022186e-01   7.5415092e-01   6.8966840e-01   7.2349987e-01   6.1891707e-01   6.8946285e-01   6.3055805e-01   6.3246461e-01   7.7828726e-01   6.2126172e-01   6.0722446e-01   7.5565864e-01   6.4916244e-01   6.6069105e-01   6.8213209e-01   7.2832531e-01   7.0238185e-01   6.9962818e-01   0.0000000e+00   6.0087082e-01   7.6100557e-01   7.7229577e-01   6.4813892e-01   6.7160711e-01   6.0470590e-01   7.3961591e-01   6.0097932e-01   7.4355024e-01   7.0770358e-01   7.4689847e-01   7.5039649e-01   7.6961647e-01   6.0550914e-01   7.3527664e-01   6.3295551e-01   6.4987808e-01   6.2966138e-01   6.1288923e-01
   7.1226200e-01   7.7114430e-01   7.2477155e-01   7.5644976e-01   6.3133165e-01   7.0284119e-01   7.2749282e-01   7.4584061e-01   6.5873094e-01   7.5840894e-01   7.9463961e-01   7.2037838e-01   6.1092081e-01   7.1195156e-01   6.8684173e-01   7.7655487e-01   6.5604244e-01   7.3899683e-01   6.1876452e-01   6.7449145e-01   6.1928373e-01   6.5266321e-01   7.1797796e-01   6.3265079e-01   7.0227123e-01   6.8422039e-01   7.0241291e-01   6.8066814e-01   6.9814485e-01   7.0823229e-01   6.1977074e-01   7.3346479e-01   7.8296400e-01   6.2422197e-01   6.3845581e-01   6.5171933e-01   7.6609429e-01   7.5753697e-01   7.5480298e-01   6.2055785e-01   6.4856421e-01   7.3084928e-01   6.7070602e-01   7.8952263e-01   6.4276186e-01   7.2313463e-01   6.9680428e-01   6.8708925e-01   6.4579205e-01   6.7433919e-01   7.7231221e-01   7.1329071e-01   6.5989842e-01   6.6201443e-01   6.0919528e-01   7.1563246e-01   6.8430372e-01   6.6528803e-01   6.2870116e-01   7.2614935e-01   6.7999430e-01   6.4244268e-01   6.7298808e-01   7.6503039e-01   6.7017025e-01   6.0212502e-01   6.8649220e-01   7.2543238e-01   7.7518827e-01   7.0031438e-01   7.1544249e-01   7.6297478e-01   7.2596284e-01   6.5477151e-01   6.0723269e-01   6.6978990e-01   7.7341906e-01   6.3162811e-01   7.0840211e-01   6.9308284e-01   6.5774937e-01   6.2924774e-01   0.0000000e+00   6.9960472e-01   7.5912804e-01   7.6499165e-01   7.1551300e-01   7.5811822e-01   6.8173681e-01   7.4888252e-01   6.4272465e-01   7.7441403e-01   6.2288729e-01   7.7918232e-01   7.4327523e-01   6.8374311e-01   7.7410105e-01   6.0493201e-01   6.1350267e-01   6.1853216e-01   6.3636377e-01
   7.6089427e-01   6.9815071e-01   6.9039122e-01   7.3034900e-01   7.5003533e-01   7.9430829e-01   7.3844914e-01   7.5109316e-01   6.5029873e-01   7.7892326e-01   7.4643377e-01   6.4437514e-01   6.6699710e-01   6.3821994e-01   7.4578370e-01   7.4723520e-01   6.6595822e-01   7.8752365e-01   6.5813870e-01   6.0521234e-01   6.3027355e-01   7.7800637e-01   7.8880004e-01   6.1137112e-01   6.1594593e-01   7.5797686e-01   6.5148800e-01   6.2579240e-01   6.2481280e-01   6.6648351e-01   7.1025979e-01   7.4305075e-01   6.4760276e-01   6.6338422e-01   7.7903078e-01   7.3572651e-01   7.3969331e-01   7.7578133e-01   7.4820335e-01   6.8714563e-01   7.4735881e-01   7.3546679e-01   7.4238153e-01   6.0194497e-01   7.0245080e-01   6.9559098e-01   7.7332782e-01   7.1900108e-01   6.9225125e-01   7.7176750e-01   6.5001602e-01   6.5990815e-01   6.6464436e-01   7.8943144e-01   7.9718833e-01   7.3211496e-01   6.4113989e-01   6.6819515e-01   7.5537901e-01   6.3288687e-01   7.1243666e-01   7.2364042e-01   7.4520121e-01   6.6951243e-01   7.5270362e-01   6.2184480e-01   6.3155030e-01   7.1809274e-01   6.3455901e-01   7.6438242e-01   6.5270681e-01   7.3964259e-01   7.9150670e-01   6.9826086e-01   6.2204478e-01   7.0234179e-01   7.1161977e-01   7.8763604e-01   6.7619353e-01   7.3698609e-01   7.7976644e-01   7.9104966e-01   7.7843612e-01   0.0000000e+00   7.4311465e-01   7.7032065e-01   6.9704551e-01   6.4462077e-01   6.8863379e-01   7.0205464e-01   6.1352087e-01   7.7203384e-01   7.8877278e-01   7.1431541e-01   7.5256172e-01   7.0647628e-01   7.2789926e-01   6.7757554e-01   7.6298895e-01   6.8580169e-01   6.3588747e-01
   6.4312370e-01   7.5889283e-01   7.8640845e-01   7.4951789e-01   6.1248517e-01   6.0600841e-01   6.7065972e-01   7.2293552e-01   6.5035763e-01   7.5380441e-01   7.3528993e-01   7.3531085e-01   6.0309312e-01   6.0239403e-01   7.4188825e-01   7.9088677e-01   7.6765277e-01   6.1515232e-01   6.2143167e-01   6.2815077e-01   7.9782976e-01   7.2233416e-01   7.1753779e-01   7.1643451e-01   6.8158004e-01   7.4766061e-01   7.9566019e-01   7.4060615e-01   7.2415483e-01   7.9478393e-01   7.9554348e-01   7.1731052e-01   6.1579125e-01   6.1250134e-01   6.3490751e-01   7.0548024e-01   7.4567727e-01   7.9408772e-01   6.4874433e-01   6.7944232e-01   6.7462516e-01   7.5734287e-01   7.4426290e-01   6.6696696e-01   6.6389815e-01   6.4395840e-01   7.4918152e-01   6.8410464e-01   6.8220298e-01   6.3228701e-01   6.1014193e-01   7.0292445e-01   6.6271833e-01   7.1578344e-01   7.7826707e-01   7.2327022e-01   6.6195828e-01   6.7040734e-01   7.8668130e-01   7.2017918e-01   7.0205635e-01   6.2424960e-01   6.0945506e-01   7.4027361e-01   6.3311668e-01   6.8766363e-01   7.4960230e-01   6.1253243e-01   6.8313303e-01   7.0002568e-01   6.4751848e-01   7.7171892e-01   7.3910983e-01   6.6226712e-01   7.3118715e-01   7.7666399e-01   7.5376911e-01   7.6895888e-01   6.2686917e-01   7.2655196e-01   6.0465056e-01   6.3940086e-01   7.9470064e-01   6.8049884e-01   0.0000000e+00   6.4643480e-01   6.2985880e-01   6.4689314e-01   6.0118206e-01   7.2681530e-01   6.1381898e-01   7.0859052e-01   7.1376810e-01   7.7008141e-01   7.5433948e-01   6.0040806e-01   6.8569393e-01   6.2888743e-01   6.1552135e-01   6.1259821e-01   6.4479005e-01
   6.5972748e-01   6.8691771e-01   6.7504360e-01   7.6780778e-01   6.2257833e-01   6.7845008e-01   7.0718605e-01   6.3557969e-01   7.4568734e-01   7.6645024e-01   7.7933763e-01   7.8553454e-01   7.9862585e-01   7.2338157e-01   6.9169103e-01   6.3983580e-01   6.8052586e-01   7.5430738e-01   7.3954250e-01   6.1148317e-01   7.2054964e-01   7.2293382e-01   6.1835189e-01   6.2947996e-01   7.1477485e-01   6.0634775e-01   6.8724506e-01   7.8309396e-01   7.6760308e-01   7.4321742e-01   6.4836496e-01   6.8658101e-01   7.3466357e-01   7.4282038e-01   7.2058197e-01   7.1969408e-01   7.1254568e-01   7.6172918e-01   7.6735334e-01   7.5430312e-01   6.4029196e-01   6.1480417e-01   7.9100624e-01   6.3999299e-01   7.6796875e-01   7.2524403e-01   6.4179765e-01   7.8609939e-01   6.4245777e-01   6.0728364e-01   7.8310347e-01   6.5716601e-01   7.4467785e-01   7.6400518e-01   6.1458852e-01   7.5141286e-01   7.4682978e-01   7.1129535e-01   6.9672010e-01   6.7843684e-01   6.0996976e-01   7.9860103e-01   6.7635806e-01   7.8831426e-01   6.8780102e-01   6.6586992e-01   7.9626569e-01   7.4119141e-01   6.7473074e-01   7.8537546e-01   6.6944666e-01   7.0851722e-01   7.7718498e-01   6.8430293e-01   6.7838847e-01   6.1950693e-01   7.2521241e-01   6.9058273e-01   6.8524614e-01   7.5271100e-01   6.6596457e-01   6.4593628e-01   6.9126854e-01   7.9762797e-01   6.8297539e-01   0.0000000e+00   6.8944812e-01   7.7936373e-01   7.7214368e-01   7.1437801e-01   6.1889780e-01   7.0706177e-01   6.2539588e-01   6.3124518e-01   6.0056065e-01   7.6423882e-01   7.0931474e-01   6.6894391e-01   6.0943161e-01   6.2130738e-01   6.7882278e-01
   6.3262324e-01   6.6335062e-01   6.3995780e-01   7.5878290e-01   6.5421418e-01   6.7412690e-01   7.7119289e-01   6.8652659e-01   7.3522487e-01   7.1765331e-01   6.4010500e-01   7.5489195e-01   6.0527649e-01   6.5494823e-01   7.6739033e-01   7.0486239e-01   7.4887869e-01   6.1071400e-01   7.6547070e-01   6.0904401e-01   7.8299913e-01   7.9602127e-01   7.5691371e-01   6.3799289e-01   7.9288052e-01   7.9951388e-01   7.6531392e-01   6.5816768e-01   6.8313118e-01   6.9519605e-01   7.2566885e-01   7.0236367e-01   6.2541893e-01   6.9192807e-01   7.1462725e-01   6.5105523e-01   6.4070333e-01   7.9989330e-01   7.9532020e-01   6.6791787e-01   6.3876086e-01   6.2720501e-01   7.9769708e-01   6.4082715e-01   6.1499003e-01   7.4007801e-01   6.2685991e-01   6.8934564e-01   7.5430239e-01   7.1813563e-01   7.0001862e-01   6.2266382e-01   7.7999337e-01   6.4761079e-01   7.7329473e-01   6.9009724e-01   7.1183892e-01   6.0077703e-01   6.0459349e-01   7.1857039e-01   6.5771031e-01   6.0722782e-01   6.8959242e-01   6.6515666e-01   6.4712726e-01   7.1048846e-01   7.2265676e-01   7.8880614e-01   6.7631284e-01   7.5705990e-01   6.9597873e-01   7.5426166e-01   6.1683373e-01   7.8086198e-01   7.0023814e-01   7.9901842e-01   7.2515462e-01   7.6288452e-01   6.0662225e-01   7.1185321e-01   6.9240676e-01   7.7809791e-01   7.1384523e-01   6.7050738e-01   6.7389193e-01   7.4793592e-01   0.0000000e+00   7.4508539e-01   6.3733167e-01   6.1031920e-01   7.5107160e-01   7.4562046e-01   7.4210277e-01   6.2711202e-01   6.0170580e-01   7.4604754e-01   7.0345531e-01   6.8030118e-01   6.6556376e-01   6.0513341e-01   7.7909644e-01
   7.5055264e-01   6.5614883e-01   6.4051242e-01   6.9404046e-01   7.7421302e-01   7.2231634e-01   6.4679749e-01   6.1816249e-01   6.5961082e-01   6.8348728e-01   6.5157872e-01   7.1302555e-01   7.8478961e-01   6.7864420e-01   7.9775909e-01   7.0928884e-01   7.1518001e-01   6.6871631e-01   7.4379242e-01   6.2425907e-01   6.8146206e-01   6.6733042e-01   6.8480184e-01   7.0885529e-01   6.4640885e-01   7.9653655e-01   6.6968000e-01   6.6599600e-01   7.2629973e-01   7.3175898e-01   7.1158164e-01   7.9914516e-01   7.6896407e-01   7.5272944e-01   6.3422701e-01   6.6764211e-01   7.9246146e-01   7.3236556e-01   6.1979794e-01   7.3185465e-01   6.9733119e-01   7.4400721e-01   7.2560179e-01   6.2913335e-01   7.3266419e-01   7.0397135e-01   6.4329205e-01   6.8256395e-01   6.1581297e-01   7.6404631e-01   6.8223459e-01   6.8584249e-01   7.8458481e-01   7.5016898e-01   7.7426135e-01   6.5178509e-01   6.9178947e-01   7.9920102e-01   6.6800869e-01   6.2828652e-01   6.2474186e-01   6.5442347e-01   7.7989442e-01   7.0575605e-01   6.0563349e-01   7.4998416e-01   7.6747439e-01   7.7894727e-01   7.4384222e-01   6.0091595e-01   7.9253856e-01   7.1660344e-01   7.6825760e-01   7.3638612e-01   7.0687982e-01   7.8712122e-01   6.0125606e-01   6.7278385e-01   7.3498941e-01   7.5652296e-01   7.5194796e-01   7.3897143e-01   7.8469231e-01   7.5118716e-01   6.4041854e-01   6.1577503e-01   6.0066729e-01   0.0000000e+00   6.5015245e-01   7.2772201e-01   7.6044184e-01   7.1809184e-01   6.4295453e-01   6.0971802e-01   7.2621029e-01   7.2351579e-01   6.6353173e-01   6.0560388e-01   6.4378301e-01   7.3240087e-01   7.2078922e-01
   7.0863856e-01   7.2168176e-01   6.6494346e-01   6.4343513e-01   7.7856893e-01   6.1574137e-01   7.0001886e-01   6.8305817e-01   7.0890129e-01   6.0463813e-01   7.4750519e-01   6.4152188e-01   7.6331962e-01   6.2353686e-01   6.1040407e-01   6.3297187e-01   7.2603204e-01   6.0969324e-01   7.7913133e-01   7.1626671e-01   7.8421262e-01   7.9602827e-01   6.9831762e-01   7.0217630e-01   6.0876236e-01   7.6063987e-01   6.4082749e-01   6.5700031e-01   7.1063860e-01   7.8969328e-01   7.9691192e-01   7.9505971e-01   7.1938185e-01   7.2297174e-01   7.6011391e-01   6.6538694e-01   7.5310792e-01   6.2092764e-01   7.5479724e-01   6.8767391e-01   7.5344841e-01   7.3675092e-01   6.5941564e-01   6.5459167e-01   6.9849592e-01   7.0837801e-01   7.9720237e-01   6.1489262e-01   6.2070976e-01   6.4957378e-01   7.0661101e-01   6.5360193e-01   6.1759528e-01   7.6090863e-01   7.3550534e-01   6.3920121e-01   7.7523892e-01   6.2057959e-01   7.6532247e-01   6.8196778e-01   6.5464618e-01   7.5518668e-01   6.1944189e-01   6.7694526e-01   7.5998249e-01   7.6135523e-01   6.5038423e-01   7.2112891e-01   6.1091211e-01   6.2736450e-01   6.8194519e-01   7.9014700e-01   6.0510085e-01   7.2211506e-01   7.1996794e-01   6.5562669e-01   6.0257773e-01   7.0021122e-01   7.8386569e-01   6.5229651e-01   6.3656845e-01   6.9008115e-01   7.6155544e-01   7.8928133e-01   7.7991727e-01   6.9153971e-01   7.6451968e-01   7.8061294e-01   0.0000000e+00   6.8665792e-01   7.2274172e-01   7.1779285e-01   6.4479494e-01   6.6865915e-01   6.4605367e-01   7.9794814e-01   7.8459365e-01   7.7310915e-01   6.6890259e-01   7.9105451e-01   7.9208771e-01
   6.1784480e-01   6.8495115e-01   7.2502530e-01   6.9322432e-01   6.6636680e-01   6.7339899e-01   7.5972002e-01   6.6210870e-01   6.1747398e-01   7.0986411e-01   7.8647019e-01   7.8592516e-01   7.6287204e-01   6.7692601e-01   7.3496129e-01   6.2501875e-01   6.7533689e-01   7.2464277e-01   7.9843665e-01   7.4424726e-01   6.3266848e-01   6.6012785e-01   6.3625542e-01   6.2456061e-01   6.3855245e-01   7.1461387e-01   7.6247598e-01   7.7877443e-01   7.0845167e-01   7.8243750e-01   6.2681165e-01   6.6405645e-01   7.7610907e-01   6.4837177e-01   6.3776824e-01   6.6865645e-01   7.1791798e-01   7.5157676e-01   6.8949402e-01   6.1821366e-01   7.4865487e-01   6.7568053e-01   6.5109393e-01   7.7920363e-01   7.0559633e-01   6.3900441e-01   7.4286695e-01   6.8789644e-01   6.1810379e-01   6.9869663e-01   7.4178238e-01   6.4148657e-01   6.8662816e-01   7.9404388e-01   6.8233200e-01   7.9929188e-01   6.9504789e-01   6.6698781e-01   7.7691720e-01   7.4515352e-01   7.6556738e-01   7.7440497e-01   6.1896332e-01   6.8663448e-01   6.8567187e-01   7.3676283e-01   6.6913534e-01   6.8644343e-01   6.4769501e-01   7.1113366e-01   6.2379305e-01   7.5470409e-01   7.4486973e-01   7.6147926e-01   6.1218337e-01   7.6055266e-01   7.2247980e-01   7.0245226e-01   6.7776516e-01   6.3141088e-01   7.7075496e-01   7.9071866e-01   7.7113356e-01   6.3369507e-01   6.7090114e-01   7.4614683e-01   6.4324959e-01   7.1470431e-01   6.6285598e-01   0.0000000e+00   6.1621853e-01   6.2349178e-01   6.8506966e-01   6.5805886e-01   6.9247860e-01   7.3338384e-01   6.3746647e-01   6.7330947e-01   6.7256695e-01   7.6113899e-01   6.9784837e-01
   6.7697351e-01   7.6295062e-01   7.3961178e-01   6.8091329e-01   6.1051896e-01   6.3952163e-01   7.2503808e-01   6.8799012e-01   6.1261062e-01   7.9199638e-01   7.1048350e-01   7.3672680e-01   7.9006125e-01   6.1593513e-01   7.2959000e-01   7.2482358e-01   6.6332720e-01   7.0272504e-01   7.7582761e-01   7.6066160e-01   6.1878501e-01   7.9466915e-01   7.4576143e-01   7.9421251e-01   7.8235990e-01   6.9940235e-01   7.5939865e-01   6.9772662e-01   7.1932893e-01   6.9166946e-01   7.3241098e-01   6.9419777e-01   7.3601984e-01   7.2590060e-01   6.0369182e-01   6.5522695e-01   6.0575682e-01   6.7939913e-01   7.1928869e-01   7.9902598e-01   7.6830882e-01   6.3738012e-01   6.3520915e-01   7.5127179e-01   6.9586619e-01   7.7986794e-01   7.2033278e-01   6.5598460e-01   6.7379757e-01   6.0672484e-01   7.5956302e-01   6.6038890e-01   6.9961101e-01   7.2115832e-01   7.4210851e-01   7.0480124e-01   6.0170292e-01   7.7820468e-01   6.6536558e-01   7.2176635e-01   7.8027158e-01   7.8829542e-01   6.5098454e-01   7.5527781e-01   7.4999573e-01   6.0343389e-01   6.7275864e-01   6.6592294e-01   7.6403482e-01   6.3058174e-01   6.0184692e-01   7.5533064e-01   6.5575643e-01   7.8029123e-01   6.5953403e-01   7.5163305e-01   6.1170293e-01   7.7601125e-01   7.0578235e-01   7.8507180e-01   7.8243361e-01   7.7711141e-01   6.6509508e-01   6.8738939e-01   6.2825897e-01   6.5886362e-01   7.8371267e-01   7.4607233e-01   6.6705186e-01   6.0735613e-01   0.0000000e+00   6.2306426e-01   6.8218113e-01   7.8708189e-01   6.7989265e-01   7.0595643e-01   6.0304844e-01   6.5887786e-01   6.7226959e-01   6.8579589e-01   7.7294812e-01
   7.9970801e-01   6.3064747e-01   7.4587539e-01   7.8556032e-01   7.3601987e-01   7.2054761e-01   7.2983706e-01   6.7228049e-01   7.3710113e-01   6.2952130e-01   7.2833961e-01   6.8180874e-01   7.6021777e-01   6.4721850e-01   6.5161724e-01   6.9903627e-01   6.3277892e-01   6.8824114e-01   7.1783436e-01   6.3398610e-01   6.7886409e-01   6.2770421e-01   7.7568702e-01   6.2429195e-01   7.5804902e-01   7.6707133e-01   6.8529405e-01   7.5990974e-01   6.3748203e-01   7.3407252e-01   7.1446573e-01   7.6292036e-01   7.3108032e-01   6.2875892e-01   7.7949498e-01   6.3164458e-01   6.5760383e-01   6.5936917e-01   6.1223210e-01   6.1440012e-01   6.4847210e-01   7.2003915e-01   7.6541985e-01   7.3645532e-01   7.5453584e-01   6.1178778e-01   7.2871736e-01   7.2229717e-01   6.1840668e-01   7.8367371e-01   6.4820022e-01   6.0342521e-01   7.0909544e-01   7.7610692e-01   7.5228775e-01   6.5977937e-01   6.2253770e-01   7.6884073e-01   6.8819803e-01   7.1265023e-01   7.0638215e-01   6.2064368e-01   7.2800308e-01   6.7275095e-01   6.5236190e-01   7.2368100e-01   7.7307722e-01   7.9969729e-01   7.1778395e-01   6.3249181e-01   6.8613554e-01   6.5753560e-01   7.8939918e-01   6.6753107e-01   6.7567039e-01   6.6429957e-01   6.4837624e-01   6.9359587e-01   6.8806291e-01   7.6198752e-01   6.2546098e-01   7.5297513e-01   7.2320252e-01   7.2860414e-01   7.8850305e-01   6.4870824e-01   6.1653197e-01   7.4111884e-01   7.2768383e-01   6.8615044e-01   7.0077186e-01   0.0000000e+00   6.5341603e-01   7.9886595e-01   7.6904298e-01   7.6652033e-01   7.1482253e-01   6.0275274e-01   7.9992107e-01   7.0303517e-01   6.3136863e-01
   7.8607647e-01   6.6375912e-01   6.0587303e-01   7.3938037e-01   7.3808395e-01   7.5277029e-01   7.5634351e-01   6.9088445e-01   7.3643305e-01   6.8082949e-01   7.9655642e-01   7.7144806e-01   6.0753595e-01   7.4208951e-01   6.8732346e-01   6.3304660e-01   7.0883391e-01   6.5710023e-01   7.7382610e-01   7.4964523e-01   7.4500412e-01   6.6263223e-01   6.6638177e-01   6.1798797e-01   7.2261055e-01   7.8410177e-01   7.9307491e-01   6.3270293e-01   6.3384027e-01   6.0525318e-01   7.8685206e-01   6.2751963e-01   6.3738439e-01   7.2633765e-01   7.6189848e-01   7.1938091e-01   6.2103552e-01   6.1945572e-01   6.2775801e-01   6.2669704e-01   6.1607144e-01   7.0833990e-01   7.1885486e-01   7.1652317e-01   7.7096559e-01   7.9472254e-01   6.6659474e-01   6.5945058e-01   6.7962433e-01   7.7219475e-01   6.4786866e-01   6.6307023e-01   7.4872696e-01   6.6398739e-01   7.9746507e-01   7.2969580e-01   6.0391289e-01   7.9656623e-01   7.6821631e-01   6.0162699e-01   6.5316108e-01   6.6815007e-01   7.9369137e-01   6.9669076e-01   6.8719975e-01   7.7687740e-01   7.0485140e-01   6.3812519e-01   7.7760401e-01   7.2411470e-01   7.9751076e-01   6.8819420e-01   7.2461660e-01   7.9490190e-01   6.4559112e-01   6.7717677e-01   6.2220179e-01   7.4105356e-01   6.5137894e-01   6.8923165e-01   6.9528683e-01   6.3194519e-01   7.8177064e-01   6.1490016e-01   7.7804123e-01   6.5831591e-01   6.7583903e-01   7.2904818e-01   6.1720330e-01   6.2532214e-01   7.1783554e-01   7.7419144e-01   0.0000000e+00   7.6977075e-01   6.2366782e-01   7.0191475e-01   7.6342522e-01   7.8759882e-01   7.8735704e-01   7.9334522e-01   7.6861610e-01
   6.8209540e-01   7.7581188e-01   7.3456088e-01   6.4594068e-01   7.7767617e-01   7.6392901e-01   6.9214076e-01   7.6181041e-01   7.4763392e-01   7.7246598e-01   7.6634996e-01   7.4019360e-01   6.9588702e-01   6.9011235e-01   7.9799184e-01   7.7606123e-01   6.0467036e-01   7.3645114e-01   7.2927675e-01   6.0150985e-01   7.1232193e-01   6.7888000e-01   6.5651134e-01   6.7897744e-01   7.3125013e-01   7.8019302e-01   7.0976911e-01   6.0542731e-01   6.2861472e-01   7.5046457e-01   6.9423343e-01   7.1195532e-01   7.4048376e-01   6.7085216e-01   6.4861118e-01   7.8404283e-01   6.0753229e-01   7.4719303e-01   7.4308686e-01   6.9398880e-01   7.8484012e-01   6.5697285e-01   7.9038841e-01   7.0659411e-01   7.0105356e-01   6.2765615e-01   6.3246070e-01   7.8377894e-01   6.3886591e-01   7.3689145e-01   7.2027177e-01   6.4624019e-01   7.9624888e-01   7.8494173e-01   7.1685332e-01   6.1426249e-01   7.3857210e-01   7.3427244e-01   6.4287024e-01   6.2803026e-01   7.0390092e-01   6.9993128e-01   6.5049516e-01   7.7933123e-01   6.9246172e-01   6.2254291e-01   7.7722094e-01   6.3010391e-01   7.8654580e-01   6.8533752e-01   6.5107664e-01   7.8123464e-01   6.9497699e-01   6.2253167e-01   6.0921122e-01   6.5642385e-01   6.0556860e-01   7.4893979e-01   6.0056700e-01   6.9564875e-01   6.4050035e-01   7.9242220e-01   7.7347196e-01   6.4919082e-01   7.1021538e-01   6.0717681e-01   6.7939555e-01   7.5748453e-01   7.6140897e-01   6.4401676e-01   7.6681279e-01   7.4310166e-01   7.1672695e-01   0.0000000e+00   7.7077908e-01   7.8248575e-01   7.9615085e-01   6.6773098e-01   7.9375177e-01   7.0828673e-01   7.1847428e-01
   6.8554982e-01   6.6874870e-01   7.7159090e-01   7.4222118e-01   6.8278126e-01   7.6541144e-01   6.2103248e-01   6.9089052e-01   6.1811465e-01   6.9667307e-01   6.1574781e-01   6.2261335e-01   7.2397334e-01   6.7590049e-01   6.6866107e-01   6.5812026e-01   6.9445041e-01   7.9314687e-01   7.0763302e-01   7.2160884e-01   6.0544805e-01   6.9759662e-01   6.9254676e-01   7.6961972e-01   6.3893970e-01   6.5178625e-01   6.1257348e-01   6.4535822e-01   6.4742602e-01   6.9783133e-01   7.9854451e-01   6.9024024e-01   6.5615977e-01   7.9045245e-01   6.0767882e-01   7.8272524e-01   6.8198715e-01   7.2933351e-01   7.3119178e-01   7.0340935e-01   7.3424841e-01   6.3492869e-01   6.2841763e-01   6.7630439e-01   6.3510557e-01   6.1808639e-01   7.6931864e-01   7.8297080e-01   7.0583786e-01   7.1404232e-01   7.8354645e-01   6.3984245e-01   7.3376704e-01   6.0159068e-01   7.1759894e-01   7.8312525e-01   6.8142494e-01   7.5221152e-01   7.8445832e-01   7.4156235e-01   7.8878714e-01   6.9435654e-01   6.2266511e-01   7.6926415e-01   6.1747109e-01   6.3100349e-01   7.1983245e-01   7.8021983e-01   7.8995072e-01   6.5902689e-01   7.7568878e-01   6.6549600e-01   7.2809458e-01   7.0328798e-01   6.1241487e-01   6.5302161e-01   6.4410956e-01   6.1421252e-01   7.6593738e-01   6.1112640e-01   6.9966025e-01   7.8972676e-01   7.7833930e-01   7.7360867e-01   6.1304266e-01   6.6168459e-01   6.2214037e-01   7.1832339e-01   6.3337238e-01   6.5312832e-01   7.0754323e-01   7.9300444e-01   6.4993809e-01   7.8078958e-01   0.0000000e+00   7.9538275e-01   7.6510285e-01   6.3329509e-01   6.6554755e-01   7.9016592e-01   6.7703557e-01
   6.3533882e-01   7.6960473e-01   6.7361150e-01   7.7935796e-01   7.0245195e-01   6.7862950e-01   6.3711783e-01   7.4162946e-01   6.7987155e-01   6.4523169e-01   6.3664852e-01   6.1674645e-01   7.5748310e-01   6.1053086e-01   6.1842490e-01   6.9667262e-01   7.2079323e-01   6.1006751e-01   6.0523197e-01   7.0073070e-01   6.8560082e-01   7.2083115e-01   6.5589590e-01   6.5960694e-01   6.1255150e-01   7.4857845e-01   6.2608616e-01   7.3777603e-01   6.9684402e-01   7.4736255e-01   6.3319181e-01   7.7126659e-01   7.3555860e-01   6.9677271e-01   7.8430140e-01   6.7831362e-01   7.7943718e-01   7.4979880e-01   6.0380579e-01   7.5141836e-01   6.1756008e-01   6.4282584e-01   7.0337620e-01   7.8716475e-01   7.2823551e-01   6.9701252e-01   7.8263262e-01   6.7566824e-01   7.5407118e-01   6.4310822e-01   7.0480839e-01   6.7391116e-01   7.6125250e-01   6.5842746e-01   7.2486890e-01   6.8626767e-01   7.3054232e-01   7.9677598e-01   6.2209016e-01   6.5139510e-01   6.6747531e-01   7.2033634e-01   7.1798519e-01   6.6802987e-01   6.1831573e-01   6.7422973e-01   7.2920810e-01   7.8188687e-01   7.6447842e-01   6.6307975e-01   7.0632313e-01   6.8892347e-01   7.7912751e-01   7.6847504e-01   7.7531982e-01   7.5071185e-01   6.6579077e-01   6.3732788e-01   6.8771069e-01   6.7975262e-01   7.9449508e-01   6.5443044e-01   6.8290558e-01   7.1132273e-01   7.3387943e-01   6.4427537e-01   7.4729151e-01   6.3136907e-01   7.8415479e-01   6.0928091e-01   6.9959448e-01   7.6782231e-01   6.3954377e-01   6.6024127e-01   6.8458460e-01   0.0000000e+00   7.1037598e-01   6.2303300e-01   6.1665918e-01   7.0712180e-01   7.4222388e-01
   6.6614090e-01   7.5782296e-01   6.9434051e-01   7.3690348e-01   7.7043503e-01   6.8397740e-01   6.2345806e-01   7.7091017e-01   7.8219260e-01   6.0425593e-01   6.0137098e-01   7.2158474e-01   6.4979470e-01   7.7480537e-01   7.2871362e-01   7.0880113e-01   7.2965135e-01   7.5299455e-01   6.9170237e-01   6.3542948e-01   6.1732338e-01   6.4071710e-01   7.4067305e-01   7.0246310e-01   7.2324822e-01   7.0750690e-01   7.5908333e-01   6.5997298e-01   7.0570330e-01   7.4016782e-01   7.8814254e-01   7.4467604e-01   6.4428685e-01   6.9219560e-01   7.8504089e-01   6.4139731e-01   7.9376469e-01   6.0652013e-01   7.0450254e-01   6.6979992e-01   6.1329852e-01   6.4969917e-01   7.7079176e-01   7.2108220e-01   6.0035581e-01   7.6519379e-01   6.7255409e-01   7.9972748e-01   7.8316967e-01   6.8978806e-01   6.4613152e-01   7.7079329e-01   7.0833012e-01   7.3663055e-01   7.2371408e-01   6.7863544e-01   6.3879260e-01   6.7041597e-01   7.2646752e-01   7.4464500e-01   7.7571840e-01   7.3858138e-01   6.3051678e-01   6.1979473e-01   6.7814460e-01   6.8039571e-01   7.2045638e-01   7.7242185e-01   7.2444712e-01   6.3390496e-01   7.5151302e-01   6.9590534e-01   6.6752167e-01   7.9926681e-01   7.4723257e-01   6.8695541e-01   6.6465202e-01   7.4509928e-01   6.6684621e-01   7.9715197e-01   6.2488644e-01   6.1019372e-01   6.6934646e-01   7.6352946e-01   7.0493489e-01   7.9811263e-01   6.2834184e-01   7.5199390e-01   7.7604260e-01   6.1372660e-01   6.0261841e-01   6.7017506e-01   7.0529721e-01   7.5727260e-01   6.4051918e-01   6.2277084e-01   0.0000000e+00   6.9305298e-01   7.9559975e-01   7.5151539e-01   6.2837475e-01
   6.6356047e-01   7.5907397e-01   7.6387604e-01   6.2526813e-01   6.9268290e-01   7.3427593e-01   6.3381402e-01   7.9630935e-01   6.3388988e-01   6.3839499e-01   7.3290667e-01   6.6259706e-01   7.3486352e-01   7.1743672e-01   7.2487274e-01   7.1759448e-01   7.9579129e-01   6.7164207e-01   7.6027073e-01   7.8303541e-01   7.5897728e-01   6.7575226e-01   7.8811197e-01   6.1382714e-01   6.5938412e-01   7.1200286e-01   6.4843039e-01   7.7381623e-01   7.2517155e-01   7.3016235e-01   7.2335711e-01   6.4828430e-01   6.9677302e-01   6.2227329e-01   7.6404269e-01   7.7526240e-01   6.5529911e-01   6.8173868e-01   7.8684964e-01   7.3038286e-01   6.5909537e-01   7.7267760e-01   6.0346643e-01   7.7711070e-01   7.0528982e-01   7.7668548e-01   7.3069485e-01   7.5656681e-01   6.2066155e-01   6.8650965e-01   6.9623973e-01   6.8989980e-01   6.4442727e-01   7.7695495e-01   6.3877928e-01   6.3334671e-01   7.3347311e-01   7.6017702e-01   7.3110760e-01   7.1188378e-01   7.4142854e-01   6.2673026e-01   6.2921537e-01   6.7026093e-01   7.8782976e-01   7.5295635e-01   6.3909435e-01   6.9925366e-01   7.2323925e-01   7.9619937e-01   7.3563906e-01   7.4704614e-01   6.0342641e-01   6.0205962e-01   7.0787703e-01   7.0380047e-01   7.4649142e-01   7.6914639e-01   6.3781911e-01   6.5808471e-01   6.9995238e-01   6.9974075e-01   6.3790710e-01   6.1164529e-01   6.0013144e-01   6.2647038e-01   6.4053717e-01   7.3312117e-01   6.8975983e-01   6.0996174e-01   7.0362581e-01   6.5967590e-01   7.1354970e-01   7.9316633e-01   6.3893343e-01   6.9940873e-01   6.0723775e-01   0.0000000e+00   7.0961285e-01   7.1803309e-01   6.4571469e-01
   6.6338114e-01   7.1936113e-01   7.2638891e-01   6.2848166e-01   6.6756911e-01   6.7049614e-01   6.2953611e-01   7.8676188e-01   6.5720713e-01   7.5111100e-01   7.0543094e-01   7.1318236e-01   6.6130690e-01   6.0918513e-01   6.8808817e-01   6.1664713e-01   6.5789222e-01   6.0545972e-01   7.2960079e-01   6.7195569e-01   7.6315753e-01   6.1369991e-01   7.6321474e-01   6.4314067e-01   6.3968294e-01   6.0521721e-01   7.2005502e-01   7.8131585e-01   6.1391258e-01   7.7858385e-01   7.4112379e-01   7.7471234e-01   7.4870947e-01   7.5110184e-01   7.4109899e-01   6.1849382e-01   6.4196324e-01   6.6632404e-01   7.0403731e-01   7.8940577e-01   7.1153448e-01   7.0505883e-01   7.6606591e-01   7.0838236e-01   6.5370454e-01   6.1995263e-01   7.6711533e-01   7.5547407e-01   7.3452349e-01   6.9074334e-01   6.0132879e-01   7.0695037e-01   6.6283035e-01   7.4137776e-01   7.5792718e-01   7.7485954e-01   6.1039896e-01   6.7668372e-01   7.0712398e-01   6.6707003e-01   7.8827175e-01   7.2823678e-01   7.2799374e-01   7.1953408e-01   7.7833324e-01   6.6702432e-01   6.8957279e-01   7.4842026e-01   6.1094473e-01   7.1713058e-01   7.6017640e-01   6.0301374e-01   6.0090064e-01   7.9442508e-01   6.7245042e-01   6.5688638e-01   6.5929917e-01   7.0809912e-01   6.6573558e-01   6.8350615e-01   6.5839732e-01   7.8560943e-01   7.2656227e-01   6.7243210e-01   6.7361509e-01   7.5904143e-01   7.5977677e-01   6.4939759e-01   7.8747541e-01   7.2618747e-01   6.5287331e-01   6.9470600e-01   7.2086422e-01   6.4765805e-01   7.3531174e-01   7.9238890e-01   7.3269735e-01   7.1046675e-01   0.0000000e+00   7.5456857e-01   6.2573478e-01
   7.0364678e-01   6.5389125e-01   6.2940937e-01   7.5910064e-01   7.0980484e-01   6.3869977e-01   6.6864432e-01   6.2756407e-01   7.0317945e-01   6.5184725e-01   6.7807646e-01   7.9954127e-01   6.5818697e-01   6.4940294e-01   7.0379041e-01   6.8007761e-01   6.2043196e-01   6.1316570e-01   6.7029614e-01   7.8655838e-01   6.1950276e-01   7.9555910e-01   7.7087284e-01   6.5598072e-01   7.9448186e-01   7.4906201e-01   7.2849612e-01   7.9558110e-01   6.8334800e-01   6.1150042e-01   7.2983583e-01   7.7892204e-01   7.9876820e-01   6.4079619e-01   7.2111468e-01   7.1122421e-01   6.7426199e-01   6.3616269e-01   7.9246403e-01   6.7714645e-01   7.9077975e-01   6.2072792e-01   6.4846803e-01   7.4702442e-01   7.0218308e-01   7.4343978e-01   6.8905052e-01   6.8392845e-01   6.6448775e-01   7.7887995e-01   7.7757001e-01   7.6852643e-01   7.2071234e-01   6.2031864e-01   7.0662910e-01   6.2387024e-01   6.3238012e-01   6.7233246e-01   7.4618473e-01   6.8058497e-01   7.8299686e-01   6.7758302e-01   6.7168198e-01   6.2682403e-01   7.5112684e-01   7.4201953e-01   7.6694545e-01   6.6526549e-01   6.9845909e-01   7.0921559e-01   6.2934354e-01   6.1412757e-01   6.8767947e-01   7.9197440e-01   7.2366825e-01   6.7875446e-01   7.9869204e-01   6.1141950e-01   6.4369145e-01   7.8973674e-01   7.2775560e-01   7.3177799e-01   7.0150358e-01   6.7065702e-01   7.4820182e-01   7.3623700e-01   7.5757816e-01   6.3105107e-01   7.2194923e-01   6.2209894e-01   6.3380192e-01   6.7097906e-01   6.9682131e-01   7.6610367e-01   7.4462393e-01   7.2122744e-01   7.8573687e-01   7.4694526e-01   6.2512018e-01   0.0000000e+00   7.6195108e-01
   7.6094143e-01   7.9032349e-01   7.9413344e-01   6.0586050e-01   7.1660040e-01   6.8188272e-01   7.9318536e-01   6.2741199e-01   7.3931181e-01   6.6786622e-01   6.9194183e-01   7.4686450e-01   7.0336122e-01   7.0961197e-01   7.1227720e-01   6.8020603e-01   7.7152526e-01   6.2317975e-01   6.7784834e-01   7.2509815e-01   6.4445256e-01   6.1766042e-01   7.7492790e-01   7.9860266e-01   7.8719344e-01   7.9921133e-01   7.3348161e-01   7.0125925e-01   7.9223625e-01   6.9153843e-01   6.0524341e-01   7.3583081e-01   6.8187142e-01   6.8028578e-01   6.3598270e-01   6.3225532e-01   7.3720485e-01   7.9969300e-01   7.8514024e-01   7.6199389e-01   6.0625833e-01   7.6687886e-01   7.0709963e-01   7.2898292e-01   6.8671051e-01   7.4289956e-01   6.6189052e-01   7.9776356e-01   7.9406765e-01   7.8002988e-01   7.3868606e-01   6.4456355e-01   6.3181114e-01   6.8758989e-01   7.6594725e-01   7.0333128e-01   6.7674388e-01   7.8888666e-01   7.4302480e-01   7.6279663e-01   7.9358353e-01   6.4496285e-01   6.4455300e-01   6.8679089e-01   6.9141344e-01   7.5261468e-01   6.1354565e-01   6.1151355e-01   6.6446322e-01   7.7651133e-01   6.2291054e-01   7.3953218e-01   7.4088143e-01   7.6255277e-01   6.6228096e-01   6.2480986e-01   6.7735265e-01   7.3906581e-01   6.5243648e-01   7.3224769e-01   7.7008189e-01   6.4610577e-01   7.1432459e-01   6.2130222e-01   6.7045841e-01   6.6369606e-01   6.5164576e-01   6.5392360e-01   6.9990472e-01   6.0223535e-01   6.7736961e-01   6.4695484e-01   6.0234281e-01   7.3092363e-01   7.5120396e-01   6.6607630e-01   7.7412187e-01   7.1566483e-01   6.5924076e-01   6.8134342e-01   0.0000000e+00
