   0.0000000e+00   8.0148428e-01   9.5236071e-01   9.9072560e-01   8.6994611e-01   8.3732805e-01   9.5515819e-01   8.3030651e-01   8.7037565e-01   8.2166582e-01   9.2555486e-01   8.3953132e-01   9.3904587e-01   8.0651098e-01   9.4321446e-01   9.6652662e-01   8.9927601e-01   9.0758330e-01   9.6703419e-01   8.5558184e-01   8.6599230e-01   9.0615773e-01   8.8345131e-01   8.8103558e-01   8.2779990e-01   8.9604709e-01   8.0699439e-01   8.3642665e-01   9.4162500e-01   8.1835873e-01   8.8610442e-01   9.4357403e-01   9.8046665e-01   9.3884248e-01   8.6323963e-01   9.3560963e-01   9.2431420e-01   8.8023198e-01   8.7159154e-01   9.4324166e-01   9.3350945e-01   8.8556725e-01   8.6322241e-01   9.0937554e-01   8.2659540e-01   8.0173134e-01   9.6061049e-01   8.9340381e-01   9.5788586e-01   8.8235111e-01   8.8577315e-01   9.6693208e-01   9.3690901e-01   8.3230534e-01   9.5960707e-01   9.3812622e-01   9.2773573e-01   8.4919552e-01   8.0619268e-01   9.1702313e-01   9.1148025e-01   8.4341359e-01   8.3624831e-01   9.2415045e-01   8.7375466e-01   8.3782338e-01   8.6091740e-01   8.5703665e-01   8.3215787e-01   8.4149191e-01   9.6462539e-01   8.0646593e-01   9.1618005e-01   8.5865321e-01   9.1344294e-01   9.4999917e-01   8.2686708e-01   8.0547450e-01   8.3704997e-01   8.5881864e-01   8.0870372e-01   8.3357793e-01   8.9143911e-01   9.9205401e-01   8.4544994e-01   8.2767221e-01   8.1023184e-01   9.8717275e-01   9.9475557e-01   8.1407356e-01   9.0043026e-01   8.7561626e-01   8.6644597e-01   9.5853549e-01   9.5517488e-01   9.7234643e-01   9.8542747e-01   9.0422003e-01   9.5515170e-01   8.0348806e-01   8.9172609e-01
   8.4811304e-01   0.0000000e+00   8.2374204e-01   8.7839136e-01   8.0138383e-01   8.3924658e-01   8.1304158e-01   9.0441444e-01   8.5535944e-01   8.6776138e-01   8.2275778e-01   9.6190764e-01   9.2118427e-01   8.1309914e-01   8.9718501e-01   9.1039903e-01   9.7220536e-01   8.1057263e-01   8.2862870e-01   9.7808512e-01   8.2620494e-01   9.4563727e-01   8.0863600e-01   9.4441502e-01   9.0127938e-01   8.7851497e-01   9.7861237e-01   9.1812577e-01   8.6984751e-01   9.1678079e-01   8.7378184e-01   9.4796998e-01   8.1438999e-01   9.7800964e-01   8.5364516e-01   9.9983232e-01   9.0036880e-01   9.4271915e-01   9.2790537e-01   9.9169972e-01   9.3395284e-01   8.6541462e-01   8.9549910e-01   9.6010563e-01   8.0642519e-01   8.8432372e-01   8.2151319e-01   9.2374156e-01   9.0988879e-01   9.0754180e-01   9.2551311e-01   9.3125303e-01   8.3655408e-01   9.1214641e-01   9.7971158e-01   9.1736040e-01   8.9353118e-01   8.7029461e-01   9.7132222e-01   9.3264785e-01   9.8125899e-01   8.1545896e-01   8.4247966e-01   8.0032090e-01   9.0293362e-01   9.0895934e-01   9.2222723e-01   9.6423936e-01   9.5951018e-01   9.0352290e-01   8.5942426e-01   8.8331303e-01   9.4880993e-01   9.3423182e-01   9.6651793e-01   9.0316195e-01   8.5656814e-01   8.2504249e-01   9.8774427e-01   9.7059378e-01   8.4151049e-01   8.9250870e-01   9.7817071e-01   9.0478059e-01   9.5771540e-01   9.3990601e-01   8.0843866e-01   8.6177753e-01   9.5416809e-01   8.2548399e-01   8.2941641e-01   8.8436251e-01   8.3237953e-01   8.5358981e-01   8.5963089e-01   8.1705597e-01   8.5800912e-01   8.7594206e-01   8.5774463e-01   9.6589875e-01   9.0998872e-01
   8.3029256e-01   8.3150501e-01   0.0000000e+00   9.1197948e-01   9.2032023e-01   8.3415796e-01   8.8571207e-01   8.2828123e-01   8.8633335e-01   9.5079477e-01   8.5302902e-01   8.6659103e-01   8.5198284e-01   9.7398414e-01   8.7830512e-01   9.9891590e-01   9.1101460e-01   8.1782084e-01   9.1180964e-01   8.6864128e-01   8.6149725e-01   8.1936381e-01   9.0249815e-01   9.8162045e-01   8.5720410e-01   8.7277293e-01   9.9430875e-01   9.4350694e-01   8.4739766e-01   9.6663523e-01   9.8078392e-01   9.8086989e-01   8.9849727e-01   9.2580584e-01   9.5342154e-01   9.5090065e-01   9.4251481e-01   9.9660183e-01   9.0978310e-01   8.2020050e-01   9.2355383e-01   9.7799208e-01   8.8872913e-01   8.0775905e-01   9.2105849e-01   9.8140678e-01   9.7232245e-01   9.6190896e-01   8.9642874e-01   8.9469346e-01   8.3258917e-01   8.4867147e-01   8.0680005e-01   8.9751672e-01   8.9898360e-01   9.1556820e-01   8.9584627e-01   8.3808686e-01   9.4628632e-01   9.6781517e-01   9.8186640e-01   8.4000923e-01   9.3327282e-01   9.3779515e-01   9.5471352e-01   8.0603821e-01   8.6624316e-01   9.5708616e-01   8.8200076e-01   9.8471021e-01   8.8677837e-01   8.7081317e-01   8.5268992e-01   8.1155163e-01   8.4854301e-01   9.5768906e-01   9.1849497e-01   8.5303243e-01   8.3887931e-01   8.5301688e-01   8.6759037e-01   9.4874811e-01   9.0696368e-01   8.7215653e-01   9.8560485e-01   8.7221972e-01   8.2615496e-01   9.7906733e-01   9.8357062e-01   9.4969374e-01   8.8171007e-01   8.6698859e-01   8.8637958e-01   9.9756978e-01   8.1896485e-01   8.3407931e-01   9.5457061e-01   9.4068497e-01   9.8115288e-01   8.0688269e-01   8.6619234e-01
   8.4641724e-01   8.8818942e-01   9.7980164e-01   0.0000000e+00   9.9380685e-01   8.5663018e-01   9.8870591e-01   8.8414543e-01   8.5148814e-01   8.0557720e-01   8.2511789e-01   9.2572632e-01   9.2878293e-01   9.7365522e-01   9.6032412e-01   8.7328650e-01   8.8983157e-01   9.6930500e-01   8.5663310e-01   8.3341341e-01   8.9258625e-01   8.9959186e-01   8.8725655e-01   9.5871233e-01   9.3720442e-01   8.0064623e-01   8.9181544e-01   9.5132484e-01   9.6016369e-01   8.0233930e-01   9.9564129e-01   9.2824901e-01   9.0788229e-01   8.4996907e-01   9.2591583e-01   9.6567532e-01   9.6484319e-01   8.3229055e-01   8.0687441e-01   9.0640023e-01   8.1044548e-01   9.6584195e-01   9.1245145e-01   9.7153582e-01   8.8118873e-01   8.3898671e-01   8.8201765e-01   8.8426116e-01   9.3411662e-01   9.5809493e-01   8.6254466e-01   9.5532229e-01   8.1218415e-01   8.6417708e-01   9.8060957e-01   9.0697186e-01   9.6557516e-01   9.4752768e-01   8.4016711e-01   8.3073418e-01   9.0930560e-01   8.5157519e-01   9.5403043e-01   8.3026404e-01   9.6826243e-01   9.6360160e-01   9.6168004e-01   8.3218441e-01   9.3764157e-01   8.5262102e-01   8.3771178e-01   8.9317741e-01   8.1781963e-01   9.6252863e-01   9.8702681e-01   9.5859787e-01   8.0950551e-01   8.7820473e-01   9.9035611e-01   9.3266282e-01   9.6014893e-01   8.0033955e-01   8.9816974e-01   8.2856990e-01   8.6580900e-01   8.3392050e-01   9.0698926e-01   9.9501668e-01   9.3404772e-01   9.2605728e-01   8.0139949e-01   9.7352541e-01   9.5289040e-01   9.5765954e-01   8.6427316e-01   8.7170710e-01   8.6085395e-01   8.6061627e-01   8.6440388e-01   9.8082645e-01   9.1085890e-01
   8.6498520e-01   9.2875413e-01   9.6295901e-01   9.4683256e-01   0.0000000e+00   9.1758107e-01   8.2244379e-01   8.4138564e-01   8.0312549e-01   9.0217063e-01   9.6692492e-01   9.7292073e-01   8.4553578e-01   8.5303588e-01   8.9093592e-01   9.1354493e-01   8.1512072e-01   8.3901685e-01   9.6931085e-01   8.0017791e-01   8.7962299e-01   8.8220396e-01   8.8714160e-01   8.6187770e-01   9.8244346e-01   8.2739175e-01   9.3239333e-01   9.4604377e-01   8.3130825e-01   9.9312684e-01   9.6914493e-01   9.0344242e-01   8.2938688e-01   9.7165670e-01   9.6810978e-01   8.7379236e-01   9.2378173e-01   8.1019270e-01   9.3108028e-01   9.2786488e-01   8.5222952e-01   8.9440086e-01   8.3346187e-01   9.0785812e-01   9.9322717e-01   9.4742213e-01   9.1344788e-01   9.9657073e-01   9.6677938e-01   8.1227217e-01   8.0783611e-01   9.3607139e-01   9.8393410e-01   8.0524631e-01   8.6564346e-01   8.9797694e-01   9.7566189e-01   9.6294265e-01   8.7250739e-01   9.0750251e-01   8.4797543e-01   8.8983480e-01   8.5094545e-01   8.2644706e-01   9.3672932e-01   8.4639069e-01   9.8325881e-01   9.2372066e-01   9.2795824e-01   8.1189656e-01   9.7721054e-01   9.5267464e-01   9.5688020e-01   9.7895624e-01   8.2188568e-01   9.5463563e-01   9.4144151e-01   8.8097337e-01   8.2614241e-01   8.2018331e-01   8.9269209e-01   9.5406374e-01   9.9830423e-01   8.4533490e-01   8.2895494e-01   8.9179959e-01   8.9041724e-01   8.5937073e-01   8.4485321e-01   8.9182233e-01   8.1900096e-01   9.3728569e-01   8.8162676e-01   8.7503089e-01   8.5244116e-01   9.0798165e-01   9.7590542e-01   8.2188706e-01   9.9763216e-01   9.3563541e-01   8.0404121e-01
   9.6084402e-01   8.1840327e-01   9.5448974e-01   8.0436340e-01   8.5332466e-01   0.0000000e+00   9.0894536e-01   9.0431218e-01   9.4575662e-01   9.0862281e-01   8.8576615e-01   8.5381185e-01   9.9559106e-01   8.9581366e-01   8.7767377e-01   8.3890004e-01   9.9691204e-01   8.0247672e-01   8.2803479e-01   9.7178839e-01   9.2620567e-01   8.5330656e-01   8.4887264e-01   8.2803909e-01   8.2274699e-01   8.9319024e-01   9.5664237e-01   9.8299790e-01   8.0702463e-01   8.5886603e-01   9.3781367e-01   9.7546458e-01   8.4494467e-01   8.0514253e-01   9.8405824e-01   8.4752955e-01   9.4550545e-01   9.0078903e-01   9.1312692e-01   9.6736565e-01   9.4429596e-01   9.2834143e-01   9.2324792e-01   8.6290057e-01   9.9546355e-01   9.6432676e-01   9.7636696e-01   9.2794064e-01   9.5872374e-01   8.9480009e-01   8.8490133e-01   8.8516256e-01   8.2295975e-01   8.3175641e-01   9.9713026e-01   9.0805228e-01   8.1491064e-01   8.8432602e-01   9.6030175e-01   9.4439234e-01   8.7290432e-01   9.4400636e-01   9.6795545e-01   8.4050369e-01   9.2581513e-01   8.4350481e-01   8.1170119e-01   9.9278004e-01   8.4441353e-01   8.3391177e-01   8.1512593e-01   9.6020408e-01   9.3703105e-01   9.3444432e-01   9.8560694e-01   9.6136585e-01   8.7762748e-01   8.2827443e-01   9.0811240e-01   8.3137752e-01   9.3229943e-01   9.6355345e-01   8.3559978e-01   9.2749956e-01   9.1957813e-01   9.1875083e-01   8.9763566e-01   8.4863775e-01   8.8040469e-01   9.1171028e-01   9.9862487e-01   9.7515243e-01   8.9266576e-01   9.4921307e-01   8.6093113e-01   8.4242166e-01   8.4993035e-01   8.7626655e-01   9.0809645e-01   9.1532801e-01   9.0844579e-01
   8.6873567e-01   8.4876768e-01   8.7652987e-01   9.8632451e-01   8.8006318e-01   9.9525528e-01   0.0000000e+00   8.8237452e-01   9.3082015e-01   8.5316679e-01   9.8163906e-01   8.7229140e-01   9.6099015e-01   9.9842541e-01   9.3936391e-01   8.1677141e-01   9.0466003e-01   8.7494995e-01   8.3091586e-01   9.5395418e-01   9.4479195e-01   9.6544678e-01   9.7318293e-01   8.8254518e-01   9.7271919e-01   9.3489533e-01   8.3753270e-01   9.8196256e-01   8.0414134e-01   8.6854138e-01   9.6532773e-01   9.3110417e-01   8.2959629e-01   9.6551913e-01   8.2631482e-01   9.5519196e-01   8.4994206e-01   8.4851087e-01   8.2855192e-01   8.0136729e-01   9.8598232e-01   8.9671295e-01   9.9203768e-01   8.6460822e-01   9.1843388e-01   8.9581675e-01   9.8314872e-01   8.4783511e-01   8.0108380e-01   8.9242553e-01   9.4582406e-01   8.4266894e-01   9.4587057e-01   9.9179825e-01   9.8487830e-01   8.3501820e-01   8.6252029e-01   8.4203201e-01   9.8956918e-01   8.5320402e-01   9.5109745e-01   8.2510022e-01   9.9918240e-01   9.4249985e-01   8.5045449e-01   9.0056684e-01   8.6138766e-01   9.8434813e-01   8.2128331e-01   8.9640635e-01   8.9457574e-01   8.2972123e-01   9.8276241e-01   9.7066494e-01   9.0740104e-01   9.7428944e-01   8.3873943e-01   8.8831702e-01   8.7292517e-01   8.9605584e-01   9.6800632e-01   9.2163551e-01   8.4414154e-01   9.8355855e-01   8.4677626e-01   8.3045956e-01   9.4951970e-01   8.6568448e-01   8.3538720e-01   8.7477311e-01   8.6354010e-01   9.6389361e-01   9.7984840e-01   8.2593892e-01   8.9967898e-01   8.4488826e-01   8.5991063e-01   9.6330902e-01   9.2248545e-01   9.0859949e-01   8.9299759e-01
   8.1566126e-01   8.7080235e-01   9.7432893e-01   9.3211895e-01   9.6402055e-01   8.3994817e-01   8.0362649e-01   0.0000000e+00   9.9988593e-01   8.2404321e-01   8.8420787e-01   8.0111573e-01   8.2788263e-01   8.7920427e-01   8.9261795e-01   9.0776883e-01   9.2411872e-01   9.9816874e-01   8.4597939e-01   8.6390589e-01   8.4657524e-01   8.8387961e-01   8.2351330e-01   8.8380389e-01   8.7207336e-01   8.0578020e-01   9.9040767e-01   9.1545745e-01   8.8677967e-01   9.2976537e-01   8.5718515e-01   9.7851707e-01   9.9639837e-01   9.2359161e-01   8.2395656e-01   8.0846059e-01   9.5024414e-01   8.3282618e-01   9.8833170e-01   9.9163284e-01   9.4204954e-01   8.7835055e-01   8.4445700e-01   8.2037783e-01   9.4682548e-01   9.4972682e-01   9.4640847e-01   9.4735623e-01   8.1353869e-01   8.6160796e-01   9.6136823e-01   9.6985263e-01   8.4789549e-01   9.4536166e-01   9.8801054e-01   9.8468864e-01   9.1765460e-01   8.4485137e-01   8.6422402e-01   9.4216507e-01   9.9579959e-01   8.2489493e-01   8.8084024e-01   8.9099866e-01   8.8324778e-01   8.7624736e-01   9.7386796e-01   9.5538374e-01   9.0693540e-01   9.2785199e-01   8.1379776e-01   9.1580259e-01   9.1610457e-01   9.4062198e-01   8.0934423e-01   9.7399448e-01   8.2712792e-01   8.2254558e-01   8.7839078e-01   9.0885148e-01   9.7096681e-01   8.2082611e-01   9.4255971e-01   9.5518647e-01   8.4115362e-01   8.3768114e-01   8.2545770e-01   9.4497981e-01   9.1003384e-01   9.3369224e-01   8.9690333e-01   8.1595330e-01   8.6716306e-01   9.6252900e-01   9.0002319e-01   9.5400750e-01   8.4791170e-01   9.4075129e-01   9.9102234e-01   8.1861033e-01   9.6765613e-01
   8.3161107e-01   8.0266608e-01   8.4020562e-01   8.5594004e-01   8.2376735e-01   9.2352901e-01   8.2909805e-01   9.8143497e-01   0.0000000e+00   9.9353114e-01   9.9903707e-01   8.6583419e-01   9.4960828e-01   8.5421439e-01   9.5117107e-01   9.3845546e-01   9.3913258e-01   8.6288381e-01   8.9323641e-01   9.2338389e-01   8.1706689e-01   9.7261711e-01   9.5861344e-01   8.5416560e-01   9.0765457e-01   9.4522056e-01   8.5009148e-01   9.0929326e-01   8.1490903e-01   9.6358516e-01   8.1083857e-01   8.5003108e-01   9.1929370e-01   9.1836621e-01   8.3459734e-01   9.9202867e-01   8.3503303e-01   9.8743895e-01   8.5488564e-01   8.4906041e-01   9.2929322e-01   8.2713722e-01   8.8296455e-01   8.9694276e-01   9.2293513e-01   9.2985125e-01   9.7196081e-01   9.9766819e-01   9.0650876e-01   9.4227289e-01   8.3919863e-01   8.6945483e-01   8.9608224e-01   9.8717747e-01   8.2475931e-01   9.5099334e-01   9.8890305e-01   9.9524665e-01   9.7297776e-01   9.0739839e-01   8.9293541e-01   8.0390490e-01   9.8536923e-01   9.0244058e-01   8.1164830e-01   8.3621252e-01   8.8544079e-01   8.3855808e-01   8.7114034e-01   9.4106314e-01   8.2150777e-01   8.0335335e-01   9.0558654e-01   8.6649203e-01   8.0003732e-01   8.6516866e-01   8.4767253e-01   8.0512287e-01   8.7512462e-01   8.3977065e-01   8.9435551e-01   8.2903458e-01   9.0235578e-01   8.4153762e-01   8.4199643e-01   9.5466783e-01   8.5866563e-01   8.8473582e-01   8.3458549e-01   8.4271259e-01   8.2254481e-01   9.8168383e-01   9.8876132e-01   9.7016384e-01   8.3767776e-01   9.7922596e-01   8.8877827e-01   8.3272051e-01   9.9410368e-01   8.9017788e-01   9.0531728e-01
   8.1007884e-01   9.4686253e-01   8.6625701e-01   8.6848843e-01   8.3114978e-01   9.5042321e-01   9.0167818e-01   8.7191761e-01   8.6685923e-01   0.0000000e+00   8.6723640e-01   9.4698256e-01   9.3628457e-01   8.6454382e-01   9.0200693e-01   8.1340029e-01   9.9945228e-01   8.4224671e-01   8.9606282e-01   8.7076822e-01   9.6834018e-01   8.0582006e-01   8.4939577e-01   8.6861841e-01   9.6472758e-01   9.0105464e-01   8.4805006e-01   9.2086925e-01   8.8674335e-01   9.8355997e-01   8.4298064e-01   8.4920831e-01   9.9214227e-01   8.9000784e-01   9.6401927e-01   9.3665653e-01   9.1656312e-01   9.0953042e-01   9.8828358e-01   9.8915330e-01   9.8106172e-01   8.5017167e-01   9.4237010e-01   9.4060083e-01   8.6744401e-01   8.2443014e-01   9.6068099e-01   8.4834005e-01   9.4454202e-01   8.3839731e-01   9.1122574e-01   9.0019621e-01   9.7863039e-01   9.7790716e-01   8.9465427e-01   9.5930616e-01   9.0019390e-01   9.2636295e-01   9.4390818e-01   9.2078470e-01   9.6847708e-01   9.2284583e-01   8.0535898e-01   8.6443173e-01   9.8592191e-01   9.0815945e-01   8.6903537e-01   9.8238633e-01   8.5268980e-01   9.0955768e-01   8.8757077e-01   9.9645946e-01   8.3299397e-01   9.9442610e-01   9.4789908e-01   9.8984261e-01   9.6128576e-01   9.7442453e-01   9.4014027e-01   9.6481417e-01   8.3137855e-01   8.9616046e-01   9.2045394e-01   9.5657854e-01   9.4157845e-01   9.7281725e-01   9.3938330e-01   8.1735222e-01   9.2457964e-01   9.2425249e-01   9.4426411e-01   8.3125369e-01   9.1728764e-01   8.6127680e-01   8.0222198e-01   8.0382973e-01   8.4346114e-01   9.5284538e-01   8.0896866e-01   9.8970151e-01   8.1024141e-01
   9.2639275e-01   8.1639716e-01   8.1949151e-01   9.5421361e-01   9.5577799e-01   8.1904166e-01   9.4957178e-01   9.9900777e-01   9.0311066e-01   9.9551916e-01   0.0000000e+00   8.7075647e-01   8.3616247e-01   8.8617590e-01   9.6164537e-01   8.0878446e-01   9.4447205e-01   9.2493647e-01   9.4514186e-01   8.8844999e-01   9.9042242e-01   9.1971389e-01   9.6004761e-01   9.4947896e-01   8.3451872e-01   9.7021364e-01   9.8914399e-01   9.4833720e-01   8.3992101e-01   8.0727406e-01   9.3675618e-01   8.8951977e-01   9.1073080e-01   8.0314070e-01   8.0551733e-01   8.5227059e-01   8.2538171e-01   9.5402109e-01   8.2015509e-01   9.2161276e-01   8.3302703e-01   8.7577969e-01   9.8816314e-01   8.2066953e-01   9.9348464e-01   8.1660665e-01   8.5454321e-01   9.2046845e-01   9.7794929e-01   8.7475534e-01   9.9920063e-01   9.6229433e-01   8.0496663e-01   9.6204957e-01   9.3450211e-01   9.9261916e-01   9.2773269e-01   8.8701514e-01   8.6353984e-01   9.7243411e-01   8.8800752e-01   8.4592291e-01   9.8785753e-01   9.7564846e-01   9.6083749e-01   8.3995385e-01   9.0702014e-01   9.5725433e-01   9.3859440e-01   8.0013242e-01   9.4109519e-01   9.6904006e-01   9.4996680e-01   9.5677898e-01   8.2499812e-01   9.9550816e-01   9.5785764e-01   8.6077703e-01   8.6063092e-01   9.4367588e-01   9.2465016e-01   8.8530213e-01   9.2911377e-01   8.6578467e-01   9.7389605e-01   8.4473076e-01   9.9103917e-01   8.2357088e-01   9.0605116e-01   9.6718578e-01   9.1831112e-01   9.6233936e-01   8.3850163e-01   9.5552179e-01   9.6854112e-01   9.6473264e-01   8.9390152e-01   9.8511390e-01   8.5416130e-01   8.7148385e-01   8.8460881e-01
   8.6361547e-01   8.0016232e-01   8.9955932e-01   9.6594325e-01   8.7026253e-01   9.2378909e-01   8.9292496e-01   9.6992622e-01   8.2035501e-01   9.2721146e-01   9.0081994e-01   0.0000000e+00   8.4435006e-01   9.7893025e-01   9.7099941e-01   8.2935767e-01   9.6027590e-01   9.9968434e-01   9.6444397e-01   9.9199088e-01   9.1042212e-01   8.5619718e-01   9.6404688e-01   8.2651959e-01   8.2768069e-01   9.2200425e-01   8.2557176e-01   9.8441183e-01   9.1211862e-01   9.5451481e-01   9.0842769e-01   8.5908643e-01   8.6715151e-01   9.0188748e-01   9.8200870e-01   9.6261968e-01   8.9835543e-01   8.6324891e-01   8.8981601e-01   8.5791395e-01   9.9042230e-01   8.5077690e-01   8.5905251e-01   8.2880951e-01   9.1065545e-01   9.2672237e-01   9.2630428e-01   9.6844150e-01   8.2837755e-01   8.5182522e-01   9.5048324e-01   9.8159103e-01   9.4726979e-01   8.4733940e-01   9.2665864e-01   9.6393605e-01   8.4733753e-01   8.6529906e-01   8.3958130e-01   9.9975363e-01   8.1871684e-01   8.4392726e-01   9.4515027e-01   9.2476263e-01   8.8630809e-01   8.0114079e-01   8.1724054e-01   8.5129128e-01   9.7987762e-01   8.9672047e-01   8.5181316e-01   9.7340324e-01   8.0956522e-01   9.9619202e-01   9.0604508e-01   9.0105282e-01   9.9626713e-01   9.3625809e-01   9.3821294e-01   8.7518524e-01   9.8520243e-01   8.4723531e-01   8.8679160e-01   9.6458998e-01   8.6021949e-01   9.7560769e-01   9.9759656e-01   9.8702668e-01   9.7307242e-01   8.6009258e-01   9.5554566e-01   9.3505649e-01   8.1294890e-01   9.7113736e-01   9.9001690e-01   9.1789801e-01   9.0569792e-01   8.4232263e-01   9.1686429e-01   9.6874216e-01   9.8458351e-01
   9.8056288e-01   8.5226075e-01   9.3006923e-01   8.1885099e-01   8.6707674e-01   9.9832807e-01   8.0877158e-01   9.1956283e-01   9.8230976e-01   8.5931483e-01   8.3819249e-01   9.0456803e-01   0.0000000e+00   8.2390608e-01   8.9547759e-01   9.6621902e-01   9.4672988e-01   8.3425049e-01   8.1414738e-01   8.0504944e-01   9.7961543e-01   8.3187013e-01   9.6894269e-01   9.6609345e-01   9.3257164e-01   9.6345345e-01   8.3415506e-01   9.0927406e-01   9.7155260e-01   8.1409228e-01   9.5773105e-01   9.3202091e-01   9.1237016e-01   9.3797880e-01   9.8790223e-01   8.6715633e-01   9.4306623e-01   9.8436334e-01   9.7703387e-01   8.9129526e-01   8.9679561e-01   9.8522636e-01   9.2248145e-01   9.9427815e-01   9.7740659e-01   9.9198744e-01   8.0694991e-01   9.0204773e-01   8.5964365e-01   9.0998869e-01   9.8412165e-01   8.6798954e-01   8.4126976e-01   9.3944327e-01   8.8549761e-01   8.6740392e-01   8.3234533e-01   9.7733781e-01   9.0776536e-01   8.1001438e-01   8.4779220e-01   9.3098655e-01   9.9961717e-01   9.2471596e-01   9.9851141e-01   9.9709644e-01   9.5629351e-01   8.8589209e-01   8.3729464e-01   9.9354200e-01   8.6165408e-01   8.3826066e-01   8.3889510e-01   9.8959289e-01   8.3257142e-01   8.5940880e-01   9.0249270e-01   9.3447288e-01   9.8517481e-01   8.5554529e-01   9.1609349e-01   8.0566371e-01   8.9579461e-01   8.8074862e-01   8.3398861e-01   8.9082825e-01   9.8722471e-01   9.7904124e-01   9.5924419e-01   9.9480249e-01   8.8627095e-01   8.6441900e-01   8.8206044e-01   9.7939674e-01   9.4258921e-01   9.9657493e-01   8.2259218e-01   8.4119668e-01   9.9698454e-01   9.1637455e-01   8.5549466e-01
   8.4460902e-01   8.5538695e-01   8.7018854e-01   9.0601476e-01   9.4026385e-01   8.1095171e-01   8.1238671e-01   8.7249368e-01   8.5442973e-01   9.2174797e-01   9.2861428e-01   8.2208649e-01   9.7039464e-01   0.0000000e+00   9.0392269e-01   8.7325587e-01   9.7326537e-01   8.1788614e-01   9.1901944e-01   8.2865512e-01   8.5666011e-01   9.8625698e-01   9.2374960e-01   8.3846178e-01   8.5239805e-01   9.2909100e-01   8.7801887e-01   8.4662105e-01   9.3320849e-01   8.0222116e-01   9.4167565e-01   8.0832749e-01   8.1007047e-01   8.2070969e-01   8.7202699e-01   9.3139962e-01   9.7966817e-01   9.7371914e-01   8.2607873e-01   8.8360532e-01   9.1665229e-01   8.2728592e-01   9.3781101e-01   8.1452201e-01   8.6792082e-01   9.3635689e-01   8.2797423e-01   9.5331260e-01   8.1212803e-01   9.9590339e-01   9.4811347e-01   8.3966166e-01   8.3428868e-01   8.1472574e-01   9.0997851e-01   8.4472626e-01   8.2456439e-01   9.9127287e-01   8.5298125e-01   9.5090502e-01   8.7510193e-01   9.2333736e-01   8.8672575e-01   9.8744602e-01   9.3472115e-01   8.7854184e-01   9.5027613e-01   9.0850833e-01   9.6496031e-01   8.3231208e-01   9.6871283e-01   8.4009810e-01   9.3781172e-01   8.3096068e-01   9.2444827e-01   8.4687417e-01   9.1591180e-01   8.3380975e-01   9.0855703e-01   9.6438978e-01   8.1421714e-01   8.5627993e-01   9.9992909e-01   9.6932006e-01   8.3631938e-01   9.9102394e-01   9.9969560e-01   8.5790591e-01   8.8505063e-01   8.0779735e-01   8.3106829e-01   9.2476929e-01   8.3705259e-01   8.0112528e-01   8.0592979e-01   8.1063215e-01   8.3874016e-01   8.6346526e-01   9.5955722e-01   9.7238663e-01   8.5352846e-01
   9.9141227e-01   8.8522743e-01   9.9579462e-01   9.1612848e-01   9.2368636e-01   8.0745490e-01   9.1587609e-01   9.3787329e-01   8.2438362e-01   9.2431380e-01   8.2170181e-01   9.2325647e-01   8.8238129e-01   9.5897226e-01   0.0000000e+00   8.7066216e-01   9.7686289e-01   8.2973182e-01   9.8343639e-01   9.0821356e-01   9.1951045e-01   8.1522753e-01   8.7776247e-01   8.9762592e-01   9.7980162e-01   9.0529129e-01   9.1123717e-01   8.3831565e-01   9.5031428e-01   8.8271990e-01   9.1479658e-01   9.5313402e-01   8.4248381e-01   8.0364549e-01   9.1064894e-01   9.5638160e-01   9.3995832e-01   9.7705832e-01   8.0600554e-01   9.6518162e-01   9.4539575e-01   8.3095032e-01   9.1197549e-01   8.5829666e-01   9.7556659e-01   9.2172726e-01   8.0670409e-01   8.1765880e-01   9.3952949e-01   8.6674903e-01   8.9613468e-01   8.0785756e-01   9.8093599e-01   9.5636478e-01   9.9211410e-01   8.4378691e-01   8.5224702e-01   8.3076485e-01   9.4825833e-01   9.1221847e-01   9.5469423e-01   8.6429354e-01   8.9286572e-01   8.7476826e-01   9.8408164e-01   9.5690462e-01   9.1878506e-01   8.4175680e-01   9.8415129e-01   9.1546448e-01   9.3085921e-01   8.3460698e-01   8.4583919e-01   9.6792460e-01   8.0457762e-01   8.0525416e-01   9.6949945e-01   9.3568363e-01   9.1547701e-01   9.2495554e-01   8.7860359e-01   9.4881539e-01   9.0835095e-01   9.6120777e-01   9.4072261e-01   9.4953937e-01   8.0836311e-01   8.9706779e-01   8.3374319e-01   9.1474747e-01   9.7792710e-01   9.4500515e-01   8.3321701e-01   9.9416429e-01   9.0923461e-01   8.7623068e-01   8.2877071e-01   9.2029742e-01   9.4016208e-01   9.6017829e-01   9.9903261e-01
   8.4793394e-01   9.4282585e-01   9.4911650e-01   9.7164618e-01   8.3307563e-01   8.8502314e-01   9.5864080e-01   8.3196952e-01   9.0496298e-01   8.2573172e-01   9.4108738e-01   8.2292023e-01   8.6152966e-01   9.7404517e-01   8.8543630e-01   0.0000000e+00   9.2377591e-01   8.8019548e-01   9.5677313e-01   8.9191297e-01   8.3679676e-01   9.7802722e-01   8.0559764e-01   8.4278034e-01   8.7827421e-01   9.1767382e-01   9.7988938e-01   9.0238936e-01   9.6726871e-01   9.4101366e-01   8.3194603e-01   9.6105833e-01   8.5392983e-01   9.0484919e-01   8.1516570e-01   9.1550573e-01   9.3475392e-01   9.3125144e-01   8.6226994e-01   8.0515093e-01   8.3532214e-01   9.6045226e-01   8.5880958e-01   9.7993367e-01   9.7020825e-01   8.9658471e-01   8.7509480e-01   8.2498787e-01   8.0552439e-01   8.5310710e-01   8.1969325e-01   8.3446723e-01   9.7737400e-01   8.4586570e-01   8.3828923e-01   9.7567934e-01   9.8472747e-01   9.0210074e-01   9.5832839e-01   9.9973557e-01   8.1693839e-01   8.0853862e-01   8.9966691e-01   9.8458156e-01   9.3207492e-01   8.1073832e-01   8.2466499e-01   9.2990545e-01   9.5953829e-01   8.3683353e-01   9.6017147e-01   9.2915230e-01   9.9932048e-01   8.2859157e-01   8.7309054e-01   9.8259441e-01   8.6619208e-01   8.5508208e-01   8.4685429e-01   8.7241818e-01   8.7479137e-01   9.4878548e-01   8.0752031e-01   8.6235543e-01   8.6989964e-01   9.4919301e-01   9.6897888e-01   8.6238026e-01   8.0563940e-01   9.6639902e-01   8.2425086e-01   8.5436155e-01   8.2424811e-01   8.3905858e-01   9.5367258e-01   8.3944359e-01   9.5688325e-01   9.8072388e-01   8.3693029e-01   9.0956584e-01   8.2505172e-01
   8.3540479e-01   9.0470333e-01   8.0795752e-01   9.8535955e-01   9.4150122e-01   8.2796427e-01   9.2467440e-01   8.5408536e-01   9.4487706e-01   8.5238992e-01   8.9772160e-01   9.6231334e-01   9.5417461e-01   8.9426807e-01   8.5166207e-01   8.2902850e-01   0.0000000e+00   9.2338283e-01   9.9270374e-01   9.7493182e-01   9.5487430e-01   8.8677603e-01   9.2743437e-01   9.1086381e-01   9.7305995e-01   8.6440359e-01   8.5641530e-01   8.4875704e-01   9.8180488e-01   8.3579225e-01   8.2387060e-01   9.2471461e-01   9.6383440e-01   9.4485338e-01   8.4857726e-01   8.1650246e-01   9.2591158e-01   9.6697024e-01   9.5456749e-01   9.3564608e-01   9.9616272e-01   9.0244931e-01   9.1035887e-01   8.7907028e-01   9.5947870e-01   9.9639735e-01   8.8100749e-01   9.5049872e-01   8.3886083e-01   8.7717003e-01   9.8114847e-01   9.9583136e-01   9.8056087e-01   9.7440192e-01   8.9151348e-01   8.4505912e-01   8.1296370e-01   8.5813324e-01   9.3905325e-01   8.8287389e-01   9.7292482e-01   8.8303792e-01   8.6921655e-01   8.3661214e-01   8.4947298e-01   8.9709469e-01   8.3717185e-01   9.9737370e-01   8.2528024e-01   9.1313628e-01   9.9829907e-01   8.4304416e-01   8.4417906e-01   8.3705644e-01   8.9730660e-01   8.3359898e-01   9.7087204e-01   9.6540502e-01   9.6904676e-01   8.8214006e-01   9.4498933e-01   9.7770993e-01   8.1756365e-01   9.7508171e-01   9.7016226e-01   9.1935698e-01   8.5468672e-01   9.2062012e-01   9.4239932e-01   9.3655097e-01   8.2378367e-01   9.4444562e-01   8.9131322e-01   9.2777394e-01   8.2930946e-01   9.2122756e-01   9.6595105e-01   8.4912148e-01   9.4191712e-01   9.4590621e-01   8.8685788e-01
   9.0215654e-01   9.8928164e-01   9.8660491e-01   9.2519010e-01   8.4270790e-01   9.8434531e-01   8.0992663e-01   8.6708115e-01   9.0512093e-01   9.2107134e-01   9.0479290e-01   9.2747670e-01   9.6475785e-01   9.7497758e-01   9.0393994e-01   9.1298299e-01   9.7940229e-01   0.0000000e+00   9.9412813e-01   8.3501925e-01   8.1122249e-01   8.4860940e-01   8.1787246e-01   8.9348837e-01   9.2557700e-01   9.4554097e-01   9.1842509e-01   8.5880592e-01   8.1536637e-01   8.9422120e-01   8.1471499e-01   8.4155278e-01   8.3636745e-01   9.8462813e-01   9.9111909e-01   9.3800999e-01   9.2638723e-01   9.2797675e-01   9.9767188e-01   8.3165310e-01   8.5496646e-01   9.4059458e-01   8.5671128e-01   9.9271167e-01   9.7593260e-01   8.9552180e-01   8.9109008e-01   8.5715080e-01   8.1411425e-01   8.1729582e-01   8.5704653e-01   9.9882247e-01   9.6778210e-01   8.0971933e-01   8.9919103e-01   9.4665100e-01   8.3947685e-01   9.5183893e-01   9.9687146e-01   9.3356599e-01   8.7512575e-01   9.4343418e-01   9.1384368e-01   9.4402626e-01   9.4927069e-01   9.1055579e-01   8.4786378e-01   9.0417814e-01   9.3902493e-01   8.6478717e-01   9.2124820e-01   8.9165878e-01   8.8451830e-01   8.6791328e-01   8.5180637e-01   9.8935702e-01   8.7236494e-01   9.0911506e-01   8.5221443e-01   9.9192138e-01   8.6453325e-01   8.4048804e-01   9.2164850e-01   9.6567064e-01   8.9795354e-01   8.3140102e-01   8.8491254e-01   9.6008421e-01   9.7542265e-01   9.5044682e-01   9.8005592e-01   8.7919706e-01   8.8453030e-01   9.7010350e-01   8.6863557e-01   8.2201831e-01   8.9741362e-01   8.1221468e-01   9.4233619e-01   8.7354455e-01   9.0666145e-01
   9.6754333e-01   8.4735379e-01   8.2497175e-01   8.9658608e-01   8.1648417e-01   8.9837054e-01   8.5721380e-01   8.9910263e-01   9.4355892e-01   8.0162309e-01   9.4334359e-01   9.8630856e-01   9.5256293e-01   8.1512626e-01   8.2581871e-01   9.6970568e-01   9.9891856e-01   9.5297707e-01   0.0000000e+00   8.7578912e-01   8.6463111e-01   9.3662108e-01   9.1474412e-01   8.3949827e-01   9.0225132e-01   8.7465488e-01   9.0325441e-01   8.4174472e-01   8.4017569e-01   8.4867201e-01   9.0836419e-01   8.6394765e-01   8.3491751e-01   8.4158367e-01   8.0461546e-01   9.8368022e-01   9.6359681e-01   8.6541482e-01   8.1485268e-01   8.6314907e-01   9.9637525e-01   9.5853687e-01   9.6336468e-01   8.5470265e-01   8.2477714e-01   9.0376045e-01   8.1738061e-01   9.6096091e-01   8.2830603e-01   9.3148937e-01   9.3555889e-01   8.7088509e-01   8.8977169e-01   8.5418187e-01   8.4114496e-01   8.0033914e-01   9.8990307e-01   8.3032770e-01   8.6202559e-01   8.4959793e-01   9.5662559e-01   8.6334943e-01   8.6652403e-01   9.9286528e-01   9.4117942e-01   8.4336979e-01   9.7571262e-01   9.2418442e-01   8.8969949e-01   8.3248280e-01   8.3271563e-01   8.5926028e-01   8.7742777e-01   9.7874812e-01   9.6954971e-01   9.1380130e-01   9.4811746e-01   8.8840620e-01   9.6319917e-01   8.5829970e-01   9.2493666e-01   8.9254536e-01   9.7543525e-01   9.6371931e-01   9.4161311e-01   9.2212670e-01   8.4838942e-01   9.6477645e-01   8.9889703e-01   9.2496096e-01   8.8339634e-01   8.6308779e-01   8.7763048e-01   9.5720618e-01   8.6444020e-01   9.6259949e-01   9.6134958e-01   9.2587693e-01   9.2637470e-01   9.5769941e-01   9.0538042e-01
   9.7701021e-01   8.0089856e-01   9.4921726e-01   8.5589752e-01   8.3335747e-01   9.5775818e-01   9.3994452e-01   9.9243242e-01   9.8303067e-01   9.0985273e-01   9.0582381e-01   8.3668280e-01   9.4339543e-01   9.6165269e-01   8.7718144e-01   8.4910233e-01   8.2739696e-01   8.3229928e-01   9.4180075e-01   0.0000000e+00   8.3435907e-01   9.2542865e-01   9.2656540e-01   8.1174162e-01   8.4518858e-01   9.3536702e-01   9.1379213e-01   8.4620370e-01   9.0149746e-01   9.3965543e-01   9.8584530e-01   9.0954167e-01   9.1911412e-01   8.2608781e-01   9.0039458e-01   8.5785626e-01   9.9004499e-01   8.5499333e-01   9.6819527e-01   9.0272402e-01   8.7306955e-01   9.3366532e-01   9.8311684e-01   9.8307795e-01   9.0829601e-01   9.1282683e-01   9.0384453e-01   8.8680048e-01   9.8919371e-01   9.3352182e-01   8.6901572e-01   9.4497349e-01   9.2362180e-01   9.7084808e-01   9.2131462e-01   8.9579121e-01   8.7485558e-01   8.0236313e-01   9.7121506e-01   8.3905553e-01   8.4297203e-01   9.3620249e-01   9.6480173e-01   8.5789908e-01   8.9930265e-01   9.1417413e-01   9.2331512e-01   8.6172105e-01   9.1668014e-01   9.2699080e-01   8.1835296e-01   9.6685405e-01   8.7307730e-01   9.6324855e-01   8.0340917e-01   9.9939095e-01   8.7446712e-01   9.4108271e-01   8.4958267e-01   9.1048978e-01   8.6080335e-01   8.1497169e-01   8.2525094e-01   8.6464159e-01   8.9271290e-01   9.7988504e-01   8.3622897e-01   9.4283688e-01   8.5305884e-01   9.4202919e-01   9.3038116e-01   9.2617845e-01   8.5895595e-01   9.3011820e-01   9.7597684e-01   8.0489848e-01   8.6332814e-01   9.6893265e-01   9.4683206e-01   8.8338778e-01   9.9153982e-01
   9.9747059e-01   8.7044100e-01   8.8909034e-01   8.5199774e-01   9.9668553e-01   8.1640532e-01   8.2884426e-01   9.0856050e-01   8.3650821e-01   8.6037116e-01   8.2151854e-01   9.6876760e-01   9.2808054e-01   9.1437604e-01   8.7706525e-01   8.0272229e-01   8.8394085e-01   9.6429885e-01   9.1526568e-01   8.6856379e-01   0.0000000e+00   8.5937102e-01   9.4869721e-01   8.4456390e-01   8.0055216e-01   8.0554923e-01   8.0893283e-01   8.3773340e-01   8.0612284e-01   9.0045056e-01   8.8523225e-01   9.3654943e-01   9.2313332e-01   8.1726941e-01   9.3659175e-01   8.3137860e-01   8.4449002e-01   8.4327336e-01   9.9187730e-01   8.4236905e-01   8.9103635e-01   8.3153539e-01   8.1028685e-01   9.4997285e-01   9.1775531e-01   9.3632102e-01   8.9724699e-01   8.3865992e-01   9.0666452e-01   8.2874866e-01   9.7519038e-01   8.1828345e-01   9.3181934e-01   8.9750999e-01   8.1083818e-01   8.7749925e-01   8.0368170e-01   8.0706697e-01   8.5685194e-01   8.4394485e-01   9.2971765e-01   9.4083812e-01   9.0502148e-01   8.4603680e-01   9.5224355e-01   9.3904341e-01   9.9110786e-01   8.7651712e-01   9.4663209e-01   9.5796474e-01   8.1769856e-01   9.5251543e-01   8.1088673e-01   9.8948466e-01   8.6423305e-01   9.8643816e-01   8.1269526e-01   9.1012751e-01   8.3536944e-01   9.2975074e-01   8.1401184e-01   8.8627684e-01   8.3254344e-01   9.6736419e-01   8.4816845e-01   9.0901744e-01   8.5494745e-01   8.1567919e-01   8.3784601e-01   9.2447435e-01   9.4760609e-01   9.4368442e-01   9.6309560e-01   8.5544087e-01   8.9663887e-01   9.4745007e-01   8.9762048e-01   8.9845863e-01   8.7166955e-01   9.5048715e-01   8.0829166e-01
   8.6925145e-01   8.0269073e-01   9.2244914e-01   9.4055974e-01   9.5476787e-01   8.5817041e-01   9.4231700e-01   9.3974656e-01   8.8086507e-01   9.9460495e-01   8.8583394e-01   9.1116912e-01   9.1222764e-01   8.3643843e-01   9.0049196e-01   8.5125929e-01   8.0959954e-01   9.1331833e-01   8.9501409e-01   9.8942381e-01   8.7957060e-01   0.0000000e+00   9.6278762e-01   8.4188720e-01   9.5968507e-01   8.9708395e-01   8.1361054e-01   9.2549236e-01   9.8810753e-01   8.7665826e-01   9.7011796e-01   9.6128781e-01   8.0912464e-01   8.9898370e-01   9.4928111e-01   8.0282283e-01   8.1799713e-01   8.5587743e-01   9.1047660e-01   8.2578188e-01   9.6367811e-01   9.5094669e-01   9.7014225e-01   8.6421968e-01   8.0596053e-01   8.6026891e-01   8.7141638e-01   8.3741483e-01   8.2114411e-01   9.8049782e-01   8.2386810e-01   9.2840658e-01   8.6017088e-01   8.2947336e-01   9.4282617e-01   9.5268698e-01   8.4985585e-01   8.7421009e-01   9.4913379e-01   9.7887374e-01   9.4643712e-01   8.2235823e-01   9.8132205e-01   9.5786878e-01   9.0540787e-01   9.7611728e-01   9.9021258e-01   9.9630676e-01   9.6802032e-01   9.1934267e-01   8.6821977e-01   9.4417547e-01   9.8470186e-01   8.4806395e-01   9.3052862e-01   9.3891956e-01   9.3342607e-01   9.5898337e-01   9.4369685e-01   9.5592071e-01   9.1145325e-01   8.3623386e-01   9.8935981e-01   9.8558907e-01   9.5736779e-01   8.9204929e-01   8.4053350e-01   8.4957216e-01   8.2028534e-01   8.4111655e-01   8.3475078e-01   9.0631407e-01   8.8007953e-01   8.6234073e-01   8.0661676e-01   8.1254850e-01   9.9834696e-01   9.7110263e-01   8.2285062e-01   9.5444650e-01   9.5307493e-01
   9.8581069e-01   8.7771655e-01   9.0890878e-01   9.6990565e-01   9.4369121e-01   9.4705763e-01   8.9878591e-01   8.7013940e-01   9.5126950e-01   8.2112542e-01   9.3710689e-01   8.8493366e-01   9.0257849e-01   8.5418827e-01   8.8143448e-01   9.3086544e-01   8.0158842e-01   9.1541751e-01   8.7945676e-01   9.4767212e-01   9.4186637e-01   9.2458865e-01   0.0000000e+00   8.1751469e-01   9.0495451e-01   8.6967325e-01   9.5651519e-01   9.5967396e-01   8.5930370e-01   8.2911941e-01   8.4420689e-01   8.0632507e-01   9.4944316e-01   8.7462735e-01   8.0217237e-01   8.4710838e-01   8.5418414e-01   8.5055414e-01   8.5968217e-01   9.1718680e-01   8.9097005e-01   9.8104226e-01   8.1511566e-01   8.4952834e-01   9.2532769e-01   9.2924054e-01   9.8615945e-01   8.3887107e-01   9.9009061e-01   8.9794843e-01   9.8112705e-01   9.6059290e-01   9.2586479e-01   9.2348009e-01   9.0242954e-01   9.2466445e-01   8.0867106e-01   9.6547791e-01   9.3717774e-01   8.0431874e-01   8.8568758e-01   8.1453256e-01   8.7108820e-01   9.4673507e-01   8.1630464e-01   8.1154485e-01   9.0776432e-01   8.7048367e-01   8.7159193e-01   9.3354182e-01   8.1500920e-01   9.8554847e-01   9.8696758e-01   9.1594012e-01   8.7038301e-01   9.5304561e-01   8.7947076e-01   9.8441802e-01   8.9292315e-01   9.8910743e-01   9.3648909e-01   9.4375578e-01   8.9996078e-01   9.9746082e-01   8.2167218e-01   9.5833186e-01   8.4704234e-01   8.5511380e-01   9.7857858e-01   9.0451590e-01   9.4957918e-01   9.5397076e-01   9.6374911e-01   8.8215769e-01   9.5787391e-01   9.7410882e-01   9.9138743e-01   8.5342960e-01   8.3082901e-01   9.6573336e-01   8.7877781e-01
   9.0166667e-01   9.9551683e-01   9.4689639e-01   9.5572342e-01   8.8220127e-01   9.2567584e-01   8.2716620e-01   8.4743520e-01   8.2122102e-01   8.4026522e-01   9.4223205e-01   8.1199384e-01   9.5294375e-01   8.2114519e-01   8.7514514e-01   8.1072748e-01   8.2720567e-01   8.1034305e-01   8.1566392e-01   9.6711265e-01   9.7728082e-01   9.6933686e-01   8.0170250e-01   0.0000000e+00   9.6850942e-01   9.8248376e-01   9.6228941e-01   9.4104033e-01   9.4608212e-01   9.4990103e-01   8.3161791e-01   9.0389679e-01   9.2972594e-01   8.3374205e-01   9.9023096e-01   8.4882358e-01   9.3217254e-01   9.4219071e-01   8.9507086e-01   9.6683112e-01   8.8976100e-01   9.0036887e-01   9.4425810e-01   9.1434060e-01   9.1843409e-01   8.6220755e-01   8.8988438e-01   9.8206774e-01   8.4187712e-01   8.5398509e-01   8.8103797e-01   8.7244738e-01   9.0158197e-01   8.2038246e-01   8.4113768e-01   9.2144235e-01   8.2696094e-01   8.4602508e-01   8.3139806e-01   8.7878228e-01   8.4914958e-01   9.3102104e-01   8.1607667e-01   8.2958448e-01   8.4130310e-01   9.3541596e-01   8.3460352e-01   9.1009225e-01   9.4196683e-01   9.0914975e-01   8.0945860e-01   8.2713023e-01   8.4726965e-01   8.3776299e-01   9.9256924e-01   8.4862432e-01   8.7360793e-01   8.4690253e-01   8.8369879e-01   8.1409540e-01   9.6892418e-01   8.7631472e-01   8.8160890e-01   9.8991349e-01   9.6924584e-01   9.0360403e-01   9.5611682e-01   8.0919322e-01   8.9112338e-01   9.9391184e-01   8.2505240e-01   9.9007250e-01   9.1290812e-01   8.8519346e-01   9.9874740e-01   8.6591842e-01   9.7587696e-01   8.3847879e-01   8.2452421e-01   9.7367009e-01   8.6425544e-01
   8.4165489e-01   8.2907069e-01   8.8833976e-01   8.0370458e-01   9.6473290e-01   8.4117862e-01   8.2638995e-01   9.3936612e-01   9.3428303e-01   8.8258473e-01   9.0354813e-01   8.1333256e-01   9.9637829e-01   8.2097342e-01   9.2212603e-01   8.4748641e-01   9.9524689e-01   9.2277448e-01   8.5231519e-01   9.8523742e-01   9.2840243e-01   9.3883752e-01   9.5852603e-01   8.9194578e-01   0.0000000e+00   8.4111965e-01   9.5551777e-01   9.8833435e-01   8.3120629e-01   8.0414809e-01   8.4441947e-01   8.1110746e-01   9.0505384e-01   8.8263933e-01   9.1634246e-01   9.1570438e-01   9.4067392e-01   8.1642198e-01   9.6810441e-01   8.7741048e-01   9.5297722e-01   8.2780291e-01   9.6652844e-01   8.4525984e-01   8.1239837e-01   9.5467725e-01   8.1494436e-01   8.3544265e-01   8.1830710e-01   9.6744866e-01   8.4916853e-01   9.6260138e-01   9.7263353e-01   9.8517317e-01   9.8856471e-01   9.9889730e-01   9.0329415e-01   8.3388380e-01   9.2967974e-01   9.6788225e-01   9.8566185e-01   9.3911097e-01   8.2907666e-01   8.7689865e-01   9.1368258e-01   9.0908338e-01   8.6512292e-01   8.9861825e-01   8.0158984e-01   9.2179135e-01   9.9053543e-01   8.9469717e-01   9.3540197e-01   8.7025531e-01   8.4100365e-01   8.0085264e-01   9.1372208e-01   9.9423890e-01   9.1970013e-01   8.5292390e-01   8.8001165e-01   8.6531665e-01   9.0366559e-01   8.5759811e-01   9.0830997e-01   8.4529355e-01   9.4063726e-01   8.7001488e-01   8.7564001e-01   8.2361967e-01   8.0495858e-01   8.9513661e-01   9.6680307e-01   9.1516650e-01   8.2431973e-01   8.5634902e-01   9.5300601e-01   9.0125645e-01   9.9279341e-01   9.1040286e-01   9.1376466e-01
   9.0951074e-01   8.9595468e-01   9.3949784e-01   8.7025079e-01   9.9217038e-01   9.6071276e-01   9.8079382e-01   9.8584486e-01   8.9517659e-01   8.5953313e-01   8.8647908e-01   8.5460284e-01   9.7486843e-01   9.5538419e-01   8.5073537e-01   9.6027875e-01   8.1109517e-01   9.3267378e-01   8.3470222e-01   9.0119103e-01   9.5443478e-01   9.8692903e-01   9.8396379e-01   8.8181790e-01   9.2772530e-01   0.0000000e+00   8.2092587e-01   8.9170684e-01   9.1253755e-01   9.9333441e-01   9.5966076e-01   8.0102368e-01   9.1397463e-01   9.8761903e-01   8.1373045e-01   9.5455183e-01   8.2810423e-01   8.5995375e-01   8.9566315e-01   8.9353851e-01   8.4220198e-01   8.6024454e-01   9.3861264e-01   9.5501317e-01   8.3484606e-01   8.7401542e-01   8.2218603e-01   8.2299987e-01   9.7230432e-01   8.5269570e-01   9.3279892e-01   9.5177234e-01   8.8499287e-01   9.8145716e-01   8.6439399e-01   9.7827305e-01   8.3998497e-01   9.7959768e-01   9.7733969e-01   9.1124448e-01   8.7087451e-01   9.4066538e-01   9.7524854e-01   9.6495024e-01   8.0194863e-01   9.8714251e-01   9.7715243e-01   8.3317805e-01   8.5505310e-01   8.7061353e-01   8.9759635e-01   9.8838347e-01   9.5004331e-01   9.2125111e-01   9.6956388e-01   9.1646029e-01   9.4589998e-01   8.9820452e-01   9.2233078e-01   8.4440514e-01   8.8410977e-01   9.9167112e-01   9.7640123e-01   8.5294688e-01   9.4944926e-01   9.1533602e-01   9.9520769e-01   9.8517767e-01   9.7399457e-01   8.1707826e-01   9.4862068e-01   8.4467920e-01   9.4190384e-01   9.1937442e-01   8.0513738e-01   8.0887001e-01   8.9304664e-01   9.3293295e-01   8.4906137e-01   9.4898026e-01   9.0796459e-01
   9.5920408e-01   8.0634956e-01   8.0271930e-01   9.8210054e-01   9.5469505e-01   9.7768940e-01   8.9863161e-01   9.2342077e-01   9.0027641e-01   9.9538530e-01   8.7036647e-01   9.6775907e-01   9.4807135e-01   9.6319384e-01   9.7734878e-01   8.9593974e-01   9.3409848e-01   9.6858101e-01   9.3061274e-01   8.3788835e-01   9.7380307e-01   9.5319338e-01   9.5610811e-01   9.9960006e-01   9.9468080e-01   8.7689898e-01   0.0000000e+00   9.9273882e-01   9.5993996e-01   9.5648604e-01   8.3091451e-01   8.0705106e-01   8.4932966e-01   9.0525064e-01   8.0677278e-01   9.2419465e-01   9.9375504e-01   8.2223471e-01   9.3928246e-01   8.8283810e-01   9.6454003e-01   9.1113691e-01   8.8210383e-01   9.5860404e-01   8.1962907e-01   9.0292976e-01   9.6648815e-01   9.6392004e-01   9.2540046e-01   8.7549069e-01   8.4914458e-01   8.6058086e-01   9.0473585e-01   8.7716227e-01   8.5385631e-01   9.9614759e-01   9.7235850e-01   9.8557869e-01   9.8210626e-01   9.8642957e-01   8.2212642e-01   9.2625606e-01   8.9805043e-01   9.4514248e-01   9.4469289e-01   9.9399766e-01   8.8599349e-01   8.4085665e-01   9.7866021e-01   9.2309120e-01   8.3280721e-01   9.8736900e-01   8.2904464e-01   9.2891357e-01   9.7864413e-01   8.9693998e-01   8.2219523e-01   9.0967144e-01   8.5207280e-01   8.3129533e-01   8.1544757e-01   8.2936690e-01   8.8611137e-01   9.8375745e-01   8.0534162e-01   8.2053209e-01   9.8456779e-01   8.1129267e-01   9.9292147e-01   8.9744320e-01   9.6585022e-01   9.5636069e-01   9.3014690e-01   8.7273360e-01   9.5062758e-01   8.8112895e-01   9.9396427e-01   8.3650966e-01   8.4750598e-01   9.8312184e-01   8.0636171e-01
   8.7332963e-01   8.5651028e-01   9.4208573e-01   9.2695219e-01   9.2977957e-01   9.1398927e-01   8.2321372e-01   8.9083918e-01   8.1749285e-01   9.0834720e-01   9.9435156e-01   9.8344742e-01   8.1268440e-01   8.5993323e-01   9.6893951e-01   9.5045589e-01   9.7954175e-01   8.7891665e-01   8.7719832e-01   8.8381457e-01   9.6859399e-01   9.5097226e-01   9.8234851e-01   9.3271820e-01   9.9667609e-01   8.7054704e-01   8.4748239e-01   0.0000000e+00   9.9918849e-01   8.5858610e-01   8.4636388e-01   8.0050751e-01   9.9434929e-01   9.8419545e-01   8.0665931e-01   9.7409113e-01   9.6117145e-01   8.4662833e-01   8.3590443e-01   9.2878788e-01   8.4235728e-01   8.6537580e-01   8.0557537e-01   8.0553730e-01   9.5658408e-01   9.0706412e-01   8.6678260e-01   9.2556715e-01   8.7974841e-01   8.2962727e-01   9.6791118e-01   9.9489192e-01   9.1999388e-01   8.1668158e-01   8.1512365e-01   8.5413042e-01   9.0125528e-01   8.3358459e-01   8.7613674e-01   9.0488805e-01   9.2045592e-01   9.0822815e-01   9.8002756e-01   9.3423712e-01   9.9918943e-01   8.5847252e-01   9.4266605e-01   9.8386216e-01   9.9048047e-01   9.8734586e-01   8.7708298e-01   9.5489062e-01   8.6457780e-01   9.2305202e-01   9.7007342e-01   8.5627558e-01   8.8738029e-01   8.3745479e-01   9.8944514e-01   8.4518640e-01   9.6389545e-01   8.9004622e-01   8.4260227e-01   8.6763674e-01   9.3758524e-01   9.2102663e-01   9.4017539e-01   9.8778043e-01   9.3888426e-01   9.9797917e-01   9.1788381e-01   8.5522641e-01   9.5801883e-01   8.6723909e-01   9.5923879e-01   8.7220418e-01   8.1430938e-01   8.5228748e-01   9.8455101e-01   8.6315695e-01   9.3838220e-01
   9.6253719e-01   9.1454346e-01   9.9701491e-01   9.5010187e-01   8.9101668e-01   9.8118465e-01   9.4105929e-01   8.0649417e-01   8.7792350e-01   8.3018666e-01   9.2387890e-01   9.1168049e-01   9.1201245e-01   9.6882777e-01   8.5561846e-01   8.4441934e-01   8.6012683e-01   8.4763186e-01   9.9704536e-01   9.4698914e-01   9.6102440e-01   8.3231619e-01   9.9587972e-01   9.6806137e-01   8.4113470e-01   9.2047397e-01   9.2597960e-01   8.1973331e-01   0.0000000e+00   8.0254529e-01   8.7145540e-01   9.3672766e-01   9.2050138e-01   9.7642123e-01   9.1922018e-01   8.2437973e-01   9.7301481e-01   9.9273974e-01   9.7374817e-01   8.3316182e-01   9.2657343e-01   9.2570098e-01   9.4717988e-01   9.6751808e-01   9.0350775e-01   8.4907503e-01   9.6608563e-01   9.5287685e-01   9.0175988e-01   8.9670101e-01   8.7425550e-01   9.0131932e-01   9.7651528e-01   8.0921644e-01   8.5503745e-01   9.9628743e-01   8.6002072e-01   9.7114913e-01   8.7178731e-01   8.7644645e-01   9.1162461e-01   8.4524639e-01   8.3747648e-01   8.2497475e-01   9.8284357e-01   8.0500548e-01   8.8019280e-01   8.4561552e-01   8.8015910e-01   9.0286275e-01   8.4226627e-01   8.6305133e-01   8.7448882e-01   9.7580455e-01   9.6232230e-01   8.6337623e-01   8.0665291e-01   8.7131456e-01   8.3103733e-01   8.6391489e-01   8.4065299e-01   8.4662392e-01   9.8856021e-01   9.1372521e-01   9.9940036e-01   8.4918029e-01   9.9511540e-01   8.3475831e-01   8.0675190e-01   8.7447908e-01   8.8780233e-01   8.0740364e-01   9.9444022e-01   8.8705856e-01   9.7384693e-01   9.5290971e-01   9.5334692e-01   8.3783098e-01   8.0348622e-01   8.9240397e-01   8.7606872e-01
   8.2155029e-01   9.3181411e-01   9.2393255e-01   8.3360015e-01   9.2878878e-01   8.7478211e-01   9.2546963e-01   9.5632329e-01   9.0095983e-01   9.3597647e-01   9.5189880e-01   8.7544534e-01   9.9910347e-01   9.3628360e-01   8.1731078e-01   8.8580113e-01   8.6295800e-01   8.8653839e-01   8.4517913e-01   9.0289099e-01   8.4797483e-01   8.3934378e-01   9.3607625e-01   9.5389072e-01   9.8743151e-01   9.8678538e-01   8.6362058e-01   8.1734142e-01   8.7807120e-01   0.0000000e+00   9.4284043e-01   8.6097683e-01   8.7501420e-01   9.6091529e-01   9.7279514e-01   9.7057670e-01   8.8968991e-01   9.4943562e-01   9.4269877e-01   9.1596665e-01   9.9805303e-01   8.2746433e-01   8.1739089e-01   8.5628071e-01   8.2762849e-01   8.2252878e-01   8.1711784e-01   9.1927704e-01   9.9874950e-01   8.5543260e-01   8.0596393e-01   9.1066189e-01   8.2739704e-01   9.8713465e-01   8.4454005e-01   8.6221799e-01   9.2473627e-01   9.7404890e-01   8.8792070e-01   9.7341456e-01   8.9347539e-01   9.4790274e-01   9.0157350e-01   9.9751967e-01   9.6668350e-01   9.8616928e-01   8.2562081e-01   9.0877794e-01   9.8490536e-01   9.6310258e-01   9.7474323e-01   9.9990622e-01   9.8400594e-01   9.5017282e-01   9.8690314e-01   9.1991445e-01   9.8537333e-01   9.2964058e-01   9.8721853e-01   8.7537290e-01   8.1262613e-01   9.0846510e-01   8.4829467e-01   8.6702269e-01   9.7558151e-01   9.1222370e-01   8.6621347e-01   8.7437451e-01   9.5529524e-01   8.5400299e-01   8.2715674e-01   9.2199503e-01   9.6674872e-01   8.4953500e-01   8.1991491e-01   8.3863981e-01   9.3677378e-01   9.7089420e-01   8.4207284e-01   8.7855329e-01   9.4213919e-01
   9.7348133e-01   9.8671826e-01   8.8566569e-01   8.4673136e-01   9.7437845e-01   9.5188385e-01   9.4786927e-01   8.1165023e-01   9.4359022e-01   9.8482430e-01   9.0045468e-01   9.2182004e-01   8.6201675e-01   9.2205613e-01   9.6416752e-01   9.1698718e-01   9.2653431e-01   9.7795067e-01   8.9128330e-01   8.5442613e-01   9.4511044e-01   8.6915785e-01   9.2826601e-01   9.5764665e-01   9.7508678e-01   8.9526204e-01   8.1536223e-01   8.8330378e-01   8.5703477e-01   8.4623626e-01   0.0000000e+00   9.2751052e-01   9.1315799e-01   9.8300639e-01   8.9665921e-01   8.9572722e-01   8.6815807e-01   9.2421611e-01   8.1031256e-01   9.6103464e-01   9.9703220e-01   9.5875604e-01   8.0321649e-01   9.3870375e-01   8.3337105e-01   9.2519339e-01   8.5060241e-01   8.5258467e-01   8.7902141e-01   9.7468835e-01   9.5687579e-01   8.1823512e-01   9.0029737e-01   8.9477024e-01   9.4404318e-01   9.8822902e-01   9.5067842e-01   8.0196045e-01   9.3407285e-01   9.9758455e-01   8.1433146e-01   9.4257001e-01   8.1400616e-01   9.9914644e-01   8.1175881e-01   8.9331924e-01   9.6347077e-01   9.8066648e-01   9.4483193e-01   9.8292129e-01   8.1906271e-01   9.3818557e-01   8.8768233e-01   9.6075108e-01   9.1591202e-01   8.5566055e-01   8.3482269e-01   8.3501332e-01   9.3150644e-01   9.9911223e-01   9.1027632e-01   8.7962938e-01   8.5935276e-01   9.1547789e-01   9.7990454e-01   9.7368032e-01   8.7866400e-01   8.5987189e-01   9.9197332e-01   8.3835734e-01   9.2043369e-01   8.4313638e-01   9.2605277e-01   8.5794743e-01   9.2727165e-01   9.4228587e-01   8.1225100e-01   8.7940431e-01   9.0048857e-01   9.3393355e-01   9.1781015e-01
   9.4254937e-01   9.7485008e-01   8.1251350e-01   8.9082885e-01   9.2821618e-01   8.8089278e-01   9.6377804e-01   8.5120084e-01   8.0334835e-01   8.0847655e-01   9.2781551e-01   9.1220223e-01   9.2118445e-01   8.7598408e-01   9.9144701e-01   8.0815803e-01   9.6979088e-01   8.4205555e-01   8.0875314e-01   9.5959061e-01   8.2154683e-01   9.6880655e-01   9.7160394e-01   8.5726036e-01   9.6218524e-01   9.5793770e-01   9.6592753e-01   8.4514268e-01   9.0417645e-01   9.7581779e-01   8.5988109e-01   0.0000000e+00   9.0331048e-01   9.1780980e-01   9.3405792e-01   8.7601490e-01   9.5780206e-01   9.0335763e-01   9.6210784e-01   8.5335456e-01   9.2669166e-01   8.5588935e-01   8.6014856e-01   8.8926067e-01   9.6251173e-01   9.8583997e-01   9.8739833e-01   9.2126540e-01   8.9177358e-01   9.2512983e-01   9.8213938e-01   8.7027668e-01   8.2996880e-01   9.7967278e-01   9.4244874e-01   9.3218121e-01   8.2689746e-01   9.1701683e-01   9.0989634e-01   9.4596977e-01   9.0317838e-01   9.6250707e-01   8.4761570e-01   9.9087137e-01   9.5317491e-01   9.7670513e-01   9.4672201e-01   9.1195634e-01   8.7977932e-01   8.5894628e-01   9.7387037e-01   9.7123922e-01   8.6686436e-01   8.5055203e-01   9.8067593e-01   9.3067219e-01   8.9689612e-01   8.8419821e-01   8.8708737e-01   8.1848999e-01   9.0936460e-01   9.9174380e-01   8.8357185e-01   9.2742813e-01   8.3232846e-01   9.7193602e-01   9.2434969e-01   8.0669211e-01   9.1384448e-01   8.4778767e-01   9.2313121e-01   9.5863605e-01   8.9041928e-01   9.5183170e-01   9.3628784e-01   9.4921976e-01   8.8701784e-01   9.5805217e-01   9.0333440e-01   9.7083253e-01   8.8588428e-01
   8.3456843e-01   9.5831663e-01   9.4307329e-01   8.1539983e-01   8.4270620e-01   9.2499527e-01   9.3859176e-01   9.9417197e-01   9.5074145e-01   8.0952084e-01   9.9933180e-01   9.0780894e-01   8.4738231e-01   9.0037315e-01   9.0554259e-01   9.6679041e-01   8.9394729e-01   9.7911770e-01   9.5985614e-01   8.0282240e-01   8.7684369e-01   9.2802170e-01   8.8041371e-01   9.9040924e-01   8.4339071e-01   8.3463091e-01   9.3110336e-01   8.4562832e-01   8.6590419e-01   8.0821444e-01   9.7207790e-01   8.8765472e-01   0.0000000e+00   9.8119130e-01   9.7899628e-01   9.2604890e-01   8.2726454e-01   9.6226590e-01   9.0630374e-01   8.4378979e-01   8.4994248e-01   8.5336401e-01   8.3078043e-01   9.7779044e-01   9.7347764e-01   8.3658764e-01   8.4882644e-01   9.6561847e-01   8.6035451e-01   9.0231352e-01   9.7694408e-01   9.8724119e-01   9.9154715e-01   9.1996465e-01   8.0340711e-01   8.3800948e-01   8.9917212e-01   9.0197989e-01   9.9151971e-01   8.1660764e-01   8.2531159e-01   8.1148448e-01   8.8537209e-01   8.3485518e-01   8.6552188e-01   9.7895434e-01   9.0311536e-01   8.1492469e-01   8.7609824e-01   8.7405072e-01   9.2815571e-01   8.1971288e-01   8.8917268e-01   8.4410649e-01   9.8721547e-01   8.8727960e-01   9.9306776e-01   9.0605463e-01   8.8107786e-01   9.3352269e-01   9.7586580e-01   8.7295045e-01   9.4598647e-01   9.9603463e-01   8.5374928e-01   8.3580568e-01   8.2775281e-01   9.2776098e-01   9.1353857e-01   9.5925097e-01   8.7844975e-01   9.9823276e-01   8.6123341e-01   9.0031157e-01   8.1132988e-01   9.9744684e-01   8.5946233e-01   8.5512044e-01   9.7310301e-01   8.7054888e-01   9.3069735e-01
   8.7539230e-01   9.4153672e-01   8.8964601e-01   8.1490725e-01   9.8719842e-01   8.9888397e-01   9.7360650e-01   9.2572602e-01   8.1733683e-01   8.4590384e-01   9.1193854e-01   9.4684472e-01   9.7422023e-01   8.8298618e-01   8.0733294e-01   9.1467761e-01   8.5864359e-01   9.8596490e-01   9.1173329e-01   9.0148022e-01   9.3174401e-01   9.3240272e-01   8.2526727e-01   9.8651265e-01   9.7030179e-01   9.6163710e-01   8.2178451e-01   8.1891099e-01   8.6108404e-01   9.8613287e-01   8.3944008e-01   8.6634783e-01   8.2017171e-01   0.0000000e+00   8.3557174e-01   9.3429922e-01   9.2739642e-01   8.5492580e-01   9.6406752e-01   9.7021289e-01   9.4757578e-01   8.7758941e-01   8.6859287e-01   8.8411088e-01   8.5729567e-01   9.2480537e-01   8.6038179e-01   9.8252412e-01   8.3153349e-01   9.7426857e-01   9.6489085e-01   8.6857029e-01   8.6923952e-01   8.0200722e-01   9.5873709e-01   8.8264007e-01   8.5028103e-01   9.1494032e-01   8.1905120e-01   9.2820866e-01   8.2371277e-01   9.8438615e-01   8.3778428e-01   8.0164209e-01   8.1605010e-01   8.5935680e-01   9.8205892e-01   8.4454321e-01   8.3562794e-01   9.6239014e-01   8.9761907e-01   9.6337630e-01   9.9018125e-01   8.2434083e-01   9.6626730e-01   8.2064139e-01   8.4130262e-01   8.0736252e-01   8.4624693e-01   8.3313683e-01   8.1212933e-01   9.1550403e-01   8.5397536e-01   8.3975369e-01   8.9832483e-01   8.4974667e-01   9.7366747e-01   8.6729309e-01   8.2038579e-01   9.7799221e-01   8.7880434e-01   9.1200592e-01   9.8453058e-01   9.8845383e-01   8.1418662e-01   9.4072900e-01   9.1861879e-01   8.6548033e-01   9.8644125e-01   9.7943963e-01   9.4594010e-01
   9.4447694e-01   8.5283033e-01   8.8237420e-01   9.2530910e-01   8.2897626e-01   8.5156397e-01   8.0387134e-01   9.5667281e-01   8.2217928e-01   9.5342566e-01   8.0100587e-01   9.6123199e-01   9.5190901e-01   8.1600522e-01   8.1283354e-01   8.6774850e-01   8.2945993e-01   8.1871533e-01   8.8755124e-01   8.7584307e-01   8.6110718e-01   8.1729673e-01   8.8337075e-01   8.7560177e-01   9.0497897e-01   9.3309283e-01   8.3418438e-01   9.3739709e-01   8.1094224e-01   8.2671458e-01   8.3386236e-01   8.7104323e-01   9.3462811e-01   9.0587778e-01   0.0000000e+00   9.8631744e-01   8.5715281e-01   9.9347569e-01   8.8851980e-01   9.8122799e-01   8.0006649e-01   9.4556359e-01   9.6307673e-01   9.4959299e-01   9.1673152e-01   8.3230959e-01   9.2151925e-01   9.5414929e-01   9.4514201e-01   8.7322671e-01   8.3792603e-01   9.0485556e-01   8.3500403e-01   8.0441880e-01   9.1003705e-01   9.8961418e-01   9.8314043e-01   9.6458340e-01   8.4659819e-01   8.9011777e-01   9.0377317e-01   8.1286995e-01   9.4355461e-01   9.5136772e-01   9.4143230e-01   9.1012637e-01   9.6135160e-01   9.6313580e-01   9.3425062e-01   8.1255366e-01   9.2726078e-01   8.9063271e-01   9.6712817e-01   8.7687283e-01   9.1037028e-01   9.7138162e-01   9.9757136e-01   9.5070267e-01   8.1918281e-01   9.9118682e-01   9.2628591e-01   9.4287178e-01   8.9951692e-01   8.4813594e-01   8.5603871e-01   9.5050233e-01   8.6650253e-01   8.1747957e-01   8.9703932e-01   8.6096990e-01   9.8764657e-01   9.0120424e-01   9.9320802e-01   8.5590863e-01   9.7443258e-01   8.4080399e-01   9.3190023e-01   8.3853447e-01   9.8146169e-01   8.1584950e-01   8.6818816e-01
   8.1976597e-01   8.0875723e-01   9.9424434e-01   9.7533501e-01   9.1079906e-01   8.4495476e-01   9.7448415e-01   9.2895822e-01   8.8375538e-01   8.3469815e-01   8.7451496e-01   9.7558659e-01   8.6463901e-01   8.9426737e-01   8.5739728e-01   9.8283698e-01   8.7195039e-01   9.2526382e-01   8.4671264e-01   9.7100617e-01   8.6322908e-01   9.8127033e-01   8.1455262e-01   8.2540285e-01   8.8647875e-01   8.1434572e-01   9.1995236e-01   8.4323764e-01   9.8507216e-01   9.1185927e-01   8.1755647e-01   8.3795611e-01   8.1659225e-01   8.6979199e-01   9.1945629e-01   0.0000000e+00   9.4999509e-01   9.6899694e-01   8.1693633e-01   8.5705757e-01   8.9914702e-01   8.6761391e-01   9.7509050e-01   8.2566668e-01   8.9650197e-01   9.4400904e-01   9.4207639e-01   9.9869548e-01   8.9603936e-01   9.8141379e-01   8.3688472e-01   9.9631935e-01   8.7796837e-01   9.0829279e-01   9.3002481e-01   8.2195969e-01   8.3802078e-01   9.7017216e-01   8.4644483e-01   8.0715653e-01   9.7391520e-01   8.0033506e-01   8.2643284e-01   8.5459416e-01   8.5046276e-01   9.9880744e-01   8.9812478e-01   9.8850464e-01   8.9432479e-01   9.6073034e-01   8.3370132e-01   8.1214357e-01   9.6506407e-01   8.2883931e-01   8.9561703e-01   8.0995669e-01   9.1471030e-01   9.6483700e-01   9.9299830e-01   9.6003521e-01   9.1031184e-01   8.8229254e-01   9.0403461e-01   8.1190379e-01   9.9306739e-01   9.1974125e-01   9.7686039e-01   9.3327573e-01   9.5204553e-01   8.7277181e-01   8.7280808e-01   8.8487111e-01   8.5579391e-01   9.0705996e-01   8.4003680e-01   8.1296194e-01   9.4135683e-01   8.0317941e-01   8.7849834e-01   8.7164607e-01   9.0349839e-01
   9.4091710e-01   9.3165884e-01   8.2820640e-01   8.0575356e-01   8.9238816e-01   9.0492223e-01   9.1634368e-01   9.5068792e-01   9.2478168e-01   8.5574837e-01   8.4510513e-01   9.5851347e-01   9.8284581e-01   9.0391855e-01   9.0313657e-01   9.4488977e-01   9.5142459e-01   9.4655561e-01   8.1282165e-01   9.0138576e-01   9.8678057e-01   8.0981703e-01   8.1452373e-01   9.3537571e-01   9.1732329e-01   8.7727840e-01   9.3459003e-01   9.5413468e-01   8.2951640e-01   8.6562033e-01   8.6430179e-01   9.2397204e-01   9.5280932e-01   8.0266701e-01   9.4377261e-01   8.0141776e-01   0.0000000e+00   8.5729265e-01   8.4110287e-01   8.1206199e-01   8.4932397e-01   9.7917947e-01   9.5905592e-01   9.0649389e-01   9.7370364e-01   9.7865532e-01   9.6934001e-01   9.7590774e-01   9.4296499e-01   8.0246483e-01   8.4866107e-01   8.7190346e-01   9.6404082e-01   8.7046265e-01   9.4472417e-01   9.7632376e-01   9.1548184e-01   9.2842834e-01   9.7601454e-01   9.6028146e-01   8.6149707e-01   9.5050026e-01   8.5283005e-01   8.1020982e-01   9.3546061e-01   9.0999183e-01   8.5674657e-01   8.2697652e-01   8.0574694e-01   9.1566578e-01   8.6923280e-01   8.9678099e-01   8.2210486e-01   9.1703401e-01   8.7156570e-01   8.2698702e-01   9.0464137e-01   8.3723430e-01   9.7754865e-01   8.6805768e-01   9.6448670e-01   9.5619538e-01   9.2472286e-01   9.6499594e-01   9.0626412e-01   8.0691203e-01   8.5905659e-01   9.7735240e-01   9.0001581e-01   8.2406454e-01   9.3621525e-01   9.7486243e-01   8.0973652e-01   9.1785654e-01   9.0947865e-01   9.0538350e-01   9.4249627e-01   9.8990652e-01   9.1080083e-01   9.1225027e-01   9.8669306e-01
   8.1846096e-01   8.0814224e-01   8.7466547e-01   9.7266887e-01   8.5083212e-01   8.8235176e-01   8.7560778e-01   8.6022041e-01   8.3554870e-01   9.6480863e-01   8.7896958e-01   8.9061811e-01   8.0340817e-01   9.9709635e-01   8.1690941e-01   8.8994297e-01   9.2458489e-01   9.3159276e-01   9.1745756e-01   9.8424146e-01   9.2689615e-01   8.5999852e-01   8.2771128e-01   8.6094502e-01   8.2154878e-01   9.2525937e-01   8.7539503e-01   8.5615213e-01   8.6656018e-01   8.5221452e-01   9.9478665e-01   8.7951224e-01   8.6832789e-01   9.0067008e-01   9.2282151e-01   8.9700740e-01   9.1287136e-01   0.0000000e+00   8.1995708e-01   8.1348415e-01   8.0926471e-01   8.5561262e-01   8.5108715e-01   9.4541196e-01   8.6290976e-01   9.0740162e-01   8.6396714e-01   8.2379501e-01   9.9681652e-01   8.1562623e-01   8.5640894e-01   9.7600152e-01   9.3279958e-01   9.5107014e-01   9.0357670e-01   8.5414240e-01   9.9947415e-01   8.3396353e-01   9.4469118e-01   9.5334027e-01   8.6003152e-01   9.1192659e-01   8.8827449e-01   8.3728540e-01   9.6305720e-01   9.3707900e-01   8.6184817e-01   9.2477412e-01   9.1649170e-01   8.1038167e-01   9.4599487e-01   9.2458012e-01   9.2165517e-01   9.5605756e-01   8.3449157e-01   8.0731068e-01   9.3947658e-01   8.0792503e-01   9.7325999e-01   8.5825802e-01   9.9156716e-01   8.7660452e-01   8.2614326e-01   9.5220718e-01   9.5436468e-01   8.8829145e-01   9.9040706e-01   9.9433746e-01   9.1138824e-01   8.9655289e-01   9.0203718e-01   9.0579638e-01   8.5656823e-01   8.5997206e-01   8.7960669e-01   9.3891552e-01   8.0763388e-01   9.0249026e-01   9.5908324e-01   8.4405342e-01   8.6449878e-01
   8.8334713e-01   9.2372103e-01   8.4053524e-01   8.8860535e-01   8.0568950e-01   9.0031081e-01   8.6121683e-01   9.1145230e-01   9.6790036e-01   8.4320939e-01   9.5719953e-01   8.6535835e-01   9.9975434e-01   9.8473267e-01   8.2995500e-01   9.5103380e-01   9.4866908e-01   8.1173254e-01   9.8284507e-01   8.0299435e-01   8.0364285e-01   9.2098607e-01   9.0327724e-01   8.1698616e-01   8.8830179e-01   9.4526758e-01   9.5501115e-01   9.3669440e-01   9.3528682e-01   9.1703450e-01   9.8082571e-01   9.4637812e-01   8.9610750e-01   9.4558234e-01   9.4422382e-01   8.4853131e-01   9.4687180e-01   8.4773976e-01   0.0000000e+00   9.0763228e-01   9.3065727e-01   9.0066400e-01   9.9855455e-01   9.6592789e-01   8.4327440e-01   8.4589555e-01   9.7471081e-01   8.7198421e-01   8.8132267e-01   8.7886164e-01   9.9283880e-01   9.2491356e-01   9.2450152e-01   8.6066681e-01   9.9282373e-01   8.5786266e-01   9.2385257e-01   8.2305951e-01   9.3305997e-01   8.1238283e-01   8.5229019e-01   8.3831776e-01   8.6757153e-01   9.5551492e-01   8.6524605e-01   9.6565199e-01   8.0941600e-01   8.2144110e-01   8.0936565e-01   8.2986642e-01   8.7571414e-01   8.1947893e-01   9.5069036e-01   8.4163815e-01   9.8219550e-01   9.0200131e-01   8.3951911e-01   9.4042851e-01   8.6932019e-01   9.5608702e-01   9.9373952e-01   8.1383083e-01   8.6456345e-01   8.4386115e-01   8.4366156e-01   8.5788109e-01   8.7165978e-01   8.4176256e-01   9.8123725e-01   8.8294266e-01   9.1941616e-01   8.3794747e-01   9.6444636e-01   9.8873627e-01   8.9775918e-01   9.1750208e-01   9.2409361e-01   9.4706632e-01   9.8079635e-01   8.9777947e-01   8.0148104e-01
   9.8551646e-01   8.0816340e-01   9.6525893e-01   8.6643668e-01   8.4401269e-01   9.3996214e-01   8.6114855e-01   8.5029911e-01   9.7597517e-01   8.8330335e-01   9.9425979e-01   8.8548331e-01   9.7500307e-01   8.4785422e-01   9.8080514e-01   8.3192364e-01   9.9007541e-01   8.7948775e-01   9.2030122e-01   8.0255209e-01   8.2477669e-01   8.4221699e-01   8.6605791e-01   8.4544998e-01   9.2090407e-01   9.1279065e-01   9.7636270e-01   9.1289166e-01   9.7564744e-01   8.1498584e-01   8.7441190e-01   8.3836085e-01   9.4668483e-01   9.3945803e-01   8.3464035e-01   9.3692635e-01   8.9122276e-01   8.9983906e-01   9.3224686e-01   0.0000000e+00   8.2351861e-01   9.8894875e-01   8.2571761e-01   9.0259268e-01   8.7783242e-01   9.9219559e-01   9.8716642e-01   9.4907455e-01   9.0630408e-01   9.1782159e-01   9.7399921e-01   9.8881321e-01   8.0073117e-01   9.5598261e-01   9.6311411e-01   9.2914104e-01   8.2002637e-01   9.2247608e-01   8.6821992e-01   9.2349645e-01   8.1864831e-01   9.9883777e-01   8.9831696e-01   8.0937203e-01   8.7611131e-01   9.5323238e-01   9.7762845e-01   9.1643830e-01   9.1628925e-01   9.1130034e-01   9.9804107e-01   8.6198921e-01   8.5054398e-01   9.3063183e-01   8.6965109e-01   8.2559692e-01   9.7849994e-01   8.4311401e-01   9.8725044e-01   8.5677402e-01   8.0236587e-01   9.0886080e-01   8.4499713e-01   9.2681286e-01   9.7083043e-01   8.2121611e-01   9.0780735e-01   8.4350380e-01   8.6344338e-01   8.1182116e-01   9.4959614e-01   8.4004998e-01   8.7428100e-01   8.8078385e-01   8.1206578e-01   9.1616355e-01   9.5301937e-01   9.0417471e-01   9.4188378e-01   9.0553079e-01   9.7134208e-01
   8.6705273e-01   8.0681010e-01   9.5354378e-01   8.3025986e-01   8.1322880e-01   8.2662326e-01   9.4439326e-01   8.1204548e-01   8.6621865e-01   9.7093023e-01   8.6390711e-01   8.1144104e-01   9.7330452e-01   8.3856486e-01   9.8195751e-01   9.9958964e-01   8.7221066e-01   8.1790257e-01   9.9971491e-01   8.5732355e-01   9.3599124e-01   9.5702952e-01   9.5910748e-01   9.9350860e-01   9.4123598e-01   8.2500461e-01   8.7531188e-01   8.0844249e-01   8.9431299e-01   9.9514540e-01   8.2889906e-01   9.4950267e-01   9.7895826e-01   9.1378279e-01   9.9834919e-01   8.0499181e-01   8.1097339e-01   8.0655791e-01   8.5668334e-01   8.7212258e-01   0.0000000e+00   8.9401827e-01   8.7298444e-01   8.5671491e-01   9.0244638e-01   9.1558978e-01   8.2443567e-01   8.8381517e-01   9.7638295e-01   9.1572492e-01   9.9759315e-01   8.4904831e-01   9.5880654e-01   9.4324779e-01   9.8295267e-01   8.0596150e-01   9.1363532e-01   8.3197494e-01   8.8985986e-01   9.2031932e-01   8.8142651e-01   8.5949140e-01   9.2534962e-01   9.1072398e-01   8.8095626e-01   9.9339656e-01   8.4637068e-01   9.8720757e-01   8.6564993e-01   8.2792304e-01   8.0053772e-01   9.2066342e-01   9.5371953e-01   8.9543465e-01   8.2910545e-01   8.4165566e-01   8.4846758e-01   8.7887464e-01   9.9086801e-01   9.3575129e-01   8.0185468e-01   8.8595402e-01   9.1321095e-01   9.8362738e-01   9.3620670e-01   8.9260291e-01   9.2264344e-01   9.1471012e-01   8.4317458e-01   9.8862712e-01   9.1918189e-01   9.5337838e-01   9.1854538e-01   8.5486356e-01   8.3917114e-01   8.1428953e-01   9.1515713e-01   8.6238803e-01   8.6264727e-01   9.6369283e-01   8.4832300e-01
   9.1872328e-01   8.2437982e-01   9.5364577e-01   8.5244345e-01   8.7359267e-01   8.6389355e-01   9.8271134e-01   9.1844965e-01   8.1539752e-01   9.3275146e-01   8.2884176e-01   9.4602455e-01   8.3043431e-01   9.6798715e-01   9.4784623e-01   9.4578541e-01   8.0431858e-01   9.8918701e-01   9.2209625e-01   8.2905462e-01   8.1494761e-01   9.0234571e-01   8.9171273e-01   8.8689780e-01   8.5783510e-01   9.4458309e-01   9.0383371e-01   9.2200905e-01   9.3031519e-01   8.4946542e-01   8.5156776e-01   8.5087501e-01   8.3157028e-01   9.7458174e-01   8.2183868e-01   9.3383125e-01   8.9888552e-01   9.3126103e-01   9.2856191e-01   8.7252328e-01   8.4408803e-01   0.0000000e+00   8.2973996e-01   9.7668190e-01   8.5593815e-01   8.5246925e-01   8.6570793e-01   8.2330173e-01   8.4896032e-01   9.9473831e-01   9.1048788e-01   9.1059587e-01   8.0834350e-01   8.6566788e-01   9.3360463e-01   8.3746146e-01   8.1068967e-01   8.2528228e-01   8.5181846e-01   9.4878549e-01   9.1733252e-01   9.9701180e-01   9.9289276e-01   9.9250300e-01   8.8713527e-01   8.3890301e-01   9.2575632e-01   8.8608560e-01   9.8451433e-01   8.7085754e-01   9.5406455e-01   9.4914466e-01   8.4125524e-01   9.8219917e-01   9.3823632e-01   8.2907355e-01   8.2116735e-01   8.4577371e-01   9.9863654e-01   8.7248773e-01   9.9999525e-01   8.8323196e-01   9.9016425e-01   8.3188952e-01   9.0398769e-01   8.9767358e-01   9.6042414e-01   8.7189447e-01   9.9953179e-01   8.4974010e-01   9.1772201e-01   9.9113750e-01   8.8605923e-01   8.4493876e-01   9.0385778e-01   9.8965177e-01   9.2206669e-01   9.9848822e-01   8.0247920e-01   9.7750384e-01   8.2186990e-01
   8.3466072e-01   8.7809496e-01   9.0431660e-01   8.6783837e-01   8.5585982e-01   8.6522962e-01   9.0661971e-01   9.4379305e-01   8.9932389e-01   9.8178687e-01   9.8125172e-01   9.2467331e-01   9.6009973e-01   9.9099315e-01   8.7886650e-01   9.7127473e-01   8.4992123e-01   9.8963403e-01   9.6613820e-01   9.3751477e-01   9.4977508e-01   9.3719224e-01   9.1690106e-01   9.5901980e-01   8.1568601e-01   9.1663419e-01   9.1580131e-01   8.3632662e-01   9.9588956e-01   8.1748821e-01   8.1268255e-01   9.3585823e-01   9.2103002e-01   9.3957882e-01   8.3419336e-01   9.4717343e-01   9.7612085e-01   9.2697165e-01   9.9172699e-01   8.4355318e-01   8.5133717e-01   8.8520046e-01   0.0000000e+00   9.7025119e-01   8.9531405e-01   8.2538004e-01   9.8513300e-01   9.3653265e-01   8.3532571e-01   9.4067444e-01   8.0836074e-01   8.6440123e-01   8.6265853e-01   9.5450546e-01   9.5768717e-01   9.9460820e-01   8.6833281e-01   9.9995792e-01   9.8742902e-01   9.4752498e-01   9.0858750e-01   9.9235392e-01   9.0106283e-01   9.4770704e-01   8.5769065e-01   9.9153734e-01   9.2106478e-01   9.7426897e-01   8.2333019e-01   8.7353777e-01   9.0734275e-01   8.7603685e-01   9.2063986e-01   9.1837699e-01   8.0665995e-01   8.6252870e-01   9.7032644e-01   8.2443908e-01   8.9728931e-01   8.8508006e-01   9.8311312e-01   9.9773480e-01   9.5672013e-01   8.9647412e-01   9.0275733e-01   8.7684856e-01   9.3907243e-01   9.1056973e-01   9.1395681e-01   8.2655231e-01   9.5301245e-01   8.8598419e-01   8.8751887e-01   8.5383940e-01   8.7475686e-01   9.7137401e-01   9.1644579e-01   9.7755233e-01   9.7516349e-01   9.2014793e-01   9.0912286e-01
   8.6682884e-01   8.1624251e-01   9.7312628e-01   8.9897078e-01   8.3907055e-01   8.8938190e-01   9.7808188e-01   8.1029807e-01   8.7601037e-01   9.2848104e-01   8.5698809e-01   8.6227648e-01   9.0779861e-01   9.0335669e-01   8.8589735e-01   8.9539236e-01   9.7352477e-01   9.8501043e-01   8.4769012e-01   9.2419672e-01   9.0920234e-01   8.3244466e-01   8.4626558e-01   8.1020566e-01   9.5740997e-01   8.9620139e-01   9.8218851e-01   8.0784654e-01   9.0058753e-01   9.0427681e-01   8.2877961e-01   9.4725765e-01   8.7188297e-01   9.6409179e-01   8.9420728e-01   8.8594414e-01   8.3556211e-01   9.4736258e-01   9.5594545e-01   8.0870916e-01   8.7096246e-01   9.6617464e-01   8.6924653e-01   0.0000000e+00   8.8143678e-01   9.0398716e-01   9.1703273e-01   8.8255711e-01   8.7479777e-01   9.7946823e-01   8.9877433e-01   8.7791980e-01   8.9808261e-01   8.2553557e-01   8.7180852e-01   8.0599101e-01   8.3633818e-01   9.7001524e-01   9.7612338e-01   9.7477132e-01   9.1038618e-01   9.2545138e-01   8.5758967e-01   9.7892495e-01   8.4613568e-01   8.1951743e-01   8.2238728e-01   9.5457806e-01   9.7957109e-01   9.8627186e-01   9.7523770e-01   8.6704777e-01   8.9918150e-01   8.9021033e-01   8.3493148e-01   9.5983156e-01   8.1534186e-01   8.7861289e-01   8.5843130e-01   8.6547924e-01   8.5903054e-01   9.8419218e-01   9.8856541e-01   8.7929391e-01   9.2382666e-01   8.5542070e-01   8.3829535e-01   9.4907101e-01   9.8758828e-01   9.6450449e-01   9.7524178e-01   8.4319065e-01   8.9417269e-01   8.4638391e-01   9.8199730e-01   9.6628959e-01   8.7392926e-01   9.6466071e-01   9.9037998e-01   9.3962709e-01   8.7922405e-01
   8.4716550e-01   8.3227096e-01   8.2538520e-01   8.9147431e-01   8.7375770e-01   9.7950171e-01   8.8173744e-01   8.9306419e-01   8.8438580e-01   8.1692739e-01   9.1044128e-01   8.7400201e-01   9.3940658e-01   9.0795450e-01   8.5815865e-01   9.8168592e-01   9.4954874e-01   8.7374744e-01   9.4955787e-01   9.2989202e-01   9.6748077e-01   8.5682405e-01   8.7396953e-01   8.7461626e-01   8.3461104e-01   8.6762456e-01   8.8621922e-01   9.5103893e-01   8.6344663e-01   9.5267553e-01   9.5893121e-01   8.3070844e-01   9.7863729e-01   9.9416637e-01   8.8281995e-01   8.9927812e-01   8.5604656e-01   8.6538393e-01   9.6234785e-01   8.1008187e-01   8.3647784e-01   9.4983683e-01   8.8520452e-01   9.2315882e-01   0.0000000e+00   8.6473499e-01   8.6434369e-01   9.2441364e-01   8.1092530e-01   9.1632658e-01   8.2902988e-01   9.3983802e-01   8.5101110e-01   9.1520700e-01   9.2257619e-01   9.5846305e-01   9.8342629e-01   9.5458137e-01   8.5365691e-01   8.8736118e-01   8.1755164e-01   9.4119205e-01   8.7589573e-01   9.9912612e-01   8.4240215e-01   9.8988969e-01   8.8838514e-01   8.0499163e-01   9.5920852e-01   8.4546043e-01   8.4607257e-01   8.2738102e-01   8.4469318e-01   9.5273902e-01   8.7530555e-01   8.6751932e-01   8.4989510e-01   8.7924332e-01   9.2787760e-01   8.4591895e-01   8.4726087e-01   9.1143966e-01   9.0279161e-01   8.5601027e-01   8.3984894e-01   8.8770578e-01   9.1022115e-01   9.0775374e-01   8.8636602e-01   8.7100580e-01   9.9414918e-01   8.7059383e-01   8.0093559e-01   9.7289508e-01   9.9165536e-01   8.6977278e-01   8.1547468e-01   9.5442479e-01   8.1408535e-01   8.6487083e-01   9.0315083e-01
   9.5091109e-01   9.6777229e-01   9.5535448e-01   8.7910269e-01   8.8916027e-01   8.3231753e-01   9.7966766e-01   9.6097155e-01   9.4583259e-01   9.0547131e-01   9.7651735e-01   8.2715863e-01   8.9439850e-01   8.8402175e-01   9.2864778e-01   9.0513721e-01   8.0489583e-01   8.1186378e-01   9.6867909e-01   8.4970658e-01   8.6623675e-01   8.8388970e-01   9.2778822e-01   8.6152928e-01   8.6579389e-01   9.5915993e-01   9.1706850e-01   9.3326028e-01   9.9799979e-01   9.4460400e-01   9.9506987e-01   8.1134689e-01   9.8623730e-01   9.7404405e-01   9.1883117e-01   9.3734094e-01   8.2845899e-01   9.0432193e-01   8.2885154e-01   8.7207160e-01   8.9158688e-01   8.2607380e-01   9.7029088e-01   8.7830413e-01   9.4234574e-01   0.0000000e+00   8.1633392e-01   9.8774739e-01   9.5948769e-01   8.2278096e-01   9.5513170e-01   8.2967653e-01   8.6327563e-01   8.7115005e-01   8.2591502e-01   8.8712907e-01   9.3828682e-01   9.4198996e-01   8.7408164e-01   8.4234766e-01   8.2616157e-01   9.0536319e-01   8.7785320e-01   9.0158787e-01   9.5518790e-01   8.8116902e-01   9.3992684e-01   9.0479048e-01   9.6330834e-01   9.8246525e-01   8.0468079e-01   8.9635701e-01   8.8322165e-01   9.9819450e-01   9.5429721e-01   8.0365420e-01   9.5692509e-01   9.5805433e-01   8.7159089e-01   9.1442175e-01   8.2507687e-01   9.7044880e-01   9.0809101e-01   9.3686454e-01   9.3888297e-01   9.6540319e-01   9.2981707e-01   9.8417041e-01   8.4745527e-01   8.0527127e-01   8.3551493e-01   9.7986790e-01   8.8427429e-01   8.9061228e-01   8.0551634e-01   9.9428544e-01   9.5938110e-01   8.7724861e-01   9.7383628e-01   9.1846794e-01   8.4095507e-01
   9.6454493e-01   9.4246825e-01   9.1998143e-01   8.1784608e-01   9.1721004e-01   8.9210250e-01   8.4623888e-01   9.3478487e-01   9.0088957e-01   9.7013438e-01   8.9583813e-01   9.8792657e-01   8.0765905e-01   9.9719584e-01   8.0298470e-01   8.0423827e-01   8.9684835e-01   9.2449169e-01   9.7075778e-01   9.7392779e-01   9.8751848e-01   9.2793850e-01   9.7526634e-01   8.1591189e-01   9.1749089e-01   8.3428529e-01   9.3502750e-01   8.7293920e-01   9.5820654e-01   8.2049967e-01   8.3467826e-01   8.0510819e-01   8.8808356e-01   8.8553764e-01   8.6830731e-01   8.2725728e-01   9.1123382e-01   8.1552376e-01   8.8382461e-01   8.7075832e-01   8.5753312e-01   8.6063011e-01   9.4746602e-01   9.7852856e-01   9.5956376e-01   9.3036206e-01   0.0000000e+00   9.1429197e-01   9.4375196e-01   9.4907115e-01   9.8765993e-01   9.7572285e-01   9.3213324e-01   9.4353942e-01   8.3048262e-01   9.4466001e-01   9.3517310e-01   8.5781752e-01   8.2742718e-01   8.6500743e-01   9.9881695e-01   8.1874547e-01   9.8889206e-01   8.6621712e-01   9.7986188e-01   9.3860980e-01   8.6366104e-01   8.9204971e-01   9.9945964e-01   8.5490029e-01   9.9757324e-01   9.8181778e-01   9.4289974e-01   8.2255866e-01   8.7562115e-01   8.3923757e-01   8.2402429e-01   8.5558482e-01   8.9498342e-01   9.2777863e-01   9.2723423e-01   8.6452498e-01   8.8678717e-01   8.2382567e-01   8.3663458e-01   8.3423521e-01   9.2464318e-01   8.6521939e-01   9.9020654e-01   8.7342521e-01   8.6213572e-01   8.0642099e-01   9.8211587e-01   9.7570106e-01   8.4497283e-01   8.3933091e-01   8.9273091e-01   8.6564483e-01   8.6414944e-01   8.4615466e-01   8.4392728e-01
   8.5192380e-01   9.2412104e-01   9.7209816e-01   8.6721386e-01   8.9770533e-01   9.4660322e-01   9.2224414e-01   8.3082439e-01   9.7964756e-01   9.4783104e-01   9.4361942e-01   9.7442264e-01   8.8625005e-01   8.2552397e-01   9.0986670e-01   8.7629311e-01   8.8475438e-01   9.5196721e-01   9.9339031e-01   9.1346677e-01   8.9255828e-01   8.4877650e-01   9.0470334e-01   9.7672737e-01   8.2579650e-01   9.8039507e-01   8.6003181e-01   9.7624015e-01   8.2996852e-01   8.9158690e-01   8.2164820e-01   8.9364108e-01   8.2094816e-01   8.8120768e-01   8.1588493e-01   8.9539666e-01   9.4910162e-01   8.5758916e-01   8.6705609e-01   8.4288226e-01   8.1030846e-01   9.6022865e-01   8.1523083e-01   9.1278349e-01   9.7160689e-01   8.8113487e-01   8.1562481e-01   0.0000000e+00   8.7061203e-01   9.8408405e-01   9.2989491e-01   8.4040283e-01   8.4039952e-01   9.3361273e-01   8.8010614e-01   8.7993465e-01   8.9750354e-01   8.5453240e-01   9.6032024e-01   8.7907918e-01   9.1275249e-01   8.3291856e-01   8.8033073e-01   8.9136680e-01   9.4565346e-01   9.7966117e-01   9.4287058e-01   9.0709728e-01   9.6998979e-01   9.7072951e-01   9.4562638e-01   8.5381911e-01   9.1986703e-01   9.2038864e-01   8.9303065e-01   8.9147740e-01   8.3521119e-01   8.7838585e-01   8.2539078e-01   9.4561531e-01   9.4699312e-01   9.1289084e-01   8.7656240e-01   9.7959103e-01   9.0497460e-01   8.8450470e-01   9.6426518e-01   8.7253644e-01   9.1322203e-01   8.9987983e-01   8.6015120e-01   9.0050012e-01   8.9157880e-01   8.6947088e-01   9.1661972e-01   8.4842700e-01   9.1788675e-01   9.7015796e-01   8.6219964e-01   9.9269459e-01   8.9765187e-01
   8.1648051e-01   8.8821979e-01   8.2962759e-01   8.5923139e-01   9.6818769e-01   8.3317955e-01   8.6794231e-01   9.2633317e-01   8.2726920e-01   9.1266647e-01   9.9519772e-01   9.1636540e-01   9.9568992e-01   8.1252420e-01   9.8039429e-01   9.4614512e-01   9.0038163e-01   9.8716452e-01   9.6048216e-01   9.7324602e-01   8.5762509e-01   9.2542706e-01   9.8066924e-01   8.4550482e-01   9.5848916e-01   9.7846698e-01   9.2801870e-01   8.8593694e-01   8.3116167e-01   9.7067675e-01   9.8589567e-01   9.6419622e-01   9.7611381e-01   9.9927348e-01   9.1504348e-01   8.6046874e-01   8.0752007e-01   8.1036076e-01   9.6916195e-01   9.4472551e-01   8.3606146e-01   8.3558038e-01   8.5653849e-01   9.4728190e-01   8.4306138e-01   9.4285012e-01   8.9636115e-01   8.0475704e-01   0.0000000e+00   9.5619380e-01   8.6163168e-01   8.2450502e-01   8.7872989e-01   8.2457914e-01   8.2373888e-01   8.6413135e-01   9.6318061e-01   8.6264586e-01   8.8990868e-01   9.4764282e-01   8.5259451e-01   8.5256725e-01   8.7312136e-01   8.2074084e-01   8.2152833e-01   8.4655889e-01   9.2326005e-01   8.6641766e-01   9.3670694e-01   9.6595049e-01   8.9805402e-01   8.4387106e-01   9.0623896e-01   8.5361315e-01   8.0019858e-01   8.8895496e-01   8.9914125e-01   8.8801149e-01   8.2378956e-01   8.6558829e-01   9.5894297e-01   8.9720227e-01   9.0655646e-01   9.9060641e-01   9.5899453e-01   8.3103339e-01   8.5055146e-01   9.5779291e-01   9.1437828e-01   8.4459641e-01   9.6096081e-01   9.7361724e-01   8.8817906e-01   9.7559901e-01   8.9469497e-01   8.6428063e-01   8.9786255e-01   9.4605938e-01   8.2559662e-01   8.9911788e-01   9.4860724e-01
   9.9689922e-01   8.1322973e-01   9.2014011e-01   8.9999128e-01   8.7220917e-01   9.2729737e-01   8.4045894e-01   9.6346701e-01   8.1460474e-01   9.2783398e-01   9.7370525e-01   8.9429804e-01   9.1522838e-01   9.8051743e-01   9.0605629e-01   9.7617879e-01   8.7778753e-01   8.5763467e-01   9.0459983e-01   9.8272605e-01   9.7250677e-01   9.1710249e-01   9.2744556e-01   8.4988383e-01   8.4826966e-01   9.7890424e-01   8.6788095e-01   8.5523550e-01   8.4928905e-01   8.9745807e-01   9.3287513e-01   8.0495460e-01   9.9107697e-01   9.1813132e-01   8.4216964e-01   8.7593149e-01   9.7512007e-01   8.8839655e-01   8.2399234e-01   8.5009408e-01   9.2092481e-01   8.0877065e-01   9.4175418e-01   8.9887358e-01   9.7950110e-01   9.1494233e-01   8.6716142e-01   8.8043528e-01   8.4373386e-01   0.0000000e+00   8.2183559e-01   8.2098612e-01   9.2748246e-01   9.2875302e-01   8.1148329e-01   9.2132645e-01   8.7962349e-01   9.7337256e-01   8.8630530e-01   9.6913144e-01   8.3352750e-01   8.4630947e-01   9.1044091e-01   8.9800613e-01   9.6700952e-01   8.3456350e-01   8.9267102e-01   9.9944451e-01   8.0089117e-01   9.8941219e-01   8.7301922e-01   8.5452434e-01   8.7387846e-01   8.7875652e-01   8.0359045e-01   8.7651638e-01   8.6751645e-01   8.2703937e-01   8.6827181e-01   9.7598838e-01   8.3123890e-01   9.5702470e-01   9.1431431e-01   9.4493858e-01   8.5731869e-01   8.8178490e-01   8.2428917e-01   8.5185559e-01   8.6376681e-01   9.8558318e-01   9.0703560e-01   8.0756694e-01   8.1554284e-01   8.2970850e-01   8.8338002e-01   8.2021463e-01   8.0238371e-01   8.9420405e-01   8.5250565e-01   9.8217385e-01   8.7706792e-01
   9.9168436e-01   8.1527107e-01   9.9402820e-01   9.2380761e-01   9.3310927e-01   8.7013774e-01   8.4221002e-01   8.3185760e-01   9.0318924e-01   8.6917169e-01   8.1580260e-01   9.2733126e-01   8.6367685e-01   9.0654680e-01   9.3018363e-01   9.7201509e-01   9.1640506e-01   9.6199950e-01   9.7922853e-01   8.8633891e-01   8.6630635e-01   9.5937018e-01   8.6857472e-01   8.6661877e-01   9.7233941e-01   8.4052968e-01   9.2648684e-01   9.9761797e-01   9.0953139e-01   8.1650304e-01   8.2873288e-01   8.6744517e-01   9.0844846e-01   8.7804439e-01   9.1679901e-01   8.6104550e-01   9.3169829e-01   9.2325961e-01   9.5792081e-01   9.8021971e-01   9.1874650e-01   8.1361679e-01   8.5253503e-01   9.6477619e-01   9.0966080e-01   9.5944361e-01   9.1297762e-01   9.3695045e-01   8.5979797e-01   8.0205010e-01   0.0000000e+00   9.0792134e-01   9.7775842e-01   9.0901539e-01   8.3335667e-01   8.1093777e-01   9.5551128e-01   8.4178979e-01   8.1816443e-01   8.2450488e-01   9.1561149e-01   8.5927324e-01   9.4596897e-01   9.8067424e-01   9.5398258e-01   8.3430639e-01   8.4960944e-01   9.4726086e-01   9.8392573e-01   8.0650898e-01   9.7759695e-01   9.3774668e-01   8.6457937e-01   9.2997839e-01   9.9447102e-01   8.7323297e-01   8.3632177e-01   9.1548369e-01   9.2254618e-01   8.3299987e-01   8.4511316e-01   9.2450857e-01   8.5394676e-01   9.5192336e-01   8.8874308e-01   9.2926810e-01   9.2172840e-01   9.7549389e-01   8.2503406e-01   8.9736069e-01   9.5841007e-01   9.6497035e-01   8.8747327e-01   9.1948836e-01   9.5227136e-01   9.4498393e-01   8.9209774e-01   9.7991775e-01   9.5443826e-01   8.8405289e-01   9.0006528e-01
   8.7085679e-01   8.4333081e-01   8.8976158e-01   9.2405259e-01   8.2682045e-01   9.5405807e-01   9.4008852e-01   9.9726676e-01   9.4455790e-01   8.6823238e-01   9.7920144e-01   9.4619077e-01   9.8792340e-01   9.3724038e-01   8.2974575e-01   8.3598718e-01   9.0961939e-01   8.2506198e-01   8.5611340e-01   8.1420448e-01   8.1417565e-01   9.7831739e-01   9.1286731e-01   9.3865596e-01   8.0040598e-01   9.0467982e-01   9.0512590e-01   9.2806093e-01   9.0686236e-01   8.6593249e-01   9.5790428e-01   9.9249543e-01   8.3748749e-01   9.3881467e-01   8.6587135e-01   9.3201363e-01   8.7621934e-01   8.9442866e-01   9.4182696e-01   9.8677412e-01   9.6920595e-01   8.5711880e-01   9.6435202e-01   9.4402870e-01   9.8825600e-01   8.4409293e-01   8.1539760e-01   9.2129216e-01   9.9954898e-01   9.8228987e-01   8.1989788e-01   0.0000000e+00   9.8092958e-01   8.0644853e-01   9.6204261e-01   9.7049746e-01   9.5851794e-01   9.2050014e-01   9.4096727e-01   9.3992941e-01   8.6671853e-01   9.9569419e-01   8.1298063e-01   8.6117402e-01   9.6848012e-01   9.6859130e-01   9.7649812e-01   9.1261671e-01   8.7645090e-01   9.1178057e-01   8.4672139e-01   8.1815937e-01   9.7165789e-01   9.1504166e-01   9.5552111e-01   9.1661408e-01   9.8401775e-01   8.8459763e-01   9.5378253e-01   8.5419960e-01   8.9745144e-01   9.1175839e-01   9.1669812e-01   9.0958897e-01   8.1980385e-01   8.7740784e-01   8.7428092e-01   8.8424593e-01   8.5674508e-01   8.7584148e-01   8.4651280e-01   9.2905033e-01   9.3858566e-01   8.5249113e-01   8.2587917e-01   9.9901135e-01   9.1587356e-01   9.1851538e-01   9.1859187e-01   9.8956386e-01   9.4738281e-01
   8.9875055e-01   8.5101221e-01   8.9185995e-01   9.3239361e-01   8.3633991e-01   8.4415024e-01   8.5369160e-01   9.2738539e-01   8.2849614e-01   8.1888670e-01   8.4598282e-01   8.2409275e-01   8.2257020e-01   8.4533307e-01   9.6642452e-01   9.6088253e-01   8.9507212e-01   8.8131509e-01   9.8626818e-01   8.2308231e-01   9.4580478e-01   9.5002027e-01   9.0856513e-01   8.6855895e-01   8.8087738e-01   9.9544307e-01   8.6445807e-01   9.5150408e-01   9.3714307e-01   8.1178923e-01   9.2538000e-01   9.9390221e-01   8.5747975e-01   8.7985481e-01   9.8600374e-01   9.8223766e-01   8.5359997e-01   8.0229668e-01   9.2751239e-01   9.8072819e-01   8.8464929e-01   9.9567167e-01   9.2855791e-01   9.6563290e-01   8.1869664e-01   8.5308400e-01   9.1883664e-01   8.0171585e-01   9.5609142e-01   8.0589892e-01   9.6616047e-01   8.9372761e-01   0.0000000e+00   8.0665816e-01   8.3002969e-01   9.7940970e-01   9.4449421e-01   9.4739886e-01   9.8938268e-01   9.2243822e-01   9.0858375e-01   9.6130847e-01   9.3579348e-01   8.2947419e-01   8.2721441e-01   8.4546548e-01   9.9317113e-01   8.1971797e-01   9.4026685e-01   8.3471927e-01   9.6422283e-01   9.7030334e-01   9.9993834e-01   9.2277553e-01   8.4003536e-01   9.8585171e-01   8.5063795e-01   8.3301829e-01   9.5001976e-01   8.7654712e-01   8.0140820e-01   8.3772451e-01   9.6032734e-01   9.7716842e-01   9.0889810e-01   9.2681527e-01   9.6792926e-01   8.4538662e-01   9.3562067e-01   8.3400410e-01   9.4756167e-01   8.0337451e-01   9.3594003e-01   8.6263884e-01   9.8759554e-01   8.2671164e-01   9.3132522e-01   9.2388713e-01   8.4414987e-01   8.9949805e-01   8.8312538e-01
   9.5089608e-01   9.0969174e-01   9.5807317e-01   9.1335628e-01   8.0943696e-01   8.7264471e-01   8.5087250e-01   9.3481188e-01   8.7102318e-01   8.3620765e-01   9.5351919e-01   9.4821864e-01   9.7399263e-01   9.1790237e-01   9.6974319e-01   9.3141197e-01   9.9338268e-01   9.7489957e-01   9.0483662e-01   9.6691725e-01   8.0189974e-01   9.5634374e-01   8.6436134e-01   9.7568332e-01   9.8842259e-01   8.6393730e-01   8.8548369e-01   9.0865407e-01   9.8472951e-01   9.2212880e-01   9.2067972e-01   9.5055252e-01   9.0636134e-01   8.4194633e-01   8.0172158e-01   8.0474716e-01   8.7321620e-01   8.6102680e-01   8.0992112e-01   8.4370953e-01   9.8086400e-01   8.9258978e-01   8.9630046e-01   8.3651782e-01   8.2319561e-01   8.6494804e-01   9.5641074e-01   8.6363548e-01   9.2386778e-01   9.4260273e-01   8.0080110e-01   9.7489836e-01   9.8441283e-01   0.0000000e+00   9.0670674e-01   9.0408581e-01   9.0463818e-01   8.6429777e-01   9.2728578e-01   9.4967791e-01   8.6312572e-01   9.3877075e-01   8.3686471e-01   9.6528150e-01   8.7207435e-01   9.4360286e-01   9.1287056e-01   8.2078432e-01   8.5759899e-01   8.9815051e-01   9.0522007e-01   8.6663409e-01   9.3662963e-01   9.6140265e-01   9.1030306e-01   9.9948641e-01   9.1323867e-01   9.8050425e-01   9.6415145e-01   9.8026143e-01   9.7061263e-01   8.7276352e-01   9.1968763e-01   8.6273072e-01   9.9367821e-01   9.9418070e-01   9.9262035e-01   8.4202311e-01   9.3637892e-01   9.8405937e-01   9.4906505e-01   8.5472013e-01   9.3762235e-01   8.3825045e-01   9.2790669e-01   8.4012611e-01   9.3152296e-01   9.5337170e-01   9.6149579e-01   9.0235147e-01   8.3655234e-01
   9.5081560e-01   8.3834940e-01   8.7415478e-01   8.3620957e-01   8.2101647e-01   9.9288960e-01   8.2790984e-01   9.6651911e-01   8.8575007e-01   9.4113177e-01   8.1528949e-01   8.7021147e-01   8.6995954e-01   8.5331183e-01   9.8263121e-01   9.3280449e-01   9.9892931e-01   9.4087603e-01   8.7964010e-01   8.2311419e-01   8.9124966e-01   9.4200349e-01   9.0204145e-01   9.4539671e-01   8.7189064e-01   8.3659323e-01   9.5924332e-01   8.3870756e-01   9.3244585e-01   8.0543362e-01   8.6390688e-01   9.2519931e-01   9.0549697e-01   9.6279288e-01   8.5179650e-01   8.8056993e-01   9.4201653e-01   9.2905315e-01   9.3445297e-01   9.0932309e-01   8.9318734e-01   9.7821273e-01   8.9463374e-01   8.4916357e-01   8.8009662e-01   9.2558273e-01   8.2220298e-01   9.7231452e-01   8.2419190e-01   9.3171468e-01   8.1966333e-01   8.9942832e-01   9.8958379e-01   9.2279966e-01   0.0000000e+00   8.3616907e-01   9.5358467e-01   8.8801215e-01   8.0176863e-01   8.6354253e-01   8.7310205e-01   8.9329915e-01   8.6213671e-01   8.2121325e-01   9.0667962e-01   8.9936569e-01   8.5488277e-01   8.5745188e-01   8.4386305e-01   8.2374056e-01   9.8711236e-01   8.6735399e-01   9.4836884e-01   9.1974332e-01   9.5271537e-01   8.9603542e-01   9.2041704e-01   9.0983208e-01   8.4106589e-01   9.0879729e-01   9.3730189e-01   8.2316609e-01   8.9245368e-01   8.4300995e-01   9.3348063e-01   9.5473232e-01   9.5041488e-01   9.4638544e-01   8.5436853e-01   8.2620342e-01   8.0914261e-01   8.5313763e-01   8.8517307e-01   8.9490179e-01   8.0407012e-01   8.8799209e-01   9.2949371e-01   9.2238867e-01   9.9803028e-01   9.5404043e-01   9.9713021e-01
   8.0362776e-01   8.2408420e-01   8.1875640e-01   9.0074390e-01   8.1425309e-01   9.1146506e-01   8.9748132e-01   8.6922319e-01   9.0275394e-01   9.8328475e-01   9.2066998e-01   8.7785552e-01   9.3882084e-01   8.4351393e-01   9.5096047e-01   8.3340021e-01   9.5858901e-01   9.6304604e-01   9.1880025e-01   8.6058586e-01   8.1291669e-01   8.5031025e-01   9.7634654e-01   9.3124280e-01   9.7286761e-01   9.4756057e-01   8.8342112e-01   8.6008717e-01   8.5179001e-01   8.2103636e-01   9.5728815e-01   8.1272638e-01   9.9096228e-01   9.8212333e-01   8.1103058e-01   8.5937157e-01   8.5523724e-01   9.0588180e-01   8.6032697e-01   9.5912700e-01   8.1404394e-01   8.6726644e-01   9.7357456e-01   9.4730971e-01   9.8676785e-01   8.0189957e-01   8.4217570e-01   9.4728614e-01   9.1744398e-01   9.9072433e-01   8.2345167e-01   8.6297328e-01   8.5311193e-01   8.5900696e-01   8.8962540e-01   0.0000000e+00   8.9007700e-01   8.3659196e-01   9.1861406e-01   9.2272814e-01   8.6963740e-01   8.9447297e-01   9.5171911e-01   9.8499006e-01   9.5644735e-01   8.4660063e-01   9.0426434e-01   9.5217373e-01   9.8711392e-01   8.1920515e-01   9.3093306e-01   8.5095283e-01   9.5103396e-01   9.2895155e-01   9.0988611e-01   8.4470111e-01   9.6189894e-01   8.7403488e-01   9.5790214e-01   8.3056216e-01   9.2644011e-01   9.9144115e-01   9.2581066e-01   9.6762990e-01   8.5749151e-01   9.6370387e-01   9.9554488e-01   9.3815706e-01   9.0379080e-01   9.2331525e-01   9.5727701e-01   8.0311562e-01   9.4234968e-01   9.2400477e-01   8.6594441e-01   9.3503411e-01   9.9379919e-01   9.7673273e-01   8.6006352e-01   9.4150165e-01   9.3479679e-01
   9.9301608e-01   9.3209619e-01   9.0025998e-01   9.3771401e-01   8.6392390e-01   8.8250793e-01   8.5868153e-01   8.2676092e-01   9.9967882e-01   8.0825200e-01   8.0594529e-01   8.4128383e-01   9.7044688e-01   8.5578492e-01   9.8054360e-01   8.3765907e-01   8.7564437e-01   9.0804753e-01   9.4436424e-01   8.5141189e-01   8.3092027e-01   8.7284380e-01   9.7734117e-01   8.1754004e-01   8.7462101e-01   9.0604522e-01   8.7019045e-01   9.5866842e-01   8.7137375e-01   9.1867200e-01   9.7977426e-01   8.7570975e-01   8.5887033e-01   8.0843602e-01   9.5712316e-01   8.7563088e-01   8.3791272e-01   8.5107284e-01   9.0124880e-01   8.3373159e-01   8.5408084e-01   8.4225605e-01   9.0291211e-01   8.8187809e-01   9.6432694e-01   9.6615533e-01   8.2339802e-01   8.4694158e-01   8.1995797e-01   8.4134668e-01   8.8791298e-01   9.0932592e-01   8.9155256e-01   8.7702480e-01   9.2150495e-01   9.1763617e-01   0.0000000e+00   8.5347625e-01   8.2429327e-01   9.1321343e-01   8.2997105e-01   9.6618264e-01   8.1307098e-01   9.8425497e-01   9.7676178e-01   8.2168590e-01   8.3014091e-01   8.2841590e-01   8.7842334e-01   8.1774491e-01   9.0796703e-01   9.7529417e-01   9.5022761e-01   9.4661944e-01   9.6460886e-01   9.8846433e-01   9.6617188e-01   9.3319723e-01   9.4581165e-01   9.2902586e-01   8.8996980e-01   8.7246986e-01   8.9816371e-01   8.5015501e-01   8.9981921e-01   9.9098207e-01   9.9427216e-01   8.8048610e-01   8.2154352e-01   9.9493786e-01   9.9661767e-01   8.9994592e-01   8.5578084e-01   8.7128359e-01   9.2491280e-01   8.5204460e-01   8.2072909e-01   9.9615139e-01   8.9643130e-01   9.3861023e-01   9.9073467e-01
   9.1191950e-01   8.6758709e-01   8.9714307e-01   8.5311029e-01   8.5705893e-01   8.5082751e-01   9.8142238e-01   8.7477686e-01   9.5039482e-01   9.5092439e-01   9.3984091e-01   9.3377947e-01   8.3949588e-01   9.0451618e-01   9.9962459e-01   9.1195700e-01   9.2983973e-01   8.4594377e-01   9.8564927e-01   9.4942292e-01   8.2827193e-01   9.8462555e-01   9.1493053e-01   9.9779105e-01   8.6470221e-01   9.8063274e-01   8.3730989e-01   8.3949240e-01   9.7467795e-01   8.4706126e-01   8.5304552e-01   9.4585184e-01   9.0003855e-01   8.4572948e-01   8.1612928e-01   9.9335197e-01   9.4442166e-01   8.6358980e-01   9.4886073e-01   9.7331123e-01   8.0329860e-01   8.9039804e-01   8.2752388e-01   8.8719702e-01   8.2729355e-01   8.6155615e-01   9.3553282e-01   8.6648302e-01   8.9927608e-01   8.3764922e-01   8.7102314e-01   8.7490287e-01   9.0213780e-01   8.2350282e-01   9.9493013e-01   9.7325411e-01   9.7943200e-01   0.0000000e+00   8.7360924e-01   9.4535776e-01   9.8235802e-01   9.9481280e-01   9.7136818e-01   9.5015002e-01   8.7590321e-01   8.2039884e-01   8.5740534e-01   8.0185611e-01   8.1253061e-01   8.3509536e-01   8.7104027e-01   8.2932175e-01   9.8392907e-01   8.2946016e-01   8.1681748e-01   9.0085228e-01   9.1843296e-01   9.8618798e-01   9.6011680e-01   9.4539228e-01   9.8146893e-01   8.4131592e-01   8.8385659e-01   9.3169899e-01   8.7315840e-01   8.8110016e-01   8.8159219e-01   9.8498055e-01   8.7922101e-01   8.4711165e-01   9.3149415e-01   9.3155383e-01   9.1514276e-01   8.0887852e-01   8.4277702e-01   8.3295108e-01   8.3895626e-01   8.0596708e-01   9.1971064e-01   8.9326684e-01   8.4688256e-01
   8.0208385e-01   9.6327777e-01   8.6566978e-01   9.8415167e-01   8.1380843e-01   9.9340730e-01   8.9938766e-01   8.6613837e-01   8.3831151e-01   8.9801069e-01   9.0174755e-01   9.0639049e-01   8.4587502e-01   8.8573026e-01   8.9709571e-01   9.1256755e-01   9.1991206e-01   9.7209656e-01   8.7614120e-01   8.9877482e-01   9.4921824e-01   9.5027596e-01   9.3233260e-01   9.1734195e-01   8.4464962e-01   8.2566570e-01   8.4131707e-01   8.2364409e-01   8.9183294e-01   9.9060777e-01   8.8628882e-01   9.4597060e-01   8.0687103e-01   9.3119446e-01   9.6038991e-01   8.5041346e-01   9.3216380e-01   8.2265755e-01   8.4813645e-01   9.3394323e-01   8.9034216e-01   9.8941561e-01   8.1271865e-01   8.3561936e-01   8.8457109e-01   9.3604818e-01   9.2052194e-01   9.7639884e-01   9.9298483e-01   8.2962412e-01   8.4833026e-01   9.1427079e-01   8.8080447e-01   9.2479044e-01   9.0205085e-01   9.3397337e-01   9.6275183e-01   9.6326554e-01   0.0000000e+00   8.2808938e-01   9.6261103e-01   8.6952238e-01   8.8251148e-01   8.4633891e-01   8.8764963e-01   8.7030951e-01   8.1021189e-01   9.3954546e-01   9.5747702e-01   9.6206911e-01   8.2012649e-01   8.5516373e-01   9.5989332e-01   8.4706232e-01   8.7772326e-01   9.5735478e-01   9.6077662e-01   8.3946148e-01   8.7163161e-01   8.3162853e-01   9.4866110e-01   8.2264402e-01   8.0075713e-01   8.0442246e-01   8.7000873e-01   8.5061748e-01   9.3313949e-01   9.9072752e-01   8.6508166e-01   9.2841351e-01   9.1031985e-01   9.6789332e-01   8.4475465e-01   8.0049713e-01   9.7286092e-01   9.9548380e-01   9.7215832e-01   9.2927137e-01   9.5787169e-01   8.2301086e-01   8.2385537e-01
   9.3353033e-01   9.5886456e-01   8.3728343e-01   9.3379407e-01   8.6221681e-01   8.6588887e-01   8.7260832e-01   9.0940739e-01   8.2828543e-01   8.1863461e-01   8.7771277e-01   8.3287628e-01   8.0268276e-01   8.4530132e-01   8.2715044e-01   9.9219165e-01   8.0465073e-01   9.7944795e-01   8.1326644e-01   8.8220903e-01   9.3632287e-01   8.4993752e-01   8.0102803e-01   8.3185534e-01   9.4242562e-01   9.9013361e-01   8.8300165e-01   8.0429611e-01   8.0657527e-01   9.5982112e-01   9.1277481e-01   8.3044103e-01   9.3396161e-01   9.8772560e-01   9.4415329e-01   8.4577720e-01   9.1000370e-01   8.1472556e-01   9.0330581e-01   9.7967326e-01   9.7828556e-01   9.7038559e-01   8.6063927e-01   8.9350779e-01   9.7069472e-01   9.0823978e-01   9.1208531e-01   9.5781341e-01   8.6823058e-01   9.0856634e-01   8.9770881e-01   9.0742320e-01   9.1994244e-01   8.9449659e-01   8.2193425e-01   8.6287142e-01   8.4527502e-01   8.9914281e-01   8.0419680e-01   0.0000000e+00   9.9205278e-01   9.0461418e-01   9.7871089e-01   8.5796398e-01   8.0608056e-01   9.3350772e-01   9.2941886e-01   9.4867351e-01   8.5104838e-01   9.3630443e-01   9.3070266e-01   9.3476194e-01   8.0355381e-01   8.3620393e-01   9.5761640e-01   9.9987232e-01   9.2792431e-01   8.1016034e-01   9.9214977e-01   9.7617313e-01   8.2850196e-01   9.2248697e-01   8.4959881e-01   8.4309875e-01   9.2048853e-01   9.5902115e-01   9.0819571e-01   9.9029735e-01   8.5018575e-01   8.0598027e-01   9.3248909e-01   9.9538066e-01   8.5199553e-01   8.9240704e-01   8.1857706e-01   8.8937018e-01   9.9711477e-01   9.0032589e-01   9.4731093e-01   9.9286613e-01   9.3653272e-01
   8.0446717e-01   8.3106317e-01   9.9815004e-01   8.1389650e-01   9.6334679e-01   8.4124159e-01   9.2479604e-01   9.3014339e-01   9.2875264e-01   9.6238622e-01   9.3340206e-01   9.3908279e-01   9.4151712e-01   8.3030047e-01   9.5478620e-01   9.3926724e-01   8.9270556e-01   8.0417030e-01   9.8502671e-01   8.3052194e-01   8.0166836e-01   9.2842276e-01   9.7982396e-01   9.5118094e-01   9.5260390e-01   8.8679730e-01   9.2612039e-01   9.6246320e-01   9.7813465e-01   9.1414945e-01   8.3565162e-01   8.1063810e-01   9.5265273e-01   9.3431016e-01   8.0086830e-01   9.1138639e-01   9.1603812e-01   9.1771897e-01   9.5004454e-01   8.9399701e-01   9.7800267e-01   8.7981444e-01   9.2134466e-01   9.4619943e-01   9.4294101e-01   8.1234294e-01   8.4698249e-01   9.2388069e-01   9.2889239e-01   8.2740712e-01   8.4695171e-01   9.9957131e-01   9.4279565e-01   9.8630273e-01   9.6445898e-01   9.9138301e-01   9.6382764e-01   8.3766070e-01   9.0233729e-01   9.6047978e-01   0.0000000e+00   9.4785294e-01   8.3136900e-01   9.9261802e-01   9.8325694e-01   9.9016829e-01   8.9652160e-01   9.7337651e-01   8.8564187e-01   8.4689674e-01   8.6482086e-01   9.0158344e-01   8.6860474e-01   8.2956583e-01   9.5592500e-01   8.9983356e-01   8.4654672e-01   9.4358793e-01   9.9442670e-01   9.2705109e-01   8.4253563e-01   8.4511290e-01   9.9773083e-01   9.8487399e-01   9.4863108e-01   9.5178248e-01   9.7718378e-01   8.6498629e-01   9.4523727e-01   8.5535042e-01   9.1405782e-01   9.9447008e-01   9.7343992e-01   8.1497489e-01   8.4785660e-01   8.5734393e-01   8.6909284e-01   8.2018864e-01   9.0064824e-01   8.8248618e-01   8.5825575e-01
   8.2200646e-01   9.7642050e-01   9.1671470e-01   8.6116540e-01   8.7029618e-01   8.0109440e-01   9.6334746e-01   8.3854718e-01   8.2807699e-01   9.7133676e-01   9.1839864e-01   9.7914945e-01   8.5902611e-01   9.9311291e-01   8.3531113e-01   9.1181149e-01   8.2460377e-01   9.3011487e-01   9.1574297e-01   8.7008371e-01   9.6362087e-01   8.9807212e-01   9.5775852e-01   8.2007272e-01   9.1942547e-01   8.1644001e-01   8.4938363e-01   8.5923648e-01   8.0764116e-01   9.9389980e-01   9.8982113e-01   8.8234835e-01   9.2083373e-01   9.9482494e-01   8.2442777e-01   9.0579280e-01   9.7358323e-01   9.9335939e-01   8.2766237e-01   8.2172439e-01   9.6767794e-01   8.9128857e-01   8.4913909e-01   8.2897489e-01   9.9346137e-01   9.1038836e-01   9.3516889e-01   8.0116885e-01   9.9358431e-01   9.7787108e-01   9.2524787e-01   9.5972318e-01   9.1078609e-01   9.9717521e-01   8.9426136e-01   9.8385830e-01   9.7336758e-01   9.2679523e-01   8.2846801e-01   8.0392314e-01   8.7363175e-01   0.0000000e+00   8.4993084e-01   9.1342372e-01   9.1577354e-01   8.6646546e-01   9.8913995e-01   9.6939969e-01   9.2223403e-01   8.6266722e-01   9.4888164e-01   9.2751792e-01   9.3186052e-01   8.4487237e-01   9.8137421e-01   8.0667215e-01   8.8272705e-01   8.0584420e-01   9.3287401e-01   9.6794433e-01   9.8022966e-01   9.1294541e-01   9.5931450e-01   8.7158859e-01   8.7353187e-01   9.4075833e-01   9.5781011e-01   8.4870161e-01   8.5721151e-01   8.6919702e-01   8.3489593e-01   8.6760776e-01   8.5098330e-01   9.6269939e-01   9.6462287e-01   8.8645410e-01   9.4182828e-01   8.3706798e-01   8.1692652e-01   8.1886966e-01   9.9858118e-01
   9.4077047e-01   8.3291614e-01   8.2093021e-01   8.9357850e-01   8.7922647e-01   9.1617652e-01   9.5873322e-01   8.5076812e-01   8.6881141e-01   8.3940921e-01   8.6799944e-01   8.4055163e-01   8.0885249e-01   9.8094350e-01   8.1733130e-01   8.5096286e-01   8.8557071e-01   8.2275424e-01   9.7801406e-01   9.4263620e-01   8.2724935e-01   9.2184117e-01   8.1547367e-01   9.0620378e-01   8.7101617e-01   8.1892196e-01   9.0683579e-01   8.3641022e-01   9.8556365e-01   9.7614966e-01   8.1658858e-01   8.9236334e-01   9.7260967e-01   9.9531439e-01   9.7971394e-01   8.8384047e-01   8.2799623e-01   9.4274325e-01   9.3424042e-01   9.3996796e-01   8.5487489e-01   9.1889336e-01   9.6401790e-01   8.3191203e-01   8.2453914e-01   8.4002531e-01   9.5271355e-01   9.1492441e-01   9.2165919e-01   8.5455660e-01   8.5480519e-01   8.3104871e-01   8.7903764e-01   8.9844315e-01   9.3965973e-01   9.8440861e-01   9.4135809e-01   9.7963873e-01   8.5237310e-01   9.2953220e-01   9.4069758e-01   8.8575038e-01   0.0000000e+00   9.4074810e-01   9.4670467e-01   9.8798148e-01   8.8446897e-01   8.0421503e-01   9.9645204e-01   8.0672697e-01   8.8045381e-01   9.2293234e-01   8.5532436e-01   9.8161780e-01   9.2511248e-01   8.1490798e-01   8.0278876e-01   9.5054311e-01   8.4322389e-01   8.9763590e-01   8.3528357e-01   9.9819754e-01   8.1666673e-01   9.6081370e-01   8.3334011e-01   9.6255424e-01   8.9122646e-01   8.6682039e-01   8.4582488e-01   8.4712671e-01   8.0487461e-01   8.6990122e-01   9.5482969e-01   9.8756937e-01   8.5955371e-01   8.5497340e-01   9.5330064e-01   8.3043513e-01   9.4311108e-01   9.1866370e-01   9.4718793e-01
   9.9102479e-01   9.8055336e-01   8.2322606e-01   9.1158387e-01   9.6169974e-01   9.6730771e-01   8.2128315e-01   9.3032835e-01   8.8822827e-01   9.9936002e-01   8.0336347e-01   8.2938650e-01   9.0436406e-01   9.7974366e-01   8.7442626e-01   9.3241674e-01   8.3839551e-01   8.3168983e-01   9.9974147e-01   8.1291768e-01   8.6736391e-01   8.6284214e-01   8.5627265e-01   9.8221795e-01   9.3004695e-01   8.9048121e-01   8.9139467e-01   8.2583624e-01   8.9068221e-01   9.0701694e-01   8.5474297e-01   9.0950138e-01   9.9520883e-01   9.1826963e-01   9.2778674e-01   8.5099734e-01   8.9669187e-01   8.4862234e-01   8.0883287e-01   8.5504368e-01   8.3509238e-01   9.9890008e-01   8.1822491e-01   9.5755994e-01   9.6478858e-01   8.5547547e-01   8.1868328e-01   9.1320723e-01   8.3716334e-01   9.8612189e-01   8.9744556e-01   8.1883660e-01   9.6875374e-01   9.8696266e-01   9.2538946e-01   9.1760969e-01   8.4291938e-01   8.4136360e-01   9.7610196e-01   9.8208129e-01   9.4944978e-01   8.6353478e-01   9.2753272e-01   0.0000000e+00   9.3406497e-01   9.7084995e-01   8.0950025e-01   8.6901946e-01   8.5722345e-01   8.8648694e-01   8.4023267e-01   9.2479617e-01   8.1190218e-01   9.6342493e-01   9.1463028e-01   9.2824224e-01   9.9385527e-01   8.2132608e-01   9.6371271e-01   9.9295503e-01   9.3448351e-01   9.5272311e-01   9.7168385e-01   9.0477412e-01   9.1833573e-01   8.4830328e-01   9.0034330e-01   9.6505573e-01   8.8114457e-01   8.4990569e-01   8.5180119e-01   9.4703531e-01   8.0788691e-01   8.1704530e-01   9.0971737e-01   8.3627171e-01   9.6146664e-01   9.3621554e-01   9.8992804e-01   8.7158277e-01   8.8816916e-01
   9.8884847e-01   8.9610946e-01   9.7868094e-01   8.6217718e-01   9.8857320e-01   9.3293496e-01   9.0721498e-01   9.1063991e-01   9.7295006e-01   9.6469352e-01   8.2176859e-01   8.9133881e-01   9.1753679e-01   9.3909727e-01   9.0122720e-01   8.7550291e-01   9.4345397e-01   8.9774478e-01   9.6258894e-01   9.9095493e-01   9.3503985e-01   9.4562864e-01   9.4266562e-01   9.1496871e-01   9.3408802e-01   8.5970281e-01   9.9368304e-01   8.8929474e-01   8.6704240e-01   9.5496384e-01   8.7533793e-01   9.8804659e-01   9.1024698e-01   8.1922018e-01   9.1605952e-01   8.4815801e-01   8.8180182e-01   9.5404143e-01   8.6605599e-01   8.1910654e-01   8.7508176e-01   9.6755977e-01   8.2014985e-01   8.3815149e-01   9.6139675e-01   8.1654915e-01   8.8403474e-01   8.4267950e-01   8.1582558e-01   8.6712560e-01   8.2164692e-01   9.1803594e-01   8.7950850e-01   9.5624382e-01   9.1070232e-01   8.3565062e-01   9.0821931e-01   9.9951533e-01   8.0749570e-01   9.9317982e-01   9.4585765e-01   8.9885214e-01   9.8318249e-01   8.9304968e-01   0.0000000e+00   8.6386460e-01   8.2939536e-01   8.9476058e-01   9.1699365e-01   9.8865295e-01   9.3679230e-01   8.0135076e-01   9.5821203e-01   8.6030630e-01   9.3663847e-01   9.5773259e-01   8.9843184e-01   8.5470761e-01   9.2443629e-01   9.2368246e-01   9.9851452e-01   9.8830804e-01   9.1776687e-01   9.9516486e-01   9.1747375e-01   8.1128512e-01   8.1884349e-01   9.5773683e-01   8.8691956e-01   9.2878710e-01   9.9632450e-01   9.1645066e-01   8.6418876e-01   9.9882454e-01   9.0865856e-01   9.5756765e-01   8.9310143e-01   8.2937134e-01   8.4421809e-01   8.6656986e-01   8.2645628e-01
   8.4808532e-01   9.9384717e-01   9.0047049e-01   8.4115965e-01   8.1631087e-01   9.7611384e-01   8.4979495e-01   8.6858529e-01   8.6106622e-01   9.8528095e-01   8.7509979e-01   8.1780486e-01   9.0266250e-01   9.4271888e-01   8.4061780e-01   9.8360732e-01   8.6151882e-01   9.4821602e-01   8.7027515e-01   9.7971754e-01   9.9211628e-01   8.6006005e-01   8.1132724e-01   9.9672086e-01   8.2100764e-01   9.5210231e-01   9.4703830e-01   9.1423366e-01   8.7743106e-01   9.8008288e-01   9.6416902e-01   9.8407504e-01   9.5720301e-01   8.6531405e-01   9.1730426e-01   9.7973288e-01   9.3050096e-01   9.4034235e-01   9.2156769e-01   8.8336906e-01   8.3224994e-01   8.8300299e-01   8.4370164e-01   8.7873118e-01   9.9779622e-01   8.3636897e-01   9.2495056e-01   8.1060321e-01   8.9351407e-01   9.0206268e-01   8.0056098e-01   9.1084507e-01   9.4780952e-01   8.4904637e-01   8.9293030e-01   8.6728257e-01   9.7807917e-01   9.2184516e-01   8.1303090e-01   8.2896903e-01   8.5099708e-01   8.7071725e-01   8.5498755e-01   9.4736765e-01   8.8208432e-01   0.0000000e+00   9.8265317e-01   8.5587407e-01   8.9695784e-01   9.6542931e-01   8.5003170e-01   8.9618260e-01   8.1775763e-01   9.9673479e-01   9.7751636e-01   9.5321202e-01   8.6365394e-01   9.9861519e-01   8.2508954e-01   8.9354355e-01   8.8106096e-01   8.1829037e-01   8.2382000e-01   9.7088468e-01   9.3945589e-01   9.8352871e-01   8.6169311e-01   9.7868176e-01   8.5727583e-01   9.9277744e-01   9.5146970e-01   9.2273411e-01   9.1560197e-01   9.0850356e-01   9.4826548e-01   9.6758757e-01   8.9400459e-01   8.3542951e-01   9.4746636e-01   8.1303810e-01   9.2582637e-01
   8.8700823e-01   9.5440168e-01   9.0763973e-01   8.4666564e-01   8.2635935e-01   8.6699704e-01   8.3023830e-01   8.8472805e-01   9.8299763e-01   9.8049046e-01   8.4304151e-01   8.3543522e-01   9.8187966e-01   9.1630778e-01   8.5645103e-01   8.0850536e-01   8.2126423e-01   9.3392956e-01   8.3908616e-01   8.6030232e-01   8.9265435e-01   8.8178798e-01   8.7014885e-01   8.4210124e-01   8.0101608e-01   8.3016841e-01   8.8692741e-01   8.9517460e-01   8.0341348e-01   9.6729366e-01   8.4256475e-01   9.3429304e-01   9.2148138e-01   8.4049768e-01   9.8141739e-01   8.6774319e-01   9.8529666e-01   8.6795654e-01   9.7015829e-01   8.0563716e-01   9.3175189e-01   9.3902064e-01   9.9979442e-01   8.9917767e-01   9.6393255e-01   8.2934272e-01   9.9944405e-01   9.8706141e-01   8.6880011e-01   8.8451515e-01   9.6350874e-01   9.4964713e-01   9.4972197e-01   9.2474459e-01   8.4144983e-01   9.2473141e-01   9.9600177e-01   9.7903241e-01   8.6650404e-01   9.3337538e-01   8.9642257e-01   9.5283689e-01   8.5930687e-01   9.5649246e-01   9.9787188e-01   9.3378787e-01   0.0000000e+00   8.6773012e-01   8.9286097e-01   9.4698958e-01   8.2257994e-01   8.1067022e-01   8.8494714e-01   8.2216000e-01   9.5275706e-01   9.7249276e-01   8.8187422e-01   8.9525445e-01   9.0198100e-01   8.2802281e-01   9.5289921e-01   9.7746150e-01   9.3747580e-01   8.3681563e-01   8.6808312e-01   8.2228387e-01   8.6899519e-01   9.7445044e-01   9.1109069e-01   9.1417092e-01   9.8705253e-01   8.7871731e-01   8.0356163e-01   8.4391026e-01   8.8815506e-01   9.6661095e-01   8.6342991e-01   8.2095646e-01   9.6167999e-01   9.2682248e-01   9.5292798e-01
   8.7238833e-01   9.0922305e-01   8.3430637e-01   9.0642157e-01   8.7604718e-01   8.4709532e-01   9.4453287e-01   8.3205838e-01   9.9234442e-01   8.0016850e-01   9.7529853e-01   8.6403648e-01   8.3938497e-01   8.4514474e-01   8.4002932e-01   8.8759080e-01   9.6588467e-01   9.0814360e-01   9.1560345e-01   9.9639981e-01   8.4023182e-01   9.1059610e-01   9.0059411e-01   9.1593874e-01   8.4975042e-01   9.7581690e-01   8.9069364e-01   9.0702660e-01   9.1145235e-01   9.2793978e-01   9.4575276e-01   8.0092832e-01   9.2273320e-01   9.3729586e-01   8.0270155e-01   9.3191614e-01   9.5227756e-01   8.1333908e-01   9.6913532e-01   8.7783156e-01   8.1680993e-01   8.4572844e-01   8.7253884e-01   9.2780963e-01   9.8513282e-01   8.7026602e-01   9.6025709e-01   9.3215211e-01   8.0256021e-01   8.2483311e-01   9.6582061e-01   9.2896849e-01   8.3338109e-01   8.1987110e-01   8.5210436e-01   8.9587636e-01   8.6726852e-01   9.1602938e-01   8.0631939e-01   8.2222841e-01   9.1797322e-01   8.7312486e-01   9.1330288e-01   9.0315321e-01   8.0483692e-01   8.0403586e-01   9.4111879e-01   0.0000000e+00   9.1135961e-01   8.9697364e-01   8.1489213e-01   9.1186785e-01   9.4686212e-01   8.1693736e-01   9.2204353e-01   8.2816792e-01   9.2401888e-01   8.0882126e-01   9.8556319e-01   9.5541018e-01   9.9063162e-01   8.2752280e-01   9.6455512e-01   9.5597256e-01   9.0617438e-01   9.5282001e-01   8.3432245e-01   8.4620217e-01   8.3270767e-01   8.8733176e-01   8.9369483e-01   8.8299499e-01   8.5553215e-01   8.2106308e-01   9.4867555e-01   8.6343245e-01   8.6260742e-01   9.0040902e-01   8.8361993e-01   8.5682774e-01   8.4216681e-01
   9.2681204e-01   8.0464619e-01   8.4507656e-01   8.6363065e-01   9.5915982e-01   9.8665647e-01   8.2430002e-01   8.6925836e-01   8.2716282e-01   8.9136764e-01   9.2968077e-01   8.7790184e-01   8.8683727e-01   8.0385841e-01   9.6195229e-01   9.8413979e-01   8.7860312e-01   8.0175416e-01   9.9003498e-01   9.4176031e-01   9.6291716e-01   8.2414847e-01   9.7948355e-01   8.9054242e-01   9.4726074e-01   8.0197682e-01   9.9713836e-01   9.1968445e-01   9.9985691e-01   9.3968807e-01   8.8514937e-01   8.8499161e-01   8.1967294e-01   9.8063947e-01   9.2554956e-01   8.6469516e-01   8.6800006e-01   9.2274689e-01   8.0471652e-01   8.3884313e-01   9.0970637e-01   8.2418226e-01   8.6746908e-01   9.3622837e-01   9.2293062e-01   8.7245336e-01   9.3209010e-01   8.6927290e-01   8.7561829e-01   8.3100444e-01   9.2723603e-01   8.3445848e-01   8.4611700e-01   8.5516296e-01   9.4790365e-01   9.6540057e-01   9.9135852e-01   9.6683769e-01   9.2932938e-01   8.6818370e-01   8.1529302e-01   9.6603069e-01   8.6134620e-01   8.3933591e-01   8.4205911e-01   9.6832012e-01   9.3403105e-01   9.9292761e-01   0.0000000e+00   8.7109950e-01   8.0377601e-01   8.4594207e-01   9.7546333e-01   8.6098368e-01   8.9492736e-01   9.1075201e-01   9.2289908e-01   8.0692511e-01   8.5127871e-01   9.3490929e-01   8.2828296e-01   8.8282209e-01   9.9044397e-01   8.4902146e-01   8.3925367e-01   9.9322273e-01   9.4952302e-01   8.9886454e-01   9.8637792e-01   8.5782074e-01   9.6010723e-01   9.9045740e-01   9.9814204e-01   9.2792017e-01   8.5311621e-01   9.1313645e-01   9.8480370e-01   8.1041399e-01   8.8968833e-01   8.4556118e-01   9.5308503e-01
   9.4374176e-01   8.8127316e-01   8.9695335e-01   8.3913671e-01   9.0955598e-01   8.0100105e-01   8.0088884e-01   8.5718798e-01   8.6687259e-01   9.5757858e-01   8.5326578e-01   9.0555022e-01   8.9959236e-01   9.4738137e-01   8.0943060e-01   8.6258197e-01   9.8723350e-01   9.3608138e-01   8.3061947e-01   8.1151422e-01   8.7811462e-01   8.2903165e-01   9.1155861e-01   9.1547911e-01   9.3228123e-01   8.3214409e-01   9.1169177e-01   9.0634671e-01   8.0371382e-01   9.9582730e-01   9.3020781e-01   9.5684467e-01   9.5171564e-01   8.0530162e-01   9.1308143e-01   9.4029902e-01   9.3879154e-01   8.8924640e-01   8.9883999e-01   8.1544863e-01   8.3531630e-01   9.9468753e-01   9.4094400e-01   8.5327847e-01   9.2253180e-01   8.4103888e-01   8.9139097e-01   9.0470136e-01   9.8551553e-01   9.8763240e-01   8.6769022e-01   8.0953816e-01   8.6913175e-01   9.9377066e-01   8.4627865e-01   9.4633774e-01   9.9944259e-01   8.4514965e-01   8.9965981e-01   8.0872494e-01   9.1775570e-01   9.7976857e-01   8.9557930e-01   8.5816664e-01   9.3578907e-01   9.4156352e-01   8.9112069e-01   8.2166856e-01   8.6665717e-01   0.0000000e+00   8.5432041e-01   9.5844591e-01   8.2363471e-01   8.8749216e-01   9.4648515e-01   8.9041673e-01   9.6546057e-01   8.7489949e-01   9.8654981e-01   8.3791198e-01   8.5435914e-01   9.1089853e-01   8.4751781e-01   9.4028108e-01   9.8788940e-01   9.8230431e-01   8.8678656e-01   8.1616682e-01   9.8511989e-01   8.1289127e-01   9.3941028e-01   8.4452305e-01   8.4845487e-01   8.5535928e-01   8.4936690e-01   8.5385271e-01   9.6623372e-01   8.9681480e-01   8.1202718e-01   9.9978383e-01   9.6482855e-01
   9.7072329e-01   9.9352175e-01   9.0046803e-01   9.3676024e-01   9.6424517e-01   8.2549683e-01   9.8524586e-01   8.5363993e-01   9.8732603e-01   9.7481860e-01   9.0006638e-01   9.7656746e-01   9.4386465e-01   9.1552343e-01   8.4310233e-01   8.7628422e-01   9.2428524e-01   9.7241627e-01   8.0137908e-01   8.6479509e-01   8.8550459e-01   9.7227623e-01   9.9866388e-01   9.8734523e-01   9.0234335e-01   8.0514807e-01   9.5484505e-01   9.7456505e-01   8.2701755e-01   8.3500736e-01   8.5360639e-01   8.8464144e-01   8.5065470e-01   8.5782108e-01   9.5531674e-01   9.4718730e-01   8.3628431e-01   9.9534509e-01   8.9047377e-01   9.4217170e-01   9.9172354e-01   8.7111979e-01   8.0407089e-01   8.5135512e-01   8.3394514e-01   9.1604906e-01   9.9251098e-01   9.7822319e-01   8.2426191e-01   9.9754059e-01   9.9361069e-01   9.0057819e-01   9.7436119e-01   8.8227074e-01   8.5781407e-01   8.4525209e-01   8.2861689e-01   8.3467275e-01   9.3759557e-01   9.8395571e-01   9.2138140e-01   8.8655251e-01   9.8399667e-01   8.1521927e-01   9.1085077e-01   9.9237548e-01   8.4811723e-01   8.5044245e-01   8.1188407e-01   9.9384761e-01   0.0000000e+00   8.9451344e-01   8.8124044e-01   8.5462036e-01   8.8558045e-01   8.5791789e-01   8.6742360e-01   9.5935891e-01   9.3145677e-01   9.7012523e-01   9.9876939e-01   8.7225645e-01   8.2517908e-01   8.8574199e-01   8.3737450e-01   9.4084570e-01   8.4154163e-01   9.8714938e-01   8.2468423e-01   8.2695816e-01   8.4593499e-01   8.2657645e-01   9.8275710e-01   8.7631602e-01   9.4206588e-01   9.9299478e-01   9.1155878e-01   8.8853645e-01   9.7244963e-01   9.2926208e-01   9.7953692e-01
   9.4203383e-01   9.7853314e-01   8.8919890e-01   9.9782402e-01   9.6452473e-01   9.3733024e-01   9.8183036e-01   8.4058421e-01   9.1286967e-01   8.4724649e-01   9.9055643e-01   8.4921375e-01   9.4771980e-01   8.8631017e-01   9.2511420e-01   8.8120073e-01   8.0686879e-01   9.0935249e-01   8.8232355e-01   9.3309322e-01   9.4049708e-01   8.1218898e-01   9.0057936e-01   9.3974428e-01   9.6426869e-01   9.6685623e-01   8.7525009e-01   8.5640918e-01   9.0001493e-01   9.1697754e-01   8.8826199e-01   9.6688423e-01   9.2544974e-01   9.2492927e-01   8.8405381e-01   9.7136165e-01   8.7989344e-01   9.5762032e-01   9.1620663e-01   8.8774913e-01   9.5376948e-01   8.7257937e-01   9.9840527e-01   8.9283547e-01   8.1606264e-01   9.0770806e-01   8.0300688e-01   8.0632176e-01   9.8009463e-01   9.1906452e-01   9.9479419e-01   9.0450316e-01   8.5242084e-01   9.4997572e-01   8.3400509e-01   8.4095090e-01   8.5167482e-01   9.6891490e-01   8.6779431e-01   9.0940391e-01   8.8527210e-01   8.9635550e-01   8.2512456e-01   8.7657910e-01   9.1239183e-01   9.5411776e-01   9.9844276e-01   9.4561435e-01   8.3496199e-01   8.4572100e-01   8.6432851e-01   0.0000000e+00   8.1266740e-01   9.1788982e-01   8.1474160e-01   9.9140313e-01   8.6295892e-01   8.3341506e-01   9.9326253e-01   9.1625806e-01   9.8753171e-01   9.6275092e-01   9.7664290e-01   9.8776727e-01   8.7396839e-01   9.8542767e-01   8.6024992e-01   8.6527067e-01   8.7303068e-01   9.8937565e-01   9.6689622e-01   8.9391811e-01   8.5920193e-01   9.2396956e-01   8.9252252e-01   9.2239048e-01   9.6790819e-01   9.5842750e-01   8.5166385e-01   8.6885596e-01   8.2976487e-01
   8.1027574e-01   8.7708188e-01   9.4320733e-01   8.1571792e-01   9.8731257e-01   9.4779514e-01   8.6408277e-01   9.3546631e-01   9.1846985e-01   9.2227511e-01   9.3941567e-01   9.1700817e-01   9.8231611e-01   8.5357352e-01   8.0620995e-01   8.9485280e-01   9.2296326e-01   9.0805480e-01   9.0122564e-01   9.7386701e-01   8.6870038e-01   8.3209942e-01   9.6463813e-01   8.4893550e-01   8.1169622e-01   8.7132436e-01   8.9654548e-01   8.1082459e-01   8.5318212e-01   9.2708117e-01   8.1094224e-01   8.5570840e-01   9.7586838e-01   8.3026434e-01   9.1400406e-01   9.7929484e-01   9.4049708e-01   8.1557343e-01   8.9932967e-01   9.1831720e-01   9.0525800e-01   9.0139381e-01   9.4172912e-01   8.8609852e-01   9.1764696e-01   9.5840542e-01   8.4464388e-01   9.2042579e-01   8.1597778e-01   8.4323881e-01   8.8319361e-01   8.9924794e-01   8.2471961e-01   9.4851600e-01   9.3295484e-01   8.0001435e-01   8.2038829e-01   8.6983320e-01   9.6046035e-01   9.4478182e-01   9.0745387e-01   9.2234820e-01   9.8198670e-01   9.3087354e-01   8.8588583e-01   9.2295766e-01   8.6235350e-01   9.2685684e-01   8.8294590e-01   8.7160836e-01   9.1990474e-01   8.3202702e-01   0.0000000e+00   8.5557397e-01   9.7428396e-01   9.7321898e-01   9.2932097e-01   8.7394890e-01   8.6594141e-01   9.9084969e-01   8.6845816e-01   9.9154296e-01   9.4975576e-01   9.3831148e-01   8.7114238e-01   8.2928278e-01   9.0927559e-01   9.2263091e-01   8.7326095e-01   8.3039497e-01   9.5893753e-01   9.5374657e-01   8.7801845e-01   9.0716377e-01   8.2740974e-01   8.0823315e-01   9.7817261e-01   9.0786975e-01   9.8497361e-01   9.2090672e-01   8.1866512e-01
   8.6771278e-01   8.3668161e-01   9.1579840e-01   8.7412757e-01   8.4405010e-01   8.6947448e-01   9.9845204e-01   8.7031966e-01   8.1854272e-01   9.6457009e-01   8.9910177e-01   8.9181972e-01   9.5682479e-01   8.4025490e-01   9.3305135e-01   8.3668724e-01   9.7540144e-01   8.2490712e-01   9.8215427e-01   9.3442526e-01   9.4007712e-01   9.5809129e-01   8.6044336e-01   9.3571536e-01   8.3016910e-01   9.9891892e-01   8.7094717e-01   8.3952843e-01   9.0509084e-01   8.7853060e-01   8.6100674e-01   9.9761039e-01   8.0354755e-01   9.8938160e-01   9.7992740e-01   8.3475041e-01   9.8402240e-01   8.5000572e-01   8.5309333e-01   9.0715145e-01   9.8797728e-01   9.6667560e-01   9.4491568e-01   9.3074235e-01   8.4017420e-01   8.5799782e-01   8.6822667e-01   9.7767303e-01   8.3611224e-01   9.0663872e-01   9.5748983e-01   8.5747917e-01   8.2064719e-01   8.0484996e-01   9.6923440e-01   9.0629618e-01   8.9830128e-01   8.7808913e-01   8.7998667e-01   8.8517861e-01   8.1947394e-01   9.5884348e-01   8.8257942e-01   9.4540429e-01   8.3938518e-01   8.2739630e-01   8.8476518e-01   9.7668442e-01   8.7123162e-01   9.2681412e-01   9.2860541e-01   9.4056854e-01   9.6357523e-01   0.0000000e+00   8.0414726e-01   8.5940564e-01   8.6120821e-01   8.6517432e-01   9.4457957e-01   9.0084137e-01   8.8455988e-01   9.4508642e-01   8.5049378e-01   9.4917468e-01   9.1440156e-01   8.3152711e-01   9.0177336e-01   9.6493998e-01   9.6080638e-01   9.2620445e-01   8.2277352e-01   9.8902649e-01   8.2497197e-01   9.0713674e-01   9.6636717e-01   8.4941680e-01   9.7626327e-01   9.7984264e-01   9.5330805e-01   9.4327750e-01   8.5973061e-01
   9.1361490e-01   8.1802065e-01   8.0461897e-01   9.8576318e-01   9.3457161e-01   8.6381338e-01   8.2190015e-01   9.8321301e-01   9.7577291e-01   8.0852581e-01   8.7035190e-01   8.2118915e-01   8.8005861e-01   9.9231192e-01   8.9002883e-01   9.4298186e-01   9.2623625e-01   9.2462210e-01   9.3553255e-01   8.0497087e-01   8.9108130e-01   9.0572549e-01   9.8037562e-01   8.8506738e-01   8.2220876e-01   8.0096675e-01   8.3271132e-01   9.0012393e-01   8.1477115e-01   8.1631014e-01   8.3582439e-01   8.6344129e-01   8.5920143e-01   9.3010945e-01   8.7171617e-01   9.7274429e-01   9.5725091e-01   9.8348220e-01   9.0650828e-01   8.3094674e-01   9.8119964e-01   9.1457005e-01   8.7265110e-01   8.0247563e-01   9.3153591e-01   9.9137109e-01   8.0868896e-01   9.1106391e-01   9.8937536e-01   9.9122632e-01   9.3997639e-01   8.0369226e-01   9.4583192e-01   8.5323376e-01   8.7385780e-01   8.6352925e-01   8.3327168e-01   9.1010612e-01   9.0634187e-01   8.5202888e-01   8.0269149e-01   9.6721662e-01   9.8115463e-01   8.3669328e-01   8.7922490e-01   9.5542211e-01   8.3146228e-01   8.5447420e-01   9.5311338e-01   8.2945948e-01   8.1876491e-01   8.1103862e-01   9.9559610e-01   9.2700180e-01   0.0000000e+00   8.5164305e-01   9.7044965e-01   9.0051748e-01   9.3585510e-01   9.7589579e-01   8.2233774e-01   8.6347932e-01   9.7403603e-01   8.3024822e-01   9.8105267e-01   9.8080484e-01   9.7470984e-01   8.6739231e-01   9.1394627e-01   8.7100311e-01   9.4198327e-01   8.5149130e-01   8.1388480e-01   9.9784907e-01   9.6306725e-01   9.1925254e-01   9.1917740e-01   9.2994597e-01   9.7895304e-01   9.5809171e-01   9.5540159e-01
   8.3968929e-01   9.7685347e-01   9.3357983e-01   8.8450737e-01   8.8064006e-01   9.3784193e-01   9.9941413e-01   9.5104812e-01   9.4705195e-01   9.9420185e-01   8.1669698e-01   8.3048207e-01   8.9995717e-01   8.9363574e-01   8.0703762e-01   9.4950894e-01   8.3771761e-01   9.0775433e-01   8.0470851e-01   9.6896272e-01   9.9513351e-01   9.1030249e-01   9.8188420e-01   8.0788085e-01   9.5454805e-01   9.7985052e-01   8.8865625e-01   9.3678781e-01   9.1886234e-01   9.3152115e-01   9.5823936e-01   8.8268956e-01   9.1975456e-01   9.1569121e-01   8.8204567e-01   8.3195806e-01   8.3785404e-01   8.4556538e-01   9.0587667e-01   8.5662300e-01   9.5058545e-01   9.0356125e-01   9.9199853e-01   9.3140359e-01   8.0933442e-01   8.1599372e-01   8.2220861e-01   9.8795733e-01   9.3798716e-01   8.4300503e-01   9.6799593e-01   9.1902811e-01   8.9787025e-01   8.4549980e-01   9.5929851e-01   9.5109855e-01   8.7651943e-01   8.4473903e-01   9.1144175e-01   8.1316901e-01   8.1555270e-01   9.8499061e-01   8.3516255e-01   8.4085339e-01   9.2500071e-01   9.2703205e-01   9.5785678e-01   8.4719340e-01   9.0966472e-01   9.7424595e-01   9.3783799e-01   9.9497375e-01   9.6323540e-01   8.7409883e-01   9.8540324e-01   0.0000000e+00   8.7139571e-01   8.8774026e-01   8.1565256e-01   9.4046623e-01   9.4633232e-01   8.9260306e-01   8.7030458e-01   8.1746181e-01   8.5459075e-01   8.9016428e-01   8.9653652e-01   8.8024541e-01   9.4632405e-01   8.1566306e-01   8.1902007e-01   9.1662778e-01   8.9567324e-01   9.4355186e-01   9.2216319e-01   8.9778964e-01   8.7060485e-01   9.2499795e-01   9.0911224e-01   8.8345395e-01   8.0481544e-01
   9.9566638e-01   9.3034312e-01   8.4050512e-01   9.3988194e-01   8.8658168e-01   9.4653392e-01   9.5569206e-01   8.6086119e-01   9.5020566e-01   8.5413748e-01   8.2967562e-01   8.3723282e-01   9.3551606e-01   9.6703306e-01   8.7779770e-01   9.5113136e-01   9.9461908e-01   8.5144789e-01   8.6419892e-01   8.3140414e-01   9.8560001e-01   9.1295903e-01   8.5548467e-01   9.7823623e-01   9.4886352e-01   8.4458616e-01   8.6038074e-01   9.6800631e-01   8.5768727e-01   9.3438049e-01   8.7553409e-01   9.9138057e-01   8.5142629e-01   8.0362528e-01   9.4024639e-01   8.1370134e-01   9.9902602e-01   9.2259676e-01   9.8085643e-01   9.9463488e-01   8.1707683e-01   9.6257532e-01   9.0577382e-01   8.4384591e-01   8.9396334e-01   9.5046236e-01   8.0101662e-01   8.7523233e-01   8.2024228e-01   8.0381102e-01   8.3045076e-01   8.4608002e-01   9.4191672e-01   8.6481798e-01   9.8450915e-01   9.1669125e-01   9.1869386e-01   8.2667736e-01   8.9895533e-01   8.3733212e-01   8.8439810e-01   9.9080327e-01   8.3164790e-01   8.1097757e-01   8.7977807e-01   8.7176335e-01   8.7110754e-01   8.7098744e-01   9.6686951e-01   8.6866596e-01   8.7535602e-01   9.6185834e-01   9.8432741e-01   9.4347179e-01   9.6273189e-01   8.8043405e-01   0.0000000e+00   9.3025050e-01   9.1402444e-01   9.9095037e-01   9.8683723e-01   8.4643084e-01   8.7505471e-01   9.8233855e-01   9.9929969e-01   8.9328654e-01   9.0811869e-01   9.0114691e-01   8.6221811e-01   9.7101561e-01   8.1669176e-01   9.2171570e-01   8.9331959e-01   8.0359936e-01   9.1227450e-01   9.0290718e-01   8.9728864e-01   8.2444738e-01   8.7507310e-01   8.9213269e-01   8.5739473e-01
   9.0532417e-01   9.4369662e-01   9.8516085e-01   8.5103630e-01   8.7384495e-01   8.1453747e-01   9.6734199e-01   8.9753836e-01   8.6159007e-01   9.9980265e-01   8.6762871e-01   9.3523223e-01   9.7961663e-01   9.6224830e-01   9.8889407e-01   8.7996084e-01   8.8944806e-01   8.9930313e-01   9.7474140e-01   8.8499066e-01   9.7396484e-01   8.9764111e-01   9.5053073e-01   8.3880821e-01   8.3547457e-01   8.4738817e-01   8.0354697e-01   8.2579762e-01   8.4012800e-01   9.7261721e-01   8.3322876e-01   9.3311798e-01   9.5848333e-01   9.5954092e-01   8.6678837e-01   9.4302138e-01   9.5913085e-01   8.7276216e-01   8.7965377e-01   9.2568390e-01   9.9748972e-01   8.4373590e-01   9.2108256e-01   9.5206953e-01   8.4921831e-01   8.1917381e-01   8.5785358e-01   9.0117663e-01   8.7146530e-01   9.7797189e-01   9.1242338e-01   8.7059952e-01   9.2210207e-01   9.1164114e-01   8.8396825e-01   9.1991346e-01   8.2088213e-01   8.1315522e-01   9.0763191e-01   9.6631867e-01   9.2533042e-01   8.6908874e-01   9.6547146e-01   8.3350004e-01   9.3404616e-01   9.5746501e-01   8.0422332e-01   9.4388986e-01   8.1795839e-01   8.8478156e-01   9.2003865e-01   8.6162904e-01   9.9410955e-01   8.7077583e-01   9.0945457e-01   8.4537420e-01   9.8943697e-01   0.0000000e+00   9.4699019e-01   8.8118099e-01   9.4687293e-01   8.6928773e-01   8.3961690e-01   9.1434284e-01   8.0445054e-01   8.3826056e-01   9.6555325e-01   9.1191405e-01   9.9997806e-01   8.6715313e-01   8.6570740e-01   9.0804078e-01   9.3496075e-01   9.7412970e-01   8.0974618e-01   9.4911677e-01   9.5971327e-01   9.0295652e-01   8.7797064e-01   9.6389750e-01   8.6455971e-01
   8.2772622e-01   8.3977118e-01   8.8535141e-01   8.9926290e-01   8.8979419e-01   8.1398428e-01   8.8097329e-01   8.3216454e-01   8.3663784e-01   9.8634362e-01   9.6268041e-01   9.7589224e-01   8.3029914e-01   8.2149862e-01   9.4234204e-01   8.2552632e-01   8.2772338e-01   9.3262387e-01   8.5315364e-01   9.3275533e-01   9.1847369e-01   9.6960670e-01   8.4500744e-01   9.3165862e-01   9.5644501e-01   9.0861580e-01   8.5266332e-01   8.3867532e-01   9.5505645e-01   8.5041423e-01   8.0215075e-01   8.6644901e-01   8.0222457e-01   9.4129395e-01   8.4276116e-01   9.8919693e-01   9.0205659e-01   8.9655649e-01   9.6681416e-01   8.6660041e-01   9.4420107e-01   8.1056593e-01   9.2707944e-01   8.1473881e-01   9.5771366e-01   8.6836636e-01   9.5440047e-01   8.5743545e-01   9.6049075e-01   8.1713353e-01   9.8793334e-01   8.7214123e-01   8.6037100e-01   8.9151872e-01   9.5933079e-01   8.9256618e-01   8.7016475e-01   8.1333277e-01   8.7950641e-01   8.4992323e-01   8.2377175e-01   9.0834005e-01   8.9510992e-01   8.6675040e-01   8.4956318e-01   8.5995933e-01   8.9361155e-01   8.8355056e-01   8.0107825e-01   9.5947191e-01   8.1128734e-01   9.6335017e-01   9.0339143e-01   8.3579896e-01   9.5349265e-01   9.6120319e-01   8.8255016e-01   9.0230316e-01   0.0000000e+00   9.7170498e-01   8.5000755e-01   8.4178366e-01   9.6271557e-01   8.0268692e-01   9.2840866e-01   8.3096748e-01   8.1549962e-01   8.9639568e-01   9.9840870e-01   9.7747881e-01   9.1769284e-01   8.1993826e-01   8.7665954e-01   9.7841472e-01   9.8417767e-01   9.8294613e-01   8.1772375e-01   8.2573393e-01   9.7446721e-01   8.7877702e-01   8.0423645e-01
   8.3585077e-01   8.7546293e-01   8.9855717e-01   8.8866447e-01   9.0779936e-01   8.0076898e-01   8.7572942e-01   8.4748008e-01   9.2507362e-01   9.3212914e-01   9.5002902e-01   9.4124267e-01   8.3158944e-01   9.3608755e-01   8.3614815e-01   8.9575600e-01   9.4039420e-01   9.6276095e-01   8.5494732e-01   9.2951396e-01   8.8264540e-01   8.0333827e-01   9.1667071e-01   9.4987320e-01   8.9950989e-01   9.7615761e-01   9.6807239e-01   9.1044488e-01   8.0255261e-01   9.6023788e-01   9.1508919e-01   8.3784469e-01   8.6517296e-01   8.1627840e-01   8.0743272e-01   8.5972807e-01   9.3809936e-01   8.4077171e-01   9.9384549e-01   8.5500471e-01   9.2422621e-01   9.5268058e-01   9.5066042e-01   8.2500016e-01   9.4833621e-01   8.6425886e-01   9.4150741e-01   8.3862818e-01   8.2366929e-01   8.8578132e-01   9.2638468e-01   8.4737292e-01   9.5535342e-01   8.0484064e-01   9.5304801e-01   9.8478904e-01   9.9026812e-01   9.3280136e-01   9.3648861e-01   8.1914739e-01   8.2753752e-01   8.2016922e-01   9.0602234e-01   8.1658039e-01   9.7377291e-01   8.4578147e-01   9.5547768e-01   9.7575445e-01   9.5649946e-01   8.8337506e-01   9.5404095e-01   9.6361494e-01   8.7069209e-01   8.0901195e-01   9.1237362e-01   9.6925932e-01   9.1251316e-01   8.7238602e-01   9.2464594e-01   0.0000000e+00   8.6101864e-01   9.7997968e-01   9.9849695e-01   8.5017309e-01   9.1948849e-01   9.8676452e-01   9.9876585e-01   9.1058857e-01   9.0699302e-01   8.4365306e-01   9.9279384e-01   8.4550617e-01   8.5620511e-01   9.6743051e-01   9.4911907e-01   8.2509728e-01   8.0397769e-01   9.5560701e-01   9.3531436e-01   9.7729480e-01   9.7222289e-01
   9.1614075e-01   8.3251163e-01   8.2778146e-01   9.5799041e-01   9.7437054e-01   8.7873094e-01   8.0489420e-01   9.7570724e-01   9.7022143e-01   8.0528399e-01   8.5971731e-01   8.2579141e-01   8.3812065e-01   9.6924116e-01   9.4383460e-01   9.5179159e-01   8.2675559e-01   8.9937822e-01   9.6349103e-01   9.0483376e-01   8.3061213e-01   8.7970463e-01   8.8624000e-01   9.6551522e-01   9.0382981e-01   9.2564730e-01   9.9769717e-01   8.1723728e-01   9.4437063e-01   9.3260007e-01   8.5017833e-01   9.7814466e-01   8.5724738e-01   8.8304418e-01   8.6926814e-01   8.0333119e-01   8.9271554e-01   8.4878040e-01   9.5374375e-01   8.2843572e-01   8.8166494e-01   8.8144975e-01   9.8319452e-01   9.0224939e-01   9.8843831e-01   8.6977366e-01   9.8903442e-01   9.2643734e-01   8.6045560e-01   9.0623388e-01   8.5419777e-01   8.7060281e-01   9.9343365e-01   9.2285923e-01   8.3040169e-01   8.0069328e-01   9.9394194e-01   9.0738798e-01   9.2274044e-01   9.3894929e-01   8.9536567e-01   8.8753028e-01   9.4957209e-01   9.0295901e-01   9.0295125e-01   8.3543537e-01   9.4946300e-01   8.7237704e-01   8.9358172e-01   9.6210919e-01   8.2059645e-01   8.3335485e-01   9.3419020e-01   9.0213786e-01   9.6802489e-01   9.6878907e-01   9.8355147e-01   9.7598191e-01   8.9656947e-01   9.9590567e-01   0.0000000e+00   8.6663668e-01   9.8442594e-01   9.8117717e-01   9.5896064e-01   9.4288500e-01   9.9437485e-01   8.9026360e-01   8.9138038e-01   8.1277076e-01   9.9322729e-01   8.3509941e-01   8.0498572e-01   9.6747755e-01   9.6674242e-01   9.0601403e-01   9.1371861e-01   8.9894012e-01   9.6564651e-01   8.7239452e-01   9.9169606e-01
   8.6499059e-01   9.4720432e-01   9.9506194e-01   9.7841503e-01   8.6578050e-01   8.4894392e-01   8.0927271e-01   8.8013912e-01   9.4883564e-01   8.0469093e-01   9.2703242e-01   9.7100289e-01   9.9819050e-01   8.9206282e-01   9.4415225e-01   9.1359566e-01   9.3351324e-01   8.2774335e-01   8.9373309e-01   9.7241841e-01   9.2364138e-01   8.1038441e-01   8.2322792e-01   9.6686568e-01   9.0074611e-01   8.7391162e-01   8.9251138e-01   8.5617968e-01   8.6046659e-01   8.0403897e-01   8.3100694e-01   9.6700179e-01   8.3533055e-01   9.7364325e-01   8.6623382e-01   9.4139427e-01   8.8645262e-01   9.9964080e-01   8.9985892e-01   8.6493408e-01   8.5419873e-01   9.1545890e-01   8.7056598e-01   8.5794887e-01   9.1870318e-01   8.9834258e-01   9.3800375e-01   9.8871823e-01   8.1729273e-01   9.2612607e-01   8.3576062e-01   8.9229289e-01   9.3795095e-01   8.9251360e-01   8.2500166e-01   8.0124235e-01   9.8449064e-01   9.5938950e-01   9.3774053e-01   8.8981215e-01   8.2077790e-01   9.8033874e-01   9.0397110e-01   9.0719907e-01   9.6392591e-01   8.5192601e-01   9.6879098e-01   8.7755023e-01   9.8375544e-01   8.0499771e-01   9.3631932e-01   8.2083631e-01   8.7505986e-01   8.3725008e-01   8.2294746e-01   8.3808629e-01   9.2466661e-01   9.4247067e-01   9.0054786e-01   9.7495988e-01   8.9900615e-01   0.0000000e+00   8.9276994e-01   9.3555424e-01   9.0601176e-01   8.7584156e-01   8.4320319e-01   9.9939254e-01   8.8246095e-01   8.4639974e-01   9.6137996e-01   9.2289082e-01   8.1212960e-01   9.6327495e-01   8.4127487e-01   9.7209439e-01   8.7746495e-01   9.1753842e-01   8.3440944e-01   9.0646841e-01   9.8578088e-01
   8.7463284e-01   9.3136259e-01   8.1952034e-01   9.9311426e-01   8.7015570e-01   8.7077891e-01   8.2562781e-01   8.0890901e-01   9.3308706e-01   9.6326553e-01   9.1111321e-01   8.7731993e-01   9.5079624e-01   9.3747718e-01   9.8118416e-01   9.3548193e-01   8.4745923e-01   8.1484114e-01   8.6316229e-01   9.9083684e-01   8.5493038e-01   8.9242497e-01   9.1599066e-01   8.3186304e-01   8.2888680e-01   9.8661195e-01   8.7320992e-01   8.2305225e-01   8.0370414e-01   8.9883596e-01   8.3900958e-01   8.8830176e-01   9.7319239e-01   8.5701012e-01   8.7327082e-01   9.3532256e-01   9.7532861e-01   9.2582533e-01   9.0033835e-01   9.2216002e-01   8.3893082e-01   8.2364229e-01   8.4490211e-01   9.1839994e-01   8.3891769e-01   9.1753936e-01   8.2693377e-01   8.2252345e-01   9.4303334e-01   8.8173254e-01   9.4150192e-01   8.4268462e-01   8.0073598e-01   9.1355921e-01   9.5630304e-01   8.8259740e-01   8.9584269e-01   9.4128373e-01   9.6803285e-01   9.1613753e-01   8.2926215e-01   8.9525511e-01   9.6932289e-01   9.5511055e-01   9.4290638e-01   8.6229541e-01   9.6132575e-01   9.1819548e-01   9.1196740e-01   9.0378808e-01   9.5805583e-01   8.2573078e-01   9.3170205e-01   9.2578723e-01   8.8308361e-01   8.2907906e-01   8.2254721e-01   9.7612007e-01   9.1744458e-01   9.1915531e-01   9.1724674e-01   9.6237260e-01   0.0000000e+00   9.9256136e-01   9.0495255e-01   9.3768961e-01   9.9585479e-01   9.7979393e-01   9.5867329e-01   8.0544682e-01   8.7684896e-01   9.9487704e-01   9.0521286e-01   8.2825291e-01   9.9880132e-01   9.6876351e-01   9.3476017e-01   9.2102193e-01   8.0195300e-01   8.6787220e-01   9.9077374e-01
   8.5700158e-01   9.8702590e-01   9.7885101e-01   8.3953923e-01   9.1502514e-01   8.3037290e-01   9.0181091e-01   9.6031099e-01   8.8541284e-01   8.3095218e-01   9.0242957e-01   9.2360507e-01   8.2533670e-01   9.7339695e-01   9.6135877e-01   9.4137097e-01   9.9724450e-01   8.7649344e-01   8.3321881e-01   9.7948532e-01   9.6510912e-01   9.9087803e-01   9.3840694e-01   8.0839633e-01   8.6838682e-01   8.8063543e-01   8.9340506e-01   8.9628132e-01   8.6991149e-01   8.0691773e-01   8.2125848e-01   9.3880594e-01   9.0143351e-01   8.0949842e-01   9.2393456e-01   8.9104552e-01   9.4383542e-01   9.8943802e-01   8.8508392e-01   8.4566398e-01   8.8529501e-01   9.4841770e-01   9.6601083e-01   9.5043991e-01   8.2719538e-01   8.4076416e-01   8.1281897e-01   9.4765398e-01   9.4150801e-01   8.6076377e-01   8.0965336e-01   9.1580225e-01   9.0948295e-01   8.2357555e-01   9.1651435e-01   9.4545810e-01   8.6040286e-01   8.7809760e-01   8.8927390e-01   8.7635872e-01   9.5003611e-01   9.6823216e-01   8.0724252e-01   8.9475578e-01   8.9625559e-01   8.5872381e-01   8.6988217e-01   9.3671378e-01   9.1684418e-01   8.0095976e-01   8.1483461e-01   8.2909572e-01   9.5884691e-01   9.5998690e-01   9.1961102e-01   9.1609485e-01   8.2673990e-01   8.2035881e-01   8.1595582e-01   8.3471972e-01   9.2448733e-01   8.1380116e-01   8.2304099e-01   0.0000000e+00   9.2435971e-01   9.3176949e-01   9.6207587e-01   9.0536881e-01   8.2636831e-01   9.2743497e-01   8.5610105e-01   9.6767408e-01   9.6098737e-01   8.6921195e-01   9.9651194e-01   9.4162103e-01   8.3426189e-01   8.3352305e-01   8.4297405e-01   9.8996544e-01   9.2984472e-01
   9.1847239e-01   9.1626199e-01   8.7495310e-01   9.7081978e-01   9.9740992e-01   9.4588808e-01   9.3166278e-01   9.6841223e-01   8.5105402e-01   8.5958608e-01   9.3434448e-01   8.3039549e-01   8.2096796e-01   9.1035669e-01   9.1587037e-01   8.6683748e-01   8.4457652e-01   8.0887959e-01   8.5858240e-01   8.1159968e-01   9.1682732e-01   9.1298179e-01   8.2166891e-01   9.5841105e-01   8.5086797e-01   8.1535667e-01   8.7518429e-01   8.2355606e-01   9.4259633e-01   9.7168700e-01   9.4024950e-01   8.9954740e-01   9.7128838e-01   8.7130625e-01   8.0925379e-01   8.8983718e-01   8.6270685e-01   9.8689330e-01   8.8389647e-01   9.6712481e-01   8.4526235e-01   9.3906657e-01   8.8616615e-01   9.7717986e-01   8.9733607e-01   8.5450675e-01   9.4761726e-01   8.4890112e-01   9.1358321e-01   8.7521093e-01   9.9773232e-01   9.4634627e-01   9.1633787e-01   8.5943065e-01   9.6806184e-01   9.7360463e-01   8.1941521e-01   9.2467285e-01   9.9983298e-01   9.4776041e-01   9.7393415e-01   9.8686242e-01   8.2334385e-01   8.9300532e-01   9.5017855e-01   9.9969480e-01   8.9346667e-01   8.0940340e-01   8.2459438e-01   8.6898420e-01   8.6376264e-01   8.2411058e-01   8.7563820e-01   8.5870758e-01   9.4804378e-01   8.7405948e-01   9.1693810e-01   8.6997348e-01   9.3965454e-01   9.4847771e-01   8.1346520e-01   8.8120758e-01   9.9487260e-01   8.9543340e-01   0.0000000e+00   8.9605167e-01   8.0229586e-01   9.5579503e-01   8.9773470e-01   8.9787301e-01   9.6482678e-01   9.1645335e-01   8.5388719e-01   9.9873852e-01   9.3904186e-01   9.6146050e-01   8.2817585e-01   8.1832857e-01   9.2325957e-01   9.6410194e-01   9.8181544e-01
   8.8195716e-01   9.0395965e-01   8.6642102e-01   9.8071088e-01   9.5853364e-01   9.6840716e-01   9.4833479e-01   8.9931341e-01   8.9060793e-01   8.7393821e-01   9.9713199e-01   8.4386970e-01   8.2071583e-01   9.0307167e-01   9.2259725e-01   8.0772277e-01   8.7944497e-01   8.2092608e-01   8.9906736e-01   9.9776196e-01   9.1573545e-01   8.7203989e-01   9.8545350e-01   8.6180449e-01   8.1993160e-01   8.0959870e-01   8.1285291e-01   8.9441537e-01   9.9447983e-01   8.9640959e-01   9.9175948e-01   9.2492017e-01   9.8831906e-01   8.2979351e-01   8.0978947e-01   8.0786474e-01   8.1312917e-01   9.8693885e-01   9.7686263e-01   9.4365103e-01   9.2594101e-01   9.1399774e-01   8.7190359e-01   9.5394518e-01   8.3965527e-01   8.4793964e-01   9.7445702e-01   9.7324650e-01   8.5038296e-01   8.2494432e-01   8.5889418e-01   8.9826277e-01   8.3608220e-01   9.0245626e-01   8.2850513e-01   9.4335026e-01   8.0103601e-01   9.4858841e-01   8.1939024e-01   8.8970124e-01   8.3116566e-01   9.1549642e-01   9.0135464e-01   9.8450072e-01   9.2204955e-01   8.8753428e-01   9.8930479e-01   8.9084124e-01   8.5891141e-01   9.3544832e-01   8.2060858e-01   9.9371091e-01   8.3745182e-01   8.2956346e-01   8.4912170e-01   9.1616716e-01   8.2749369e-01   9.9674617e-01   8.5967885e-01   8.1514081e-01   9.7691068e-01   9.1225590e-01   9.9379681e-01   9.0317348e-01   8.1941851e-01   0.0000000e+00   8.0258940e-01   8.8796367e-01   9.9897449e-01   8.5330249e-01   9.2756782e-01   8.3730154e-01   8.2196550e-01   9.2884008e-01   9.9721937e-01   8.5383338e-01   8.1337143e-01   9.8543261e-01   8.8645794e-01   8.3766439e-01   8.3844234e-01
   9.9055046e-01   9.2662529e-01   9.6485096e-01   9.9558565e-01   9.0192860e-01   8.9461812e-01   8.7558131e-01   8.9995004e-01   8.6447882e-01   8.9675943e-01   8.4389140e-01   8.5753261e-01   8.6280960e-01   9.9566320e-01   8.8764980e-01   8.0568955e-01   9.5472189e-01   8.2369365e-01   8.7623592e-01   8.9885210e-01   9.7689494e-01   8.2342043e-01   9.0774285e-01   8.1459693e-01   9.3288977e-01   8.0728702e-01   8.6430822e-01   9.6946176e-01   9.2962822e-01   8.9635164e-01   9.5307481e-01   8.9658757e-01   9.5068072e-01   9.7723838e-01   8.2827557e-01   8.5539908e-01   8.8443415e-01   8.4101862e-01   8.5356665e-01   9.3306838e-01   8.2438052e-01   8.4889670e-01   9.1305225e-01   9.8851871e-01   9.0721498e-01   9.7199344e-01   9.1821423e-01   9.1828316e-01   8.8737309e-01   9.9580588e-01   9.2368985e-01   8.9237311e-01   9.4638405e-01   8.7136705e-01   9.8871191e-01   9.7891175e-01   9.8469041e-01   8.8473929e-01   8.8825225e-01   9.4974734e-01   9.7203212e-01   8.2238759e-01   8.7374937e-01   9.7488546e-01   9.9268574e-01   9.2913294e-01   8.7683201e-01   8.6972610e-01   9.9792920e-01   8.5923853e-01   9.3576013e-01   8.7350610e-01   9.5058323e-01   9.4321290e-01   9.4140424e-01   8.1231083e-01   8.6639012e-01   8.4590977e-01   9.0438743e-01   9.7440556e-01   8.5665136e-01   8.6859024e-01   8.8663892e-01   8.2915880e-01   9.4959564e-01   8.0293454e-01   0.0000000e+00   8.0864427e-01   8.8597175e-01   8.6822533e-01   9.2905530e-01   8.3204247e-01   8.2650414e-01   8.6633318e-01   9.9322773e-01   8.5137453e-01   8.1004447e-01   9.1022613e-01   9.2645711e-01   9.1348904e-01   9.9283426e-01
   8.5806602e-01   9.8693594e-01   9.6093205e-01   9.4858639e-01   8.3456994e-01   8.5873471e-01   9.9790397e-01   8.1508335e-01   9.5360695e-01   9.3070143e-01   8.4183856e-01   9.1386808e-01   8.6030081e-01   9.8642092e-01   9.2594845e-01   8.6542622e-01   9.6958409e-01   9.7313792e-01   9.5176402e-01   8.5583545e-01   8.9607373e-01   8.1710142e-01   9.4616410e-01   8.4783502e-01   9.2311705e-01   9.7031742e-01   8.8570284e-01   9.9538393e-01   8.2976568e-01   9.0603263e-01   8.8032495e-01   8.8733105e-01   9.1747195e-01   9.3576191e-01   9.5832593e-01   9.2330036e-01   8.2795380e-01   9.6908393e-01   9.3892163e-01   9.6834482e-01   8.7125856e-01   9.7684007e-01   8.5580307e-01   8.2794859e-01   9.0405022e-01   9.4994332e-01   8.5816993e-01   8.9730398e-01   8.1036597e-01   8.2947270e-01   8.7064334e-01   8.9148751e-01   8.9503825e-01   8.3849828e-01   8.7489025e-01   9.4628261e-01   8.1599427e-01   8.2045424e-01   9.7535422e-01   9.4103965e-01   8.8879916e-01   9.5133552e-01   8.3374389e-01   9.9880577e-01   9.6949521e-01   9.1483682e-01   9.0417916e-01   8.4888243e-01   8.4582607e-01   8.0839372e-01   8.3218810e-01   9.3950824e-01   9.4067375e-01   8.3445197e-01   9.4563095e-01   8.0321368e-01   8.9416826e-01   8.1092630e-01   9.4005844e-01   9.8412116e-01   8.0322514e-01   9.4439571e-01   8.1233507e-01   9.3887701e-01   8.6494341e-01   8.4684438e-01   8.2923698e-01   0.0000000e+00   9.6094003e-01   8.8486974e-01   9.6359617e-01   8.8391111e-01   8.0703060e-01   8.3735024e-01   9.4133344e-01   8.6321145e-01   8.2711994e-01   8.6293259e-01   9.1079456e-01   9.9646032e-01   8.4886043e-01
   8.3238128e-01   9.1056067e-01   9.2438466e-01   8.0149060e-01   8.2628496e-01   9.9835295e-01   8.1221799e-01   8.7270104e-01   9.2963981e-01   8.1881475e-01   8.8287723e-01   9.7431422e-01   9.6767075e-01   8.6683699e-01   8.0834393e-01   9.3335347e-01   8.5559327e-01   8.9640701e-01   9.8252786e-01   8.8105318e-01   9.9154529e-01   8.3634925e-01   9.5300538e-01   8.6444139e-01   9.3910040e-01   9.9787174e-01   9.3522604e-01   8.2198534e-01   8.8525805e-01   9.2559550e-01   9.1965847e-01   8.1760630e-01   9.6665021e-01   8.3623996e-01   8.6020768e-01   8.2290099e-01   8.1701258e-01   8.0073128e-01   9.1101933e-01   8.4998923e-01   8.8573801e-01   8.1193571e-01   9.8069363e-01   9.0160776e-01   8.0834902e-01   8.6300883e-01   9.7182660e-01   9.0520516e-01   8.1336031e-01   9.1861855e-01   9.3638856e-01   9.9104720e-01   8.7155206e-01   9.3803161e-01   8.7914384e-01   8.5007346e-01   9.9540511e-01   9.8339742e-01   8.7627728e-01   8.5383771e-01   8.6454564e-01   9.5980537e-01   9.5813173e-01   8.1126058e-01   8.6165208e-01   9.8248482e-01   8.8855332e-01   8.8121651e-01   8.7912260e-01   9.8953382e-01   9.2718018e-01   9.6112058e-01   8.6604472e-01   9.6773302e-01   9.3944842e-01   9.8816068e-01   9.8198171e-01   8.6581091e-01   8.5300290e-01   8.3411844e-01   9.5111181e-01   8.3750338e-01   8.2653169e-01   9.0268503e-01   9.4065186e-01   8.9433601e-01   9.3562102e-01   9.0550739e-01   0.0000000e+00   8.4385877e-01   8.4058774e-01   8.3397205e-01   8.1622349e-01   9.9074477e-01   8.3900082e-01   8.9145154e-01   8.6378920e-01   8.1428087e-01   8.5902715e-01   8.8279243e-01   8.4908756e-01
   8.3048124e-01   8.4168526e-01   8.8298761e-01   8.0707888e-01   8.9545948e-01   8.1059747e-01   9.2045509e-01   8.2689457e-01   9.2623260e-01   9.1070471e-01   9.4645605e-01   9.5960450e-01   9.7418564e-01   8.1686409e-01   9.0282961e-01   8.4092037e-01   9.7504524e-01   8.2602420e-01   8.2427157e-01   9.0058997e-01   8.3786292e-01   9.5997713e-01   9.7409490e-01   8.2093635e-01   8.6074717e-01   8.3017628e-01   9.0142317e-01   9.1788977e-01   9.5579448e-01   8.9883428e-01   9.0141722e-01   9.3517968e-01   9.7393836e-01   9.3081287e-01   8.1378855e-01   8.6513438e-01   9.3811653e-01   9.1967054e-01   8.3944305e-01   8.1744887e-01   9.9870905e-01   8.6347142e-01   8.1330433e-01   8.2605840e-01   9.4309021e-01   9.0191221e-01   9.2049804e-01   8.0669680e-01   8.2299016e-01   8.9246686e-01   8.8349474e-01   9.0877798e-01   8.4516432e-01   8.4312723e-01   8.0709585e-01   9.7069691e-01   9.4994441e-01   8.9872609e-01   9.8052708e-01   9.1080199e-01   8.4571263e-01   8.9969478e-01   8.2398576e-01   9.8135380e-01   8.4056437e-01   9.9801711e-01   8.6329014e-01   8.9532980e-01   8.5902058e-01   9.1722689e-01   8.3055133e-01   8.2976639e-01   9.8222027e-01   8.3116014e-01   9.1787951e-01   8.7153782e-01   9.9512245e-01   9.4383378e-01   9.1132177e-01   9.4833144e-01   8.5785599e-01   8.8046932e-01   8.1616252e-01   9.1339855e-01   9.2317926e-01   9.7050090e-01   8.5270753e-01   8.3566075e-01   8.3963629e-01   0.0000000e+00   9.1347225e-01   9.2668130e-01   9.4961404e-01   8.6439073e-01   9.4319048e-01   8.6423737e-01   9.5158930e-01   8.5678285e-01   9.8034613e-01   9.1304644e-01   8.4854389e-01
   9.3984659e-01   8.9159688e-01   9.6989164e-01   9.9024133e-01   9.2582079e-01   8.3986893e-01   9.6198767e-01   9.3663657e-01   9.4645926e-01   8.3877144e-01   8.8745267e-01   9.7317612e-01   8.6626223e-01   8.4644733e-01   9.3192718e-01   8.8658648e-01   8.8839054e-01   8.7066429e-01   8.1992031e-01   8.7528206e-01   8.5664847e-01   8.7080330e-01   8.7759768e-01   9.5625201e-01   9.5684310e-01   8.9637844e-01   8.9238395e-01   9.5142497e-01   8.8813385e-01   8.2765654e-01   8.9880646e-01   8.5475391e-01   8.7302979e-01   9.2645902e-01   9.9330772e-01   8.2291633e-01   9.1012646e-01   8.1617771e-01   8.2746862e-01   9.7869121e-01   9.7710337e-01   9.9749582e-01   8.9073024e-01   9.4647120e-01   9.0184402e-01   9.5662487e-01   8.7874444e-01   8.8489358e-01   8.8689458e-01   8.4332078e-01   9.2155764e-01   8.6408606e-01   9.5645774e-01   8.4860347e-01   8.4303216e-01   9.6153451e-01   9.3527150e-01   9.6234187e-01   9.3884695e-01   9.5365487e-01   8.6866393e-01   8.5164128e-01   8.9638872e-01   8.4478047e-01   8.6796666e-01   9.1328242e-01   9.7951768e-01   9.0301458e-01   9.1709636e-01   8.7984788e-01   9.5105283e-01   8.3188949e-01   9.7452202e-01   8.5239373e-01   8.9525686e-01   8.1794115e-01   8.3860294e-01   8.0129209e-01   8.0485417e-01   9.5316480e-01   9.2250373e-01   8.1541615e-01   8.0371689e-01   9.9596724e-01   9.5795833e-01   8.0450188e-01   9.6212390e-01   8.5777481e-01   8.6201150e-01   8.8649202e-01   0.0000000e+00   9.7035806e-01   8.2754573e-01   8.8531653e-01   9.7700318e-01   8.7678199e-01   8.5289160e-01   9.3467443e-01   9.9967857e-01   9.1200894e-01   9.2762709e-01
   9.6487503e-01   8.7349711e-01   8.0848062e-01   8.4045366e-01   9.6690190e-01   9.1875268e-01   8.2574589e-01   8.0933261e-01   8.1116350e-01   9.0133115e-01   8.1646966e-01   8.3618592e-01   8.7081633e-01   8.1877500e-01   8.4743792e-01   9.7847908e-01   9.1075781e-01   9.1688814e-01   8.1084971e-01   9.3719386e-01   8.2130866e-01   8.3149955e-01   8.3182136e-01   8.1517349e-01   9.0004103e-01   9.7893657e-01   9.6481314e-01   9.3082391e-01   8.4112601e-01   8.8837507e-01   8.2061937e-01   9.8958100e-01   9.0063346e-01   9.0134913e-01   9.3280584e-01   9.3704638e-01   9.8129390e-01   9.9130601e-01   9.5705907e-01   8.0539041e-01   8.2200834e-01   8.9187019e-01   8.6597276e-01   9.8760233e-01   8.4460523e-01   8.7442901e-01   9.5539994e-01   8.3305689e-01   8.0455386e-01   8.6584849e-01   8.4302627e-01   8.0022251e-01   8.3329838e-01   9.4516170e-01   8.5619866e-01   8.5914666e-01   8.9217226e-01   8.0240532e-01   8.1438116e-01   8.2477582e-01   9.6216846e-01   8.5985956e-01   8.1913594e-01   9.5849205e-01   9.3054887e-01   8.7462077e-01   9.5243458e-01   8.4833527e-01   8.5626682e-01   9.6527287e-01   9.6455948e-01   9.6966095e-01   8.3258519e-01   9.8815769e-01   8.4850148e-01   9.3983110e-01   8.2206796e-01   9.0859661e-01   8.7619169e-01   8.1042044e-01   8.3658794e-01   8.9188550e-01   8.9563992e-01   9.5662457e-01   8.5940288e-01   8.0919041e-01   9.6846680e-01   9.4659339e-01   9.1348566e-01   9.0374310e-01   9.3448375e-01   0.0000000e+00   9.4554273e-01   8.0719479e-01   8.6378930e-01   9.2065475e-01   8.7699183e-01   8.0816657e-01   8.0697797e-01   9.0555259e-01   9.9443185e-01
   8.3768311e-01   9.0888739e-01   9.6454257e-01   9.0433645e-01   8.9552467e-01   9.8979391e-01   8.1206264e-01   8.3048922e-01   9.4319086e-01   8.6920915e-01   8.2301416e-01   9.9184205e-01   9.1027625e-01   9.4973778e-01   8.6905302e-01   8.3976601e-01   8.3461152e-01   8.6913306e-01   9.8562739e-01   8.7294825e-01   8.7305528e-01   9.4073947e-01   9.3172999e-01   8.2514484e-01   9.1456459e-01   8.7881582e-01   9.6807356e-01   8.6514801e-01   9.6161474e-01   8.9822622e-01   8.8616368e-01   9.8885361e-01   8.9040252e-01   8.4143531e-01   8.6236495e-01   8.0165500e-01   9.7946364e-01   8.1852595e-01   9.5728317e-01   8.1687042e-01   8.8157142e-01   8.6128397e-01   9.4534050e-01   9.0992289e-01   9.2550841e-01   9.5793680e-01   9.0786423e-01   8.6911212e-01   8.0401203e-01   8.7255013e-01   8.2440755e-01   9.3595054e-01   9.5443149e-01   9.9419181e-01   9.2013127e-01   9.1407414e-01   9.5458161e-01   9.5807248e-01   8.4330246e-01   8.0387699e-01   8.7341405e-01   8.4938089e-01   9.1854559e-01   8.0571448e-01   9.1594884e-01   9.4262462e-01   9.0234229e-01   9.0811428e-01   8.4759642e-01   9.5674786e-01   9.0981628e-01   9.4260946e-01   9.6289221e-01   8.9353758e-01   9.0229410e-01   9.4677141e-01   9.9942958e-01   8.3488076e-01   8.6938812e-01   9.3674030e-01   8.4113039e-01   9.8676557e-01   8.3569388e-01   9.6270741e-01   9.3218688e-01   8.5695971e-01   8.5645924e-01   8.3309595e-01   8.4030034e-01   8.3538963e-01   8.6177215e-01   8.9320073e-01   0.0000000e+00   8.4883772e-01   8.5227469e-01   9.9761767e-01   8.4496594e-01   8.5074733e-01   9.5007407e-01   8.8796153e-01   8.4717596e-01
   9.7358176e-01   8.8833161e-01   8.0069568e-01   8.7822976e-01   8.7425155e-01   8.2718917e-01   8.8934548e-01   9.5032264e-01   9.3500941e-01   8.4250019e-01   9.0181846e-01   9.8115977e-01   9.4312247e-01   8.0320161e-01   9.5763550e-01   9.4018868e-01   8.7756242e-01   9.8032271e-01   8.1361012e-01   9.4570451e-01   9.3047058e-01   8.1986390e-01   9.2848382e-01   8.5948398e-01   8.8380878e-01   8.6571910e-01   9.1687965e-01   9.1849134e-01   8.4298396e-01   9.4795212e-01   9.9826187e-01   8.6842340e-01   9.9180348e-01   8.9159562e-01   9.8432310e-01   9.7118313e-01   8.5323308e-01   8.8568100e-01   8.5160830e-01   9.9559512e-01   8.2723613e-01   8.9876604e-01   9.9063030e-01   9.8887740e-01   8.9238909e-01   8.4168274e-01   8.5490845e-01   9.2350324e-01   9.0440575e-01   9.4643916e-01   9.1915845e-01   9.7601724e-01   9.9747812e-01   8.1413525e-01   9.0726562e-01   8.5882308e-01   9.9856145e-01   8.2581682e-01   9.3179422e-01   8.9723324e-01   9.0644774e-01   8.8628354e-01   8.7249307e-01   8.3527519e-01   9.4318833e-01   8.0404282e-01   8.4287582e-01   8.6611499e-01   9.8593399e-01   9.8604667e-01   8.5325588e-01   8.4717850e-01   9.6908661e-01   9.2574360e-01   8.3991119e-01   8.7675764e-01   8.1623140e-01   9.8808248e-01   8.9160886e-01   8.5523333e-01   8.7601921e-01   8.6731978e-01   9.2496790e-01   9.1360034e-01   8.1437351e-01   8.3902354e-01   8.8202080e-01   8.8649767e-01   9.2186912e-01   9.1911827e-01   8.5543230e-01   9.2040495e-01   9.5525953e-01   0.0000000e+00   9.9821183e-01   8.1145641e-01   9.2840764e-01   9.5566368e-01   9.5462227e-01   9.1811395e-01   9.0578500e-01
   8.8067551e-01   8.8723260e-01   8.0824496e-01   9.6405570e-01   8.5426447e-01   9.3050005e-01   8.6910812e-01   9.6581193e-01   9.0612580e-01   8.4615401e-01   8.6992949e-01   8.8250978e-01   8.3077033e-01   9.2578245e-01   9.9383602e-01   8.7756669e-01   8.2497733e-01   9.9519227e-01   9.9673410e-01   8.3594788e-01   9.0160424e-01   9.4844173e-01   8.5751114e-01   9.6658256e-01   9.4669346e-01   9.6514138e-01   9.7342842e-01   8.9909636e-01   9.8232052e-01   9.0989790e-01   8.3439146e-01   9.4347272e-01   8.8985934e-01   8.3396301e-01   8.5021140e-01   9.3355422e-01   8.6632348e-01   9.6738954e-01   9.3270512e-01   8.2929156e-01   9.1944134e-01   8.8922927e-01   9.0014495e-01   8.5848447e-01   9.0126186e-01   8.2400978e-01   8.4118443e-01   8.1637882e-01   9.1147016e-01   8.9461210e-01   9.2789559e-01   9.3404341e-01   8.9355771e-01   9.7293829e-01   8.6980250e-01   8.7409747e-01   9.2893708e-01   8.9638906e-01   9.7690892e-01   8.0054499e-01   8.8721362e-01   9.5513701e-01   9.8121215e-01   9.3615641e-01   8.2252142e-01   9.5480943e-01   8.0818092e-01   8.0181005e-01   8.6950408e-01   8.0714128e-01   9.5816751e-01   8.9446247e-01   9.8718540e-01   8.0488910e-01   8.6966295e-01   9.1195537e-01   8.1106715e-01   8.1974530e-01   8.7465401e-01   9.3706747e-01   8.3953329e-01   9.9120134e-01   9.2768447e-01   9.8213226e-01   8.7074315e-01   9.9395385e-01   8.0356411e-01   8.6797276e-01   9.9563135e-01   8.1212674e-01   9.8821738e-01   8.7733458e-01   9.2130486e-01   9.7933447e-01   0.0000000e+00   9.7266069e-01   9.1664505e-01   9.1672960e-01   8.8795982e-01   8.7094616e-01   9.3934659e-01
   9.4237019e-01   8.6785588e-01   8.2562646e-01   9.7425566e-01   9.7049850e-01   8.3309850e-01   8.0001337e-01   9.8827949e-01   9.7065353e-01   8.4237746e-01   8.2953928e-01   8.0222841e-01   9.3521241e-01   9.7490987e-01   9.7487895e-01   8.7399171e-01   9.4412287e-01   9.5862102e-01   9.8310640e-01   8.8078417e-01   9.4916288e-01   8.6962056e-01   8.0063537e-01   8.8300651e-01   8.0389865e-01   9.0306709e-01   9.4854898e-01   9.8951774e-01   9.8602388e-01   8.6538132e-01   9.1383309e-01   8.8535603e-01   9.9768488e-01   9.7358090e-01   8.1333844e-01   8.9563124e-01   9.0362354e-01   8.6804170e-01   9.9918634e-01   8.6478441e-01   8.2919391e-01   9.2371020e-01   8.9238966e-01   8.1827991e-01   8.7288771e-01   8.7250589e-01   9.3428418e-01   9.2476234e-01   9.5292477e-01   9.6456945e-01   9.8293735e-01   8.5619647e-01   8.6655750e-01   8.5850836e-01   8.9883387e-01   8.4257039e-01   8.6910901e-01   9.9532275e-01   8.4173876e-01   8.9704188e-01   9.6567608e-01   9.1975059e-01   9.2284283e-01   9.9671581e-01   9.7786773e-01   8.6660967e-01   8.4564363e-01   9.7250802e-01   9.4265855e-01   9.7285535e-01   9.5704698e-01   9.2552094e-01   8.7258805e-01   9.8154372e-01   8.6313726e-01   9.9900170e-01   9.2384902e-01   8.0503998e-01   8.7726627e-01   9.3520292e-01   8.8794455e-01   8.9428209e-01   8.8493004e-01   8.6635147e-01   9.4995545e-01   8.1732307e-01   9.3355591e-01   8.2241141e-01   9.6838556e-01   8.4760274e-01   9.1353541e-01   8.8637150e-01   8.0624649e-01   8.3055308e-01   8.1720658e-01   0.0000000e+00   8.0348861e-01   9.5993430e-01   9.0719722e-01   9.9684427e-01   9.8353129e-01
   9.2905463e-01   9.9547861e-01   9.5323794e-01   9.3615733e-01   9.0981192e-01   9.8794761e-01   9.5440928e-01   8.2067737e-01   8.4067572e-01   8.2195293e-01   9.2554343e-01   9.4634016e-01   8.3911178e-01   9.2935992e-01   8.6184886e-01   9.3430915e-01   9.9872823e-01   9.2790598e-01   9.1208166e-01   9.3725372e-01   9.5733087e-01   8.2848312e-01   9.6360408e-01   9.7495451e-01   9.3904359e-01   9.5768272e-01   8.0239634e-01   8.5583229e-01   9.9817622e-01   8.1357242e-01   9.5625357e-01   8.4261126e-01   9.8714660e-01   9.4906994e-01   9.0628826e-01   9.9610274e-01   9.2902060e-01   9.5765899e-01   8.2744852e-01   9.3145930e-01   9.0638016e-01   9.6492832e-01   9.9047212e-01   9.8647842e-01   9.3439859e-01   9.0094378e-01   8.3571853e-01   8.7514616e-01   8.6676736e-01   8.3731925e-01   8.4933393e-01   8.3744472e-01   9.2082748e-01   8.8137928e-01   9.7366958e-01   8.7752030e-01   8.0779783e-01   9.3165803e-01   8.5414214e-01   8.7272633e-01   8.7963536e-01   9.0255288e-01   8.0264947e-01   9.0048657e-01   9.4078322e-01   8.9588841e-01   8.0743001e-01   8.6301026e-01   9.2693912e-01   9.6717044e-01   9.5428725e-01   9.0460380e-01   9.5545877e-01   8.5071550e-01   9.0824063e-01   8.2596839e-01   8.3084822e-01   9.8476762e-01   8.3274222e-01   8.3126270e-01   9.5569068e-01   8.3561550e-01   9.1273698e-01   9.4360420e-01   9.7840707e-01   9.5531561e-01   9.3705199e-01   8.1616816e-01   8.5347665e-01   8.4199856e-01   8.7865624e-01   9.9218497e-01   9.8420240e-01   9.0972251e-01   9.9473189e-01   8.1246769e-01   0.0000000e+00   9.2725740e-01   9.1524347e-01   8.4235845e-01   8.7218746e-01
   8.3738474e-01   9.0986045e-01   9.4767490e-01   8.1838634e-01   9.6966995e-01   8.7156077e-01   8.5273069e-01   9.3425078e-01   9.9414601e-01   8.6035765e-01   9.4849810e-01   8.0549863e-01   9.6222022e-01   8.7810884e-01   9.8819353e-01   8.8284980e-01   8.7327020e-01   9.6709587e-01   9.3688522e-01   8.7435740e-01   9.6293859e-01   8.9874887e-01   9.0735962e-01   8.8022575e-01   9.3826952e-01   9.0357280e-01   9.1490436e-01   9.2707622e-01   9.3488526e-01   9.0294790e-01   8.5141633e-01   9.4224606e-01   9.9667942e-01   9.7440411e-01   8.8416121e-01   8.2738586e-01   9.9297522e-01   8.7263842e-01   8.7801902e-01   9.9396702e-01   9.4355021e-01   8.5113194e-01   8.9811180e-01   9.6616585e-01   8.8413868e-01   9.0240125e-01   8.8716436e-01   9.7774381e-01   8.2843703e-01   9.9466130e-01   9.7944069e-01   8.3103002e-01   9.3721354e-01   9.6042721e-01   9.9670687e-01   9.3365122e-01   9.5200373e-01   9.5404232e-01   9.7248503e-01   9.1948163e-01   8.8140047e-01   8.6719129e-01   9.1283427e-01   9.2116518e-01   9.6748147e-01   8.1571800e-01   8.8668366e-01   9.1789908e-01   9.0209022e-01   8.7923625e-01   8.9325533e-01   8.5874778e-01   9.9147160e-01   9.3750859e-01   8.8802220e-01   8.9576297e-01   9.9133105e-01   9.7364842e-01   8.9554070e-01   8.6877967e-01   9.8752553e-01   9.0894093e-01   9.3797891e-01   8.2780326e-01   8.8651504e-01   9.9011907e-01   8.6947644e-01   8.9562719e-01   9.4700106e-01   8.3449968e-01   9.3032862e-01   8.9315929e-01   9.2714097e-01   8.8127744e-01   8.5235042e-01   8.2336782e-01   8.5110092e-01   0.0000000e+00   9.2068985e-01   8.2049302e-01   8.2305641e-01
   8.9392886e-01   8.7315507e-01   8.5853767e-01   9.5673331e-01   9.4225664e-01   9.0545336e-01   8.0155971e-01   9.1309190e-01   8.3108918e-01   8.0711396e-01   9.0397124e-01   8.9746663e-01   9.3445766e-01   9.7070378e-01   8.7808501e-01   8.3134524e-01   8.3200770e-01   9.8840440e-01   8.9883877e-01   8.0589933e-01   9.9356596e-01   9.5020597e-01   8.9814986e-01   9.7236621e-01   9.5233056e-01   8.6624636e-01   9.0447880e-01   8.7408846e-01   9.9111060e-01   8.4552936e-01   9.7167631e-01   8.7332806e-01   8.0755459e-01   9.4151254e-01   9.8946420e-01   9.3593393e-01   8.4905673e-01   9.5953748e-01   9.2630061e-01   9.6438351e-01   8.0536363e-01   9.4656414e-01   8.8738994e-01   9.5481265e-01   8.2613883e-01   9.7188370e-01   9.3000890e-01   8.0490684e-01   9.5937714e-01   9.6670718e-01   8.2980180e-01   9.6055266e-01   9.6587390e-01   9.3981463e-01   8.8913330e-01   8.3258238e-01   9.0292793e-01   9.3772225e-01   8.4555499e-01   8.9123390e-01   9.6342780e-01   8.5122161e-01   8.6670162e-01   9.6583548e-01   8.3864145e-01   8.1333936e-01   9.0091781e-01   8.7530185e-01   9.0069484e-01   8.9488350e-01   9.0853745e-01   8.7926974e-01   9.6619239e-01   8.3941012e-01   9.4897443e-01   9.1389372e-01   8.4052571e-01   8.6094171e-01   9.8874351e-01   8.6994415e-01   8.9993344e-01   9.2478711e-01   9.3008061e-01   9.8148979e-01   8.7173806e-01   9.8472585e-01   8.4493464e-01   8.8738829e-01   9.9021519e-01   9.3260580e-01   8.2504442e-01   9.0034290e-01   9.7264541e-01   8.6557129e-01   9.2024923e-01   8.0787193e-01   8.4630413e-01   9.9378342e-01   0.0000000e+00   8.0774920e-01   8.2658614e-01
   8.9131566e-01   9.1877383e-01   9.4479667e-01   9.4016931e-01   8.9944868e-01   8.6168638e-01   8.6255098e-01   8.2179153e-01   8.4048197e-01   9.5461387e-01   8.1450608e-01   9.0544718e-01   8.4035270e-01   8.4926774e-01   8.6892690e-01   9.1971330e-01   9.2781677e-01   9.2848166e-01   8.9090655e-01   9.6777356e-01   8.0444768e-01   9.7581976e-01   9.1168197e-01   9.7383863e-01   9.9400092e-01   9.8454618e-01   9.1415199e-01   9.2235953e-01   9.2931377e-01   8.8457508e-01   9.3207608e-01   8.4972471e-01   8.1322707e-01   9.2684399e-01   9.0612968e-01   8.3320557e-01   8.0062490e-01   9.3863509e-01   8.5881166e-01   9.3986433e-01   8.6103072e-01   8.1625725e-01   8.9613921e-01   9.2305931e-01   9.3996998e-01   8.0933760e-01   9.8177216e-01   9.1460874e-01   8.3033171e-01   8.2710496e-01   9.4126422e-01   8.4742256e-01   8.2465783e-01   8.8174942e-01   8.3997502e-01   9.6853419e-01   9.3898506e-01   8.3738606e-01   9.6260407e-01   9.6538557e-01   9.4663558e-01   8.2950815e-01   9.5333759e-01   9.3460221e-01   8.5149565e-01   8.2599798e-01   8.8595292e-01   8.1585476e-01   8.7463302e-01   8.1288371e-01   8.2115453e-01   8.4446848e-01   8.1007813e-01   8.8712989e-01   9.1574761e-01   8.3019796e-01   9.0926255e-01   8.3800566e-01   8.3857659e-01   8.4629295e-01   9.2591839e-01   9.0182717e-01   9.9927146e-01   9.6812245e-01   9.3073402e-01   9.8115226e-01   9.7081842e-01   8.5088734e-01   9.7258229e-01   8.9376749e-01   8.9238030e-01   9.9578919e-01   9.1866890e-01   8.8922284e-01   8.2390777e-01   9.7979160e-01   9.5374682e-01   8.8070452e-01   8.8352126e-01   0.0000000e+00   8.9167759e-01
   9.7265476e-01   8.6419849e-01   9.0168858e-01   8.1938815e-01   8.8599896e-01   9.8564640e-01   9.4799514e-01   9.0424029e-01   9.2571393e-01   9.2775237e-01   8.6121155e-01   9.5583939e-01   8.1756084e-01   8.8531028e-01   9.0123097e-01   8.9920273e-01   9.5694197e-01   9.2930732e-01   9.6155686e-01   9.2463996e-01   9.3552332e-01   9.5642673e-01   8.7362422e-01   9.2620975e-01   8.9586305e-01   9.4069722e-01   8.1509879e-01   8.6093432e-01   8.2086539e-01   9.7372261e-01   9.3393082e-01   9.2367076e-01   9.1300658e-01   8.8084711e-01   8.0270735e-01   9.0656773e-01   9.7014371e-01   8.8171460e-01   8.6898244e-01   9.7647007e-01   8.6679893e-01   9.2241205e-01   9.5020823e-01   9.9140530e-01   8.3427785e-01   9.4030394e-01   9.5494936e-01   8.3899061e-01   9.3438566e-01   9.4678744e-01   8.1613946e-01   8.2749178e-01   9.4411807e-01   8.7373586e-01   8.4316490e-01   9.9546548e-01   9.1734377e-01   8.5296267e-01   9.7217214e-01   8.7753171e-01   8.2525497e-01   9.9055858e-01   9.1880054e-01   9.4995852e-01   8.0758083e-01   8.6617531e-01   8.3355536e-01   9.7556561e-01   8.7516525e-01   8.8649334e-01   8.8014333e-01   9.8320791e-01   9.6807685e-01   8.4545067e-01   8.9354347e-01   9.2283556e-01   9.3619048e-01   9.6709737e-01   9.9001437e-01   9.9920635e-01   8.9241890e-01   8.9705856e-01   9.5324319e-01   8.6508329e-01   8.0829590e-01   8.2765742e-01   9.6810597e-01   9.5650100e-01   9.2203216e-01   9.3157476e-01   8.9648682e-01   8.1444364e-01   8.6818902e-01   8.6788253e-01   9.6117110e-01   8.0208771e-01   9.2746244e-01   9.3712943e-01   9.7744260e-01   8.1388457e-01   0.0000000e+00
