  0.0000000e+00   5.5654329e+01   9.5486841e+01   8.7202076e+01   7.9417679e+01   1.0101119e+02   6.7330008e+01   9.5107082e+01   2.6213203e+00   7.9659649e+01   1.0193594e+02   1.1367796e+02   6.2054854e+01   1.0942314e+02   1.1186427e+02   8.6118339e+01   4.6415684e+01   7.9031841e+01   8.9088938e+01   1.0636430e+02   1.3948291e+02   9.4701911e+01   1.4944630e+02   9.8735686e+01   1.2014322e+02   1.1110402e+02   9.0612430e+01   9.4474731e+01   1.4850676e+02   8.3231493e+01   1.2125699e+02   1.7783654e+02   6.4580028e+01   7.7132239e+01   1.2869317e+01   6.6517043e+01   4.2526777e+01   8.7305818e+01   5.1256773e+01   1.1498253e+02   1.1498253e+02   1.4095640e+02   6.2054854e+01   6.9597757e+01   8.4834157e+01   8.2012269e+01   1.2470145e+02   1.0601303e+02   6.5399923e+01   1.4200972e+02   1.9023666e+02   1.5075478e+02   6.6846584e+00   8.3340208e+01   4.2338977e+01   6.8066634e+01   4.8966483e+01   5.8845951e+01   1.0924741e+02   8.2108823e+01   9.2783530e+01   6.5986640e+01   7.5514999e+01   9.2306862e+01   1.9040853e+02   1.2232364e+02   5.1588159e+01   7.6542751e+01   1.6760027e+02   1.2452016e+02   5.2434165e+00   8.4620449e+01   1.0041621e+02   9.2698156e+01   1.5609563e+02   7.1191230e+01   1.1739418e+02   5.3341745e+01   1.5043999e+02   1.2095850e+02   3.9528835e+01   8.8745396e+01   5.8225644e+01   9.4654129e+01   1.1946428e+02   1.9310841e+02   1.4565164e+02   9.8000000e+01   1.1658294e+02   5.2483170e+01   1.2081833e+02   1.4903030e+02   3.2880550e+01   1.9283369e+02   7.5739617e+01   1.0056248e+02   9.9112879e+01   9.1308865e+01   2.6213203e+00   9.2441558e+01   5.7282480e+01
  5.5654329e+01   0.0000000e+00   1.4766827e+02   9.0512499e+01   6.4702804e+01   4.6830336e+01   1.2248053e+02   1.4821764e+02   5.7775649e+01   6.5900688e+01   4.7577064e+01   6.0218088e+01   7.2082039e+00   1.0220177e+02   1.0866654e+02   1.2969172e+02   1.1420165e+01   1.3284897e+02   9.0399944e+01   7.1254858e+01   1.4073997e+02   1.3466408e+02   1.4944630e+02   6.4930195e+01   8.3122636e+01   1.0171388e+02   6.2073127e+01   9.1308865e+01   1.3263629e+02   8.0352990e+01   8.5419079e+01   1.2372845e+02   6.5486537e+01   5.7932569e+01   6.6568147e+01   6.7397309e+01   9.1060753e+01   1.2729215e+02   1.1420165e+01   1.0593837e+02   8.0732475e+01   1.2784991e+02   7.2082039e+00   7.4503378e+01   5.5429500e+01   7.0423172e+01   7.0471423e+01   9.1741438e+01   1.1997385e+02   1.2991793e+02   1.3633078e+02   1.4840030e+02   5.9076873e+01   1.3760033e+02   9.4150948e+01   1.1291997e+02   5.7814920e+01   1.1085964e+02   1.0372790e+02   9.1593359e+01   5.9536006e+01   6.5986640e+01   1.2148037e+02   6.1724995e+01   1.3614015e+02   6.7916615e+01   6.5000000e+00   7.4988254e+01   1.1732679e+02   7.1809186e+01   5.9934838e+01   8.9355219e+01   4.6806047e+01   8.7474134e+01   1.5534185e+02   6.6924769e+01   7.9830007e+01   1.0562306e+01   1.3652941e+02   8.6367631e+01   8.7046230e+01   9.3269877e+01   6.4930195e+01   9.7107453e+01   8.4954130e+01   1.3863037e+02   1.3033451e+02   1.5047750e+02   1.1090041e+02   3.8541020e+00   6.6941704e+01   1.4784399e+02   8.4954130e+01   1.3867109e+02   5.8128118e+01   9.5770667e+01   9.6710706e+01   1.4378730e+02   5.5695108e+01   6.0966933e+01   3.2142535e+01
  9.5486841e+01   1.4766827e+02   0.0000000e+00   1.6424752e+02   1.6851339e+02   1.8890382e+02   4.4616324e+01   7.2082039e+00   9.3548375e+01   1.6831910e+02   1.9010024e+02   1.9966137e+02   1.5330870e+02   1.4328393e+02   1.3916687e+02   3.9615214e+01   1.3709887e+02   2.0229420e+01   1.2223126e+02   1.7331276e+02   1.4927248e+02   5.0204125e+01   1.5806427e+02   1.6640434e+02   1.8606401e+02   1.4710917e+02   1.5590029e+02   1.3030851e+02   1.8131067e+02   1.2527981e+02   1.8563306e+02   2.6265692e+02   1.4948406e+02   1.6820510e+02   8.8910972e+01   1.5086705e+02   5.7519733e+01   5.0090826e+01   1.4029002e+02   1.4896969e+02   1.7897479e+02   1.7185489e+02   1.5436520e+02   1.1214676e+02   1.5300656e+02   1.6930832e+02   2.1157937e+02   1.5021473e+02   3.5032593e+01   1.7117074e+02   2.7418321e+02   1.6274981e+02   9.0512499e+01   2.0624612e+01   5.4165631e+01   4.3479646e+01   1.3501580e+02   3.7395122e+01   1.4090833e+02   1.5558868e+02   1.6167149e+02   1.1699893e+02   3.6154593e+01   1.5890455e+02   2.7537679e+02   2.0969489e+02   1.4250176e+02   1.2143387e+02   2.4519777e+02   2.0865979e+02   9.2527170e+01   1.6125214e+02   1.8744719e+02   1.3209027e+02   1.6400688e+02   1.2281210e+02   1.8446263e+02   1.4236702e+02   1.7996170e+02   1.8399728e+02   6.1706617e+01   1.6443978e+02   1.4189042e+02   1.7053676e+02   1.8273611e+02   2.7868429e+02   1.7840025e+02   3.8541020e+00   1.4534906e+02   1.4488231e+02   2.0715188e+02   1.5967679e+02   6.3571388e+01   2.7743185e+02   1.6646536e+02   1.3533323e+02   1.3147328e+02   5.0000000e+00   9.4654129e+01   1.5981808e+02   1.3540830e+02
  8.7202076e+01   9.0512499e+01   1.6424752e+02   0.0000000e+00   3.2142535e+01   1.2423864e+02   1.2208330e+02   1.6102803e+02   8.7771129e+01   3.0649627e+01   1.2408398e+02   1.3740325e+02   9.4952369e+01   1.8603975e+02   1.9071632e+02   1.6802388e+02   9.2600489e+01   1.4462495e+02   1.6917498e+02   1.6123114e+02   2.2112751e+02   1.7839393e+02   2.3072435e+02   1.5493445e+02   1.7273893e+02   1.8652419e+02   1.5147185e+02   1.7265400e+02   2.2059146e+02   1.6094392e+02   1.7518400e+02   1.9015363e+02   2.6306976e+01   3.9528835e+01   8.4620449e+01   2.4217082e+01   1.2481010e+02   1.7132886e+02   9.7826769e+01   1.9073407e+02   1.7069548e+02   2.1481111e+02   9.1110430e+01   1.5005685e+02   1.4476538e+02   2.6394015e+01   1.4300000e+02   1.7819145e+02   1.2971784e+02   2.1654687e+02   2.0271090e+02   2.3095878e+02   9.3160671e+01   1.4600000e+02   1.2062181e+02   1.5039496e+02   3.9873214e+01   1.3346804e+02   1.8679614e+02   1.0562306e+01   1.4947651e+02   1.4378730e+02   1.5626906e+02   1.5143459e+02   2.0054624e+02   1.4000000e+02   9.3075645e+01   1.5447484e+02   1.9555192e+02   1.4927248e+02   8.6367631e+01   3.5000000e+00   1.2608861e+02   1.6970771e+02   2.3714372e+02   1.4725490e+02   1.6940826e+02   9.8448966e+01   2.2391945e+02   1.7626262e+02   1.2306019e+02   3.5000000e+00   3.0274150e+01   8.0000000e+00   1.7486815e+02   2.0143842e+02   2.1808274e+02   1.6560905e+02   1.9428467e+02   8.8400512e+01   1.4157179e+02   2.2975968e+02   1.1291997e+02   2.0349384e+02   3.8000000e+01   1.7816612e+02   1.7788729e+02   1.5975451e+02   8.9253873e+01   1.5076976e+02   1.1784564e+02
  7.9417679e+01   6.4702804e+01   1.6851339e+02   3.2142535e+01   0.0000000e+00   9.3475803e+01   1.3010035e+02   1.6646536e+02   8.0690398e+01   2.0000000e+00   9.3221357e+01   1.0636430e+02   6.7916615e+01   1.6498784e+02   1.7068226e+02   1.6483046e+02   6.9451070e+01   1.4969534e+02   1.5050000e+02   1.3410109e+02   2.0219841e+02   1.7361846e+02   2.1137674e+02   1.2835245e+02   1.4476538e+02   1.6490575e+02   1.2622291e+02   1.5279987e+02   1.9681098e+02   1.4129240e+02   1.4741579e+02   1.5857040e+02   2.1338666e+01   8.1485293e+00   8.1500000e+01   2.0902206e+01   1.2095850e+02   1.6621436e+02   7.3754693e+01   1.6914830e+02   1.4344142e+02   1.9184262e+02   6.3785069e+01   1.3238063e+02   1.1960605e+02   6.6846584e+00   1.1154053e+02   1.5548710e+02   1.3466408e+02   1.9383132e+02   1.7115755e+02   2.1089606e+02   8.5577905e+01   1.5230415e+02   1.1900949e+02   1.4677115e+02   3.4041020e+01   1.3413476e+02   1.6618042e+02   3.8447332e+01   1.2325280e+02   1.2500904e+02   1.5385987e+02   1.2572979e+02   1.6906824e+02   1.0854166e+02   6.8514704e+01   1.3521637e+02   1.6417193e+02   1.1811377e+02   8.0352990e+01   3.2566337e+01   9.5522366e+01   1.4937075e+02   2.1753917e+02   1.2746948e+02   1.4141221e+02   7.3877449e+01   2.0062496e+02   1.4875738e+02   1.1827627e+02   3.5130189e+01   2.8682441e+01   3.6624784e+01   1.4742345e+02   1.7004645e+02   1.9448196e+02   1.7042425e+02   1.7354696e+02   6.3303264e+01   1.1025655e+02   2.1005489e+02   1.1009243e+02   1.7200583e+02   7.2082039e+00   1.5783563e+02   1.5817847e+02   1.6405504e+02   8.1138080e+01   1.2489152e+02   9.4904714e+01
  1.0101119e+02   4.6830336e+01   1.8890382e+02   1.2423864e+02   9.3475803e+01   0.0000000e+00   1.6759354e+02   1.9026038e+02   1.0311579e+02   9.4952369e+01   2.0000000e+00   1.4329317e+01   4.0129534e+01   1.0610895e+02   1.1467749e+02   1.6552727e+02   5.5100824e+01   1.7576908e+02   1.0401087e+02   5.4853013e+01   1.4565940e+02   1.6792312e+02   1.5236343e+02   5.3171150e+01   6.0048300e+01   1.0382594e+02   5.8459037e+01   1.0117895e+02   1.2348171e+02   9.3548375e+01   6.3303264e+01   7.7469150e+01   1.0251103e+02   8.5828776e+01   1.1244865e+02   1.0400000e+02   1.3192774e+02   1.6102803e+02   5.0452477e+01   1.0746378e+02   6.2073127e+01   1.2193517e+02   4.1469501e+01   9.5225920e+01   5.4687176e+01   9.9647617e+01   2.4217082e+01   9.1815388e+01   1.6384167e+02   1.2464709e+02   9.0023740e+01   1.4944630e+02   1.0365159e+02   1.8092450e+02   1.3652941e+02   1.5047750e+02   9.9386298e+01   1.5279987e+02   1.0877049e+02   1.2807939e+02   5.1433781e+01   8.6406926e+01   1.5922382e+02   5.5817267e+01   8.9960885e+01   2.1819006e+01   5.0022722e+01   9.0948881e+01   7.3060320e+01   2.6394015e+01   1.0550000e+02   1.2394736e+02   3.8541020e+00   9.6687317e+01   1.5703274e+02   8.3868159e+01   5.6964591e+01   4.8335656e+01   1.2871271e+02   6.5624880e+01   1.2771733e+02   1.2722115e+02   1.0439057e+02   1.2948256e+02   6.4702804e+01   9.2600489e+01   1.2200926e+02   1.9191904e+02   1.1439140e+02   5.0181485e+01   2.0624612e+01   1.4993644e+02   1.2784991e+02   9.2441558e+01   8.7059228e+01   1.0320346e+02   1.0588501e+02   1.8534115e+02   1.0076465e+02   5.4353969e+01   5.5511362e+01
  6.7330008e+01   1.2248053e+02   4.4616324e+01   1.2208330e+02   1.3010035e+02   1.6759354e+02   0.0000000e+00   4.0214607e+01   6.5208964e+01   1.2969172e+02   1.6856695e+02   1.7994916e+02   1.2887932e+02   1.4906817e+02   1.4756886e+02   6.5900688e+01   1.1310995e+02   2.5329418e+01   1.2658033e+02   1.6484415e+02   1.6582695e+02   7.8802299e+01   1.7556356e+02   1.5731996e+02   1.7852036e+02   1.5218553e+02   1.4762240e+02   1.3421051e+02   1.8950595e+02   1.2590036e+02   1.7889282e+02   2.4414729e+02   1.1001027e+02   1.3096551e+02   5.6964591e+01   1.1113453e+02   4.7217235e+01   7.4594534e+01   1.1765375e+02   1.5506552e+02   1.7223526e+02   1.8050625e+02   1.2884426e+02   1.1102262e+02   1.4311837e+02   1.3002220e+02   1.9121248e+02   1.5176219e+02   1.4650972e+01   1.8055624e+02   2.5640281e+02   1.7907561e+02   6.4457017e+01   2.4918231e+01   3.8476967e+01   5.5654329e+01   9.6792523e+01   3.1820920e+01   1.4750765e+02   1.1300000e+02   1.5176963e+02   1.1259929e+02   5.5038977e+01   1.5008693e+02   2.5678500e+02   1.8890979e+02   1.1835266e+02   1.2035929e+02   2.3177743e+02   1.9040853e+02   6.3087938e+01   1.1908541e+02   1.6683100e+02   1.3453824e+02   1.8207436e+02   1.1878144e+02   1.7626262e+02   1.1976651e+02   1.8955356e+02   1.7790631e+02   5.0564958e+01   1.2200926e+02   1.0236756e+02   1.2800000e+02   1.7648651e+02   2.5960085e+02   1.8650605e+02   4.5249302e+01   1.5352941e+02   1.1929394e+02   1.8720632e+02   1.7641617e+02   4.3688540e+01   2.5914454e+02   1.2905446e+02   1.4012897e+02   1.3703296e+02   4.0355991e+01   6.7397309e+01   1.5063494e+02   1.1938860e+02
  9.5107082e+01   1.4821764e+02   7.2082039e+00   1.6102803e+02   1.6646536e+02   1.9026038e+02   4.0214607e+01   0.0000000e+00   9.3112094e+01   1.6621436e+02   1.9142472e+02   2.0130401e+02   1.5401384e+02   1.4805762e+02   1.4420282e+02   4.5500000e+01   1.3778893e+02   1.7270510e+01   1.2673193e+02   1.7648651e+02   1.5511646e+02   5.6504464e+01   1.6400688e+02   1.6946819e+02   1.8940474e+02   1.5182168e+02   1.5902523e+02   1.3480655e+02   1.8646371e+02   1.2936039e+02   1.8907691e+02   2.6462355e+02   1.4710917e+02   1.6645180e+02   8.7784019e+01   1.4842312e+02   5.8923026e+01   5.6000000e+01   1.4122047e+02   1.5380117e+02   1.8239626e+02   1.7702903e+02   1.5489074e+02   1.1591230e+02   1.5590029e+02   1.6702702e+02   2.1315112e+02   1.5454058e+02   3.2319805e+01   1.7641617e+02   2.7627980e+02   1.6860711e+02   9.0412457e+01   1.5797059e+01   5.4583269e+01   4.7577064e+01   1.3292545e+02   3.8000000e+01   1.4576011e+02   1.5218553e+02   1.6460439e+02   1.2038745e+02   4.0888736e+01   1.6197136e+02   2.7735059e+02   2.1119528e+02   1.4319723e+02   1.2527981e+02   2.4788634e+02   2.1055356e+02   9.1889277e+01   1.5802857e+02   1.8890979e+02   1.3643013e+02   1.7000664e+02   1.2629448e+02   1.8771178e+02   1.4331544e+02   1.8524983e+02   1.8751938e+02   6.3159796e+01   1.6111211e+02   1.3948291e+02   1.6716883e+02   1.8623368e+02   2.8058659e+02   1.8353688e+02   5.9083269e+00   1.5038746e+02   1.4534906e+02   2.0877866e+02   1.6556135e+02   6.3785069e+01   2.7945564e+02   1.6466607e+02   1.3995967e+02   1.3616503e+02   6.6846584e+00   9.4414855e+01   1.6283992e+02   1.3732927e+02
  2.6213203e+00   5.7775649e+01   9.3548375e+01   8.7771129e+01   8.0690398e+01   1.0311579e+02   6.5208964e+01   9.3112094e+01   0.0000000e+00   8.0900560e+01   1.0404347e+02   1.1576600e+02   6.4174956e+01   1.1024630e+02   1.1252901e+02   8.4714013e+01   4.8523432e+01   7.7000000e+01   8.9721634e+01   1.0805115e+02   1.3987091e+02   9.3475803e+01   1.4985361e+02   1.0041621e+02   1.2184249e+02   1.1199552e+02   9.2196510e+01   9.5237796e+01   1.4949161e+02   8.4070330e+01   1.2292242e+02   1.7993035e+02   6.5486537e+01   7.8557671e+01   1.1106602e+01   6.7397309e+01   4.1000000e+01   8.6105198e+01   5.3341745e+01   1.1584405e+02   1.1662170e+02   1.4186654e+02   6.4174956e+01   7.0278220e+01   8.6472379e+01   8.3163474e+01   1.2680321e+02   1.0709503e+02   6.3321175e+01   1.4288153e+02   1.9232414e+02   1.5124813e+02   5.9083269e+00   8.1277472e+01   4.0524992e+01   6.6653231e+01   4.9840653e+01   5.6964591e+01   1.1001027e+02   8.2466457e+01   9.4474731e+01   6.6907831e+01   7.4000000e+01   9.3934469e+01   1.9250586e+02   1.2442942e+02   5.3702444e+01   7.7396034e+01   1.6959465e+02   1.2658925e+02   3.5000000e+00   8.5153706e+01   1.0251103e+02   9.3548375e+01   1.5651442e+02   7.2202510e+01   1.1911387e+02   5.5429500e+01   1.5135258e+02   1.2259115e+02   3.8119809e+01   8.9253873e+01   5.9000000e+01   9.5202165e+01   1.2109851e+02   1.9521132e+02   1.4662495e+02   9.6041876e+01   1.1731716e+02   5.4604066e+01   1.2291323e+02   1.4948406e+02   3.1094117e+01   1.9492801e+02   7.7132239e+01   1.0134642e+02   9.9817672e+01   8.9355219e+01   3.5000000e+00   9.4090865e+01   5.9076873e+01
  7.9659649e+01   6.5900688e+01   1.6831910e+02   3.0649627e+01   2.0000000e+00   9.4952369e+01   1.2969172e+02   1.6621436e+02   8.0900560e+01   0.0000000e+00   9.4701911e+01   1.0785222e+02   6.9189519e+01   1.6601737e+02   1.7166439e+02   1.6498784e+02   7.0503571e+01   1.4944630e+02   1.5140477e+02   1.3541664e+02   2.0313884e+02   1.7385873e+02   2.1234015e+02   1.2963946e+02   1.4612366e+02   1.6596299e+02   1.2744290e+02   1.5376448e+02   1.9798228e+02   1.4224008e+02   1.4876497e+02   1.6005093e+02   2.0624612e+01   9.6241438e+00   8.1513888e+01   2.0057607e+01   1.2109851e+02   1.6646536e+02   7.4867332e+01   1.7020563e+02   1.4476538e+02   1.9297402e+02   6.5069730e+01   1.3322245e+02   1.2081833e+02   5.2434165e+00   1.1303999e+02   1.5659372e+02   1.3440388e+02   1.9495115e+02   1.7263440e+02   2.1189359e+02   8.5828776e+01   1.5200000e+02   1.1903797e+02   1.4693258e+02   3.3805405e+01   1.3407582e+02   1.6718908e+02   3.7027387e+01   1.2452016e+02   1.2590036e+02   1.5396987e+02   1.2697233e+02   1.7053676e+02   1.1004109e+02   6.9646583e+01   1.3614015e+02   1.6567037e+02   1.1960605e+02   8.0507812e+01   3.1094117e+01   9.6990932e+01   1.5035743e+02   2.1851663e+02   1.2841403e+02   1.4277087e+02   7.5018454e+01   2.0177407e+02   1.5009445e+02   1.1845762e+02   3.3636083e+01   2.8077164e+01   3.5130189e+01   1.4875738e+02   1.7150658e+02   1.9564418e+02   1.7020563e+02   1.7456464e+02   6.4457017e+01   1.1175309e+02   2.1103503e+02   1.1016426e+02   1.7347543e+02   8.5777472e+00   1.5882640e+02   1.5913874e+02   1.6385544e+02   8.1402719e+01   1.2614235e+02   9.5982983e+01
  1.0193594e+02   4.7577064e+01   1.9010024e+02   1.2408398e+02   9.3221357e+01   2.0000000e+00   1.6856695e+02   1.9142472e+02   1.0404347e+02   9.4701911e+01   0.0000000e+00   1.4083078e+01   4.0888736e+01   1.0757941e+02   1.1615574e+02   1.6686481e+02   5.6020267e+01   1.7688878e+02   1.0551071e+02   5.6182134e+01   1.4711685e+02   1.6930832e+02   1.5380117e+02   5.4583269e+01   6.1189785e+01   1.0528550e+02   5.9934838e+01   1.0267632e+02   1.2478294e+02   9.5047607e+01   6.4457017e+01   7.6661014e+01   1.0254411e+02   8.5577905e+01   1.1331955e+02   1.0401087e+02   1.3311222e+02   1.6240275e+02   5.1455863e+01   1.0891587e+02   6.3321175e+01   1.2328945e+02   4.2096274e+01   9.6699012e+01   5.6182134e+01   9.9386298e+01   2.3396506e+01   9.3269877e+01   1.6490575e+02   1.2600797e+02   8.9253873e+01   1.5086705e+02   1.0463933e+02   1.8202479e+02   1.3765776e+02   1.5176963e+02   9.9647617e+01   1.5395521e+02   1.1024630e+02   1.2803529e+02   5.2892748e+01   8.7874195e+01   1.6051562e+02   5.7282480e+01   8.9114333e+01   2.0902206e+01   5.0900893e+01   9.2441558e+01   7.2889571e+01   2.6175864e+01   1.0640680e+02   1.2382883e+02   5.2434165e+00   9.8184441e+01   1.5845648e+02   8.5352814e+01   5.8128118e+01   4.9336462e+01   1.3003088e+02   6.6806108e+01   1.2890561e+02   1.2707014e+02   1.0453125e+02   1.2926432e+02   6.5900688e+01   9.1704441e+01   1.2332610e+02   1.9310841e+02   1.1585380e+02   5.0923209e+01   2.0000000e+01   1.5136749e+02   1.2894941e+02   9.1618055e+01   8.6837999e+01   1.0469333e+02   1.0737961e+02   1.8652419e+02   1.0171388e+02   5.5817267e+01   5.6864883e+01
  1.1367796e+02   6.0218088e+01   1.9966137e+02   1.3740325e+02   1.0636430e+02   1.4329317e+01   1.7994916e+02   2.0130401e+02   1.1576600e+02   1.0785222e+02   1.4083078e+01   0.0000000e+00   5.3511791e+01   1.0726376e+02   1.1615574e+02   1.7466156e+02   6.7916615e+01   1.8718824e+02   1.0805115e+02   5.2892748e+01   1.4602319e+02   1.7625622e+02   1.5200000e+02   5.3192504e+01   5.4853013e+01   1.0453125e+02   6.0574953e+01   1.0427138e+02   1.2005856e+02   9.7907649e+01   5.8206152e+01   6.4702804e+01   1.1608763e+02   9.8735686e+01   1.2532488e+02   1.1753846e+02   1.4288153e+02   1.6956803e+02   6.2925956e+01   1.0785222e+02   5.8439624e+01   1.1956826e+02   5.5100824e+01   1.0153588e+02   5.8206152e+01   1.1250893e+02   1.2593387e+01   9.2441558e+01   1.7566635e+02   1.2240673e+02   7.7058801e+01   1.4857515e+02   1.1600974e+02   1.9248242e+02   1.4793558e+02   1.6026232e+02   1.1319982e+02   1.6396559e+02   1.1016426e+02   1.4150798e+02   5.3021424e+01   9.3027023e+01   1.6899481e+02   5.7519733e+01   7.7337491e+01   1.1420165e+01   6.3015998e+01   9.6183071e+01   5.9306887e+01   1.2593387e+01   1.1823806e+02   1.3720589e+02   1.3916408e+01   9.9783684e+01   1.5621850e+02   8.9721634e+01   5.2157526e+01   6.0836556e+01   1.2557698e+02   6.0873835e+01   1.3864666e+02   1.4039460e+02   1.1811377e+02   1.4246214e+02   6.0218088e+01   8.0226094e+01   1.1888602e+02   2.0273872e+02   1.1512984e+02   6.3571388e+01   8.0000000e+00   1.4937075e+02   1.3948291e+02   7.9702273e+01   1.0005526e+02   1.0551071e+02   1.0859371e+02   1.9622557e+02   1.1331955e+02   5.6020267e+01   6.5017440e+01
  6.2054854e+01   7.2082039e+00   1.5330870e+02   9.4952369e+01   6.7916615e+01   4.0129534e+01   1.2887932e+02   1.5401384e+02   6.4174956e+01   6.9189519e+01   4.0888736e+01   5.3511791e+01   0.0000000e+00   1.0117895e+02   1.0804069e+02   1.3427780e+02   1.6724981e+01   1.3880130e+02   9.0749654e+01   6.6924769e+01   1.4022562e+02   1.3879317e+02   1.4868907e+02   6.0966933e+01   7.8297815e+01   1.0041621e+02   5.9076873e+01   9.1060753e+01   1.3005694e+02   8.0465618e+01   8.0732475e+01   1.1704720e+02   7.0358786e+01   6.0836556e+01   7.3122311e+01   7.2202510e+01   9.6511718e+01   1.3148187e+02   1.4329317e+01   1.0460692e+02   7.6350181e+01   1.2567588e+02   4.7426407e+00   7.5829277e+01   5.2569665e+01   7.3816096e+01   6.3785069e+01   8.9998603e+01   1.2610653e+02   1.2784991e+02   1.2963946e+02   1.4736218e+02   6.5278469e+01   1.4363805e+02   9.9930881e+01   1.1777851e+02   6.3571388e+01   1.1658294e+02   1.0289629e+02   9.6546864e+01   5.5837600e+01   6.7077023e+01   1.2640175e+02   5.8400777e+01   1.2947383e+02   6.1245370e+01   1.1316654e+01   7.5469994e+01   1.1074745e+02   6.5121978e+01   6.6397648e+01   9.3946509e+01   4.0101136e+01   8.7059228e+01   1.5443830e+02   6.7397309e+01   7.4973150e+01   1.2593387e+01   1.3416002e+02   8.1846481e+01   9.2441558e+01   9.7768957e+01   7.0294341e+01   1.0134642e+02   8.0465618e+01   1.3198764e+02   1.2784991e+02   1.5616069e+02   1.0991778e+02   1.0562306e+01   6.0236923e+01   1.4695562e+02   9.0824415e+01   1.3199620e+02   6.1245370e+01   9.5202165e+01   9.6429662e+01   1.4948406e+02   6.2018290e+01   5.7519733e+01   3.2284430e+01
  1.0942314e+02   1.0220177e+02   1.4328393e+02   1.8603975e+02   1.6498784e+02   1.0610895e+02   1.4906817e+02   1.4805762e+02   1.1024630e+02   1.6601737e+02   1.0757941e+02   1.0726376e+02   1.0117895e+02   0.0000000e+00   9.6241438e+00   1.0589568e+02   9.6053650e+01   1.4111650e+02   2.3000000e+01   5.6182134e+01   4.0355991e+01   1.0005526e+02   4.8147141e+01   5.4583269e+01   6.1706617e+01   4.7426407e+00   4.8170746e+01   1.5797059e+01   4.1110959e+01   2.6696374e+01   5.9326015e+01   1.5236343e+02   1.6029049e+02   1.5882640e+02   1.1956826e+02   1.6240275e+02   1.0250000e+02   9.6429662e+01   9.2110589e+01   6.5000000e+00   5.4707933e+01   3.2566337e+01   1.0533916e+02   4.0888736e+01   5.2677581e+01   1.7021889e+02   1.1750961e+02   1.5574813e+01   1.3752646e+02   3.3260495e+01   1.6043827e+02   4.6708765e+01   1.0584230e+02   1.4729322e+02   1.1151013e+02   1.0127946e+02   1.4750765e+02   1.1976651e+02   3.8541020e+00   1.8411985e+02   5.5244863e+01   4.4103326e+01   1.0770541e+02   5.0811529e+01   1.6367629e+02   1.1758651e+02   9.7490979e+01   3.3397568e+01   1.2402024e+02   1.0859371e+02   1.1303999e+02   1.8416273e+02   1.0287431e+02   1.7270510e+01   5.3765843e+01   3.9615214e+01   6.2346584e+01   9.2331367e+01   4.1987950e+01   5.6504464e+01   9.9545444e+01   1.8837762e+02   1.5680259e+02   1.9332440e+02   5.6000000e+01   1.6794327e+02   3.8119809e+01   1.4660955e+02   9.2464278e+00   1.0287431e+02   1.1303999e+02   4.6293013e+01   1.0900922e+02   1.6466607e+02   1.5871267e+02   9.6241438e+00   1.2593387e+01   1.4188246e+02   1.0746378e+02   5.2288030e+01   7.0792247e+01
  1.1186427e+02   1.0866654e+02   1.3916687e+02   1.9071632e+02   1.7068226e+02   1.1467749e+02   1.4756886e+02   1.4420282e+02   1.1252901e+02   1.7166439e+02   1.1615574e+02   1.1615574e+02   1.0804069e+02   9.6241438e+00   0.0000000e+00   1.0110070e+02   1.0193594e+02   1.3818170e+02   2.3347319e+01   6.5278469e+01   3.2706366e+01   9.4414855e+01   4.1304412e+01   6.3517855e+01   7.0760231e+01   1.3316006e+01   5.6724994e+01   1.8562392e+01   4.2926407e+01   3.0274150e+01   6.8332514e+01   1.6142001e+02   1.6506989e+02   1.6472089e+02   1.2143387e+02   1.6718908e+02   1.0140218e+02   9.1308865e+01   9.8322543e+01   1.2215375e+01   6.3802844e+01   3.3636083e+01   1.1214676e+02   4.2767008e+01   6.0892466e+01   1.7576908e+02   1.2650000e+02   2.4686773e+01   1.3553333e+02   3.3500000e+01   1.6940826e+02   4.0805087e+01   1.0788366e+02   1.4432802e+02   1.1050227e+02   9.7907649e+01   1.5184398e+02   1.1758651e+02   6.5000000e+00   1.8837762e+02   6.3944858e+01   4.7600955e+01   1.0382594e+02   5.9478810e+01   1.7268667e+02   1.2653571e+02   1.0372790e+02   3.6811155e+01   1.3285747e+02   1.1765375e+02   1.1522794e+02   1.8874253e+02   1.1146959e+02   2.1819006e+01   4.7361498e+01   4.4000000e+01   7.1445402e+01   9.8689867e+01   4.2500000e+01   6.5486537e+01   9.8735686e+01   1.9297402e+02   1.6125214e+02   1.9806771e+02   6.5017440e+01   1.7696529e+02   3.9958839e+01   1.4246214e+02   6.6846584e+00   1.0913356e+02   1.2200926e+02   3.9873214e+01   1.0877049e+02   1.7365095e+02   1.6451524e+02   1.3403488e+01   1.3403488e+01   1.3801818e+02   1.0984578e+02   6.0966933e+01   7.7058801e+01
  8.6118339e+01   1.2969172e+02   3.9615214e+01   1.6802388e+02   1.6483046e+02   1.6552727e+02   6.5900688e+01   4.5500000e+01   8.4714013e+01   1.6498784e+02   1.6686481e+02   1.7466156e+02   1.3427780e+02   1.0589568e+02   1.0110070e+02   0.0000000e+00   1.1877193e+02   4.5624827e+01   8.5907845e+01   1.4157179e+02   1.1016426e+02   1.3403488e+01   1.1900949e+02   1.3524142e+02   1.5347059e+02   1.0987664e+02   1.2463803e+02   9.3898340e+01   1.4288153e+02   9.0500000e+01   1.5262248e+02   2.3540690e+02   1.4848395e+02   1.6274981e+02   8.4633822e+01   1.5023727e+02   4.4411844e+01   1.1000000e+01   1.2050937e+02   1.1138846e+02   1.4612366e+02   1.3340034e+02   1.3628107e+02   7.9017514e+01   1.2284889e+02   1.6702702e+02   1.8675386e+02   1.1420356e+02   5.1807894e+01   1.3258520e+02   2.4625292e+02   1.2364625e+02   8.0056584e+01   5.0789164e+01   4.7934165e+01   1.8562392e+01   1.3292545e+02   3.8000000e+01   1.0331294e+02   1.6083870e+02   1.3117230e+02   8.5458814e+01   1.2593387e+01   1.2784991e+02   2.4800000e+02   1.8524983e+02   1.2392001e+02   8.7706651e+01   2.1484785e+02   1.8230347e+02   8.4980767e+01   1.6515191e+02   1.6355904e+02   9.6218337e+01   1.2500904e+02   9.0662354e+01   1.5226709e+02   1.2240673e+02   1.4129240e+02   1.5068738e+02   4.7096674e+01   1.6890799e+02   1.4141221e+02   1.7508093e+02   1.4953691e+02   2.5161452e+02   1.4000806e+02   4.2740384e+01   1.0725322e+02   1.2746948e+02   1.8211773e+02   1.2058435e+02   5.5817267e+01   2.4981155e+02   1.6134309e+02   9.8448966e+01   9.4414855e+01   3.9528835e+01   8.4553554e+01   1.2894941e+02   1.1053295e+02
  4.6415684e+01   1.1420165e+01   1.3709887e+02   9.2600489e+01   6.9451070e+01   5.5100824e+01   1.1310995e+02   1.3778893e+02   4.8523432e+01   7.0503571e+01   5.6020267e+01   6.7916615e+01   1.6724981e+01   9.6053650e+01   1.0193594e+02   1.1877193e+02   0.0000000e+00   1.2260037e+02   8.2562476e+01   7.1111614e+01   1.3372162e+02   1.2380146e+02   1.4271551e+02   6.4174956e+01   8.3868159e+01   9.5959415e+01   5.9593147e+01   8.4204839e+01   1.2866883e+02   7.2889571e+01   8.5828776e+01   1.3198764e+02   6.6941704e+01   6.3303264e+01   5.7912978e+01   6.8976273e+01   8.0352990e+01   1.1641807e+02   6.5000000e+00   1.0020206e+02   8.0549984e+01   1.2325280e+02   1.8057050e+01   6.5693941e+01   5.2892748e+01   7.4776510e+01   7.8802299e+01   8.6733694e+01   1.1000000e+02   1.2514449e+02   1.4444530e+02   1.4204946e+02   4.9290368e+01   1.2746948e+02   8.3706069e+01   1.0201355e+02   5.6964591e+01   1.0035990e+02   9.7305217e+01   9.2490489e+01   5.8400777e+01   5.7519733e+01   1.1058406e+02   5.9840121e+01   1.4453125e+02   7.6409486e+01   5.9083269e+00   6.7127697e+01   1.2339935e+02   7.9031841e+01   5.0900893e+01   9.1122845e+01   5.4583269e+01   8.0620222e+01   1.4878773e+02   5.9172822e+01   8.0690398e+01   8.1485293e+00   1.3220137e+02   8.6406926e+01   7.6305673e+01   9.5202165e+01   6.5121978e+01   9.9556802e+01   8.4940808e+01   1.4720123e+02   1.2622291e+02   1.3994354e+02   1.0463933e+02   9.5000000e+00   7.4973150e+01   1.4129240e+02   7.4609716e+01   1.4697867e+02   6.3159796e+01   8.9050833e+01   8.9608080e+01   1.3326483e+02   4.6219252e+01   5.9326015e+01   2.6044080e+01
  7.9031841e+01   1.3284897e+02   2.0229420e+01   1.4462495e+02   1.4969534e+02   1.7576908e+02   2.5329418e+01   1.7270510e+01   7.7000000e+01   1.4944630e+02   1.7688878e+02   1.8718824e+02   1.3880130e+02   1.4111650e+02   1.3818170e+02   4.5624827e+01   1.2260037e+02   0.0000000e+00   1.1911387e+02   1.6515874e+02   1.5236343e+02   5.8225644e+01   1.6169941e+02   1.5793570e+02   1.7839393e+02   1.4465617e+02   1.4766827e+02   1.2710569e+02   1.8060622e+02   1.2050937e+02   1.7829904e+02   2.5089669e+02   1.3036916e+02   1.4969534e+02   7.1254858e+01   1.3169642e+02   4.5500000e+01   5.5531809e+01   1.2630342e+02   1.4700939e+02   1.7159208e+02   1.7129593e+02   1.3948291e+02   1.0636430e+02   1.4407751e+02   1.5027483e+02   1.9891434e+02   1.4618545e+02   1.5574813e+01   1.7095307e+02   2.6274273e+02   1.6583375e+02   7.4594534e+01   6.6846584e+00   3.9758757e+01   4.1027768e+01   1.1615574e+02   2.4217082e+01   1.3909383e+02   1.3590772e+02   1.5282203e+02   1.0987664e+02   3.6996575e+01   1.5047750e+02   2.6362069e+02   1.9686255e+02   1.2800000e+02   1.1584405e+02   2.3540690e+02   1.9679378e+02   7.5634879e+01   1.4162760e+02   1.7456464e+02   1.2824682e+02   1.6797015e+02   1.1595129e+02   1.7650568e+02   1.2841403e+02   1.7990527e+02   1.7692704e+02   4.9703658e+01   1.4478098e+02   1.2274770e+02   1.5086705e+02   1.7558926e+02   2.6674472e+02   1.7763342e+02   2.1500000e+01   1.4432802e+02   1.2990054e+02   1.9462689e+02   1.6294384e+02   4.8523432e+01   2.6580077e+02   1.4790505e+02   1.3261075e+02   1.2905446e+02   1.5797059e+01   7.8456719e+01   1.5124813e+02   1.2382883e+02
  8.9088938e+01   9.0399944e+01   1.2223126e+02   1.6917498e+02   1.5050000e+02   1.0401087e+02   1.2658033e+02   1.2673193e+02   8.9721634e+01   1.5140477e+02   1.0551071e+02   1.0805115e+02   9.0749654e+01   2.3000000e+01   2.3347319e+01   8.5907845e+01   8.2562476e+01   1.1911387e+02   0.0000000e+00   6.2219122e+01   5.2483170e+01   8.1555537e+01   6.2054854e+01   5.7912978e+01   7.1651247e+01   2.6175864e+01   4.8523432e+01   8.5777472e+00   6.3571388e+01   1.1106602e+01   7.0100647e+01   1.6026937e+02   1.4369305e+02   1.4489010e+02   9.8586696e+01   1.4581431e+02   8.0000000e+01   7.7058801e+01   7.9659649e+01   2.9000000e+01   6.4157286e+01   5.4832311e+01   9.4654129e+01   2.0057607e+01   5.0362310e+01   1.5534912e+02   1.1936968e+02   2.8801943e+01   1.1512984e+02   5.5244863e+01   1.6956803e+02   6.2600725e+01   8.5047324e+01   1.2529784e+02   8.9012711e+01   7.9716476e+01   1.3005694e+02   9.7444572e+01   2.1713203e+01   1.6645180e+02   5.6161926e+01   2.6044080e+01   8.6577000e+01   5.1807894e+01   1.7224181e+02   1.1887652e+02   8.5034017e+01   1.5943445e+01   1.3488192e+02   1.1182385e+02   9.2404842e+01   1.6710807e+02   1.0104477e+02   1.1106602e+01   6.8514704e+01   2.3978714e+01   7.1254858e+01   8.0338900e+01   6.4139610e+01   6.7732804e+01   7.7058801e+01   1.7134862e+02   1.3954765e+02   1.7658237e+02   6.6806108e+01   1.7630102e+02   6.0574953e+01   1.2557698e+02   2.8522313e+01   9.0412457e+01   1.1467749e+02   6.1189785e+01   8.6642324e+01   1.7357296e+02   1.4453125e+02   1.4083078e+01   1.1106602e+01   1.2058435e+02   8.7059228e+01   5.3256516e+01   5.9000000e+01
  1.0636430e+02   7.1254858e+01   1.7331276e+02   1.6123114e+02   1.3410109e+02   5.4853013e+01   1.6484415e+02   1.7648651e+02   1.0805115e+02   1.3541664e+02   5.6182134e+01   5.2892748e+01   6.6924769e+01   5.6182134e+01   6.5278469e+01   1.4157179e+02   7.1111614e+01   1.6515874e+02   6.2219122e+01   0.0000000e+00   9.3934469e+01   1.3993547e+02   9.9647617e+01   8.1485293e+00   1.4329317e+01   5.3021424e+01   1.7992856e+01   5.6504464e+01   6.9189519e+01   5.3765843e+01   1.5500000e+01   9.8586696e+01   1.3621477e+02   1.2682993e+02   1.1865773e+02   1.3814084e+02   1.2059371e+02   1.3429462e+02   6.5261099e+01   5.6020267e+01   9.9868330e+00   6.7665840e+01   7.0936141e+01   6.3087938e+01   2.2340330e+01   1.4008868e+02   6.2291990e+01   4.1110959e+01   1.5682418e+02   7.0423172e+01   1.0788366e+02   9.6183071e+01   1.0582094e+02   1.7111140e+02   1.2800000e+02   1.3074976e+02   1.2746948e+02   1.4153191e+02   5.9306887e+01   1.6225676e+02   1.4083078e+01   5.6964591e+01   1.3897202e+02   1.5273287e+01   1.1052272e+02   6.2655048e+01   6.9320418e+01   5.4853013e+01   7.4061199e+01   5.3000000e+01   1.1102262e+02   1.6010733e+02   5.1500000e+01   5.2309748e+01   1.0382594e+02   5.1455863e+01   1.1923660e+01   6.4174956e+01   7.4366434e+01   1.5797059e+01   1.1655387e+02   1.6400688e+02   1.3526646e+02   1.6772814e+02   1.4329317e+01   1.1458878e+02   6.7665840e+01   1.7662070e+02   6.3500000e+01   7.3554774e+01   5.7991304e+01   9.6990932e+01   1.2166621e+02   1.1186427e+02   1.2739858e+02   5.6161926e+01   5.9840121e+01   1.7069548e+02   1.0508131e+02   1.4730249e+01   5.0022722e+01
  1.3948291e+02   1.4073997e+02   1.4927248e+02   2.2112751e+02   2.0219841e+02   1.4565940e+02   1.6582695e+02   1.5511646e+02   1.3987091e+02   2.0313884e+02   1.4711685e+02   1.4602319e+02   1.4022562e+02   4.0355991e+01   3.2706366e+01   1.1016426e+02   1.3372162e+02   1.5236343e+02   5.2483170e+01   9.3934469e+01   0.0000000e+00   1.0041621e+02   1.0562306e+01   9.3475803e+01   9.6605411e+01   4.2338977e+01   8.7861319e+01   5.0022722e+01   4.4309246e+01   6.1411822e+01   9.3693347e+01   1.8594271e+02   1.9567300e+02   1.9640368e+02   1.4790505e+02   1.9779420e+02   1.2193517e+02   9.9681652e+01   1.3029985e+02   3.8742646e+01   9.0500000e+01   3.6780160e+01   1.4432020e+02   7.1635434e+01   9.2527170e+01   2.0715188e+02   1.5572645e+02   5.4353969e+01   1.5265206e+02   3.4208308e+01   1.9264643e+02   1.4000000e+01   1.3488192e+02   1.5825693e+02   1.3096551e+02   1.1214676e+02   1.8195041e+02   1.3466408e+02   3.8119809e+01   2.1824813e+02   9.4725793e+01   7.7993548e+01   1.1608763e+02   9.0362395e+01   1.9642090e+02   1.5604501e+02   1.3570817e+02   6.7531709e+01   1.5511646e+02   1.4627808e+02   1.4236702e+02   2.1903718e+02   1.4239080e+02   5.3765843e+01   1.7270510e+01   7.5229512e+01   9.8011538e+01   1.3073248e+02   3.9758757e+01   9.0699778e+01   1.2006797e+02   2.2327904e+02   1.9146597e+02   2.2854440e+02   9.0612430e+01   2.0083285e+02   4.2526777e+01   1.5236343e+02   3.1820920e+01   1.4111650e+02   1.5140477e+02   1.1106602e+01   1.3113786e+02   1.9704007e+02   1.9612784e+02   4.5524993e+01   4.4616324e+01   1.4906817e+02   1.3739503e+02   9.1815388e+01   1.0910249e+02
  9.4701911e+01   1.3466408e+02   5.0204125e+01   1.7839393e+02   1.7361846e+02   1.6792312e+02   7.8802299e+01   5.6504464e+01   9.3475803e+01   1.7385873e+02   1.6930832e+02   1.7625622e+02   1.3879317e+02   1.0005526e+02   9.4414855e+01   1.3403488e+01   1.2380146e+02   5.8225644e+01   8.1555537e+01   1.3993547e+02   1.0041621e+02   0.0000000e+00   1.0887435e+02   1.3403370e+02   1.5117349e+02   1.0417377e+02   1.2350915e+02   8.9304561e+01   1.3533323e+02   8.7474134e+01   1.5005685e+02   2.3556010e+02   1.5802857e+02   1.7111799e+02   9.4462759e+01   1.5984632e+02   5.4102705e+01   8.0000000e+00   1.2496385e+02   1.0525328e+02   1.4372447e+02   1.2585549e+02   1.4111650e+02   7.7600584e+01   1.2240673e+02   1.7612816e+02   1.8832971e+02   1.0970165e+02   6.4702804e+01   1.2481010e+02   2.4602393e+02   1.1380710e+02   8.8541184e+01   6.3177747e+01   5.8865229e+01   2.8682441e+01   1.4239080e+02   5.0452477e+01   9.7247093e+01   1.7152631e+02   1.3041247e+02   8.4954130e+01   2.4918231e+01   1.2680321e+02   2.4803636e+02   1.8700737e+02   1.2876535e+02   8.5591128e+01   2.1348944e+02   1.8320468e+02   9.4054797e+01   1.7556356e+02   1.6575208e+02   9.2110589e+01   1.1465779e+02   8.9608080e+01   1.5023727e+02   1.2675866e+02   1.3331566e+02   1.4793558e+02   5.6161926e+01   1.7940291e+02   1.5113615e+02   1.8555405e+02   1.4687110e+02   2.5178470e+02   1.3253409e+02   5.3085644e+01   1.0046124e+02   1.3267886e+02   1.8363520e+02   1.1065557e+02   6.5986640e+01   2.4972129e+02   1.6980741e+02   9.3282003e+01   8.9114333e+01   5.0811529e+01   9.2990540e+01   1.2800000e+02   1.1303999e+02
  1.4944630e+02   1.4944630e+02   1.5806427e+02   2.3072435e+02   2.1137674e+02   1.5236343e+02   1.7556356e+02   1.6400688e+02   1.4985361e+02   2.1234015e+02   1.5380117e+02   1.5200000e+02   1.4868907e+02   4.8147141e+01   4.1304412e+01   1.1900949e+02   1.4271551e+02   1.6169941e+02   6.2054854e+01   9.9647617e+01   1.0562306e+01   1.0887435e+02   0.0000000e+00   9.9828999e+01   1.0110070e+02   4.9543348e+01   9.4952369e+01   5.9076873e+01   4.3453463e+01   7.0632018e+01   9.8046143e+01   1.8917234e+02   2.0521016e+02   2.0547927e+02   1.5793570e+02   2.0733145e+02   1.3189349e+02   1.0851042e+02   1.3912630e+02   4.5624827e+01   9.5427604e+01   3.7607951e+01   1.5282203e+02   8.1360992e+01   9.9964818e+01   2.1640102e+02   1.6130112e+02   6.1245370e+01   1.6230544e+02   3.4705263e+01   1.9531530e+02   6.8639610e+00   1.4488231e+02   1.6754640e+02   1.4090833e+02   1.2162906e+02   1.9160730e+02   1.4435149e+02   4.6293013e+01   2.2796648e+02   1.0153588e+02   8.7474134e+01   1.2532488e+02   9.7270347e+01   1.9927688e+02   1.6177616e+02   1.4453125e+02   7.6896989e+01   1.5760665e+02   1.5157614e+02   1.5236343e+02   2.2866277e+02   1.4906059e+02   6.2600725e+01   7.2082039e+00   8.4459812e+01   1.0277536e+02   1.3948291e+02   3.8089892e+01   9.5047607e+01   1.3006562e+02   2.3290321e+02   2.0110222e+02   2.3812576e+02   9.5107082e+01   2.0372647e+02   4.2285165e+01   1.6111211e+02   3.9413365e+01   1.4993644e+02   1.5709023e+02   3.8541020e+00   1.4116449e+02   1.9975173e+02   2.0524863e+02   5.4207541e+01   5.3702444e+01   1.5800000e+02   1.4736218e+02   9.8689867e+01   1.1785523e+02
  9.8735686e+01   6.4930195e+01   1.6640434e+02   1.5493445e+02   1.2835245e+02   5.3171150e+01   1.5731996e+02   1.6946819e+02   1.0041621e+02   1.2963946e+02   5.4583269e+01   5.3192504e+01   6.0966933e+01   5.4583269e+01   6.3517855e+01   1.3524142e+02   6.4174956e+01   1.5793570e+02   5.7912978e+01   8.1485293e+00   9.3475803e+01   1.3403370e+02   9.9828999e+01   0.0000000e+00   2.1976732e+01   5.1851728e+01   1.1106602e+01   5.2892748e+01   7.2202510e+01   4.8803727e+01   2.3049945e+01   1.0313771e+02   1.2974396e+02   1.2118243e+02   1.1102262e+02   1.3169642e+02   1.1326968e+02   1.2822040e+02   5.8400777e+01   5.5244863e+01   1.7068042e+01   6.9711632e+01   6.5069730e+01   5.6964591e+01   1.4730249e+01   1.3427780e+02   6.3517855e+01   3.9758757e+01   1.4942364e+02   7.2327919e+01   1.1291997e+02   9.6792523e+01   9.8172924e+01   1.6386233e+02   1.2058435e+02   1.2399291e+02   1.2062181e+02   1.3427780e+02   5.7519733e+01   1.5569745e+02   6.5000000e+00   5.0362310e+01   1.3229530e+02   8.0000000e+00   1.1530636e+02   6.3517855e+01   6.2655048e+01   4.9174942e+01   8.0113127e+01   5.5018346e+01   1.0338950e+02   1.5373511e+02   4.9840653e+01   4.8523432e+01   1.0439057e+02   4.5098206e+01   1.9473666e+01   5.7420998e+01   7.7058801e+01   2.3049945e+01   1.0920603e+02   1.5767824e+02   1.2857225e+02   1.6153183e+02   2.1553503e+01   1.1926553e+02   7.0423172e+01   1.6970106e+02   6.2455629e+01   6.7077023e+01   5.9000000e+01   9.7340074e+01   1.1415408e+02   1.1678628e+02   1.2166621e+02   5.3341745e+01   5.6724994e+01   1.6371765e+02   9.7444572e+01   7.2082039e+00   4.2500000e+01
  1.2014322e+02   8.3122636e+01   1.8606401e+02   1.7273893e+02   1.4476538e+02   6.0048300e+01   1.7852036e+02   1.8940474e+02   1.2184249e+02   1.4612366e+02   6.1189785e+01   5.4853013e+01   7.8297815e+01   6.1706617e+01   7.0760231e+01   1.5347059e+02   8.3868159e+01   1.7839393e+02   7.1651247e+01   1.4329317e+01   9.6605411e+01   1.5117349e+02   1.0110070e+02   2.1976732e+01   0.0000000e+00   5.7991304e+01   3.1423292e+01   6.5069730e+01   6.5986640e+01   6.4280875e+01   3.8541020e+00   9.1160079e+01   1.4805762e+02   1.3735394e+02   1.3244885e+02   1.4993644e+02   1.3400000e+02   1.4581431e+02   7.7935457e+01   6.0218088e+01   8.0000000e+00   6.6397648e+01   8.2136389e+01   7.5018454e+01   3.6154593e+01   1.5083712e+02   6.2164414e+01   4.7024187e+01   1.7032491e+02   6.9336763e+01   9.9386298e+01   9.6920952e+01   1.1964382e+02   1.8438312e+02   1.4153191e+02   1.4331544e+02   1.3994354e+02   1.5482514e+02   6.5017440e+01   1.7420233e+02   2.7872431e+01   6.9565187e+01   1.5140477e+02   2.8960499e+01   1.0251103e+02   6.3177747e+01   8.1694212e+01   6.6295137e+01   6.3785069e+01   5.1807894e+01   1.2481010e+02   1.7174325e+02   5.6804973e+01   6.1245370e+01   1.0453125e+02   6.3802844e+01   3.8541020e+00   7.6705315e+01   7.1651247e+01   6.6846584e+00   1.2999614e+02   1.7556356e+02   1.4747704e+02   1.7905671e+02   6.5000000e+00   1.0675676e+02   6.5017440e+01   1.8938687e+02   6.7866535e+01   8.5630782e+01   5.8439624e+01   9.8184441e+01   1.3533323e+02   1.0356430e+02   1.3805908e+02   6.3571388e+01   6.7582039e+01   1.8355532e+02   1.1887652e+02   2.8522313e+01   6.3660510e+01
  1.1110402e+02   1.0171388e+02   1.4710917e+02   1.8652419e+02   1.6490575e+02   1.0382594e+02   1.5218553e+02   1.5182168e+02   1.1199552e+02   1.6596299e+02   1.0528550e+02   1.0453125e+02   1.0041621e+02   4.7426407e+00   1.3316006e+01   1.0987664e+02   9.5959415e+01   1.4465617e+02   2.6175864e+01   5.3021424e+01   4.2338977e+01   1.0417377e+02   4.9543348e+01   5.1851728e+01   5.7991304e+01   0.0000000e+00   4.6046679e+01   1.8500000e+01   3.8476967e+01   2.8522313e+01   5.5531809e+01   1.4864351e+02   1.6074044e+02   1.5862732e+02   1.2148037e+02   1.6284685e+02   1.0554285e+02   1.0047250e+02   9.1815388e+01   4.7426407e+00   5.1101383e+01   3.0387288e+01   1.0460692e+02   4.3164388e+01   5.0923209e+01   1.7021889e+02   1.1458878e+02   1.2593387e+01   1.4080413e+02   3.1423292e+01   1.5659372e+02   4.7577064e+01   1.0770541e+02   1.5083712e+02   1.1450987e+02   1.0496291e+02   1.4821002e+02   1.2311525e+02   8.0000000e+00   1.8482919e+02   5.2892748e+01   4.5624827e+01   1.1150000e+02   4.8523432e+01   1.5988162e+02   1.1474644e+02   9.7165661e+01   3.5130189e+01   1.2005856e+02   1.0551071e+02   1.1482519e+02   1.8470098e+02   1.0056248e+02   1.9053975e+01   5.4853013e+01   4.0749224e+01   5.8749464e+01   9.1938504e+01   3.9873214e+01   5.2677581e+01   1.0250000e+02   1.8890382e+02   1.5743470e+02   1.9376730e+02   5.2222819e+01   1.6416505e+02   3.5517853e+01   1.5043999e+02   1.1106602e+01   1.0252206e+02   1.1016426e+02   4.7457428e+01   1.1175309e+02   1.6083870e+02   1.5857040e+02   1.2593387e+01   1.6160460e+01   1.4565164e+02   1.0917497e+02   4.9977268e+01   7.0535705e+01
  9.0612430e+01   6.2073127e+01   1.5590029e+02   1.5147185e+02   1.2622291e+02   5.8459037e+01   1.4762240e+02   1.5902523e+02   9.2196510e+01   1.2744290e+02   5.9934838e+01   6.0574953e+01   5.9076873e+01   4.8170746e+01   5.6724994e+01   1.2463803e+02   5.9593147e+01   1.4766827e+02   4.8523432e+01   1.7992856e+01   8.7861319e+01   1.2350915e+02   9.4952369e+01   1.1106602e+01   3.1423292e+01   4.6046679e+01   0.0000000e+00   4.4232139e+01   7.1572146e+01   3.8948017e+01   3.1820920e+01   1.1326968e+02   1.2594521e+02   1.1930341e+02   1.0277536e+02   1.2795587e+02   1.0313771e+02   1.1765375e+02   5.4165631e+01   4.9840653e+01   2.5238634e+01   6.7732804e+01   6.3303264e+01   4.6415684e+01   7.2082039e+00   1.3198764e+02   7.1572146e+01   3.4208308e+01   1.3941814e+02   7.0100647e+01   1.2325280e+02   9.2490489e+01   8.9620705e+01   1.5362495e+02   1.1061471e+02   1.1342918e+02   1.1584405e+02   1.2404756e+02   5.0811529e+01   1.5158359e+02   8.1485293e+00   3.9758757e+01   1.2171262e+02   3.8541020e+00   1.2553200e+02   7.1254858e+01   5.8923026e+01   3.8830797e+01   9.0712250e+01   6.3802844e+01   9.5190285e+01   1.5009445e+02   5.5244863e+01   3.9758757e+01   9.9964818e+01   3.4507352e+01   2.9353076e+01   5.3533009e+01   7.5874067e+01   3.1094117e+01   9.9112879e+01   1.5413105e+02   1.2419317e+02   1.5828546e+02   2.9624732e+01   1.2943894e+02   6.9451070e+01   1.5920255e+02   5.6544625e+01   6.3785069e+01   6.6924769e+01   9.2698156e+01   1.0443387e+02   1.2707014e+02   1.1960605e+02   4.5524993e+01   4.8523432e+01   1.5324980e+02   8.9203157e+01   5.2434165e+00   3.5805807e+01
  9.4474731e+01   9.1308865e+01   1.3030851e+02   1.7265400e+02   1.5279987e+02   1.0117895e+02   1.3421051e+02   1.3480655e+02   9.5237796e+01   1.5376448e+02   1.0267632e+02   1.0427138e+02   9.1060753e+01   1.5797059e+01   1.8562392e+01   9.3898340e+01   8.4204839e+01   1.2710569e+02   8.5777472e+00   5.6504464e+01   5.0022722e+01   8.9304561e+01   5.9076873e+01   5.2892748e+01   6.5069730e+01   1.8500000e+01   4.4232139e+01   0.0000000e+00   5.6323382e+01   1.2215375e+01   6.3321175e+01   1.5454058e+02   1.4700939e+02   1.4692490e+02   1.0443387e+02   1.4912873e+02   8.7551709e+01   8.4954130e+01   8.0802553e+01   2.1713203e+01   5.7618298e+01   4.7862960e+01   9.5095190e+01   2.5644582e+01   4.7024187e+01   1.5783563e+02   1.1529656e+02   2.0902206e+01   1.2292242e+02   4.8523432e+01   1.6353144e+02   5.8845951e+01   9.0749654e+01   1.3329025e+02   9.6511718e+01   8.7784019e+01   1.3379760e+02   1.0530697e+02   1.5273287e+01   1.7034478e+02   5.1851728e+01   2.9624732e+01   9.4654129e+01   4.7385499e+01   1.6635687e+02   1.1498253e+02   8.6210268e+01   1.8809833e+01   1.2835245e+02   1.0729537e+02   9.8000000e+01   1.7068226e+02   9.8103791e+01   5.0000000e+00   6.5278469e+01   2.5955844e+01   6.4912732e+01   8.1277472e+01   5.7282480e+01   6.0836556e+01   8.4500000e+01   1.7491330e+02   1.4319723e+02   1.8000557e+02   5.9991596e+01   1.7047720e+02   5.3341745e+01   1.3365405e+02   2.2647235e+01   9.1618055e+01   1.1065557e+02   5.7814920e+01   9.3801929e+01   1.6760027e+02   1.4667883e+02   6.6846584e+00   5.9083269e+00   1.2866006e+02   9.2490489e+01   4.8873546e+01   5.9669249e+01
  1.4850676e+02   1.3263629e+02   1.8131067e+02   2.2059146e+02   1.9681098e+02   1.2348171e+02   1.8950595e+02   1.8646371e+02   1.4949161e+02   1.9798228e+02   1.2478294e+02   1.2005856e+02   1.3005694e+02   4.1110959e+01   4.2926407e+01   1.4288153e+02   1.2866883e+02   1.8060622e+02   6.3571388e+01   6.9189519e+01   4.4309246e+01   1.3533323e+02   4.3453463e+01   7.2202510e+01   6.5986640e+01   3.8476967e+01   7.1572146e+01   5.6323382e+01   0.0000000e+00   6.6397648e+01   6.2655048e+01   1.4903030e+02   1.9481225e+02   1.9005870e+02   1.5916001e+02   1.9688546e+02   1.4303158e+02   1.3284897e+02   1.2380146e+02   3.5130189e+01   6.2219122e+01   9.9868330e+00   1.3429462e+02   8.1138080e+01   7.7993548e+01   2.0244368e+02   1.2763772e+02   4.3453463e+01   1.7772867e+02   1.1316654e+01   1.5423354e+02   3.7547267e+01   1.4534906e+02   1.8675386e+02   1.5206682e+02   1.4032221e+02   1.8320468e+02   1.5984632e+02   4.2500000e+01   2.1968485e+02   7.5993377e+01   8.3122636e+01   1.4612366e+02   7.2656081e+01   1.5845648e+02   1.2866006e+02   1.2890561e+02   7.2905110e+01   1.1647629e+02   1.1719190e+02   1.5236343e+02   2.1897025e+02   1.2013382e+02   5.6984511e+01   4.4180659e+01   7.7819144e+01   6.8465065e+01   1.2350915e+02   6.5000000e+00   5.9840121e+01   1.4012897e+02   2.2311233e+02   1.9215399e+02   2.2764973e+02   6.0387394e+01   1.6294384e+02   3.5000000e+00   1.8458490e+02   3.6780160e+01   1.3403370e+02   1.2392001e+02   4.0101136e+01   1.4961237e+02   1.5871267e+02   1.9026038e+02   5.0204125e+01   5.3021424e+01   1.8028112e+02   1.4662495e+02   7.3754693e+01   1.0325821e+02
  8.3231493e+01   8.0352990e+01   1.2527981e+02   1.6094392e+02   1.4129240e+02   9.3548375e+01   1.2590036e+02   1.2936039e+02   8.4070330e+01   1.4224008e+02   9.5047607e+01   9.7907649e+01   8.0465618e+01   2.6696374e+01   3.0274150e+01   9.0500000e+01   7.2889571e+01   1.2050937e+02   1.1106602e+01   5.3765843e+01   6.1411822e+01   8.7474134e+01   7.0632018e+01   4.8803727e+01   6.4280875e+01   2.8522313e+01   3.8948017e+01   1.2215375e+01   6.6397648e+01   0.0000000e+00   6.3087938e+01   1.5143459e+02   1.3530820e+02   1.3550000e+02   9.3475803e+01   1.3742790e+02   7.9203558e+01   8.2342837e+01   6.9711632e+01   3.2284430e+01   5.6804973e+01   5.8400777e+01   8.4419604e+01   1.5500000e+01   4.0214607e+01   1.4627808e+02   1.0935082e+02   2.6394015e+01   1.1522794e+02   5.9326015e+01   1.6106307e+02   7.0535705e+01   7.9716476e+01   1.2667845e+02   8.7964278e+01   8.2342837e+01   1.2208330e+02   9.8000000e+01   2.6739284e+01   1.5863444e+02   4.6513585e+01   1.7992856e+01   8.9809854e+01   4.2285165e+01   1.6355904e+02   1.0877049e+02   7.5108981e+01   7.2082039e+00   1.2710569e+02   1.0208002e+02   8.6877080e+01   1.5896845e+02   9.0612430e+01   9.9868330e+00   7.6896989e+01   1.4329317e+01   6.3517855e+01   7.0294341e+01   6.7883232e+01   6.0966933e+01   7.5874067e+01   1.6319988e+02   1.3148187e+02   1.6829899e+02   5.9896970e+01   1.6754640e+02   6.3464276e+01   1.2863372e+02   3.4208308e+01   8.0507812e+01   1.0463933e+02   6.9451070e+01   8.4500000e+01   1.6498784e+02   1.3521637e+02   1.7992856e+01   1.7470563e+01   1.2328945e+02   8.1277472e+01   4.3688540e+01   4.8803727e+01
  1.2125699e+02   8.5419079e+01   1.8563306e+02   1.7518400e+02   1.4741579e+02   6.3303264e+01   1.7889282e+02   1.8907691e+02   1.2292242e+02   1.4876497e+02   6.4457017e+01   5.8206152e+01   8.0732475e+01   5.9326015e+01   6.8332514e+01   1.5262248e+02   8.5828776e+01   1.7829904e+02   7.0100647e+01   1.5500000e+01   9.3693347e+01   1.5005685e+02   9.8046143e+01   2.3049945e+01   3.8541020e+00   5.5531809e+01   3.1820920e+01   6.3321175e+01   6.2655048e+01   6.3087938e+01   0.0000000e+00   9.3645048e+01   1.5039496e+02   1.4003225e+02   1.3352725e+02   1.5228933e+02   1.3407582e+02   1.4481216e+02   7.9929214e+01   5.7618298e+01   7.2082039e+00   6.3159796e+01   8.4620449e+01   7.4305488e+01   3.6996575e+01   1.5347059e+02   6.5486537e+01   4.4819860e+01   1.7047720e+02   6.6106783e+01   1.0162492e+02   9.3801929e+01   1.2059371e+02   1.8431580e+02   1.4173119e+02   1.4280249e+02   1.4204946e+02   1.5478869e+02   6.2655048e+01   1.7651207e+02   2.9039446e+01   6.9189519e+01   1.5081467e+02   2.9624732e+01   1.0485516e+02   6.6517043e+01   8.3814164e+01   6.5417255e+01   6.5624880e+01   5.5100824e+01   1.2590036e+02   1.7415051e+02   6.0048300e+01   5.9612181e+01   1.0140218e+02   6.3321175e+01   6.8639610e+00   7.8759185e+01   6.8332514e+01   3.5000000e+00   1.3010903e+02   1.7799507e+02   1.4968780e+02   1.8155317e+02   3.8541020e+00   1.0913356e+02   6.1706617e+01   1.8896352e+02   6.5261099e+01   8.7861319e+01   6.1780095e+01   9.5107082e+01   1.3570817e+02   1.0584230e+02   1.4070788e+02   6.1559397e+01   6.5624880e+01   1.8319236e+02   1.1994559e+02   2.9353076e+01   6.5017440e+01
  1.7783654e+02   1.2372845e+02   2.6265692e+02   1.9015363e+02   1.5857040e+02   7.7469150e+01   2.4414729e+02   2.6462355e+02   1.7993035e+02   1.6005093e+02   7.6661014e+01   6.4702804e+01   1.1704720e+02   1.5236343e+02   1.6142001e+02   2.3540690e+02   1.3198764e+02   2.5089669e+02   1.6026937e+02   9.8586696e+01   1.8594271e+02   2.3556010e+02   1.8917234e+02   1.0313771e+02   9.1160079e+01   1.4864351e+02   1.1326968e+02   1.5454058e+02   1.4903030e+02   1.5143459e+02   9.3645048e+01   0.0000000e+00   1.7258864e+02   1.5143459e+02   1.8938687e+02   1.7367044e+02   2.0626807e+02   2.2932745e+02   1.2710569e+02   1.5075478e+02   9.8218985e+01   1.5247450e+02   1.1808508e+02   1.5871267e+02   1.1370777e+02   1.6426813e+02   5.3765843e+01   1.3759212e+02   2.3967828e+02   1.5546532e+02   1.3316006e+01   1.8424235e+02   1.8021227e+02   2.5629728e+02   2.1170192e+02   2.2213483e+02   1.7273893e+02   2.2749119e+02   1.5566846e+02   1.9612784e+02   1.0599171e+02   1.5110627e+02   2.3078786e+02   1.0991778e+02   1.3227922e+01   5.6323382e+01   1.2697233e+02   1.5158359e+02   3.4341543e+01   5.4604066e+01   1.8237152e+02   1.9062759e+02   7.7920927e+01   1.5038746e+02   1.9158964e+02   1.4662495e+02   9.0624913e+01   1.2500904e+02   1.5502912e+02   9.6546864e+01   2.0202543e+02   1.9312009e+02   1.7607050e+02   1.9381386e+02   9.6932619e+01   1.6724981e+01   1.4912116e+02   2.6580077e+02   1.5839237e+02   1.2707014e+02   5.7519733e+01   1.8602763e+02   2.0342178e+02   1.5500000e+01   1.5318350e+02   1.5377182e+02   1.5762813e+02   2.5937932e+02   1.7750636e+02   1.0860412e+02   1.2779690e+02
  6.4580028e+01   6.5486537e+01   1.4948406e+02   2.6306976e+01   2.1338666e+01   1.0251103e+02   1.1001027e+02   1.4710917e+02   6.5486537e+01   2.0624612e+01   1.0254411e+02   1.1608763e+02   7.0358786e+01   1.6029049e+02   1.6506989e+02   1.4848395e+02   6.6941704e+01   1.3036916e+02   1.4369305e+02   1.3621477e+02   1.9567300e+02   1.5802857e+02   2.0521016e+02   1.2974396e+02   1.4805762e+02   1.6074044e+02   1.2594521e+02   1.4700939e+02   1.9481225e+02   1.3530820e+02   1.5039496e+02   1.7258864e+02   0.0000000e+00   2.4918231e+01   6.4369007e+01   2.6213203e+00   1.0463933e+02   1.5075478e+02   7.2280917e+01   1.6495364e+02   1.4569814e+02   1.8900530e+02   6.6721220e+01   1.2471051e+02   1.1923710e+02   2.0512496e+01   1.2292242e+02   1.5238565e+02   1.1529656e+02   1.9073998e+02   1.8534115e+02   2.0534201e+02   7.0728199e+01   1.3267886e+02   1.0171388e+02   1.3052500e+02   1.6160460e+01   1.1608763e+02   1.6108409e+02   2.6696374e+01   1.2419317e+02   1.1823806e+02   1.3712357e+02   1.2600797e+02   1.8368433e+02   1.1994559e+02   6.7665840e+01   1.2887932e+02   1.7481652e+02   1.2814110e+02   6.4580028e+01   2.4686773e+01   1.0401087e+02   1.4400697e+02   2.1159536e+02   1.2158262e+02   1.4474978e+02   7.2998276e+01   1.9811895e+02   1.5135258e+02   1.0236756e+02   2.8801943e+01   8.1485293e+00   3.3534073e+01   1.4993644e+02   1.8502439e+02   1.9229481e+02   1.5124813e+02   1.6856695e+02   6.3177747e+01   1.2095850e+02   2.0419094e+02   9.3221357e+01   1.8656047e+02   2.2799103e+01   1.5247450e+02   1.5226709e+02   1.4499913e+02   6.6517043e+01   1.2538795e+02   9.2086025e+01
  7.7132239e+01   5.7932569e+01   1.6820510e+02   3.9528835e+01   8.1485293e+00   8.5828776e+01   1.3096551e+02   1.6645180e+02   7.8557671e+01   9.6241438e+00   8.5577905e+01   9.8735686e+01   6.0836556e+01   1.5882640e+02   1.6472089e+02   1.6274981e+02   6.3303264e+01   1.4969534e+02   1.4489010e+02   1.2682993e+02   1.9640368e+02   1.7111799e+02   2.0547927e+02   1.2118243e+02   1.3735394e+02   1.5862732e+02   1.1930341e+02   1.4692490e+02   1.9005870e+02   1.3550000e+02   1.4003225e+02   1.5143459e+02   2.4918231e+01   0.0000000e+00   8.0352990e+01   2.5101829e+01   1.1903797e+02   1.6366939e+02   6.7330008e+01   1.6286764e+02   1.3614015e+02   1.8524983e+02   5.6664936e+01   1.2707014e+02   1.1271965e+02   1.4329317e+01   1.0401087e+02   1.4900758e+02   1.3474791e+02   1.8728464e+02   1.6406191e+02   2.0485264e+02   8.3217894e+01   1.5258550e+02   1.1765375e+02   1.4469518e+02   3.4770979e+01   1.3318855e+02   1.6010733e+02   4.5249302e+01   1.1615574e+02   1.1948319e+02   1.5202970e+02   1.1872436e+02   1.6206191e+02   1.0101119e+02   6.2018290e+01   1.2953488e+02   1.5661534e+02   1.1050227e+02   7.8500000e+01   3.9758757e+01   8.7874195e+01   1.4340206e+02   2.1157937e+02   1.2170334e+02   1.3400000e+02   6.7330008e+01   1.9395930e+02   1.4141221e+02   1.1615574e+02   4.2526777e+01   3.1423292e+01   4.4232139e+01   1.4008868e+02   1.6312380e+02   1.8776585e+02   1.7023877e+02   1.6743187e+02   5.6724994e+01   1.0267632e+02   2.0408598e+02   1.0854166e+02   1.6498784e+02   2.6213203e+00   1.5184398e+02   1.5231897e+02   1.6377967e+02   7.8730429e+01   1.1785523e+02   8.8592281e+01
  1.2869317e+01   6.6568147e+01   8.8910972e+01   8.4620449e+01   8.1500000e+01   1.1244865e+02   5.6964591e+01   8.7784019e+01   1.1106602e+01   8.1513888e+01   1.1331955e+02   1.2532488e+02   7.3122311e+01   1.1956826e+02   1.2143387e+02   8.4633822e+01   5.7912978e+01   7.1254858e+01   9.8586696e+01   1.1865773e+02   1.4790505e+02   9.4462759e+01   1.5793570e+02   1.1102262e+02   1.3244885e+02   1.2148037e+02   1.0277536e+02   1.0443387e+02   1.5916001e+02   9.3475803e+01   1.3352725e+02   1.8938687e+02   6.4369007e+01   8.0352990e+01   0.0000000e+00   6.6106783e+01   4.0888736e+01   8.7305818e+01   6.3015998e+01   1.2525276e+02   1.2722115e+02   1.5136749e+02   7.2749567e+01   7.9332100e+01   9.7072512e+01   8.3217894e+01   1.3616503e+02   1.1699893e+02   5.6864883e+01   1.5228933e+02   2.0185789e+02   1.5959903e+02   1.4329317e+01   7.4988254e+01   3.8029988e+01   6.6721220e+01   4.8873546e+01   5.3341745e+01   1.1918024e+02   7.8326731e+01   1.0508131e+02   7.6542751e+01   7.3261597e+01   1.0453125e+02   2.0190817e+02   1.3372162e+02   6.2925956e+01   8.6851028e+01   1.7976098e+02   1.3633078e+02   8.1485293e+00   8.1846481e+01   1.1199552e+02   1.0296219e+02   1.6462495e+02   8.2012269e+01   1.2971784e+02   6.5069730e+01   1.6085274e+02   1.3318855e+02   3.8948017e+01   8.5789214e+01   5.7282480e+01   9.1889277e+01   1.3169642e+02   2.0452206e+02   1.5626906e+02   9.1160079e+01   1.2640175e+02   6.3303264e+01   1.3238063e+02   1.5771403e+02   2.9353076e+01   2.0437312e+02   7.8730429e+01   1.1058406e+02   1.0885359e+02   8.4566938e+01   1.4083078e+01   1.0469333e+02   6.9646583e+01
  6.6517043e+01   6.7397309e+01   1.5086705e+02   2.4217082e+01   2.0902206e+01   1.0400000e+02   1.1113453e+02   1.4842312e+02   6.7397309e+01   2.0057607e+01   1.0401087e+02   1.1753846e+02   7.2202510e+01   1.6240275e+02   1.6718908e+02   1.5023727e+02   6.8976273e+01   1.3169642e+02   1.4581431e+02   1.3814084e+02   1.9779420e+02   1.5984632e+02   2.0733145e+02   1.3169642e+02   1.4993644e+02   1.6284685e+02   1.2795587e+02   1.4912873e+02   1.9688546e+02   1.3742790e+02   1.5228933e+02   1.7367044e+02   2.6213203e+00   2.5101829e+01   6.6106783e+01   0.0000000e+00   1.0641742e+02   1.5258550e+02   7.4290243e+01   1.6706080e+02   1.4762240e+02   1.9109446e+02   6.8531243e+01   1.2682993e+02   1.2124767e+02   1.9473666e+01   1.2423864e+02   1.5447484e+02   1.1662170e+02   1.9283369e+02   1.8640925e+02   2.0746195e+02   7.2656081e+01   1.3393257e+02   1.0338950e+02   1.3229530e+02   1.8057050e+01   1.1765375e+02   1.6319988e+02   2.4918231e+01   1.2616026e+02   1.2035929e+02   1.3884197e+02   1.2800000e+02   1.8470098e+02   1.2125699e+02   6.9646583e+01   1.3100000e+02   1.7623062e+02   1.2957846e+02   6.6448844e+01   2.2647235e+01   1.0554285e+02   1.4612366e+02   2.1371644e+02   1.2370106e+02   1.4662495e+02   7.4988254e+01   2.0020290e+02   1.5326452e+02   1.0418462e+02   2.6739284e+01   9.5000000e+00   3.1423292e+01   1.5185141e+02   1.8599730e+02   1.9437174e+02   1.5260030e+02   1.7068226e+02   6.5121978e+01   1.2233288e+02   2.0631181e+02   9.4952369e+01   1.8758554e+02   2.3000000e+01   1.5459169e+02   1.5438713e+02   1.4637837e+02   6.8465065e+01   1.2737198e+02   9.4150948e+01
  4.2526777e+01   9.1060753e+01   5.7519733e+01   1.2481010e+02   1.2095850e+02   1.3192774e+02   4.7217235e+01   5.8923026e+01   4.1000000e+01   1.2109851e+02   1.3311222e+02   1.4288153e+02   9.6511718e+01   1.0250000e+02   1.0140218e+02   4.4411844e+01   8.0352990e+01   4.5500000e+01   8.0000000e+01   1.2059371e+02   1.2193517e+02   5.4102705e+01   1.3189349e+02   1.1326968e+02   1.3400000e+02   1.0554285e+02   1.0313771e+02   8.7551709e+01   1.4303158e+02   7.9203558e+01   1.3407582e+02   2.0626807e+02   1.0463933e+02   1.1903797e+02   4.0888736e+01   1.0641742e+02   0.0000000e+00   4.7024187e+01   8.3340208e+01   1.0850000e+02   1.2737198e+02   1.3413476e+02   9.7768957e+01   6.4369007e+01   9.9295243e+01   1.2311525e+02   1.5473764e+02   1.0508131e+02   3.7027387e+01   1.3430303e+02   2.1800000e+02   1.3484005e+02   3.6624784e+01   5.1256773e+01   9.6241438e+00   2.6394015e+01   8.9050833e+01   2.1819006e+01   1.0104477e+02   1.1808508e+02   1.0804069e+02   6.6448844e+01   3.3500000e+01   1.0585298e+02   2.1899600e+02   1.5279987e+02   8.5736436e+01   7.3754693e+01   1.9040853e+02   1.5217811e+02   4.1110959e+01   1.2199074e+02   1.3052500e+02   8.7822677e+01   1.3854075e+02   7.2624892e+01   1.3198764e+02   8.5405830e+01   1.4328393e+02   1.3285747e+02   4.7426407e+00   1.2585549e+02   9.7641649e+01   1.3199620e+02   1.3148187e+02   2.2220081e+02   1.4003225e+02   6.0500000e+01   1.0726376e+02   8.8400512e+01   1.5035743e+02   1.3239769e+02   1.2593387e+01   2.2112751e+02   1.1758651e+02   9.3512096e+01   9.0512499e+01   5.3913481e+01   4.1110959e+01   1.0656602e+02   7.9017514e+01
  8.7305818e+01   1.2729215e+02   5.0090826e+01   1.7132886e+02   1.6621436e+02   1.6102803e+02   7.4594534e+01   5.6000000e+01   8.6105198e+01   1.6646536e+02   1.6240275e+02   1.6956803e+02   1.3148187e+02   9.6429662e+01   9.1308865e+01   1.1000000e+01   1.1641807e+02   5.5531809e+01   7.7058801e+01   1.3429462e+02   9.9681652e+01   8.0000000e+00   1.0851042e+02   1.2822040e+02   1.4581431e+02   1.0047250e+02   1.1765375e+02   8.4954130e+01   1.3284897e+02   8.2342837e+01   1.4481216e+02   2.2932745e+02   1.5075478e+02   1.6366939e+02   8.7305818e+01   1.5258550e+02   4.7024187e+01   0.0000000e+00   1.1765375e+02   1.0181387e+02   1.3840214e+02   1.2336273e+02   1.3376384e+02   7.1761841e+01   1.1630155e+02   1.6876764e+02   1.8165256e+02   1.0533916e+02   6.0443724e+01   1.2248053e+02   2.3992274e+02   1.1315989e+02   8.1138080e+01   6.0892466e+01   5.2222819e+01   2.2133308e+01   1.3510776e+02   4.5098206e+01   9.3753686e+01   1.6457696e+02   1.2442942e+02   7.8802299e+01   2.0057607e+01   1.2092114e+02   2.4184622e+02   1.8028112e+02   1.2140596e+02   8.0056584e+01   2.0778784e+02   1.7671649e+02   8.6733694e+01   1.6851339e+02   1.5890455e+02   8.7512930e+01   1.1450987e+02   8.3665498e+01   1.4476538e+02   1.1946428e+02   1.3113786e+02   1.4277087e+02   4.8920037e+01   1.7237932e+02   1.4390502e+02   1.7852036e+02   1.4166745e+02   2.4555153e+02   1.2999614e+02   5.3192504e+01   9.7432967e+01   1.2527981e+02   1.7697167e+02   1.1009243e+02   5.9000000e+01   2.4357406e+02   1.6236800e+02   8.9253873e+01   8.5153706e+01   5.0022722e+01   8.5577905e+01   1.2208330e+02   1.0607699e+02
  5.1256773e+01   1.1420165e+01   1.4029002e+02   9.7826769e+01   7.3754693e+01   5.0452477e+01   1.1765375e+02   1.4122047e+02   5.3341745e+01   7.4867332e+01   5.1455863e+01   6.2925956e+01   1.4329317e+01   9.2110589e+01   9.8322543e+01   1.2050937e+02   6.5000000e+00   1.2630342e+02   7.9659649e+01   6.5261099e+01   1.3029985e+02   1.2496385e+02   1.3912630e+02   5.8400777e+01   7.7935457e+01   9.1815388e+01   5.4165631e+01   8.0802553e+01   1.2380146e+02   6.9711632e+01   7.9929214e+01   1.2710569e+02   7.2280917e+01   6.7330008e+01   6.3015998e+01   7.4290243e+01   8.3340208e+01   1.1765375e+02   0.0000000e+00   9.6053650e+01   7.4715901e+01   1.1861964e+02   1.7000000e+01   6.3589223e+01   4.7457428e+01   7.9246428e+01   7.4061199e+01   8.2232796e+01   1.1403524e+02   1.2058435e+02   1.3948291e+02   1.3824705e+02   5.3702444e+01   1.3130998e+02   8.7202076e+01   1.0411950e+02   6.2727406e+01   1.0372790e+02   9.3512096e+01   9.8000000e+01   5.2677581e+01   5.5100824e+01   1.1276976e+02   5.4270345e+01   1.3970129e+02   7.1761841e+01   5.9083269e+00   6.4227937e+01   1.1777851e+02   7.3816096e+01   5.5837600e+01   9.6429662e+01   4.9703658e+01   7.7058801e+01   1.4510031e+02   5.6182134e+01   7.4746212e+01   2.6213203e+00   1.2746948e+02   8.0549984e+01   7.9217851e+01   1.0047250e+02   7.0728199e+01   1.0469333e+02   7.9089121e+01   1.4246214e+02   1.2140596e+02   1.4319723e+02   1.0076465e+02   1.1316654e+01   7.0100647e+01   1.3760033e+02   7.8283353e+01   1.4210508e+02   6.7330008e+01   8.5419079e+01   8.6210268e+01   1.3654595e+02   5.0900893e+01   5.3702444e+01   2.1819006e+01
  1.1498253e+02   1.0593837e+02   1.4896969e+02   1.9073407e+02   1.6914830e+02   1.0746378e+02   1.5506552e+02   1.5380117e+02   1.1584405e+02   1.7020563e+02   1.0891587e+02   1.0785222e+02   1.0460692e+02   6.5000000e+00   1.2215375e+01   1.1138846e+02   1.0020206e+02   1.4700939e+02   2.9000000e+01   5.6020267e+01   3.8742646e+01   1.0525328e+02   4.5624827e+01   5.5244863e+01   6.0218088e+01   4.7426407e+00   4.9840653e+01   2.1713203e+01   3.5130189e+01   3.2284430e+01   5.7618298e+01   1.5075478e+02   1.6495364e+02   1.6286764e+02   1.2525276e+02   1.6706080e+02   1.0850000e+02   1.0181387e+02   9.6053650e+01   0.0000000e+00   5.3533009e+01   2.6696374e+01   1.0880166e+02   4.6708765e+01   5.4873707e+01   1.7446120e+02   1.1774014e+02   1.6160460e+01   1.4350437e+02   2.7541635e+01   1.5845648e+02   4.3479646e+01   1.1150000e+02   1.5318350e+02   1.1750961e+02   1.0709503e+02   1.5238565e+02   1.2572979e+02   8.5777472e+00   1.8900530e+02   5.6544625e+01   4.9543348e+01   1.1342918e+02   5.2222819e+01   1.6184590e+02   1.1797021e+02   1.0140218e+02   3.8948017e+01   1.2166621e+02   1.0851042e+02   1.1865773e+02   1.8890382e+02   1.0418462e+02   2.2799103e+01   5.0811529e+01   4.4794469e+01   6.1171245e+01   9.6171312e+01   3.6154593e+01   5.4707933e+01   1.0554285e+02   1.9310841e+02   1.6162262e+02   1.9798228e+02   5.4353969e+01   1.6616004e+02   3.2142535e+01   1.5228933e+02   8.1485293e+00   1.0675676e+02   1.1335943e+02   4.3453463e+01   1.1498253e+02   1.6273594e+02   1.6281220e+02   1.5574813e+01   1.8562392e+01   1.4762240e+02   1.1303999e+02   5.3660135e+01   7.4776510e+01
  1.1498253e+02   8.0732475e+01   1.7897479e+02   1.7069548e+02   1.4344142e+02   6.2073127e+01   1.7223526e+02   1.8239626e+02   1.1662170e+02   1.4476538e+02   6.3321175e+01   5.8439624e+01   7.6350181e+01   5.4707933e+01   6.3802844e+01   1.4612366e+02   8.0549984e+01   1.7159208e+02   6.4157286e+01   9.9868330e+00   9.0500000e+01   1.4372447e+02   9.5427604e+01   1.7068042e+01   8.0000000e+00   5.1101383e+01   2.5238634e+01   5.7618298e+01   6.2219122e+01   5.6804973e+01   7.2082039e+00   9.8218985e+01   1.4569814e+02   1.3614015e+02   1.2722115e+02   1.4762240e+02   1.2737198e+02   1.3840214e+02   7.4715901e+01   5.3533009e+01   0.0000000e+00   6.1706617e+01   8.0338900e+01   6.7732804e+01   3.0649627e+01   1.4944630e+02   6.6721220e+01   3.9873214e+01   1.6377967e+02   6.4580028e+01   1.0666143e+02   9.1506868e+01   1.1420356e+02   1.7760802e+02   1.3504089e+02   1.3616503e+02   1.3693405e+02   1.4808049e+02   5.7991304e+01   1.7174325e+02   2.3049945e+01   6.2510080e+01   1.4420282e+02   2.3199119e+01   1.0970165e+02   6.7464543e+01   7.8802299e+01   5.8923026e+01   7.1254858e+01   5.6724994e+01   1.1960605e+02   1.6958134e+02   5.8749464e+01   5.3765843e+01   9.9147098e+01   5.6664936e+01   8.1485293e+00   7.3647112e+01   6.7665840e+01   6.5000000e+00   1.2340850e+02   1.7347543e+02   1.4474978e+02   1.7717555e+02   5.0000000e+00   1.1391627e+02   6.0966933e+01   1.8230347e+02   6.1171245e+01   8.3040899e+01   6.2727406e+01   9.2600489e+01   1.2905446e+02   1.1080866e+02   1.3673601e+02   5.6242713e+01   6.0218088e+01   1.7651846e+02   1.1363819e+02   2.3049945e+01   5.9019228e+01
  1.4095640e+02   1.2784991e+02   1.7185489e+02   2.1481111e+02   1.9184262e+02   1.2193517e+02   1.8050625e+02   1.7702903e+02   1.4186654e+02   1.9297402e+02   1.2328945e+02   1.1956826e+02   1.2567588e+02   3.2566337e+01   3.3636083e+01   1.3340034e+02   1.2325280e+02   1.7129593e+02   5.4832311e+01   6.7665840e+01   3.6780160e+01   1.2585549e+02   3.7607951e+01   6.9711632e+01   6.6397648e+01   3.0387288e+01   6.7732804e+01   4.7862960e+01   9.9868330e+00   5.8400777e+01   6.3159796e+01   1.5247450e+02   1.8900530e+02   1.8524983e+02   1.5136749e+02   1.9109446e+02   1.3413476e+02   1.2336273e+02   1.1861964e+02   2.6696374e+01   6.1706617e+01   0.0000000e+00   1.2991793e+02   7.2905110e+01   7.3877449e+01   1.9736607e+02   1.2784991e+02   3.7119667e+01   1.6860711e+02   3.5000000e+00   1.5833536e+02   3.2319805e+01   1.3759212e+02   1.7743643e+02   1.4319723e+02   1.3096551e+02   1.7699079e+02   1.5068738e+02   3.3636083e+01   2.1356337e+02   7.2889571e+01   7.5469994e+01   1.3670297e+02   6.9205895e+01   1.6236800e+02   1.2866006e+02   1.2382883e+02   6.5017440e+01   1.2059371e+02   1.1765375e+02   1.4470298e+02   2.1310350e+02   1.1858154e+02   4.8920037e+01   3.9615214e+01   7.0423172e+01   6.8531243e+01   1.1846716e+02   9.9868330e+00   6.0218088e+01   1.3130998e+02   2.1727465e+02   1.8607007e+02   2.2195203e+02   6.0537488e+01   1.6683100e+02   7.2082039e+00   1.7512603e+02   2.7541635e+01   1.2905446e+02   1.2392001e+02   3.4341543e+01   1.4097242e+02   1.6278447e+02   1.8535941e+02   4.1688591e+01   4.4232139e+01   1.7084744e+02   1.3903700e+02   7.0423172e+01   9.7722683e+01
  6.2054854e+01   7.2082039e+00   1.5436520e+02   9.1110430e+01   6.3785069e+01   4.1469501e+01   1.2884426e+02   1.5489074e+02   6.4174956e+01   6.5069730e+01   4.2096274e+01   5.5100824e+01   4.7426407e+00   1.0533916e+02   1.1214676e+02   1.3628107e+02   1.8057050e+01   1.3948291e+02   9.4654129e+01   7.0936141e+01   1.4432020e+02   1.4111650e+02   1.5282203e+02   6.5069730e+01   8.2136389e+01   1.0460692e+02   6.3303264e+01   9.5095190e+01   1.3429462e+02   8.4419604e+01   8.4620449e+01   1.1808508e+02   6.6721220e+01   5.6664936e+01   7.2749567e+01   6.8531243e+01   9.7768957e+01   1.3376384e+02   1.7000000e+01   1.0880166e+02   8.0338900e+01   1.2991793e+02   0.0000000e+00   7.9446184e+01   5.6804973e+01   6.9711632e+01   6.4912732e+01   9.4222996e+01   1.2653571e+02   1.3209027e+02   1.3074976e+02   1.5153145e+02   6.5624880e+01   1.4420282e+02   1.0083195e+02   1.1956826e+02   6.0500000e+01   1.1754807e+02   1.0703169e+02   9.2917531e+01   5.9991596e+01   7.0760231e+01   1.2814110e+02   6.2600725e+01   1.3041247e+02   6.2273781e+01   1.2869317e+01   7.9332100e+01   1.1292998e+02   6.6907831e+01   6.6260931e+01   9.0161865e+01   4.1770449e+01   9.1122845e+01   1.5859175e+02   7.1254858e+01   7.8802299e+01   1.5574813e+01   1.3840214e+02   8.5789214e+01   9.3753686e+01   9.3946509e+01   6.6924769e+01   9.7432967e+01   8.4419604e+01   1.3280646e+02   1.3209027e+02   1.5716924e+02   1.1407487e+02   1.0104686e+01   6.1577819e+01   1.5110627e+02   9.1618055e+01   1.3298490e+02   5.7103887e+01   9.9295243e+01   1.0047250e+02   1.5047750e+02   6.2164414e+01   6.1706617e+01   3.6154593e+01
  6.9597757e+01   7.4503378e+01   1.1214676e+02   1.5005685e+02   1.3238063e+02   9.5225920e+01   1.1102262e+02   1.1591230e+02   7.0278220e+01   1.3322245e+02   9.6699012e+01   1.0153588e+02   7.5829277e+01   4.0888736e+01   4.2767008e+01   7.9017514e+01   6.5693941e+01   1.0636430e+02   2.0057607e+01   6.3087938e+01   7.1635434e+01   7.7600584e+01   8.1360992e+01   5.6964591e+01   7.5018454e+01   4.3164388e+01   4.6415684e+01   2.5644582e+01   8.1138080e+01   1.5500000e+01   7.4305488e+01   1.5871267e+02   1.2471051e+02   1.2707014e+02   7.9332100e+01   1.2682993e+02   6.4369007e+01   7.1761841e+01   6.3589223e+01   4.6708765e+01   6.7732804e+01   7.2905110e+01   7.9446184e+01   0.0000000e+00   4.5524993e+01   1.3703296e+02   1.1340926e+02   4.1249233e+01   1.0056248e+02   7.3647112e+01   1.6899481e+02   8.2108823e+01   6.5693941e+01   1.1250893e+02   7.3060320e+01   6.9189519e+01   1.1082905e+02   8.3543663e+01   4.0355991e+01   1.4711685e+02   5.3341745e+01   9.5000000e+00   7.7058801e+01   4.9703658e+01   1.7111140e+02   1.1244865e+02   6.8811785e+01   9.9868330e+00   1.3652941e+02   1.0726376e+02   7.2998276e+01   1.4793558e+02   9.2588273e+01   2.4686773e+01   8.7887070e+01   1.2593387e+01   7.3754693e+01   6.4580028e+01   8.2356582e+01   7.2515623e+01   6.0966933e+01   1.5217811e+02   1.2035929e+02   1.5749204e+02   7.1302542e+01   1.7492620e+02   7.8182044e+01   1.1549239e+02   4.7577064e+01   7.4061199e+01   1.0866654e+02   8.0620222e+01   6.9500000e+01   1.7273893e+02   1.2658925e+02   3.1820920e+01   3.0046573e+01   1.0991778e+02   6.7582039e+01   5.0900893e+01   4.4411844e+01
  8.4834157e+01   5.5429500e+01   1.5300656e+02   1.4476538e+02   1.1960605e+02   5.4687176e+01   1.4311837e+02   1.5590029e+02   8.6472379e+01   1.2081833e+02   5.6182134e+01   5.8206152e+01   5.2569665e+01   5.2677581e+01   6.0892466e+01   1.2284889e+02   5.2892748e+01   1.4407751e+02   5.0362310e+01   2.2340330e+01   9.2527170e+01   1.2240673e+02   9.9964818e+01   1.4730249e+01   3.6154593e+01   5.0923209e+01   7.2082039e+00   4.7024187e+01   7.7993548e+01   4.0214607e+01   3.6996575e+01   1.1370777e+02   1.1923710e+02   1.1271965e+02   9.7072512e+01   1.2124767e+02   9.9295243e+01   1.1630155e+02   4.7457428e+01   5.4873707e+01   3.0649627e+01   7.3877449e+01   5.6804973e+01   4.5524993e+01   0.0000000e+00   1.2535191e+02   6.9646583e+01   3.9413365e+01   1.3534157e+02   7.6171990e+01   1.2412949e+02   9.7768957e+01   8.4097249e+01   1.4996655e+02   1.0649174e+02   1.1089022e+02   1.0917497e+02   1.2038745e+02   5.5100824e+01   1.4488231e+02   9.2464278e+00   3.8000000e+01   1.1931288e+02   8.0000000e+00   1.2614235e+02   6.9058369e+01   5.2222819e+01   3.8948017e+01   9.2832280e+01   6.2655048e+01   8.9456450e+01   1.4338632e+02   5.1588159e+01   4.2526777e+01   1.0516733e+02   3.3431748e+01   3.3703915e+01   4.6830336e+01   8.2177720e+01   3.6624784e+01   9.5202165e+01   1.4742345e+02   1.1750000e+02   1.5158359e+02   3.5130189e+01   1.2992662e+02   7.5814341e+01   1.5628350e+02   6.1245370e+01   5.7103887e+01   6.4930195e+01   9.7826769e+01   9.9964818e+01   1.2781457e+02   1.1300000e+02   4.9082404e+01   5.1698144e+01   1.5021473e+02   8.3489457e+01   8.1485293e+00   2.9353076e+01
  8.2012269e+01   7.0423172e+01   1.6930832e+02   2.6394015e+01   6.6846584e+00   9.9647617e+01   1.3002220e+02   1.6702702e+02   8.3163474e+01   5.2434165e+00   9.9386298e+01   1.1250893e+02   7.3816096e+01   1.7021889e+02   1.7576908e+02   1.6702702e+02   7.4776510e+01   1.5027483e+02   1.5534912e+02   1.4008868e+02   2.0715188e+02   1.7612816e+02   2.1640102e+02   1.3427780e+02   1.5083712e+02   1.7021889e+02   1.3198764e+02   1.5783563e+02   2.0244368e+02   1.4627808e+02   1.5347059e+02   1.6426813e+02   2.0512496e+01   1.4329317e+01   8.3217894e+01   1.9473666e+01   1.2311525e+02   1.6876764e+02   7.9246428e+01   1.7446120e+02   1.4944630e+02   1.9736607e+02   6.9711632e+01   1.3703296e+02   1.2535191e+02   0.0000000e+00   1.1758651e+02   1.6094392e+02   1.3520802e+02   1.9932216e+02   1.7681860e+02   2.1602552e+02   8.8195496e+01   1.5265206e+02   1.2073415e+02   1.4899242e+02   3.5000000e+01   1.3550000e+02   1.7134862e+02   3.3397568e+01   1.2913320e+02   1.2982227e+02   1.5587857e+02   1.3155056e+02   1.7465510e+02   1.1458878e+02   7.4061199e+01   1.4012897e+02   1.7023877e+02   1.2423864e+02   8.2617294e+01   2.7080068e+01   1.0170277e+02   1.5447484e+02   2.2260639e+02   1.3244885e+02   1.4748469e+02   7.9446184e+01   2.0619699e+02   1.5478869e+02   1.2059371e+02   2.9353076e+01   2.8158633e+01   3.0537477e+01   1.5344852e+02   1.7556356e+02   2.0009021e+02   1.7111799e+02   1.7874141e+02   6.8910526e+01   1.1635012e+02   2.1513108e+02   1.1199552e+02   1.7760167e+02   1.3316006e+01   1.6295076e+02   1.6319988e+02   1.6483046e+02   8.3814164e+01   1.3073248e+02   1.0029228e+02
  1.2470145e+02   7.0471423e+01   2.1157937e+02   1.4300000e+02   1.1154053e+02   2.4217082e+01   1.9121248e+02   2.1315112e+02   1.2680321e+02   1.1303999e+02   2.3396506e+01   1.2593387e+01   6.3785069e+01   1.1750961e+02   1.2650000e+02   1.8675386e+02   7.8802299e+01   1.9891434e+02   1.1936968e+02   6.2291990e+01   1.5572645e+02   1.8832971e+02   1.6130112e+02   6.3517855e+01   6.2164414e+01   1.1458878e+02   7.1572146e+01   1.1529656e+02   1.2763772e+02   1.0935082e+02   6.5486537e+01   5.3765843e+01   1.2292242e+02   1.0401087e+02   1.3616503e+02   1.2423864e+02   1.5473764e+02   1.8165256e+02   7.4061199e+01   1.1774014e+02   6.6721220e+01   1.2784991e+02   6.4912732e+01   1.1340926e+02   6.9646583e+01   1.1758651e+02   0.0000000e+00   1.0254411e+02   1.8722440e+02   1.3074976e+02   6.6363495e+01   1.5760665e+02   1.2725666e+02   2.0415780e+02   1.5965558e+02   1.7232040e+02   1.2128493e+02   1.7576908e+02   1.2050000e+02   1.4777525e+02   6.3944858e+01   1.0496291e+02   1.8105539e+02   6.8415389e+01   6.6243821e+01   3.5000000e+00   7.3739334e+01   1.0785222e+02   5.3192504e+01   1.1316654e+01   1.2920315e+02   1.4303158e+02   2.4918231e+01   1.1082905e+02   1.6525436e+02   1.0153588e+02   5.9840121e+01   7.1951032e+01   1.3331566e+02   6.8332514e+01   1.5050750e+02   1.4600000e+02   1.2554099e+02   1.4762240e+02   6.7883232e+01   6.8910526e+01   1.2667845e+02   2.1464306e+02   1.2514449e+02   7.3816096e+01   5.2434165e+00   1.5857040e+02   1.5111374e+02   6.8729392e+01   1.0550000e+02   1.1624325e+02   1.1946428e+02   2.0811322e+02   1.2442942e+02   6.6924769e+01   7.7058801e+01
  1.0601303e+02   9.1741438e+01   1.5021473e+02   1.7819145e+02   1.5548710e+02   9.1815388e+01   1.5176219e+02   1.5454058e+02   1.0709503e+02   1.5659372e+02   9.3269877e+01   9.2441558e+01   8.9998603e+01   1.5574813e+01   2.4686773e+01   1.1420356e+02   8.6733694e+01   1.4618545e+02   2.8801943e+01   4.1110959e+01   5.4353969e+01   1.0970165e+02   6.1245370e+01   3.9758757e+01   4.7024187e+01   1.2593387e+01   3.4208308e+01   2.0902206e+01   4.3453463e+01   2.6394015e+01   4.4819860e+01   1.3759212e+02   1.5238565e+02   1.4900758e+02   1.1699893e+02   1.5447484e+02   1.0508131e+02   1.0533916e+02   8.2232796e+01   1.6160460e+01   3.9873214e+01   3.7119667e+01   9.4222996e+01   4.1249233e+01   3.9413365e+01   1.6094392e+02   1.0254411e+02   0.0000000e+00   1.4111650e+02   3.8918745e+01   1.4589945e+02   5.8865229e+01   1.0317059e+02   1.5236343e+02   1.1380710e+02   1.0746378e+02   1.4044285e+02   1.2383795e+02   1.8748288e+01   1.7699079e+02   4.0888736e+01   4.1249233e+01   1.1458878e+02   3.6562446e+01   1.4903030e+02   1.0267632e+02   8.7500000e+01   3.2035694e+01   1.0984578e+02   9.3548375e+01   1.1001027e+02   1.7648651e+02   8.8541184e+01   1.8624569e+01   6.6295137e+01   3.5517853e+01   4.7481379e+01   8.2177720e+01   4.6293013e+01   4.2096274e+01   1.0171388e+02   1.8065618e+02   1.4948406e+02   1.8533506e+02   4.1469501e+01   1.5326452e+02   4.0749224e+01   1.5356616e+02   2.3199119e+01   9.2783530e+01   9.8103791e+01   5.9000000e+01   1.1009243e+02   1.5008693e+02   1.4905302e+02   1.7602631e+01   2.1819006e+01   1.4842312e+02   1.0418462e+02   3.8000000e+01   6.1189785e+01
  6.5399923e+01   1.1997385e+02   3.5032593e+01   1.2971784e+02   1.3466408e+02   1.6384167e+02   1.4650972e+01   3.2319805e+01   6.3321175e+01   1.3440388e+02   1.6490575e+02   1.7566635e+02   1.2610653e+02   1.3752646e+02   1.3553333e+02   5.1807894e+01   1.1000000e+02   1.5574813e+01   1.1512984e+02   1.5682418e+02   1.5265206e+02   6.4702804e+01   1.6230544e+02   1.4942364e+02   1.7032491e+02   1.4080413e+02   1.3941814e+02   1.2292242e+02   1.7772867e+02   1.1522794e+02   1.7047720e+02   2.3967828e+02   1.1529656e+02   1.3474791e+02   5.6864883e+01   1.1662170e+02   3.7027387e+01   6.0443724e+01   1.1403524e+02   1.4350437e+02   1.6377967e+02   1.6860711e+02   1.2653571e+02   1.0056248e+02   1.3534157e+02   1.3520802e+02   1.8722440e+02   1.4111650e+02   0.0000000e+00   1.6852678e+02   2.5171306e+02   1.6597658e+02   6.1411822e+01   1.8624569e+01   2.9353076e+01   4.1770449e+01   1.0112306e+02   1.8562392e+01   1.3579967e+02   1.2109851e+02   1.4406967e+02   1.0296219e+02   4.0888736e+01   1.4205741e+02   2.5237944e+02   1.8506706e+02   1.1536514e+02   1.1001027e+02   2.2556999e+02   1.8565129e+02   6.1724995e+01   1.2672302e+02   1.6281220e+02   1.2355487e+02   1.6876764e+02   1.0913356e+02   1.6823864e+02   1.1615574e+02   1.7752542e+02   1.6930832e+02   4.0888736e+01   1.2992662e+02   1.0767392e+02   1.3603228e+02   1.6792312e+02   2.5537644e+02   1.7473260e+02   3.6531236e+01   1.4157179e+02   1.1693131e+02   1.8304452e+02   1.6325518e+02   3.6811155e+01   2.5463825e+02   1.3294244e+02   1.2871271e+02   1.2544199e+02   3.0537477e+01   6.5017440e+01   1.4271551e+02   1.1331955e+02
  1.4200972e+02   1.2991793e+02   1.7117074e+02   2.1654687e+02   1.9383132e+02   1.2464709e+02   1.8055624e+02   1.7641617e+02   1.4288153e+02   1.9495115e+02   1.2600797e+02   1.2240673e+02   1.2784991e+02   3.3260495e+01   3.3500000e+01   1.3258520e+02   1.2514449e+02   1.7095307e+02   5.5244863e+01   7.0423172e+01   3.4208308e+01   1.2481010e+02   3.4705263e+01   7.2327919e+01   6.9336763e+01   3.1423292e+01   7.0100647e+01   4.8523432e+01   1.1316654e+01   5.9326015e+01   6.6106783e+01   1.5546532e+02   1.9073998e+02   1.8728464e+02   1.5228933e+02   1.9283369e+02   1.3430303e+02   1.2248053e+02   1.2058435e+02   2.7541635e+01   6.4580028e+01   3.5000000e+00   1.3209027e+02   7.3647112e+01   7.6171990e+01   1.9932216e+02   1.3074976e+02   3.8918745e+01   1.6852678e+02   0.0000000e+00   1.6130112e+02   2.9353076e+01   1.3854075e+02   1.7708001e+02   1.4338632e+02   1.3055095e+02   1.7858986e+02   1.5056748e+02   3.4041020e+01   2.1518349e+02   7.5394926e+01   7.6542751e+01   1.3614015e+02   7.1651247e+01   1.6534311e+02   1.3154198e+02   1.2581959e+02   6.5986640e+01   1.2355487e+02   1.2057498e+02   1.4569814e+02   2.1481111e+02   1.2129425e+02   4.9840653e+01   3.6624784e+01   7.1635434e+01   7.1445402e+01   1.2047187e+02   9.5000000e+00   6.3159796e+01   1.3155056e+02   2.1899085e+02   1.8771178e+02   2.2371290e+02   6.3464276e+01   1.6980741e+02   8.9852814e+00   1.7442886e+02   2.7541635e+01   1.3106895e+02   1.2680321e+02   3.1423292e+01   1.4135631e+02   1.6575208e+02   1.8736894e+02   4.2338977e+01   4.4641817e+01   1.7023877e+02   1.4007256e+02   7.2889571e+01   9.9602220e+01
  1.9023666e+02   1.3633078e+02   2.7418321e+02   2.0271090e+02   1.7115755e+02   9.0023740e+01   2.5640281e+02   2.7627980e+02   1.9232414e+02   1.7263440e+02   8.9253873e+01   7.7058801e+01   1.2963946e+02   1.6043827e+02   1.6940826e+02   2.4625292e+02   1.4444530e+02   2.6274273e+02   1.6956803e+02   1.0788366e+02   1.9264643e+02   2.4602393e+02   1.9531530e+02   1.1291997e+02   9.9386298e+01   1.5659372e+02   1.2325280e+02   1.6353144e+02   1.5423354e+02   1.6106307e+02   1.0162492e+02   1.3316006e+01   1.8534115e+02   1.6406191e+02   2.0185789e+02   1.8640925e+02   2.1800000e+02   2.3992274e+02   1.3948291e+02   1.5845648e+02   1.0666143e+02   1.5833536e+02   1.3074976e+02   1.6899481e+02   1.2412949e+02   1.7681860e+02   6.6363495e+01   1.4589945e+02   2.5171306e+02   1.6130112e+02   0.0000000e+00   1.9015363e+02   1.9250586e+02   2.6819852e+02   2.2360199e+02   2.3332880e+02   1.8555405e+02   2.3926400e+02   1.6377278e+02   2.0877866e+02   1.1615574e+02   1.6162262e+02   2.4194409e+02   1.1991734e+02   5.9083269e+00   6.8976273e+01   1.3947482e+02   1.6156676e+02   3.8269035e+01   6.6568147e+01   1.9479488e+02   2.0322210e+02   9.0362395e+01   1.5948585e+02   1.9736036e+02   1.5693929e+02   9.9192705e+01   1.3739503e+02   1.6020598e+02   1.0443387e+02   2.1375865e+02   2.0567127e+02   1.8886202e+02   2.0627901e+02   1.0496291e+02   9.9868330e+00   1.5455518e+02   2.7735059e+02   1.6605135e+02   1.3967705e+02   6.9987409e+01   1.9210702e+02   2.1542441e+02   5.0000000e+00   1.6582695e+02   1.6240275e+02   1.6635687e+02   2.7097042e+02   1.8986869e+02   1.1865773e+02   1.3948291e+02
  1.5075478e+02   1.4840030e+02   1.6274981e+02   2.3095878e+02   2.1089606e+02   1.4944630e+02   1.7907561e+02   1.6860711e+02   1.5124813e+02   2.1189359e+02   1.5086705e+02   1.4857515e+02   1.4736218e+02   4.6708765e+01   4.0805087e+01   1.2364625e+02   1.4204946e+02   1.6583375e+02   6.2600725e+01   9.6183071e+01   1.4000000e+01   1.1380710e+02   6.8639610e+00   9.6792523e+01   9.6920952e+01   4.7577064e+01   9.2490489e+01   5.8845951e+01   3.7547267e+01   7.0535705e+01   9.3801929e+01   1.8424235e+02   2.0534201e+02   2.0485264e+02   1.5959903e+02   2.0746195e+02   1.3484005e+02   1.1315989e+02   1.3824705e+02   4.3479646e+01   9.1506868e+01   3.2319805e+01   1.5153145e+02   8.2108823e+01   9.7768957e+01   2.1602552e+02   1.5760665e+02   5.8865229e+01   1.6597658e+02   2.9353076e+01   1.9015363e+02   0.0000000e+00   1.4637066e+02   1.7173668e+02   1.4390502e+02   1.2557698e+02   1.9199543e+02   1.4796610e+02   4.5249302e+01   2.2847039e+02   9.8827260e+01   8.7706651e+01   1.2957846e+02   9.4654129e+01   1.9418596e+02   1.5817847e+02   1.4363805e+02   7.6985293e+01   1.5240787e+02   1.4772941e+02   1.5382319e+02   2.2895842e+02   1.4612366e+02   6.2054854e+01   8.1485293e+00   8.4298866e+01   9.8735686e+01   1.3850815e+02   3.2035694e+01   9.0811959e+01   1.3284897e+02   2.3319347e+02   2.0143842e+02   2.3832452e+02   9.0948881e+01   1.9864767e+02   3.6562446e+01   1.6583375e+02   3.8000000e+01   1.4903030e+02   1.5347059e+02   3.8541020e+00   1.4377945e+02   1.9460371e+02   2.0468741e+02   5.3575418e+01   5.3575418e+01   1.6256249e+02   1.4868907e+02   9.6041876e+01   1.1693131e+02
  6.6846584e+00   5.9076873e+01   9.0512499e+01   9.3160671e+01   8.5577905e+01   1.0365159e+02   6.4457017e+01   9.0412457e+01   5.9083269e+00   8.5828776e+01   1.0463933e+02   1.1600974e+02   6.5278469e+01   1.0584230e+02   1.0788366e+02   8.0056584e+01   4.9290368e+01   7.4594534e+01   8.5047324e+01   1.0582094e+02   1.3488192e+02   8.8541184e+01   1.4488231e+02   9.8172924e+01   1.1964382e+02   1.0770541e+02   8.9620705e+01   9.0749654e+01   1.4534906e+02   7.9716476e+01   1.2059371e+02   1.8021227e+02   7.0728199e+01   8.3217894e+01   1.4329317e+01   7.2656081e+01   3.6624784e+01   8.1138080e+01   5.3702444e+01   1.1150000e+02   1.1420356e+02   1.3759212e+02   6.5624880e+01   6.5693941e+01   8.4097249e+01   8.8195496e+01   1.2725666e+02   1.0317059e+02   6.1411822e+01   1.3854075e+02   1.9250586e+02   1.4637066e+02   0.0000000e+00   7.9146360e+01   3.7027387e+01   6.2018290e+01   5.5100824e+01   5.3702444e+01   1.0551071e+02   8.7874195e+01   9.2282351e+01   6.2727406e+01   6.9565187e+01   9.1506868e+01   1.9283954e+02   1.2496385e+02   5.4604066e+01   7.3075822e+01   1.6888126e+02   1.2658033e+02   8.0000000e+00   9.0549986e+01   1.0287431e+02   8.9203157e+01   1.5155380e+02   6.8183085e+01   1.1699893e+02   5.5817267e+01   1.4707848e+02   1.2014322e+02   3.3500000e+01   9.4654129e+01   6.4316142e+01   1.0059620e+02   1.1865773e+02   1.9564418e+02   1.4246214e+02   9.3112094e+01   1.1276976e+02   5.6020267e+01   1.2325280e+02   1.4456249e+02   2.7541635e+01   1.9521132e+02   8.1846481e+01   9.6885943e+01   9.5237796e+01   8.6406926e+01   5.0000000e+00   9.1741438e+01   5.7420998e+01
  8.3340208e+01   1.3760033e+02   2.0624612e+01   1.4600000e+02   1.5230415e+02   1.8092450e+02   2.4918231e+01   1.5797059e+01   8.1277472e+01   1.5200000e+02   1.8202479e+02   1.9248242e+02   1.4363805e+02   1.4729322e+02   1.4432802e+02   5.0789164e+01   1.2746948e+02   6.6846584e+00   1.2529784e+02   1.7111140e+02   1.5825693e+02   6.3177747e+01   1.6754640e+02   1.6386233e+02   1.8438312e+02   1.5083712e+02   1.5362495e+02   1.3329025e+02   1.8675386e+02   1.2667845e+02   1.8431580e+02   2.5629728e+02   1.3267886e+02   1.5258550e+02   7.4988254e+01   1.3393257e+02   5.1256773e+01   6.0892466e+01   1.3130998e+02   1.5318350e+02   1.7760802e+02   1.7743643e+02   1.4420282e+02   1.1250893e+02   1.4996655e+02   1.5265206e+02   2.0415780e+02   1.5236343e+02   1.8624569e+01   1.7708001e+02   2.6819852e+02   1.7173668e+02   7.9146360e+01   0.0000000e+00   4.5098206e+01   4.7096674e+01   1.1878144e+02   3.0084624e+01   1.4526360e+02   1.3707416e+02   1.5871267e+02   1.1595129e+02   4.2740384e+01   1.5641344e+02   2.6901676e+02   2.0207009e+02   1.3285747e+02   1.2199074e+02   2.4113666e+02   2.0220399e+02   7.9759069e+01   1.4300000e+02   1.7977981e+02   1.3442909e+02   1.7378733e+02   1.2203703e+02   1.8247046e+02   1.3342573e+02   1.8602763e+02   1.8296438e+02   5.5429500e+01   1.4603092e+02   1.2503614e+02   1.5206682e+02   1.8162151e+02   2.7210357e+02   1.8378257e+02   2.0902206e+01   1.5047750e+02   1.3460537e+02   1.9990411e+02   1.6882781e+02   5.3575418e+01   2.7121987e+02   1.5075478e+02   1.3879317e+02   1.3523307e+02   1.6724981e+01   8.2877181e+01   1.5716924e+02   1.2936912e+02
  4.2338977e+01   9.4150948e+01   5.4165631e+01   1.2062181e+02   1.1900949e+02   1.3652941e+02   3.8476967e+01   5.4583269e+01   4.0524992e+01   1.1903797e+02   1.3765776e+02   1.4793558e+02   9.9930881e+01   1.1151013e+02   1.1050227e+02   4.7934165e+01   8.3706069e+01   3.9758757e+01   8.9012711e+01   1.2800000e+02   1.3096551e+02   5.8865229e+01   1.4090833e+02   1.2058435e+02   1.4153191e+02   1.1450987e+02   1.1061471e+02   9.6511718e+01   1.5206682e+02   8.7964278e+01   1.4173119e+02   2.1170192e+02   1.0171388e+02   1.1765375e+02   3.8029988e+01   1.0338950e+02   9.6241438e+00   5.2222819e+01   8.7202076e+01   1.1750961e+02   1.3504089e+02   1.4319723e+02   1.0083195e+02   7.3060320e+01   1.0649174e+02   1.2073415e+02   1.5965558e+02   1.1380710e+02   2.9353076e+01   1.4338632e+02   2.2360199e+02   1.4390502e+02   3.7027387e+01   4.5098206e+01   0.0000000e+00   3.0686918e+01   8.6328317e+01   1.7270510e+01   1.1009243e+02   1.1340926e+02   1.1521813e+02   7.4715901e+01   3.6154593e+01   1.1322977e+02   2.2442242e+02   1.5760665e+02   8.9114333e+01   8.2384064e+01   1.9687973e+02   1.5760665e+02   3.9958839e+01   1.1774014e+02   1.3530820e+02   9.6687317e+01   1.4754591e+02   8.0900560e+01   1.3941814e+02   8.9304561e+01   1.5236343e+02   1.4061156e+02   1.2593387e+01   1.2148037e+02   9.4474731e+01   1.2765542e+02   1.3921554e+02   2.2752092e+02   1.4906817e+02   5.6884838e+01   1.1635012e+02   9.1308865e+01   1.5537091e+02   1.4144414e+02   9.9868330e+00   2.2662220e+02   1.1608763e+02   1.0250000e+02   9.9545444e+01   5.0181485e+01   4.1304412e+01   1.1387658e+02   8.4834157e+01
  6.8066634e+01   1.1291997e+02   4.3479646e+01   1.5039496e+02   1.4677115e+02   1.5047750e+02   5.5654329e+01   4.7577064e+01   6.6653231e+01   1.4693258e+02   1.5176963e+02   1.6026232e+02   1.1777851e+02   1.0127946e+02   9.7907649e+01   1.8562392e+01   1.0201355e+02   4.1027768e+01   7.9716476e+01   1.3074976e+02   1.1214676e+02   2.8682441e+01   1.2162906e+02   1.2399291e+02   1.4331544e+02   1.0496291e+02   1.1342918e+02   8.7784019e+01   1.4032221e+02   8.2342837e+01   1.4280249e+02   2.2213483e+02   1.3052500e+02   1.4469518e+02   6.6721220e+01   1.3229530e+02   2.6394015e+01   2.2133308e+01   1.0411950e+02   1.0709503e+02   1.3616503e+02   1.3096551e+02   1.1956826e+02   6.9189519e+01   1.1089022e+02   1.4899242e+02   1.7232040e+02   1.0746378e+02   4.1770449e+01   1.3055095e+02   2.3332880e+02   1.2557698e+02   6.2018290e+01   4.7096674e+01   3.0686918e+01   0.0000000e+00   1.1494322e+02   2.4686773e+01   9.9101471e+01   1.4340994e+02   1.1946428e+02   7.4305488e+01   9.2464278e+00   1.1650539e+02   2.3480749e+02   1.7066242e+02   1.0725322e+02   7.8456719e+01   2.0322210e+02   1.6850670e+02   6.6924769e+01   1.4754591e+02   1.4868907e+02   8.9355219e+01   1.2800000e+02   8.0014150e+01   1.4180287e+02   1.0607699e+02   1.3948291e+02   1.4111650e+02   2.9039446e+01   1.5135258e+02   1.2350000e+02   1.5751353e+02   1.3987091e+02   2.3828194e+02   1.3736216e+02   4.6830336e+01   1.0407606e+02   1.1056362e+02   1.6775504e+02   1.2274770e+02   3.8000000e+01   2.3673929e+02   1.4328393e+02   9.3027023e+01   8.9304561e+01   4.1469501e+01   6.6517043e+01   1.1748077e+02   9.5770667e+01
  4.8966483e+01   5.7814920e+01   1.3501580e+02   3.9873214e+01   3.4041020e+01   9.9386298e+01   9.6792523e+01   1.3292545e+02   4.9840653e+01   3.3805405e+01   9.9647617e+01   1.1319982e+02   6.3571388e+01   1.4750765e+02   1.5184398e+02   1.3292545e+02   5.6964591e+01   1.1615574e+02   1.3005694e+02   1.2746948e+02   1.8195041e+02   1.4239080e+02   1.9160730e+02   1.2062181e+02   1.3994354e+02   1.4821002e+02   1.1584405e+02   1.3379760e+02   1.8320468e+02   1.2208330e+02   1.4204946e+02   1.7273893e+02   1.6160460e+01   3.4770979e+01   4.8873546e+01   1.8057050e+01   8.9050833e+01   1.3510776e+02   6.2727406e+01   1.5238565e+02   1.3693405e+02   1.7699079e+02   6.0500000e+01   1.1082905e+02   1.0917497e+02   3.5000000e+01   1.2128493e+02   1.4044285e+02   1.0112306e+02   1.7858986e+02   1.8555405e+02   1.9199543e+02   5.5100824e+01   1.1878144e+02   8.6328317e+01   1.1494322e+02   0.0000000e+00   1.0100000e+02   1.4811098e+02   3.7119667e+01   1.1486455e+02   1.0479046e+02   1.2162906e+02   1.1624325e+02   1.8434028e+02   1.1838130e+02   5.8749464e+01   1.1554130e+02   1.7190741e+02   1.2527981e+02   4.8920037e+01   3.7638255e+01   1.0041621e+02   1.3100862e+02   1.9806771e+02   1.0851042e+02   1.3670297e+02   6.3802844e+01   1.8623368e+02   1.4274714e+02   8.6733694e+01   4.1879343e+01   1.0104686e+01   4.7361498e+01   1.4129240e+02   1.8603975e+02   1.8059997e+02   1.3690106e+02   1.5561044e+02   5.5018346e+01   1.1878144e+02   1.9071632e+02   7.7717226e+01   1.8713400e+02   3.2810989e+01   1.3942624e+02   1.3897202e+02   1.3055095e+02   5.0923209e+01   1.1576600e+02   8.1068294e+01
  5.8845951e+01   1.1085964e+02   3.7395122e+01   1.3346804e+02   1.3413476e+02   1.5279987e+02   3.1820920e+01   3.8000000e+01   5.6964591e+01   1.3407582e+02   1.5395521e+02   1.6396559e+02   1.1658294e+02   1.1976651e+02   1.1758651e+02   3.8000000e+01   1.0035990e+02   2.4217082e+01   9.7444572e+01   1.4153191e+02   1.3466408e+02   5.0452477e+01   1.4435149e+02   1.3427780e+02   1.5482514e+02   1.2311525e+02   1.2404756e+02   1.0530697e+02   1.5984632e+02   9.8000000e+01   1.5478869e+02   2.2749119e+02   1.1608763e+02   1.3318855e+02   5.3341745e+01   1.1765375e+02   2.1819006e+01   4.5098206e+01   1.0372790e+02   1.2572979e+02   1.4808049e+02   1.5068738e+02   1.1754807e+02   8.3543663e+01   1.2038745e+02   1.3550000e+02   1.7576908e+02   1.2383795e+02   1.8562392e+01   1.5056748e+02   2.3926400e+02   1.4796610e+02   5.3702444e+01   3.0084624e+01   1.7270510e+01   2.4686773e+01   1.0100000e+02   0.0000000e+00   1.1797021e+02   1.2564891e+02   1.2913320e+02   8.6577000e+01   2.6044080e+01   1.2682993e+02   2.4021859e+02   1.7378084e+02   1.0576752e+02   9.3027023e+01   2.1170192e+02   1.7339086e+02   5.6161926e+01   1.3052500e+02   1.5148675e+02   1.0610895e+02   1.5083712e+02   9.2698156e+01   1.5289587e+02   1.0582094e+02   1.5956367e+02   1.5347059e+02   2.6044080e+01   1.3407582e+02   1.0866654e+02   1.4025783e+02   1.5211877e+02   2.4339350e+02   1.5685297e+02   4.0129534e+01   1.2364625e+02   1.0804069e+02   1.7142762e+02   1.4526360e+02   2.6696374e+01   2.4236773e+02   1.3155056e+02   1.1102262e+02   1.0767392e+02   3.3431748e+01   5.7912978e+01   1.2758462e+02   1.0029228e+02
  1.0924741e+02   1.0372790e+02   1.4090833e+02   1.8679614e+02   1.6618042e+02   1.0877049e+02   1.4750765e+02   1.4576011e+02   1.1001027e+02   1.6718908e+02   1.1024630e+02   1.1016426e+02   1.0289629e+02   3.8541020e+00   6.5000000e+00   1.0331294e+02   9.7305217e+01   1.3909383e+02   2.1713203e+01   5.9306887e+01   3.8119809e+01   9.7247093e+01   4.6293013e+01   5.7519733e+01   6.5017440e+01   8.0000000e+00   5.0811529e+01   1.5273287e+01   4.2500000e+01   2.6739284e+01   6.2655048e+01   1.5566846e+02   1.6108409e+02   1.6010733e+02   1.1918024e+02   1.6319988e+02   1.0104477e+02   9.3753686e+01   9.3512096e+01   8.5777472e+00   5.7991304e+01   3.3636083e+01   1.0703169e+02   4.0355991e+01   5.5100824e+01   1.7134862e+02   1.2050000e+02   1.8748288e+01   1.3579967e+02   3.4041020e+01   1.6377278e+02   4.5249302e+01   1.0551071e+02   1.4526360e+02   1.1009243e+02   9.9101471e+01   1.4811098e+02   1.1797021e+02   0.0000000e+00   1.8470098e+02   5.7991304e+01   4.4232139e+01   1.0538208e+02   5.3533009e+01   1.6700000e+02   1.2053749e+02   9.8907317e+01   3.3431748e+01   1.2737198e+02   1.1166204e+02   1.1276976e+02   1.8487801e+02   1.0555356e+02   1.7602631e+01   5.2113952e+01   4.0101136e+01   6.5624880e+01   9.3801929e+01   4.2926407e+01   5.9840121e+01   9.8184441e+01   1.8910077e+02   1.5745620e+02   1.9411043e+02   5.9326015e+01   1.7126299e+02   3.9500000e+01   1.4422630e+02   8.0000000e+00   1.0430390e+02   1.1600974e+02   4.4616324e+01   1.0785222e+02   1.6799701e+02   1.5995219e+02   9.2464278e+00   1.1106602e+01   1.3958001e+02   1.0726376e+02   5.5018346e+01   7.2202510e+01
  8.2108823e+01   9.1593359e+01   1.5558868e+02   1.0562306e+01   3.8447332e+01   1.2807939e+02   1.1300000e+02   1.5218553e+02   8.2466457e+01   3.7027387e+01   1.2803529e+02   1.4150798e+02   9.6546864e+01   1.8411985e+02   1.8837762e+02   1.6083870e+02   9.2490489e+01   1.3590772e+02   1.6645180e+02   1.6225676e+02   2.1824813e+02   1.7152631e+02   2.2796648e+02   1.5569745e+02   1.7420233e+02   1.8482919e+02   1.5158359e+02   1.7034478e+02   2.1968485e+02   1.5863444e+02   1.7651207e+02   1.9612784e+02   2.6696374e+01   4.5249302e+01   7.8326731e+01   2.4918231e+01   1.1808508e+02   1.6457696e+02   9.8000000e+01   1.8900530e+02   1.7174325e+02   2.1356337e+02   9.2917531e+01   1.4711685e+02   1.4488231e+02   3.3397568e+01   1.4777525e+02   1.7699079e+02   1.2109851e+02   2.1518349e+02   2.0877866e+02   2.2847039e+02   8.7874195e+01   1.3707416e+02   1.1340926e+02   1.4340994e+02   3.7119667e+01   1.2564891e+02   1.8470098e+02   0.0000000e+00   1.5008693e+02   1.4129240e+02   1.4896969e+02   1.5176963e+02   2.0680863e+02   1.4478098e+02   9.3548375e+01   1.5206682e+02   2.0005075e+02   1.5350000e+02   8.0802553e+01   8.0000000e+00   1.2971784e+02   1.6760027e+02   2.3446154e+02   1.4510031e+02   1.7090026e+02   9.8827260e+01   2.2278360e+02   1.7743007e+02   1.1658294e+02   9.6241438e+00   2.8036340e+01   1.5500000e+01   1.7600641e+02   2.0786924e+02   2.1710332e+02   1.5685297e+02   1.9220094e+02   8.9203157e+01   1.4606957e+02   2.2713903e+02   1.0607699e+02   2.0973253e+02   4.3453463e+01   1.7600641e+02   1.7549286e+02   1.5110627e+02   8.4204839e+01   1.5119589e+02   1.1724010e+02
  9.2783530e+01   5.9536006e+01   1.6167149e+02   1.4947651e+02   1.2325280e+02   5.1433781e+01   1.5176963e+02   1.6460439e+02   9.4474731e+01   1.2452016e+02   5.2892748e+01   5.3021424e+01   5.5837600e+01   5.5244863e+01   6.3944858e+01   1.3117230e+02   5.8400777e+01   1.5282203e+02   5.6161926e+01   1.4083078e+01   9.4725793e+01   1.3041247e+02   1.0153588e+02   6.5000000e+00   2.7872431e+01   5.2892748e+01   8.1485293e+00   5.1851728e+01   7.5993377e+01   4.6513585e+01   2.9039446e+01   1.0599171e+02   1.2419317e+02   1.1615574e+02   1.0508131e+02   1.2616026e+02   1.0804069e+02   1.2442942e+02   5.2677581e+01   5.6544625e+01   2.3049945e+01   7.2889571e+01   5.9991596e+01   5.3341745e+01   9.2464278e+00   1.2913320e+02   6.3944858e+01   4.0888736e+01   1.4406967e+02   7.5394926e+01   1.1615574e+02   9.8827260e+01   9.2282351e+01   1.5871267e+02   1.1521813e+02   1.1946428e+02   1.1486455e+02   1.2913320e+02   5.7991304e+01   1.5008693e+02   0.0000000e+00   4.6219252e+01   1.2784991e+02   5.0000000e+00   1.1832402e+02   6.3660510e+01   5.7044230e+01   4.6120719e+01   8.4298866e+01   5.6161926e+01   9.7444572e+01   1.4823287e+02   4.8170746e+01   4.7385499e+01   1.0636430e+02   4.1304412e+01   2.5238634e+01   5.1764022e+01   8.0620222e+01   2.9039446e+01   1.0394564e+02   1.5220036e+02   1.2289485e+02   1.5613178e+02   2.7541635e+01   1.2218504e+02   7.4061199e+01   1.6495364e+02   6.3464276e+01   6.1577819e+01   5.9306887e+01   9.9181305e+01   1.0863533e+02   1.1991734e+02   1.1658294e+02   5.3000000e+01   5.6081022e+01   1.5890455e+02   9.1506868e+01   3.5000000e+00   3.6500000e+01
  6.5986640e+01   6.5986640e+01   1.1699893e+02   1.4378730e+02   1.2500904e+02   8.6406926e+01   1.1259929e+02   1.2038745e+02   6.6907831e+01   1.2590036e+02   8.7874195e+01   9.3027023e+01   6.7077023e+01   4.4103326e+01   4.7600955e+01   8.5458814e+01   5.7519733e+01   1.0987664e+02   2.6044080e+01   5.6964591e+01   7.7993548e+01   8.4954130e+01   8.7474134e+01   5.0362310e+01   6.9565187e+01   4.5624827e+01   3.9758757e+01   2.9624732e+01   8.3122636e+01   1.7992856e+01   6.9189519e+01   1.5110627e+02   1.1823806e+02   1.1948319e+02   7.6542751e+01   1.2035929e+02   6.6448844e+01   7.8802299e+01   5.5100824e+01   4.9543348e+01   6.2510080e+01   7.5469994e+01   7.0760231e+01   9.5000000e+00   3.8000000e+01   1.2982227e+02   1.0496291e+02   4.1249233e+01   1.0296219e+02   7.6542751e+01   1.6162262e+02   8.7706651e+01   6.2727406e+01   1.1595129e+02   7.4715901e+01   7.4305488e+01   1.0479046e+02   8.6577000e+01   4.4232139e+01   1.4129240e+02   4.6219252e+01   0.0000000e+00   8.2507622e+01   4.2926407e+01   1.6358663e+02   1.0392389e+02   6.0387394e+01   1.1316654e+01   1.2991793e+02   9.9112879e+01   6.9760378e+01   1.4176305e+02   8.3814164e+01   2.7332816e+01   9.3862198e+01   6.6846584e+00   6.8000000e+01   5.6000000e+01   8.4954130e+01   6.7665840e+01   6.2727406e+01   1.4600000e+02   1.1423324e+02   1.5117349e+02   6.6363495e+01   1.6733075e+02   8.0240203e+01   1.2032174e+02   5.1698144e+01   6.5693941e+01   1.0022462e+02   8.6472379e+01   7.0084481e+01   1.6528850e+02   1.1908541e+02   3.5485711e+01   3.4705263e+01   1.1450987e+02   6.4068860e+01   4.4000000e+01   3.5517853e+01
  7.5514999e+01   1.2148037e+02   3.6154593e+01   1.5626906e+02   1.5385987e+02   1.5922382e+02   5.5038977e+01   4.0888736e+01   7.4000000e+01   1.5396987e+02   1.6051562e+02   1.6899481e+02   1.2640175e+02   1.0770541e+02   1.0382594e+02   1.2593387e+01   1.1058406e+02   3.6996575e+01   8.6577000e+01   1.3897202e+02   1.1608763e+02   2.4918231e+01   1.2532488e+02   1.3229530e+02   1.5140477e+02   1.1150000e+02   1.2171262e+02   9.4654129e+01   1.4612366e+02   8.9809854e+01   1.5081467e+02   2.3078786e+02   1.3712357e+02   1.5202970e+02   7.3261597e+01   1.3884197e+02   3.3500000e+01   2.0057607e+01   1.1276976e+02   1.1342918e+02   1.4420282e+02   1.3670297e+02   1.2814110e+02   7.7058801e+01   1.1931288e+02   1.5587857e+02   1.8105539e+02   1.1458878e+02   4.0888736e+01   1.3614015e+02   2.4194409e+02   1.2957846e+02   6.9565187e+01   4.2740384e+01   3.6154593e+01   9.2464278e+00   1.2162906e+02   2.6044080e+01   1.0538208e+02   1.4896969e+02   1.2784991e+02   8.2507622e+01   0.0000000e+00   1.2481915e+02   2.4345370e+02   1.7940291e+02   1.1584405e+02   8.6210268e+01   2.1163799e+02   1.7720102e+02   7.4061199e+01   1.5338231e+02   1.5743470e+02   9.6464837e+01   1.3155056e+02   8.8118491e+01   1.4995902e+02   1.1473660e+02   1.4500692e+02   1.4906817e+02   3.6624784e+01   1.5710460e+02   1.2997007e+02   1.6328283e+02   1.4784399e+02   2.4694320e+02   1.4318935e+02   3.9500000e+01   1.1001027e+02   1.1908541e+02   1.7648651e+02   1.2664278e+02   4.4411844e+01   2.4537242e+02   1.5056748e+02   9.9692994e+01   9.5853290e+01   3.4705263e+01   7.4061199e+01   1.2581959e+02   1.0450961e+02
  9.2306862e+01   6.1724995e+01   1.5890455e+02   1.5143459e+02   1.2572979e+02   5.5817267e+01   1.5008693e+02   1.6197136e+02   9.3934469e+01   1.2697233e+02   5.7282480e+01   5.7519733e+01   5.8400777e+01   5.0811529e+01   5.9478810e+01   1.2784991e+02   5.9840121e+01   1.5047750e+02   5.1807894e+01   1.5273287e+01   9.0362395e+01   1.2680321e+02   9.7270347e+01   8.0000000e+00   2.8960499e+01   4.8523432e+01   3.8541020e+00   4.7385499e+01   7.2656081e+01   4.2285165e+01   2.9624732e+01   1.0991778e+02   1.2600797e+02   1.1872436e+02   1.0453125e+02   1.2800000e+02   1.0585298e+02   1.2092114e+02   5.4270345e+01   5.2222819e+01   2.3199119e+01   6.9205895e+01   6.2600725e+01   4.9703658e+01   8.0000000e+00   1.3155056e+02   6.8415389e+01   3.6562446e+01   1.4205741e+02   7.1651247e+01   1.1991734e+02   9.4654129e+01   9.1506868e+01   1.5641344e+02   1.1322977e+02   1.1650539e+02   1.1624325e+02   1.2682993e+02   5.3533009e+01   1.5176963e+02   5.0000000e+00   4.2926407e+01   1.2481915e+02   0.0000000e+00   1.2218504e+02   6.8149834e+01   5.8865229e+01   4.2177332e+01   8.7500000e+01   6.0537488e+01   9.6920952e+01   1.5011701e+02   5.2569665e+01   4.2926407e+01   1.0216858e+02   3.7759227e+01   2.6696374e+01   5.3511791e+01   7.7132239e+01   2.9157460e+01   1.0180276e+02   1.5412373e+02   1.2445665e+02   1.5817847e+02   2.7666155e+01   1.2608861e+02   7.0632018e+01   1.6220111e+02   5.9076873e+01   6.3589223e+01   6.3785069e+01   9.4952369e+01   1.0690489e+02   1.2372845e+02   1.1908541e+02   4.8500000e+01   5.1588159e+01   1.5621850e+02   9.0948881e+01   2.0000000e+00   3.6780160e+01
  1.9040853e+02   1.3614015e+02   2.7537679e+02   2.0054624e+02   1.6906824e+02   8.9960885e+01   2.5678500e+02   2.7735059e+02   1.9250586e+02   1.7053676e+02   8.9114333e+01   7.7337491e+01   1.2947383e+02   1.6367629e+02   1.7268667e+02   2.4800000e+02   1.4453125e+02   2.6362069e+02   1.7224181e+02   1.1052272e+02   1.9642090e+02   2.4803636e+02   1.9927688e+02   1.1530636e+02   1.0251103e+02   1.5988162e+02   1.2553200e+02   1.6635687e+02   1.5845648e+02   1.6355904e+02   1.0485516e+02   1.3227922e+01   1.8368433e+02   1.6206191e+02   2.0190817e+02   1.8470098e+02   2.1899600e+02   2.4184622e+02   1.3970129e+02   1.6184590e+02   1.0970165e+02   1.6236800e+02   1.3041247e+02   1.7111140e+02   1.2614235e+02   1.7465510e+02   6.6243821e+01   1.4903030e+02   2.5237944e+02   1.6534311e+02   5.9083269e+00   1.9418596e+02   1.9283954e+02   2.6901676e+02   2.2442242e+02   2.3480749e+02   1.8434028e+02   2.4021859e+02   1.6700000e+02   2.0680863e+02   1.1832402e+02   1.6358663e+02   2.4345370e+02   1.2218504e+02   0.0000000e+00   6.8729392e+01   1.3948291e+02   1.6386233e+02   4.2526777e+01   6.7330008e+01   1.9492801e+02   2.0113026e+02   9.0500000e+01   1.6225676e+02   2.0143842e+02   1.5903233e+02   1.0216858e+02   1.3760033e+02   1.6443978e+02   1.0770541e+02   2.1475335e+02   2.0349384e+02   1.8739302e+02   2.0395331e+02   1.0817660e+02   5.0000000e+00   1.5871267e+02   2.7852248e+02   1.6946153e+02   1.3947482e+02   7.0100647e+01   1.9608758e+02   2.1612989e+02   3.5000000e+00   1.6386233e+02   1.6539770e+02   1.6930832e+02   2.7210357e+02   1.9010024e+02   1.2089311e+02   1.4052321e+02
  1.2232364e+02   6.7916615e+01   2.0969489e+02   1.4000000e+02   1.0854166e+02   2.1819006e+01   1.8890979e+02   2.1119528e+02   1.2442942e+02   1.1004109e+02   2.0902206e+01   1.1420165e+01   6.1245370e+01   1.1758651e+02   1.2653571e+02   1.8524983e+02   7.6409486e+01   1.9686255e+02   1.1887652e+02   6.2655048e+01   1.5604501e+02   1.8700737e+02   1.6177616e+02   6.3517855e+01   6.3177747e+01   1.1474644e+02   7.1254858e+01   1.1498253e+02   1.2866006e+02   1.0877049e+02   6.6517043e+01   5.6323382e+01   1.1994559e+02   1.0101119e+02   1.3372162e+02   1.2125699e+02   1.5279987e+02   1.8028112e+02   7.1761841e+01   1.1797021e+02   6.7464543e+01   1.2866006e+02   6.2273781e+01   1.1244865e+02   6.9058369e+01   1.1458878e+02   3.5000000e+00   1.0267632e+02   1.8506706e+02   1.3154198e+02   6.8976273e+01   1.5817847e+02   1.2496385e+02   2.0207009e+02   1.5760665e+02   1.7066242e+02   1.1838130e+02   1.7378084e+02   1.2053749e+02   1.4478098e+02   6.3660510e+01   1.0392389e+02   1.7940291e+02   6.8149834e+01   6.8729392e+01   0.0000000e+00   7.1302542e+01   1.0709503e+02   5.6182134e+01   1.3227922e+01   1.2680321e+02   1.4003225e+02   2.2799103e+01   1.1050227e+02   1.6582695e+02   1.0064115e+02   6.0743257e+01   6.9646583e+01   1.3429462e+02   6.9320418e+01   1.4857515e+02   1.4300000e+02   1.2259115e+02   1.4462495e+02   6.8811785e+01   7.1302542e+01   1.2763772e+02   2.1274337e+02   1.2532488e+02   7.1254858e+01   5.2434165e+00   1.5908200e+02   1.4900758e+02   7.1254858e+01   1.0250000e+02   1.1608763e+02   1.1923710e+02   2.0619699e+02   1.2208330e+02   6.6653231e+01   7.5394926e+01
  5.1588159e+01   6.5000000e+00   1.4250176e+02   9.3075645e+01   6.8514704e+01   5.0022722e+01   1.1835266e+02   1.4319723e+02   5.3702444e+01   6.9646583e+01   5.0900893e+01   6.3015998e+01   1.1316654e+01   9.7490979e+01   1.0372790e+02   1.2392001e+02   5.9083269e+00   1.2800000e+02   8.5034017e+01   6.9320418e+01   1.3570817e+02   1.2876535e+02   1.4453125e+02   6.2655048e+01   8.1694212e+01   9.7165661e+01   5.8923026e+01   8.6210268e+01   1.2890561e+02   7.5108981e+01   8.3814164e+01   1.2697233e+02   6.7665840e+01   6.2018290e+01   6.2925956e+01   6.9646583e+01   8.5736436e+01   1.2140596e+02   5.9083269e+00   1.0140218e+02   7.8802299e+01   1.2382883e+02   1.2869317e+01   6.8811785e+01   5.2222819e+01   7.4061199e+01   7.3739334e+01   8.7500000e+01   1.1536514e+02   1.2581959e+02   1.3947482e+02   1.4363805e+02   5.4604066e+01   1.3285747e+02   8.9114333e+01   1.0725322e+02   5.8749464e+01   1.0576752e+02   9.8907317e+01   9.3548375e+01   5.7044230e+01   6.0387394e+01   1.1584405e+02   5.8865229e+01   1.3948291e+02   7.1302542e+01   0.0000000e+00   6.9597757e+01   1.1908541e+02   7.4290243e+01   5.6020267e+01   9.1753767e+01   4.9635018e+01   8.2466457e+01   1.5050000e+02   6.1559397e+01   7.8456719e+01   5.9083269e+00   1.3263629e+02   8.4566938e+01   8.1680355e+01   9.5758858e+01   6.6448844e+01   9.9862971e+01   8.3122636e+01   1.4210508e+02   1.2653571e+02   1.4534906e+02   1.0615155e+02   5.9083269e+00   6.9987409e+01   1.4300000e+02   8.0014150e+01   1.4195406e+02   6.2054854e+01   9.0824415e+01   9.1618055e+01   1.3867109e+02   5.1455863e+01   5.8225644e+01   2.7206741e+01
  7.6542751e+01   7.4988254e+01   1.2143387e+02   1.5447484e+02   1.3521637e+02   9.0948881e+01   1.2035929e+02   1.2527981e+02   7.7396034e+01   1.3614015e+02   9.2441558e+01   9.6183071e+01   7.5469994e+01   3.3397568e+01   3.6811155e+01   8.7706651e+01   6.7127697e+01   1.1584405e+02   1.5943445e+01   5.4853013e+01   6.7531709e+01   8.5591128e+01   7.6896989e+01   4.9174942e+01   6.6295137e+01   3.5130189e+01   3.8830797e+01   1.8809833e+01   7.2905110e+01   7.2082039e+00   6.5417255e+01   1.5158359e+02   1.2887932e+02   1.2953488e+02   8.6851028e+01   1.3100000e+02   7.3754693e+01   8.0056584e+01   6.4227937e+01   3.8948017e+01   5.8923026e+01   6.5017440e+01   7.9332100e+01   9.9868330e+00   3.8948017e+01   1.4012897e+02   1.0785222e+02   3.2035694e+01   1.1001027e+02   6.5986640e+01   1.6156676e+02   7.6985293e+01   7.3075822e+01   1.2199074e+02   8.2384064e+01   7.8456719e+01   1.1554130e+02   9.3027023e+01   3.3431748e+01   1.5206682e+02   4.6120719e+01   1.1316654e+01   8.6210268e+01   4.2177332e+01   1.6386233e+02   1.0709503e+02   6.9597757e+01   0.0000000e+00   1.2841403e+02   1.0110070e+02   8.0211982e+01   1.5247450e+02   8.8131330e+01   1.6655494e+01   8.3231493e+01   8.5777472e+00   6.5208964e+01   6.4930195e+01   7.4503378e+01   6.3517855e+01   7.0294341e+01   1.5670899e+02   1.2496385e+02   1.6184590e+02   6.2346584e+01   1.6776177e+02   6.9987409e+01   1.2478294e+02   4.0888736e+01   7.4973150e+01   1.0311579e+02   7.5814341e+01   7.8557671e+01   1.6539770e+02   1.2920315e+02   2.4686773e+01   2.3930749e+01   1.1926553e+02   7.4594534e+01   4.3479646e+01   4.3688540e+01
  1.6760027e+02   1.1732679e+02   2.4519777e+02   1.9555192e+02   1.6417193e+02   7.3060320e+01   2.3177743e+02   2.4788634e+02   1.6959465e+02   1.6567037e+02   7.2889571e+01   5.9306887e+01   1.1074745e+02   1.2402024e+02   1.3285747e+02   2.1484785e+02   1.2339935e+02   2.3540690e+02   1.3488192e+02   7.4061199e+01   1.5511646e+02   2.1348944e+02   1.5760665e+02   8.0113127e+01   6.3785069e+01   1.2005856e+02   9.0712250e+01   1.2835245e+02   1.1647629e+02   1.2710569e+02   6.5624880e+01   3.4341543e+01   1.7481652e+02   1.5661534e+02   1.7976098e+02   1.7623062e+02   1.9040853e+02   2.0778784e+02   1.1777851e+02   1.2166621e+02   7.1254858e+01   1.2059371e+02   1.1292998e+02   1.3652941e+02   9.2832280e+01   1.7023877e+02   5.3192504e+01   1.0984578e+02   2.2556999e+02   1.2355487e+02   3.8269035e+01   1.5240787e+02   1.6888126e+02   2.4113666e+02   1.9687973e+02   2.0322210e+02   1.7190741e+02   2.1170192e+02   1.2737198e+02   2.0005075e+02   8.4298866e+01   1.2991793e+02   2.1163799e+02   8.7500000e+01   4.2526777e+01   5.6182134e+01   1.1908541e+02   1.2841403e+02   0.0000000e+00   4.7217235e+01   1.7231385e+02   1.9550577e+02   7.2013985e+01   1.2452016e+02   1.5959903e+02   1.2471051e+02   6.4157286e+01   1.1584405e+02   1.2245286e+02   6.8266142e+01   1.8621551e+02   1.9855113e+02   1.7692066e+02   2.0027612e+02   6.8976273e+01   4.7024187e+01   1.1678628e+02   2.4845413e+02   1.2919441e+02   1.2062181e+02   5.4500000e+01   1.5438713e+02   1.8940474e+02   4.2740384e+01   1.5806427e+02   1.2667845e+02   1.3074976e+02   2.4229795e+02   1.6688510e+02   8.6420021e+01   1.1291997e+02
  1.2452016e+02   7.1809186e+01   2.0865979e+02   1.4927248e+02   1.1811377e+02   2.6394015e+01   1.9040853e+02   2.1055356e+02   1.2658925e+02   1.1960605e+02   2.6175864e+01   1.2593387e+01   6.5121978e+01   1.0859371e+02   1.1765375e+02   1.8230347e+02   7.9031841e+01   1.9679378e+02   1.1182385e+02   5.3000000e+01   1.4627808e+02   1.8320468e+02   1.5157614e+02   5.5018346e+01   5.1807894e+01   1.0551071e+02   6.3802844e+01   1.0729537e+02   1.1719190e+02   1.0208002e+02   5.5100824e+01   5.4604066e+01   1.2814110e+02   1.1050227e+02   1.3633078e+02   1.2957846e+02   1.5217811e+02   1.7671649e+02   7.3816096e+01   1.0851042e+02   5.6724994e+01   1.1765375e+02   6.6907831e+01   1.0726376e+02   6.2655048e+01   1.2423864e+02   1.1316654e+01   9.3548375e+01   1.8565129e+02   1.2057498e+02   6.6568147e+01   1.4772941e+02   1.2658033e+02   2.0220399e+02   1.5760665e+02   1.6850670e+02   1.2527981e+02   1.7339086e+02   1.1166204e+02   1.5350000e+02   5.6161926e+01   9.9112879e+01   1.7720102e+02   6.0537488e+01   6.7330008e+01   1.3227922e+01   7.4290243e+01   1.0110070e+02   4.7217235e+01   0.0000000e+00   1.2913320e+02   1.4912116e+02   2.5644582e+01   1.0287431e+02   1.5537091e+02   9.5237796e+01   4.9635018e+01   7.1761841e+01   1.2291323e+02   5.7991304e+01   1.4793558e+02   1.5226709e+02   1.3020447e+02   1.5423354e+02   5.7618298e+01   7.0535705e+01   1.1630155e+02   2.1178713e+02   1.1600000e+02   7.5154203e+01   9.2464278e+00   1.4878773e+02   1.4937075e+02   6.9516302e+01   1.1186427e+02   1.0785222e+02   1.1123617e+02   2.0534201e+02   1.2406577e+02   5.9076873e+01   7.3754693e+01
  5.2434165e+00   5.9934838e+01   9.2527170e+01   8.6367631e+01   8.0352990e+01   1.0550000e+02   6.3087938e+01   9.1889277e+01   3.5000000e+00   8.0507812e+01   1.0640680e+02   1.1823806e+02   6.6397648e+01   1.1303999e+02   1.1522794e+02   8.4980767e+01   5.0900893e+01   7.5634879e+01   9.2404842e+01   1.1102262e+02   1.4236702e+02   9.4054797e+01   1.5236343e+02   1.0338950e+02   1.2481010e+02   1.1482519e+02   9.5190285e+01   9.8000000e+01   1.5236343e+02   8.6877080e+01   1.2590036e+02   1.8237152e+02   6.4580028e+01   7.8500000e+01   8.1485293e+00   6.6448844e+01   4.1110959e+01   8.6733694e+01   5.5837600e+01   1.1865773e+02   1.1960605e+02   1.4470298e+02   6.6260931e+01   7.2998276e+01   8.9456450e+01   8.2617294e+01   1.2920315e+02   1.1001027e+02   6.1724995e+01   1.4569814e+02   1.9479488e+02   1.5382319e+02   8.0000000e+00   7.9759069e+01   3.9958839e+01   6.6924769e+01   4.8920037e+01   5.6161926e+01   1.1276976e+02   8.0802553e+01   9.7444572e+01   6.9760378e+01   7.4061199e+01   9.6920952e+01   1.9492801e+02   1.2680321e+02   5.6020267e+01   8.0211982e+01   1.7231385e+02   1.2913320e+02   0.0000000e+00   8.3706069e+01   1.0495214e+02   9.6359272e+01   1.5903233e+02   7.5093901e+01   1.2207405e+02   5.7912978e+01   1.5418962e+02   1.2557698e+02   3.8476967e+01   8.7771129e+01   5.7912978e+01   9.3765749e+01   1.2408398e+02   1.9760023e+02   1.4949161e+02   9.4952369e+01   1.2005856e+02   5.6724994e+01   1.2535191e+02   1.5202970e+02   3.0649627e+01   1.9736607e+02   7.7014704e+01   1.0411950e+02   1.0254411e+02   8.8285249e+01   6.5000000e+00   9.7072512e+01   6.2000000e+01
  8.4620449e+01   8.9355219e+01   1.6125214e+02   3.5000000e+00   3.2566337e+01   1.2394736e+02   1.1908541e+02   1.5802857e+02   8.5153706e+01   3.1094117e+01   1.2382883e+02   1.3720589e+02   9.3946509e+01   1.8416273e+02   1.8874253e+02   1.6515191e+02   9.1122845e+01   1.4162760e+02   1.6710807e+02   1.6010733e+02   2.1903718e+02   1.7556356e+02   2.2866277e+02   1.5373511e+02   1.7174325e+02   1.8470098e+02   1.5009445e+02   1.7068226e+02   2.1897025e+02   1.5896845e+02   1.7415051e+02   1.9062759e+02   2.4686773e+01   3.9758757e+01   8.1846481e+01   2.2647235e+01   1.2199074e+02   1.6851339e+02   9.6429662e+01   1.8890382e+02   1.6958134e+02   2.1310350e+02   9.0161865e+01   1.4793558e+02   1.4338632e+02   2.7080068e+01   1.4303158e+02   1.7648651e+02   1.2672302e+02   2.1481111e+02   2.0322210e+02   2.2895842e+02   9.0549986e+01   1.4300000e+02   1.1774014e+02   1.4754591e+02   3.7638255e+01   1.3052500e+02   1.8487801e+02   8.0000000e+00   1.4823287e+02   1.4176305e+02   1.5338231e+02   1.5011701e+02   2.0113026e+02   1.4003225e+02   9.1753767e+01   1.5247450e+02   1.9550577e+02   1.4912116e+02   8.3706069e+01   0.0000000e+00   1.2572979e+02   1.6778195e+02   2.3510019e+02   1.4531022e+02   1.6841962e+02   9.7107453e+01   2.2224140e+02   1.7518400e+02   1.2027479e+02   4.7426407e+00   2.8077164e+01   1.0562306e+01   1.7378084e+02   2.0208683e+02   2.1644270e+02   1.6261107e+02   1.9237105e+02   8.7163141e+01   1.4150798e+02   2.2772896e+02   1.1008216e+02   2.0406940e+02   3.8119809e+01   1.7623062e+02   1.7589741e+02   1.5675940e+02   8.6681495e+01   1.4947651e+02   1.1626269e+02
  1.0041621e+02   4.6806047e+01   1.8744719e+02   1.2608861e+02   9.5522366e+01   3.8541020e+00   1.6683100e+02   1.8890979e+02   1.0251103e+02   9.6990932e+01   5.2434165e+00   1.3916408e+01   4.0101136e+01   1.0287431e+02   1.1146959e+02   1.6355904e+02   5.4583269e+01   1.7456464e+02   1.0104477e+02   5.1500000e+01   1.4239080e+02   1.6575208e+02   1.4906059e+02   4.9840653e+01   5.6804973e+01   1.0056248e+02   5.5244863e+01   9.8103791e+01   1.2013382e+02   9.0612430e+01   6.0048300e+01   7.7920927e+01   1.0401087e+02   8.7874195e+01   1.1199552e+02   1.0554285e+02   1.3052500e+02   1.5890455e+02   4.9703658e+01   1.0418462e+02   5.8749464e+01   1.1858154e+02   4.1770449e+01   9.2588273e+01   5.1588159e+01   1.0170277e+02   2.4918231e+01   8.8541184e+01   1.6281220e+02   1.2129425e+02   9.0362395e+01   1.4612366e+02   1.0287431e+02   1.7977981e+02   1.3530820e+02   1.4868907e+02   1.0041621e+02   1.5148675e+02   1.0555356e+02   1.2971784e+02   4.8170746e+01   8.3814164e+01   1.5743470e+02   5.2569665e+01   9.0500000e+01   2.2799103e+01   4.9635018e+01   8.8131330e+01   7.2013985e+01   2.5644582e+01   1.0495214e+02   1.2572979e+02   0.0000000e+00   9.3608807e+01   1.5371309e+02   8.1138080e+01   5.3702444e+01   4.7600955e+01   1.2536092e+02   6.2346584e+01   1.2630342e+02   1.2906321e+02   1.0567129e+02   1.3144751e+02   6.1411822e+01   9.3269877e+01   1.1865773e+02   1.9048553e+02   1.1113453e+02   5.0158836e+01   2.0902206e+01   1.4662495e+02   1.2672302e+02   9.2917531e+01   8.9050833e+01   1.0005526e+02   1.0277536e+02   1.8392982e+02   1.0010045e+02   5.1101383e+01   5.3533009e+01
  9.2698156e+01   8.7474134e+01   1.3209027e+02   1.6970771e+02   1.4937075e+02   9.6687317e+01   1.3453824e+02   1.3643013e+02   9.3548375e+01   1.5035743e+02   9.8184441e+01   9.9783684e+01   8.7059228e+01   1.7270510e+01   2.1819006e+01   9.6218337e+01   8.0620222e+01   1.2824682e+02   1.1106602e+01   5.2309748e+01   5.3765843e+01   9.2110589e+01   6.2600725e+01   4.8523432e+01   6.1245370e+01   1.9053975e+01   3.9758757e+01   5.0000000e+00   5.6984511e+01   9.9868330e+00   5.9612181e+01   1.5038746e+02   1.4400697e+02   1.4340206e+02   1.0296219e+02   1.4612366e+02   8.7822677e+01   8.7512930e+01   7.7058801e+01   2.2799103e+01   5.3765843e+01   4.8920037e+01   9.1122845e+01   2.4686773e+01   4.2526777e+01   1.5447484e+02   1.1082905e+02   1.8624569e+01   1.2355487e+02   4.9840653e+01   1.5948585e+02   6.2054854e+01   8.9203157e+01   1.3442909e+02   9.6687317e+01   8.9355219e+01   1.3100862e+02   1.0610895e+02   1.7602631e+01   1.6760027e+02   4.7385499e+01   2.7332816e+01   9.6464837e+01   4.2926407e+01   1.6225676e+02   1.1050227e+02   8.2466457e+01   1.6655494e+01   1.2452016e+02   1.0287431e+02   9.6359272e+01   1.6778195e+02   9.3608807e+01   0.0000000e+00   6.8679909e+01   2.3000000e+01   6.0966933e+01   7.7469150e+01   5.8400777e+01   5.7203175e+01   8.4620449e+01   1.7200583e+02   1.4035439e+02   1.7702903e+02   5.6303226e+01   1.6635687e+02   5.4039705e+01   1.3544165e+02   2.5101829e+01   8.7874195e+01   1.0618349e+02   6.1189785e+01   9.3548375e+01   1.6353144e+02   1.4319723e+02   8.9852814e+00   9.9868330e+00   1.3030851e+02   9.0749654e+01   4.4411844e+01   5.5837600e+01
  1.5609563e+02   1.5534185e+02   1.6400688e+02   2.3714372e+02   2.1753917e+02   1.5703274e+02   1.8207436e+02   1.7000664e+02   1.5651442e+02   2.1851663e+02   1.5845648e+02   1.5621850e+02   1.5443830e+02   5.3765843e+01   4.7361498e+01   1.2500904e+02   1.4878773e+02   1.6797015e+02   6.8514704e+01   1.0382594e+02   1.7270510e+01   1.1465779e+02   7.2082039e+00   1.0439057e+02   1.0453125e+02   5.4853013e+01   9.9964818e+01   6.5278469e+01   4.4180659e+01   7.6896989e+01   1.0140218e+02   1.9158964e+02   2.1159536e+02   2.1157937e+02   1.6462495e+02   2.1371644e+02   1.3854075e+02   1.1450987e+02   1.4510031e+02   5.0811529e+01   9.9147098e+01   3.9615214e+01   1.5859175e+02   8.7887070e+01   1.0516733e+02   2.2260639e+02   1.6525436e+02   6.6295137e+01   1.6876764e+02   3.6624784e+01   1.9736036e+02   8.1485293e+00   1.5155380e+02   1.7378733e+02   1.4754591e+02   1.2800000e+02   1.9806771e+02   1.5083712e+02   5.2113952e+01   2.3446154e+02   1.0636430e+02   9.3862198e+01   1.3155056e+02   1.0216858e+02   2.0143842e+02   1.6582695e+02   1.5050000e+02   8.3231493e+01   1.5959903e+02   1.5537091e+02   1.5903233e+02   2.3510019e+02   1.5371309e+02   6.8679909e+01   0.0000000e+00   9.0712250e+01   1.0636430e+02   1.4541118e+02   3.8447332e+01   9.8414504e+01   1.3673601e+02   2.3933938e+02   2.0754891e+02   2.4453483e+02   9.8563755e+01   2.0590691e+02   4.3453463e+01   1.6702702e+02   4.5022466e+01   1.5590029e+02   1.6111911e+02   8.0000000e+00   1.4785162e+02   2.0181878e+02   2.1137674e+02   6.0236923e+01   5.9934838e+01   1.6402752e+02   1.5401384e+02   1.0356430e+02   1.2380146e+02
  7.1191230e+01   6.6924769e+01   1.2281210e+02   1.4725490e+02   1.2746948e+02   8.3868159e+01   1.1878144e+02   1.2629448e+02   7.2202510e+01   1.2841403e+02   8.5352814e+01   8.9721634e+01   6.7397309e+01   3.9615214e+01   4.4000000e+01   9.0662354e+01   5.9172822e+01   1.1595129e+02   2.3978714e+01   5.1455863e+01   7.5229512e+01   8.9608080e+01   8.4459812e+01   4.5098206e+01   6.3802844e+01   4.0749224e+01   3.4507352e+01   2.5955844e+01   7.7819144e+01   1.4329317e+01   6.3321175e+01   1.4662495e+02   1.2158262e+02   1.2170334e+02   8.2012269e+01   1.2370106e+02   7.2624892e+01   8.3665498e+01   5.6182134e+01   4.4794469e+01   5.6664936e+01   7.0423172e+01   7.1254858e+01   1.2593387e+01   3.3431748e+01   1.3244885e+02   1.0153588e+02   3.5517853e+01   1.0913356e+02   7.1635434e+01   1.5693929e+02   8.4298866e+01   6.8183085e+01   1.2203703e+02   8.0900560e+01   8.0014150e+01   1.0851042e+02   9.2698156e+01   4.0101136e+01   1.4510031e+02   4.1304412e+01   6.6846584e+00   8.8118491e+01   3.7759227e+01   1.5903233e+02   1.0064115e+02   6.1559397e+01   8.5777472e+00   1.2471051e+02   9.5237796e+01   7.5093901e+01   1.4531022e+02   8.1138080e+01   2.3000000e+01   9.0712250e+01   0.0000000e+00   6.2346584e+01   5.6864883e+01   7.9886712e+01   6.1724995e+01   6.8910526e+01   1.4953691e+02   1.1786482e+02   1.5459169e+02   6.0443724e+01   1.6283992e+02   7.4973150e+01   1.2614235e+02   4.7600955e+01   6.6941704e+01   9.6792523e+01   8.3258685e+01   7.6231433e+01   1.6067022e+02   1.2140596e+02   3.1423292e+01   3.1277427e+01   1.2038745e+02   6.9320418e+01   3.8918745e+01   3.5614100e+01
  1.1739418e+02   7.9830007e+01   1.8446263e+02   1.6940826e+02   1.4141221e+02   5.6964591e+01   1.7626262e+02   1.8771178e+02   1.1911387e+02   1.4277087e+02   5.8128118e+01   5.2157526e+01   7.4973150e+01   6.2346584e+01   7.1445402e+01   1.5226709e+02   8.0690398e+01   1.7650568e+02   7.1254858e+01   1.1923660e+01   9.8011538e+01   1.5023727e+02   1.0277536e+02   1.9473666e+01   3.8541020e+00   5.8749464e+01   2.9353076e+01   6.4912732e+01   6.8465065e+01   6.3517855e+01   6.8639610e+00   9.0624913e+01   1.4474978e+02   1.3400000e+02   1.2971784e+02   1.4662495e+02   1.3198764e+02   1.4476538e+02   7.4746212e+01   6.1171245e+01   8.1485293e+00   6.8531243e+01   7.8802299e+01   7.3754693e+01   3.3703915e+01   1.4748469e+02   5.9840121e+01   4.7481379e+01   1.6823864e+02   7.1445402e+01   9.9192705e+01   9.8735686e+01   1.1699893e+02   1.8247046e+02   1.3941814e+02   1.4180287e+02   1.3670297e+02   1.5289587e+02   6.5624880e+01   1.7090026e+02   2.5238634e+01   6.8000000e+01   1.4995902e+02   2.6696374e+01   1.0216858e+02   6.0743257e+01   7.8456719e+01   6.5208964e+01   6.4157286e+01   4.9635018e+01   1.2207405e+02   1.6841962e+02   5.3702444e+01   6.0966933e+01   1.0636430e+02   6.2346584e+01   0.0000000e+00   7.3493150e+01   7.4061199e+01   9.2464278e+00   1.2795587e+02   1.7223526e+02   1.4420282e+02   1.7571772e+02   8.5777472e+00   1.0636430e+02   6.7397309e+01   1.8777787e+02   6.8811785e+01   8.2356582e+01   5.6000000e+01   9.9908249e+01   1.3308676e+02   1.0331294e+02   1.3470600e+02   6.3731717e+01   6.7665840e+01   1.8189460e+02   1.1615574e+02   2.6132011e+01   6.0799254e+01
  5.3341745e+01   1.0562306e+01   1.4236702e+02   9.8448966e+01   7.3877449e+01   4.8335656e+01   1.1976651e+02   1.4331544e+02   5.5429500e+01   7.5018454e+01   4.9336462e+01   6.0836556e+01   1.2593387e+01   9.2331367e+01   9.8689867e+01   1.2240673e+02   8.1485293e+00   1.2841403e+02   8.0338900e+01   6.4174956e+01   1.3073248e+02   1.2675866e+02   1.3948291e+02   5.7420998e+01   7.6705315e+01   9.1938504e+01   5.3533009e+01   8.1277472e+01   1.2350915e+02   7.0294341e+01   7.8759185e+01   1.2500904e+02   7.2998276e+01   6.7330008e+01   6.5069730e+01   7.4988254e+01   8.5405830e+01   1.1946428e+02   2.6213203e+00   9.6171312e+01   7.3647112e+01   1.1846716e+02   1.5574813e+01   6.4580028e+01   4.6830336e+01   7.9446184e+01   7.1951032e+01   8.2177720e+01   1.1615574e+02   1.2047187e+02   1.3739503e+02   1.3850815e+02   5.5817267e+01   1.3342573e+02   8.9304561e+01   1.0607699e+02   6.3802844e+01   1.0582094e+02   9.3801929e+01   9.8827260e+01   5.1764022e+01   5.6000000e+01   1.1473660e+02   5.3511791e+01   1.3760033e+02   6.9646583e+01   5.9083269e+00   6.4930195e+01   1.1584405e+02   7.1761841e+01   5.7912978e+01   9.7107453e+01   4.7600955e+01   7.7469150e+01   1.4541118e+02   5.6864883e+01   7.3493150e+01   0.0000000e+00   1.2725666e+02   7.9446184e+01   8.1277472e+01   1.0112306e+02   7.1651247e+01   1.0525328e+02   7.7993548e+01   1.4035439e+02   1.2114514e+02   1.4527914e+02   1.0101119e+02   1.1106602e+01   6.8000000e+01   1.3791179e+02   8.0395244e+01   1.4000806e+02   6.7397309e+01   8.5789214e+01   8.6681495e+01   1.3863037e+02   5.3000000e+01   5.2892748e+01   2.2133308e+01
  1.5043999e+02   1.3652941e+02   1.7996170e+02   2.2391945e+02   2.0062496e+02   1.2871271e+02   1.8955356e+02   1.8524983e+02   1.5135258e+02   2.0177407e+02   1.3003088e+02   1.2557698e+02   1.3416002e+02   4.1987950e+01   4.2500000e+01   1.4129240e+02   1.3220137e+02   1.7990527e+02   6.4139610e+01   7.4366434e+01   3.9758757e+01   1.3331566e+02   3.8089892e+01   7.7058801e+01   7.1651247e+01   3.9873214e+01   7.5874067e+01   5.7282480e+01   6.5000000e+00   6.7883232e+01   6.8332514e+01   1.5502912e+02   1.9811895e+02   1.9395930e+02   1.6085274e+02   2.0020290e+02   1.4328393e+02   1.3113786e+02   1.2746948e+02   3.6154593e+01   6.7665840e+01   9.9868330e+00   1.3840214e+02   8.2356582e+01   8.2177720e+01   2.0619699e+02   1.3331566e+02   4.6293013e+01   1.7752542e+02   9.5000000e+00   1.6020598e+02   3.2035694e+01   1.4707848e+02   1.8602763e+02   1.5236343e+02   1.3948291e+02   1.8623368e+02   1.5956367e+02   4.2926407e+01   2.2278360e+02   8.0620222e+01   8.4954130e+01   1.4500692e+02   7.7132239e+01   1.6443978e+02   1.3429462e+02   1.3263629e+02   7.4503378e+01   1.2245286e+02   1.2291323e+02   1.5418962e+02   2.2224140e+02   1.2536092e+02   5.8400777e+01   3.8447332e+01   7.9886712e+01   7.4061199e+01   1.2725666e+02   0.0000000e+00   6.5486537e+01   1.4051518e+02   2.2640319e+02   1.9527487e+02   2.3103199e+02   6.5986640e+01   1.6892803e+02   7.2082039e+00   1.8321084e+02   3.6531236e+01   1.3782170e+02   1.2955231e+02   3.4738137e+01   1.5027483e+02   1.6468663e+02   1.9411043e+02   5.1101383e+01   5.3533009e+01   1.7907561e+02   1.4852196e+02   7.8283353e+01   1.0670381e+02
  1.2095850e+02   8.6367631e+01   1.8399728e+02   1.7626262e+02   1.4875738e+02   6.5624880e+01   1.7790631e+02   1.8751938e+02   1.2259115e+02   1.5009445e+02   6.6806108e+01   6.0873835e+01   8.1846481e+01   5.6504464e+01   6.5486537e+01   1.5068738e+02   8.6406926e+01   1.7692704e+02   6.7732804e+01   1.5797059e+01   9.0699778e+01   1.4793558e+02   9.5047607e+01   2.3049945e+01   6.6846584e+00   5.2677581e+01   3.1094117e+01   6.0836556e+01   5.9840121e+01   6.0966933e+01   3.5000000e+00   9.6546864e+01   1.5135258e+02   1.4141221e+02   1.3318855e+02   1.5326452e+02   1.3285747e+02   1.4277087e+02   8.0549984e+01   5.4707933e+01   6.5000000e+00   6.0218088e+01   8.5789214e+01   7.2515623e+01   3.6624784e+01   1.5478869e+02   6.8332514e+01   4.2096274e+01   1.6930832e+02   6.3159796e+01   1.0443387e+02   9.0811959e+01   1.2014322e+02   1.8296438e+02   1.4061156e+02   1.4111650e+02   1.4274714e+02   1.5347059e+02   5.9840121e+01   1.7743007e+02   2.9039446e+01   6.7665840e+01   1.4906817e+02   2.9157460e+01   1.0770541e+02   6.9320418e+01   8.4566938e+01   6.3517855e+01   6.8266142e+01   5.7991304e+01   1.2557698e+02   1.7518400e+02   6.2346584e+01   5.7203175e+01   9.8414504e+01   6.1724995e+01   9.2464278e+00   7.9446184e+01   6.5486537e+01   0.0000000e+00   1.2892313e+02   1.7905671e+02   1.5050000e+02   1.8269289e+02   2.0000000e+00   1.1199552e+02   5.8845951e+01   1.8733281e+02   6.2346584e+01   8.8732647e+01   6.4580028e+01   9.2110589e+01   1.3473952e+02   1.0866654e+02   1.4204946e+02   5.8923026e+01   6.3015998e+01   1.8160908e+02   1.1960605e+02   2.9039446e+01   6.5017440e+01
  3.9528835e+01   8.7046230e+01   6.1706617e+01   1.2306019e+02   1.1827627e+02   1.2771733e+02   5.0564958e+01   6.3159796e+01   3.8119809e+01   1.1845762e+02   1.2890561e+02   1.3864666e+02   9.2441558e+01   9.9545444e+01   9.8735686e+01   4.7096674e+01   7.6305673e+01   4.9703658e+01   7.7058801e+01   1.1655387e+02   1.2006797e+02   5.6161926e+01   1.3006562e+02   1.0920603e+02   1.2999614e+02   1.0250000e+02   9.9112879e+01   8.4500000e+01   1.4012897e+02   7.5874067e+01   1.3010903e+02   2.0202543e+02   1.0236756e+02   1.1615574e+02   3.8948017e+01   1.0418462e+02   4.7426407e+00   4.8920037e+01   7.9217851e+01   1.0554285e+02   1.2340850e+02   1.3130998e+02   9.3753686e+01   6.0966933e+01   9.5202165e+01   1.2059371e+02   1.5050750e+02   1.0171388e+02   4.0888736e+01   1.3155056e+02   2.1375865e+02   1.3284897e+02   3.3500000e+01   5.5429500e+01   1.2593387e+01   2.9039446e+01   8.6733694e+01   2.6044080e+01   9.8184441e+01   1.1658294e+02   1.0394564e+02   6.2727406e+01   3.6624784e+01   1.0180276e+02   2.1475335e+02   1.4857515e+02   8.1680355e+01   7.0294341e+01   1.8621551e+02   1.4793558e+02   3.8476967e+01   1.2027479e+02   1.2630342e+02   8.4620449e+01   1.3673601e+02   6.8910526e+01   1.2795587e+02   8.1277472e+01   1.4051518e+02   1.2892313e+02   0.0000000e+00   1.2419317e+02   9.5486841e+01   1.3030851e+02   1.2754035e+02   2.1795862e+02   1.3713180e+02   6.4702804e+01   1.0453125e+02   8.4419604e+01   1.4612366e+02   1.3047307e+02   1.2215375e+01   2.1688507e+02   1.1474644e+02   9.0512499e+01   8.7616302e+01   5.8128118e+01   3.8000000e+01   1.0250000e+02   7.4776510e+01
  8.8745396e+01   9.3269877e+01   1.6443978e+02   3.5000000e+00   3.5130189e+01   1.2722115e+02   1.2200926e+02   1.6111211e+02   8.9253873e+01   3.3636083e+01   1.2707014e+02   1.4039460e+02   9.7768957e+01   1.8837762e+02   1.9297402e+02   1.6890799e+02   9.5202165e+01   1.4478098e+02   1.7134862e+02   1.6400688e+02   2.2327904e+02   1.7940291e+02   2.3290321e+02   1.5767824e+02   1.7556356e+02   1.8890382e+02   1.5413105e+02   1.7491330e+02   2.2311233e+02   1.6319988e+02   1.7799507e+02   1.9312009e+02   2.8801943e+01   4.2526777e+01   8.5789214e+01   2.6739284e+01   1.2585549e+02   1.7237932e+02   1.0047250e+02   1.9310841e+02   1.7347543e+02   2.1727465e+02   9.3946509e+01   1.5217811e+02   1.4742345e+02   2.9353076e+01   1.4600000e+02   1.8065618e+02   1.2992662e+02   2.1899085e+02   2.0567127e+02   2.3319347e+02   9.4654129e+01   1.4603092e+02   1.2148037e+02   1.5135258e+02   4.1879343e+01   1.3407582e+02   1.8910077e+02   9.6241438e+00   1.5220036e+02   1.4600000e+02   1.5710460e+02   1.5412373e+02   2.0349384e+02   1.4300000e+02   9.5758858e+01   1.5670899e+02   1.9855113e+02   1.5226709e+02   8.7771129e+01   4.7426407e+00   1.2906321e+02   1.7200583e+02   2.3933938e+02   1.4953691e+02   1.7223526e+02   1.0112306e+02   2.2640319e+02   1.7905671e+02   1.2419317e+02   0.0000000e+00   3.2319805e+01   6.6846584e+00   1.7765883e+02   2.0437312e+02   2.2059146e+02   1.6574527e+02   1.9659309e+02   9.1122845e+01   1.4457030e+02   2.3196706e+02   1.1391627e+02   2.0644295e+02   4.1000000e+01   1.8045624e+02   1.8013087e+02   1.5995219e+02   9.0811959e+01   1.5347059e+02   1.2038745e+02
  5.8225644e+01   6.4930195e+01   1.4189042e+02   3.0274150e+01   2.8682441e+01   1.0439057e+02   1.0236756e+02   1.3948291e+02   5.9000000e+01   2.8077164e+01   1.0453125e+02   1.1811377e+02   7.0294341e+01   1.5680259e+02   1.6125214e+02   1.4141221e+02   6.5121978e+01   1.2274770e+02   1.3954765e+02   1.3526646e+02   1.9146597e+02   1.5113615e+02   2.0110222e+02   1.2857225e+02   1.4747704e+02   1.5743470e+02   1.2419317e+02   1.4319723e+02   1.9215399e+02   1.3148187e+02   1.4968780e+02   1.7607050e+02   8.1485293e+00   3.1423292e+01   5.7282480e+01   9.5000000e+00   9.7641649e+01   1.4390502e+02   7.0728199e+01   1.6162262e+02   1.4474978e+02   1.8607007e+02   6.6924769e+01   1.2035929e+02   1.1750000e+02   2.8158633e+01   1.2554099e+02   1.4948406e+02   1.0767392e+02   1.8771178e+02   1.8886202e+02   2.0143842e+02   6.4316142e+01   1.2503614e+02   9.4474731e+01   1.2350000e+02   1.0104686e+01   1.0866654e+02   1.5745620e+02   2.8036340e+01   1.2289485e+02   1.1423324e+02   1.2997007e+02   1.2445665e+02   1.8739302e+02   1.2259115e+02   6.6448844e+01   1.2496385e+02   1.7692066e+02   1.3020447e+02   5.7912978e+01   2.8077164e+01   1.0567129e+02   1.4035439e+02   2.0754891e+02   1.1786482e+02   1.4420282e+02   7.1651247e+01   1.9527487e+02   1.5050000e+02   9.5486841e+01   3.2319805e+01   0.0000000e+00   3.7759227e+01   1.4906059e+02   1.8888591e+02   1.8957737e+02   1.4363805e+02   1.6495364e+02   6.2346584e+01   1.2332610e+02   2.0018600e+02   8.6105198e+01   1.9023666e+02   2.9314059e+01   1.4878773e+02   1.4839270e+02   1.3740325e+02   6.0218088e+01   1.2392001e+02   8.9721634e+01
  9.4654129e+01   9.7107453e+01   1.7053676e+02   8.0000000e+00   3.6624784e+01   1.2948256e+02   1.2800000e+02   1.6716883e+02   9.5202165e+01   3.5130189e+01   1.2926432e+02   1.4246214e+02   1.0134642e+02   1.9332440e+02   1.9806771e+02   1.7508093e+02   9.9556802e+01   1.5086705e+02   1.7658237e+02   1.6772814e+02   2.2854440e+02   1.8555405e+02   2.3812576e+02   1.6153183e+02   1.7905671e+02   1.9376730e+02   1.5828546e+02   1.8000557e+02   2.2764973e+02   1.6829899e+02   1.8155317e+02   1.9381386e+02   3.3534073e+01   4.4232139e+01   9.1889277e+01   3.1423292e+01   1.3199620e+02   1.7852036e+02   1.0469333e+02   1.9798228e+02   1.7717555e+02   2.2195203e+02   9.7432967e+01   1.5749204e+02   1.5158359e+02   3.0537477e+01   1.4762240e+02   1.8533506e+02   1.3603228e+02   2.2371290e+02   2.0627901e+02   2.3832452e+02   1.0059620e+02   1.5206682e+02   1.2765542e+02   1.5751353e+02   4.7361498e+01   1.4025783e+02   1.9411043e+02   1.5500000e+01   1.5613178e+02   1.5117349e+02   1.6328283e+02   1.5817847e+02   2.0395331e+02   1.4462495e+02   9.9862971e+01   1.6184590e+02   2.0027612e+02   1.5423354e+02   9.3765749e+01   1.0562306e+01   1.3144751e+02   1.7702903e+02   2.4453483e+02   1.5459169e+02   1.7571772e+02   1.0525328e+02   2.3103199e+02   1.8269289e+02   1.3030851e+02   6.6846584e+00   3.7759227e+01   0.0000000e+00   1.8131067e+02   2.0469843e+02   2.2515974e+02   1.7182207e+02   2.0159513e+02   9.5095190e+01   1.4637837e+02   2.3714372e+02   1.2006797e+02   2.0691766e+02   4.2926407e+01   1.8549324e+02   1.8524983e+02   1.6605135e+02   9.6710706e+01   1.5748487e+02   1.2489152e+02
  1.1946428e+02   8.4954130e+01   1.8273611e+02   1.7486815e+02   1.4742345e+02   6.4702804e+01   1.7648651e+02   1.8623368e+02   1.2109851e+02   1.4875738e+02   6.5900688e+01   6.0218088e+01   8.0465618e+01   5.6000000e+01   6.5017440e+01   1.4953691e+02   8.4940808e+01   1.7558926e+02   6.6806108e+01   1.4329317e+01   9.0612430e+01   1.4687110e+02   9.5107082e+01   2.1553503e+01   6.5000000e+00   5.2222819e+01   2.9624732e+01   5.9991596e+01   6.0387394e+01   5.9896970e+01   3.8541020e+00   9.6932619e+01   1.4993644e+02   1.4008868e+02   1.3169642e+02   1.5185141e+02   1.3148187e+02   1.4166745e+02   7.9089121e+01   5.4353969e+01   5.0000000e+00   6.0537488e+01   8.4419604e+01   7.1302542e+01   3.5130189e+01   1.5344852e+02   6.7883232e+01   4.1469501e+01   1.6792312e+02   6.3464276e+01   1.0496291e+02   9.0948881e+01   1.1865773e+02   1.8162151e+02   1.3921554e+02   1.3987091e+02   1.4129240e+02   1.5211877e+02   5.9326015e+01   1.7600641e+02   2.7541635e+01   6.6363495e+01   1.4784399e+02   2.7666155e+01   1.0817660e+02   6.8811785e+01   8.3122636e+01   6.2346584e+01   6.8976273e+01   5.7618298e+01   1.2408398e+02   1.7378084e+02   6.1411822e+01   5.6303226e+01   9.8563755e+01   6.0443724e+01   8.5777472e+00   7.7993548e+01   6.5986640e+01   2.0000000e+00   1.2754035e+02   1.7765883e+02   1.4906059e+02   1.8131067e+02   0.0000000e+00   1.1244865e+02   5.9326015e+01   1.8607007e+02   6.2000000e+01   8.7305818e+01   6.4068860e+01   9.2196510e+01   1.3331566e+02   1.0917497e+02   1.4071590e+02   5.8206152e+01   6.2273781e+01   1.8033117e+02   1.1811377e+02   2.7541635e+01   6.3517855e+01
  1.9310841e+02   1.3863037e+02   2.7868429e+02   2.0143842e+02   1.7004645e+02   9.2600489e+01   2.5960085e+02   2.8058659e+02   1.9521132e+02   1.7150658e+02   9.1704441e+01   8.0226094e+01   1.3198764e+02   1.6794327e+02   1.7696529e+02   2.5161452e+02   1.4720123e+02   2.6674472e+02   1.7630102e+02   1.1458878e+02   2.0083285e+02   2.5178470e+02   2.0372647e+02   1.1926553e+02   1.0675676e+02   1.6416505e+02   1.2943894e+02   1.7047720e+02   1.6294384e+02   1.6754640e+02   1.0913356e+02   1.6724981e+01   1.8502439e+02   1.6312380e+02   2.0452206e+02   1.8599730e+02   2.2220081e+02   2.4555153e+02   1.4246214e+02   1.6616004e+02   1.1391627e+02   1.6683100e+02   1.3280646e+02   1.7492620e+02   1.2992662e+02   1.7556356e+02   6.8910526e+01   1.5326452e+02   2.5537644e+02   1.6980741e+02   9.9868330e+00   1.9864767e+02   1.9564418e+02   2.7210357e+02   2.2752092e+02   2.3828194e+02   1.8603975e+02   2.4339350e+02   1.7126299e+02   2.0786924e+02   1.2218504e+02   1.6733075e+02   2.4694320e+02   1.2608861e+02   5.0000000e+00   7.1302542e+01   1.4210508e+02   1.6776177e+02   4.7024187e+01   7.0535705e+01   1.9760023e+02   2.0208683e+02   9.3269877e+01   1.6635687e+02   2.0590691e+02   1.6283992e+02   1.0636430e+02   1.4035439e+02   1.6892803e+02   1.1199552e+02   2.1795862e+02   2.0437312e+02   1.8888591e+02   2.0469843e+02   1.1244865e+02   0.0000000e+00   1.6319296e+02   2.8181699e+02   1.7378084e+02   1.4195406e+02   7.2905110e+01   2.0054062e+02   2.1916070e+02   5.9083269e+00   1.6495364e+02   1.6958134e+02   1.7347543e+02   2.7537679e+02   1.9283954e+02   1.2478294e+02   1.4378730e+02
  1.4565164e+02   1.3033451e+02   1.7840025e+02   2.1808274e+02   1.9448196e+02   1.2200926e+02   1.8650605e+02   1.8353688e+02   1.4662495e+02   1.9564418e+02   1.2332610e+02   1.1888602e+02   1.2784991e+02   3.8119809e+01   3.9958839e+01   1.4000806e+02   1.2622291e+02   1.7763342e+02   6.0574953e+01   6.7665840e+01   4.2526777e+01   1.3253409e+02   4.2285165e+01   7.0423172e+01   6.5017440e+01   3.5517853e+01   6.9451070e+01   5.3341745e+01   3.5000000e+00   6.3464276e+01   6.1706617e+01   1.4912116e+02   1.9229481e+02   1.8776585e+02   1.5626906e+02   1.9437174e+02   1.4003225e+02   1.2999614e+02   1.2140596e+02   3.2142535e+01   6.0966933e+01   7.2082039e+00   1.3209027e+02   7.8182044e+01   7.5814341e+01   2.0009021e+02   1.2667845e+02   4.0749224e+01   1.7473260e+02   8.9852814e+00   1.5455518e+02   3.6562446e+01   1.4246214e+02   1.8378257e+02   1.4906817e+02   1.3736216e+02   1.8059997e+02   1.5685297e+02   3.9500000e+01   2.1710332e+02   7.4061199e+01   8.0240203e+01   1.4318935e+02   7.0632018e+01   1.5871267e+02   1.2763772e+02   1.2653571e+02   6.9987409e+01   1.1678628e+02   1.1630155e+02   1.4949161e+02   2.1644270e+02   1.1865773e+02   5.4039705e+01   4.3453463e+01   7.4973150e+01   6.7397309e+01   1.2114514e+02   7.2082039e+00   5.8845951e+01   1.3713180e+02   2.2059146e+02   1.8957737e+02   2.2515974e+02   5.9326015e+01   1.6319296e+02   0.0000000e+00   1.8167740e+02   3.3805405e+01   1.3168784e+02   1.2289485e+02   3.8948017e+01   1.4662495e+02   1.5902523e+02   1.8794599e+02   4.7217235e+01   5.0022722e+01   1.7735375e+02   1.4376374e+02   7.1761841e+01   1.0077587e+02
  9.8000000e+01   1.5047750e+02   3.8541020e+00   1.6560905e+02   1.7042425e+02   1.9191904e+02   4.5249302e+01   5.9083269e+00   9.6041876e+01   1.7020563e+02   1.9310841e+02   2.0273872e+02   1.5616069e+02   1.4660955e+02   1.4246214e+02   4.2740384e+01   1.3994354e+02   2.1500000e+01   1.2557698e+02   1.7662070e+02   1.5236343e+02   5.3085644e+01   1.6111211e+02   1.6970106e+02   1.8938687e+02   1.5043999e+02   1.5920255e+02   1.3365405e+02   1.8458490e+02   1.2863372e+02   1.8896352e+02   2.6580077e+02   1.5124813e+02   1.7023877e+02   9.1160079e+01   1.5260030e+02   6.0500000e+01   5.3192504e+01   1.4319723e+02   1.5228933e+02   1.8230347e+02   1.7512603e+02   1.5716924e+02   1.1549239e+02   1.5628350e+02   1.7111799e+02   2.1464306e+02   1.5356616e+02   3.6531236e+01   1.7442886e+02   2.7735059e+02   1.6583375e+02   9.3112094e+01   2.0902206e+01   5.6884838e+01   4.6830336e+01   1.3690106e+02   4.0129534e+01   1.4422630e+02   1.5685297e+02   1.6495364e+02   1.2032174e+02   3.9500000e+01   1.6220111e+02   2.7852248e+02   2.1274337e+02   1.4534906e+02   1.2478294e+02   2.4845413e+02   2.1178713e+02   9.4952369e+01   1.6261107e+02   1.9048553e+02   1.3544165e+02   1.6702702e+02   1.2614235e+02   1.8777787e+02   1.4527914e+02   1.8321084e+02   1.8733281e+02   6.4702804e+01   1.6574527e+02   1.4363805e+02   1.7182207e+02   1.8607007e+02   2.8181699e+02   1.8167740e+02   0.0000000e+00   1.4864351e+02   1.4766827e+02   2.1022661e+02   1.6274981e+02   6.6243821e+01   2.8058659e+02   1.6847991e+02   1.3867109e+02   1.3480655e+02   7.2082039e+00   9.7212202e+01   1.6310996e+02   1.3853260e+02
  1.1658294e+02   1.1090041e+02   1.4534906e+02   1.9428467e+02   1.7354696e+02   1.1439140e+02   1.5352941e+02   1.5038746e+02   1.1731716e+02   1.7456464e+02   1.1585380e+02   1.1512984e+02   1.0991778e+02   9.2464278e+00   6.6846584e+00   1.0725322e+02   1.0463933e+02   1.4432802e+02   2.8522313e+01   6.3500000e+01   3.1820920e+01   1.0046124e+02   3.9413365e+01   6.2455629e+01   6.7866535e+01   1.1106602e+01   5.6544625e+01   2.2647235e+01   3.6780160e+01   3.4208308e+01   6.5261099e+01   1.5839237e+02   1.6856695e+02   1.6743187e+02   1.2640175e+02   1.7068226e+02   1.0726376e+02   9.7432967e+01   1.0076465e+02   8.1485293e+00   6.1171245e+01   2.7541635e+01   1.1407487e+02   4.7577064e+01   6.1245370e+01   1.7874141e+02   1.2514449e+02   2.3199119e+01   1.4157179e+02   2.7541635e+01   1.6605135e+02   3.8000000e+01   1.1276976e+02   1.5047750e+02   1.1635012e+02   1.0407606e+02   1.5561044e+02   1.2364625e+02   8.0000000e+00   1.9220094e+02   6.3464276e+01   5.1698144e+01   1.1001027e+02   5.9076873e+01   1.6946153e+02   1.2532488e+02   1.0615155e+02   4.0888736e+01   1.2919441e+02   1.1600000e+02   1.2005856e+02   1.9237105e+02   1.1113453e+02   2.5101829e+01   4.5022466e+01   4.7600955e+01   6.8811785e+01   1.0101119e+02   3.6531236e+01   6.2346584e+01   1.0453125e+02   1.9659309e+02   1.6495364e+02   2.0159513e+02   6.2000000e+01   1.7378084e+02   3.3805405e+01   1.4864351e+02   0.0000000e+00   1.1154053e+02   1.2073415e+02   3.7547267e+01   1.1443090e+02   1.7033816e+02   1.6729703e+02   1.6724981e+01   1.8057050e+01   1.4420282e+02   1.1458878e+02   6.0537488e+01   7.9446184e+01
  5.2483170e+01   3.8541020e+00   1.4488231e+02   8.8400512e+01   6.3303264e+01   5.0181485e+01   1.1929394e+02   1.4534906e+02   5.4604066e+01   6.4457017e+01   5.0923209e+01   6.3571388e+01   1.0562306e+01   1.0287431e+02   1.0913356e+02   1.2746948e+02   9.5000000e+00   1.2990054e+02   9.0412457e+01   7.3554774e+01   1.4111650e+02   1.3267886e+02   1.4993644e+02   6.7077023e+01   8.5630782e+01   1.0252206e+02   6.3785069e+01   9.1618055e+01   1.3403370e+02   8.0507812e+01   8.7861319e+01   1.2707014e+02   6.3177747e+01   5.6724994e+01   6.3303264e+01   6.5121978e+01   8.8400512e+01   1.2527981e+02   1.1316654e+01   1.0675676e+02   8.3040899e+01   1.2905446e+02   1.0104686e+01   7.4061199e+01   5.7103887e+01   6.8910526e+01   7.3816096e+01   9.2783530e+01   1.1693131e+02   1.3106895e+02   1.3967705e+02   1.4903030e+02   5.6020267e+01   1.3460537e+02   9.1308865e+01   1.1056362e+02   5.5018346e+01   1.0804069e+02   1.0430390e+02   8.9203157e+01   6.1577819e+01   6.5693941e+01   1.1908541e+02   6.3589223e+01   1.3947482e+02   7.1254858e+01   5.9083269e+00   7.4973150e+01   1.2062181e+02   7.5154203e+01   5.6724994e+01   8.7163141e+01   5.0158836e+01   8.7874195e+01   1.5590029e+02   6.6941704e+01   8.2356582e+01   1.1106602e+01   1.3782170e+02   8.8732647e+01   8.4419604e+01   9.1122845e+01   6.2346584e+01   9.5095190e+01   8.7305818e+01   1.4195406e+02   1.3168784e+02   1.4766827e+02   1.1154053e+02   0.0000000e+00   7.0294341e+01   1.4840030e+02   8.2067457e+01   1.4200972e+02   5.6804973e+01   9.6230089e+01   9.7025903e+01   1.4097242e+02   5.2569665e+01   6.2889903e+01   3.2601402e+01
  1.2081833e+02   6.6941704e+01   2.0715188e+02   1.4157179e+02   1.1025655e+02   2.0624612e+01   1.8720632e+02   2.0877866e+02   1.2291323e+02   1.1175309e+02   2.0000000e+01   8.0000000e+00   6.0236923e+01   1.1303999e+02   1.2200926e+02   1.8211773e+02   7.4973150e+01   1.9462689e+02   1.1467749e+02   5.7991304e+01   1.5140477e+02   1.8363520e+02   1.5709023e+02   5.9000000e+01   5.8439624e+01   1.1016426e+02   6.6924769e+01   1.1065557e+02   1.2392001e+02   1.0463933e+02   6.1780095e+01   5.7519733e+01   1.2095850e+02   1.0267632e+02   1.3238063e+02   1.2233288e+02   1.5035743e+02   1.7697167e+02   7.0100647e+01   1.1335943e+02   6.2727406e+01   1.2392001e+02   6.1577819e+01   1.0866654e+02   6.4930195e+01   1.1635012e+02   5.2434165e+00   9.8103791e+01   1.8304452e+02   1.2680321e+02   6.9987409e+01   1.5347059e+02   1.2325280e+02   1.9990411e+02   1.5537091e+02   1.6775504e+02   1.1878144e+02   1.7142762e+02   1.1600974e+02   1.4606957e+02   5.9306887e+01   1.0022462e+02   1.7648651e+02   6.3785069e+01   7.0100647e+01   5.2434165e+00   6.9987409e+01   1.0311579e+02   5.4500000e+01   9.2464278e+00   1.2535191e+02   1.4150798e+02   2.0902206e+01   1.0618349e+02   1.6111911e+02   9.6792523e+01   5.6000000e+01   6.8000000e+01   1.2955231e+02   6.4580028e+01   1.4612366e+02   1.4457030e+02   1.2332610e+02   1.4637837e+02   6.4068860e+01   7.2905110e+01   1.2289485e+02   2.1022661e+02   1.2073415e+02   7.0294341e+01   0.0000000e+00   1.5438713e+02   1.4688647e+02   7.2515623e+01   1.0409778e+02   1.1166204e+02   1.1485471e+02   2.0370987e+02   1.2050000e+02   6.2291990e+01   7.2515623e+01
  1.4903030e+02   1.4784399e+02   1.5967679e+02   2.2975968e+02   2.1005489e+02   1.4993644e+02   1.7641617e+02   1.6556135e+02   1.4948406e+02   2.1103503e+02   1.5136749e+02   1.4937075e+02   1.4695562e+02   4.6293013e+01   3.9873214e+01   1.2058435e+02   1.4129240e+02   1.6294384e+02   6.1189785e+01   9.6990932e+01   1.1106602e+01   1.1065557e+02   3.8541020e+00   9.7340074e+01   9.8184441e+01   4.7457428e+01   9.2698156e+01   5.7814920e+01   4.0101136e+01   6.9451070e+01   9.5107082e+01   1.8602763e+02   2.0419094e+02   2.0408598e+02   1.5771403e+02   2.0631181e+02   1.3239769e+02   1.1009243e+02   1.3760033e+02   4.3453463e+01   9.2600489e+01   3.4341543e+01   1.5110627e+02   8.0620222e+01   9.7826769e+01   2.1513108e+02   1.5857040e+02   5.9000000e+01   1.6325518e+02   3.1423292e+01   1.9210702e+02   3.8541020e+00   1.4456249e+02   1.6882781e+02   1.4144414e+02   1.2274770e+02   1.9071632e+02   1.4526360e+02   4.4616324e+01   2.2713903e+02   9.9181305e+01   8.6472379e+01   1.2664278e+02   9.4952369e+01   1.9608758e+02   1.5908200e+02   1.4300000e+02   7.5814341e+01   1.5438713e+02   1.4878773e+02   1.5202970e+02   2.2772896e+02   1.4662495e+02   6.1189785e+01   8.0000000e+00   8.3258685e+01   9.9908249e+01   1.3791179e+02   3.4738137e+01   9.2110589e+01   1.3047307e+02   2.3196706e+02   2.0018600e+02   2.3714372e+02   9.2196510e+01   2.0054062e+02   3.8948017e+01   1.6274981e+02   3.7547267e+01   1.4840030e+02   1.5438713e+02   0.0000000e+00   1.4147606e+02   1.9654719e+02   2.0388695e+02   5.2742224e+01   5.2483170e+01   1.5952830e+02   1.4695562e+02   9.6359272e+01   1.1630155e+02
  3.2880550e+01   8.4954130e+01   6.3571388e+01   1.1291997e+02   1.1009243e+02   1.2784991e+02   4.3688540e+01   6.3785069e+01   3.1094117e+01   1.1016426e+02   1.2894941e+02   1.3948291e+02   9.0824415e+01   1.0900922e+02   1.0877049e+02   5.5817267e+01   7.4609716e+01   4.8523432e+01   8.6642324e+01   1.2166621e+02   1.3113786e+02   6.5986640e+01   1.4116449e+02   1.1415408e+02   1.3533323e+02   1.1175309e+02   1.0443387e+02   9.3801929e+01   1.4961237e+02   8.4500000e+01   1.3570817e+02   2.0342178e+02   9.3221357e+01   1.0854166e+02   2.9353076e+01   9.4952369e+01   1.2593387e+01   5.9000000e+01   7.8283353e+01   1.1498253e+02   1.2905446e+02   1.4097242e+02   9.1618055e+01   6.9500000e+01   9.9964818e+01   1.1199552e+02   1.5111374e+02   1.1009243e+02   3.6811155e+01   1.4135631e+02   2.1542441e+02   1.4377945e+02   2.7541635e+01   5.3575418e+01   9.9868330e+00   3.8000000e+01   7.7717226e+01   2.6696374e+01   1.0785222e+02   1.0607699e+02   1.0863533e+02   7.0084481e+01   4.4411844e+01   1.0690489e+02   2.1612989e+02   1.4900758e+02   8.0014150e+01   7.8557671e+01   1.8940474e+02   1.4937075e+02   3.0649627e+01   1.1008216e+02   1.2672302e+02   9.3548375e+01   1.4785162e+02   7.6231433e+01   1.3308676e+02   8.0395244e+01   1.5027483e+02   1.3473952e+02   1.2215375e+01   1.1391627e+02   8.6105198e+01   1.2006797e+02   1.3331566e+02   2.1916070e+02   1.4662495e+02   6.6243821e+01   1.1443090e+02   8.2067457e+01   1.4688647e+02   1.4147606e+02   0.0000000e+00   2.1837210e+02   1.0701056e+02   9.9908249e+01   9.7247093e+01   5.9536006e+01   3.1820920e+01   1.0746378e+02   7.7058801e+01
  1.9283369e+02   1.3867109e+02   2.7743185e+02   2.0349384e+02   1.7200583e+02   9.2441558e+01   2.5914454e+02   2.7945564e+02   1.9492801e+02   1.7347543e+02   9.1618055e+01   7.9702273e+01   1.3199620e+02   1.6466607e+02   1.7365095e+02   2.4981155e+02   1.4697867e+02   2.6580077e+02   1.7357296e+02   1.1186427e+02   1.9704007e+02   2.4972129e+02   1.9975173e+02   1.1678628e+02   1.0356430e+02   1.6083870e+02   1.2707014e+02   1.6760027e+02   1.5871267e+02   1.6498784e+02   1.0584230e+02   1.5500000e+01   1.8656047e+02   1.6498784e+02   2.0437312e+02   1.8758554e+02   2.2112751e+02   2.4357406e+02   1.4210508e+02   1.6273594e+02   1.1080866e+02   1.6278447e+02   1.3298490e+02   1.7273893e+02   1.2781457e+02   1.7760167e+02   6.8729392e+01   1.5008693e+02   2.5463825e+02   1.6575208e+02   5.0000000e+00   1.9460371e+02   1.9521132e+02   2.7121987e+02   2.2662220e+02   2.3673929e+02   1.8713400e+02   2.4236773e+02   1.6799701e+02   2.0973253e+02   1.1991734e+02   1.6528850e+02   2.4537242e+02   1.2372845e+02   3.5000000e+00   7.1254858e+01   1.4195406e+02   1.6539770e+02   4.2740384e+01   6.9516302e+01   1.9736607e+02   2.0406940e+02   9.2917531e+01   1.6353144e+02   2.0181878e+02   1.6067022e+02   1.0331294e+02   1.4000806e+02   1.6468663e+02   1.0866654e+02   2.1688507e+02   2.0644295e+02   1.9023666e+02   2.0691766e+02   1.0917497e+02   5.9083269e+00   1.5902523e+02   2.8058659e+02   1.7033816e+02   1.4200972e+02   7.2515623e+01   1.9654719e+02   2.1837210e+02   0.0000000e+00   1.6678364e+02   1.6653990e+02   1.7047720e+02   2.7418321e+02   1.9250586e+02   1.2245286e+02   1.4262846e+02
  7.5739617e+01   5.8128118e+01   1.6646536e+02   3.8000000e+01   7.2082039e+00   8.7059228e+01   1.2905446e+02   1.6466607e+02   7.7132239e+01   8.5777472e+00   8.6837999e+01   1.0005526e+02   6.1245370e+01   1.5871267e+02   1.6451524e+02   1.6134309e+02   6.3159796e+01   1.4790505e+02   1.4453125e+02   1.2739858e+02   1.9612784e+02   1.6980741e+02   2.0524863e+02   1.2166621e+02   1.3805908e+02   1.5857040e+02   1.1960605e+02   1.4667883e+02   1.9026038e+02   1.3521637e+02   1.4070788e+02   1.5318350e+02   2.2799103e+01   2.6213203e+00   7.8730429e+01   2.3000000e+01   1.1758651e+02   1.6236800e+02   6.7330008e+01   1.6281220e+02   1.3673601e+02   1.8535941e+02   5.7103887e+01   1.2658925e+02   1.1300000e+02   1.3316006e+01   1.0550000e+02   1.4905302e+02   1.3294244e+02   1.8736894e+02   1.6582695e+02   2.0468741e+02   8.1846481e+01   1.5075478e+02   1.1608763e+02   1.4328393e+02   3.2810989e+01   1.3155056e+02   1.5995219e+02   4.3453463e+01   1.1658294e+02   1.1908541e+02   1.5056748e+02   1.1908541e+02   1.6386233e+02   1.0250000e+02   6.2054854e+01   1.2920315e+02   1.5806427e+02   1.1186427e+02   7.7014704e+01   3.8119809e+01   8.9050833e+01   1.4319723e+02   2.1137674e+02   1.2140596e+02   1.3470600e+02   6.7397309e+01   1.9411043e+02   1.4204946e+02   1.1474644e+02   4.1000000e+01   2.9314059e+01   4.2926407e+01   1.4071590e+02   1.6495364e+02   1.8794599e+02   1.6847991e+02   1.6729703e+02   5.6804973e+01   1.0409778e+02   2.0388695e+02   1.0701056e+02   1.6678364e+02   0.0000000e+00   1.5165059e+02   1.5206682e+02   1.6203405e+02   7.7366768e+01   1.1823806e+02   8.8541184e+01
  1.0056248e+02   9.5770667e+01   1.3533323e+02   1.7816612e+02   1.5783563e+02   1.0320346e+02   1.4012897e+02   1.3995967e+02   1.0134642e+02   1.5882640e+02   1.0469333e+02   1.0551071e+02   9.5202165e+01   9.6241438e+00   1.3403488e+01   9.8448966e+01   8.9050833e+01   1.3261075e+02   1.4083078e+01   5.6161926e+01   4.5524993e+01   9.3282003e+01   5.4207541e+01   5.3341745e+01   6.3571388e+01   1.2593387e+01   4.5524993e+01   6.6846584e+00   5.0204125e+01   1.7992856e+01   6.1559397e+01   1.5377182e+02   1.5247450e+02   1.5184398e+02   1.1058406e+02   1.5459169e+02   9.3512096e+01   8.9253873e+01   8.5419079e+01   1.5574813e+01   5.6242713e+01   4.1688591e+01   9.9295243e+01   3.1820920e+01   4.9082404e+01   1.6295076e+02   1.1624325e+02   1.7602631e+01   1.2871271e+02   4.2338977e+01   1.6240275e+02   5.3575418e+01   9.6885943e+01   1.3879317e+02   1.0250000e+02   9.3027023e+01   1.3942624e+02   1.1102262e+02   9.2464278e+00   1.7600641e+02   5.3000000e+01   3.5485711e+01   9.9692994e+01   4.8500000e+01   1.6539770e+02   1.1608763e+02   9.0824415e+01   2.4686773e+01   1.2667845e+02   1.0785222e+02   1.0411950e+02   1.7623062e+02   1.0005526e+02   8.9852814e+00   6.0236923e+01   3.1423292e+01   6.3731717e+01   8.5789214e+01   5.1101383e+01   5.8923026e+01   9.0512499e+01   1.8045624e+02   1.4878773e+02   1.8549324e+02   5.8206152e+01   1.6958134e+02   4.7217235e+01   1.3867109e+02   1.6724981e+01   9.6230089e+01   1.1166204e+02   5.2742224e+01   9.9908249e+01   1.6653990e+02   1.5165059e+02   0.0000000e+00   4.7426407e+00   1.3379760e+02   9.8586696e+01   5.0000000e+01   6.4157286e+01
  9.9112879e+01   9.6710706e+01   1.3147328e+02   1.7788729e+02   1.5817847e+02   1.0588501e+02   1.3703296e+02   1.3616503e+02   9.9817672e+01   1.5913874e+02   1.0737961e+02   1.0859371e+02   9.6429662e+01   1.2593387e+01   1.3403488e+01   9.4414855e+01   8.9608080e+01   1.2905446e+02   1.1106602e+01   5.9840121e+01   4.4616324e+01   8.9114333e+01   5.3702444e+01   5.6724994e+01   6.7582039e+01   1.6160460e+01   4.8523432e+01   5.9083269e+00   5.3021424e+01   1.7470563e+01   6.5624880e+01   1.5762813e+02   1.5226709e+02   1.5231897e+02   1.0885359e+02   1.5438713e+02   9.0512499e+01   8.5153706e+01   8.6210268e+01   1.8562392e+01   6.0218088e+01   4.4232139e+01   1.0047250e+02   3.0046573e+01   5.1698144e+01   1.6319988e+02   1.1946428e+02   2.1819006e+01   1.2544199e+02   4.4641817e+01   1.6635687e+02   5.3575418e+01   9.5237796e+01   1.3523307e+02   9.9545444e+01   8.9304561e+01   1.3897202e+02   1.0767392e+02   1.1106602e+01   1.7549286e+02   5.6081022e+01   3.4705263e+01   9.5853290e+01   5.1588159e+01   1.6930832e+02   1.1923710e+02   9.1618055e+01   2.3930749e+01   1.3074976e+02   1.1123617e+02   1.0254411e+02   1.7589741e+02   1.0277536e+02   9.9868330e+00   5.9934838e+01   3.1277427e+01   6.7665840e+01   8.6681495e+01   5.3533009e+01   6.3015998e+01   8.7616302e+01   1.8013087e+02   1.4839270e+02   1.8524983e+02   6.2273781e+01   1.7347543e+02   5.0022722e+01   1.3480655e+02   1.8057050e+01   9.7025903e+01   1.1485471e+02   5.2483170e+01   9.7247093e+01   1.7047720e+02   1.5206682e+02   4.7426407e+00   0.0000000e+00   1.2999614e+02   9.7107453e+01   5.3085644e+01   6.5069730e+01
  9.1308865e+01   1.4378730e+02   5.0000000e+00   1.5975451e+02   1.6405504e+02   1.8534115e+02   4.0355991e+01   6.6846584e+00   8.9355219e+01   1.6385544e+02   1.8652419e+02   1.9622557e+02   1.4948406e+02   1.4188246e+02   1.3801818e+02   3.9528835e+01   1.3326483e+02   1.5797059e+01   1.2058435e+02   1.7069548e+02   1.4906817e+02   5.0811529e+01   1.5800000e+02   1.6371765e+02   1.8355532e+02   1.4565164e+02   1.5324980e+02   1.2866006e+02   1.8028112e+02   1.2328945e+02   1.8319236e+02   2.5937932e+02   1.4499913e+02   1.6377967e+02   8.4566938e+01   1.4637837e+02   5.3913481e+01   5.0022722e+01   1.3654595e+02   1.4762240e+02   1.7651846e+02   1.7084744e+02   1.5047750e+02   1.0991778e+02   1.5021473e+02   1.6483046e+02   2.0811322e+02   1.4842312e+02   3.0537477e+01   1.7023877e+02   2.7097042e+02   1.6256249e+02   8.6406926e+01   1.6724981e+01   5.0181485e+01   4.1469501e+01   1.3055095e+02   3.3431748e+01   1.3958001e+02   1.5110627e+02   1.5890455e+02   1.1450987e+02   3.4705263e+01   1.5621850e+02   2.7210357e+02   2.0619699e+02   1.3867109e+02   1.1926553e+02   2.4229795e+02   2.0534201e+02   8.8285249e+01   1.5675940e+02   1.8392982e+02   1.3030851e+02   1.6402752e+02   1.2038745e+02   1.8189460e+02   1.3863037e+02   1.7907561e+02   1.8160908e+02   5.8128118e+01   1.5995219e+02   1.3740325e+02   1.6605135e+02   1.8033117e+02   2.7537679e+02   1.7735375e+02   7.2082039e+00   1.4420282e+02   1.4097242e+02   2.0370987e+02   1.5952830e+02   5.9536006e+01   2.7418321e+02   1.6203405e+02   1.3379760e+02   1.2999614e+02   0.0000000e+00   9.0512499e+01   1.5710460e+02   1.3209027e+02
  2.6213203e+00   5.5695108e+01   9.4654129e+01   8.9253873e+01   8.1138080e+01   1.0076465e+02   6.7397309e+01   9.4414855e+01   3.5000000e+00   8.1402719e+01   1.0171388e+02   1.1331955e+02   6.2018290e+01   1.0746378e+02   1.0984578e+02   8.4553554e+01   4.6219252e+01   7.8456719e+01   8.7059228e+01   1.0508131e+02   1.3739503e+02   9.2990540e+01   1.4736218e+02   9.7444572e+01   1.1887652e+02   1.0917497e+02   8.9203157e+01   9.2490489e+01   1.4662495e+02   8.1277472e+01   1.1994559e+02   1.7750636e+02   6.6517043e+01   7.8730429e+01   1.4083078e+01   6.8465065e+01   4.1110959e+01   8.5577905e+01   5.0900893e+01   1.1303999e+02   1.1363819e+02   1.3903700e+02   6.2164414e+01   6.7582039e+01   8.3489457e+01   8.3814164e+01   1.2442942e+02   1.0418462e+02   6.5017440e+01   1.4007256e+02   1.8986869e+02   1.4868907e+02   5.0000000e+00   8.2877181e+01   4.1304412e+01   6.6517043e+01   5.0923209e+01   5.7912978e+01   1.0726376e+02   8.4204839e+01   9.1506868e+01   6.4068860e+01   7.4061199e+01   9.0948881e+01   1.9010024e+02   1.2208330e+02   5.1455863e+01   7.4594534e+01   1.6688510e+02   1.2406577e+02   6.5000000e+00   8.6681495e+01   1.0010045e+02   9.0749654e+01   1.5401384e+02   6.9320418e+01   1.1615574e+02   5.3000000e+01   1.4852196e+02   1.1960605e+02   3.8000000e+01   9.0811959e+01   6.0218088e+01   9.6710706e+01   1.1811377e+02   1.9283954e+02   1.4376374e+02   9.7212202e+01   1.1458878e+02   5.2569665e+01   1.2050000e+02   1.4695562e+02   3.1820920e+01   1.9250586e+02   7.7366768e+01   9.8586696e+01   9.7107453e+01   9.0512499e+01   0.0000000e+00   9.1110430e+01   5.6161926e+01
  9.2441558e+01   6.0966933e+01   1.5981808e+02   1.5076976e+02   1.2489152e+02   5.4353969e+01   1.5063494e+02   1.6283992e+02   9.4090865e+01   1.2614235e+02   5.5817267e+01   5.6020267e+01   5.7519733e+01   5.2288030e+01   6.0966933e+01   1.2894941e+02   5.9326015e+01   1.5124813e+02   5.3256516e+01   1.4730249e+01   9.1815388e+01   1.2800000e+02   9.8689867e+01   7.2082039e+00   2.8522313e+01   4.9977268e+01   5.2434165e+00   4.8873546e+01   7.3754693e+01   4.3688540e+01   2.9353076e+01   1.0860412e+02   1.2538795e+02   1.1785523e+02   1.0469333e+02   1.2737198e+02   1.0656602e+02   1.2208330e+02   5.3702444e+01   5.3660135e+01   2.3049945e+01   7.0423172e+01   6.1706617e+01   5.0900893e+01   8.1485293e+00   1.3073248e+02   6.6924769e+01   3.8000000e+01   1.4271551e+02   7.2889571e+01   1.1865773e+02   9.6041876e+01   9.1741438e+01   1.5716924e+02   1.1387658e+02   1.1748077e+02   1.1576600e+02   1.2758462e+02   5.5018346e+01   1.5119589e+02   3.5000000e+00   4.4000000e+01   1.2581959e+02   2.0000000e+00   1.2089311e+02   6.6653231e+01   5.8225644e+01   4.3479646e+01   8.6420021e+01   5.9076873e+01   9.7072512e+01   1.4947651e+02   5.1101383e+01   4.4411844e+01   1.0356430e+02   3.8918745e+01   2.6132011e+01   5.2892748e+01   7.8283353e+01   2.9039446e+01   1.0250000e+02   1.5347059e+02   1.2392001e+02   1.5748487e+02   2.7541635e+01   1.2478294e+02   7.1761841e+01   1.6310996e+02   6.0537488e+01   6.2889903e+01   6.2291990e+01   9.6359272e+01   1.0746378e+02   1.2245286e+02   1.1823806e+02   5.0000000e+01   5.3085644e+01   1.5710460e+02   9.1110430e+01   0.0000000e+00   3.6624784e+01
  5.7282480e+01   3.2142535e+01   1.3540830e+02   1.1784564e+02   9.4904714e+01   5.5511362e+01   1.1938860e+02   1.3732927e+02   5.9076873e+01   9.5982983e+01   5.6864883e+01   6.5017440e+01   3.2284430e+01   7.0792247e+01   7.7058801e+01   1.1053295e+02   2.6044080e+01   1.2382883e+02   5.9000000e+01   5.0022722e+01   1.0910249e+02   1.1303999e+02   1.1785523e+02   4.2500000e+01   6.3660510e+01   7.0535705e+01   3.5805807e+01   5.9669249e+01   1.0325821e+02   4.8803727e+01   6.5017440e+01   1.2779690e+02   9.2086025e+01   8.8592281e+01   6.9646583e+01   9.4150948e+01   7.9017514e+01   1.0607699e+02   2.1819006e+01   7.4776510e+01   5.9019228e+01   9.7722683e+01   3.6154593e+01   4.4411844e+01   2.9353076e+01   1.0029228e+02   7.7058801e+01   6.1189785e+01   1.1331955e+02   9.9602220e+01   1.3948291e+02   1.1693131e+02   5.7420998e+01   1.2936912e+02   8.4834157e+01   9.5770667e+01   8.1068294e+01   1.0029228e+02   7.2202510e+01   1.1724010e+02   3.6500000e+01   3.5517853e+01   1.0450961e+02   3.6780160e+01   1.4052321e+02   7.5394926e+01   2.7206741e+01   4.3688540e+01   1.1291997e+02   7.3754693e+01   6.2000000e+01   1.1626269e+02   5.3533009e+01   5.5837600e+01   1.2380146e+02   3.5614100e+01   6.0799254e+01   2.2133308e+01   1.0670381e+02   6.5017440e+01   7.4776510e+01   1.2038745e+02   8.9721634e+01   1.2489152e+02   6.3517855e+01   1.4378730e+02   1.0077587e+02   1.3853260e+02   7.9446184e+01   3.2601402e+01   7.2515623e+01   1.1630155e+02   7.7058801e+01   1.4262846e+02   8.8541184e+01   6.4157286e+01   6.5069730e+01   1.3209027e+02   5.6161926e+01   3.6624784e+01   0.0000000e+00
