  0.0000000e+00   3.6769553e+01   6.3324561e+01   5.7801384e+01   5.2611786e+01   6.7007462e+01   4.4553339e+01   6.3071388e+01   1.4142136e+00   5.2773099e+01   6.7623960e+01   7.5451971e+01   4.1036569e+01   7.2615425e+01   7.4242845e+01   5.7078893e+01   3.0610456e+01   5.2354560e+01   5.9059292e+01   7.0576200e+01   9.2655275e+01   6.2801274e+01   9.9297533e+01   6.5490457e+01   7.9762146e+01   7.3736016e+01   6.0074953e+01   6.2649820e+01   9.8671171e+01   5.5154329e+01   8.0504658e+01   1.1822436e+02   4.2720019e+01   5.1088159e+01   8.2462113e+00   4.4011362e+01   2.8017851e+01   5.7870545e+01   3.3837849e+01   7.6321688e+01   7.6321688e+01   9.3637599e+01   4.1036569e+01   4.6065171e+01   5.6222771e+01   5.4341513e+01   8.2800966e+01   7.0342022e+01   4.3266615e+01   9.4339811e+01   1.2649111e+02   1.0016986e+02   4.1231056e+00   5.5226805e+01   2.7892651e+01   4.5044423e+01   3.2310989e+01   3.8897301e+01   7.2498276e+01   5.4405882e+01   6.1522354e+01   4.3657760e+01   5.0009999e+01   6.1204575e+01   1.2660569e+02   8.1215762e+01   3.4058773e+01   5.0695167e+01   1.1140018e+02   8.2680106e+01   3.1622777e+00   5.6080300e+01   6.6610810e+01   6.1465437e+01   1.0373042e+02   4.7127487e+01   7.7929455e+01   3.5227830e+01   9.9959992e+01   8.0305666e+01   2.6019224e+01   5.8830264e+01   3.8483763e+01   6.2769419e+01   7.9309520e+01   1.2840561e+02   9.6767763e+01   6.5000000e+01   7.7388630e+01   3.4655447e+01   8.0212219e+01   9.9020200e+01   2.1587033e+01   1.2822246e+02   5.0159745e+01   6.6708320e+01   6.5741920e+01   6.0539243e+01   1.4142136e+00   6.1294372e+01   3.7854986e+01
  3.6769553e+01   0.0000000e+00   9.8112181e+01   6.0008333e+01   4.2801869e+01   3.0886890e+01   8.1320354e+01   9.8478424e+01   3.8183766e+01   4.3600459e+01   3.1384710e+01   3.9812058e+01   4.4721360e+00   6.7801180e+01   7.2111026e+01   8.6127812e+01   7.2801099e+00   8.8232647e+01   5.9933296e+01   4.7169906e+01   9.3493315e+01   8.9442719e+01   9.9297533e+01   4.2953463e+01   5.5081757e+01   6.7475922e+01   4.1048752e+01   6.0539243e+01   8.8090862e+01   5.3235327e+01   5.6612719e+01   8.2152298e+01   4.3324358e+01   3.8288379e+01   4.4045431e+01   4.4598206e+01   6.0373835e+01   8.4528102e+01   7.2801099e+00   7.0292247e+01   5.3488316e+01   8.4899941e+01   4.4721360e+00   4.9335586e+01   3.6619667e+01   4.6615448e+01   4.6647615e+01   6.0827625e+01   7.9649231e+01   8.6278618e+01   9.0553851e+01   9.8600203e+01   3.9051248e+01   9.1400219e+01   6.2433965e+01   7.4946648e+01   3.8209946e+01   7.3573093e+01   6.8818602e+01   6.0728906e+01   3.9357337e+01   4.3657760e+01   8.0653580e+01   4.0816663e+01   9.0426766e+01   4.4944410e+01   4.0000000e+00   4.9658836e+01   7.7884530e+01   4.7539457e+01   3.9623226e+01   5.9236813e+01   3.0870698e+01   5.7982756e+01   1.0322790e+02   4.4283180e+01   5.2886671e+01   6.7082039e+00   9.0686272e+01   5.7245087e+01   5.7697487e+01   6.1846584e+01   4.2953463e+01   6.4404969e+01   5.6302753e+01   9.2086915e+01   8.6556340e+01   9.9984999e+01   7.3600272e+01   2.2360680e+00   4.4294469e+01   9.8229324e+01   5.6302753e+01   9.2114060e+01   3.8418745e+01   6.3513778e+01   6.4140471e+01   9.5524866e+01   3.6796739e+01   4.0311289e+01   2.1095023e+01
  6.3324561e+01   9.8112181e+01   0.0000000e+00   1.0916501e+02   1.1200893e+02   1.2560255e+02   2.9410882e+01   4.4721360e+00   6.2032250e+01   1.1187940e+02   1.2640016e+02   1.3277424e+02   1.0187247e+02   9.5189285e+01   9.2444578e+01   2.6076810e+01   9.1065910e+01   1.3152946e+01   8.1154174e+01   1.1520851e+02   9.9181652e+01   3.3136083e+01   1.0504285e+02   1.1060289e+02   1.2370934e+02   9.7739450e+01   1.0360019e+02   8.6539009e+01   1.2054045e+02   8.3186537e+01   1.2342204e+02   1.7477128e+02   9.9322706e+01   1.1180340e+02   5.8940648e+01   1.0024470e+02   3.8013156e+01   3.3060551e+01   9.3193347e+01   9.8979796e+01   1.1898319e+02   1.1423660e+02   1.0257680e+02   7.4431176e+01   1.0167104e+02   1.1253888e+02   1.4071958e+02   9.9809819e+01   2.3021729e+01   1.1378049e+02   1.8245547e+02   1.0816654e+02   6.0008333e+01   1.3416408e+01   3.5777088e+01   2.8653098e+01   8.9677199e+01   2.4596748e+01   9.3605555e+01   1.0339246e+02   1.0744766e+02   7.7665951e+01   2.3769729e+01   1.0560303e+02   1.8325119e+02   1.3946326e+02   9.4667840e+01   8.0622577e+01   1.6313185e+02   1.3877320e+02   6.1351447e+01   1.0716809e+02   1.2463146e+02   8.7726849e+01   1.0900459e+02   8.1541401e+01   1.2264175e+02   9.4578010e+01   1.1964113e+02   1.2233152e+02   4.0804412e+01   1.0929318e+02   9.4260278e+01   1.1335784e+02   1.2149074e+02   1.8545619e+02   1.1860017e+02   2.2360680e+00   9.6566040e+01   9.6254870e+01   1.3776792e+02   1.0611786e+02   4.2047592e+01   1.8462123e+02   1.1064357e+02   8.9888820e+01   8.7315520e+01   3.0000000e+00   6.2769419e+01   1.0621205e+02   8.9938868e+01
  5.7801384e+01   6.0008333e+01   1.0916501e+02   0.0000000e+00   2.1095023e+01   8.2492424e+01   8.1055537e+01   1.0701869e+02   5.8180753e+01   2.0099751e+01   8.2389320e+01   9.1268834e+01   6.2968246e+01   1.2369317e+02   1.2681088e+02   1.1168259e+02   6.1400326e+01   9.6083297e+01   1.1244999e+02   1.0715409e+02   1.4708501e+02   1.1859595e+02   1.5348290e+02   1.0295630e+02   1.1482596e+02   1.2401613e+02   1.0064790e+02   1.1476933e+02   1.4672764e+02   1.0696261e+02   1.1645600e+02   1.2643575e+02   1.7204651e+01   2.6019224e+01   5.6080300e+01   1.5811388e+01   8.2873397e+01   1.1388591e+02   6.4884513e+01   1.2682271e+02   1.1346365e+02   1.4287407e+02   6.0406953e+01   9.9704564e+01   9.6176920e+01   1.7262677e+01   9.5000000e+01   1.1846096e+02   8.6145226e+01   1.4403125e+02   1.3480727e+02   1.5363919e+02   6.1773781e+01   9.7000000e+01   8.0081209e+01   9.9929975e+01   2.6248809e+01   8.8645361e+01   1.2419742e+02   6.7082039e+00   9.9317672e+01   9.5524866e+01   1.0384604e+02   1.0062306e+02   1.3336416e+02   9.3000000e+01   6.1717096e+01   1.0264989e+02   1.3003461e+02   9.9181652e+01   5.7245087e+01   2.0000000e+00   8.3725743e+01   1.1280514e+02   1.5776248e+02   9.7836598e+01   1.1260551e+02   6.5299311e+01   1.4894630e+02   1.1717508e+02   8.1706793e+01   2.0000000e+00   1.9849433e+01   5.0000000e+00   1.1624543e+02   1.3395895e+02   1.4505516e+02   1.1007270e+02   1.2918978e+02   5.8600341e+01   9.4047860e+01   1.5283979e+02   7.4946648e+01   1.3532923e+02   2.5000000e+01   1.1844408e+02   1.1825819e+02   1.0616968e+02   5.9169249e+01   1.0017984e+02   7.8230429e+01
  5.2611786e+01   4.2801869e+01   1.1200893e+02   2.1095023e+01   0.0000000e+00   6.1983869e+01   8.6400231e+01   1.1064357e+02   5.3460266e+01   1.0000000e+00   6.1814238e+01   7.0576200e+01   4.4944410e+01   1.0965856e+02   1.1345484e+02   1.0955364e+02   4.5967380e+01   9.9463561e+01   1.0000000e+02   8.9067390e+01   1.3446561e+02   1.1541230e+02   1.4058449e+02   8.5234969e+01   9.6176920e+01   1.0960383e+02   8.3815273e+01   1.0153325e+02   1.3087399e+02   9.3861600e+01   9.7943861e+01   1.0538026e+02   1.3892444e+01   5.0990195e+00   5.4000000e+01   1.3601471e+01   8.0305666e+01   1.1047624e+02   4.8836462e+01   1.1243220e+02   9.5294281e+01   1.2756175e+02   4.2190046e+01   8.7920419e+01   7.9404030e+01   4.1231056e+00   7.4027022e+01   1.0332473e+02   8.9442719e+01   1.2888755e+02   1.1377170e+02   1.4026404e+02   5.6718604e+01   1.0120277e+02   7.9006329e+01   9.7514102e+01   2.2360680e+01   8.9089842e+01   1.1045361e+02   2.5298221e+01   8.1835200e+01   8.3006024e+01   1.0223991e+02   8.3486526e+01   1.1237882e+02   7.2027772e+01   4.5343136e+01   8.9810912e+01   1.0911462e+02   7.8409183e+01   5.3235327e+01   2.1377558e+01   6.3348244e+01   9.9247166e+01   1.4469278e+02   8.4646323e+01   9.3941471e+01   4.8918299e+01   1.3341664e+02   9.8838252e+01   7.8517514e+01   2.3086793e+01   1.8788294e+01   2.4083189e+01   9.7948966e+01   1.1303097e+02   1.2932131e+02   1.1328283e+02   1.1536464e+02   4.1868843e+01   7.3171033e+01   1.3970326e+02   7.3061618e+01   1.1433722e+02   4.4721360e+00   1.0489042e+02   1.0511898e+02   1.0903669e+02   5.3758720e+01   8.2927679e+01   6.2936476e+01
  6.7007462e+01   3.0886890e+01   1.2560255e+02   8.2492424e+01   6.1983869e+01   0.0000000e+00   1.1139569e+02   1.2650692e+02   6.8410526e+01   6.2968246e+01   1.0000000e+00   9.2195445e+00   2.6419690e+01   7.0405966e+01   7.6118329e+01   1.1001818e+02   3.6400549e+01   1.1684605e+02   6.9007246e+01   3.6235342e+01   9.6772930e+01   1.1161541e+02   1.0124228e+02   3.5114100e+01   3.9698866e+01   6.8883960e+01   3.8639358e+01   6.7119297e+01   8.1987804e+01   6.2032250e+01   4.1868843e+01   5.1312766e+01   6.8007353e+01   5.6885851e+01   7.4632433e+01   6.9000000e+01   8.7618491e+01   1.0701869e+02   3.3301652e+01   7.1309186e+01   4.1048752e+01   8.0956779e+01   2.7313001e+01   6.3150614e+01   3.6124784e+01   6.6098411e+01   1.5811388e+01   6.0876925e+01   1.0889444e+02   8.2764727e+01   5.9682493e+01   9.9297533e+01   6.8767725e+01   1.2028300e+02   9.0686272e+01   9.9984999e+01   6.5924199e+01   1.0153325e+02   7.2180330e+01   8.5052925e+01   3.3955854e+01   5.7271284e+01   1.0581588e+02   3.6878178e+01   5.9640590e+01   1.4212670e+01   3.3015148e+01   6.0299254e+01   4.8373546e+01   1.7262677e+01   7.0000000e+01   8.2298238e+01   2.2360680e+00   6.4124878e+01   1.0435516e+02   5.5578773e+01   3.7643060e+01   3.1890437e+01   8.5475143e+01   4.3416587e+01   8.4811556e+01   8.4480767e+01   6.9260378e+01   8.5988371e+01   4.2801869e+01   6.1400326e+01   8.1006173e+01   1.2761270e+02   7.5927597e+01   3.3120990e+01   1.3416408e+01   9.9624294e+01   8.4899941e+01   6.1294372e+01   5.7706152e+01   6.8468971e+01   7.0256672e+01   1.2322743e+02   6.6843100e+01   3.5902646e+01   3.6674242e+01
  4.4553339e+01   8.1320354e+01   2.9410882e+01   8.1055537e+01   8.6400231e+01   1.1139569e+02   0.0000000e+00   2.6476405e+01   4.3139309e+01   8.6127812e+01   1.1204463e+02   1.1963277e+02   8.5586214e+01   9.9045444e+01   9.8045908e+01   4.3600459e+01   7.5073298e+01   1.6552945e+01   8.4053554e+01   1.0956277e+02   1.1021797e+02   5.2201533e+01   1.1670904e+02   1.0454664e+02   1.1868024e+02   1.0112369e+02   9.8081599e+01   8.9140339e+01   1.2600397e+02   8.3600239e+01   1.1892855e+02   1.6243152e+02   7.3006849e+01   8.6977008e+01   3.7643060e+01   7.3756356e+01   3.1144823e+01   4.9396356e+01   7.8102497e+01   1.0304368e+02   1.1449017e+02   1.2000417e+02   8.5562842e+01   7.3681748e+01   9.5078915e+01   8.6348133e+01   1.2714165e+02   1.0084146e+02   9.4339811e+00   1.2003749e+02   1.7060188e+02   1.1905041e+02   4.2638011e+01   1.6278821e+01   2.5317978e+01   3.6769553e+01   6.4195015e+01   2.0880613e+01   9.8005102e+01   7.5000000e+01   1.0084642e+02   7.4732858e+01   3.6359318e+01   9.9724621e+01   1.7085667e+02   1.2560653e+02   7.8568442e+01   7.9906195e+01   1.5418495e+02   1.2660569e+02   4.1725292e+01   7.9056942e+01   1.1088733e+02   8.9358827e+01   1.2104958e+02   7.8854296e+01   1.1717508e+02   7.9511006e+01   1.2603571e+02   1.1827088e+02   3.3376639e+01   8.1006173e+01   6.7911707e+01   8.5000000e+01   1.1732434e+02   1.7273390e+02   1.2400403e+02   2.9832868e+01   1.0201961e+02   7.9195959e+01   1.2447088e+02   1.1727745e+02   2.8792360e+01   1.7242970e+02   8.5702975e+01   9.3085982e+01   9.1021975e+01   2.6570661e+01   4.4598206e+01   1.0008996e+02   7.9259069e+01
  6.3071388e+01   9.8478424e+01   4.4721360e+00   1.0701869e+02   1.1064357e+02   1.2650692e+02   2.6476405e+01   0.0000000e+00   6.1741396e+01   1.1047624e+02   1.2728315e+02   1.3386934e+02   1.0234256e+02   9.8371744e+01   9.5801879e+01   3.0000000e+01   9.1525953e+01   1.1180340e+01   8.4154620e+01   1.1732434e+02   1.0307764e+02   3.7336309e+01   1.0900459e+02   1.1264546e+02   1.2593649e+02   1.0088112e+02   1.0568349e+02   8.9537702e+01   1.2397580e+02   8.5906926e+01   1.2571794e+02   1.7608237e+02   9.7739450e+01   1.1063453e+02   5.8189346e+01   9.8615415e+01   3.8948684e+01   3.7000000e+01   9.3813645e+01   1.0220078e+02   1.2126417e+02   1.1768602e+02   1.0292716e+02   7.6941536e+01   1.0360019e+02   1.1101802e+02   1.4176742e+02   1.0269372e+02   2.1213203e+01   1.1727745e+02   1.8385320e+02   1.1207141e+02   5.9941638e+01   1.0198039e+01   3.6055513e+01   3.1384710e+01   8.8283634e+01   2.5000000e+01   9.6840074e+01   1.0112369e+02   1.0940293e+02   7.9924965e+01   2.6925824e+01   1.0764757e+02   1.8456706e+02   1.4046352e+02   9.5131488e+01   8.3186537e+01   1.6492423e+02   1.4003571e+02   6.0926185e+01   1.0501905e+02   1.2560653e+02   9.0620086e+01   1.1300442e+02   8.3862983e+01   1.2480785e+02   9.5210294e+01   1.2316655e+02   1.2467959e+02   4.1773197e+01   1.0707474e+02   9.2655275e+01   1.1111256e+02   1.2382245e+02   1.8672440e+02   1.2202459e+02   3.6055513e+00   9.9924972e+01   9.6566040e+01   1.3885244e+02   1.1004090e+02   4.2190046e+01   1.8597043e+02   1.0944405e+02   9.2973114e+01   9.0443352e+01   4.1231056e+00   6.2609903e+01   1.0822661e+02   9.1219515e+01
  1.4142136e+00   3.8183766e+01   6.2032250e+01   5.8180753e+01   5.3460266e+01   6.8410526e+01   4.3139309e+01   6.1741396e+01   0.0000000e+00   5.3600373e+01   6.9028979e+01   7.6843998e+01   4.2449971e+01   7.3164199e+01   7.4686009e+01   5.6142675e+01   3.2015621e+01   5.1000000e+01   5.9481089e+01   7.1700767e+01   9.2913939e+01   6.1983869e+01   9.9569072e+01   6.6610810e+01   8.0894994e+01   7.4330344e+01   6.1131007e+01   6.3158531e+01   9.9327740e+01   5.5713553e+01   8.1614950e+01   1.1962023e+02   4.3324358e+01   5.2038447e+01   7.0710678e+00   4.4598206e+01   2.7000000e+01   5.7070132e+01   3.5227830e+01   7.6896034e+01   7.7414469e+01   9.4244363e+01   4.2449971e+01   4.6518813e+01   5.7314920e+01   5.5108983e+01   8.4202138e+01   7.1063352e+01   4.1880783e+01   9.4921020e+01   1.2788276e+02   1.0049876e+02   3.6055513e+00   5.3851648e+01   2.6683328e+01   4.4102154e+01   3.2893768e+01   3.7643060e+01   7.3006849e+01   5.4644304e+01   6.2649820e+01   4.4271887e+01   4.9000000e+01   6.2289646e+01   1.2800391e+02   8.2619610e+01   3.5468296e+01   5.1264022e+01   1.1272977e+02   8.4059503e+01   2.0000000e+00   5.6435804e+01   6.8007353e+01   6.2032250e+01   1.0400961e+02   4.7801674e+01   7.9075913e+01   3.6619667e+01   1.0056838e+02   8.1394103e+01   2.5079872e+01   5.9169249e+01   3.9000000e+01   6.3134776e+01   8.0399005e+01   1.2980755e+02   9.7416631e+01   6.3694584e+01   7.7878110e+01   3.6069378e+01   8.1608823e+01   9.9322706e+01   2.0396078e+01   1.2961867e+02   5.1088159e+01   6.7230945e+01   6.6211781e+01   5.9236813e+01   2.0000000e+00   6.2393910e+01   3.9051248e+01
  5.2773099e+01   4.3600459e+01   1.1187940e+02   2.0099751e+01   1.0000000e+00   6.2968246e+01   8.6127812e+01   1.1047624e+02   5.3600373e+01   0.0000000e+00   6.2801274e+01   7.1568149e+01   4.5793013e+01   1.1034491e+02   1.1410960e+02   1.0965856e+02   4.6669048e+01   9.9297533e+01   1.0060318e+02   8.9944427e+01   1.3509256e+02   1.1557249e+02   1.4122677e+02   8.6092973e+01   9.7082439e+01   1.1030866e+02   8.4628600e+01   1.0217632e+02   1.3165485e+02   9.4493386e+01   9.8843310e+01   1.0636729e+02   1.3416408e+01   6.0827625e+00   5.4009258e+01   1.3038405e+01   8.0399005e+01   1.1064357e+02   4.9578221e+01   1.1313708e+02   9.6176920e+01   1.2831602e+02   4.3046487e+01   8.8481637e+01   8.0212219e+01   3.1622777e+00   7.5026662e+01   1.0406248e+02   8.9269256e+01   1.2963410e+02   1.1475626e+02   1.4092906e+02   5.6885851e+01   1.0100000e+02   7.9025312e+01   9.7621719e+01   2.2203603e+01   8.9050547e+01   1.1112605e+02   2.4351591e+01   8.2680106e+01   8.3600239e+01   1.0231324e+02   8.4314886e+01   1.1335784e+02   7.3027392e+01   4.6097722e+01   9.0426766e+01   1.1011358e+02   7.9404030e+01   5.3338541e+01   2.0396078e+01   6.4327288e+01   9.9904955e+01   1.4534442e+02   8.5276022e+01   9.4847246e+01   4.9678969e+01   1.3418271e+02   9.9729635e+01   7.8638413e+01   2.2090722e+01   1.8384776e+01   2.3086793e+01   9.8838252e+01   1.1400439e+02   1.3009612e+02   1.1313708e+02   1.1604310e+02   4.2638011e+01   7.4168727e+01   1.4035669e+02   7.3109507e+01   1.1531695e+02   5.3851648e+00   1.0555094e+02   1.0575916e+02   1.0890363e+02   5.3935146e+01   8.3761566e+01   6.3655322e+01
  6.7623960e+01   3.1384710e+01   1.2640016e+02   8.2389320e+01   6.1814238e+01   1.0000000e+00   1.1204463e+02   1.2728315e+02   6.9028979e+01   6.2801274e+01   0.0000000e+00   9.0553851e+00   2.6925824e+01   7.1386273e+01   7.7103826e+01   1.1090987e+02   3.7013511e+01   1.1759252e+02   7.0007142e+01   3.7121422e+01   9.7744565e+01   1.1253888e+02   1.0220078e+02   3.6055513e+01   4.0459857e+01   6.9856997e+01   3.9623226e+01   6.8117545e+01   8.2855296e+01   6.3031738e+01   4.2638011e+01   5.0774009e+01   6.8029405e+01   5.6718604e+01   7.5213031e+01   6.9007246e+01   8.8408144e+01   1.0793517e+02   3.3970576e+01   7.2277244e+01   4.1880783e+01   8.1859636e+01   2.7730849e+01   6.4132675e+01   3.7121422e+01   6.5924199e+01   1.5264338e+01   6.1846584e+01   1.0960383e+02   8.3671979e+01   5.9169249e+01   1.0024470e+02   6.9426220e+01   1.2101653e+02   9.1438504e+01   1.0084642e+02   6.6098411e+01   1.0230347e+02   7.3164199e+01   8.5023526e+01   3.4928498e+01   5.8249464e+01   1.0667708e+02   3.7854986e+01   5.9076222e+01   1.3601471e+01   3.3600595e+01   6.1294372e+01   4.8259714e+01   1.7117243e+01   7.0604532e+01   8.2219219e+01   3.1622777e+00   6.5122961e+01   1.0530432e+02   5.6568542e+01   3.8418745e+01   3.2557641e+01   8.6353923e+01   4.4204072e+01   8.5603738e+01   8.4380092e+01   6.9354164e+01   8.5842880e+01   4.3600459e+01   6.0802960e+01   8.1884064e+01   1.2840561e+02   7.6902536e+01   3.3615473e+01   1.3000000e+01   1.0057833e+02   8.5632938e+01   6.0745370e+01   5.7558666e+01   6.9462220e+01   7.1253070e+01   1.2401613e+02   6.7475922e+01   3.6878178e+01   3.7576588e+01
  7.5451971e+01   3.9812058e+01   1.3277424e+02   9.1268834e+01   7.0576200e+01   9.2195445e+00   1.1963277e+02   1.3386934e+02   7.6843998e+01   7.1568149e+01   9.0553851e+00   0.0000000e+00   3.5341194e+01   7.1175839e+01   7.7103826e+01   1.1610771e+02   4.4944410e+01   1.2445883e+02   7.1700767e+01   3.4928498e+01   9.7015463e+01   1.1717082e+02   1.0100000e+02   3.5128336e+01   3.6235342e+01   6.9354164e+01   4.0049969e+01   6.9180922e+01   7.9705709e+01   6.4938432e+01   3.8470768e+01   4.2801869e+01   7.7058419e+01   6.5490457e+01   8.3216585e+01   7.8025637e+01   9.4921020e+01   1.1271202e+02   4.1617304e+01   7.1568149e+01   3.8626416e+01   7.9378838e+01   3.6400549e+01   6.7357256e+01   3.8470768e+01   7.4672619e+01   8.0622577e+00   6.1294372e+01   1.1677757e+02   8.1271151e+01   5.1039201e+01   9.8716767e+01   7.7006493e+01   1.2798828e+02   9.8290386e+01   1.0650822e+02   7.5133215e+01   1.0897706e+02   7.3109507e+01   9.4005319e+01   3.5014283e+01   6.1684682e+01   1.1232987e+02   3.8013156e+01   5.1224994e+01   7.2801099e+00   4.1677332e+01   6.3788714e+01   3.9204592e+01   8.0622577e+00   7.8492038e+01   9.1137259e+01   8.9442719e+00   6.6189123e+01   1.0381233e+02   5.9481089e+01   3.4438351e+01   4.0224371e+01   8.3384651e+01   4.0249224e+01   9.2097774e+01   9.3263069e+01   7.8409183e+01   9.4641429e+01   3.9812058e+01   5.3150729e+01   7.8924014e+01   1.3482581e+02   7.6419893e+01   4.2047592e+01   5.0000000e+00   9.9247166e+01   9.2655275e+01   5.2801515e+01   6.6370174e+01   7.0007142e+01   7.2062473e+01   1.3048372e+02   7.5213031e+01   3.7013511e+01   4.3011626e+01
  4.1036569e+01   4.4721360e+00   1.0187247e+02   6.2968246e+01   4.4944410e+01   2.6419690e+01   8.5586214e+01   1.0234256e+02   4.2449971e+01   4.5793013e+01   2.6925824e+01   3.5341194e+01   0.0000000e+00   6.7119297e+01   7.1693793e+01   8.9185201e+01   1.0816654e+01   9.2200868e+01   6.0166436e+01   4.4283180e+01   9.3150416e+01   9.2195445e+01   9.8792712e+01   4.0311289e+01   5.1865210e+01   6.6610810e+01   3.9051248e+01   6.0373835e+01   8.6371292e+01   5.3310412e+01   5.3488316e+01   7.7698134e+01   4.6572524e+01   4.0224371e+01   4.8414874e+01   4.7801674e+01   6.4007812e+01   8.7321246e+01   9.2195445e+00   6.9404611e+01   5.0566788e+01   8.3450584e+01   2.8284271e+00   5.0219518e+01   3.4713110e+01   4.8877398e+01   4.2190046e+01   5.9665736e+01   8.3737686e+01   8.4899941e+01   8.6092973e+01   9.7908120e+01   4.3185646e+01   9.5425364e+01   6.6287254e+01   7.8185676e+01   4.2047592e+01   7.7388630e+01   6.8264193e+01   6.4031242e+01   3.6891733e+01   4.4384682e+01   8.3934498e+01   3.8600518e+01   8.5982556e+01   4.0496913e+01   7.2111026e+00   4.9979996e+01   7.3498299e+01   4.3081318e+01   4.3931765e+01   6.2297673e+01   2.6400758e+01   5.7706152e+01   1.0262553e+02   4.4598206e+01   4.9648766e+01   8.0622577e+00   8.9106678e+01   5.4230987e+01   6.1294372e+01   6.4845971e+01   4.6529560e+01   6.7230945e+01   5.3310412e+01   8.7658428e+01   8.4899941e+01   1.0377379e+02   7.2945185e+01   6.7082039e+00   3.9824616e+01   9.7637083e+01   6.0216277e+01   8.7664132e+01   4.0496913e+01   6.3134776e+01   6.3953108e+01   9.9322706e+01   4.1012193e+01   3.8013156e+01   2.1189620e+01
  7.2615425e+01   6.7801180e+01   9.5189285e+01   1.2369317e+02   1.0965856e+02   7.0405966e+01   9.9045444e+01   9.8371744e+01   7.3164199e+01   1.1034491e+02   7.1386273e+01   7.1175839e+01   6.7119297e+01   0.0000000e+00   6.0827625e+00   7.0263789e+01   6.3702433e+01   9.3744333e+01   1.5000000e+01   3.7121422e+01   2.6570661e+01   6.6370174e+01   3.1764760e+01   3.6055513e+01   4.0804412e+01   2.8284271e+00   3.1780497e+01   1.0198039e+01   2.7073973e+01   1.7464249e+01   3.9217343e+01   1.0124228e+02   1.0652699e+02   1.0555094e+02   7.9378838e+01   1.0793517e+02   6.8000000e+01   6.3953108e+01   6.1073726e+01   4.0000000e+00   3.6138622e+01   2.1377558e+01   6.9892775e+01   2.6925824e+01   3.4785054e+01   1.1314592e+02   7.8006410e+01   1.0049876e+01   9.1350972e+01   2.1840330e+01   1.0662551e+02   3.0805844e+01   7.0228199e+01   9.7862148e+01   7.4006756e+01   6.7186308e+01   9.8005102e+01   7.9511006e+01   2.2360680e+00   1.2241323e+02   3.6496575e+01   2.9068884e+01   7.1470274e+01   3.3541020e+01   1.0878419e+02   7.8057671e+01   6.4660653e+01   2.1931712e+01   8.2346828e+01   7.2062473e+01   7.5026662e+01   1.2244182e+02   6.8249542e+01   1.1180340e+01   3.5510562e+01   2.6076810e+01   4.1231056e+01   6.1220911e+01   2.7658633e+01   3.7336309e+01   6.6030296e+01   1.2525175e+02   1.0420173e+02   1.2854960e+02   3.7000000e+01   1.1162885e+02   2.5079872e+01   9.7406365e+01   5.8309519e+00   6.8249542e+01   7.5026662e+01   3.0528675e+01   7.2339477e+01   1.0944405e+02   1.0547512e+02   6.0827625e+00   8.0622577e+00   9.4254973e+01   7.1309186e+01   3.4525353e+01   4.6861498e+01
  7.4242845e+01   7.2111026e+01   9.2444578e+01   1.2681088e+02   1.1345484e+02   7.6118329e+01   9.8045908e+01   9.5801879e+01   7.4686009e+01   1.1410960e+02   7.7103826e+01   7.7103826e+01   7.1693793e+01   6.0827625e+00   0.0000000e+00   6.7067131e+01   6.7623960e+01   9.1787799e+01   1.5231546e+01   4.3185646e+01   2.1470911e+01   6.2609903e+01   2.7202941e+01   4.2011903e+01   4.6840154e+01   8.5440037e+00   3.7483330e+01   1.2041595e+01   2.8284271e+01   1.9849433e+01   4.5221676e+01   1.0728001e+02   1.0971326e+02   1.0948059e+02   8.0622577e+01   1.1112605e+02   6.7268120e+01   6.0539243e+01   6.5215029e+01   7.8102497e+00   4.2201896e+01   2.2090722e+01   7.4431176e+01   2.8178006e+01   4.0261644e+01   1.1684605e+02   8.4000000e+01   1.6124515e+01   9.0022219e+01   2.2000000e+01   1.1260551e+02   2.6870058e+01   7.1589105e+01   9.5885348e+01   7.3334848e+01   6.4938432e+01   1.0089599e+02   7.8057671e+01   4.0000000e+00   1.2525175e+02   4.2296572e+01   3.1400637e+01   6.8883960e+01   3.9319207e+01   1.1479111e+02   8.4023806e+01   6.8818602e+01   2.4207437e+01   8.8238314e+01   7.8102497e+01   7.6485293e+01   1.2549502e+02   7.3979727e+01   1.4212670e+01   3.1240999e+01   2.9000000e+01   4.7296934e+01   6.5459911e+01   2.8000000e+01   4.3324358e+01   6.5490457e+01   1.2831602e+02   1.0716809e+02   1.3171181e+02   4.3011626e+01   1.1764353e+02   2.6305893e+01   9.4641429e+01   4.1231056e+00   7.2422372e+01   8.1006173e+01   2.6248809e+01   7.2180330e+01   1.1543396e+02   1.0934350e+02   8.6023253e+00   8.6023253e+00   9.1678787e+01   7.2897188e+01   4.0311289e+01   5.1039201e+01
  5.7078893e+01   8.6127812e+01   2.6076810e+01   1.1168259e+02   1.0955364e+02   1.1001818e+02   4.3600459e+01   3.0000000e+01   5.6142675e+01   1.0965856e+02   1.1090987e+02   1.1610771e+02   8.9185201e+01   7.0263789e+01   6.7067131e+01   0.0000000e+00   7.8847955e+01   3.0083218e+01   5.6938563e+01   9.4047860e+01   7.3109507e+01   8.6023253e+00   7.9006329e+01   8.9827613e+01   1.0198039e+02   7.2917762e+01   8.2758685e+01   6.2265560e+01   9.4921020e+01   6.0000000e+01   1.0141499e+02   1.5660460e+02   9.8655968e+01   1.0816654e+02   5.6089215e+01   9.9824847e+01   2.9274562e+01   7.0000000e+00   8.0006250e+01   7.3925638e+01   9.7082439e+01   8.8600226e+01   9.0520716e+01   5.2345009e+01   8.1565924e+01   1.1101802e+02   1.2416924e+02   7.5802375e+01   3.4205263e+01   8.8056800e+01   1.6383528e+02   8.2097503e+01   5.3037722e+01   3.3526109e+01   3.1622777e+01   1.2041595e+01   8.8283634e+01   2.5000000e+01   6.8541958e+01   1.0689247e+02   8.7114867e+01   5.6639209e+01   8.0622577e+00   8.4899941e+01   1.6500000e+02   1.2316655e+02   8.2280010e+01   5.8137767e+01   1.4289857e+02   1.2120231e+02   5.6320511e+01   1.0976794e+02   1.0870603e+02   6.3812225e+01   8.3006024e+01   6.0108236e+01   1.0117806e+02   8.1271151e+01   9.3861600e+01   1.0012492e+02   3.1064449e+01   1.1227199e+02   9.3941471e+01   1.1638728e+02   9.9357939e+01   1.6740968e+02   9.3005376e+01   2.8160256e+01   7.1168813e+01   8.4646323e+01   1.2107849e+02   8.0056230e+01   3.6878178e+01   1.6620770e+02   1.0722873e+02   6.5299311e+01   6.2609903e+01   2.6019224e+01   5.6035703e+01   8.5632938e+01   7.3355300e+01
  3.0610456e+01   7.2801099e+00   9.1065910e+01   6.1400326e+01   4.5967380e+01   3.6400549e+01   7.5073298e+01   9.1525953e+01   3.2015621e+01   4.6669048e+01   3.7013511e+01   4.4944410e+01   1.0816654e+01   6.3702433e+01   6.7623960e+01   7.8847955e+01   0.0000000e+00   8.1400246e+01   5.4708317e+01   4.7074409e+01   8.8814413e+01   8.2200973e+01   9.4810337e+01   4.2449971e+01   5.5578773e+01   6.3639610e+01   3.9395431e+01   5.5803226e+01   8.5445889e+01   4.8259714e+01   5.6885851e+01   8.7658428e+01   4.4294469e+01   4.1868843e+01   3.8275318e+01   4.5650849e+01   5.3235327e+01   7.7278716e+01   4.0000000e+00   6.6468037e+01   5.3366656e+01   8.1835200e+01   1.1704700e+01   4.3462628e+01   3.4928498e+01   4.9517674e+01   5.2201533e+01   5.7489129e+01   7.3000000e+01   8.3096330e+01   9.5963535e+01   9.4366308e+01   3.2526912e+01   8.4646323e+01   5.5470713e+01   6.7675697e+01   3.7643060e+01   6.6573268e+01   6.4536811e+01   6.1326992e+01   3.8600518e+01   3.8013156e+01   7.3389373e+01   3.9560081e+01   9.6020831e+01   5.0606324e+01   3.6055513e+00   4.4418465e+01   8.1932899e+01   5.2354560e+01   3.3600595e+01   6.0415230e+01   3.6055513e+01   5.3413481e+01   9.8858485e+01   3.9115214e+01   5.3460266e+01   5.0990195e+00   8.7800911e+01   5.7271284e+01   5.0537115e+01   6.3134776e+01   4.3081318e+01   6.6037868e+01   5.6293872e+01   9.7800818e+01   8.3815273e+01   9.2962358e+01   6.9426220e+01   6.0000000e+00   4.9648766e+01   9.3861600e+01   4.9406477e+01   9.7652445e+01   4.1773197e+01   5.9033889e+01   5.9405387e+01   8.8509886e+01   3.0479501e+01   3.9217343e+01   1.7029386e+01
  5.2354560e+01   8.8232647e+01   1.3152946e+01   9.6083297e+01   9.9463561e+01   1.1684605e+02   1.6552945e+01   1.1180340e+01   5.1000000e+01   9.9297533e+01   1.1759252e+02   1.2445883e+02   9.2200868e+01   9.3744333e+01   9.1787799e+01   3.0083218e+01   8.1400246e+01   0.0000000e+00   7.9075913e+01   1.0977249e+02   1.0124228e+02   3.8483763e+01   1.0746627e+02   1.0495713e+02   1.1859595e+02   9.6104110e+01   9.8112181e+01   8.4403791e+01   1.2007081e+02   8.0006250e+01   1.1853270e+02   1.6693112e+02   8.6579443e+01   9.9463561e+01   4.7169906e+01   8.7464278e+01   3.0000000e+01   3.6687873e+01   8.3868945e+01   9.7672924e+01   1.1406139e+02   1.1386395e+02   9.2655275e+01   7.0576200e+01   9.5718337e+01   9.9849887e+01   1.3227623e+02   9.7123633e+01   1.0049876e+01   1.1363538e+02   1.7482849e+02   1.1022250e+02   4.9396356e+01   4.1231056e+00   2.6172505e+01   2.7018512e+01   7.7103826e+01   1.5811388e+01   9.2395887e+01   9.0271812e+01   1.0154802e+02   7.2917762e+01   2.4331050e+01   9.9984999e+01   1.7541380e+02   1.3090836e+02   8.5000000e+01   7.6896034e+01   1.5660460e+02   1.3086252e+02   5.0089919e+01   9.4085068e+01   1.1604310e+02   8.5164547e+01   1.1164676e+02   7.6967526e+01   1.1733712e+02   8.5276022e+01   1.1960351e+02   1.1761803e+02   3.2802439e+01   9.6187317e+01   8.1498466e+01   1.0024470e+02   1.1672618e+02   1.7749648e+02   1.1808895e+02   1.4000000e+01   9.5885348e+01   8.6267027e+01   1.2941793e+02   1.0829589e+02   3.2015621e+01   1.7686718e+02   9.8270036e+01   8.8073833e+01   8.5702975e+01   1.0198039e+01   5.1971146e+01   1.0049876e+02   8.2219219e+01
  5.9059292e+01   5.9933296e+01   8.1154174e+01   1.1244999e+02   1.0000000e+02   6.9007246e+01   8.4053554e+01   8.4154620e+01   5.9481089e+01   1.0060318e+02   7.0007142e+01   7.1700767e+01   6.0166436e+01   1.5000000e+01   1.5231546e+01   5.6938563e+01   5.4708317e+01   7.9075913e+01   0.0000000e+00   4.1146081e+01   3.4655447e+01   5.4037024e+01   4.1036569e+01   3.8275318e+01   4.7434165e+01   1.7117243e+01   3.2015621e+01   5.3851648e+00   4.2047592e+01   7.0710678e+00   4.6400431e+01   1.0651291e+02   9.5462034e+01   9.6260064e+01   6.5391131e+01   9.6876210e+01   5.3000000e+01   5.1039201e+01   5.2773099e+01   1.9000000e+01   4.2438190e+01   3.6221541e+01   6.2769419e+01   1.3038405e+01   3.3241540e+01   1.0323275e+02   7.9246451e+01   1.8867962e+01   7.6419893e+01   3.6496575e+01   1.1271202e+02   4.1400483e+01   5.6364883e+01   8.3198558e+01   5.9008474e+01   5.2810984e+01   8.6371292e+01   6.4629715e+01   1.4142136e+01   1.1063453e+02   3.7107951e+01   1.7029386e+01   5.7384667e+01   3.4205263e+01   1.1449454e+02   7.8917679e+01   5.6356011e+01   1.0295630e+01   8.9587946e+01   7.4215901e+01   6.1269895e+01   1.1107205e+02   6.7029844e+01   7.0710678e+00   4.5343136e+01   1.5652476e+01   4.7169906e+01   5.3225934e+01   4.2426407e+01   4.4821870e+01   5.1039201e+01   1.1389908e+02   9.2698436e+01   1.1738824e+02   4.4204072e+01   1.1720068e+02   4.0049969e+01   8.3384651e+01   1.8681542e+01   5.9941638e+01   7.6118329e+01   4.0459857e+01   5.7428216e+01   1.1538197e+02   9.6020831e+01   9.0553851e+00   7.0710678e+00   8.0056230e+01   5.7706152e+01   3.5171011e+01   3.9000000e+01
  7.0576200e+01   4.7169906e+01   1.1520851e+02   1.0715409e+02   8.9067390e+01   3.6235342e+01   1.0956277e+02   1.1732434e+02   7.1700767e+01   8.9944427e+01   3.7121422e+01   3.4928498e+01   4.4283180e+01   3.7121422e+01   4.3185646e+01   9.4047860e+01   4.7074409e+01   1.0977249e+02   4.1146081e+01   0.0000000e+00   6.2289646e+01   9.2956979e+01   6.6098411e+01   5.0990195e+00   9.2195445e+00   3.5014283e+01   1.1661904e+01   3.7336309e+01   4.5793013e+01   3.5510562e+01   1.0000000e+01   6.5391131e+01   9.0476516e+01   8.4219950e+01   7.8771822e+01   9.1760558e+01   8.0062476e+01   8.9196412e+01   4.3174066e+01   3.7013511e+01   6.3245553e+00   4.4777226e+01   4.6957428e+01   4.1725292e+01   1.4560220e+01   9.3059121e+01   4.1194660e+01   2.7073973e+01   1.0421612e+02   4.6615448e+01   7.1589105e+01   6.3788714e+01   7.0213959e+01   1.1374093e+02   8.5000000e+01   8.6833173e+01   8.4646323e+01   9.4021274e+01   3.9204592e+01   1.0783784e+02   9.0553851e+00   3.7643060e+01   9.2314679e+01   9.8488578e+00   7.3348483e+01   4.1436699e+01   4.5880279e+01   3.6235342e+01   4.9040799e+01   3.5000000e+01   7.3681748e+01   1.0640489e+02   3.4000000e+01   3.4539832e+01   6.8883960e+01   3.3970576e+01   7.6157731e+00   4.2449971e+01   4.9244289e+01   1.0198039e+01   7.7369245e+01   1.0900459e+02   8.9844310e+01   1.1148543e+02   9.2195445e+00   7.6059187e+01   4.4777226e+01   1.1741380e+02   4.2000000e+01   4.8703183e+01   3.8327536e+01   6.4327288e+01   8.0777472e+01   7.4242845e+01   8.4599054e+01   3.7107951e+01   3.9560081e+01   1.1346365e+02   6.9720872e+01   9.4868330e+00   3.3015148e+01
  9.2655275e+01   9.3493315e+01   9.9181652e+01   1.4708501e+02   1.3446561e+02   9.6772930e+01   1.1021797e+02   1.0307764e+02   9.2913939e+01   1.3509256e+02   9.7744565e+01   9.7015463e+01   9.3150416e+01   2.6570661e+01   2.1470911e+01   7.3109507e+01   8.8814413e+01   1.0124228e+02   3.4655447e+01   6.2289646e+01   0.0000000e+00   6.6610810e+01   6.7082039e+00   6.1983869e+01   6.4070274e+01   2.7892651e+01   5.8240879e+01   3.3015148e+01   2.9206164e+01   4.0607881e+01   6.2128898e+01   1.2362848e+02   1.3011533e+02   1.3060245e+02   9.8270036e+01   1.3152946e+02   8.0956779e+01   6.6121101e+01   8.6533231e+01   2.5495098e+01   6.0000000e+01   2.4186773e+01   9.5880134e+01   4.7423623e+01   6.1351447e+01   1.3776792e+02   1.0348430e+02   3.5902646e+01   1.0143471e+02   2.2472205e+01   1.2809762e+02   9.0000000e+00   8.9587946e+01   1.0517129e+02   8.6977008e+01   7.4431176e+01   1.2096694e+02   8.9442719e+01   2.5079872e+01   1.4516542e+02   6.2817195e+01   5.1662365e+01   7.7058419e+01   5.9908263e+01   1.3061393e+02   1.0369667e+02   9.0138782e+01   4.4687806e+01   1.0307764e+02   9.7185390e+01   9.4578010e+01   1.4569145e+02   9.4593869e+01   3.5510562e+01   1.1180340e+01   4.9819675e+01   6.5007692e+01   8.6821656e+01   2.6172505e+01   6.0133186e+01   7.9711982e+01   1.4851936e+02   1.2731064e+02   1.5202960e+02   6.0074953e+01   1.3355523e+02   2.8017851e+01   1.0124228e+02   2.0880613e+01   9.3744333e+01   1.0060318e+02   7.0710678e+00   8.7091905e+01   1.3102671e+02   1.3041856e+02   3.0016662e+01   2.9410882e+01   9.9045444e+01   9.1263355e+01   6.0876925e+01   7.2401657e+01
  6.2801274e+01   8.9442719e+01   3.3136083e+01   1.1859595e+02   1.1541230e+02   1.1161541e+02   5.2201533e+01   3.7336309e+01   6.1983869e+01   1.1557249e+02   1.1253888e+02   1.1717082e+02   9.2195445e+01   6.6370174e+01   6.2609903e+01   8.6023253e+00   8.2200973e+01   3.8483763e+01   5.4037024e+01   9.2956979e+01   6.6610810e+01   0.0000000e+00   7.2249567e+01   8.9022469e+01   1.0044899e+02   6.9115845e+01   8.2006097e+01   5.9203040e+01   8.9888820e+01   5.7982756e+01   9.9704564e+01   1.5670673e+02   1.0501905e+02   1.1374533e+02   6.2641839e+01   1.0623088e+02   3.5735137e+01   5.0000000e+00   8.2975900e+01   6.9835521e+01   9.5482983e+01   8.3570330e+01   9.3744333e+01   5.1400389e+01   8.1271151e+01   1.1708544e+02   1.2521981e+02   7.2801099e+01   4.2801869e+01   8.2873397e+01   1.6368262e+02   7.5538070e+01   5.8694122e+01   4.1785165e+01   3.8910153e+01   1.8788294e+01   9.4593869e+01   3.3301652e+01   6.4498062e+01   1.1401754e+02   8.6608314e+01   5.6302753e+01   1.6278821e+01   8.4202138e+01   1.6502424e+02   1.2433825e+02   8.5510233e+01   5.6727418e+01   1.4199296e+02   1.2180312e+02   6.2369865e+01   1.1670904e+02   1.1016805e+02   6.1073726e+01   7.6105190e+01   5.9405387e+01   9.9824847e+01   8.4172442e+01   8.8543774e+01   9.8290386e+01   3.7107951e+01   1.1926860e+02   1.0042410e+02   1.2336936e+02   9.7580736e+01   1.6752313e+02   8.8022724e+01   3.5057096e+01   6.6640828e+01   8.8119237e+01   1.2209013e+02   7.3437048e+01   4.3657760e+01   1.6614752e+02   1.1287161e+02   6.1854668e+01   5.9076222e+01   3.3541020e+01   6.1660360e+01   8.5000000e+01   7.5026662e+01
  9.9297533e+01   9.9297533e+01   1.0504285e+02   1.5348290e+02   1.4058449e+02   1.0124228e+02   1.1670904e+02   1.0900459e+02   9.9569072e+01   1.4122677e+02   1.0220078e+02   1.0100000e+02   9.8792712e+01   3.1764760e+01   2.7202941e+01   7.9006329e+01   9.4810337e+01   1.0746627e+02   4.1036569e+01   6.6098411e+01   6.7082039e+00   7.2249567e+01   0.0000000e+00   6.6219333e+01   6.7067131e+01   3.2695565e+01   6.2968246e+01   3.9051248e+01   2.8635642e+01   4.6754679e+01   6.5030762e+01   1.2578156e+02   1.3647344e+02   1.3665284e+02   1.0495713e+02   1.3788764e+02   8.7595662e+01   7.2006944e+01   9.2417531e+01   3.0083218e+01   6.3285069e+01   2.4738634e+01   1.0154802e+02   5.3907328e+01   6.6309879e+01   1.4393401e+02   1.0720075e+02   4.0496913e+01   1.0787029e+02   2.2803509e+01   1.2987686e+02   4.2426407e+00   9.6254870e+01   1.1136427e+02   9.3605555e+01   8.0752709e+01   1.2740487e+02   9.5900991e+01   3.0528675e+01   1.5164432e+02   6.7357256e+01   5.7982756e+01   8.3216585e+01   6.4513564e+01   1.3251792e+02   1.0751744e+02   9.6020831e+01   5.0931326e+01   1.0473777e+02   1.0071743e+02   1.0124228e+02   1.5210851e+02   9.9040396e+01   4.1400483e+01   4.4721360e+00   5.5973208e+01   6.8183576e+01   9.2655275e+01   2.5059928e+01   6.3031738e+01   8.6377080e+01   1.5493547e+02   1.3373481e+02   1.5841717e+02   6.3071388e+01   1.3548432e+02   2.7856777e+01   1.0707474e+02   2.5942244e+01   9.9624294e+01   1.0439349e+02   2.2360680e+00   9.3776330e+01   1.3283448e+02   1.3649908e+02   3.5805028e+01   3.5468296e+01   1.0500000e+02   9.7908120e+01   6.5459911e+01   7.8236820e+01
  6.5490457e+01   4.2953463e+01   1.1060289e+02   1.0295630e+02   8.5234969e+01   3.5114100e+01   1.0454664e+02   1.1264546e+02   6.6610810e+01   8.6092973e+01   3.6055513e+01   3.5128336e+01   4.0311289e+01   3.6055513e+01   4.2011903e+01   8.9827613e+01   4.2449971e+01   1.0495713e+02   3.8275318e+01   5.0990195e+00   6.1983869e+01   8.9022469e+01   6.6219333e+01   0.0000000e+00   1.4317821e+01   3.4234486e+01   7.0710678e+00   3.4928498e+01   4.7801674e+01   3.2202484e+01   1.5033296e+01   6.8425142e+01   8.6162637e+01   8.0454956e+01   7.3681748e+01   8.7464278e+01   7.5179785e+01   8.5146932e+01   3.8600518e+01   3.6496575e+01   1.1045361e+01   4.6141088e+01   4.3046487e+01   3.7643060e+01   9.4868330e+00   8.9185201e+01   4.2011903e+01   2.6172505e+01   9.9282425e+01   4.7885280e+01   7.4946648e+01   6.4195015e+01   6.5115282e+01   1.0890822e+02   8.0056230e+01   8.2328610e+01   8.0081209e+01   8.9185201e+01   3.8013156e+01   1.0346497e+02   4.0000000e+00   3.3241540e+01   8.7863531e+01   5.0000000e+00   7.6537572e+01   4.2011903e+01   4.1436699e+01   3.2449961e+01   5.3075418e+01   3.6345564e+01   6.8593003e+01   1.0215674e+02   3.2893768e+01   3.2015621e+01   6.9260378e+01   2.9732137e+01   1.2649111e+01   3.7947332e+01   5.1039201e+01   1.5033296e+01   7.2470684e+01   1.0478550e+02   8.5381497e+01   1.0735455e+02   1.4035669e+01   7.9177017e+01   4.6615448e+01   1.1280071e+02   4.1303753e+01   4.4384682e+01   3.9000000e+01   6.4560050e+01   7.5769387e+01   7.7524190e+01   8.0777472e+01   3.5227830e+01   3.7483330e+01   1.0881176e+02   6.4629715e+01   4.4721360e+00   2.8000000e+01
  7.9762146e+01   5.5081757e+01   1.2370934e+02   1.1482596e+02   9.6176920e+01   3.9698866e+01   1.1868024e+02   1.2593649e+02   8.0894994e+01   9.7082439e+01   4.0459857e+01   3.6235342e+01   5.1865210e+01   4.0804412e+01   4.6840154e+01   1.0198039e+02   5.5578773e+01   1.1859595e+02   4.7434165e+01   9.2195445e+00   6.4070274e+01   1.0044899e+02   6.7067131e+01   1.4317821e+01   0.0000000e+00   3.8327536e+01   2.0615528e+01   4.3046487e+01   4.3657760e+01   4.2520583e+01   2.2360680e+00   6.0440053e+01   9.8371744e+01   9.1235958e+01   8.7965902e+01   9.9624294e+01   8.9000000e+01   9.6876210e+01   5.1623638e+01   3.9812058e+01   5.0000000e+00   4.3931765e+01   5.4424259e+01   4.9678969e+01   2.3769729e+01   1.0022475e+02   4.1109610e+01   3.1016125e+01   1.1321661e+02   4.5891176e+01   6.5924199e+01   6.4280635e+01   7.9429214e+01   1.2258874e+02   9.4021274e+01   9.5210294e+01   9.2962358e+01   1.0288343e+02   4.3011626e+01   1.1580155e+02   1.8248288e+01   4.6043458e+01   1.0060318e+02   1.8973666e+01   6.8007353e+01   4.1785165e+01   5.4129474e+01   4.3863424e+01   4.2190046e+01   3.4205263e+01   8.2873397e+01   1.1416217e+02   3.7536649e+01   4.0496913e+01   6.9354164e+01   4.2201896e+01   2.2360680e+00   5.0803543e+01   4.7434165e+01   4.1231056e+00   8.6330759e+01   1.1670904e+02   9.7984693e+01   1.1903781e+02   4.0000000e+00   7.0837843e+01   4.3011626e+01   1.2592458e+02   4.4911023e+01   5.6753854e+01   3.8626416e+01   6.5122961e+01   8.9888820e+01   6.8709534e+01   9.1706052e+01   4.2047592e+01   4.4721360e+01   1.2203688e+02   7.8917679e+01   1.8681542e+01   4.2107007e+01
  7.3736016e+01   6.7475922e+01   9.7739450e+01   1.2401613e+02   1.0960383e+02   6.8883960e+01   1.0112369e+02   1.0088112e+02   7.4330344e+01   1.1030866e+02   6.9856997e+01   6.9354164e+01   6.6610810e+01   2.8284271e+00   8.5440037e+00   7.2917762e+01   6.3639610e+01   9.6104110e+01   1.7117243e+01   3.5014283e+01   2.7892651e+01   6.9115845e+01   3.2695565e+01   3.4234486e+01   3.8327536e+01   0.0000000e+00   3.0364453e+01   1.2000000e+01   2.5317978e+01   1.8681542e+01   3.6687873e+01   9.8762341e+01   1.0682696e+02   1.0541821e+02   8.0653580e+01   1.0823123e+02   7.0028566e+01   6.6648331e+01   6.0876925e+01   2.8284271e+00   3.3734256e+01   1.9924859e+01   6.9404611e+01   2.8442925e+01   3.3615473e+01   1.1314592e+02   7.6059187e+01   8.0622577e+00   9.3536089e+01   2.0615528e+01   1.0406248e+02   3.1384710e+01   7.1470274e+01   1.0022475e+02   7.6006579e+01   6.9641941e+01   9.8473347e+01   8.1743501e+01   5.0000000e+00   1.2288613e+02   3.4928498e+01   3.0083218e+01   7.4000000e+01   3.2015621e+01   1.0625441e+02   7.6164296e+01   6.4443774e+01   2.3086793e+01   7.9705709e+01   7.0007142e+01   7.6216796e+01   1.2280065e+02   6.6708320e+01   1.2369317e+01   3.6235342e+01   2.6832816e+01   3.8832976e+01   6.0959003e+01   2.6248809e+01   3.4785054e+01   6.8000000e+01   1.2560255e+02   1.0462313e+02   1.2884487e+02   3.4481879e+01   1.0911004e+02   2.3345235e+01   9.9959992e+01   7.0710678e+00   6.8014704e+01   7.3109507e+01   3.1304952e+01   7.4168727e+01   1.0689247e+02   1.0538026e+02   8.0622577e+00   1.0440307e+01   9.6767763e+01   7.2449983e+01   3.2984845e+01   4.6690470e+01
  6.0074953e+01   4.1048752e+01   1.0360019e+02   1.0064790e+02   8.3815273e+01   3.8639358e+01   9.8081599e+01   1.0568349e+02   6.1131007e+01   8.4628600e+01   3.9623226e+01   4.0049969e+01   3.9051248e+01   3.1780497e+01   3.7483330e+01   8.2758685e+01   3.9395431e+01   9.8112181e+01   3.2015621e+01   1.1661904e+01   5.8240879e+01   8.2006097e+01   6.2968246e+01   7.0710678e+00   2.0615528e+01   3.0364453e+01   0.0000000e+00   2.9154759e+01   4.7381431e+01   2.5632011e+01   2.0880613e+01   7.5179785e+01   8.3630138e+01   7.9202273e+01   6.8183576e+01   8.4970583e+01   6.8425142e+01   7.8102497e+01   3.5777088e+01   3.2893768e+01   1.6492423e+01   4.4821870e+01   4.1868843e+01   3.0610456e+01   4.4721360e+00   8.7658428e+01   4.7381431e+01   2.2472205e+01   9.2612094e+01   4.6400431e+01   8.1835200e+01   6.1326992e+01   5.9413803e+01   1.0208330e+02   7.3409809e+01   7.5286121e+01   7.6896034e+01   8.2365041e+01   3.3541020e+01   1.0072239e+02   5.0990195e+00   2.6172505e+01   8.0808415e+01   2.2360680e+00   8.3354664e+01   4.7169906e+01   3.8948684e+01   2.5553865e+01   6.0141500e+01   4.2201896e+01   6.3126856e+01   9.9729635e+01   3.6496575e+01   2.6172505e+01   6.6309879e+01   2.2671568e+01   1.9235384e+01   3.5355339e+01   5.0249378e+01   2.0396078e+01   6.5741920e+01   1.0242070e+02   8.2462113e+01   1.0519030e+02   1.9416488e+01   8.5959293e+01   4.5967380e+01   1.0580170e+02   3.7363083e+01   4.2190046e+01   4.4283180e+01   6.1465437e+01   6.9289249e+01   8.4380092e+01   7.9404030e+01   3.0016662e+01   3.2015621e+01   1.0183320e+02   5.9135438e+01   3.1622777e+00   2.3537205e+01
  6.2649820e+01   6.0539243e+01   8.6539009e+01   1.1476933e+02   1.0153325e+02   6.7119297e+01   8.9140339e+01   8.9537702e+01   6.3158531e+01   1.0217632e+02   6.8117545e+01   6.9180922e+01   6.0373835e+01   1.0198039e+01   1.2041595e+01   6.2265560e+01   5.5803226e+01   8.4403791e+01   5.3851648e+00   3.7336309e+01   3.3015148e+01   5.9203040e+01   3.9051248e+01   3.4928498e+01   4.3046487e+01   1.2000000e+01   2.9154759e+01   0.0000000e+00   3.7215588e+01   7.8102497e+00   4.1880783e+01   1.0269372e+02   9.7672924e+01   9.7616597e+01   6.9289249e+01   9.9085821e+01   5.8034473e+01   5.6302753e+01   5.3535035e+01   1.4142136e+01   3.8078866e+01   3.1575307e+01   6.3063460e+01   1.6763055e+01   3.1016125e+01   1.0489042e+02   7.6531039e+01   1.3601471e+01   8.1614950e+01   3.2015621e+01   1.0868763e+02   3.8897301e+01   6.0166436e+01   8.8526832e+01   6.4007812e+01   5.8189346e+01   8.8865066e+01   6.9871310e+01   9.8488578e+00   1.1322985e+02   3.4234486e+01   1.9416488e+01   6.2769419e+01   3.1256999e+01   1.1057124e+02   7.6321688e+01   5.7140179e+01   1.2206556e+01   8.5234969e+01   7.1196910e+01   6.5000000e+01   1.1345484e+02   6.5069194e+01   3.0000000e+00   4.3185646e+01   1.6970563e+01   4.2941821e+01   5.3851648e+01   3.7854986e+01   4.0224371e+01   5.6000000e+01   1.1627553e+02   9.5131488e+01   1.1967038e+02   3.9661064e+01   1.1331814e+02   3.5227830e+01   8.8769364e+01   1.4764823e+01   6.0745370e+01   7.3437048e+01   3.8209946e+01   6.2201286e+01   1.1140018e+02   9.7452553e+01   4.1231056e+00   3.6055513e+00   8.5440037e+01   6.1326992e+01   3.2249031e+01   3.9446166e+01
  9.8671171e+01   8.8090862e+01   1.2054045e+02   1.4672764e+02   1.3087399e+02   8.1987804e+01   1.2600397e+02   1.2397580e+02   9.9327740e+01   1.3165485e+02   8.2855296e+01   7.9705709e+01   8.6371292e+01   2.7073973e+01   2.8284271e+01   9.4921020e+01   8.5445889e+01   1.2007081e+02   4.2047592e+01   4.5793013e+01   2.9206164e+01   8.9888820e+01   2.8635642e+01   4.7801674e+01   4.3657760e+01   2.5317978e+01   4.7381431e+01   3.7215588e+01   0.0000000e+00   4.3931765e+01   4.1436699e+01   9.9020200e+01   1.2954150e+02   1.2637247e+02   1.0577334e+02   1.3092364e+02   9.5021050e+01   8.8232647e+01   8.2200973e+01   2.3086793e+01   4.1146081e+01   6.3245553e+00   8.9196412e+01   5.3758720e+01   5.1662365e+01   1.3462912e+02   8.4758480e+01   2.8635642e+01   1.1815244e+02   7.2111026e+00   1.0248902e+02   2.4698178e+01   9.6566040e+01   1.2416924e+02   1.0104454e+02   9.3214806e+01   1.2180312e+02   1.0623088e+02   2.8000000e+01   1.4612324e+02   5.0328918e+01   5.5081757e+01   9.7082439e+01   4.8104054e+01   1.0530432e+02   8.5440037e+01   8.5603738e+01   4.8270074e+01   7.7317527e+01   7.7794601e+01   1.0124228e+02   1.4564683e+02   7.9755878e+01   3.7656341e+01   2.9120440e+01   5.1546096e+01   4.5310043e+01   8.2006097e+01   4.0000000e+00   3.9560081e+01   9.3085982e+01   1.4840822e+02   1.2776932e+02   1.5143315e+02   3.9924930e+01   1.0829589e+02   2.0000000e+00   1.2272327e+02   2.4186773e+01   8.9022469e+01   8.2280010e+01   2.6400758e+01   9.9408249e+01   1.0547512e+02   1.2650692e+02   3.3136083e+01   3.5014283e+01   1.1985408e+02   9.7416631e+01   4.8836462e+01   6.8505474e+01
  5.5154329e+01   5.3235327e+01   8.3186537e+01   1.0696261e+02   9.3861600e+01   6.2032250e+01   8.3600239e+01   8.5906926e+01   5.5713553e+01   9.4493386e+01   6.3031738e+01   6.4938432e+01   5.3310412e+01   1.7464249e+01   1.9849433e+01   6.0000000e+01   4.8259714e+01   8.0006250e+01   7.0710678e+00   3.5510562e+01   4.0607881e+01   5.7982756e+01   4.6754679e+01   3.2202484e+01   4.2520583e+01   1.8681542e+01   2.5632011e+01   7.8102497e+00   4.3931765e+01   0.0000000e+00   4.1725292e+01   1.0062306e+02   8.9872131e+01   9.0000000e+01   6.1983869e+01   9.1285267e+01   5.2469038e+01   5.4561891e+01   4.6141088e+01   2.1189620e+01   3.7536649e+01   3.8600518e+01   5.5946403e+01   1.0000000e+01   2.6476405e+01   9.7185390e+01   7.2567210e+01   1.7262677e+01   7.6485293e+01   3.9217343e+01   1.0704205e+02   4.6690470e+01   5.2810984e+01   8.4118963e+01   5.8309519e+01   5.4561891e+01   8.1055537e+01   6.5000000e+01   1.7492856e+01   1.0542296e+02   3.0675723e+01   1.1661904e+01   5.9539903e+01   2.7856777e+01   1.0870603e+02   7.2180330e+01   4.9739320e+01   4.4721360e+00   8.4403791e+01   6.7720012e+01   5.7584720e+01   1.0564563e+02   6.0074953e+01   6.3245553e+00   5.0931326e+01   9.2195445e+00   4.2011903e+01   4.6529560e+01   4.4922155e+01   4.0311289e+01   5.0249378e+01   1.0846658e+02   8.7321246e+01   1.1186599e+02   3.9597980e+01   1.1136427e+02   4.1976184e+01   8.5422479e+01   2.2472205e+01   5.3338541e+01   6.9426220e+01   4.5967380e+01   5.6000000e+01   1.0965856e+02   8.9810912e+01   1.1661904e+01   1.1313708e+01   8.1859636e+01   5.3851648e+01   2.8792360e+01   3.2202484e+01
  8.0504658e+01   5.6612719e+01   1.2342204e+02   1.1645600e+02   9.7943861e+01   4.1868843e+01   1.1892855e+02   1.2571794e+02   8.1614950e+01   9.8843310e+01   4.2638011e+01   3.8470768e+01   5.3488316e+01   3.9217343e+01   4.5221676e+01   1.0141499e+02   5.6885851e+01   1.1853270e+02   4.6400431e+01   1.0000000e+01   6.2128898e+01   9.9704564e+01   6.5030762e+01   1.5033296e+01   2.2360680e+00   3.6687873e+01   2.0880613e+01   4.1880783e+01   4.1436699e+01   4.1725292e+01   0.0000000e+00   6.2096699e+01   9.9929975e+01   9.3021503e+01   8.8684835e+01   1.0119289e+02   8.9050547e+01   9.6208108e+01   5.2952809e+01   3.8078866e+01   4.4721360e+00   4.1773197e+01   5.6080300e+01   4.9203658e+01   2.4331050e+01   1.0198039e+02   4.3324358e+01   2.9546573e+01   1.1331814e+02   4.3737855e+01   6.7416615e+01   6.2201286e+01   8.0062476e+01   1.2254387e+02   9.4154129e+01   9.4868330e+01   9.4366308e+01   1.0285913e+02   4.1436699e+01   1.1734138e+02   1.9026298e+01   4.5793013e+01   1.0020978e+02   1.9416488e+01   6.9570109e+01   4.4011362e+01   5.5542776e+01   4.3278170e+01   4.3416587e+01   3.6400549e+01   8.3600239e+01   1.1576701e+02   3.9698866e+01   3.9408121e+01   6.7268120e+01   4.1880783e+01   4.2426407e+00   5.2172790e+01   4.5221676e+01   2.0000000e+00   8.6406018e+01   1.1833005e+02   9.9458534e+01   1.2070211e+02   2.2360680e+00   7.2422372e+01   4.0804412e+01   1.2564235e+02   4.3174066e+01   5.8240879e+01   4.0853396e+01   6.3071388e+01   9.0138782e+01   7.0228199e+01   9.3471921e+01   4.0706265e+01   4.3416587e+01   1.2179491e+02   7.9630396e+01   1.9235384e+01   4.3011626e+01
  1.1822436e+02   8.2152298e+01   1.7477128e+02   1.2643575e+02   1.0538026e+02   5.1312766e+01   1.6243152e+02   1.7608237e+02   1.1962023e+02   1.0636729e+02   5.0774009e+01   4.2801869e+01   7.7698134e+01   1.0124228e+02   1.0728001e+02   1.5660460e+02   8.7658428e+01   1.6693112e+02   1.0651291e+02   6.5391131e+01   1.2362848e+02   1.5670673e+02   1.2578156e+02   6.8425142e+01   6.0440053e+01   9.8762341e+01   7.5179785e+01   1.0269372e+02   9.9020200e+01   1.0062306e+02   6.2096699e+01   0.0000000e+00   1.1472576e+02   1.0062306e+02   1.2592458e+02   1.1544696e+02   1.3717872e+02   1.5255163e+02   8.4403791e+01   1.0016986e+02   6.5145990e+01   1.0131634e+02   7.8390050e+01   1.0547512e+02   7.5471849e+01   1.0917875e+02   3.5510562e+01   9.1394748e+01   1.5945219e+02   1.0331021e+02   8.5440037e+00   1.2249490e+02   1.1980818e+02   1.7053152e+02   1.4080128e+02   1.4775656e+02   1.1482596e+02   1.5132746e+02   1.0344564e+02   1.3041856e+02   7.0327804e+01   1.0040418e+02   1.5352524e+02   7.2945185e+01   8.4852814e+00   3.7215588e+01   8.4314886e+01   1.0072239e+02   2.2561028e+01   3.6069378e+01   1.2124768e+02   1.2675173e+02   5.1613952e+01   9.9924972e+01   1.2739309e+02   9.7416631e+01   6.0083276e+01   8.3006024e+01   1.0301942e+02   6.4031242e+01   1.3435029e+02   1.2841339e+02   1.1704700e+02   1.2887591e+02   6.4288413e+01   1.0816654e+01   9.9080775e+01   1.7686718e+02   1.0526158e+02   8.4380092e+01   3.8013156e+01   1.2368508e+02   1.3528119e+02   1.0000000e+01   1.0178900e+02   1.0218121e+02   1.0475209e+02   1.7258621e+02   1.1800424e+02   7.2069411e+01   8.4864598e+01
  4.2720019e+01   4.3324358e+01   9.9322706e+01   1.7204651e+01   1.3892444e+01   6.8007353e+01   7.3006849e+01   9.7739450e+01   4.3324358e+01   1.3416408e+01   6.8029405e+01   7.7058419e+01   4.6572524e+01   1.0652699e+02   1.0971326e+02   9.8655968e+01   4.4294469e+01   8.6579443e+01   9.5462034e+01   9.0476516e+01   1.3011533e+02   1.0501905e+02   1.3647344e+02   8.6162637e+01   9.8371744e+01   1.0682696e+02   8.3630138e+01   9.7672924e+01   1.2954150e+02   8.9872131e+01   9.9929975e+01   1.1472576e+02   0.0000000e+00   1.6278821e+01   4.2579338e+01   1.4142136e+00   6.9426220e+01   1.0016986e+02   4.7853944e+01   1.0963576e+02   9.6798760e+01   1.2567020e+02   4.4147480e+01   8.2807005e+01   7.9158070e+01   1.3341664e+01   8.1614950e+01   1.0125710e+02   7.6531039e+01   1.2682665e+02   1.2322743e+02   1.3656134e+02   4.6818800e+01   8.8119237e+01   6.7475922e+01   8.6683332e+01   1.0440307e+01   7.7058419e+01   1.0705606e+02   1.7464249e+01   8.2462113e+01   7.8492038e+01   9.1082380e+01   8.3671979e+01   1.2212289e+02   7.9630396e+01   4.4777226e+01   8.5586214e+01   1.1621101e+02   8.5094066e+01   4.2720019e+01   1.6124515e+01   6.9007246e+01   9.5671312e+01   1.4073024e+02   8.0721744e+01   9.6166522e+01   4.8332184e+01   1.3174597e+02   1.0056838e+02   6.7911707e+01   1.8867962e+01   5.0990195e+00   2.2022716e+01   9.9624294e+01   1.2301626e+02   1.2786321e+02   1.0049876e+02   1.1204463e+02   4.1785165e+01   8.0305666e+01   1.3579396e+02   6.1814238e+01   1.2404032e+02   1.4866069e+01   1.0131634e+02   1.0117806e+02   9.6332757e+01   4.4011362e+01   8.3258633e+01   6.1057350e+01
  5.1088159e+01   3.8288379e+01   1.1180340e+02   2.6019224e+01   5.0990195e+00   5.6885851e+01   8.6977008e+01   1.1063453e+02   5.2038447e+01   6.0827625e+00   5.6718604e+01   6.5490457e+01   4.0224371e+01   1.0555094e+02   1.0948059e+02   1.0816654e+02   4.1868843e+01   9.9463561e+01   9.6260064e+01   8.4219950e+01   1.3060245e+02   1.1374533e+02   1.3665284e+02   8.0454956e+01   9.1235958e+01   1.0541821e+02   7.9202273e+01   9.7616597e+01   1.2637247e+02   9.0000000e+01   9.3021503e+01   1.0062306e+02   1.6278821e+01   0.0000000e+00   5.3235327e+01   1.6401219e+01   7.9025312e+01   1.0877959e+02   4.4553339e+01   1.0824509e+02   9.0426766e+01   1.2316655e+02   3.7443290e+01   8.4380092e+01   7.4813100e+01   9.2195445e+00   6.9007246e+01   9.9005050e+01   8.9498603e+01   1.2452309e+02   1.0904128e+02   1.3623509e+02   5.5145263e+01   1.0139033e+02   7.8102497e+01   9.6130120e+01   2.2847319e+01   8.8459030e+01   1.0640489e+02   2.9832868e+01   7.7103826e+01   7.9322128e+01   1.0101980e+02   7.8816242e+01   1.0770794e+02   6.7007462e+01   4.1012193e+01   8.6023253e+01   1.0407689e+02   7.3334848e+01   5.2000000e+01   2.6172505e+01   5.8249464e+01   9.5268043e+01   1.4071958e+02   8.0802228e+01   8.9000000e+01   4.4553339e+01   1.2897287e+02   9.3941471e+01   7.7103826e+01   2.8017851e+01   2.0615528e+01   2.9154759e+01   9.3059121e+01   1.0841587e+02   1.2484390e+02   1.1315918e+02   1.1128791e+02   3.7483330e+01   6.8117545e+01   1.3572398e+02   7.2027772e+01   1.0965856e+02   1.4142136e+00   1.0089599e+02   1.0121265e+02   1.0885311e+02   5.2153619e+01   7.8236820e+01   5.8728187e+01
  8.2462113e+00   4.4045431e+01   5.8940648e+01   5.6080300e+01   5.4000000e+01   7.4632433e+01   3.7643060e+01   5.8189346e+01   7.0710678e+00   5.4009258e+01   7.5213031e+01   8.3216585e+01   4.8414874e+01   7.9378838e+01   8.0622577e+01   5.6089215e+01   3.8275318e+01   4.7169906e+01   6.5391131e+01   7.8771822e+01   9.8270036e+01   6.2641839e+01   1.0495713e+02   7.3681748e+01   8.7965902e+01   8.0653580e+01   6.8183576e+01   6.9289249e+01   1.0577334e+02   6.1983869e+01   8.8684835e+01   1.2592458e+02   4.2579338e+01   5.3235327e+01   0.0000000e+00   4.3737855e+01   2.6925824e+01   5.7870545e+01   4.1677332e+01   8.3168504e+01   8.4480767e+01   1.0057833e+02   4.8166378e+01   5.2554733e+01   6.4381674e+01   5.5145263e+01   9.0443352e+01   7.7665951e+01   3.7576588e+01   1.0119289e+02   1.3423859e+02   1.0606602e+02   9.2195445e+00   4.9658836e+01   2.5019992e+01   4.4147480e+01   3.2249031e+01   3.5227830e+01   7.9120162e+01   5.1884487e+01   6.9720872e+01   5.0695167e+01   4.8507731e+01   6.9354164e+01   1.3427211e+02   8.8814413e+01   4.1617304e+01   5.7567352e+01   1.1950732e+02   9.0553851e+01   5.0990195e+00   5.4230987e+01   7.4330344e+01   6.8308125e+01   1.0941663e+02   5.4341513e+01   8.6145226e+01   4.3046487e+01   1.0690182e+02   8.8459030e+01   2.5632011e+01   5.6859476e+01   3.7854986e+01   6.0926185e+01   8.7464278e+01   1.3601471e+02   1.0384604e+02   6.0440053e+01   8.3934498e+01   4.1868843e+01   8.7920419e+01   1.0480935e+02   1.9235384e+01   1.3591541e+02   5.2153619e+01   7.3389373e+01   7.2235725e+01   5.6044625e+01   9.0553851e+00   6.9462220e+01   4.6097722e+01
  4.4011362e+01   4.4598206e+01   1.0024470e+02   1.5811388e+01   1.3601471e+01   6.9000000e+01   7.3756356e+01   9.8615415e+01   4.4598206e+01   1.3038405e+01   6.9007246e+01   7.8025637e+01   4.7801674e+01   1.0793517e+02   1.1112605e+02   9.9824847e+01   4.5650849e+01   8.7464278e+01   9.6876210e+01   9.1760558e+01   1.3152946e+02   1.0623088e+02   1.3788764e+02   8.7464278e+01   9.9624294e+01   1.0823123e+02   8.4970583e+01   9.9085821e+01   1.3092364e+02   9.1285267e+01   1.0119289e+02   1.1544696e+02   1.4142136e+00   1.6401219e+01   4.3737855e+01   0.0000000e+00   7.0611614e+01   1.0139033e+02   4.9193496e+01   1.1104053e+02   9.8081599e+01   1.2706298e+02   4.5354162e+01   8.4219950e+01   8.0498447e+01   1.2649111e+01   8.2492424e+01   1.0264989e+02   7.7414469e+01   1.2822246e+02   1.2393950e+02   1.3797464e+02   4.8104054e+01   8.8955045e+01   6.8593003e+01   8.7863531e+01   1.1704700e+01   7.8102497e+01   1.0846658e+02   1.6278821e+01   8.3773504e+01   7.9906195e+01   9.2227978e+01   8.5000000e+01   1.2280065e+02   8.0504658e+01   4.6097722e+01   8.7000000e+01   1.1715375e+02   8.6052310e+01   4.3965896e+01   1.4764823e+01   7.0028566e+01   9.7082439e+01   1.4214429e+02   8.2134037e+01   9.7416631e+01   4.9658836e+01   1.3313527e+02   1.0184302e+02   6.9123079e+01   1.7492856e+01   6.0000000e+00   2.0615528e+01   1.0090094e+02   1.2366487e+02   1.2924782e+02   1.0140020e+02   1.1345484e+02   4.3081318e+01   8.1221918e+01   1.3720787e+02   6.2968246e+01   1.2472369e+02   1.5000000e+01   1.0272780e+02   1.0259142e+02   9.7252249e+01   4.5310043e+01   8.4581322e+01   6.2433965e+01
  2.8017851e+01   6.0373835e+01   3.8013156e+01   8.2873397e+01   8.0305666e+01   8.7618491e+01   3.1144823e+01   3.8948684e+01   2.7000000e+01   8.0399005e+01   8.8408144e+01   9.4921020e+01   6.4007812e+01   6.8000000e+01   6.7268120e+01   2.9274562e+01   5.3235327e+01   3.0000000e+01   5.3000000e+01   8.0062476e+01   8.0956779e+01   3.5735137e+01   8.7595662e+01   7.5179785e+01   8.9000000e+01   7.0028566e+01   6.8425142e+01   5.8034473e+01   9.5021050e+01   5.2469038e+01   8.9050547e+01   1.3717872e+02   6.9426220e+01   7.9025312e+01   2.6925824e+01   7.0611614e+01   0.0000000e+00   3.1016125e+01   5.5226805e+01   7.2000000e+01   8.4581322e+01   8.9089842e+01   6.4845971e+01   4.2579338e+01   6.5863495e+01   8.1743501e+01   1.0282509e+02   6.9720872e+01   2.4351591e+01   8.9202018e+01   1.4500000e+02   8.9560036e+01   2.4083189e+01   3.3837849e+01   6.0827625e+00   1.7262677e+01   5.9033889e+01   1.4212670e+01   6.7029844e+01   7.8390050e+01   7.1693793e+01   4.3965896e+01   2.2000000e+01   7.0235319e+01   1.4566400e+02   1.0153325e+02   5.6824291e+01   4.8836462e+01   1.2660569e+02   1.0111874e+02   2.7073973e+01   8.0993827e+01   8.6683332e+01   5.8215118e+01   9.2027170e+01   4.8083261e+01   8.7658428e+01   5.6603887e+01   9.5189285e+01   8.8238314e+01   2.8284271e+00   8.3570330e+01   6.4761099e+01   8.7664132e+01   8.7321246e+01   1.4780054e+02   9.3021503e+01   4.0000000e+01   7.1175839e+01   5.8600341e+01   9.9904955e+01   8.7931792e+01   8.0622577e+00   1.4708501e+02   7.8057671e+01   6.2008064e+01   6.0008333e+01   3.5608988e+01   2.7073973e+01   7.0710678e+01   5.2345009e+01
  5.7870545e+01   8.4528102e+01   3.3060551e+01   1.1388591e+02   1.1047624e+02   1.0701869e+02   4.9396356e+01   3.7000000e+01   5.7070132e+01   1.1064357e+02   1.0793517e+02   1.1271202e+02   8.7321246e+01   6.3953108e+01   6.0539243e+01   7.0000000e+00   7.7278716e+01   3.6687873e+01   5.1039201e+01   8.9196412e+01   6.6121101e+01   5.0000000e+00   7.2006944e+01   8.5146932e+01   9.6876210e+01   6.6648331e+01   7.8102497e+01   5.6302753e+01   8.8232647e+01   5.4561891e+01   9.6208108e+01   1.5255163e+02   1.0016986e+02   1.0877959e+02   5.7870545e+01   1.0139033e+02   3.1016125e+01   0.0000000e+00   7.8102497e+01   6.7542579e+01   9.1934759e+01   8.1908486e+01   8.8842557e+01   4.7507894e+01   7.7201036e+01   1.1217843e+02   1.2076837e+02   6.9892775e+01   3.9962482e+01   8.1320354e+01   1.5961516e+02   7.5106591e+01   5.3758720e+01   4.0261644e+01   3.4481879e+01   1.4422205e+01   8.9738509e+01   2.9732137e+01   6.2169124e+01   1.0938464e+02   8.2619610e+01   5.2201533e+01   1.3038405e+01   8.0280757e+01   1.6089748e+02   1.1985408e+02   8.0603970e+01   5.3037722e+01   1.3819190e+02   1.1747766e+02   5.7489129e+01   1.1200893e+02   1.0560303e+02   5.8008620e+01   7.6006579e+01   5.5443665e+01   9.6176920e+01   7.9309520e+01   8.7091905e+01   9.4847246e+01   3.2280025e+01   1.1458621e+02   9.5603347e+01   1.1868024e+02   9.4111636e+01   1.6336768e+02   8.6330759e+01   3.5128336e+01   6.4621978e+01   8.3186537e+01   1.1764778e+02   7.3061618e+01   3.9000000e+01   1.6204938e+02   1.0791200e+02   5.9169249e+01   5.6435804e+01   3.3015148e+01   5.6718604e+01   8.1055537e+01   7.0384657e+01
  3.3837849e+01   7.2801099e+00   9.3193347e+01   6.4884513e+01   4.8836462e+01   3.3301652e+01   7.8102497e+01   9.3813645e+01   3.5227830e+01   4.9578221e+01   3.3970576e+01   4.1617304e+01   9.2195445e+00   6.1073726e+01   6.5215029e+01   8.0006250e+01   4.0000000e+00   8.3868945e+01   5.2773099e+01   4.3174066e+01   8.6533231e+01   8.2975900e+01   9.2417531e+01   3.8600518e+01   5.1623638e+01   6.0876925e+01   3.5777088e+01   5.3535035e+01   8.2200973e+01   4.6141088e+01   5.2952809e+01   8.4403791e+01   4.7853944e+01   4.4553339e+01   4.1677332e+01   4.9193496e+01   5.5226805e+01   7.8102497e+01   0.0000000e+00   6.3702433e+01   4.9477268e+01   7.8746428e+01   1.1000000e+01   4.2059482e+01   3.1304952e+01   5.2497619e+01   4.9040799e+01   5.4488531e+01   7.5690158e+01   8.0056230e+01   9.2655275e+01   9.1831367e+01   3.5468296e+01   8.7206651e+01   5.7801384e+01   6.9079664e+01   4.1484937e+01   6.8818602e+01   6.2008064e+01   6.5000000e+01   3.4785054e+01   3.6400549e+01   7.4846510e+01   3.5846897e+01   9.2800862e+01   4.7507894e+01   3.6055513e+00   4.2485292e+01   7.8185676e+01   4.8877398e+01   3.6891733e+01   6.3953108e+01   3.2802439e+01   5.1039201e+01   9.6400207e+01   3.7121422e+01   4.9497475e+01   1.4142136e+00   8.4646323e+01   5.3366656e+01   5.2478567e+01   6.6648331e+01   4.6818800e+01   6.9462220e+01   5.2392748e+01   9.4641429e+01   8.0603970e+01   9.5131488e+01   6.6843100e+01   7.2111026e+00   4.6400431e+01   9.1400219e+01   5.1855569e+01   9.4403390e+01   4.4553339e+01   5.6612719e+01   5.7140179e+01   9.0697299e+01   3.3600595e+01   3.5468296e+01   1.4212670e+01
  7.6321688e+01   7.0292247e+01   9.8979796e+01   1.2682271e+02   1.1243220e+02   7.1309186e+01   1.0304368e+02   1.0220078e+02   7.6896034e+01   1.1313708e+02   7.2277244e+01   7.1568149e+01   6.9404611e+01   4.0000000e+00   7.8102497e+00   7.3925638e+01   6.6468037e+01   9.7672924e+01   1.9000000e+01   3.7013511e+01   2.5495098e+01   6.9835521e+01   3.0083218e+01   3.6496575e+01   3.9812058e+01   2.8284271e+00   3.2893768e+01   1.4142136e+01   2.3086793e+01   2.1189620e+01   3.8078866e+01   1.0016986e+02   1.0963576e+02   1.0824509e+02   8.3168504e+01   1.1104053e+02   7.2000000e+01   6.7542579e+01   6.3702433e+01   0.0000000e+00   3.5355339e+01   1.7464249e+01   7.2201108e+01   3.0805844e+01   3.6249138e+01   1.1597414e+02   7.8160092e+01   1.0440307e+01   9.5336247e+01   1.8027756e+01   1.0530432e+02   2.8653098e+01   7.4000000e+01   1.0178900e+02   7.8006410e+01   7.1063352e+01   1.0125710e+02   8.3486526e+01   5.3851648e+00   1.2567020e+02   3.7363083e+01   3.2695565e+01   7.5286121e+01   3.4481879e+01   1.0756393e+02   7.8313473e+01   6.7268120e+01   2.5632011e+01   8.0777472e+01   7.2006944e+01   7.8771822e+01   1.2560255e+02   6.9123079e+01   1.4866069e+01   3.3541020e+01   2.9529646e+01   4.0447497e+01   6.3780875e+01   2.3769729e+01   3.6138622e+01   7.0028566e+01   1.2840561e+02   1.0741508e+02   1.3165485e+02   3.5902646e+01   1.1044003e+02   2.1095023e+01   1.0119289e+02   5.0990195e+00   7.0837843e+01   7.5239617e+01   2.8635642e+01   7.6321688e+01   1.0815729e+02   1.0820813e+02   1.0049876e+01   1.2041595e+01   9.8081599e+01   7.5026662e+01   3.5440090e+01   4.9517674e+01
  7.6321688e+01   5.3488316e+01   1.1898319e+02   1.1346365e+02   9.5294281e+01   4.1048752e+01   1.1449017e+02   1.2126417e+02   7.7414469e+01   9.6176920e+01   4.1880783e+01   3.8626416e+01   5.0566788e+01   3.6138622e+01   4.2201896e+01   9.7082439e+01   5.3366656e+01   1.1406139e+02   4.2438190e+01   6.3245553e+00   6.0000000e+01   9.5482983e+01   6.3285069e+01   1.1045361e+01   5.0000000e+00   3.3734256e+01   1.6492423e+01   3.8078866e+01   4.1146081e+01   3.7536649e+01   4.4721360e+00   6.5145990e+01   9.6798760e+01   9.0426766e+01   8.4480767e+01   9.8081599e+01   8.4581322e+01   9.1934759e+01   4.9477268e+01   3.5355339e+01   0.0000000e+00   4.0804412e+01   5.3225934e+01   4.4821870e+01   2.0099751e+01   9.9297533e+01   4.4147480e+01   2.6248809e+01   1.0885311e+02   4.2720019e+01   7.0774289e+01   6.0671245e+01   7.5802375e+01   1.1807201e+02   8.9693924e+01   9.0443352e+01   9.0956033e+01   9.8386991e+01   3.8327536e+01   1.1416217e+02   1.5033296e+01   4.1340053e+01   9.5801879e+01   1.5132746e+01   7.2801099e+01   4.4643029e+01   5.2201533e+01   3.8948684e+01   4.7169906e+01   3.7483330e+01   7.9404030e+01   1.1272089e+02   3.8832976e+01   3.5510562e+01   6.5764732e+01   3.7443290e+01   5.0990195e+00   4.8764741e+01   4.4777226e+01   4.0000000e+00   8.1939002e+01   1.1531695e+02   9.6166522e+01   1.1778370e+02   3.0000000e+00   7.5610846e+01   4.0311289e+01   1.2120231e+02   4.0447497e+01   5.5027266e+01   4.1484937e+01   6.1400326e+01   8.5702975e+01   7.3539105e+01   9.0824006e+01   3.7161808e+01   3.9812058e+01   1.1734564e+02   7.5425460e+01   1.5033296e+01   3.9012818e+01
  9.3637599e+01   8.4899941e+01   1.1423660e+02   1.4287407e+02   1.2756175e+02   8.0956779e+01   1.2000417e+02   1.1768602e+02   9.4244363e+01   1.2831602e+02   8.1859636e+01   7.9378838e+01   8.3450584e+01   2.1377558e+01   2.2090722e+01   8.8600226e+01   8.1835200e+01   1.1386395e+02   3.6221541e+01   4.4777226e+01   2.4186773e+01   8.3570330e+01   2.4738634e+01   4.6141088e+01   4.3931765e+01   1.9924859e+01   4.4821870e+01   3.1575307e+01   6.3245553e+00   3.8600518e+01   4.1773197e+01   1.0131634e+02   1.2567020e+02   1.2316655e+02   1.0057833e+02   1.2706298e+02   8.9089842e+01   8.1908486e+01   7.8746428e+01   1.7464249e+01   4.0804412e+01   0.0000000e+00   8.6278618e+01   4.8270074e+01   4.8918299e+01   1.3124405e+02   8.4899941e+01   2.4413111e+01   1.1207141e+02   2.0000000e+00   1.0522357e+02   2.1213203e+01   9.1394748e+01   1.1795762e+02   9.5131488e+01   8.6977008e+01   1.1766053e+02   1.0012492e+02   2.2090722e+01   1.4204225e+02   4.8259714e+01   4.9979996e+01   9.0801982e+01   4.5803930e+01   1.0791200e+02   8.5440037e+01   8.2219219e+01   4.3011626e+01   8.0062476e+01   7.8102497e+01   9.6135321e+01   1.4173567e+02   7.8721026e+01   3.2280025e+01   2.6076810e+01   4.6615448e+01   4.5354162e+01   7.8644771e+01   6.3245553e+00   3.9812058e+01   8.7206651e+01   1.4451644e+02   1.2371338e+02   1.4763468e+02   4.0024992e+01   1.1088733e+02   4.4721360e+00   1.1641735e+02   1.8027756e+01   8.5702975e+01   8.2280010e+01   2.2561028e+01   9.3648278e+01   1.0818965e+02   1.2323960e+02   2.7459060e+01   2.9154759e+01   1.1356496e+02   9.2357999e+01   4.6615448e+01   6.4815122e+01
  4.1036569e+01   4.4721360e+00   1.0257680e+02   6.0406953e+01   4.2190046e+01   2.7313001e+01   8.5562842e+01   1.0292716e+02   4.2449971e+01   4.3046487e+01   2.7730849e+01   3.6400549e+01   2.8284271e+00   6.9892775e+01   7.4431176e+01   9.0520716e+01   1.1704700e+01   9.2655275e+01   6.2769419e+01   4.6957428e+01   9.5880134e+01   9.3744333e+01   1.0154802e+02   4.3046487e+01   5.4424259e+01   6.9404611e+01   4.1868843e+01   6.3063460e+01   8.9196412e+01   5.5946403e+01   5.6080300e+01   7.8390050e+01   4.4147480e+01   3.7443290e+01   4.8166378e+01   4.5354162e+01   6.4845971e+01   8.8842557e+01   1.1000000e+01   7.2201108e+01   5.3225934e+01   8.6278618e+01   0.0000000e+00   5.2630789e+01   3.7536649e+01   4.6141088e+01   4.2941821e+01   6.2481997e+01   8.4023806e+01   8.7726849e+01   8.6833173e+01   1.0068764e+02   4.3416587e+01   9.5801879e+01   6.6887966e+01   7.9378838e+01   4.0000000e+01   7.8032045e+01   7.1021124e+01   6.1611687e+01   3.9661064e+01   4.6840154e+01   8.5094066e+01   4.1400483e+01   8.6608314e+01   4.1182521e+01   8.2462113e+00   5.2554733e+01   7.4953319e+01   4.4271887e+01   4.3840620e+01   5.9774577e+01   2.7513633e+01   6.0415230e+01   1.0539450e+02   4.7169906e+01   5.2201533e+01   1.0049876e+01   9.1934759e+01   5.6859476e+01   6.2169124e+01   6.2297673e+01   4.4283180e+01   6.4621978e+01   5.5946403e+01   8.8204308e+01   8.7726849e+01   1.0444616e+02   7.5716577e+01   6.4031242e+00   4.0718546e+01   1.0040418e+02   6.0745370e+01   8.8323270e+01   3.7735925e+01   6.5863495e+01   6.6648331e+01   9.9984999e+01   4.1109610e+01   4.0804412e+01   2.3769729e+01
  4.6065171e+01   4.9335586e+01   7.4431176e+01   9.9704564e+01   8.7920419e+01   6.3150614e+01   7.3681748e+01   7.6941536e+01   4.6518813e+01   8.8481637e+01   6.4132675e+01   6.7357256e+01   5.0219518e+01   2.6925824e+01   2.8178006e+01   5.2345009e+01   4.3462628e+01   7.0576200e+01   1.3038405e+01   4.1725292e+01   4.7423623e+01   5.1400389e+01   5.3907328e+01   3.7643060e+01   4.9678969e+01   2.8442925e+01   3.0610456e+01   1.6763055e+01   5.3758720e+01   1.0000000e+01   4.9203658e+01   1.0547512e+02   8.2807005e+01   8.4380092e+01   5.2554733e+01   8.4219950e+01   4.2579338e+01   4.7507894e+01   4.2059482e+01   3.0805844e+01   4.4821870e+01   4.8270074e+01   5.2630789e+01   0.0000000e+00   3.0016662e+01   9.1021975e+01   7.5272837e+01   2.7166155e+01   6.6708320e+01   4.8764741e+01   1.1232987e+02   5.4405882e+01   4.3462628e+01   7.4672619e+01   4.8373546e+01   4.5793013e+01   7.3552702e+01   5.5362442e+01   2.6570661e+01   9.7744565e+01   3.5227830e+01   6.0000000e+00   5.1039201e+01   3.2802439e+01   1.1374093e+02   7.4632433e+01   4.5541190e+01   6.3245553e+00   9.0686272e+01   7.1175839e+01   4.8332184e+01   9.8290386e+01   6.1392182e+01   1.6124515e+01   5.8258047e+01   8.0622577e+00   4.8836462e+01   4.2720019e+01   5.4571055e+01   4.8010416e+01   4.0311289e+01   1.0111874e+02   7.9906195e+01   1.0466136e+02   4.7201695e+01   1.1628413e+02   5.1788030e+01   7.6661594e+01   3.1384710e+01   4.9040799e+01   7.2111026e+01   5.3413481e+01   4.6000000e+01   1.1482596e+02   8.4059503e+01   2.0880613e+01   1.9697716e+01   7.2945185e+01   4.4721360e+01   3.3600595e+01   2.9274562e+01
  5.6222771e+01   3.6619667e+01   1.0167104e+02   9.6176920e+01   7.9404030e+01   3.6124784e+01   9.5078915e+01   1.0360019e+02   5.7314920e+01   8.0212219e+01   3.7121422e+01   3.8470768e+01   3.4713110e+01   3.4785054e+01   4.0261644e+01   8.1565924e+01   3.4928498e+01   9.5718337e+01   3.3241540e+01   1.4560220e+01   6.1351447e+01   8.1271151e+01   6.6309879e+01   9.4868330e+00   2.3769729e+01   3.3615473e+01   4.4721360e+00   3.1016125e+01   5.1662365e+01   2.6476405e+01   2.4331050e+01   7.5471849e+01   7.9158070e+01   7.4813100e+01   6.4381674e+01   8.0498447e+01   6.5863495e+01   7.7201036e+01   3.1304952e+01   3.6249138e+01   2.0099751e+01   4.8918299e+01   3.7536649e+01   3.0016662e+01   0.0000000e+00   8.3234608e+01   4.6097722e+01   2.5942244e+01   8.9894382e+01   5.0447993e+01   8.2419658e+01   6.4845971e+01   5.5731499e+01   9.9644368e+01   7.0661163e+01   7.3593478e+01   7.2449983e+01   7.9924965e+01   3.6400549e+01   9.6254870e+01   5.8309519e+00   2.5000000e+01   7.9208585e+01   5.0000000e+00   8.3761566e+01   4.5705580e+01   3.4481879e+01   2.5632011e+01   6.1554854e+01   4.1436699e+01   5.9304300e+01   9.5257546e+01   3.4058773e+01   2.8017851e+01   6.9778220e+01   2.1954498e+01   2.2135944e+01   3.0886890e+01   5.4451814e+01   2.4083189e+01   6.3134776e+01   9.7948966e+01   7.8000000e+01   1.0072239e+02   2.3086793e+01   8.6284413e+01   5.0209561e+01   1.0385567e+02   4.0496913e+01   3.7735925e+01   4.2953463e+01   6.4884513e+01   6.6309879e+01   8.4876381e+01   7.5000000e+01   3.2388269e+01   3.4132096e+01   9.9809819e+01   5.5326305e+01   5.0990195e+00   1.9235384e+01
  5.4341513e+01   4.6615448e+01   1.1253888e+02   1.7262677e+01   4.1231056e+00   6.6098411e+01   8.6348133e+01   1.1101802e+02   5.5108983e+01   3.1622777e+00   6.5924199e+01   7.4672619e+01   4.8877398e+01   1.1314592e+02   1.1684605e+02   1.1101802e+02   4.9517674e+01   9.9849887e+01   1.0323275e+02   9.3059121e+01   1.3776792e+02   1.1708544e+02   1.4393401e+02   8.9185201e+01   1.0022475e+02   1.1314592e+02   8.7658428e+01   1.0489042e+02   1.3462912e+02   9.7185390e+01   1.0198039e+02   1.0917875e+02   1.3341664e+01   9.2195445e+00   5.5145263e+01   1.2649111e+01   8.1743501e+01   1.1217843e+02   5.2497619e+01   1.1597414e+02   9.9297533e+01   1.3124405e+02   4.6141088e+01   9.1021975e+01   8.3234608e+01   0.0000000e+00   7.8057671e+01   1.0696261e+02   8.9805345e+01   1.3254810e+02   1.1754574e+02   1.4368368e+02   5.8463664e+01   1.0143471e+02   8.0156098e+01   9.8994949e+01   2.3000000e+01   9.0000000e+01   1.1389908e+02   2.1931712e+01   8.5755466e+01   8.6214848e+01   1.0358571e+02   8.7367042e+01   1.1610340e+02   7.6059187e+01   4.9040799e+01   9.3085982e+01   1.1315918e+02   8.2492424e+01   5.4744863e+01   1.7720045e+01   6.7468511e+01   1.0264989e+02   1.4807093e+02   8.7965902e+01   9.7989795e+01   5.2630789e+01   1.3713132e+02   1.0285913e+02   8.0062476e+01   1.9235384e+01   1.8439089e+01   2.0024984e+01   1.0196568e+02   1.1670904e+02   1.3306014e+02   1.1374533e+02   1.1882761e+02   4.5607017e+01   7.7233412e+01   1.4308739e+02   7.4330344e+01   1.1806778e+02   8.5440037e+00   1.0830051e+02   1.0846658e+02   1.0955364e+02   5.5542776e+01   8.6821656e+01   6.6528190e+01
  8.2800966e+01   4.6647615e+01   1.4071958e+02   9.5000000e+01   7.4027022e+01   1.5811388e+01   1.2714165e+02   1.4176742e+02   8.4202138e+01   7.5026662e+01   1.5264338e+01   8.0622577e+00   4.2190046e+01   7.8006410e+01   8.4000000e+01   1.2416924e+02   5.2201533e+01   1.3227623e+02   7.9246451e+01   4.1194660e+01   1.0348430e+02   1.2521981e+02   1.0720075e+02   4.2011903e+01   4.1109610e+01   7.6059187e+01   4.7381431e+01   7.6531039e+01   8.4758480e+01   7.2567210e+01   4.3324358e+01   3.5510562e+01   8.1614950e+01   6.9007246e+01   9.0443352e+01   8.2492424e+01   1.0282509e+02   1.2076837e+02   4.9040799e+01   7.8160092e+01   4.4147480e+01   8.4899941e+01   4.2941821e+01   7.5272837e+01   4.6097722e+01   7.8057671e+01   0.0000000e+00   6.8029405e+01   1.2448293e+02   8.6833173e+01   4.3908997e+01   1.0473777e+02   8.4504438e+01   1.3577187e+02   1.0610372e+02   1.1454693e+02   8.0523289e+01   1.1684605e+02   8.0000000e+01   9.8183502e+01   4.2296572e+01   6.9641941e+01   1.2037026e+02   4.5276926e+01   4.3829214e+01   2.0000000e+00   4.8826222e+01   7.1568149e+01   3.5128336e+01   7.2111026e+00   8.5802098e+01   9.5021050e+01   1.6278821e+01   7.3552702e+01   1.0983624e+02   6.7357256e+01   3.9560081e+01   4.7634021e+01   8.8543774e+01   4.5221676e+01   1.0000500e+02   9.7000000e+01   8.3360662e+01   9.8081599e+01   4.4922155e+01   4.5607017e+01   8.4118963e+01   1.4276204e+02   8.3096330e+01   4.8877398e+01   3.1622777e+00   1.0538026e+02   1.0040916e+02   4.5486262e+01   7.0000000e+01   7.7162167e+01   7.9309520e+01   1.3840881e+02   8.2619610e+01   4.4283180e+01   5.1039201e+01
  7.0342022e+01   6.0827625e+01   9.9809819e+01   1.1846096e+02   1.0332473e+02   6.0876925e+01   1.0084146e+02   1.0269372e+02   7.1063352e+01   1.0406248e+02   6.1846584e+01   6.1294372e+01   5.9665736e+01   1.0049876e+01   1.6124515e+01   7.5802375e+01   5.7489129e+01   9.7123633e+01   1.8867962e+01   2.7073973e+01   3.5902646e+01   7.2801099e+01   4.0496913e+01   2.6172505e+01   3.1016125e+01   8.0622577e+00   2.2472205e+01   1.3601471e+01   2.8635642e+01   1.7262677e+01   2.9546573e+01   9.1394748e+01   1.0125710e+02   9.9005050e+01   7.7665951e+01   1.0264989e+02   6.9720872e+01   6.9892775e+01   5.4488531e+01   1.0440307e+01   2.6248809e+01   2.4413111e+01   6.2481997e+01   2.7166155e+01   2.5942244e+01   1.0696261e+02   6.8029405e+01   0.0000000e+00   9.3744333e+01   2.5612497e+01   9.6932967e+01   3.8910153e+01   6.8447060e+01   1.0124228e+02   7.5538070e+01   7.1309186e+01   9.3295230e+01   8.2225300e+01   1.2165525e+01   1.1766053e+02   2.6925824e+01   2.7166155e+01   7.6059187e+01   2.4041631e+01   9.9020200e+01   6.8117545e+01   5.8000000e+01   2.1023796e+01   7.2897188e+01   6.2032250e+01   7.3006849e+01   1.1732434e+02   5.8694122e+01   1.2083046e+01   4.3863424e+01   2.3345235e+01   3.1320920e+01   5.4451814e+01   3.0528675e+01   2.7730849e+01   6.7475922e+01   1.2010412e+02   9.9322706e+01   1.2322337e+02   2.7313001e+01   1.0184302e+02   2.6832816e+01   1.0204411e+02   1.5132746e+01   6.1522354e+01   6.5069194e+01   3.9000000e+01   7.3061618e+01   9.9724621e+01   9.9035347e+01   1.1401754e+01   1.4212670e+01   9.8615415e+01   6.9123079e+01   2.5000000e+01   4.0459857e+01
  4.3266615e+01   7.9649231e+01   2.3021729e+01   8.6145226e+01   8.9442719e+01   1.0889444e+02   9.4339811e+00   2.1213203e+01   4.1880783e+01   8.9269256e+01   1.0960383e+02   1.1677757e+02   8.3737686e+01   9.1350972e+01   9.0022219e+01   3.4205263e+01   7.3000000e+01   1.0049876e+01   7.6419893e+01   1.0421612e+02   1.0143471e+02   4.2801869e+01   1.0787029e+02   9.9282425e+01   1.1321661e+02   9.3536089e+01   9.2612094e+01   8.1614950e+01   1.1815244e+02   7.6485293e+01   1.1331814e+02   1.5945219e+02   7.6531039e+01   8.9498603e+01   3.7576588e+01   7.7414469e+01   2.4351591e+01   3.9962482e+01   7.5690158e+01   9.5336247e+01   1.0885311e+02   1.1207141e+02   8.4023806e+01   6.6708320e+01   8.9894382e+01   8.9805345e+01   1.2448293e+02   9.3744333e+01   0.0000000e+00   1.1201786e+02   1.6747537e+02   1.1031772e+02   4.0607881e+01   1.2083046e+01   1.9235384e+01   2.7513633e+01   6.7082039e+01   1.2041595e+01   9.0199778e+01   8.0399005e+01   9.5713113e+01   6.8308125e+01   2.6925824e+01   9.4371606e+01   1.6791962e+02   1.2304471e+02   7.6576759e+01   7.3006849e+01   1.5004666e+02   1.2343419e+02   4.0816663e+01   8.4148678e+01   1.0820813e+02   8.2036577e+01   1.1217843e+02   7.2422372e+01   1.1182576e+02   7.7103826e+01   1.1801695e+02   1.1253888e+02   2.6925824e+01   8.6284413e+01   7.1449283e+01   9.0354856e+01   1.1161541e+02   1.6991763e+02   1.1615507e+02   2.4020824e+01   9.4047860e+01   7.7620873e+01   1.2169634e+02   1.0850346e+02   2.4207437e+01   1.6942550e+02   8.8294960e+01   8.5475143e+01   8.3294658e+01   2.0024984e+01   4.3011626e+01   9.4810337e+01   7.5213031e+01
  9.4339811e+01   8.6278618e+01   1.1378049e+02   1.4403125e+02   1.2888755e+02   8.2764727e+01   1.2003749e+02   1.1727745e+02   9.4921020e+01   1.2963410e+02   8.3671979e+01   8.1271151e+01   8.4899941e+01   2.1840330e+01   2.2000000e+01   8.8056800e+01   8.3096330e+01   1.1363538e+02   3.6496575e+01   4.6615448e+01   2.2472205e+01   8.2873397e+01   2.2803509e+01   4.7885280e+01   4.5891176e+01   2.0615528e+01   4.6400431e+01   3.2015621e+01   7.2111026e+00   3.9217343e+01   4.3737855e+01   1.0331021e+02   1.2682665e+02   1.2452309e+02   1.0119289e+02   1.2822246e+02   8.9202018e+01   8.1320354e+01   8.0056230e+01   1.8027756e+01   4.2720019e+01   2.0000000e+00   8.7726849e+01   4.8764741e+01   5.0447993e+01   1.3254810e+02   8.6833173e+01   2.5612497e+01   1.1201786e+02   0.0000000e+00   1.0720075e+02   1.9235384e+01   9.2027170e+01   1.1772001e+02   9.5257546e+01   8.6700634e+01   1.1872658e+02   1.0004499e+02   2.2360680e+01   1.4312233e+02   4.9929951e+01   5.0695167e+01   9.0426766e+01   4.7434165e+01   1.0989540e+02   8.7361319e+01   8.3546394e+01   4.3657760e+01   8.2036577e+01   8.0049984e+01   9.6798760e+01   1.4287407e+02   8.0529498e+01   3.2893768e+01   2.4083189e+01   4.7423623e+01   4.7296934e+01   7.9981248e+01   6.0000000e+00   4.1773197e+01   8.7367042e+01   1.4566056e+02   1.2480785e+02   1.4880860e+02   4.1976184e+01   1.1287161e+02   5.6568542e+00   1.1595258e+02   1.8027756e+01   8.7045965e+01   8.4202138e+01   2.0615528e+01   9.3904207e+01   1.1016805e+02   1.2457929e+02   2.7892651e+01   2.9427878e+01   1.1315918e+02   9.3048375e+01   4.8259714e+01   6.6068147e+01
  1.2649111e+02   9.0553851e+01   1.8245547e+02   1.3480727e+02   1.1377170e+02   5.9682493e+01   1.7060188e+02   1.8385320e+02   1.2788276e+02   1.1475626e+02   5.9169249e+01   5.1039201e+01   8.6092973e+01   1.0662551e+02   1.1260551e+02   1.6383528e+02   9.5963535e+01   1.7482849e+02   1.1271202e+02   7.1589105e+01   1.2809762e+02   1.6368262e+02   1.2987686e+02   7.4946648e+01   6.5924199e+01   1.0406248e+02   8.1835200e+01   1.0868763e+02   1.0248902e+02   1.0704205e+02   6.7416615e+01   8.5440037e+00   1.2322743e+02   1.0904128e+02   1.3423859e+02   1.2393950e+02   1.4500000e+02   1.5961516e+02   9.2655275e+01   1.0530432e+02   7.0774289e+01   1.0522357e+02   8.6833173e+01   1.1232987e+02   8.2419658e+01   1.1754574e+02   4.3908997e+01   9.6932967e+01   1.6747537e+02   1.0720075e+02   0.0000000e+00   1.2643575e+02   1.2800391e+02   1.7846568e+02   1.4873466e+02   1.5521920e+02   1.2336936e+02   1.5917600e+02   1.0884852e+02   1.3885244e+02   7.7103826e+01   1.0741508e+02   1.6096273e+02   7.9611557e+01   3.6055513e+00   4.5650849e+01   9.2649879e+01   1.0737784e+02   2.5179357e+01   4.4045431e+01   1.2952992e+02   1.3514807e+02   5.9908263e+01   1.0599057e+02   1.3124024e+02   1.0429286e+02   6.5795137e+01   9.1263355e+01   1.0647065e+02   6.9289249e+01   1.4217243e+02   1.3678085e+02   1.2557468e+02   1.3718601e+02   6.9641941e+01   6.3245553e+00   1.0270346e+02   1.8456706e+02   1.1036757e+02   9.2784697e+01   4.6324939e+01   1.2773801e+02   1.4328294e+02   3.0000000e+00   1.1021797e+02   1.0793517e+02   1.1057124e+02   1.8031362e+02   1.2624579e+02   7.8771822e+01   9.2655275e+01
  1.0016986e+02   9.8600203e+01   1.0816654e+02   1.5363919e+02   1.4026404e+02   9.9297533e+01   1.1905041e+02   1.1207141e+02   1.0049876e+02   1.4092906e+02   1.0024470e+02   9.8716767e+01   9.7908120e+01   3.0805844e+01   2.6870058e+01   8.2097503e+01   9.4366308e+01   1.1022250e+02   4.1400483e+01   6.3788714e+01   9.0000000e+00   7.5538070e+01   4.2426407e+00   6.4195015e+01   6.4280635e+01   3.1384710e+01   6.1326992e+01   3.8897301e+01   2.4698178e+01   4.6690470e+01   6.2201286e+01   1.2249490e+02   1.3656134e+02   1.3623509e+02   1.0606602e+02   1.3797464e+02   8.9560036e+01   7.5106591e+01   9.1831367e+01   2.8653098e+01   6.0671245e+01   2.1213203e+01   1.0068764e+02   5.4405882e+01   6.4845971e+01   1.4368368e+02   1.0473777e+02   3.8910153e+01   1.1031772e+02   1.9235384e+01   1.2643575e+02   0.0000000e+00   9.7247108e+01   1.1415779e+02   9.5603347e+01   8.3384651e+01   1.2766362e+02   9.8310732e+01   2.9832868e+01   1.5198026e+02   6.5551506e+01   5.8137767e+01   8.6052310e+01   6.2769419e+01   1.2912397e+02   1.0511898e+02   9.5425364e+01   5.0990195e+01   1.0127191e+02   9.8152942e+01   1.0221546e+02   1.5230561e+02   9.7082439e+01   4.1036569e+01   5.0990195e+00   5.5865911e+01   6.5490457e+01   9.2005435e+01   2.1023796e+01   6.0207973e+01   8.8232647e+01   1.5512898e+02   1.3395895e+02   1.5854968e+02   6.0299254e+01   1.3209845e+02   2.4041631e+01   1.1022250e+02   2.5000000e+01   9.9020200e+01   1.0198039e+02   2.2360680e+00   9.5519631e+01   1.2940247e+02   1.3612494e+02   3.5383612e+01   3.5383612e+01   1.0804166e+02   9.8792712e+01   6.3694584e+01   7.7620873e+01
  4.1231056e+00   3.9051248e+01   6.0008333e+01   6.1773781e+01   5.6718604e+01   6.8767725e+01   4.2638011e+01   5.9941638e+01   3.6055513e+00   5.6885851e+01   6.9426220e+01   7.7006493e+01   4.3185646e+01   7.0228199e+01   7.1589105e+01   5.3037722e+01   3.2526912e+01   4.9396356e+01   5.6364883e+01   7.0213959e+01   8.9587946e+01   5.8694122e+01   9.6254870e+01   6.5115282e+01   7.9429214e+01   7.1470274e+01   5.9413803e+01   6.0166436e+01   9.6566040e+01   5.2810984e+01   8.0062476e+01   1.1980818e+02   4.6818800e+01   5.5145263e+01   9.2195445e+00   4.8104054e+01   2.4083189e+01   5.3758720e+01   3.5468296e+01   7.4000000e+01   7.5802375e+01   9.1394748e+01   4.3416587e+01   4.3462628e+01   5.5731499e+01   5.8463664e+01   8.4504438e+01   6.8447060e+01   4.0607881e+01   9.2027170e+01   1.2800391e+02   9.7247108e+01   0.0000000e+00   5.2430907e+01   2.4351591e+01   4.1012193e+01   3.6400549e+01   3.5468296e+01   7.0007142e+01   5.8249464e+01   6.1188234e+01   4.1484937e+01   4.6043458e+01   6.0671245e+01   1.2822636e+02   8.2975900e+01   3.6069378e+01   4.8383882e+01   1.1225418e+02   8.4053554e+01   5.0000000e+00   6.0033324e+01   6.8249542e+01   5.9135438e+01   1.0070253e+02   4.5122057e+01   7.7665951e+01   3.6878178e+01   9.7718985e+01   7.9762146e+01   2.2000000e+01   6.2769419e+01   4.2544095e+01   6.6730802e+01   7.8771822e+01   1.3009612e+02   9.4641429e+01   6.1741396e+01   7.4846510e+01   3.7013511e+01   8.1835200e+01   9.6041658e+01   1.8027756e+01   1.2980755e+02   5.4230987e+01   6.4257295e+01   6.3158531e+01   5.7271284e+01   3.0000000e+00   6.0827625e+01   3.7947332e+01
  5.5226805e+01   9.1400219e+01   1.3416408e+01   9.7000000e+01   1.0120277e+02   1.2028300e+02   1.6278821e+01   1.0198039e+01   5.3851648e+01   1.0100000e+02   1.2101653e+02   1.2798828e+02   9.5425364e+01   9.7862148e+01   9.5885348e+01   3.3526109e+01   8.4646323e+01   4.1231056e+00   8.3198558e+01   1.1374093e+02   1.0517129e+02   4.1785165e+01   1.1136427e+02   1.0890822e+02   1.2258874e+02   1.0022475e+02   1.0208330e+02   8.8526832e+01   1.2416924e+02   8.4118963e+01   1.2254387e+02   1.7053152e+02   8.8119237e+01   1.0139033e+02   4.9658836e+01   8.8955045e+01   3.3837849e+01   4.0261644e+01   8.7206651e+01   1.0178900e+02   1.1807201e+02   1.1795762e+02   9.5801879e+01   7.4672619e+01   9.9644368e+01   1.0143471e+02   1.3577187e+02   1.0124228e+02   1.2083046e+01   1.1772001e+02   1.7846568e+02   1.1415779e+02   5.2430907e+01   0.0000000e+00   2.9732137e+01   3.1064449e+01   7.8854296e+01   1.9723083e+01   9.6509067e+01   9.1049437e+01   1.0547512e+02   7.6967526e+01   2.8160256e+01   1.0394229e+02   1.7901117e+02   1.3438006e+02   8.8238314e+01   8.0993827e+01   1.6042444e+02   1.3446933e+02   5.2839379e+01   9.5000000e+01   1.1951987e+02   8.9286057e+01   1.1552489e+02   8.1024688e+01   1.2131364e+02   8.8617154e+01   1.2368508e+02   1.2164292e+02   3.6619667e+01   9.7020616e+01   8.3024093e+01   1.0104454e+02   1.2074767e+02   1.8106905e+02   1.2218838e+02   1.3601471e+01   9.9984999e+01   8.9403579e+01   1.3293607e+02   1.1221854e+02   3.5383612e+01   1.8047992e+02   1.0016986e+02   9.2195445e+01   8.9822046e+01   1.0816654e+01   5.4918121e+01   1.0444616e+02   8.5912746e+01
  2.7892651e+01   6.2433965e+01   3.5777088e+01   8.0081209e+01   7.9006329e+01   9.0686272e+01   2.5317978e+01   3.6055513e+01   2.6683328e+01   7.9025312e+01   9.1438504e+01   9.8290386e+01   6.6287254e+01   7.4006756e+01   7.3334848e+01   3.1622777e+01   5.5470713e+01   2.6172505e+01   5.9008474e+01   8.5000000e+01   8.6977008e+01   3.8910153e+01   9.3605555e+01   8.0056230e+01   9.4021274e+01   7.6006579e+01   7.3409809e+01   6.4007812e+01   1.0104454e+02   5.8309519e+01   9.4154129e+01   1.4080128e+02   6.7475922e+01   7.8102497e+01   2.5019992e+01   6.8593003e+01   6.0827625e+00   3.4481879e+01   5.7801384e+01   7.8006410e+01   8.9693924e+01   9.5131488e+01   6.6887966e+01   4.8373546e+01   7.0661163e+01   8.0156098e+01   1.0610372e+02   7.5538070e+01   1.9235384e+01   9.5257546e+01   1.4873466e+02   9.5603347e+01   2.4351591e+01   2.9732137e+01   0.0000000e+00   2.0124612e+01   5.7218878e+01   1.1180340e+01   7.3061618e+01   7.5272837e+01   7.6478755e+01   4.9477268e+01   2.3769729e+01   7.5153177e+01   1.4928161e+02   1.0473777e+02   5.9076222e+01   5.4589376e+01   1.3091982e+02   1.0473777e+02   2.6305893e+01   7.8160092e+01   8.9872131e+01   6.4124878e+01   9.8030607e+01   5.3600373e+01   9.2612094e+01   5.9203040e+01   1.0124228e+02   9.3407708e+01   8.0622577e+00   8.0653580e+01   6.2649820e+01   8.4770278e+01   9.2477024e+01   1.5134728e+02   9.9045444e+01   3.7589892e+01   7.7233412e+01   6.0539243e+01   1.0324728e+02   9.3962759e+01   6.3245553e+00   1.5074813e+02   7.7058419e+01   6.8000000e+01   6.6030296e+01   3.3120990e+01   2.7202941e+01   7.5584390e+01   5.6222771e+01
  4.5044423e+01   7.4946648e+01   2.8653098e+01   9.9929975e+01   9.7514102e+01   9.9984999e+01   3.6769553e+01   3.1384710e+01   4.4102154e+01   9.7621719e+01   1.0084642e+02   1.0650822e+02   7.8185676e+01   6.7186308e+01   6.4938432e+01   1.2041595e+01   6.7675697e+01   2.7018512e+01   5.2810984e+01   8.6833173e+01   7.4431176e+01   1.8788294e+01   8.0752709e+01   8.2328610e+01   9.5210294e+01   6.9641941e+01   7.5286121e+01   5.8189346e+01   9.3214806e+01   5.4561891e+01   9.4868330e+01   1.4775656e+02   8.6683332e+01   9.6130120e+01   4.4147480e+01   8.7863531e+01   1.7262677e+01   1.4422205e+01   6.9079664e+01   7.1063352e+01   9.0443352e+01   8.6977008e+01   7.9378838e+01   4.5793013e+01   7.3593478e+01   9.8994949e+01   1.1454693e+02   7.1309186e+01   2.7513633e+01   8.6700634e+01   1.5521920e+02   8.3384651e+01   4.1012193e+01   3.1064449e+01   2.0124612e+01   0.0000000e+00   7.6295478e+01   1.6124515e+01   6.5734314e+01   9.5273291e+01   7.9309520e+01   4.9203658e+01   5.8309519e+00   7.7336925e+01   1.5620499e+02   1.1344161e+02   7.1168813e+01   5.1971146e+01   1.3514807e+02   1.1200446e+02   4.4283180e+01   9.8030607e+01   9.8792712e+01   5.9236813e+01   8.5000000e+01   5.3009433e+01   9.4201911e+01   7.0384657e+01   9.2655275e+01   9.3744333e+01   1.9026298e+01   1.0056838e+02   8.2000000e+01   1.0467569e+02   9.2913939e+01   1.5852129e+02   9.1241438e+01   3.0886890e+01   6.9050706e+01   7.3375745e+01   1.1150336e+02   8.1498466e+01   2.5000000e+01   1.5749286e+02   9.5189285e+01   6.1684682e+01   5.9203040e+01   2.7313001e+01   4.4011362e+01   7.7987178e+01   6.3513778e+01
  3.2310989e+01   3.8209946e+01   8.9677199e+01   2.6248809e+01   2.2360680e+01   6.5924199e+01   6.4195015e+01   8.8283634e+01   3.2893768e+01   2.2203603e+01   6.6098411e+01   7.5133215e+01   4.2047592e+01   9.8005102e+01   1.0089599e+02   8.8283634e+01   3.7643060e+01   7.7103826e+01   8.6371292e+01   8.4646323e+01   1.2096694e+02   9.4593869e+01   1.2740487e+02   8.0081209e+01   9.2962358e+01   9.8473347e+01   7.6896034e+01   8.8865066e+01   1.2180312e+02   8.1055537e+01   9.4366308e+01   1.1482596e+02   1.0440307e+01   2.2847319e+01   3.2249031e+01   1.1704700e+01   5.9033889e+01   8.9738509e+01   4.1484937e+01   1.0125710e+02   9.0956033e+01   1.1766053e+02   4.0000000e+01   7.3552702e+01   7.2449983e+01   2.3000000e+01   8.0523289e+01   9.3295230e+01   6.7082039e+01   1.1872658e+02   1.2336936e+02   1.2766362e+02   3.6400549e+01   7.8854296e+01   5.7218878e+01   7.6295478e+01   0.0000000e+00   6.7000000e+01   9.8407317e+01   2.4413111e+01   7.6243032e+01   6.9526973e+01   8.0752709e+01   7.7162167e+01   1.2256019e+02   7.8587531e+01   3.8832976e+01   7.6694198e+01   1.1427161e+02   8.3186537e+01   3.2280025e+01   2.4758837e+01   6.6610810e+01   8.7005747e+01   1.3171181e+02   7.2006944e+01   9.0801982e+01   4.2201896e+01   1.2382245e+02   9.4831429e+01   5.7489129e+01   2.7586228e+01   6.4031242e+00   3.1240999e+01   9.3861600e+01   1.2369317e+02   1.2006665e+02   9.0934042e+01   1.0340696e+02   3.6345564e+01   7.8854296e+01   1.2681088e+02   5.1478151e+01   1.2442267e+02   2.1540659e+01   9.2617493e+01   9.2314679e+01   8.6700634e+01   3.3615473e+01   7.6843998e+01   5.3712196e+01
  3.8897301e+01   7.3573093e+01   2.4596748e+01   8.8645361e+01   8.9089842e+01   1.0153325e+02   2.0880613e+01   2.5000000e+01   3.7643060e+01   8.9050547e+01   1.0230347e+02   1.0897706e+02   7.7388630e+01   7.9511006e+01   7.8057671e+01   2.5000000e+01   6.6573268e+01   1.5811388e+01   6.4629715e+01   9.4021274e+01   8.9442719e+01   3.3301652e+01   9.5900991e+01   8.9185201e+01   1.0288343e+02   8.1743501e+01   8.2365041e+01   6.9871310e+01   1.0623088e+02   6.5000000e+01   1.0285913e+02   1.5132746e+02   7.7058419e+01   8.8459030e+01   3.5227830e+01   7.8102497e+01   1.4212670e+01   2.9732137e+01   6.8818602e+01   8.3486526e+01   9.8386991e+01   1.0012492e+02   7.8032045e+01   5.5362442e+01   7.9924965e+01   9.0000000e+01   1.1684605e+02   8.2225300e+01   1.2041595e+01   1.0004499e+02   1.5917600e+02   9.8310732e+01   3.5468296e+01   1.9723083e+01   1.1180340e+01   1.6124515e+01   6.7000000e+01   0.0000000e+00   7.8313473e+01   8.3432608e+01   8.5755466e+01   5.7384667e+01   1.7029386e+01   8.4219950e+01   1.5981239e+02   1.1552056e+02   7.0178344e+01   6.1684682e+01   1.4080128e+02   1.1526057e+02   3.7107951e+01   8.6683332e+01   1.0065784e+02   7.0405966e+01   1.0022475e+02   6.1465437e+01   1.0159724e+02   7.0213959e+01   1.0604244e+02   1.0198039e+02   1.7029386e+01   8.9050547e+01   7.2111026e+01   9.3171884e+01   1.0107918e+02   1.6192900e+02   1.0423531e+02   2.6419690e+01   8.2097503e+01   7.1693793e+01   1.1395174e+02   9.6509067e+01   1.7464249e+01   1.6124515e+02   8.7367042e+01   7.3681748e+01   7.1449283e+01   2.1954498e+01   3.8275318e+01   8.4723078e+01   6.6528190e+01
  7.2498276e+01   6.8818602e+01   9.3605555e+01   1.2419742e+02   1.1045361e+02   7.2180330e+01   9.8005102e+01   9.6840074e+01   7.3006849e+01   1.1112605e+02   7.3164199e+01   7.3109507e+01   6.8264193e+01   2.2360680e+00   4.0000000e+00   6.8541958e+01   6.4536811e+01   9.2395887e+01   1.4142136e+01   3.9204592e+01   2.5079872e+01   6.4498062e+01   3.0528675e+01   3.8013156e+01   4.3011626e+01   5.0000000e+00   3.3541020e+01   9.8488578e+00   2.8000000e+01   1.7492856e+01   4.1436699e+01   1.0344564e+02   1.0705606e+02   1.0640489e+02   7.9120162e+01   1.0846658e+02   6.7029844e+01   6.2169124e+01   6.2008064e+01   5.3851648e+00   3.8327536e+01   2.2090722e+01   7.1021124e+01   2.6570661e+01   3.6400549e+01   1.1389908e+02   8.0000000e+01   1.2165525e+01   9.0199778e+01   2.2360680e+01   1.0884852e+02   2.9832868e+01   7.0007142e+01   9.6509067e+01   7.3061618e+01   6.5734314e+01   9.8407317e+01   7.8313473e+01   0.0000000e+00   1.2280065e+02   3.8327536e+01   2.9154759e+01   6.9921384e+01   3.5355339e+01   1.1100000e+02   8.0024996e+01   6.5604878e+01   2.1954498e+01   8.4581322e+01   7.4108029e+01   7.4846510e+01   1.2291867e+02   7.0035705e+01   1.1401754e+01   3.4409301e+01   2.6400758e+01   4.3416587e+01   6.2201286e+01   2.8284271e+01   3.9560081e+01   6.5122961e+01   1.2573385e+02   1.0463747e+02   1.2907362e+02   3.9217343e+01   1.1384200e+02   2.6000000e+01   9.5817535e+01   5.0000000e+00   6.9202601e+01   7.7006493e+01   2.9410882e+01   7.1568149e+01   1.1166468e+02   1.0630146e+02   5.8309519e+00   7.0710678e+00   9.2720009e+01   7.1175839e+01   3.6345564e+01   4.7801674e+01
  5.4405882e+01   6.0728906e+01   1.0339246e+02   6.7082039e+00   2.5298221e+01   8.5052925e+01   7.5000000e+01   1.0112369e+02   5.4644304e+01   2.4351591e+01   8.5023526e+01   9.4005319e+01   6.4031242e+01   1.2241323e+02   1.2525175e+02   1.0689247e+02   6.1326992e+01   9.0271812e+01   1.1063453e+02   1.0783784e+02   1.4516542e+02   1.1401754e+02   1.5164432e+02   1.0346497e+02   1.1580155e+02   1.2288613e+02   1.0072239e+02   1.1322985e+02   1.4612324e+02   1.0542296e+02   1.1734138e+02   1.3041856e+02   1.7464249e+01   2.9832868e+01   5.1884487e+01   1.6278821e+01   7.8390050e+01   1.0938464e+02   6.5000000e+01   1.2567020e+02   1.1416217e+02   1.4204225e+02   6.1611687e+01   9.7744565e+01   9.6254870e+01   2.1931712e+01   9.8183502e+01   1.1766053e+02   8.0399005e+01   1.4312233e+02   1.3885244e+02   1.5198026e+02   5.8249464e+01   9.1049437e+01   7.5272837e+01   9.5273291e+01   2.4413111e+01   8.3432608e+01   1.2280065e+02   0.0000000e+00   9.9724621e+01   9.3861600e+01   9.8979796e+01   1.0084642e+02   1.3753909e+02   9.6187317e+01   6.2032250e+01   1.0104454e+02   1.3303383e+02   1.0200000e+02   5.3535035e+01   5.0000000e+00   8.6145226e+01   1.1140018e+02   1.5597436e+02   9.6400207e+01   1.1360018e+02   6.5551506e+01   1.4818907e+02   1.1795338e+02   7.7388630e+01   6.0827625e+00   1.8357560e+01   1.0000000e+01   1.1700427e+02   1.3824616e+02   1.4440222e+02   1.0423531e+02   1.2780063e+02   5.9135438e+01   9.7046381e+01   1.5109269e+02   7.0384657e+01   1.3948835e+02   2.8635642e+01   1.1700427e+02   1.1666190e+02   1.0040418e+02   5.5803226e+01   1.0046392e+02   7.7826731e+01
  6.1522354e+01   3.9357337e+01   1.0744766e+02   9.9317672e+01   8.1835200e+01   3.3955854e+01   1.0084642e+02   1.0940293e+02   6.2649820e+01   8.2680106e+01   3.4928498e+01   3.5014283e+01   3.6891733e+01   3.6496575e+01   4.2296572e+01   8.7114867e+01   3.8600518e+01   1.0154802e+02   3.7107951e+01   9.0553851e+00   6.2817195e+01   8.6608314e+01   6.7357256e+01   4.0000000e+00   1.8248288e+01   3.4928498e+01   5.0990195e+00   3.4234486e+01   5.0328918e+01   3.0675723e+01   1.9026298e+01   7.0327804e+01   8.2462113e+01   7.7103826e+01   6.9720872e+01   8.3773504e+01   7.1693793e+01   8.2619610e+01   3.4785054e+01   3.7363083e+01   1.5033296e+01   4.8259714e+01   3.9661064e+01   3.5227830e+01   5.8309519e+00   8.5755466e+01   4.2296572e+01   2.6925824e+01   9.5713113e+01   4.9929951e+01   7.7103826e+01   6.5551506e+01   6.1188234e+01   1.0547512e+02   7.6478755e+01   7.9309520e+01   7.6243032e+01   8.5755466e+01   3.8327536e+01   9.9724621e+01   0.0000000e+00   3.0479501e+01   8.4899941e+01   3.0000000e+00   7.8549348e+01   4.2107007e+01   3.7696154e+01   3.0413813e+01   5.5865911e+01   3.7107951e+01   6.4629715e+01   9.8488578e+01   3.1780497e+01   3.1256999e+01   7.0576200e+01   2.7202941e+01   1.6492423e+01   3.4176015e+01   5.3413481e+01   1.9026298e+01   6.8963759e+01   1.0113358e+02   8.1596569e+01   1.0375452e+02   1.8027756e+01   8.1123363e+01   4.9040799e+01   1.0963576e+02   4.1976184e+01   4.0718546e+01   3.9204592e+01   6.5787537e+01   7.2090221e+01   7.9611557e+01   7.7388630e+01   3.5000000e+01   3.7054015e+01   1.0560303e+02   6.0671245e+01   2.0000000e+00   2.4000000e+01
  4.3657760e+01   4.3657760e+01   7.7665951e+01   9.5524866e+01   8.3006024e+01   5.7271284e+01   7.4732858e+01   7.9924965e+01   4.4271887e+01   8.3600239e+01   5.8249464e+01   6.1684682e+01   4.4384682e+01   2.9068884e+01   3.1400637e+01   5.6639209e+01   3.8013156e+01   7.2917762e+01   1.7029386e+01   3.7643060e+01   5.1662365e+01   5.6302753e+01   5.7982756e+01   3.3241540e+01   4.6043458e+01   3.0083218e+01   2.6172505e+01   1.9416488e+01   5.5081757e+01   1.1661904e+01   4.5793013e+01   1.0040418e+02   7.8492038e+01   7.9322128e+01   5.0695167e+01   7.9906195e+01   4.3965896e+01   5.2201533e+01   3.6400549e+01   3.2695565e+01   4.1340053e+01   4.9979996e+01   4.6840154e+01   6.0000000e+00   2.5000000e+01   8.6214848e+01   6.9641941e+01   2.7166155e+01   6.8308125e+01   5.0695167e+01   1.0741508e+02   5.8137767e+01   4.1484937e+01   7.6967526e+01   4.9477268e+01   4.9203658e+01   6.9526973e+01   5.7384667e+01   2.9154759e+01   9.3861600e+01   3.0479501e+01   0.0000000e+00   5.4671748e+01   2.8284271e+01   1.0872442e+02   6.8949257e+01   3.9924930e+01   7.2111026e+00   8.6278618e+01   6.5741920e+01   4.6173586e+01   9.4175368e+01   5.5542776e+01   1.7888544e+01   6.2241465e+01   4.1231056e+00   4.5000000e+01   3.7000000e+01   5.6302753e+01   4.4777226e+01   4.1484937e+01   9.7000000e+01   7.5822160e+01   1.0044899e+02   4.3908997e+01   1.1122050e+02   5.3160135e+01   7.9881162e+01   3.4132096e+01   4.3462628e+01   6.6483081e+01   5.7314920e+01   4.6389654e+01   1.0985900e+02   7.9056942e+01   2.3323808e+01   2.2803509e+01   7.6006579e+01   4.2379240e+01   2.9000000e+01   2.3345235e+01
  5.0009999e+01   8.0653580e+01   2.3769729e+01   1.0384604e+02   1.0223991e+02   1.0581588e+02   3.6359318e+01   2.6925824e+01   4.9000000e+01   1.0231324e+02   1.0667708e+02   1.1232987e+02   8.3934498e+01   7.1470274e+01   6.8883960e+01   8.0622577e+00   7.3389373e+01   2.4331050e+01   5.7384667e+01   9.2314679e+01   7.7058419e+01   1.6278821e+01   8.3216585e+01   8.7863531e+01   1.0060318e+02   7.4000000e+01   8.0808415e+01   6.2769419e+01   9.7082439e+01   5.9539903e+01   1.0020978e+02   1.5352524e+02   9.1082380e+01   1.0101980e+02   4.8507731e+01   9.2227978e+01   2.2000000e+01   1.3038405e+01   7.4846510e+01   7.5286121e+01   9.5801879e+01   9.0801982e+01   8.5094066e+01   5.1039201e+01   7.9208585e+01   1.0358571e+02   1.2037026e+02   7.6059187e+01   2.6925824e+01   9.0426766e+01   1.6096273e+02   8.6052310e+01   4.6043458e+01   2.8160256e+01   2.3769729e+01   5.8309519e+00   8.0752709e+01   1.7029386e+01   6.9921384e+01   9.8979796e+01   8.4899941e+01   5.4671748e+01   0.0000000e+00   8.2879430e+01   1.6196913e+02   1.1926860e+02   7.6896034e+01   5.7140179e+01   1.4075866e+02   1.1780068e+02   4.9040799e+01   1.0192154e+02   1.0462313e+02   6.3976558e+01   8.7367042e+01   5.8412327e+01   9.9639350e+01   7.6157731e+01   9.6337947e+01   9.9045444e+01   2.4083189e+01   1.0440307e+02   8.6313383e+01   1.0852189e+02   9.8229324e+01   1.6429547e+02   9.5126232e+01   2.6000000e+01   7.3006849e+01   7.9056942e+01   1.1732434e+02   8.4095184e+01   2.9274562e+01   1.6324828e+02   1.0004499e+02   6.6128662e+01   6.3568860e+01   2.2803509e+01   4.9040799e+01   8.3546394e+01   6.9339743e+01
  6.1204575e+01   4.0816663e+01   1.0560303e+02   1.0062306e+02   8.3486526e+01   3.6878178e+01   9.9724621e+01   1.0764757e+02   6.2289646e+01   8.4314886e+01   3.7854986e+01   3.8013156e+01   3.8600518e+01   3.3541020e+01   3.9319207e+01   8.4899941e+01   3.9560081e+01   9.9984999e+01   3.4205263e+01   9.8488578e+00   5.9908263e+01   8.4202138e+01   6.4513564e+01   5.0000000e+00   1.8973666e+01   3.2015621e+01   2.2360680e+00   3.1256999e+01   4.8104054e+01   2.7856777e+01   1.9416488e+01   7.2945185e+01   8.3671979e+01   7.8816242e+01   6.9354164e+01   8.5000000e+01   7.0235319e+01   8.0280757e+01   3.5846897e+01   3.4481879e+01   1.5132746e+01   4.5803930e+01   4.1400483e+01   3.2802439e+01   5.0000000e+00   8.7367042e+01   4.5276926e+01   2.4041631e+01   9.4371606e+01   4.7434165e+01   7.9611557e+01   6.2769419e+01   6.0671245e+01   1.0394229e+02   7.5153177e+01   7.7336925e+01   7.7162167e+01   8.4219950e+01   3.5355339e+01   1.0084642e+02   3.0000000e+00   2.8284271e+01   8.2879430e+01   0.0000000e+00   8.1123363e+01   4.5099889e+01   3.8910153e+01   2.7784888e+01   5.8000000e+01   4.0024992e+01   6.4280635e+01   9.9744674e+01   3.4713110e+01   2.8284271e+01   6.7779053e+01   2.4839485e+01   1.7464249e+01   3.5341194e+01   5.1088159e+01   1.9104973e+01   6.7535176e+01   1.0241582e+02   8.2637764e+01   1.0511898e+02   1.8110770e+01   8.3725743e+01   4.6754679e+01   1.0780074e+02   3.9051248e+01   4.2059482e+01   4.2190046e+01   6.2968246e+01   7.0936591e+01   8.2152298e+01   7.9056942e+01   3.2000000e+01   3.4058773e+01   1.0381233e+02   6.0299254e+01   1.0000000e+00   2.4186773e+01
  1.2660569e+02   9.0426766e+01   1.8325119e+02   1.3336416e+02   1.1237882e+02   5.9640590e+01   1.7085667e+02   1.8456706e+02   1.2800391e+02   1.1335784e+02   5.9076222e+01   5.1224994e+01   8.5982556e+01   1.0878419e+02   1.1479111e+02   1.6500000e+02   9.6020831e+01   1.7541380e+02   1.1449454e+02   7.3348483e+01   1.3061393e+02   1.6502424e+02   1.3251792e+02   7.6537572e+01   6.8007353e+01   1.0625441e+02   8.3354664e+01   1.1057124e+02   1.0530432e+02   1.0870603e+02   6.9570109e+01   8.4852814e+00   1.2212289e+02   1.0770794e+02   1.3427211e+02   1.2280065e+02   1.4566400e+02   1.6089748e+02   9.2800862e+01   1.0756393e+02   7.2801099e+01   1.0791200e+02   8.6608314e+01   1.1374093e+02   8.3761566e+01   1.1610340e+02   4.3829214e+01   9.9020200e+01   1.6791962e+02   1.0989540e+02   3.6055513e+00   1.2912397e+02   1.2822636e+02   1.7901117e+02   1.4928161e+02   1.5620499e+02   1.2256019e+02   1.5981239e+02   1.1100000e+02   1.3753909e+02   7.8549348e+01   1.0872442e+02   1.6196913e+02   8.1123363e+01   0.0000000e+00   4.5486262e+01   9.2655275e+01   1.0890822e+02   2.8017851e+01   4.4553339e+01   1.2961867e+02   1.3375350e+02   6.0000000e+01   1.0783784e+02   1.3395895e+02   1.0568822e+02   6.7779053e+01   9.1400219e+01   1.0929318e+02   7.1470274e+01   1.4283557e+02   1.3532923e+02   1.2459535e+02   1.3563554e+02   7.1784399e+01   3.0000000e+00   1.0547512e+02   1.8534832e+02   1.1264102e+02   9.2649879e+01   4.6400431e+01   1.3039172e+02   1.4375326e+02   2.0000000e+00   1.0890822e+02   1.0993180e+02   1.1253888e+02   1.8106905e+02   1.2640016e+02   8.0262071e+01   9.3348808e+01
  8.1215762e+01   4.4944410e+01   1.3946326e+02   9.3000000e+01   7.2027772e+01   1.4212670e+01   1.2560653e+02   1.4046352e+02   8.2619610e+01   7.3027392e+01   1.3601471e+01   7.2801099e+00   4.0496913e+01   7.8057671e+01   8.4023806e+01   1.2316655e+02   5.0606324e+01   1.3090836e+02   7.8917679e+01   4.1436699e+01   1.0369667e+02   1.2433825e+02   1.0751744e+02   4.2011903e+01   4.1785165e+01   7.6164296e+01   4.7169906e+01   7.6321688e+01   8.5440037e+01   7.2180330e+01   4.4011362e+01   3.7215588e+01   7.9630396e+01   6.7007462e+01   8.8814413e+01   8.0504658e+01   1.0153325e+02   1.1985408e+02   4.7507894e+01   7.8313473e+01   4.4643029e+01   8.5440037e+01   4.1182521e+01   7.4632433e+01   4.5705580e+01   7.6059187e+01   2.0000000e+00   6.8117545e+01   1.2304471e+02   8.7361319e+01   4.5650849e+01   1.0511898e+02   8.2975900e+01   1.3438006e+02   1.0473777e+02   1.1344161e+02   7.8587531e+01   1.1552056e+02   8.0024996e+01   9.6187317e+01   4.2107007e+01   6.8949257e+01   1.1926860e+02   4.5099889e+01   4.5486262e+01   0.0000000e+00   4.7201695e+01   7.1063352e+01   3.7121422e+01   8.4852814e+00   8.4202138e+01   9.3021503e+01   1.4866069e+01   7.3334848e+01   1.1021797e+02   6.6760767e+01   4.0162171e+01   4.6097722e+01   8.9196412e+01   4.5880279e+01   9.8716767e+01   9.5000000e+01   8.1394103e+01   9.6083297e+01   4.5541190e+01   4.7201695e+01   8.4758480e+01   1.4149558e+02   8.3216585e+01   4.7169906e+01   3.1622777e+00   1.0572133e+02   9.9005050e+01   4.7169906e+01   6.8000000e+01   7.7058419e+01   7.9158070e+01   1.3713132e+02   8.1055537e+01   4.4102154e+01   4.9929951e+01
  3.4058773e+01   4.0000000e+00   9.4667840e+01   6.1717096e+01   4.5343136e+01   3.3015148e+01   7.8568442e+01   9.5131488e+01   3.5468296e+01   4.6097722e+01   3.3600595e+01   4.1677332e+01   7.2111026e+00   6.4660653e+01   6.8818602e+01   8.2280010e+01   3.6055513e+00   8.5000000e+01   5.6356011e+01   4.5880279e+01   9.0138782e+01   8.5510233e+01   9.6020831e+01   4.1436699e+01   5.4129474e+01   6.4443774e+01   3.8948684e+01   5.7140179e+01   8.5603738e+01   4.9739320e+01   5.5542776e+01   8.4314886e+01   4.4777226e+01   4.1012193e+01   4.1617304e+01   4.6097722e+01   5.6824291e+01   8.0603970e+01   3.6055513e+00   6.7268120e+01   5.2201533e+01   8.2219219e+01   8.2462113e+00   4.5541190e+01   3.4481879e+01   4.9040799e+01   4.8826222e+01   5.8000000e+01   7.6576759e+01   8.3546394e+01   9.2649879e+01   9.5425364e+01   3.6069378e+01   8.8238314e+01   5.9076222e+01   7.1168813e+01   3.8832976e+01   7.0178344e+01   6.5604878e+01   6.2032250e+01   3.7696154e+01   3.9924930e+01   7.6896034e+01   3.8910153e+01   9.2655275e+01   4.7201695e+01   0.0000000e+00   4.6065171e+01   7.9056942e+01   4.9193496e+01   3.7013511e+01   6.0835845e+01   3.2756679e+01   5.4644304e+01   1.0000000e+02   4.0706265e+01   5.1971146e+01   3.6055513e+00   8.8090862e+01   5.6044625e+01   5.4120237e+01   6.3505905e+01   4.3965896e+01   6.6241981e+01   5.5081757e+01   9.4403390e+01   8.4023806e+01   9.6566040e+01   7.0434367e+01   3.6055513e+00   4.6324939e+01   9.5000000e+01   5.3009433e+01   9.4302704e+01   4.1036569e+01   6.0216277e+01   6.0745370e+01   9.2114060e+01   3.3970576e+01   3.8483763e+01   1.7804494e+01
  5.0695167e+01   4.9658836e+01   8.0622577e+01   1.0264989e+02   8.9810912e+01   6.0299254e+01   7.9906195e+01   8.3186537e+01   5.1264022e+01   9.0426766e+01   6.1294372e+01   6.3788714e+01   4.9979996e+01   2.1931712e+01   2.4207437e+01   5.8137767e+01   4.4418465e+01   7.6896034e+01   1.0295630e+01   3.6235342e+01   4.4687806e+01   5.6727418e+01   5.0931326e+01   3.2449961e+01   4.3863424e+01   2.3086793e+01   2.5553865e+01   1.2206556e+01   4.8270074e+01   4.4721360e+00   4.3278170e+01   1.0072239e+02   8.5586214e+01   8.6023253e+01   5.7567352e+01   8.7000000e+01   4.8836462e+01   5.3037722e+01   4.2485292e+01   2.5632011e+01   3.8948684e+01   4.3011626e+01   5.2554733e+01   6.3245553e+00   2.5632011e+01   9.3085982e+01   7.1568149e+01   2.1023796e+01   7.3006849e+01   4.3657760e+01   1.0737784e+02   5.0990195e+01   4.8383882e+01   8.0993827e+01   5.4589376e+01   5.1971146e+01   7.6694198e+01   6.1684682e+01   2.1954498e+01   1.0104454e+02   3.0413813e+01   7.2111026e+00   5.7140179e+01   2.7784888e+01   1.0890822e+02   7.1063352e+01   4.6065171e+01   0.0000000e+00   8.5276022e+01   6.7067131e+01   5.3141321e+01   1.0131634e+02   5.8420887e+01   1.0770330e+01   5.5154329e+01   5.3851648e+00   4.3139309e+01   4.2953463e+01   4.9335586e+01   4.2011903e+01   4.6529560e+01   1.0413933e+02   8.2975900e+01   1.0756393e+02   4.1231056e+01   1.1150785e+02   4.6324939e+01   8.2855296e+01   2.6925824e+01   4.9648766e+01   6.8410526e+01   5.0209561e+01   5.2038447e+01   1.0993180e+02   8.5802098e+01   1.6124515e+01   1.5620499e+01   7.9177017e+01   4.9396356e+01   2.8653098e+01   2.8792360e+01
  1.1140018e+02   7.7884530e+01   1.6313185e+02   1.3003461e+02   1.0911462e+02   4.8373546e+01   1.5418495e+02   1.6492423e+02   1.1272977e+02   1.1011358e+02   4.8259714e+01   3.9204592e+01   7.3498299e+01   8.2346828e+01   8.8238314e+01   1.4289857e+02   8.1932899e+01   1.5660460e+02   8.9587946e+01   4.9040799e+01   1.0307764e+02   1.4199296e+02   1.0473777e+02   5.3075418e+01   4.2190046e+01   7.9705709e+01   6.0141500e+01   8.5234969e+01   7.7317527e+01   8.4403791e+01   4.3416587e+01   2.2561028e+01   1.1621101e+02   1.0407689e+02   1.1950732e+02   1.1715375e+02   1.2660569e+02   1.3819190e+02   7.8185676e+01   8.0777472e+01   4.7169906e+01   8.0062476e+01   7.4953319e+01   9.0686272e+01   6.1554854e+01   1.1315918e+02   3.5128336e+01   7.2897188e+01   1.5004666e+02   8.2036577e+01   2.5179357e+01   1.0127191e+02   1.1225418e+02   1.6042444e+02   1.3091982e+02   1.3514807e+02   1.1427161e+02   1.4080128e+02   8.4581322e+01   1.3303383e+02   5.5865911e+01   8.6278618e+01   1.4075866e+02   5.8000000e+01   2.8017851e+01   3.7121422e+01   7.9056942e+01   8.5276022e+01   0.0000000e+00   3.1144823e+01   1.1454257e+02   1.3000385e+02   4.7675990e+01   8.2680106e+01   1.0606602e+02   8.2807005e+01   4.2438190e+01   7.6896034e+01   8.1301906e+01   4.5177428e+01   1.2381034e+02   1.3203409e+02   1.1761377e+02   1.3318408e+02   4.5650849e+01   3.1016125e+01   7.7524190e+01   1.6530275e+02   8.5796270e+01   8.0081209e+01   3.6000000e+01   1.0259142e+02   1.2593649e+02   2.8160256e+01   1.0504285e+02   8.4118963e+01   8.6833173e+01   1.6119864e+02   1.1092340e+02   5.7280014e+01   7.4946648e+01
  8.2680106e+01   4.7539457e+01   1.3877320e+02   9.9181652e+01   7.8409183e+01   1.7262677e+01   1.2660569e+02   1.4003571e+02   8.4059503e+01   7.9404030e+01   1.7117243e+01   8.0622577e+00   4.3081318e+01   7.2062473e+01   7.8102497e+01   1.2120231e+02   5.2354560e+01   1.3086252e+02   7.4215901e+01   3.5000000e+01   9.7185390e+01   1.2180312e+02   1.0071743e+02   3.6345564e+01   3.4205263e+01   7.0007142e+01   4.2201896e+01   7.1196910e+01   7.7794601e+01   6.7720012e+01   3.6400549e+01   3.6069378e+01   8.5094066e+01   7.3334848e+01   9.0553851e+01   8.6052310e+01   1.0111874e+02   1.1747766e+02   4.8877398e+01   7.2006944e+01   3.7483330e+01   7.8102497e+01   4.4271887e+01   7.1175839e+01   4.1436699e+01   8.2492424e+01   7.2111026e+00   6.2032250e+01   1.2343419e+02   8.0049984e+01   4.4045431e+01   9.8152942e+01   8.4053554e+01   1.3446933e+02   1.0473777e+02   1.1200446e+02   8.3186537e+01   1.1526057e+02   7.4108029e+01   1.0200000e+02   3.7107951e+01   6.5741920e+01   1.1780068e+02   4.0024992e+01   4.4553339e+01   8.4852814e+00   4.9193496e+01   6.7067131e+01   3.1144823e+01   0.0000000e+00   8.5755466e+01   9.9080775e+01   1.6763055e+01   6.8249542e+01   1.0324728e+02   6.3158531e+01   3.2756679e+01   4.7507894e+01   8.1608823e+01   3.8327536e+01   9.8290386e+01   1.0117806e+02   8.6469648e+01   1.0248902e+02   3.8078866e+01   4.6690470e+01   7.7201036e+01   1.4085808e+02   7.7000000e+01   4.9769469e+01   5.8309519e+00   9.8858485e+01   9.9247166e+01   4.6010868e+01   7.4242845e+01   7.1568149e+01   7.3824115e+01   1.3656134e+02   8.2377181e+01   3.9051248e+01   4.8836462e+01
  3.1622777e+00   3.9623226e+01   6.1351447e+01   5.7245087e+01   5.3235327e+01   7.0000000e+01   4.1725292e+01   6.0926185e+01   2.0000000e+00   5.3338541e+01   7.0604532e+01   7.8492038e+01   4.3931765e+01   7.5026662e+01   7.6485293e+01   5.6320511e+01   3.3600595e+01   5.0089919e+01   6.1269895e+01   7.3681748e+01   9.4578010e+01   6.2369865e+01   1.0124228e+02   6.8593003e+01   8.2873397e+01   7.6216796e+01   6.3126856e+01   6.5000000e+01   1.0124228e+02   5.7584720e+01   8.3600239e+01   1.2124768e+02   4.2720019e+01   5.2000000e+01   5.0990195e+00   4.3965896e+01   2.7073973e+01   5.7489129e+01   3.6891733e+01   7.8771822e+01   7.9404030e+01   9.6135321e+01   4.3840620e+01   4.8332184e+01   5.9304300e+01   5.4744863e+01   8.5802098e+01   7.3006849e+01   4.0816663e+01   9.6798760e+01   1.2952992e+02   1.0221546e+02   5.0000000e+00   5.2839379e+01   2.6305893e+01   4.4283180e+01   3.2280025e+01   3.7107951e+01   7.4846510e+01   5.3535035e+01   6.4629715e+01   4.6173586e+01   4.9040799e+01   6.4280635e+01   1.2961867e+02   8.4202138e+01   3.7013511e+01   5.3141321e+01   1.1454257e+02   8.5755466e+01   0.0000000e+00   5.5470713e+01   6.9634761e+01   6.3906181e+01   1.0568822e+02   4.9729267e+01   8.1049368e+01   3.8275318e+01   1.0245975e+02   8.3384651e+01   2.5317978e+01   5.8180753e+01   3.8275318e+01   6.2177166e+01   8.2389320e+01   1.3140015e+02   9.9327740e+01   6.2968246e+01   7.9705709e+01   3.7483330e+01   8.3234608e+01   1.0101980e+02   2.0099751e+01   1.3124405e+02   5.1009803e+01   6.9079664e+01   6.8029405e+01   5.8523500e+01   4.0000000e+00   6.4381674e+01   4.1000000e+01
  5.6080300e+01   5.9236813e+01   1.0716809e+02   2.0000000e+00   2.1377558e+01   8.2298238e+01   7.9056942e+01   1.0501905e+02   5.6435804e+01   2.0396078e+01   8.2219219e+01   9.1137259e+01   6.2297673e+01   1.2244182e+02   1.2549502e+02   1.0976794e+02   6.0415230e+01   9.4085068e+01   1.1107205e+02   1.0640489e+02   1.4569145e+02   1.1670904e+02   1.5210851e+02   1.0215674e+02   1.1416217e+02   1.2280065e+02   9.9729635e+01   1.1345484e+02   1.4564683e+02   1.0564563e+02   1.1576701e+02   1.2675173e+02   1.6124515e+01   2.6172505e+01   5.4230987e+01   1.4764823e+01   8.0993827e+01   1.1200893e+02   6.3953108e+01   1.2560255e+02   1.1272089e+02   1.4173567e+02   5.9774577e+01   9.8290386e+01   9.5257546e+01   1.7720045e+01   9.5021050e+01   1.1732434e+02   8.4148678e+01   1.4287407e+02   1.3514807e+02   1.5230561e+02   6.0033324e+01   9.5000000e+01   7.8160092e+01   9.8030607e+01   2.4758837e+01   8.6683332e+01   1.2291867e+02   5.0000000e+00   9.8488578e+01   9.4175368e+01   1.0192154e+02   9.9744674e+01   1.3375350e+02   9.3021503e+01   6.0835845e+01   1.0131634e+02   1.3000385e+02   9.9080775e+01   5.5470713e+01   0.0000000e+00   8.3486526e+01   1.1152130e+02   1.5640013e+02   9.6540147e+01   1.1194642e+02   6.4404969e+01   1.4782760e+02   1.1645600e+02   7.9849859e+01   2.8284271e+00   1.8384776e+01   6.7082039e+00   1.1552056e+02   1.3439122e+02   1.4396180e+02   1.0807405e+02   1.2791403e+02   5.7775427e+01   9.4005319e+01   1.5148597e+02   7.3054774e+01   1.3571293e+02   2.5079872e+01   1.1715375e+02   1.1693160e+02   1.0417293e+02   5.7454330e+01   9.9317672e+01   7.7175126e+01
  6.6610810e+01   3.0870698e+01   1.2463146e+02   8.3725743e+01   6.3348244e+01   2.2360680e+00   1.1088733e+02   1.2560653e+02   6.8007353e+01   6.4327288e+01   3.1622777e+00   8.9442719e+00   2.6400758e+01   6.8249542e+01   7.3979727e+01   1.0870603e+02   3.6055513e+01   1.1604310e+02   6.7029844e+01   3.4000000e+01   9.4593869e+01   1.1016805e+02   9.9040396e+01   3.2893768e+01   3.7536649e+01   6.6708320e+01   3.6496575e+01   6.5069194e+01   7.9755878e+01   6.0074953e+01   3.9698866e+01   5.1613952e+01   6.9007246e+01   5.8249464e+01   7.4330344e+01   7.0028566e+01   8.6683332e+01   1.0560303e+02   3.2802439e+01   6.9123079e+01   3.8832976e+01   7.8721026e+01   2.7513633e+01   6.1392182e+01   3.4058773e+01   6.7468511e+01   1.6278821e+01   5.8694122e+01   1.0820813e+02   8.0529498e+01   5.9908263e+01   9.7082439e+01   6.8249542e+01   1.1951987e+02   8.9872131e+01   9.8792712e+01   6.6610810e+01   1.0065784e+02   7.0035705e+01   8.6145226e+01   3.1780497e+01   5.5542776e+01   1.0462313e+02   3.4713110e+01   6.0000000e+01   1.4866069e+01   3.2756679e+01   5.8420887e+01   4.7675990e+01   1.6763055e+01   6.9634761e+01   8.3486526e+01   0.0000000e+00   6.2072538e+01   1.0214206e+02   5.3758720e+01   3.5468296e+01   3.1400637e+01   8.3240615e+01   4.1231056e+01   8.3868945e+01   8.5708809e+01   7.0114193e+01   8.7298339e+01   4.0607881e+01   6.1846584e+01   7.8771822e+01   1.2665702e+02   7.3756356e+01   3.3105891e+01   1.3601471e+01   9.7416631e+01   8.4148678e+01   6.1611687e+01   5.9033889e+01   6.6370174e+01   6.8183576e+01   1.2228655e+02   6.6400301e+01   3.3734256e+01   3.5355339e+01
  6.1465437e+01   5.7982756e+01   8.7726849e+01   1.1280514e+02   9.9247166e+01   6.4124878e+01   8.9358827e+01   9.0620086e+01   6.2032250e+01   9.9904955e+01   6.5122961e+01   6.6189123e+01   5.7706152e+01   1.1180340e+01   1.4212670e+01   6.3812225e+01   5.3413481e+01   8.5164547e+01   7.0710678e+00   3.4539832e+01   3.5510562e+01   6.1073726e+01   4.1400483e+01   3.2015621e+01   4.0496913e+01   1.2369317e+01   2.6172505e+01   3.0000000e+00   3.7656341e+01   6.3245553e+00   3.9408121e+01   9.9924972e+01   9.5671312e+01   9.5268043e+01   6.8308125e+01   9.7082439e+01   5.8215118e+01   5.8008620e+01   5.1039201e+01   1.4866069e+01   3.5510562e+01   3.2280025e+01   6.0415230e+01   1.6124515e+01   2.8017851e+01   1.0264989e+02   7.3552702e+01   1.2083046e+01   8.2036577e+01   3.2893768e+01   1.0599057e+02   4.1036569e+01   5.9135438e+01   8.9286057e+01   6.4124878e+01   5.9236813e+01   8.7005747e+01   7.0405966e+01   1.1401754e+01   1.1140018e+02   3.1256999e+01   1.7888544e+01   6.3976558e+01   2.8284271e+01   1.0783784e+02   7.3334848e+01   5.4644304e+01   1.0770330e+01   8.2680106e+01   6.8249542e+01   6.3906181e+01   1.1152130e+02   6.2072538e+01   0.0000000e+00   4.5453273e+01   1.5000000e+01   4.0311289e+01   5.1312766e+01   3.8600518e+01   3.7802116e+01   5.6080300e+01   1.1433722e+02   9.3236259e+01   1.1768602e+02   3.7202150e+01   1.1057124e+02   3.5693137e+01   8.9961103e+01   1.6401219e+01   5.8249464e+01   7.0455660e+01   4.0459857e+01   6.2032250e+01   1.0868763e+02   9.5131488e+01   5.6568542e+00   6.3245553e+00   8.6539009e+01   6.0166436e+01   2.9274562e+01   3.6891733e+01
  1.0373042e+02   1.0322790e+02   1.0900459e+02   1.5776248e+02   1.4469278e+02   1.0435516e+02   1.2104958e+02   1.1300442e+02   1.0400961e+02   1.4534442e+02   1.0530432e+02   1.0381233e+02   1.0262553e+02   3.5510562e+01   3.1240999e+01   8.3006024e+01   9.8858485e+01   1.1164676e+02   4.5343136e+01   6.8883960e+01   1.1180340e+01   7.6105190e+01   4.4721360e+00   6.9260378e+01   6.9354164e+01   3.6235342e+01   6.6309879e+01   4.3185646e+01   2.9120440e+01   5.0931326e+01   6.7268120e+01   1.2739309e+02   1.4073024e+02   1.4071958e+02   1.0941663e+02   1.4214429e+02   9.2027170e+01   7.6006579e+01   9.6400207e+01   3.3541020e+01   6.5764732e+01   2.6076810e+01   1.0539450e+02   5.8258047e+01   6.9778220e+01   1.4807093e+02   1.0983624e+02   4.3863424e+01   1.1217843e+02   2.4083189e+01   1.3124024e+02   5.0990195e+00   1.0070253e+02   1.1552489e+02   9.8030607e+01   8.5000000e+01   1.3171181e+02   1.0022475e+02   3.4409301e+01   1.5597436e+02   7.0576200e+01   6.2241465e+01   8.7367042e+01   6.7779053e+01   1.3395895e+02   1.1021797e+02   1.0000000e+02   5.5154329e+01   1.0606602e+02   1.0324728e+02   1.0568822e+02   1.5640013e+02   1.0214206e+02   4.5453273e+01   0.0000000e+00   6.0141500e+01   7.0576200e+01   9.6607453e+01   2.5298221e+01   6.5276336e+01   9.0824006e+01   1.5922625e+02   1.3803260e+02   1.6268989e+02   6.5375837e+01   1.3693794e+02   2.8635642e+01   1.1101802e+02   2.9681644e+01   1.0360019e+02   1.0707941e+02   5.0000000e+00   9.8234414e+01   1.3421252e+02   1.4058449e+02   3.9824616e+01   3.9623226e+01   1.0901835e+02   1.0234256e+02   6.8709534e+01   8.2200973e+01
  4.7127487e+01   4.4283180e+01   8.1541401e+01   9.7836598e+01   8.4646323e+01   5.5578773e+01   7.8854296e+01   8.3862983e+01   4.7801674e+01   8.5276022e+01   5.6568542e+01   5.9481089e+01   4.4598206e+01   2.6076810e+01   2.9000000e+01   6.0108236e+01   3.9115214e+01   7.6967526e+01   1.5652476e+01   3.3970576e+01   4.9819675e+01   5.9405387e+01   5.5973208e+01   2.9732137e+01   4.2201896e+01   2.6832816e+01   2.2671568e+01   1.6970563e+01   5.1546096e+01   9.2195445e+00   4.1880783e+01   9.7416631e+01   8.0721744e+01   8.0802228e+01   5.4341513e+01   8.2134037e+01   4.8083261e+01   5.5443665e+01   3.7121422e+01   2.9529646e+01   3.7443290e+01   4.6615448e+01   4.7169906e+01   8.0622577e+00   2.1954498e+01   8.7965902e+01   6.7357256e+01   2.3345235e+01   7.2422372e+01   4.7423623e+01   1.0429286e+02   5.5865911e+01   4.5122057e+01   8.1024688e+01   5.3600373e+01   5.3009433e+01   7.2006944e+01   6.1465437e+01   2.6400758e+01   9.6400207e+01   2.7202941e+01   4.1231056e+00   5.8412327e+01   2.4839485e+01   1.0568822e+02   6.6760767e+01   4.0706265e+01   5.3851648e+00   8.2807005e+01   6.3158531e+01   4.9729267e+01   9.6540147e+01   5.3758720e+01   1.5000000e+01   6.0141500e+01   0.0000000e+00   4.1231056e+01   3.7576588e+01   5.2924474e+01   4.0816663e+01   4.5607017e+01   9.9357939e+01   7.8243211e+01   1.0272780e+02   3.9962482e+01   1.0822661e+02   4.9648766e+01   8.3761566e+01   3.1400637e+01   4.4294469e+01   6.4195015e+01   5.5172457e+01   5.0487622e+01   1.0678015e+02   8.0603970e+01   2.0615528e+01   2.0518285e+01   7.9924965e+01   4.5880279e+01   2.5612497e+01   2.3409400e+01
  7.7929455e+01   5.2886671e+01   1.2264175e+02   1.1260551e+02   9.3941471e+01   3.7643060e+01   1.1717508e+02   1.2480785e+02   7.9075913e+01   9.4847246e+01   3.8418745e+01   3.4438351e+01   4.9648766e+01   4.1231056e+01   4.7296934e+01   1.0117806e+02   5.3460266e+01   1.1733712e+02   4.7169906e+01   7.6157731e+00   6.5007692e+01   9.9824847e+01   6.8183576e+01   1.2649111e+01   2.2360680e+00   3.8832976e+01   1.9235384e+01   4.2941821e+01   4.5310043e+01   4.2011903e+01   4.2426407e+00   6.0083276e+01   9.6166522e+01   8.9000000e+01   8.6145226e+01   9.7416631e+01   8.7658428e+01   9.6176920e+01   4.9497475e+01   4.0447497e+01   5.0990195e+00   4.5354162e+01   5.2201533e+01   4.8836462e+01   2.2135944e+01   9.7989795e+01   3.9560081e+01   3.1320920e+01   1.1182576e+02   4.7296934e+01   6.5795137e+01   6.5490457e+01   7.7665951e+01   1.2131364e+02   9.2612094e+01   9.4201911e+01   9.0801982e+01   1.0159724e+02   4.3416587e+01   1.1360018e+02   1.6492423e+01   4.5000000e+01   9.9639350e+01   1.7464249e+01   6.7779053e+01   4.0162171e+01   5.1971146e+01   4.3139309e+01   4.2438190e+01   3.2756679e+01   8.1049368e+01   1.1194642e+02   3.5468296e+01   4.0311289e+01   7.0576200e+01   4.1231056e+01   0.0000000e+00   4.8662100e+01   4.9040799e+01   5.8309519e+00   8.4970583e+01   1.1449017e+02   9.5801879e+01   1.1681181e+02   5.3851648e+00   7.0576200e+01   4.4598206e+01   1.2485191e+02   4.5541190e+01   5.4571055e+01   3.7000000e+01   6.6272166e+01   8.8391176e+01   6.8541958e+01   8.9470666e+01   4.2154478e+01   4.4777226e+01   1.2092973e+02   7.7103826e+01   1.7088007e+01   4.0199502e+01
  3.5227830e+01   6.7082039e+00   9.4578010e+01   6.5299311e+01   4.8918299e+01   3.1890437e+01   7.9511006e+01   9.5210294e+01   3.6619667e+01   4.9678969e+01   3.2557641e+01   4.0224371e+01   8.0622577e+00   6.1220911e+01   6.5459911e+01   8.1271151e+01   5.0990195e+00   8.5276022e+01   5.3225934e+01   4.2449971e+01   8.6821656e+01   8.4172442e+01   9.2655275e+01   3.7947332e+01   5.0803543e+01   6.0959003e+01   3.5355339e+01   5.3851648e+01   8.2006097e+01   4.6529560e+01   5.2172790e+01   8.3006024e+01   4.8332184e+01   4.4553339e+01   4.3046487e+01   4.9658836e+01   5.6603887e+01   7.9309520e+01   1.4142136e+00   6.3780875e+01   4.8764741e+01   7.8644771e+01   1.0049876e+01   4.2720019e+01   3.0886890e+01   5.2630789e+01   4.7634021e+01   5.4451814e+01   7.7103826e+01   7.9981248e+01   9.1263355e+01   9.2005435e+01   3.6878178e+01   8.8617154e+01   5.9203040e+01   7.0384657e+01   4.2201896e+01   7.0213959e+01   6.2201286e+01   6.5551506e+01   3.4176015e+01   3.7000000e+01   7.6157731e+01   3.5341194e+01   9.1400219e+01   4.6097722e+01   3.6055513e+00   4.2953463e+01   7.6896034e+01   4.7507894e+01   3.8275318e+01   6.4404969e+01   3.1400637e+01   5.1312766e+01   9.6607453e+01   3.7576588e+01   4.8662100e+01   0.0000000e+00   8.4504438e+01   5.2630789e+01   5.3851648e+01   6.7082039e+01   4.7434165e+01   6.9835521e+01   5.1662365e+01   9.3236259e+01   8.0430094e+01   9.6519428e+01   6.7007462e+01   7.0710678e+00   4.5000000e+01   9.1607860e+01   5.3263496e+01   9.3005376e+01   4.4598206e+01   5.6859476e+01   5.7454330e+01   9.2086915e+01   3.5000000e+01   3.4928498e+01   1.4422205e+01
  9.9959992e+01   9.0686272e+01   1.1964113e+02   1.4894630e+02   1.3341664e+02   8.5475143e+01   1.2603571e+02   1.2316655e+02   1.0056838e+02   1.3418271e+02   8.6353923e+01   8.3384651e+01   8.9106678e+01   2.7658633e+01   2.8000000e+01   9.3861600e+01   8.7800911e+01   1.1960351e+02   4.2426407e+01   4.9244289e+01   2.6172505e+01   8.8543774e+01   2.5059928e+01   5.1039201e+01   4.7434165e+01   2.6248809e+01   5.0249378e+01   3.7854986e+01   4.0000000e+00   4.4922155e+01   4.5221676e+01   1.0301942e+02   1.3174597e+02   1.2897287e+02   1.0690182e+02   1.3313527e+02   9.5189285e+01   8.7091905e+01   8.4646323e+01   2.3769729e+01   4.4777226e+01   6.3245553e+00   9.1934759e+01   5.4571055e+01   5.4451814e+01   1.3713132e+02   8.8543774e+01   3.0528675e+01   1.1801695e+02   6.0000000e+00   1.0647065e+02   2.1023796e+01   9.7718985e+01   1.2368508e+02   1.0124228e+02   9.2655275e+01   1.2382245e+02   1.0604244e+02   2.8284271e+01   1.4818907e+02   5.3413481e+01   5.6302753e+01   9.6337947e+01   5.1088159e+01   1.0929318e+02   8.9196412e+01   8.8090862e+01   4.9335586e+01   8.1301906e+01   8.1608823e+01   1.0245975e+02   1.4782760e+02   8.3240615e+01   3.8600518e+01   2.5298221e+01   5.2924474e+01   4.9040799e+01   8.4504438e+01   0.0000000e+00   4.3324358e+01   9.3343452e+01   1.5060212e+02   1.2984991e+02   1.5368800e+02   4.3657760e+01   1.1228535e+02   4.4721360e+00   1.2180722e+02   2.4020824e+01   9.1547802e+01   8.6034877e+01   2.2825424e+01   9.9849887e+01   1.0945775e+02   1.2907362e+02   3.3734256e+01   3.5355339e+01   1.1905041e+02   9.8681305e+01   5.1855569e+01   7.0802542e+01
  8.0305666e+01   5.7245087e+01   1.2233152e+02   1.1717508e+02   9.8838252e+01   4.3416587e+01   1.1827088e+02   1.2467959e+02   8.1394103e+01   9.9729635e+01   4.4204072e+01   4.0249224e+01   5.4230987e+01   3.7336309e+01   4.3324358e+01   1.0012492e+02   5.7271284e+01   1.1761803e+02   4.4821870e+01   1.0198039e+01   6.0133186e+01   9.8290386e+01   6.3031738e+01   1.5033296e+01   4.1231056e+00   3.4785054e+01   2.0396078e+01   4.0224371e+01   3.9560081e+01   4.0311289e+01   2.0000000e+00   6.4031242e+01   1.0056838e+02   9.3941471e+01   8.8459030e+01   1.0184302e+02   8.8238314e+01   9.4847246e+01   5.3366656e+01   3.6138622e+01   4.0000000e+00   3.9812058e+01   5.6859476e+01   4.8010416e+01   2.4083189e+01   1.0285913e+02   4.5221676e+01   2.7730849e+01   1.1253888e+02   4.1773197e+01   6.9289249e+01   6.0207973e+01   7.9762146e+01   1.2164292e+02   9.3407708e+01   9.3744333e+01   9.4831429e+01   1.0198039e+02   3.9560081e+01   1.1795338e+02   1.9026298e+01   4.4777226e+01   9.9045444e+01   1.9104973e+01   7.1470274e+01   4.5880279e+01   5.6044625e+01   4.2011903e+01   4.5177428e+01   3.8327536e+01   8.3384651e+01   1.1645600e+02   4.1231056e+01   3.7802116e+01   6.5276336e+01   4.0816663e+01   5.8309519e+00   5.2630789e+01   4.3324358e+01   0.0000000e+00   8.5615419e+01   1.1903781e+02   1.0000000e+02   1.2146193e+02   1.0000000e+00   7.4330344e+01   3.8897301e+01   1.2455521e+02   4.1231056e+01   5.8821765e+01   4.2720019e+01   6.1073726e+01   8.9493016e+01   7.2111026e+01   9.4366308e+01   3.8948684e+01   4.1677332e+01   1.2073939e+02   7.9404030e+01   1.9026298e+01   4.3011626e+01
  2.6019224e+01   5.7697487e+01   4.0804412e+01   8.1706793e+01   7.8517514e+01   8.4811556e+01   3.3376639e+01   4.1773197e+01   2.5079872e+01   7.8638413e+01   8.5603738e+01   9.2097774e+01   6.1294372e+01   6.6030296e+01   6.5490457e+01   3.1064449e+01   5.0537115e+01   3.2802439e+01   5.1039201e+01   7.7369245e+01   7.9711982e+01   3.7107951e+01   8.6377080e+01   7.2470684e+01   8.6330759e+01   6.8000000e+01   6.5741920e+01   5.6000000e+01   9.3085982e+01   5.0249378e+01   8.6406018e+01   1.3435029e+02   6.7911707e+01   7.7103826e+01   2.5632011e+01   6.9123079e+01   2.8284271e+00   3.2280025e+01   5.2478567e+01   7.0028566e+01   8.1939002e+01   8.7206651e+01   6.2169124e+01   4.0311289e+01   6.3134776e+01   8.0062476e+01   1.0000500e+02   6.7475922e+01   2.6925824e+01   8.7367042e+01   1.4217243e+02   8.8232647e+01   2.2000000e+01   3.6619667e+01   8.0622577e+00   1.9026298e+01   5.7489129e+01   1.7029386e+01   6.5122961e+01   7.7388630e+01   6.8963759e+01   4.1484937e+01   2.4083189e+01   6.7535176e+01   1.4283557e+02   9.8716767e+01   5.4120237e+01   4.6529560e+01   1.2381034e+02   9.8290386e+01   2.5317978e+01   7.9849859e+01   8.3868945e+01   5.6080300e+01   9.0824006e+01   4.5607017e+01   8.4970583e+01   5.3851648e+01   9.3343452e+01   8.5615419e+01   0.0000000e+00   8.2462113e+01   6.3324561e+01   8.6539009e+01   8.4693565e+01   1.4497241e+02   9.1087870e+01   4.2801869e+01   6.9354164e+01   5.5946403e+01   9.7082439e+01   8.6648716e+01   7.8102497e+00   1.4425672e+02   7.6164296e+01   6.0008333e+01   5.8077534e+01   3.8418745e+01   2.5000000e+01   6.8000000e+01   4.9517674e+01
  5.8830264e+01   6.1846584e+01   1.0929318e+02   2.0000000e+00   2.3086793e+01   8.4480767e+01   8.1006173e+01   1.0707474e+02   5.9169249e+01   2.2090722e+01   8.4380092e+01   9.3263069e+01   6.4845971e+01   1.2525175e+02   1.2831602e+02   1.1227199e+02   6.3134776e+01   9.6187317e+01   1.1389908e+02   1.0900459e+02   1.4851936e+02   1.1926860e+02   1.5493547e+02   1.0478550e+02   1.1670904e+02   1.2560255e+02   1.0242070e+02   1.1627553e+02   1.4840822e+02   1.0846658e+02   1.1833005e+02   1.2841339e+02   1.8867962e+01   2.8017851e+01   5.6859476e+01   1.7492856e+01   8.3570330e+01   1.1458621e+02   6.6648331e+01   1.2840561e+02   1.1531695e+02   1.4451644e+02   6.2297673e+01   1.0111874e+02   9.7948966e+01   1.9235384e+01   9.7000000e+01   1.2010412e+02   8.6284413e+01   1.4566056e+02   1.3678085e+02   1.5512898e+02   6.2769419e+01   9.7020616e+01   8.0653580e+01   1.0056838e+02   2.7586228e+01   8.9050547e+01   1.2573385e+02   6.0827625e+00   1.0113358e+02   9.7000000e+01   1.0440307e+02   1.0241582e+02   1.3532923e+02   9.5000000e+01   6.3505905e+01   1.0413933e+02   1.3203409e+02   1.0117806e+02   5.8180753e+01   2.8284271e+00   8.5708809e+01   1.1433722e+02   1.5922625e+02   9.9357939e+01   1.1449017e+02   6.7082039e+01   1.5060212e+02   1.1903781e+02   8.2462113e+01   0.0000000e+00   2.1213203e+01   4.1231056e+00   1.1810588e+02   1.3591541e+02   1.4672764e+02   1.1016351e+02   1.3072873e+02   6.0415230e+01   9.6046864e+01   1.5431137e+02   7.5610846e+01   1.3729530e+02   2.7000000e+01   1.1997083e+02   1.1975391e+02   1.0630146e+02   6.0207973e+01   1.0198039e+02   7.9924965e+01
  3.8483763e+01   4.2953463e+01   9.4260278e+01   1.9849433e+01   1.8788294e+01   6.9260378e+01   6.7911707e+01   9.2655275e+01   3.9000000e+01   1.8384776e+01   6.9354164e+01   7.8409183e+01   4.6529560e+01   1.0420173e+02   1.0716809e+02   9.3941471e+01   4.3081318e+01   8.1498466e+01   9.2698436e+01   8.9844310e+01   1.2731064e+02   1.0042410e+02   1.3373481e+02   8.5381497e+01   9.7984693e+01   1.0462313e+02   8.2462113e+01   9.5131488e+01   1.2776932e+02   8.7321246e+01   9.9458534e+01   1.1704700e+02   5.0990195e+00   2.0615528e+01   3.7854986e+01   6.0000000e+00   6.4761099e+01   9.5603347e+01   4.6818800e+01   1.0741508e+02   9.6166522e+01   1.2371338e+02   4.4283180e+01   7.9906195e+01   7.8000000e+01   1.8439089e+01   8.3360662e+01   9.9322706e+01   7.1449283e+01   1.2480785e+02   1.2557468e+02   1.3395895e+02   4.2544095e+01   8.3024093e+01   6.2649820e+01   8.2000000e+01   6.4031242e+00   7.2111026e+01   1.0463747e+02   1.8357560e+01   8.1596569e+01   7.5822160e+01   8.6313383e+01   8.2637764e+01   1.2459535e+02   8.1394103e+01   4.3965896e+01   8.2975900e+01   1.1761377e+02   8.6469648e+01   3.8275318e+01   1.8384776e+01   7.0114193e+01   9.3236259e+01   1.3803260e+02   7.8243211e+01   9.5801879e+01   4.7434165e+01   1.2984991e+02   1.0000000e+02   6.3324561e+01   2.1213203e+01   0.0000000e+00   2.4839485e+01   9.9040396e+01   1.2559060e+02   1.2605158e+02   9.5425364e+01   1.0963576e+02   4.1231056e+01   8.1884064e+01   1.3312400e+02   5.7070132e+01   1.2649111e+02   1.9209373e+01   9.8858485e+01   9.8595132e+01   9.1268834e+01   3.9812058e+01   8.2280010e+01   5.9481089e+01
  6.2769419e+01   6.4404969e+01   1.1335784e+02   5.0000000e+00   2.4083189e+01   8.5988371e+01   8.5000000e+01   1.1111256e+02   6.3134776e+01   2.3086793e+01   8.5842880e+01   9.4641429e+01   6.7230945e+01   1.2854960e+02   1.3171181e+02   1.1638728e+02   6.6037868e+01   1.0024470e+02   1.1738824e+02   1.1148543e+02   1.5202960e+02   1.2336936e+02   1.5841717e+02   1.0735455e+02   1.1903781e+02   1.2884487e+02   1.0519030e+02   1.1967038e+02   1.5143315e+02   1.1186599e+02   1.2070211e+02   1.2887591e+02   2.2022716e+01   2.9154759e+01   6.0926185e+01   2.0615528e+01   8.7664132e+01   1.1868024e+02   6.9462220e+01   1.3165485e+02   1.1778370e+02   1.4763468e+02   6.4621978e+01   1.0466136e+02   1.0072239e+02   2.0024984e+01   9.8081599e+01   1.2322337e+02   9.0354856e+01   1.4880860e+02   1.3718601e+02   1.5854968e+02   6.6730802e+01   1.0104454e+02   8.4770278e+01   1.0467569e+02   3.1240999e+01   9.3171884e+01   1.2907362e+02   1.0000000e+01   1.0375452e+02   1.0044899e+02   1.0852189e+02   1.0511898e+02   1.3563554e+02   9.6083297e+01   6.6241981e+01   1.0756393e+02   1.3318408e+02   1.0248902e+02   6.2177166e+01   6.7082039e+00   8.7298339e+01   1.1768602e+02   1.6268989e+02   1.0272780e+02   1.1681181e+02   6.9835521e+01   1.5368800e+02   1.2146193e+02   8.6539009e+01   4.1231056e+00   2.4839485e+01   0.0000000e+00   1.2054045e+02   1.3613229e+02   1.4977316e+02   1.1421471e+02   1.3406342e+02   6.3063460e+01   9.7252249e+01   1.5776248e+02   7.9711982e+01   1.3761177e+02   2.8284271e+01   1.2332883e+02   1.2316655e+02   1.1036757e+02   6.4140471e+01   1.0465658e+02   8.2927679e+01
  7.9309520e+01   5.6302753e+01   1.2149074e+02   1.1624543e+02   9.7948966e+01   4.2801869e+01   1.1732434e+02   1.2382245e+02   8.0399005e+01   9.8838252e+01   4.3600459e+01   3.9812058e+01   5.3310412e+01   3.7000000e+01   4.3011626e+01   9.9357939e+01   5.6293872e+01   1.1672618e+02   4.4204072e+01   9.2195445e+00   6.0074953e+01   9.7580736e+01   6.3071388e+01   1.4035669e+01   4.0000000e+00   3.4481879e+01   1.9416488e+01   3.9661064e+01   3.9924930e+01   3.9597980e+01   2.2360680e+00   6.4288413e+01   9.9624294e+01   9.3059121e+01   8.7464278e+01   1.0090094e+02   8.7321246e+01   9.4111636e+01   5.2392748e+01   3.5902646e+01   3.0000000e+00   4.0024992e+01   5.5946403e+01   4.7201695e+01   2.3086793e+01   1.0196568e+02   4.4922155e+01   2.7313001e+01   1.1161541e+02   4.1976184e+01   6.9641941e+01   6.0299254e+01   7.8771822e+01   1.2074767e+02   9.2477024e+01   9.2913939e+01   9.3861600e+01   1.0107918e+02   3.9217343e+01   1.1700427e+02   1.8027756e+01   4.3908997e+01   9.8229324e+01   1.8110770e+01   7.1784399e+01   4.5541190e+01   5.5081757e+01   4.1231056e+01   4.5650849e+01   3.8078866e+01   8.2389320e+01   1.1552056e+02   4.0607881e+01   3.7202150e+01   6.5375837e+01   3.9962482e+01   5.3851648e+00   5.1662365e+01   4.3657760e+01   1.0000000e+00   8.4693565e+01   1.1810588e+02   9.9040396e+01   1.2054045e+02   0.0000000e+00   7.4632433e+01   3.9217343e+01   1.2371338e+02   4.1000000e+01   5.7870545e+01   4.2379240e+01   6.1131007e+01   8.8543774e+01   7.2449983e+01   9.3477270e+01   3.8470768e+01   4.1182521e+01   1.1988745e+02   7.8409183e+01   1.8027756e+01   4.2011903e+01
  1.2840561e+02   9.2086915e+01   1.8545619e+02   1.3395895e+02   1.1303097e+02   6.1400326e+01   1.7273390e+02   1.8672440e+02   1.2980755e+02   1.1400439e+02   6.0802960e+01   5.3150729e+01   8.7658428e+01   1.1162885e+02   1.1764353e+02   1.6740968e+02   9.7800818e+01   1.7749648e+02   1.1720068e+02   7.6059187e+01   1.3355523e+02   1.6752313e+02   1.3548432e+02   7.9177017e+01   7.0837843e+01   1.0911004e+02   8.5959293e+01   1.1331814e+02   1.0829589e+02   1.1136427e+02   7.2422372e+01   1.0816654e+01   1.2301626e+02   1.0841587e+02   1.3601471e+02   1.2366487e+02   1.4780054e+02   1.6336768e+02   9.4641429e+01   1.1044003e+02   7.5610846e+01   1.1088733e+02   8.8204308e+01   1.1628413e+02   8.6284413e+01   1.1670904e+02   4.5607017e+01   1.0184302e+02   1.6991763e+02   1.1287161e+02   6.3245553e+00   1.3209845e+02   1.3009612e+02   1.8106905e+02   1.5134728e+02   1.5852129e+02   1.2369317e+02   1.6192900e+02   1.1384200e+02   1.3824616e+02   8.1123363e+01   1.1122050e+02   1.6429547e+02   8.3725743e+01   3.0000000e+00   4.7201695e+01   9.4403390e+01   1.1150785e+02   3.1016125e+01   4.6690470e+01   1.3140015e+02   1.3439122e+02   6.1846584e+01   1.1057124e+02   1.3693794e+02   1.0822661e+02   7.0576200e+01   9.3236259e+01   1.1228535e+02   7.4330344e+01   1.4497241e+02   1.3591541e+02   1.2559060e+02   1.3613229e+02   7.4632433e+01   0.0000000e+00   1.0846197e+02   1.8754466e+02   1.1552056e+02   9.4302704e+01   4.8270074e+01   1.3336041e+02   1.4577380e+02   3.6055513e+00   1.0963576e+02   1.1272089e+02   1.1531695e+02   1.8325119e+02   1.2822636e+02   8.2855296e+01   9.5524866e+01
  9.6767763e+01   8.6556340e+01   1.1860017e+02   1.4505516e+02   1.2932131e+02   8.1006173e+01   1.2400403e+02   1.2202459e+02   9.7416631e+01   1.3009612e+02   8.1884064e+01   7.8924014e+01   8.4899941e+01   2.5079872e+01   2.6305893e+01   9.3005376e+01   8.3815273e+01   1.1808895e+02   4.0049969e+01   4.4777226e+01   2.8017851e+01   8.8022724e+01   2.7856777e+01   4.6615448e+01   4.3011626e+01   2.3345235e+01   4.5967380e+01   3.5227830e+01   2.0000000e+00   4.1976184e+01   4.0804412e+01   9.9080775e+01   1.2786321e+02   1.2484390e+02   1.0384604e+02   1.2924782e+02   9.3021503e+01   8.6330759e+01   8.0603970e+01   2.1095023e+01   4.0311289e+01   4.4721360e+00   8.7726849e+01   5.1788030e+01   5.0209561e+01   1.3306014e+02   8.4118963e+01   2.6832816e+01   1.1615507e+02   5.6568542e+00   1.0270346e+02   2.4041631e+01   9.4641429e+01   1.2218838e+02   9.9045444e+01   9.1241438e+01   1.2006665e+02   1.0423531e+02   2.6000000e+01   1.4440222e+02   4.9040799e+01   5.3160135e+01   9.5126232e+01   4.6754679e+01   1.0547512e+02   8.4758480e+01   8.4023806e+01   4.6324939e+01   7.7524190e+01   7.7201036e+01   9.9327740e+01   1.4396180e+02   7.8771822e+01   3.5693137e+01   2.8635642e+01   4.9648766e+01   4.4598206e+01   8.0430094e+01   4.4721360e+00   3.8897301e+01   9.1087870e+01   1.4672764e+02   1.2605158e+02   1.4977316e+02   3.9217343e+01   1.0846197e+02   0.0000000e+00   1.2078493e+02   2.2203603e+01   8.7458562e+01   8.1596569e+01   2.5632011e+01   9.7416631e+01   1.0568349e+02   1.2496399e+02   3.1144823e+01   3.3015148e+01   1.1790250e+02   9.5509162e+01   4.7507894e+01   6.6850580e+01
  6.5000000e+01   9.9984999e+01   2.2360680e+00   1.1007270e+02   1.1328283e+02   1.2761270e+02   2.9832868e+01   3.6055513e+00   6.3694584e+01   1.1313708e+02   1.2840561e+02   1.3482581e+02   1.0377379e+02   9.7406365e+01   9.4641429e+01   2.8160256e+01   9.2962358e+01   1.4000000e+01   8.3384651e+01   1.1741380e+02   1.0124228e+02   3.5057096e+01   1.0707474e+02   1.1280071e+02   1.2592458e+02   9.9959992e+01   1.0580170e+02   8.8769364e+01   1.2272327e+02   8.5422479e+01   1.2564235e+02   1.7686718e+02   1.0049876e+02   1.1315918e+02   6.0440053e+01   1.0140020e+02   4.0000000e+01   3.5128336e+01   9.5131488e+01   1.0119289e+02   1.2120231e+02   1.1641735e+02   1.0444616e+02   7.6661594e+01   1.0385567e+02   1.1374533e+02   1.4276204e+02   1.0204411e+02   2.4020824e+01   1.1595258e+02   1.8456706e+02   1.1022250e+02   6.1741396e+01   1.3601471e+01   3.7589892e+01   3.0886890e+01   9.0934042e+01   2.6419690e+01   9.5817535e+01   1.0423531e+02   1.0963576e+02   7.9881162e+01   2.6000000e+01   1.0780074e+02   1.8534832e+02   1.4149558e+02   9.6566040e+01   8.2855296e+01   1.6530275e+02   1.4085808e+02   6.2968246e+01   1.0807405e+02   1.2665702e+02   8.9961103e+01   1.1101802e+02   8.3761566e+01   1.2485191e+02   9.6519428e+01   1.2180722e+02   1.2455521e+02   4.2801869e+01   1.1016351e+02   9.5425364e+01   1.1421471e+02   1.2371338e+02   1.8754466e+02   1.2078493e+02   0.0000000e+00   9.8762341e+01   9.8112181e+01   1.3981774e+02   1.0816654e+02   4.3829214e+01   1.8672440e+02   1.1198661e+02   9.2114060e+01   8.9537702e+01   4.4721360e+00   6.4474801e+01   1.0840664e+02   9.2021737e+01
  7.7388630e+01   7.3600272e+01   9.6566040e+01   1.2918978e+02   1.1536464e+02   7.5927597e+01   1.0201961e+02   9.9924972e+01   7.7878110e+01   1.1604310e+02   7.6902536e+01   7.6419893e+01   7.2945185e+01   5.8309519e+00   4.1231056e+00   7.1168813e+01   6.9426220e+01   9.5885348e+01   1.8681542e+01   4.2000000e+01   2.0880613e+01   6.6640828e+01   2.5942244e+01   4.1303753e+01   4.4911023e+01   7.0710678e+00   3.7363083e+01   1.4764823e+01   2.4186773e+01   2.2472205e+01   4.3174066e+01   1.0526158e+02   1.1204463e+02   1.1128791e+02   8.3934498e+01   1.1345484e+02   7.1175839e+01   6.4621978e+01   6.6843100e+01   5.0990195e+00   4.0447497e+01   1.8027756e+01   7.5716577e+01   3.1384710e+01   4.0496913e+01   1.1882761e+02   8.3096330e+01   1.5132746e+01   9.4047860e+01   1.8027756e+01   1.1036757e+02   2.5000000e+01   7.4846510e+01   9.9984999e+01   7.7233412e+01   6.9050706e+01   1.0340696e+02   8.2097503e+01   5.0000000e+00   1.2780063e+02   4.1976184e+01   3.4132096e+01   7.3006849e+01   3.9051248e+01   1.1264102e+02   8.3216585e+01   7.0434367e+01   2.6925824e+01   8.5796270e+01   7.7000000e+01   7.9705709e+01   1.2791403e+02   7.3756356e+01   1.6401219e+01   2.9681644e+01   3.1400637e+01   4.5541190e+01   6.7007462e+01   2.4020824e+01   4.1231056e+01   6.9354164e+01   1.3072873e+02   1.0963576e+02   1.3406342e+02   4.1000000e+01   1.1552056e+02   2.2203603e+01   9.8762341e+01   0.0000000e+00   7.4027022e+01   8.0156098e+01   2.4698178e+01   7.5953933e+01   1.1322544e+02   1.1119802e+02   1.0816654e+01   1.1704700e+01   9.5801879e+01   7.6059187e+01   4.0024992e+01   5.2630789e+01
  3.4655447e+01   2.2360680e+00   9.6254870e+01   5.8600341e+01   4.1868843e+01   3.3120990e+01   7.9195959e+01   9.6566040e+01   3.6069378e+01   4.2638011e+01   3.3615473e+01   4.2047592e+01   6.7082039e+00   6.8249542e+01   7.2422372e+01   8.4646323e+01   6.0000000e+00   8.6267027e+01   5.9941638e+01   4.8703183e+01   9.3744333e+01   8.8119237e+01   9.9624294e+01   4.4384682e+01   5.6753854e+01   6.8014704e+01   4.2190046e+01   6.0745370e+01   8.9022469e+01   5.3338541e+01   5.8240879e+01   8.4380092e+01   4.1785165e+01   3.7483330e+01   4.1868843e+01   4.3081318e+01   5.8600341e+01   8.3186537e+01   7.2111026e+00   7.0837843e+01   5.5027266e+01   8.5702975e+01   6.4031242e+00   4.9040799e+01   3.7735925e+01   4.5607017e+01   4.8877398e+01   6.1522354e+01   7.7620873e+01   8.7045965e+01   9.2784697e+01   9.9020200e+01   3.7013511e+01   8.9403579e+01   6.0539243e+01   7.3375745e+01   3.6345564e+01   7.1693793e+01   6.9202601e+01   5.9135438e+01   4.0718546e+01   4.3462628e+01   7.9056942e+01   4.2059482e+01   9.2649879e+01   4.7169906e+01   3.6055513e+00   4.9648766e+01   8.0081209e+01   4.9769469e+01   3.7483330e+01   5.7775427e+01   3.3105891e+01   5.8249464e+01   1.0360019e+02   4.4294469e+01   5.4571055e+01   7.0710678e+00   9.1547802e+01   5.8821765e+01   5.5946403e+01   6.0415230e+01   4.1231056e+01   6.3063460e+01   5.7870545e+01   9.4302704e+01   8.7458562e+01   9.8112181e+01   7.4027022e+01   0.0000000e+00   4.6529560e+01   9.8600203e+01   5.4378304e+01   9.4339811e+01   3.7536649e+01   6.3820060e+01   6.4350602e+01   9.3648278e+01   3.4713110e+01   4.1593269e+01   2.1400935e+01
  8.0212219e+01   4.4294469e+01   1.3776792e+02   9.4047860e+01   7.3171033e+01   1.3416408e+01   1.2447088e+02   1.3885244e+02   8.1608823e+01   7.4168727e+01   1.3000000e+01   5.0000000e+00   3.9824616e+01   7.5026662e+01   8.1006173e+01   1.2107849e+02   4.9648766e+01   1.2941793e+02   7.6118329e+01   3.8327536e+01   1.0060318e+02   1.2209013e+02   1.0439349e+02   3.9000000e+01   3.8626416e+01   7.3109507e+01   4.4283180e+01   7.3437048e+01   8.2280010e+01   6.9426220e+01   4.0853396e+01   3.8013156e+01   8.0305666e+01   6.8117545e+01   8.7920419e+01   8.1221918e+01   9.9904955e+01   1.1764778e+02   4.6400431e+01   7.5239617e+01   4.1484937e+01   8.2280010e+01   4.0718546e+01   7.2111026e+01   4.2953463e+01   7.7233412e+01   3.1622777e+00   6.5069194e+01   1.2169634e+02   8.4202138e+01   4.6324939e+01   1.0198039e+02   8.1835200e+01   1.3293607e+02   1.0324728e+02   1.1150336e+02   7.8854296e+01   1.1395174e+02   7.7006493e+01   9.7046381e+01   3.9204592e+01   6.6483081e+01   1.1732434e+02   4.2190046e+01   4.6400431e+01   3.1622777e+00   4.6324939e+01   6.8410526e+01   3.6000000e+01   5.8309519e+00   8.3234608e+01   9.4005319e+01   1.3601471e+01   7.0455660e+01   1.0707941e+02   6.4195015e+01   3.7000000e+01   4.5000000e+01   8.6034877e+01   4.2720019e+01   9.7082439e+01   9.6046864e+01   8.1884064e+01   9.7252249e+01   4.2379240e+01   4.8270074e+01   8.1596569e+01   1.3981774e+02   8.0156098e+01   4.6529560e+01   0.0000000e+00   1.0259142e+02   9.7590983e+01   4.8010416e+01   6.9065187e+01   7.4108029e+01   7.6236474e+01   1.3547324e+02   8.0000000e+01   4.1194660e+01   4.8010416e+01
  9.9020200e+01   9.8229324e+01   1.0611786e+02   1.5283979e+02   1.3970326e+02   9.9624294e+01   1.1727745e+02   1.1004090e+02   9.9322706e+01   1.4035669e+02   1.0057833e+02   9.9247166e+01   9.7637083e+01   3.0528675e+01   2.6248809e+01   8.0056230e+01   9.3861600e+01   1.0829589e+02   4.0459857e+01   6.4327288e+01   7.0710678e+00   7.3437048e+01   2.2360680e+00   6.4560050e+01   6.5122961e+01   3.1304952e+01   6.1465437e+01   3.8209946e+01   2.6400758e+01   4.5967380e+01   6.3071388e+01   1.2368508e+02   1.3579396e+02   1.3572398e+02   1.0480935e+02   1.3720787e+02   8.7931792e+01   7.3061618e+01   9.1400219e+01   2.8635642e+01   6.1400326e+01   2.2561028e+01   1.0040418e+02   5.3413481e+01   6.4884513e+01   1.4308739e+02   1.0538026e+02   3.9000000e+01   1.0850346e+02   2.0615528e+01   1.2773801e+02   2.2360680e+00   9.6041658e+01   1.1221854e+02   9.3962759e+01   8.1498466e+01   1.2681088e+02   9.6509067e+01   2.9410882e+01   1.5109269e+02   6.5787537e+01   5.7314920e+01   8.4095184e+01   6.2968246e+01   1.3039172e+02   1.0572133e+02   9.5000000e+01   5.0209561e+01   1.0259142e+02   9.8858485e+01   1.0101980e+02   1.5148597e+02   9.7416631e+01   4.0459857e+01   5.0000000e+00   5.5172457e+01   6.6272166e+01   9.1607860e+01   2.2825424e+01   6.1073726e+01   8.6648716e+01   1.5431137e+02   1.3312400e+02   1.5776248e+02   6.1131007e+01   1.3336041e+02   2.5632011e+01   1.0816654e+02   2.4698178e+01   9.8600203e+01   1.0259142e+02   0.0000000e+00   9.3984041e+01   1.3069813e+02   1.3559130e+02   3.4828150e+01   3.4655447e+01   1.0601887e+02   9.7637083e+01   6.3906181e+01   7.7201036e+01
  2.1587033e+01   5.6302753e+01   4.2047592e+01   7.4946648e+01   7.3061618e+01   8.4899941e+01   2.8792360e+01   4.2190046e+01   2.0396078e+01   7.3109507e+01   8.5632938e+01   9.2655275e+01   6.0216277e+01   7.2339477e+01   7.2180330e+01   3.6878178e+01   4.9406477e+01   3.2015621e+01   5.7428216e+01   8.0777472e+01   8.7091905e+01   4.3657760e+01   9.3776330e+01   7.5769387e+01   8.9888820e+01   7.4168727e+01   6.9289249e+01   6.2201286e+01   9.9408249e+01   5.6000000e+01   9.0138782e+01   1.3528119e+02   6.1814238e+01   7.2027772e+01   1.9235384e+01   6.2968246e+01   8.0622577e+00   3.9000000e+01   5.1855569e+01   7.6321688e+01   8.5702975e+01   9.3648278e+01   6.0745370e+01   4.6000000e+01   6.6309879e+01   7.4330344e+01   1.0040916e+02   7.3061618e+01   2.4207437e+01   9.3904207e+01   1.4328294e+02   9.5519631e+01   1.8027756e+01   3.5383612e+01   6.3245553e+00   2.5000000e+01   5.1478151e+01   1.7464249e+01   7.1568149e+01   7.0384657e+01   7.2090221e+01   4.6389654e+01   2.9274562e+01   7.0936591e+01   1.4375326e+02   9.9005050e+01   5.3009433e+01   5.2038447e+01   1.2593649e+02   9.9247166e+01   2.0099751e+01   7.3054774e+01   8.4148678e+01   6.2032250e+01   9.8234414e+01   5.0487622e+01   8.8391176e+01   5.3263496e+01   9.9849887e+01   8.9493016e+01   7.8102497e+00   7.5610846e+01   5.7070132e+01   7.9711982e+01   8.8543774e+01   1.4577380e+02   9.7416631e+01   4.3829214e+01   7.5953933e+01   5.4378304e+01   9.7590983e+01   9.3984041e+01   0.0000000e+00   1.4524806e+02   7.1007042e+01   6.6272166e+01   6.4498062e+01   3.9357337e+01   2.0880613e+01   7.1309186e+01   5.1039201e+01
  1.2822246e+02   9.2114060e+01   1.8462123e+02   1.3532923e+02   1.1433722e+02   6.1294372e+01   1.7242970e+02   1.8597043e+02   1.2961867e+02   1.1531695e+02   6.0745370e+01   5.2801515e+01   8.7664132e+01   1.0944405e+02   1.1543396e+02   1.6620770e+02   9.7652445e+01   1.7686718e+02   1.1538197e+02   7.4242845e+01   1.3102671e+02   1.6614752e+02   1.3283448e+02   7.7524190e+01   6.8709534e+01   1.0689247e+02   8.4380092e+01   1.1140018e+02   1.0547512e+02   1.0965856e+02   7.0228199e+01   1.0000000e+01   1.2404032e+02   1.0965856e+02   1.3591541e+02   1.2472369e+02   1.4708501e+02   1.6204938e+02   9.4403390e+01   1.0815729e+02   7.3539105e+01   1.0818965e+02   8.8323270e+01   1.1482596e+02   8.4876381e+01   1.1806778e+02   4.5486262e+01   9.9724621e+01   1.6942550e+02   1.1016805e+02   3.0000000e+00   1.2940247e+02   1.2980755e+02   1.8047992e+02   1.5074813e+02   1.5749286e+02   1.2442267e+02   1.6124515e+02   1.1166468e+02   1.3948835e+02   7.9611557e+01   1.0985900e+02   1.6324828e+02   8.2152298e+01   2.0000000e+00   4.7169906e+01   9.4302704e+01   1.0993180e+02   2.8160256e+01   4.6010868e+01   1.3124405e+02   1.3571293e+02   6.1611687e+01   1.0868763e+02   1.3421252e+02   1.0678015e+02   6.8541958e+01   9.3005376e+01   1.0945775e+02   7.2111026e+01   1.4425672e+02   1.3729530e+02   1.2649111e+02   1.3761177e+02   7.2449983e+01   3.6055513e+00   1.0568349e+02   1.8672440e+02   1.1322544e+02   9.4339811e+01   4.8010416e+01   1.3069813e+02   1.4524806e+02   0.0000000e+00   1.1085576e+02   1.1069327e+02   1.1331814e+02   1.8245547e+02   1.2800391e+02   8.1301906e+01   9.4752309e+01
  5.0159745e+01   3.8418745e+01   1.1064357e+02   2.5000000e+01   4.4721360e+00   5.7706152e+01   8.5702975e+01   1.0944405e+02   5.1088159e+01   5.3851648e+00   5.7558666e+01   6.6370174e+01   4.0496913e+01   1.0547512e+02   1.0934350e+02   1.0722873e+02   4.1773197e+01   9.8270036e+01   9.6020831e+01   8.4599054e+01   1.3041856e+02   1.1287161e+02   1.3649908e+02   8.0777472e+01   9.1706052e+01   1.0538026e+02   7.9404030e+01   9.7452553e+01   1.2650692e+02   8.9810912e+01   9.3471921e+01   1.0178900e+02   1.4866069e+01   1.4142136e+00   5.2153619e+01   1.5000000e+01   7.8057671e+01   1.0791200e+02   4.4553339e+01   1.0820813e+02   9.0824006e+01   1.2323960e+02   3.7735925e+01   8.4059503e+01   7.5000000e+01   8.5440037e+00   7.0000000e+01   9.9035347e+01   8.8294960e+01   1.2457929e+02   1.1021797e+02   1.3612494e+02   5.4230987e+01   1.0016986e+02   7.7058419e+01   9.5189285e+01   2.1540659e+01   8.7367042e+01   1.0630146e+02   2.8635642e+01   7.7388630e+01   7.9056942e+01   1.0004499e+02   7.9056942e+01   1.0890822e+02   6.8000000e+01   4.1036569e+01   8.5802098e+01   1.0504285e+02   7.4242845e+01   5.1009803e+01   2.5079872e+01   5.9033889e+01   9.5131488e+01   1.4058449e+02   8.0603970e+01   8.9470666e+01   4.4598206e+01   1.2907362e+02   9.4366308e+01   7.6164296e+01   2.7000000e+01   1.9209373e+01   2.8284271e+01   9.3477270e+01   1.0963576e+02   1.2496399e+02   1.1198661e+02   1.1119802e+02   3.7536649e+01   6.9065187e+01   1.3559130e+02   7.1007042e+01   1.1085576e+02   0.0000000e+00   1.0076706e+02   1.0104454e+02   1.0768937e+02   5.1244512e+01   7.8492038e+01   5.8694122e+01
  6.6708320e+01   6.3513778e+01   8.9888820e+01   1.1844408e+02   1.0489042e+02   6.8468971e+01   9.3085982e+01   9.2973114e+01   6.7230945e+01   1.0555094e+02   6.9462220e+01   7.0007142e+01   6.3134776e+01   6.0827625e+00   8.6023253e+00   6.5299311e+01   5.9033889e+01   8.8073833e+01   9.0553851e+00   3.7107951e+01   3.0016662e+01   6.1854668e+01   3.5805028e+01   3.5227830e+01   4.2047592e+01   8.0622577e+00   3.0016662e+01   4.1231056e+00   3.3136083e+01   1.1661904e+01   4.0706265e+01   1.0218121e+02   1.0131634e+02   1.0089599e+02   7.3389373e+01   1.0272780e+02   6.2008064e+01   5.9169249e+01   5.6612719e+01   1.0049876e+01   3.7161808e+01   2.7459060e+01   6.5863495e+01   2.0880613e+01   3.2388269e+01   1.0830051e+02   7.7162167e+01   1.1401754e+01   8.5475143e+01   2.7892651e+01   1.0793517e+02   3.5383612e+01   6.4257295e+01   9.2195445e+01   6.8000000e+01   6.1684682e+01   9.2617493e+01   7.3681748e+01   5.8309519e+00   1.1700427e+02   3.5000000e+01   2.3323808e+01   6.6128662e+01   3.2000000e+01   1.0993180e+02   7.7058419e+01   6.0216277e+01   1.6124515e+01   8.4118963e+01   7.1568149e+01   6.9079664e+01   1.1715375e+02   6.6370174e+01   5.6568542e+00   3.9824616e+01   2.0615528e+01   4.2154478e+01   5.6859476e+01   3.3734256e+01   3.8948684e+01   6.0008333e+01   1.1997083e+02   9.8858485e+01   1.2332883e+02   3.8470768e+01   1.1272089e+02   3.1144823e+01   9.2114060e+01   1.0816654e+01   6.3820060e+01   7.4108029e+01   3.4828150e+01   6.6272166e+01   1.1069327e+02   1.0076706e+02   0.0000000e+00   2.8284271e+00   8.8865066e+01   6.5391131e+01   3.3000000e+01   4.2438190e+01
  6.5741920e+01   6.4140471e+01   8.7315520e+01   1.1825819e+02   1.0511898e+02   7.0256672e+01   9.1021975e+01   9.0443352e+01   6.6211781e+01   1.0575916e+02   7.1253070e+01   7.2062473e+01   6.3953108e+01   8.0622577e+00   8.6023253e+00   6.2609903e+01   5.9405387e+01   8.5702975e+01   7.0710678e+00   3.9560081e+01   2.9410882e+01   5.9076222e+01   3.5468296e+01   3.7483330e+01   4.4721360e+01   1.0440307e+01   3.2015621e+01   3.6055513e+00   3.5014283e+01   1.1313708e+01   4.3416587e+01   1.0475209e+02   1.0117806e+02   1.0121265e+02   7.2235725e+01   1.0259142e+02   6.0008333e+01   5.6435804e+01   5.7140179e+01   1.2041595e+01   3.9812058e+01   2.9154759e+01   6.6648331e+01   1.9697716e+01   3.4132096e+01   1.0846658e+02   7.9309520e+01   1.4212670e+01   8.3294658e+01   2.9427878e+01   1.1057124e+02   3.5383612e+01   6.3158531e+01   8.9822046e+01   6.6030296e+01   5.9203040e+01   9.2314679e+01   7.1449283e+01   7.0710678e+00   1.1666190e+02   3.7054015e+01   2.2803509e+01   6.3568860e+01   3.4058773e+01   1.1253888e+02   7.9158070e+01   6.0745370e+01   1.5620499e+01   8.6833173e+01   7.3824115e+01   6.8029405e+01   1.1693160e+02   6.8183576e+01   6.3245553e+00   3.9623226e+01   2.0518285e+01   4.4777226e+01   5.7454330e+01   3.5355339e+01   4.1677332e+01   5.8077534e+01   1.1975391e+02   9.8595132e+01   1.2316655e+02   4.1182521e+01   1.1531695e+02   3.3015148e+01   8.9537702e+01   1.1704700e+01   6.4350602e+01   7.6236474e+01   3.4655447e+01   6.4498062e+01   1.1331814e+02   1.0104454e+02   2.8284271e+00   0.0000000e+00   8.6330759e+01   6.4404969e+01   3.5057096e+01   4.3046487e+01
  6.0539243e+01   9.5524866e+01   3.0000000e+00   1.0616968e+02   1.0903669e+02   1.2322743e+02   2.6570661e+01   4.1231056e+00   5.9236813e+01   1.0890363e+02   1.2401613e+02   1.3048372e+02   9.9322706e+01   9.4254973e+01   9.1678787e+01   2.6019224e+01   8.8509886e+01   1.0198039e+01   8.0056230e+01   1.1346365e+02   9.9045444e+01   3.3541020e+01   1.0500000e+02   1.0881176e+02   1.2203688e+02   9.6767763e+01   1.0183320e+02   8.5440037e+01   1.1985408e+02   8.1859636e+01   1.2179491e+02   1.7258621e+02   9.6332757e+01   1.0885311e+02   5.6044625e+01   9.7252249e+01   3.5608988e+01   3.3015148e+01   9.0697299e+01   9.8081599e+01   1.1734564e+02   1.1356496e+02   9.9984999e+01   7.2945185e+01   9.9809819e+01   1.0955364e+02   1.3840881e+02   9.8615415e+01   2.0024984e+01   1.1315918e+02   1.8031362e+02   1.0804166e+02   5.7271284e+01   1.0816654e+01   3.3120990e+01   2.7313001e+01   8.6700634e+01   2.1954498e+01   9.2720009e+01   1.0040418e+02   1.0560303e+02   7.6006579e+01   2.2803509e+01   1.0381233e+02   1.8106905e+02   1.3713132e+02   9.2114060e+01   7.9177017e+01   1.6119864e+02   1.3656134e+02   5.8523500e+01   1.0417293e+02   1.2228655e+02   8.6539009e+01   1.0901835e+02   7.9924965e+01   1.2092973e+02   9.2086915e+01   1.1905041e+02   1.2073939e+02   3.8418745e+01   1.0630146e+02   9.1268834e+01   1.1036757e+02   1.1988745e+02   1.8325119e+02   1.1790250e+02   4.4721360e+00   9.5801879e+01   9.3648278e+01   1.3547324e+02   1.0601887e+02   3.9357337e+01   1.8245547e+02   1.0768937e+02   8.8865066e+01   8.6330759e+01   0.0000000e+00   6.0008333e+01   1.0440307e+02   8.7726849e+01
  1.4142136e+00   3.6796739e+01   6.2769419e+01   5.9169249e+01   5.3758720e+01   6.6843100e+01   4.4598206e+01   6.2609903e+01   2.0000000e+00   5.3935146e+01   6.7475922e+01   7.5213031e+01   4.1012193e+01   7.1309186e+01   7.2897188e+01   5.6035703e+01   3.0479501e+01   5.1971146e+01   5.7706152e+01   6.9720872e+01   9.1263355e+01   6.1660360e+01   9.7908120e+01   6.4629715e+01   7.8917679e+01   7.2449983e+01   5.9135438e+01   6.1326992e+01   9.7416631e+01   5.3851648e+01   7.9630396e+01   1.1800424e+02   4.4011362e+01   5.2153619e+01   9.0553851e+00   4.5310043e+01   2.7073973e+01   5.6718604e+01   3.3600595e+01   7.5026662e+01   7.5425460e+01   9.2357999e+01   4.1109610e+01   4.4721360e+01   5.5326305e+01   5.5542776e+01   8.2619610e+01   6.9123079e+01   4.3011626e+01   9.3048375e+01   1.2624579e+02   9.8792712e+01   3.0000000e+00   5.4918121e+01   2.7202941e+01   4.4011362e+01   3.3615473e+01   3.8275318e+01   7.1175839e+01   5.5803226e+01   6.0671245e+01   4.2379240e+01   4.9040799e+01   6.0299254e+01   1.2640016e+02   8.1055537e+01   3.3970576e+01   4.9396356e+01   1.1092340e+02   8.2377181e+01   4.0000000e+00   5.7454330e+01   6.6400301e+01   6.0166436e+01   1.0234256e+02   4.5880279e+01   7.7103826e+01   3.5000000e+01   9.8681305e+01   7.9404030e+01   2.5000000e+01   6.0207973e+01   3.9812058e+01   6.4140471e+01   7.8409183e+01   1.2822636e+02   9.5509162e+01   6.4474801e+01   7.6059187e+01   3.4713110e+01   8.0000000e+01   9.7637083e+01   2.0880613e+01   1.2800391e+02   5.1244512e+01   6.5391131e+01   6.4404969e+01   6.0008333e+01   0.0000000e+00   6.0406953e+01   3.7107951e+01
  6.1294372e+01   4.0311289e+01   1.0621205e+02   1.0017984e+02   8.2927679e+01   3.5902646e+01   1.0008996e+02   1.0822661e+02   6.2393910e+01   8.3761566e+01   3.6878178e+01   3.7013511e+01   3.8013156e+01   3.4525353e+01   4.0311289e+01   8.5632938e+01   3.9217343e+01   1.0049876e+02   3.5171011e+01   9.4868330e+00   6.0876925e+01   8.5000000e+01   6.5459911e+01   4.4721360e+00   1.8681542e+01   3.2984845e+01   3.1622777e+00   3.2249031e+01   4.8836462e+01   2.8792360e+01   1.9235384e+01   7.2069411e+01   8.3258633e+01   7.8236820e+01   6.9462220e+01   8.4581322e+01   7.0710678e+01   8.1055537e+01   3.5468296e+01   3.5440090e+01   1.5033296e+01   4.6615448e+01   4.0804412e+01   3.3600595e+01   5.0990195e+00   8.6821656e+01   4.4283180e+01   2.5000000e+01   9.4810337e+01   4.8259714e+01   7.8771822e+01   6.3694584e+01   6.0827625e+01   1.0444616e+02   7.5584390e+01   7.7987178e+01   7.6843998e+01   8.4723078e+01   3.6345564e+01   1.0046392e+02   2.0000000e+00   2.9000000e+01   8.3546394e+01   1.0000000e+00   8.0262071e+01   4.4102154e+01   3.8483763e+01   2.8653098e+01   5.7280014e+01   3.9051248e+01   6.4381674e+01   9.9317672e+01   3.3734256e+01   2.9274562e+01   6.8709534e+01   2.5612497e+01   1.7088007e+01   3.4928498e+01   5.1855569e+01   1.9026298e+01   6.8000000e+01   1.0198039e+02   8.2280010e+01   1.0465658e+02   1.8027756e+01   8.2855296e+01   4.7507894e+01   1.0840664e+02   4.0024992e+01   4.1593269e+01   4.1194660e+01   6.3906181e+01   7.1309186e+01   8.1301906e+01   7.8492038e+01   3.3000000e+01   3.5057096e+01   1.0440307e+02   6.0406953e+01   0.0000000e+00   2.4083189e+01
  3.7854986e+01   2.1095023e+01   8.9938868e+01   7.8230429e+01   6.2936476e+01   3.6674242e+01   7.9259069e+01   9.1219515e+01   3.9051248e+01   6.3655322e+01   3.7576588e+01   4.3011626e+01   2.1189620e+01   4.6861498e+01   5.1039201e+01   7.3355300e+01   1.7029386e+01   8.2219219e+01   3.9000000e+01   3.3015148e+01   7.2401657e+01   7.5026662e+01   7.8236820e+01   2.8000000e+01   4.2107007e+01   4.6690470e+01   2.3537205e+01   3.9446166e+01   6.8505474e+01   3.2202484e+01   4.3011626e+01   8.4864598e+01   6.1057350e+01   5.8728187e+01   4.6097722e+01   6.2433965e+01   5.2345009e+01   7.0384657e+01   1.4212670e+01   4.9517674e+01   3.9012818e+01   6.4815122e+01   2.3769729e+01   2.9274562e+01   1.9235384e+01   6.6528190e+01   5.1039201e+01   4.0459857e+01   7.5213031e+01   6.6068147e+01   9.2655275e+01   7.7620873e+01   3.7947332e+01   8.5912746e+01   5.6222771e+01   6.3513778e+01   5.3712196e+01   6.6528190e+01   4.7801674e+01   7.7826731e+01   2.4000000e+01   2.3345235e+01   6.9339743e+01   2.4186773e+01   9.3348808e+01   4.9929951e+01   1.7804494e+01   2.8792360e+01   7.4946648e+01   4.8836462e+01   4.1000000e+01   7.7175126e+01   3.5355339e+01   3.6891733e+01   8.2200973e+01   2.3409400e+01   4.0199502e+01   1.4422205e+01   7.0802542e+01   4.3011626e+01   4.9517674e+01   7.9924965e+01   5.9481089e+01   8.2927679e+01   4.2011903e+01   9.5524866e+01   6.6850580e+01   9.2021737e+01   5.2630789e+01   2.1400935e+01   4.8010416e+01   7.7201036e+01   5.1039201e+01   9.4752309e+01   5.8694122e+01   4.2438190e+01   4.3046487e+01   8.7726849e+01   3.7107951e+01   2.4083189e+01   0.0000000e+00
