  0.0000000e+00   1.8884776e+01   3.2162280e+01   2.9400692e+01   2.6805893e+01   3.4003731e+01   2.2776669e+01   3.2035694e+01   1.2071068e+00   2.6886550e+01   3.4311980e+01   3.8225986e+01   2.1018285e+01   3.6807713e+01   3.7621422e+01   2.9039446e+01   1.5805228e+01   2.6677280e+01   3.0029646e+01   3.5788100e+01   4.6827638e+01   3.1900637e+01   5.0148766e+01   3.3245229e+01   4.0381073e+01   3.7368008e+01   3.0537477e+01   3.1824910e+01   4.9835586e+01   2.8077164e+01   4.0752329e+01   5.9612181e+01   2.1860009e+01   2.6044080e+01   4.6231056e+00   2.2505681e+01   1.4508926e+01   2.9435273e+01   1.7418924e+01   3.8660844e+01   3.8660844e+01   4.7318800e+01   2.1018285e+01   2.3532586e+01   2.8611386e+01   2.7670756e+01   4.1900483e+01   3.5671011e+01   2.2133308e+01   4.7669906e+01   6.3745553e+01   5.0584928e+01   2.5615528e+00   2.8113403e+01   1.4446326e+01   2.3022211e+01   1.6655494e+01   1.9948650e+01   3.6749138e+01   2.7702941e+01   3.1261177e+01   2.2328880e+01   2.5505000e+01   3.1102287e+01   6.3802844e+01   4.1107881e+01   1.7529386e+01   2.5847584e+01   5.6200090e+01   4.1840053e+01   2.0811388e+00   2.8540150e+01   3.3805405e+01   3.1232719e+01   5.2365210e+01   2.4063743e+01   3.9464728e+01   1.8113915e+01   5.0479996e+01   4.0652833e+01   1.3509612e+01   2.9915132e+01   1.9741881e+01   3.1884710e+01   4.0154760e+01   6.4702804e+01   4.8883882e+01   3.3000000e+01   3.9194315e+01   1.7827723e+01   4.0606109e+01   5.0010100e+01   1.1293517e+01   6.4611231e+01   2.5579872e+01   3.3854160e+01   3.3370960e+01   3.0769622e+01   1.2071068e+00   3.1147186e+01   1.9427493e+01
  1.8884776e+01   0.0000000e+00   4.9556090e+01   3.0504166e+01   2.1900935e+01   1.5943445e+01   4.1160177e+01   4.9739212e+01   1.9591883e+01   2.2300229e+01   1.6192355e+01   2.0406029e+01   2.7360680e+00   3.4400590e+01   3.6555513e+01   4.3563906e+01   4.1400549e+00   4.4616324e+01   3.0466648e+01   2.4084953e+01   4.7246658e+01   4.5221360e+01   5.0148766e+01   2.1976732e+01   2.8040879e+01   3.4237961e+01   2.1024376e+01   3.0769622e+01   4.4545431e+01   2.7117663e+01   2.8806360e+01   4.1576149e+01   2.2162179e+01   1.9644190e+01   2.2522716e+01   2.2799103e+01   3.0686918e+01   4.2764051e+01   4.1400549e+00   3.5646124e+01   2.7244158e+01   4.2949971e+01   2.7360680e+00   2.5167793e+01   1.8809833e+01   2.3807724e+01   2.3823808e+01   3.0913813e+01   4.0324616e+01   4.3639309e+01   4.5776926e+01   4.9800101e+01   2.0025624e+01   4.6200109e+01   3.1716983e+01   3.7973324e+01   1.9604973e+01   3.7286546e+01   3.4909301e+01   3.0864453e+01   2.0178669e+01   2.2328880e+01   4.0826790e+01   2.0908332e+01   4.5713383e+01   2.2972205e+01   2.5000000e+00   2.5329418e+01   3.9442265e+01   2.4269729e+01   2.0311613e+01   3.0118406e+01   1.5935349e+01   2.9491378e+01   5.2113952e+01   2.2641590e+01   2.6943336e+01   3.8541020e+00   4.5843136e+01   2.9122544e+01   2.9348743e+01   3.1423292e+01   2.1976732e+01   3.2702484e+01   2.8651377e+01   4.6543458e+01   4.3778170e+01   5.0492499e+01   3.7300136e+01   1.6180340e+00   2.2647235e+01   4.9614662e+01   2.8651377e+01   4.6557030e+01   1.9709373e+01   3.2256889e+01   3.2570235e+01   4.8262433e+01   1.8898369e+01   2.0655644e+01   1.1047512e+01
  3.2162280e+01   4.9556090e+01   0.0000000e+00   5.5082506e+01   5.6504464e+01   6.3301274e+01   1.5205441e+01   2.7360680e+00   3.1516125e+01   5.6439700e+01   6.3700079e+01   6.6887122e+01   5.1436235e+01   4.8094643e+01   4.6722289e+01   1.3538405e+01   4.6032955e+01   7.0764732e+00   4.1077087e+01   5.8104253e+01   5.0090826e+01   1.7068042e+01   5.3021424e+01   5.5801447e+01   6.2354668e+01   4.9369725e+01   5.2300097e+01   4.3769504e+01   6.0770225e+01   4.2093269e+01   6.2211020e+01   8.7885640e+01   5.0161353e+01   5.6401699e+01   2.9970324e+01   5.0622350e+01   1.9506578e+01   1.7030275e+01   4.7096674e+01   4.9989898e+01   5.9991596e+01   5.7618298e+01   5.1788400e+01   3.7715588e+01   5.1335519e+01   5.6769441e+01   7.0859790e+01   5.0404910e+01   1.2010864e+01   5.7390245e+01   9.1727737e+01   5.4583269e+01   3.0504166e+01   7.2082039e+00   1.8388544e+01   1.4826549e+01   4.5338599e+01   1.2798374e+01   4.7302778e+01   5.2196228e+01   5.4223831e+01   3.9332976e+01   1.2384864e+01   5.3301515e+01   9.2125597e+01   7.0231628e+01   4.7833920e+01   4.0811289e+01   8.2065924e+01   6.9886598e+01   3.1175723e+01   5.4084046e+01   6.2815728e+01   4.4363424e+01   5.5002294e+01   4.1270700e+01   6.1820877e+01   4.7789005e+01   6.0320565e+01   6.1665758e+01   2.0902206e+01   5.5146592e+01   4.7630139e+01   5.7178920e+01   6.1245370e+01   9.3228097e+01   5.9800084e+01   1.6180340e+00   4.8783020e+01   4.8627435e+01   6.9383960e+01   5.3558930e+01   2.1523796e+01   9.2810617e+01   5.5821786e+01   4.5444410e+01   4.4157760e+01   2.0000000e+00   3.1884710e+01   5.3606026e+01   4.5469434e+01
  2.9400692e+01   3.0504166e+01   5.5082506e+01   0.0000000e+00   1.1047512e+01   4.1746212e+01   4.1027768e+01   5.4009345e+01   2.9590376e+01   1.0549876e+01   4.1694660e+01   4.6134417e+01   3.1984123e+01   6.2346584e+01   6.3905441e+01   5.6341293e+01   3.1200163e+01   4.8541649e+01   5.6724994e+01   5.4077047e+01   7.4042505e+01   5.9797976e+01   7.7241449e+01   5.1978151e+01   5.7912978e+01   6.2508064e+01   5.0823951e+01   5.7884667e+01   7.3863819e+01   5.3981305e+01   5.8728000e+01   6.3717877e+01   9.1023253e+00   1.3509612e+01   2.8540150e+01   8.4056942e+00   4.1936699e+01   5.7442954e+01   3.2942256e+01   6.3911355e+01   5.7231825e+01   7.1937035e+01   3.0703477e+01   5.0352282e+01   4.8588460e+01   9.1313383e+00   4.8000000e+01   5.9730482e+01   4.3572613e+01   7.2515623e+01   6.7903635e+01   7.7319594e+01   3.1386890e+01   4.9000000e+01   4.0540604e+01   5.0464988e+01   1.3624405e+01   4.4822680e+01   6.2598712e+01   3.8541020e+00   5.0158836e+01   4.8262433e+01   5.2423020e+01   5.0811529e+01   6.7182082e+01   4.7000000e+01   3.1358548e+01   5.1824945e+01   6.5517305e+01   5.0090826e+01   2.9122544e+01   1.5000000e+00   4.2362871e+01   5.6902571e+01   7.9381240e+01   4.9418299e+01   5.6802753e+01   3.3149655e+01   7.4973150e+01   5.9087541e+01   4.1353396e+01   1.5000000e+00   1.0424717e+01   3.0000000e+00   5.8622715e+01   6.7479474e+01   7.3027581e+01   5.5536352e+01   6.5094891e+01   2.9800171e+01   4.7523930e+01   7.6919893e+01   3.7973324e+01   6.8164614e+01   1.3000000e+01   5.9722040e+01   5.9629096e+01   5.3584838e+01   3.0084624e+01   5.0589919e+01   3.9615214e+01
  2.6805893e+01   2.1900935e+01   5.6504464e+01   1.1047512e+01   0.0000000e+00   3.1491934e+01   4.3700116e+01   5.5821786e+01   2.7230133e+01   1.0000000e+00   3.1407119e+01   3.5788100e+01   2.2972205e+01   5.5329280e+01   5.7227418e+01   5.5276820e+01   2.3483690e+01   5.0231781e+01   5.0500000e+01   4.5033695e+01   6.7732804e+01   5.8206152e+01   7.0792247e+01   4.3117485e+01   4.8588460e+01   5.5301916e+01   4.2407637e+01   5.1266623e+01   6.5936993e+01   4.7430800e+01   4.9471931e+01   5.3190132e+01   7.4462220e+00   3.0495098e+00   2.7500000e+01   7.3007353e+00   4.0652833e+01   5.5738121e+01   2.4918231e+01   5.6716101e+01   4.8147141e+01   6.4280875e+01   2.1595023e+01   4.4460209e+01   4.0202015e+01   2.5615528e+00   3.7513511e+01   5.2162365e+01   4.5221360e+01   6.4943774e+01   5.7385851e+01   7.0632018e+01   2.8859302e+01   5.1101383e+01   4.0003164e+01   4.9257051e+01   1.1680340e+01   4.5044921e+01   5.5726805e+01   1.3149111e+01   4.1417600e+01   4.2003012e+01   5.1619957e+01   4.2243263e+01   5.6689412e+01   3.6513886e+01   2.3171568e+01   4.5405456e+01   5.5057309e+01   3.9704592e+01   2.7117663e+01   1.1188779e+01   3.2174122e+01   5.0123583e+01   7.2846389e+01   4.2823162e+01   4.7470736e+01   2.4959150e+01   6.7208320e+01   4.9919126e+01   3.9758757e+01   1.2043396e+01   9.8941471e+00   1.2541595e+01   4.9474483e+01   5.7015485e+01   6.5160653e+01   5.7141416e+01   5.8182320e+01   2.1434421e+01   3.7085516e+01   7.0351628e+01   3.7030809e+01   5.7668610e+01   2.7360680e+00   5.2945210e+01   5.3059490e+01   5.5018346e+01   2.7379360e+01   4.1963840e+01   3.1968238e+01
  3.4003731e+01   1.5943445e+01   6.3301274e+01   4.1746212e+01   3.1491934e+01   0.0000000e+00   5.6197846e+01   6.3753458e+01   3.4705263e+01   3.1984123e+01   1.0000000e+00   5.1097722e+00   1.3709845e+01   3.5702983e+01   3.8559164e+01   5.5509090e+01   1.8700275e+01   5.8923026e+01   3.5003623e+01   1.8617671e+01   4.8886465e+01   5.6307706e+01   5.1121142e+01   1.8057050e+01   2.0349433e+01   3.4941980e+01   1.9819679e+01   3.4059648e+01   4.1493902e+01   3.1516125e+01   2.1434421e+01   2.6156383e+01   3.4503676e+01   2.8942925e+01   3.7816216e+01   3.5000000e+01   4.4309246e+01   5.4009345e+01   1.7150826e+01   3.6154593e+01   2.1024376e+01   4.0978389e+01   1.4156500e+01   3.2075307e+01   1.8562392e+01   3.3549206e+01   8.4056942e+00   3.0938463e+01   5.4947222e+01   4.1882363e+01   3.0341247e+01   5.0148766e+01   3.4883862e+01   6.0641500e+01   4.5843136e+01   5.0492499e+01   3.3462099e+01   5.1266623e+01   3.6590165e+01   4.3026462e+01   1.7477927e+01   2.9135642e+01   5.3407939e+01   1.8939089e+01   3.0320295e+01   7.6063352e+00   1.7007574e+01   3.0649627e+01   2.4686773e+01   9.1313383e+00   3.5500000e+01   4.1649119e+01   1.6180340e+00   3.2562439e+01   5.2677581e+01   2.8289386e+01   1.9321530e+01   1.6445219e+01   4.3237571e+01   2.2208293e+01   4.2905778e+01   4.2740384e+01   3.5130189e+01   4.3494186e+01   2.1900935e+01   3.1200163e+01   4.1003086e+01   6.4306348e+01   3.8463799e+01   1.7060495e+01   7.2082039e+00   5.0312147e+01   4.2949971e+01   3.1147186e+01   2.9353076e+01   3.4734486e+01   3.5628336e+01   6.2113716e+01   3.3921550e+01   1.8451323e+01   1.8837121e+01
  2.2776669e+01   4.1160177e+01   1.5205441e+01   4.1027768e+01   4.3700116e+01   5.6197846e+01   0.0000000e+00   1.3738202e+01   2.2069655e+01   4.3563906e+01   5.6522317e+01   6.0316386e+01   4.3293107e+01   5.0022722e+01   4.9522954e+01   2.2300229e+01   3.8036649e+01   8.7764727e+00   4.2526777e+01   5.5281384e+01   5.5608983e+01   2.6600766e+01   5.8854520e+01   5.2773320e+01   5.9840121e+01   5.1061843e+01   4.9540799e+01   4.5070169e+01   6.3501984e+01   4.2300120e+01   5.9964275e+01   8.1715762e+01   3.7003424e+01   4.3988504e+01   1.9321530e+01   3.7378178e+01   1.6072412e+01   2.5198178e+01   3.9551248e+01   5.2021840e+01   5.7745087e+01   6.0502083e+01   4.3281421e+01   3.7340874e+01   4.8039457e+01   4.3674066e+01   6.4070827e+01   5.0920730e+01   5.2169906e+00   6.0518747e+01   8.5800938e+01   6.0025205e+01   2.1819006e+01   8.6394103e+00   1.3158989e+01   1.8884776e+01   3.2597508e+01   1.0940307e+01   4.9502551e+01   3.8000000e+01   5.0923209e+01   3.7866429e+01   1.8679659e+01   5.0362310e+01   8.5928333e+01   6.3303264e+01   3.9784221e+01   4.0453098e+01   7.7592477e+01   6.3802844e+01   2.1362646e+01   4.0028471e+01   5.5943665e+01   4.5179414e+01   6.1024788e+01   3.9927148e+01   5.9087541e+01   4.0255503e+01   6.3517855e+01   5.9635438e+01   1.7188319e+01   4.1003086e+01   3.4455854e+01   4.3000000e+01   5.9162168e+01   8.6866950e+01   6.2502016e+01   1.5416434e+01   5.1509803e+01   4.0097980e+01   6.2735440e+01   5.9138724e+01   1.4896180e+01   8.6714848e+01   4.3351488e+01   4.7042991e+01   4.6010988e+01   1.3785330e+01   2.2799103e+01   5.0544980e+01   4.0129534e+01
  3.2035694e+01   4.9739212e+01   2.7360680e+00   5.4009345e+01   5.5821786e+01   6.3753458e+01   1.3738202e+01   0.0000000e+00   3.1370698e+01   5.5738121e+01   6.4141574e+01   6.7434670e+01   5.1671281e+01   4.9685872e+01   4.8400939e+01   1.5500000e+01   4.6262976e+01   6.0901699e+00   4.2577310e+01   5.9162168e+01   5.2038820e+01   1.9168155e+01   5.5002294e+01   5.6822731e+01   6.3468246e+01   5.0940559e+01   5.3341745e+01   4.5268851e+01   6.2487902e+01   4.3453463e+01   6.3358969e+01   8.8541184e+01   4.9369725e+01   5.5817267e+01   2.9594673e+01   4.9807707e+01   1.9974342e+01   1.9000000e+01   4.7406823e+01   5.1600391e+01   6.1132087e+01   5.9343011e+01   5.1963579e+01   3.8970768e+01   5.2300097e+01   5.6009008e+01   7.1383708e+01   5.1846860e+01   1.1106602e+01   5.9138724e+01   9.2426601e+01   5.6535703e+01   3.0470819e+01   5.5990195e+00   1.8527756e+01   1.6192355e+01   4.4641817e+01   1.3000000e+01   4.8920037e+01   5.1061843e+01   5.5201463e+01   4.0462482e+01   1.3962912e+01   5.4323787e+01   9.2783530e+01   7.0731759e+01   4.8065744e+01   4.2093269e+01   8.2962113e+01   7.0517855e+01   3.0963092e+01   5.3009523e+01   6.3303264e+01   4.5810043e+01   5.7002212e+01   4.2431492e+01   6.2903926e+01   4.8105147e+01   6.2083277e+01   6.2839795e+01   2.1386599e+01   5.4037370e+01   4.6827638e+01   5.6056278e+01   6.2411227e+01   9.3862198e+01   6.1512294e+01   2.3027756e+00   5.0462486e+01   4.8783020e+01   6.9926220e+01   5.5520451e+01   2.1595023e+01   9.3485214e+01   5.5222025e+01   4.6986557e+01   4.5721676e+01   2.5615528e+00   3.1804952e+01   5.4613307e+01   4.6109758e+01
  1.2071068e+00   1.9591883e+01   3.1516125e+01   2.9590376e+01   2.7230133e+01   3.4705263e+01   2.2069655e+01   3.1370698e+01   0.0000000e+00   2.7300187e+01   3.5014490e+01   3.8921999e+01   2.1724985e+01   3.7082099e+01   3.7843005e+01   2.8571338e+01   1.6507811e+01   2.6000000e+01   3.0240545e+01   3.6350384e+01   4.6956969e+01   3.1491934e+01   5.0284536e+01   3.3805405e+01   4.0947497e+01   3.7665172e+01   3.1065503e+01   3.2079265e+01   5.0163870e+01   2.8356777e+01   4.1307475e+01   6.0310116e+01   2.2162179e+01   2.6519224e+01   4.0355339e+00   2.2799103e+01   1.4000000e+01   2.9035066e+01   1.8113915e+01   3.8948017e+01   3.9207234e+01   4.7622182e+01   2.1724985e+01   2.3759407e+01   2.9157460e+01   2.8054491e+01   4.2601069e+01   3.6031676e+01   2.1440392e+01   4.7960510e+01   6.4441379e+01   5.0749378e+01   2.3027756e+00   2.7425824e+01   1.3841664e+01   2.2551077e+01   1.6946884e+01   1.9321530e+01   3.7003424e+01   2.7822152e+01   3.1824910e+01   2.2635944e+01   2.5000000e+01   3.1644823e+01   6.4501953e+01   4.1809805e+01   1.8234148e+01   2.6132011e+01   5.6864883e+01   4.2529751e+01   1.5000000e+00   2.8717902e+01   3.4503676e+01   3.1516125e+01   5.2504807e+01   2.4400837e+01   4.0037956e+01   1.8809833e+01   5.0784192e+01   4.1197051e+01   1.3039936e+01   3.0084624e+01   2.0000000e+01   3.2067388e+01   4.0699502e+01   6.5403775e+01   4.9208316e+01   3.2347292e+01   3.9439055e+01   1.8534689e+01   4.1304412e+01   5.0161353e+01   1.0698039e+01   6.5309336e+01   2.6044080e+01   3.4115473e+01   3.3605891e+01   3.0118406e+01   1.5000000e+00   3.1696955e+01   2.0025624e+01
  2.6886550e+01   2.2300229e+01   5.6439700e+01   1.0549876e+01   1.0000000e+00   3.1984123e+01   4.3563906e+01   5.5738121e+01   2.7300187e+01   0.0000000e+00   3.1900637e+01   3.6284075e+01   2.3396506e+01   5.5672457e+01   5.7554798e+01   5.5329280e+01   2.3834524e+01   5.0148766e+01   5.0801590e+01   4.5472214e+01   6.8046280e+01   5.8286244e+01   7.1113384e+01   4.3546487e+01   4.9041220e+01   5.5654329e+01   4.2814300e+01   5.1588159e+01   6.6327426e+01   4.7746693e+01   4.9921655e+01   5.3683644e+01   7.2082039e+00   3.5413813e+00   2.7504629e+01   7.0192024e+00   4.0699502e+01   5.5821786e+01   2.5289111e+01   5.7068542e+01   4.8588460e+01   6.4658008e+01   2.2023243e+01   4.4740818e+01   4.0606109e+01   2.0811388e+00   3.8013331e+01   5.2531241e+01   4.5134628e+01   6.5317050e+01   5.7878132e+01   7.0964530e+01   2.8942925e+01   5.1000000e+01   4.0012656e+01   4.9310859e+01   1.1601802e+01   4.5025274e+01   5.6063027e+01   1.2675796e+01   4.1840053e+01   4.2300120e+01   5.1656622e+01   4.2657443e+01   5.7178920e+01   3.7013696e+01   2.3548861e+01   4.5713383e+01   5.5556789e+01   4.0202015e+01   2.7169271e+01   1.0698039e+01   3.2663644e+01   5.0452477e+01   7.3172209e+01   4.3138011e+01   4.7923623e+01   2.5339485e+01   6.7591356e+01   5.0364817e+01   3.9819207e+01   1.1545361e+01   9.6923882e+00   1.2043396e+01   4.9919126e+01   5.7502193e+01   6.5548059e+01   5.7068542e+01   5.8521548e+01   2.1819006e+01   3.7584363e+01   7.0678344e+01   3.7054753e+01   5.8158477e+01   3.1925824e+00   5.3275468e+01   5.3379580e+01   5.4951814e+01   2.7467573e+01   4.2380783e+01   3.2327661e+01
  3.4311980e+01   1.6192355e+01   6.3700079e+01   4.1694660e+01   3.1407119e+01   1.0000000e+00   5.6522317e+01   6.4141574e+01   3.5014490e+01   3.1900637e+01   0.0000000e+00   5.0276926e+00   1.3962912e+01   3.6193137e+01   3.9051913e+01   5.5954937e+01   1.9006756e+01   5.9296258e+01   3.5503571e+01   1.9060711e+01   4.9372283e+01   5.6769441e+01   5.1600391e+01   1.8527756e+01   2.0729928e+01   3.5428498e+01   2.0311613e+01   3.4558773e+01   4.1927648e+01   3.2015869e+01   2.1819006e+01   2.5887005e+01   3.4514703e+01   2.8859302e+01   3.8106515e+01   3.5003623e+01   4.4704072e+01   5.4467583e+01   1.7485288e+01   3.6638622e+01   2.1440392e+01   4.1429818e+01   1.4365425e+01   3.2566337e+01   1.9060711e+01   3.3462099e+01   8.1321688e+00   3.1423292e+01   5.5301916e+01   4.2335989e+01   3.0084624e+01   5.0622350e+01   3.5213110e+01   6.1008264e+01   4.6219252e+01   5.0923209e+01   3.3549206e+01   5.1651735e+01   3.7082099e+01   4.3011763e+01   1.7964249e+01   2.9624732e+01   5.3838541e+01   1.9427493e+01   3.0038111e+01   7.3007353e+00   1.7300298e+01   3.1147186e+01   2.4629857e+01   9.0586214e+00   3.5802266e+01   4.1609610e+01   2.0811388e+00   3.3061480e+01   5.3152160e+01   2.8784271e+01   1.9709373e+01   1.6778821e+01   4.3676961e+01   2.2602036e+01   4.3301869e+01   4.2690046e+01   3.5177082e+01   4.3421440e+01   2.2300229e+01   3.0901480e+01   4.1442032e+01   6.4702804e+01   3.8951268e+01   1.7307736e+01   7.0000000e+00   5.0789164e+01   4.3316469e+01   3.0872685e+01   2.9279333e+01   3.5231110e+01   3.6126535e+01   6.2508064e+01   3.4237961e+01   1.8939089e+01   1.9288294e+01
  3.8225986e+01   2.0406029e+01   6.6887122e+01   4.6134417e+01   3.5788100e+01   5.1097722e+00   6.0316386e+01   6.7434670e+01   3.8921999e+01   3.6284075e+01   5.0276926e+00   0.0000000e+00   1.8170597e+01   3.6087919e+01   3.9051913e+01   5.8553854e+01   2.2972205e+01   6.2729414e+01   3.6350384e+01   1.7964249e+01   4.9007731e+01   5.9085408e+01   5.1000000e+01   1.8064168e+01   1.8617671e+01   3.5177082e+01   2.0524984e+01   3.5090461e+01   4.0352854e+01   3.2969216e+01   1.9735384e+01   2.1900935e+01   3.9029210e+01   3.3245229e+01   4.2108292e+01   3.9512818e+01   4.7960510e+01   5.6856011e+01   2.1308652e+01   3.6284075e+01   1.9813208e+01   4.0189419e+01   1.8700275e+01   3.4178628e+01   1.9735384e+01   3.7836309e+01   4.5311289e+00   3.1147186e+01   5.8888783e+01   4.1135576e+01   2.6019600e+01   4.9858383e+01   3.9003247e+01   6.4494140e+01   4.9645193e+01   5.3754108e+01   3.8066608e+01   5.4988531e+01   3.7054753e+01   4.7502659e+01   1.8007141e+01   3.1342341e+01   5.6664936e+01   1.9506578e+01   2.6112497e+01   4.1400549e+00   2.1338666e+01   3.2394357e+01   2.0102296e+01   4.5311289e+00   3.9746019e+01   4.6068630e+01   4.9721360e+00   3.3594561e+01   5.2406165e+01   3.0240545e+01   1.7719175e+01   2.0612185e+01   4.2192325e+01   2.0624612e+01   4.6548887e+01   4.7131534e+01   3.9704592e+01   4.7820714e+01   2.0406029e+01   2.7075365e+01   3.9962007e+01   6.7912907e+01   3.8709946e+01   2.1523796e+01   3.0000000e+00   5.0123583e+01   4.6827638e+01   2.6900758e+01   3.3685087e+01   3.5503571e+01   3.6531236e+01   6.5741858e+01   3.8106515e+01   1.9006756e+01   2.2005813e+01
  2.1018285e+01   2.7360680e+00   5.1436235e+01   3.1984123e+01   2.2972205e+01   1.3709845e+01   4.3293107e+01   5.1671281e+01   2.1724985e+01   2.3396506e+01   1.3962912e+01   1.8170597e+01   0.0000000e+00   3.4059648e+01   3.6346897e+01   4.5092600e+01   5.9083269e+00   4.6600434e+01   3.0583218e+01   2.2641590e+01   4.7075208e+01   4.6597722e+01   4.9896356e+01   2.0655644e+01   2.6432605e+01   3.3805405e+01   2.0025624e+01   3.0686918e+01   4.3685646e+01   2.7155206e+01   2.7244158e+01   3.9349067e+01   2.3786262e+01   2.0612185e+01   2.4707437e+01   2.4400837e+01   3.2503906e+01   4.4160623e+01   5.1097722e+00   3.5202305e+01   2.5783394e+01   4.2225292e+01   1.9142136e+00   2.5609759e+01   1.7856555e+01   2.4938699e+01   2.1595023e+01   3.0332868e+01   4.2368843e+01   4.2949971e+01   4.3546487e+01   4.9454060e+01   2.2092823e+01   4.8212682e+01   3.3643627e+01   3.9592838e+01   2.1523796e+01   3.9194315e+01   3.4632096e+01   3.2515621e+01   1.8945867e+01   2.2692341e+01   4.2467249e+01   1.9800259e+01   4.3491278e+01   2.0748457e+01   4.1055513e+00   2.5489998e+01   3.7249150e+01   2.2040659e+01   2.2465883e+01   3.1648836e+01   1.3700379e+01   2.9353076e+01   5.1812766e+01   2.2799103e+01   2.5324383e+01   4.5311289e+00   4.5053339e+01   2.7615494e+01   3.1147186e+01   3.2922986e+01   2.3764780e+01   3.4115473e+01   2.7155206e+01   4.4329214e+01   4.2949971e+01   5.2386896e+01   3.6972592e+01   3.8541020e+00   2.0412308e+01   4.9318542e+01   3.0608138e+01   4.4332066e+01   2.0748457e+01   3.2067388e+01   3.2476554e+01   5.0161353e+01   2.1006097e+01   1.9506578e+01   1.1094810e+01
  3.6807713e+01   3.4400590e+01   4.8094643e+01   6.2346584e+01   5.5329280e+01   3.5702983e+01   5.0022722e+01   4.9685872e+01   3.7082099e+01   5.5672457e+01   3.6193137e+01   3.6087919e+01   3.4059648e+01   0.0000000e+00   3.5413813e+00   3.5631894e+01   3.2351217e+01   4.7372167e+01   8.0000000e+00   1.9060711e+01   1.3785330e+01   3.3685087e+01   1.6382380e+01   1.8527756e+01   2.0902206e+01   1.9142136e+00   1.6390249e+01   5.5990195e+00   1.4036986e+01   9.2321246e+00   2.0108672e+01   5.1121142e+01   5.3763496e+01   5.3275468e+01   4.0189419e+01   5.4467583e+01   3.4500000e+01   3.2476554e+01   3.1036863e+01   2.5000000e+00   1.8569311e+01   1.1188779e+01   3.5446388e+01   1.3962912e+01   1.7892527e+01   5.7072962e+01   3.9503205e+01   5.5249378e+00   4.6175486e+01   1.1420165e+01   5.3812756e+01   1.5902922e+01   3.5614100e+01   4.9431074e+01   3.7503378e+01   3.4093154e+01   4.9502551e+01   4.0255503e+01   1.6180340e+00   6.1706617e+01   1.8748288e+01   1.5034442e+01   3.6235137e+01   1.7270510e+01   5.4892095e+01   3.9528835e+01   3.2830326e+01   1.1465856e+01   4.1673414e+01   3.6531236e+01   3.8013331e+01   6.1720911e+01   3.4624771e+01   6.0901699e+00   1.8255281e+01   1.3538405e+01   2.1115528e+01   3.1110456e+01   1.4329317e+01   1.9168155e+01   3.3515148e+01   6.3125873e+01   5.2600864e+01   6.4774801e+01   1.9000000e+01   5.6314425e+01   1.3039936e+01   4.9203183e+01   3.4154759e+00   3.4624771e+01   3.8013331e+01   1.5764338e+01   3.6669739e+01   5.5222025e+01   5.3237558e+01   3.5413813e+00   4.5311289e+00   4.7627487e+01   3.6154593e+01   1.7762677e+01   2.3930749e+01
  3.7621422e+01   3.6555513e+01   4.6722289e+01   6.3905441e+01   5.7227418e+01   3.8559164e+01   4.9522954e+01   4.8400939e+01   3.7843005e+01   5.7554798e+01   3.9051913e+01   3.9051913e+01   3.6346897e+01   3.5413813e+00   0.0000000e+00   3.4033565e+01   3.4311980e+01   4.6393899e+01   8.1157731e+00   2.2092823e+01   1.1235455e+01   3.1804952e+01   1.4101471e+01   2.1505952e+01   2.3920077e+01   4.7720019e+00   1.9241665e+01   6.5207973e+00   1.4642136e+01   1.0424717e+01   2.3110838e+01   5.4140004e+01   5.5356631e+01   5.5240296e+01   4.0811289e+01   5.6063027e+01   3.4134060e+01   3.0769622e+01   3.3107514e+01   4.4051248e+00   2.1600948e+01   1.1545361e+01   3.7715588e+01   1.4589003e+01   2.0630822e+01   5.8923026e+01   4.2500000e+01   8.5622577e+00   4.5511110e+01   1.1500000e+01   5.6802753e+01   1.3935029e+01   3.6294553e+01   4.8442674e+01   3.7167424e+01   3.2969216e+01   5.0947993e+01   3.9528835e+01   2.5000000e+00   6.3125873e+01   2.1648286e+01   1.6200318e+01   3.4941980e+01   2.0159603e+01   5.7895557e+01   4.2511903e+01   3.4909301e+01   1.2603718e+01   4.4619157e+01   3.9551248e+01   3.8742646e+01   6.3247510e+01   3.7489863e+01   7.6063352e+00   1.6120499e+01   1.5000000e+01   2.4148467e+01   3.3229956e+01   1.4500000e+01   2.2162179e+01   3.3245229e+01   6.4658008e+01   5.4084046e+01   6.6355903e+01   2.2005813e+01   5.9321765e+01   1.3652946e+01   4.7820714e+01   2.5615528e+00   3.6711186e+01   4.1003086e+01   1.3624405e+01   3.6590165e+01   5.8216982e+01   5.5171748e+01   4.8011626e+00   4.8011626e+00   4.6339394e+01   3.6948594e+01   2.0655644e+01   2.6019600e+01
  2.9039446e+01   4.3563906e+01   1.3538405e+01   5.6341293e+01   5.5276820e+01   5.5509090e+01   2.2300229e+01   1.5500000e+01   2.8571338e+01   5.5329280e+01   5.5954937e+01   5.8553854e+01   4.5092600e+01   3.5631894e+01   3.4033565e+01   0.0000000e+00   3.9923977e+01   1.5541609e+01   2.8969282e+01   4.7523930e+01   3.7054753e+01   4.8011626e+00   4.0003164e+01   4.5413806e+01   5.1490195e+01   3.6958881e+01   4.1879343e+01   3.1632780e+01   4.7960510e+01   3.0500000e+01   5.1207495e+01   7.8802299e+01   4.9827984e+01   5.4583269e+01   2.8544607e+01   5.0412423e+01   1.5137281e+01   4.0000000e+00   4.0503125e+01   3.7462819e+01   4.9041220e+01   4.4800113e+01   4.5760358e+01   2.6672505e+01   4.1282962e+01   5.6009008e+01   6.2584620e+01   3.8401187e+01   1.7602631e+01   4.4528400e+01   8.2417642e+01   4.1548752e+01   2.7018861e+01   1.7263055e+01   1.6311388e+01   6.5207973e+00   4.4641817e+01   1.3000000e+01   3.4770979e+01   5.3946235e+01   4.4057433e+01   2.8819605e+01   4.5311289e+00   4.2949971e+01   8.3000000e+01   6.2083277e+01   4.1640005e+01   2.9568884e+01   7.1949283e+01   6.1101155e+01   2.8660256e+01   5.5383969e+01   5.4853013e+01   3.2406112e+01   4.2003012e+01   3.0554118e+01   5.1089030e+01   4.1135576e+01   4.7430800e+01   5.0562461e+01   1.6032225e+01   5.6635996e+01   4.7470736e+01   5.8693642e+01   5.0178969e+01   8.4204839e+01   4.7002688e+01   1.4580128e+01   3.6084407e+01   4.2823162e+01   6.1039243e+01   4.0528115e+01   1.8939089e+01   8.3603851e+01   5.4114364e+01   3.3149655e+01   3.1804952e+01   1.3509612e+01   2.8517851e+01   4.3316469e+01   3.7177650e+01
  1.5805228e+01   4.1400549e+00   4.6032955e+01   3.1200163e+01   2.3483690e+01   1.8700275e+01   3.8036649e+01   4.6262976e+01   1.6507811e+01   2.3834524e+01   1.9006756e+01   2.2972205e+01   5.9083269e+00   3.2351217e+01   3.4311980e+01   3.9923977e+01   0.0000000e+00   4.1200123e+01   2.7854159e+01   2.4037205e+01   4.4907207e+01   4.1600487e+01   4.7905168e+01   2.1724985e+01   2.8289386e+01   3.2319805e+01   2.0197716e+01   2.8401613e+01   4.3222945e+01   2.4629857e+01   2.8942925e+01   4.4329214e+01   2.2647235e+01   2.1434421e+01   1.9637659e+01   2.3325424e+01   2.7117663e+01   3.9139358e+01   2.5000000e+00   3.3734019e+01   2.7183328e+01   4.1417600e+01   6.3523500e+00   2.2231314e+01   1.7964249e+01   2.5258837e+01   2.6600766e+01   2.9244565e+01   3.7000000e+01   4.2048165e+01   4.8481767e+01   4.7683154e+01   1.6763456e+01   4.2823162e+01   2.8235356e+01   3.4337849e+01   1.9321530e+01   3.3786634e+01   3.2768406e+01   3.1163496e+01   1.9800259e+01   1.9506578e+01   3.7194686e+01   2.0280040e+01   4.8510416e+01   2.5803162e+01   2.3027756e+00   2.2709232e+01   4.1466450e+01   2.6677280e+01   1.7300298e+01   3.0707615e+01   1.8527756e+01   2.7206741e+01   4.9929242e+01   2.0057607e+01   2.7230133e+01   3.0495098e+00   4.4400456e+01   2.9135642e+01   2.5768558e+01   3.2067388e+01   2.2040659e+01   3.3518934e+01   2.8646936e+01   4.9400409e+01   4.2407637e+01   4.6981179e+01   3.5213110e+01   3.5000000e+00   2.5324383e+01   4.7430800e+01   2.5203239e+01   4.9326222e+01   2.1386599e+01   3.0016944e+01   3.0202693e+01   4.4754943e+01   1.5739751e+01   2.0108672e+01   9.0146932e+00
  2.6677280e+01   4.4616324e+01   7.0764732e+00   4.8541649e+01   5.0231781e+01   5.8923026e+01   8.7764727e+00   6.0901699e+00   2.6000000e+01   5.0148766e+01   5.9296258e+01   6.2729414e+01   4.6600434e+01   4.7372167e+01   4.6393899e+01   1.5541609e+01   4.1200123e+01   0.0000000e+00   4.0037956e+01   5.5386246e+01   5.1121142e+01   1.9741881e+01   5.4233137e+01   5.2978567e+01   5.9797976e+01   4.8552055e+01   4.9556090e+01   4.2701896e+01   6.0535406e+01   4.0503125e+01   5.9766348e+01   8.3965562e+01   4.3789722e+01   5.0231781e+01   2.4084953e+01   4.4232139e+01   1.5500000e+01   1.8843936e+01   4.2434473e+01   4.9336462e+01   5.7530693e+01   5.7431977e+01   4.6827638e+01   3.5788100e+01   4.8359168e+01   5.0424944e+01   6.6638113e+01   4.9061816e+01   5.5249378e+00   5.7317691e+01   8.7914244e+01   5.5611251e+01   2.5198178e+01   2.5615528e+00   1.3586252e+01   1.4009256e+01   3.9051913e+01   8.4056942e+00   4.6697944e+01   4.5635906e+01   5.1274009e+01   3.6958881e+01   1.2665525e+01   5.0492499e+01   8.8206898e+01   6.5954182e+01   4.3000000e+01   3.8948017e+01   7.8802299e+01   6.5931262e+01   2.5544960e+01   4.7542534e+01   5.8521548e+01   4.3082273e+01   5.6323382e+01   3.8983763e+01   5.9168561e+01   4.3138011e+01   6.0301756e+01   5.9309013e+01   1.6901219e+01   4.8593659e+01   4.1249233e+01   5.0622350e+01   5.8863088e+01   8.9248239e+01   5.9544475e+01   7.5000000e+00   4.8442674e+01   4.3633514e+01   6.5208964e+01   5.4647945e+01   1.6507811e+01   8.8933591e+01   4.9635018e+01   4.4536916e+01   4.3351488e+01   5.5990195e+00   2.6485573e+01   5.0749378e+01   4.1609610e+01
  3.0029646e+01   3.0466648e+01   4.1077087e+01   5.6724994e+01   5.0500000e+01   3.5003623e+01   4.2526777e+01   4.2577310e+01   3.0240545e+01   5.0801590e+01   3.5503571e+01   3.6350384e+01   3.0583218e+01   8.0000000e+00   8.1157731e+00   2.8969282e+01   2.7854159e+01   4.0037956e+01   0.0000000e+00   2.1073041e+01   1.7827723e+01   2.7518512e+01   2.1018285e+01   1.9637659e+01   2.4217082e+01   9.0586214e+00   1.6507811e+01   3.1925824e+00   2.1523796e+01   4.0355339e+00   2.3700216e+01   5.3756455e+01   4.8231017e+01   4.8630032e+01   3.3195565e+01   4.8938105e+01   2.7000000e+01   2.6019600e+01   2.6886550e+01   1.0000000e+01   2.1719095e+01   1.8610770e+01   3.1884710e+01   7.0192024e+00   1.7120770e+01   5.2116373e+01   4.0123226e+01   9.9339811e+00   3.8709946e+01   1.8748288e+01   5.6856011e+01   2.1200242e+01   2.8682441e+01   4.2099279e+01   3.0004237e+01   2.6905492e+01   4.3685646e+01   3.2814857e+01   7.5710678e+00   5.5817267e+01   1.9053975e+01   9.0146932e+00   2.9192333e+01   1.7602631e+01   5.7747271e+01   3.9958839e+01   2.8678006e+01   5.6478151e+00   4.5293973e+01   3.7607951e+01   3.1134947e+01   5.6036024e+01   3.4014922e+01   4.0355339e+00   2.3171568e+01   8.3262379e+00   2.4084953e+01   2.7112967e+01   2.1713203e+01   2.2910935e+01   2.6019600e+01   5.7449539e+01   4.6849218e+01   5.9194122e+01   2.2602036e+01   5.9100341e+01   2.0524984e+01   4.2192325e+01   9.8407708e+00   3.0470819e+01   3.8559164e+01   2.0729928e+01   2.9214108e+01   5.8190987e+01   4.8510416e+01   5.0276926e+00   4.0355339e+00   4.0528115e+01   2.9353076e+01   1.8085505e+01   2.0000000e+01
  3.5788100e+01   2.4084953e+01   5.8104253e+01   5.4077047e+01   4.5033695e+01   1.8617671e+01   5.5281384e+01   5.9162168e+01   3.6350384e+01   4.5472214e+01   1.9060711e+01   1.7964249e+01   2.2641590e+01   1.9060711e+01   2.2092823e+01   4.7523930e+01   2.4037205e+01   5.5386246e+01   2.1073041e+01   0.0000000e+00   3.1644823e+01   4.6978490e+01   3.3549206e+01   3.0495098e+00   5.1097722e+00   1.8007141e+01   6.3309519e+00   1.9168155e+01   2.3396506e+01   1.8255281e+01   5.5000000e+00   3.3195565e+01   4.5738258e+01   4.2609975e+01   3.9885911e+01   4.6380279e+01   4.0531238e+01   4.5098206e+01   2.2087033e+01   1.9006756e+01   3.6622777e+00   2.2888613e+01   2.3978714e+01   2.1362646e+01   7.7801099e+00   4.7029560e+01   2.1097330e+01   1.4036986e+01   5.2608061e+01   2.3807724e+01   3.6294553e+01   3.2394357e+01   3.5606979e+01   5.7370467e+01   4.3000000e+01   4.3916587e+01   4.2823162e+01   4.7510637e+01   2.0102296e+01   5.4418921e+01   5.0276926e+00   1.9321530e+01   4.6657340e+01   5.4244289e+00   3.7174242e+01   2.1218349e+01   2.3440139e+01   1.8617671e+01   2.5020400e+01   1.8000000e+01   3.7340874e+01   5.3702444e+01   1.7500000e+01   1.7769916e+01   3.4941980e+01   1.7485288e+01   4.3078866e+00   2.1724985e+01   2.5122145e+01   5.5990195e+00   3.9184622e+01   5.5002294e+01   4.5422155e+01   5.6242713e+01   5.1097722e+00   3.8529594e+01   2.2888613e+01   5.9206899e+01   2.1500000e+01   2.4851591e+01   1.9663768e+01   3.2663644e+01   4.0888736e+01   3.7621422e+01   4.2799527e+01   1.9053975e+01   2.0280040e+01   5.7231825e+01   3.5360436e+01   5.2434165e+00   1.7007574e+01
  4.6827638e+01   4.7246658e+01   5.0090826e+01   7.4042505e+01   6.7732804e+01   4.8886465e+01   5.5608983e+01   5.2038820e+01   4.6956969e+01   6.8046280e+01   4.9372283e+01   4.9007731e+01   4.7075208e+01   1.3785330e+01   1.1235455e+01   3.7054753e+01   4.4907207e+01   5.1121142e+01   1.7827723e+01   3.1644823e+01   0.0000000e+00   3.3805405e+01   3.8541020e+00   3.1491934e+01   3.2535137e+01   1.4446326e+01   2.9620440e+01   1.7007574e+01   1.5103082e+01   2.0803941e+01   3.1564449e+01   6.2314238e+01   6.5557667e+01   6.5801225e+01   4.9635018e+01   6.6264732e+01   4.0978389e+01   3.3560551e+01   4.3766615e+01   1.3247549e+01   3.0500000e+01   1.2593387e+01   4.8440067e+01   2.4211811e+01   3.1175723e+01   6.9383960e+01   5.2242149e+01   1.8451323e+01   5.1217354e+01   1.1736103e+01   6.4548810e+01   5.0000000e+00   4.5293973e+01   5.3085644e+01   4.3988504e+01   3.7715588e+01   6.0983469e+01   4.5221360e+01   1.3039936e+01   7.3082711e+01   3.1908598e+01   2.6331183e+01   3.9029210e+01   3.0454132e+01   6.5806967e+01   5.2348337e+01   4.5569391e+01   2.2843903e+01   5.2038820e+01   4.9092695e+01   4.7789005e+01   7.3345727e+01   4.7796934e+01   1.8255281e+01   6.0901699e+00   2.5409837e+01   3.3003846e+01   4.3910828e+01   1.3586252e+01   3.0566593e+01   4.0355991e+01   7.4759680e+01   6.4155322e+01   7.6514801e+01   3.0537477e+01   6.7277616e+01   1.4508926e+01   5.1121142e+01   1.0940307e+01   4.7372167e+01   5.0801590e+01   4.0355339e+00   4.4045953e+01   6.6013357e+01   6.5709278e+01   1.5508331e+01   1.5205441e+01   5.0022722e+01   4.6131678e+01   3.0938463e+01   3.6700829e+01
  3.1900637e+01   4.5221360e+01   1.7068042e+01   5.9797976e+01   5.8206152e+01   5.6307706e+01   2.6600766e+01   1.9168155e+01   3.1491934e+01   5.8286244e+01   5.6769441e+01   5.9085408e+01   4.6597722e+01   3.3685087e+01   3.1804952e+01   4.8011626e+00   4.1600487e+01   1.9741881e+01   2.7518512e+01   4.6978490e+01   3.3805405e+01   0.0000000e+00   3.6624784e+01   4.5011235e+01   5.0724496e+01   3.5057922e+01   4.1503049e+01   3.0101520e+01   4.5444410e+01   2.9491378e+01   5.0352282e+01   7.8853366e+01   5.3009523e+01   5.7372665e+01   3.1820920e+01   5.3615440e+01   1.8367568e+01   3.0000000e+00   4.1987950e+01   3.5417761e+01   4.8241491e+01   4.2285165e+01   4.7372167e+01   2.6200195e+01   4.1135576e+01   5.9042719e+01   6.3109903e+01   3.6900549e+01   2.1900935e+01   4.1936699e+01   8.2341310e+01   3.8269035e+01   2.9847061e+01   2.1392582e+01   1.9955076e+01   9.8941471e+00   4.7796934e+01   1.7150826e+01   3.2749031e+01   5.7508771e+01   4.3804157e+01   2.8651377e+01   8.6394103e+00   4.2601069e+01   8.3012120e+01   6.2669124e+01   4.3255117e+01   2.8863709e+01   7.1496479e+01   6.1401560e+01   3.1684932e+01   5.8854520e+01   5.5584027e+01   3.1036863e+01   3.8552595e+01   3.0202693e+01   5.0412423e+01   4.2586221e+01   4.4771887e+01   4.9645193e+01   1.9053975e+01   6.0134302e+01   5.0712050e+01   6.2184682e+01   4.9290368e+01   8.4261566e+01   4.4511362e+01   1.8028548e+01   3.3820414e+01   4.4559619e+01   6.1545065e+01   3.7218524e+01   2.2328880e+01   8.3573762e+01   5.6935804e+01   3.1427334e+01   3.0038111e+01   1.7270510e+01   3.1330180e+01   4.3000000e+01   3.8013331e+01
  5.0148766e+01   5.0148766e+01   5.3021424e+01   7.7241449e+01   7.0792247e+01   5.1121142e+01   5.8854520e+01   5.5002294e+01   5.0284536e+01   7.1113384e+01   5.1600391e+01   5.1000000e+01   4.9896356e+01   1.6382380e+01   1.4101471e+01   4.0003164e+01   4.7905168e+01   5.4233137e+01   2.1018285e+01   3.3549206e+01   3.8541020e+00   3.6624784e+01   0.0000000e+00   3.3609666e+01   3.4033565e+01   1.6847783e+01   3.1984123e+01   2.0025624e+01   1.4817821e+01   2.3877339e+01   3.3015381e+01   6.3390778e+01   6.8736720e+01   6.8826422e+01   5.2978567e+01   6.9443818e+01   4.4297831e+01   3.6503472e+01   4.6708765e+01   1.5541609e+01   3.2142535e+01   1.2869317e+01   5.1274009e+01   2.7453664e+01   3.3654939e+01   7.2467006e+01   5.4100373e+01   2.0748457e+01   5.4435146e+01   1.1901754e+01   6.5438432e+01   2.6213203e+00   4.8627435e+01   5.6182134e+01   4.7302778e+01   4.0876354e+01   6.4202433e+01   4.8450495e+01   1.5764338e+01   7.6322160e+01   3.4178628e+01   2.9491378e+01   4.2108292e+01   3.2756782e+01   6.6758962e+01   5.4258720e+01   4.8510416e+01   2.5965663e+01   5.2868884e+01   5.0858713e+01   5.1121142e+01   7.6554257e+01   5.0020198e+01   2.1200242e+01   2.7360680e+00   2.8486604e+01   3.4591788e+01   4.6827638e+01   1.3029964e+01   3.2015869e+01   4.3688540e+01   7.7967735e+01   6.7367406e+01   7.9708585e+01   3.2035694e+01   6.8242158e+01   1.4428388e+01   5.4037370e+01   1.3471122e+01   5.0312147e+01   5.2696743e+01   1.6180340e+00   4.7388165e+01   6.6917242e+01   6.8749542e+01   1.8402514e+01   1.8234148e+01   5.3000000e+01   4.9454060e+01   3.3229956e+01   3.9618410e+01
  3.3245229e+01   2.1976732e+01   5.5801447e+01   5.1978151e+01   4.3117485e+01   1.8057050e+01   5.2773320e+01   5.6822731e+01   3.3805405e+01   4.3546487e+01   1.8527756e+01   1.8064168e+01   2.0655644e+01   1.8527756e+01   2.1505952e+01   4.5413806e+01   2.1724985e+01   5.2978567e+01   1.9637659e+01   3.0495098e+00   3.1491934e+01   4.5011235e+01   3.3609666e+01   0.0000000e+00   7.6589105e+00   1.7617243e+01   4.0355339e+00   1.7964249e+01   2.4400837e+01   1.6601242e+01   8.0166482e+00   3.4712571e+01   4.3581318e+01   4.0727478e+01   3.7340874e+01   4.4232139e+01   3.8089892e+01   4.3073466e+01   1.9800259e+01   1.8748288e+01   6.0226805e+00   2.3570544e+01   2.2023243e+01   1.9321530e+01   5.2434165e+00   4.5092600e+01   2.1505952e+01   1.3586252e+01   5.0141213e+01   2.4442640e+01   3.7973324e+01   3.2597508e+01   3.3057641e+01   5.4954109e+01   4.0528115e+01   4.1664305e+01   4.0540604e+01   4.5092600e+01   1.9506578e+01   5.2232485e+01   2.5000000e+00   1.7120770e+01   4.4431765e+01   3.0000000e+00   3.8768786e+01   2.1505952e+01   2.1218349e+01   1.6724981e+01   2.7037709e+01   1.8672782e+01   3.4796501e+01   5.1578371e+01   1.6946884e+01   1.6507811e+01   3.5130189e+01   1.5366069e+01   6.8245553e+00   1.9473666e+01   2.6019600e+01   8.0166482e+00   3.6735342e+01   5.2892748e+01   4.3190748e+01   5.4177276e+01   7.5178344e+00   4.0088508e+01   2.3807724e+01   5.6900355e+01   2.1151876e+01   2.2692341e+01   2.0000000e+01   3.2780025e+01   3.8384693e+01   3.9262095e+01   4.0888736e+01   1.8113915e+01   1.9241665e+01   5.4905882e+01   3.2814857e+01   2.7360680e+00   1.4500000e+01
  4.0381073e+01   2.8040879e+01   6.2354668e+01   5.7912978e+01   4.8588460e+01   2.0349433e+01   5.9840121e+01   6.3468246e+01   4.0947497e+01   4.9041220e+01   2.0729928e+01   1.8617671e+01   2.6432605e+01   2.0902206e+01   2.3920077e+01   5.1490195e+01   2.8289386e+01   5.9797976e+01   2.4217082e+01   5.1097722e+00   3.2535137e+01   5.0724496e+01   3.4033565e+01   7.6589105e+00   0.0000000e+00   1.9663768e+01   1.0807764e+01   2.2023243e+01   2.2328880e+01   2.1760292e+01   1.6180340e+00   3.0720026e+01   4.9685872e+01   4.6117979e+01   4.4482951e+01   5.0312147e+01   4.5000000e+01   4.8938105e+01   2.6311819e+01   2.0406029e+01   3.0000000e+00   2.2465883e+01   2.7712130e+01   2.5339485e+01   1.2384864e+01   5.0612374e+01   2.1054805e+01   1.6008062e+01   5.7108303e+01   2.3445588e+01   3.3462099e+01   3.2640317e+01   4.0214607e+01   6.1794372e+01   4.7510637e+01   4.8105147e+01   4.6981179e+01   5.1941715e+01   2.2005813e+01   5.8400777e+01   9.6241438e+00   2.3521729e+01   5.0801590e+01   9.9868330e+00   3.4503676e+01   2.1392582e+01   2.7564737e+01   2.2431712e+01   2.1595023e+01   1.7602631e+01   4.1936699e+01   5.7581083e+01   1.9268324e+01   2.0748457e+01   3.5177082e+01   2.1600948e+01   1.6180340e+00   2.5901772e+01   2.4217082e+01   2.5615528e+00   4.3665380e+01   5.8854520e+01   4.9492346e+01   6.0018905e+01   2.5000000e+00   3.5918921e+01   2.2005813e+01   6.3462290e+01   2.2955512e+01   2.8876927e+01   1.9813208e+01   3.3061480e+01   4.5444410e+01   3.4854767e+01   4.6353026e+01   2.1523796e+01   2.2860680e+01   6.1518440e+01   3.9958839e+01   9.8407708e+00   2.1553503e+01
  3.7368008e+01   3.4237961e+01   4.9369725e+01   6.2508064e+01   5.5301916e+01   3.4941980e+01   5.1061843e+01   5.0940559e+01   3.7665172e+01   5.5654329e+01   3.5428498e+01   3.5177082e+01   3.3805405e+01   1.9142136e+00   4.7720019e+00   3.6958881e+01   3.2319805e+01   4.8552055e+01   9.0586214e+00   1.8007141e+01   1.4446326e+01   3.5057922e+01   1.6847783e+01   1.7617243e+01   1.9663768e+01   0.0000000e+00   1.5682226e+01   6.5000000e+00   1.3158989e+01   9.8407708e+00   1.8843936e+01   4.9881171e+01   5.3913481e+01   5.3209107e+01   4.0826790e+01   5.4615617e+01   3.5514283e+01   3.3824165e+01   3.0938463e+01   1.9142136e+00   1.7367128e+01   1.0462429e+01   3.5202305e+01   1.4721463e+01   1.7307736e+01   5.7072962e+01   3.8529594e+01   4.5311289e+00   4.7268045e+01   1.0807764e+01   5.2531241e+01   1.6192355e+01   3.6235137e+01   5.0612374e+01   3.8503289e+01   3.5320971e+01   4.9736673e+01   4.1371751e+01   3.0000000e+00   6.1943063e+01   1.7964249e+01   1.5541609e+01   3.7500000e+01   1.6507811e+01   5.3627206e+01   3.8582148e+01   3.2721887e+01   1.2043396e+01   4.0352854e+01   3.5503571e+01   3.8608398e+01   6.1900326e+01   3.3854160e+01   6.6846584e+00   1.8617671e+01   1.3916408e+01   1.9916488e+01   3.0979501e+01   1.3624405e+01   1.7892527e+01   3.4500000e+01   6.3301274e+01   5.2811567e+01   6.4922434e+01   1.7740940e+01   5.5055018e+01   1.2172618e+01   5.0479996e+01   4.0355339e+00   3.4507352e+01   3.7054753e+01   1.6152476e+01   3.7584363e+01   5.3946235e+01   5.3190132e+01   4.5311289e+00   5.7201533e+00   4.8883882e+01   3.6724991e+01   1.6992423e+01   2.3845235e+01
  3.0537477e+01   2.1024376e+01   5.2300097e+01   5.0823951e+01   4.2407637e+01   1.9819679e+01   4.9540799e+01   5.3341745e+01   3.1065503e+01   4.2814300e+01   2.0311613e+01   2.0524984e+01   2.0025624e+01   1.6390249e+01   1.9241665e+01   4.1879343e+01   2.0197716e+01   4.9556090e+01   1.6507811e+01   6.3309519e+00   2.9620440e+01   4.1503049e+01   3.1984123e+01   4.0355339e+00   1.0807764e+01   1.5682226e+01   0.0000000e+00   1.5077380e+01   2.4190715e+01   1.3316006e+01   1.0940307e+01   3.8089892e+01   4.2315069e+01   4.0101136e+01   3.4591788e+01   4.2985292e+01   3.4712571e+01   3.9551248e+01   1.8388544e+01   1.6946884e+01   8.7462113e+00   2.2910935e+01   2.1434421e+01   1.5805228e+01   2.7360680e+00   4.4329214e+01   2.4190715e+01   1.1736103e+01   4.6806047e+01   2.3700216e+01   4.1417600e+01   3.1163496e+01   3.0206902e+01   5.1541650e+01   3.7204904e+01   3.8143060e+01   3.8948017e+01   4.1682521e+01   1.7270510e+01   5.0861195e+01   3.0495098e+00   1.3586252e+01   4.0904208e+01   1.6180340e+00   4.2177332e+01   2.4084953e+01   1.9974342e+01   1.3276932e+01   3.0570750e+01   2.1600948e+01   3.2063428e+01   5.0364817e+01   1.8748288e+01   1.3586252e+01   3.3654939e+01   1.1835784e+01   1.0117692e+01   1.8177670e+01   2.5624689e+01   1.0698039e+01   3.3370960e+01   5.1710351e+01   4.1731056e+01   5.3095152e+01   1.0208244e+01   4.3479646e+01   2.3483690e+01   5.3400851e+01   1.9181542e+01   2.1595023e+01   2.2641590e+01   3.1232719e+01   3.5144624e+01   4.2690046e+01   4.0202015e+01   1.5508331e+01   1.6507811e+01   5.1416598e+01   3.0067719e+01   2.0811388e+00   1.2268602e+01
  3.1824910e+01   3.0769622e+01   4.3769504e+01   5.7884667e+01   5.1266623e+01   3.4059648e+01   4.5070169e+01   4.5268851e+01   3.2079265e+01   5.1588159e+01   3.4558773e+01   3.5090461e+01   3.0686918e+01   5.5990195e+00   6.5207973e+00   3.1632780e+01   2.8401613e+01   4.2701896e+01   3.1925824e+00   1.9168155e+01   1.7007574e+01   3.0101520e+01   2.0025624e+01   1.7964249e+01   2.2023243e+01   6.5000000e+00   1.5077380e+01   0.0000000e+00   1.9107794e+01   4.4051248e+00   2.1440392e+01   5.1846860e+01   4.9336462e+01   4.9308298e+01   3.5144624e+01   5.0042911e+01   2.9517236e+01   2.8651377e+01   2.7267518e+01   7.5710678e+00   1.9539433e+01   1.6287653e+01   3.2031730e+01   8.8815273e+00   1.6008062e+01   5.2945210e+01   3.8765520e+01   7.3007353e+00   4.1307475e+01   1.6507811e+01   5.4843813e+01   1.9948650e+01   3.0583218e+01   4.4763416e+01   3.2503906e+01   2.9594673e+01   4.4932533e+01   3.5435655e+01   5.4244289e+00   5.7114927e+01   1.7617243e+01   1.0208244e+01   3.1884710e+01   1.6128500e+01   5.5785622e+01   3.8660844e+01   2.9070089e+01   6.6032778e+00   4.3117485e+01   3.6098455e+01   3.3000000e+01   5.7227418e+01   3.3034597e+01   2.0000000e+00   2.2092823e+01   8.9852814e+00   2.1970911e+01   2.7425824e+01   1.9427493e+01   2.0612185e+01   2.8500000e+01   5.8637767e+01   4.8065744e+01   6.0335190e+01   2.0330532e+01   5.7159068e+01   1.8113915e+01   4.4884682e+01   7.8824115e+00   3.0872685e+01   3.7218524e+01   1.9604973e+01   3.1600643e+01   5.6200090e+01   4.9226276e+01   2.5615528e+00   2.3027756e+00   4.3220019e+01   3.1163496e+01   1.6624515e+01   2.0223083e+01
  4.9835586e+01   4.4545431e+01   6.0770225e+01   7.3863819e+01   6.5936993e+01   4.1493902e+01   6.3501984e+01   6.2487902e+01   5.0163870e+01   6.6327426e+01   4.1927648e+01   4.0352854e+01   4.3685646e+01   1.4036986e+01   1.4642136e+01   4.7960510e+01   4.3222945e+01   6.0535406e+01   2.1523796e+01   2.3396506e+01   1.5103082e+01   4.5444410e+01   1.4817821e+01   2.4400837e+01   2.2328880e+01   1.3158989e+01   2.4190715e+01   1.9107794e+01   0.0000000e+00   2.2465883e+01   2.1218349e+01   5.0010100e+01   6.5270750e+01   6.3686233e+01   5.3386671e+01   6.5961821e+01   4.8010525e+01   4.4616324e+01   4.1600487e+01   1.2043396e+01   2.1073041e+01   3.6622777e+00   4.5098206e+01   2.7379360e+01   2.6331183e+01   6.7814560e+01   4.2879240e+01   1.4817821e+01   5.9576222e+01   4.1055513e+00   5.1744512e+01   1.2849089e+01   4.8783020e+01   6.2584620e+01   5.1022272e+01   4.7107403e+01   6.1401560e+01   5.3615440e+01   1.4500000e+01   7.3561618e+01   2.5664459e+01   2.8040879e+01   4.9041220e+01   2.4552027e+01   5.3152160e+01   4.3220019e+01   4.3301869e+01   2.4635037e+01   3.9158764e+01   3.9397301e+01   5.1121142e+01   7.3323417e+01   4.0377939e+01   1.9328170e+01   1.5060220e+01   2.6273048e+01   2.3155022e+01   4.1503049e+01   2.5000000e+00   2.0280040e+01   4.7042991e+01   7.4704110e+01   6.4384662e+01   7.6216577e+01   2.0462465e+01   5.4647945e+01   1.5000000e+00   6.1861633e+01   1.2593387e+01   4.5011235e+01   4.1640005e+01   1.3700379e+01   5.0204125e+01   5.3237558e+01   6.3753458e+01   1.7068042e+01   1.8007141e+01   6.0427039e+01   4.9208316e+01   2.4918231e+01   3.4752737e+01
  2.8077164e+01   2.7117663e+01   4.2093269e+01   5.3981305e+01   4.7430800e+01   3.1516125e+01   4.2300120e+01   4.3453463e+01   2.8356777e+01   4.7746693e+01   3.2015869e+01   3.2969216e+01   2.7155206e+01   9.2321246e+00   1.0424717e+01   3.0500000e+01   2.4629857e+01   4.0503125e+01   4.0355339e+00   1.8255281e+01   2.0803941e+01   2.9491378e+01   2.3877339e+01   1.6601242e+01   2.1760292e+01   9.8407708e+00   1.3316006e+01   4.4051248e+00   2.2465883e+01   0.0000000e+00   2.1362646e+01   5.0811529e+01   4.5436066e+01   4.5500000e+01   3.1491934e+01   4.6142634e+01   2.6734519e+01   2.7780946e+01   2.3570544e+01   1.1094810e+01   1.9268324e+01   1.9800259e+01   2.8473201e+01   5.5000000e+00   1.3738202e+01   4.9092695e+01   3.6783605e+01   9.1313383e+00   3.8742646e+01   2.0108672e+01   5.4021024e+01   2.3845235e+01   2.6905492e+01   4.2559482e+01   2.9654759e+01   2.7780946e+01   4.1027768e+01   3.3000000e+01   9.2464278e+00   5.3211479e+01   1.5837862e+01   6.3309519e+00   3.0269951e+01   1.4428388e+01   5.4853013e+01   3.6590165e+01   2.5369660e+01   2.7360680e+00   4.2701896e+01   3.4360006e+01   2.9292360e+01   5.3322817e+01   3.0537477e+01   3.6622777e+00   2.5965663e+01   5.1097722e+00   2.1505952e+01   2.3764780e+01   2.2961077e+01   2.0655644e+01   2.5624689e+01   5.4733292e+01   4.4160623e+01   5.6432996e+01   2.0298990e+01   5.6182134e+01   2.1488092e+01   4.3211240e+01   1.1736103e+01   2.7169271e+01   3.5213110e+01   2.3483690e+01   2.8500000e+01   5.5329280e+01   4.5405456e+01   6.3309519e+00   6.1568542e+00   4.1429818e+01   2.7425824e+01   1.4896180e+01   1.6601242e+01
  4.0752329e+01   2.8806360e+01   6.2211020e+01   5.8728000e+01   4.9471931e+01   2.1434421e+01   5.9964275e+01   6.3358969e+01   4.1307475e+01   4.9921655e+01   2.1819006e+01   1.9735384e+01   2.7244158e+01   2.0108672e+01   2.3110838e+01   5.1207495e+01   2.8942925e+01   5.9766348e+01   2.3700216e+01   5.5000000e+00   3.1564449e+01   5.0352282e+01   3.3015381e+01   8.0166482e+00   1.6180340e+00   1.8843936e+01   1.0940307e+01   2.1440392e+01   2.1218349e+01   2.1362646e+01   0.0000000e+00   3.1548349e+01   5.0464988e+01   4.7010751e+01   4.4842418e+01   5.1096443e+01   4.5025274e+01   4.8604054e+01   2.6976405e+01   1.9539433e+01   2.7360680e+00   2.1386599e+01   2.8540150e+01   2.5101829e+01   1.2665525e+01   5.1490195e+01   2.2162179e+01   1.5273287e+01   5.7159068e+01   2.2368928e+01   3.4208308e+01   3.1600643e+01   4.0531238e+01   6.1771935e+01   4.7577064e+01   4.7934165e+01   4.7683154e+01   5.1929563e+01   2.1218349e+01   5.9170691e+01   1.0013149e+01   2.3396506e+01   5.0604890e+01   1.0208244e+01   3.5285054e+01   2.2505681e+01   2.8271388e+01   2.2139085e+01   2.2208293e+01   1.8700275e+01   4.2300120e+01   5.8383504e+01   2.0349433e+01   2.0204060e+01   3.4134060e+01   2.1440392e+01   2.6213203e+00   2.6586395e+01   2.3110838e+01   1.5000000e+00   4.3703009e+01   5.9665023e+01   5.0229267e+01   6.0851056e+01   1.6180340e+00   3.6711186e+01   2.0902206e+01   6.3321175e+01   2.2087033e+01   2.9620440e+01   2.0926698e+01   3.2035694e+01   4.5569391e+01   3.5614100e+01   4.7235960e+01   2.0853132e+01   2.2208293e+01   6.1397455e+01   4.0315198e+01   1.0117692e+01   2.2005813e+01
  5.9612181e+01   4.1576149e+01   8.7885640e+01   6.3717877e+01   5.3190132e+01   2.6156383e+01   8.1715762e+01   8.8541184e+01   6.0310116e+01   5.3683644e+01   2.5887005e+01   2.1900935e+01   3.9349067e+01   5.1121142e+01   5.4140004e+01   7.8802299e+01   4.4329214e+01   8.3965562e+01   5.3756455e+01   3.3195565e+01   6.2314238e+01   7.8853366e+01   6.3390778e+01   3.4712571e+01   3.0720026e+01   4.9881171e+01   3.8089892e+01   5.1846860e+01   5.0010100e+01   5.0811529e+01   3.1548349e+01   0.0000000e+00   5.7862880e+01   5.0811529e+01   6.3462290e+01   5.8223479e+01   6.9089358e+01   7.6775815e+01   4.2701896e+01   5.0584928e+01   3.3072995e+01   5.1158168e+01   3.9695025e+01   5.3237558e+01   3.8235925e+01   5.5089376e+01   1.8255281e+01   4.6197374e+01   8.0226094e+01   5.2155106e+01   4.7720019e+00   6.1747449e+01   6.0404090e+01   8.5765761e+01   7.0900639e+01   7.4378278e+01   5.7912978e+01   7.6163730e+01   5.2222819e+01   6.5709278e+01   3.5663902e+01   5.0702092e+01   7.7262621e+01   3.6972592e+01   4.7426407e+00   1.9107794e+01   4.2657443e+01   5.0861195e+01   1.1780514e+01   1.8534689e+01   6.1123840e+01   6.3875863e+01   2.6306976e+01   5.0462486e+01   6.4196546e+01   4.9208316e+01   3.0541638e+01   4.2003012e+01   5.2009708e+01   3.2515621e+01   6.7675144e+01   6.4706697e+01   5.9023500e+01   6.4937955e+01   3.2644206e+01   5.9083269e+00   5.0040388e+01   8.8933591e+01   5.3130789e+01   4.2690046e+01   1.9506578e+01   6.2342542e+01   6.8140594e+01   5.5000000e+00   5.1394499e+01   5.1590606e+01   5.2876044e+01   8.6793105e+01   5.9502119e+01   3.6534705e+01   4.2932299e+01
  2.1860009e+01   2.2162179e+01   5.0161353e+01   9.1023253e+00   7.4462220e+00   3.4503676e+01   3.7003424e+01   4.9369725e+01   2.2162179e+01   7.2082039e+00   3.4514703e+01   3.9029210e+01   2.3786262e+01   5.3763496e+01   5.5356631e+01   4.9827984e+01   2.2647235e+01   4.3789722e+01   4.8231017e+01   4.5738258e+01   6.5557667e+01   5.3009523e+01   6.8736720e+01   4.3581318e+01   4.9685872e+01   5.3913481e+01   4.2315069e+01   4.9336462e+01   6.5270750e+01   4.5436066e+01   5.0464988e+01   5.7862880e+01   0.0000000e+00   8.6394103e+00   2.1789669e+01   1.2071068e+00   3.5213110e+01   5.0584928e+01   2.4426972e+01   5.5317880e+01   4.8899380e+01   6.3335102e+01   2.2573740e+01   4.1903502e+01   4.0079035e+01   7.1708320e+00   4.1307475e+01   5.1128549e+01   3.8765520e+01   6.3913327e+01   6.2113716e+01   6.8780671e+01   2.3909400e+01   4.4559619e+01   3.4237961e+01   4.3841666e+01   5.7201533e+00   3.9029210e+01   5.4028030e+01   9.2321246e+00   4.1731056e+01   3.9746019e+01   4.6041190e+01   4.2335989e+01   6.1561444e+01   4.0315198e+01   2.2888613e+01   4.3293107e+01   5.8605507e+01   4.3047033e+01   2.1860009e+01   8.5622577e+00   3.5003623e+01   4.8335656e+01   7.0865119e+01   4.0860872e+01   4.8583261e+01   2.4666092e+01   6.6372984e+01   5.0784192e+01   3.4455854e+01   9.9339811e+00   3.0495098e+00   1.1511358e+01   5.0312147e+01   6.2008130e+01   6.4431604e+01   5.0749378e+01   5.6522317e+01   2.1392582e+01   4.0652833e+01   6.8396981e+01   3.1407119e+01   6.2520158e+01   7.9330344e+00   5.1158168e+01   5.1089030e+01   4.8666378e+01   2.2505681e+01   4.2129317e+01   3.1028675e+01
  2.6044080e+01   1.9644190e+01   5.6401699e+01   1.3509612e+01   3.0495098e+00   2.8942925e+01   4.3988504e+01   5.5817267e+01   2.6519224e+01   3.5413813e+00   2.8859302e+01   3.3245229e+01   2.0612185e+01   5.3275468e+01   5.5240296e+01   5.4583269e+01   2.1434421e+01   5.0231781e+01   4.8630032e+01   4.2609975e+01   6.5801225e+01   5.7372665e+01   6.8826422e+01   4.0727478e+01   4.6117979e+01   5.3209107e+01   4.0101136e+01   4.9308298e+01   6.3686233e+01   4.5500000e+01   4.7010751e+01   5.0811529e+01   8.6394103e+00   0.0000000e+00   2.7117663e+01   8.7006097e+00   4.0012656e+01   5.4889797e+01   2.2776669e+01   5.4622546e+01   4.5713383e+01   6.2083277e+01   1.9221645e+01   4.2690046e+01   3.7906550e+01   5.1097722e+00   3.5003623e+01   5.0002525e+01   4.5249302e+01   6.2761545e+01   5.5020638e+01   6.8617545e+01   2.8072631e+01   5.1195167e+01   3.9551248e+01   4.8565060e+01   1.1923660e+01   4.4729515e+01   5.3702444e+01   1.5416434e+01   3.9051913e+01   4.0161064e+01   5.1009900e+01   3.9908121e+01   5.4353969e+01   3.4003731e+01   2.1006097e+01   4.3511626e+01   5.2538447e+01   3.7167424e+01   2.6500000e+01   1.3586252e+01   2.9624732e+01   4.8134021e+01   7.0859790e+01   4.0901114e+01   4.5000000e+01   2.2776669e+01   6.4986433e+01   4.7470736e+01   3.9051913e+01   1.4508926e+01   1.0807764e+01   1.5077380e+01   4.7029560e+01   5.4707933e+01   6.2921951e+01   5.7079590e+01   5.6143957e+01   1.9241665e+01   3.4558773e+01   6.8361992e+01   3.6513886e+01   5.5329280e+01   1.2071068e+00   5.0947993e+01   5.1106324e+01   5.4926556e+01   2.6576810e+01   3.9618410e+01   2.9864094e+01
  4.6231056e+00   2.2522716e+01   2.9970324e+01   2.8540150e+01   2.7500000e+01   3.7816216e+01   1.9321530e+01   2.9594673e+01   4.0355339e+00   2.7504629e+01   3.8106515e+01   4.2108292e+01   2.4707437e+01   4.0189419e+01   4.0811289e+01   2.8544607e+01   1.9637659e+01   2.4084953e+01   3.3195565e+01   3.9885911e+01   4.9635018e+01   3.1820920e+01   5.2978567e+01   3.7340874e+01   4.4482951e+01   4.0826790e+01   3.4591788e+01   3.5144624e+01   5.3386671e+01   3.1491934e+01   4.4842418e+01   6.3462290e+01   2.1789669e+01   2.7117663e+01   0.0000000e+00   2.2368928e+01   1.3962912e+01   2.9435273e+01   2.1338666e+01   4.2084252e+01   4.2740384e+01   5.0789164e+01   2.4583189e+01   2.6777367e+01   3.2690837e+01   2.8072631e+01   4.5721676e+01   3.9332976e+01   1.9288294e+01   5.1096443e+01   6.7619297e+01   5.3533009e+01   5.1097722e+00   2.5329418e+01   1.3009996e+01   2.2573740e+01   1.6624515e+01   1.8113915e+01   4.0060081e+01   2.6442244e+01   3.5360436e+01   2.5847584e+01   2.4753866e+01   3.5177082e+01   6.7636056e+01   4.4907207e+01   2.1308652e+01   2.9283676e+01   6.0253661e+01   4.5776926e+01   3.0495098e+00   2.7615494e+01   3.7665172e+01   3.4654063e+01   5.5208317e+01   2.7670756e+01   4.3572613e+01   2.2023243e+01   5.3950912e+01   4.4729515e+01   1.3316006e+01   2.8929738e+01   1.9427493e+01   3.0963092e+01   4.4232139e+01   6.8507353e+01   5.2423020e+01   3.0720026e+01   4.2467249e+01   2.1434421e+01   4.4460209e+01   5.2904675e+01   1.0117692e+01   6.8457707e+01   2.6576810e+01   3.7194686e+01   3.6617863e+01   2.8522313e+01   5.0276926e+00   3.5231110e+01   2.3548861e+01
  2.2505681e+01   2.2799103e+01   5.0622350e+01   8.4056942e+00   7.3007353e+00   3.5000000e+01   3.7378178e+01   4.9807707e+01   2.2799103e+01   7.0192024e+00   3.5003623e+01   3.9512818e+01   2.4400837e+01   5.4467583e+01   5.6063027e+01   5.0412423e+01   2.3325424e+01   4.4232139e+01   4.8938105e+01   4.6380279e+01   6.6264732e+01   5.3615440e+01   6.9443818e+01   4.4232139e+01   5.0312147e+01   5.4615617e+01   4.2985292e+01   5.0042911e+01   6.5961821e+01   4.6142634e+01   5.1096443e+01   5.8223479e+01   1.2071068e+00   8.7006097e+00   2.2368928e+01   0.0000000e+00   3.5805807e+01   5.1195167e+01   2.5096748e+01   5.6020267e+01   4.9540799e+01   6.4031488e+01   2.3177081e+01   4.2609975e+01   4.0749224e+01   6.8245553e+00   4.1746212e+01   5.1824945e+01   3.9207234e+01   6.4611231e+01   6.2469751e+01   6.9487318e+01   2.4552027e+01   4.4977522e+01   3.4796501e+01   4.4431765e+01   6.3523500e+00   3.9551248e+01   5.4733292e+01   8.6394103e+00   4.2386752e+01   4.0453098e+01   4.6613989e+01   4.3000000e+01   6.1900326e+01   4.0752329e+01   2.3548861e+01   4.4000000e+01   5.9076873e+01   4.3526155e+01   2.2482948e+01   7.8824115e+00   3.5514283e+01   4.9041220e+01   7.1572146e+01   4.1567018e+01   4.9208316e+01   2.5329418e+01   6.7067635e+01   5.1421508e+01   3.5061539e+01   9.2464278e+00   3.5000000e+00   1.0807764e+01   5.0950471e+01   6.2332435e+01   6.5123912e+01   5.1200099e+01   5.7227418e+01   2.2040659e+01   4.1110959e+01   6.9103936e+01   3.1984123e+01   6.2861847e+01   8.0000000e+00   5.1863898e+01   5.1795711e+01   4.9126125e+01   2.3155022e+01   4.2790661e+01   3.1716983e+01
  1.4508926e+01   3.0686918e+01   1.9506578e+01   4.1936699e+01   4.0652833e+01   4.4309246e+01   1.6072412e+01   1.9974342e+01   1.4000000e+01   4.0699502e+01   4.4704072e+01   4.7960510e+01   3.2503906e+01   3.4500000e+01   3.4134060e+01   1.5137281e+01   2.7117663e+01   1.5500000e+01   2.7000000e+01   4.0531238e+01   4.0978389e+01   1.8367568e+01   4.4297831e+01   3.8089892e+01   4.5000000e+01   3.5514283e+01   3.4712571e+01   2.9517236e+01   4.8010525e+01   2.6734519e+01   4.5025274e+01   6.9089358e+01   3.5213110e+01   4.0012656e+01   1.3962912e+01   3.5805807e+01   0.0000000e+00   1.6008062e+01   2.8113403e+01   3.6500000e+01   4.2790661e+01   4.5044921e+01   3.2922986e+01   2.1789669e+01   3.3431748e+01   4.1371751e+01   5.1912547e+01   3.5360436e+01   1.2675796e+01   4.5101009e+01   7.3000000e+01   4.5280018e+01   1.2541595e+01   1.7418924e+01   3.5413813e+00   9.1313383e+00   3.0016944e+01   7.6063352e+00   3.4014922e+01   3.9695025e+01   3.6346897e+01   2.2482948e+01   1.1500000e+01   3.5617659e+01   7.3331998e+01   5.1266623e+01   2.8912145e+01   2.4918231e+01   6.3802844e+01   5.1059371e+01   1.4036986e+01   4.0996913e+01   4.3841666e+01   2.9607559e+01   4.6513585e+01   2.4541631e+01   4.4329214e+01   2.8801943e+01   4.8094643e+01   4.4619157e+01   1.9142136e+00   4.2285165e+01   3.2880550e+01   4.4332066e+01   4.4160623e+01   7.4400271e+01   4.7010751e+01   2.0500000e+01   3.6087919e+01   2.9800171e+01   5.0452477e+01   4.4465896e+01   4.5311289e+00   7.4042505e+01   3.9528835e+01   3.1504032e+01   3.0504166e+01   1.8304494e+01   1.4036986e+01   3.5855339e+01   2.6672505e+01
  2.9435273e+01   4.2764051e+01   1.7030275e+01   5.7442954e+01   5.5738121e+01   5.4009345e+01   2.5198178e+01   1.9000000e+01   2.9035066e+01   5.5821786e+01   5.4467583e+01   5.6856011e+01   4.4160623e+01   3.2476554e+01   3.0769622e+01   4.0000000e+00   3.9139358e+01   1.8843936e+01   2.6019600e+01   4.5098206e+01   3.3560551e+01   3.0000000e+00   3.6503472e+01   4.3073466e+01   4.8938105e+01   3.3824165e+01   3.9551248e+01   2.8651377e+01   4.4616324e+01   2.7780946e+01   4.8604054e+01   7.6775815e+01   5.0584928e+01   5.4889797e+01   2.9435273e+01   5.1195167e+01   1.6008062e+01   0.0000000e+00   3.9551248e+01   3.4271290e+01   4.6467380e+01   4.1454243e+01   4.4921279e+01   2.4253947e+01   3.9100518e+01   5.6589215e+01   6.0884187e+01   3.5446388e+01   2.0481241e+01   4.1160177e+01   8.0307581e+01   3.8053295e+01   2.7379360e+01   2.0630822e+01   1.7740940e+01   7.7111026e+00   4.5369255e+01   1.5366069e+01   3.1584562e+01   5.5192321e+01   4.1809805e+01   2.6600766e+01   7.0192024e+00   4.0640379e+01   8.0948741e+01   6.0427039e+01   4.0801985e+01   2.7018861e+01   6.9595948e+01   5.9238829e+01   2.9244565e+01   5.6504464e+01   5.3301515e+01   2.9504310e+01   3.8503289e+01   2.8221833e+01   4.8588460e+01   4.0154760e+01   4.4045953e+01   4.7923623e+01   1.6640012e+01   5.7793106e+01   4.8301674e+01   5.9840121e+01   4.7555818e+01   8.2183842e+01   4.3665380e+01   1.8064168e+01   3.2810989e+01   4.2093269e+01   5.9323890e+01   3.7030809e+01   2.0000000e+01   8.1524688e+01   5.4456001e+01   3.0084624e+01   2.8717902e+01   1.7007574e+01   2.8859302e+01   4.1027768e+01   3.5692329e+01
  1.7418924e+01   4.1400549e+00   4.7096674e+01   3.2942256e+01   2.4918231e+01   1.7150826e+01   3.9551248e+01   4.7406823e+01   1.8113915e+01   2.5289111e+01   1.7485288e+01   2.1308652e+01   5.1097722e+00   3.1036863e+01   3.3107514e+01   4.0503125e+01   2.5000000e+00   4.2434473e+01   2.6886550e+01   2.2087033e+01   4.3766615e+01   4.1987950e+01   4.6708765e+01   1.9800259e+01   2.6311819e+01   3.0938463e+01   1.8388544e+01   2.7267518e+01   4.1600487e+01   2.3570544e+01   2.6976405e+01   4.2701896e+01   2.4426972e+01   2.2776669e+01   2.1338666e+01   2.5096748e+01   2.8113403e+01   3.9551248e+01   0.0000000e+00   3.2351217e+01   2.5238634e+01   3.9873214e+01   6.0000000e+00   2.1529741e+01   1.6152476e+01   2.6748809e+01   2.5020400e+01   2.7744265e+01   3.8345079e+01   4.0528115e+01   4.6827638e+01   4.6415684e+01   1.8234148e+01   4.4103326e+01   2.9400692e+01   3.5039832e+01   2.1242469e+01   3.4909301e+01   3.1504032e+01   3.3000000e+01   1.7892527e+01   1.8700275e+01   3.7923255e+01   1.8423448e+01   4.6900431e+01   2.4253947e+01   2.3027756e+00   2.1742646e+01   3.9592838e+01   2.4938699e+01   1.8945867e+01   3.2476554e+01   1.6901219e+01   2.6019600e+01   4.8700104e+01   1.9060711e+01   2.5248737e+01   1.2071068e+00   4.2823162e+01   2.7183328e+01   2.6739284e+01   3.3824165e+01   2.3909400e+01   3.5231110e+01   2.6696374e+01   4.7820714e+01   4.0801985e+01   4.8065744e+01   3.3921550e+01   4.1055513e+00   2.3700216e+01   4.6200109e+01   2.6427784e+01   4.7701695e+01   2.2776669e+01   2.8806360e+01   2.9070089e+01   4.5848649e+01   1.7300298e+01   1.8234148e+01   7.6063352e+00
  3.8660844e+01   3.5646124e+01   4.9989898e+01   6.3911355e+01   5.6716101e+01   3.6154593e+01   5.2021840e+01   5.1600391e+01   3.8948017e+01   5.7068542e+01   3.6638622e+01   3.6284075e+01   3.5202305e+01   2.5000000e+00   4.4051248e+00   3.7462819e+01   3.3734019e+01   4.9336462e+01   1.0000000e+01   1.9006756e+01   1.3247549e+01   3.5417761e+01   1.5541609e+01   1.8748288e+01   2.0406029e+01   1.9142136e+00   1.6946884e+01   7.5710678e+00   1.2043396e+01   1.1094810e+01   1.9539433e+01   5.0584928e+01   5.5317880e+01   5.4622546e+01   4.2084252e+01   5.6020267e+01   3.6500000e+01   3.4271290e+01   3.2351217e+01   0.0000000e+00   1.8177670e+01   9.2321246e+00   3.6600554e+01   1.5902922e+01   1.8624569e+01   5.8487068e+01   3.9580046e+01   5.7201533e+00   4.8168124e+01   9.5138782e+00   5.3152160e+01   1.4826549e+01   3.7500000e+01   5.1394499e+01   3.9503205e+01   3.6031676e+01   5.1128549e+01   4.2243263e+01   3.1925824e+00   6.3335102e+01   1.9181542e+01   1.6847783e+01   3.8143060e+01   1.7740940e+01   5.4281967e+01   3.9656736e+01   3.4134060e+01   1.3316006e+01   4.0888736e+01   3.6503472e+01   3.9885911e+01   6.3301274e+01   3.5061539e+01   7.9330344e+00   1.7270510e+01   1.5264823e+01   2.0723748e+01   3.2390437e+01   1.2384864e+01   1.8569311e+01   3.5514283e+01   6.4702804e+01   5.4207541e+01   6.6327426e+01   1.8451323e+01   5.5720014e+01   1.1047512e+01   5.1096443e+01   3.0495098e+00   3.5918921e+01   3.8119809e+01   1.4817821e+01   3.8660844e+01   5.4578646e+01   5.4604066e+01   5.5249378e+00   6.5207973e+00   4.9540799e+01   3.8013331e+01   1.8220045e+01   2.5258837e+01
  3.8660844e+01   2.7244158e+01   5.9991596e+01   5.7231825e+01   4.8147141e+01   2.1024376e+01   5.7745087e+01   6.1132087e+01   3.9207234e+01   4.8588460e+01   2.1440392e+01   1.9813208e+01   2.5783394e+01   1.8569311e+01   2.1600948e+01   4.9041220e+01   2.7183328e+01   5.7530693e+01   2.1719095e+01   3.6622777e+00   3.0500000e+01   4.8241491e+01   3.2142535e+01   6.0226805e+00   3.0000000e+00   1.7367128e+01   8.7462113e+00   1.9539433e+01   2.1073041e+01   1.9268324e+01   2.7360680e+00   3.3072995e+01   4.8899380e+01   4.5713383e+01   4.2740384e+01   4.9540799e+01   4.2790661e+01   4.6467380e+01   2.5238634e+01   1.8177670e+01   0.0000000e+00   2.0902206e+01   2.7112967e+01   2.2910935e+01   1.0549876e+01   5.0148766e+01   2.2573740e+01   1.3624405e+01   5.4926556e+01   2.1860009e+01   3.5887145e+01   3.0835623e+01   3.8401187e+01   5.9536006e+01   4.5346962e+01   4.5721676e+01   4.5978017e+01   4.9693496e+01   1.9663768e+01   5.7581083e+01   8.0166482e+00   2.1170027e+01   4.8400939e+01   8.0663730e+00   3.6900549e+01   2.2821514e+01   2.6600766e+01   1.9974342e+01   2.4084953e+01   1.9241665e+01   4.0202015e+01   5.6860447e+01   1.9916488e+01   1.8255281e+01   3.3382366e+01   1.9221645e+01   3.0495098e+00   2.4882371e+01   2.2888613e+01   2.5000000e+00   4.1469501e+01   5.8158477e+01   4.8583261e+01   5.9391850e+01   2.0000000e+00   3.8305423e+01   2.0655644e+01   6.1101155e+01   2.0723748e+01   2.8013633e+01   2.1242469e+01   3.1200163e+01   4.3351488e+01   3.7269553e+01   4.5912003e+01   1.9080904e+01   2.0406029e+01   5.9172822e+01   3.8212730e+01   8.0166482e+00   2.0006409e+01
  4.7318800e+01   4.2949971e+01   5.7618298e+01   7.1937035e+01   6.4280875e+01   4.0978389e+01   6.0502083e+01   5.9343011e+01   4.7622182e+01   6.4658008e+01   4.1429818e+01   4.0189419e+01   4.2225292e+01   1.1188779e+01   1.1545361e+01   4.4800113e+01   4.1417600e+01   5.7431977e+01   1.8610770e+01   2.2888613e+01   1.2593387e+01   4.2285165e+01   1.2869317e+01   2.3570544e+01   2.2465883e+01   1.0462429e+01   2.2910935e+01   1.6287653e+01   3.6622777e+00   1.9800259e+01   2.1386599e+01   5.1158168e+01   6.3335102e+01   6.2083277e+01   5.0789164e+01   6.4031488e+01   4.5044921e+01   4.1454243e+01   3.9873214e+01   9.2321246e+00   2.0902206e+01   0.0000000e+00   4.3639309e+01   2.4635037e+01   2.4959150e+01   6.6122024e+01   4.2949971e+01   1.2706556e+01   5.6535703e+01   1.5000000e+00   5.3111786e+01   1.1106602e+01   4.6197374e+01   5.9478810e+01   4.8065744e+01   4.3988504e+01   5.9330264e+01   5.0562461e+01   1.1545361e+01   7.1521124e+01   2.4629857e+01   2.5489998e+01   4.5900991e+01   2.3401965e+01   5.4456001e+01   4.3220019e+01   4.1609610e+01   2.2005813e+01   4.0531238e+01   3.9551248e+01   4.8567661e+01   7.1367835e+01   3.9860513e+01   1.6640012e+01   1.3538405e+01   2.3807724e+01   2.3177081e+01   3.9822385e+01   3.6622777e+00   2.0406029e+01   4.4103326e+01   7.2758218e+01   6.2356689e+01   7.4317342e+01   2.0512496e+01   5.5943665e+01   2.7360680e+00   5.8708676e+01   9.5138782e+00   4.3351488e+01   4.1640005e+01   1.1780514e+01   4.7324139e+01   5.4594824e+01   6.2119802e+01   1.4229530e+01   1.5077380e+01   5.7282480e+01   4.6679000e+01   2.3807724e+01   3.2907561e+01
  2.1018285e+01   2.7360680e+00   5.1788400e+01   3.0703477e+01   2.1595023e+01   1.4156500e+01   4.3281421e+01   5.1963579e+01   2.1724985e+01   2.2023243e+01   1.4365425e+01   1.8700275e+01   1.9142136e+00   3.5446388e+01   3.7715588e+01   4.5760358e+01   6.3523500e+00   4.6827638e+01   3.1884710e+01   2.3978714e+01   4.8440067e+01   4.7372167e+01   5.1274009e+01   2.2023243e+01   2.7712130e+01   3.5202305e+01   2.1434421e+01   3.2031730e+01   4.5098206e+01   2.8473201e+01   2.8540150e+01   3.9695025e+01   2.2573740e+01   1.9221645e+01   2.4583189e+01   2.3177081e+01   3.2922986e+01   4.4921279e+01   6.0000000e+00   3.6600554e+01   2.7112967e+01   4.3639309e+01   0.0000000e+00   2.6815395e+01   1.9268324e+01   2.3570544e+01   2.1970911e+01   3.1740999e+01   4.2511903e+01   4.4363424e+01   4.3916587e+01   5.0843818e+01   2.2208293e+01   4.8400939e+01   3.3943983e+01   4.0189419e+01   2.0500000e+01   3.9516022e+01   3.6010562e+01   3.1305844e+01   2.0330532e+01   2.3920077e+01   4.3047033e+01   2.1200242e+01   4.3804157e+01   2.1091260e+01   4.6231056e+00   2.6777367e+01   3.7976659e+01   2.2635944e+01   2.2420310e+01   3.0387288e+01   1.4256816e+01   3.0707615e+01   5.3197249e+01   2.4084953e+01   2.6600766e+01   5.5249378e+00   4.6467380e+01   2.8929738e+01   3.1584562e+01   3.1648836e+01   2.2641590e+01   3.2810989e+01   2.8473201e+01   4.4602154e+01   4.4363424e+01   5.2723079e+01   3.8358288e+01   3.7015621e+00   2.0859273e+01   5.0702092e+01   3.0872685e+01   4.4661635e+01   1.9367962e+01   3.3431748e+01   3.3824165e+01   5.0492499e+01   2.1054805e+01   2.0902206e+01   1.2384864e+01
  2.3532586e+01   2.5167793e+01   3.7715588e+01   5.0352282e+01   4.4460209e+01   3.2075307e+01   3.7340874e+01   3.8970768e+01   2.3759407e+01   4.4740818e+01   3.2566337e+01   3.4178628e+01   2.5609759e+01   1.3962912e+01   1.4589003e+01   2.6672505e+01   2.2231314e+01   3.5788100e+01   7.0192024e+00   2.1362646e+01   2.4211811e+01   2.6200195e+01   2.7453664e+01   1.9321530e+01   2.5339485e+01   1.4721463e+01   1.5805228e+01   8.8815273e+00   2.7379360e+01   5.5000000e+00   2.5101829e+01   5.3237558e+01   4.1903502e+01   4.2690046e+01   2.6777367e+01   4.2609975e+01   2.1789669e+01   2.4253947e+01   2.1529741e+01   1.5902922e+01   2.2910935e+01   2.4635037e+01   2.6815395e+01   0.0000000e+00   1.5508331e+01   4.6010988e+01   3.8136419e+01   1.4083078e+01   3.3854160e+01   2.4882371e+01   5.6664936e+01   2.7702941e+01   2.2231314e+01   3.7836309e+01   2.4686773e+01   2.3396506e+01   3.7276351e+01   2.8181221e+01   1.3785330e+01   4.9372283e+01   1.8113915e+01   3.5000000e+00   2.6019600e+01   1.6901219e+01   5.7370467e+01   3.7816216e+01   2.3270595e+01   3.6622777e+00   4.5843136e+01   3.6087919e+01   2.4666092e+01   4.9645193e+01   3.1196091e+01   8.5622577e+00   2.9629023e+01   4.5311289e+00   2.4918231e+01   2.1860009e+01   2.7785527e+01   2.4505208e+01   2.0655644e+01   5.1059371e+01   4.0453098e+01   5.2830679e+01   2.4100847e+01   5.8642067e+01   2.6394015e+01   3.8830797e+01   1.6192355e+01   2.5020400e+01   3.6555513e+01   2.7206741e+01   2.3500000e+01   5.7912978e+01   4.2529751e+01   1.0940307e+01   1.0348858e+01   3.6972592e+01   2.2860680e+01   1.7300298e+01   1.5137281e+01
  2.8611386e+01   1.8809833e+01   5.1335519e+01   4.8588460e+01   4.0202015e+01   1.8562392e+01   4.8039457e+01   5.2300097e+01   2.9157460e+01   4.0606109e+01   1.9060711e+01   1.9735384e+01   1.7856555e+01   1.7892527e+01   2.0630822e+01   4.1282962e+01   1.7964249e+01   4.8359168e+01   1.7120770e+01   7.7801099e+00   3.1175723e+01   4.1135576e+01   3.3654939e+01   5.2434165e+00   1.2384864e+01   1.7307736e+01   2.7360680e+00   1.6008062e+01   2.6331183e+01   1.3738202e+01   1.2665525e+01   3.8235925e+01   4.0079035e+01   3.7906550e+01   3.2690837e+01   4.0749224e+01   3.3431748e+01   3.9100518e+01   1.6152476e+01   1.8624569e+01   1.0549876e+01   2.4959150e+01   1.9268324e+01   1.5508331e+01   0.0000000e+00   4.2117304e+01   2.3548861e+01   1.3471122e+01   4.5447191e+01   2.5723997e+01   4.1709829e+01   3.2922986e+01   2.8365750e+01   5.0322184e+01   3.5830582e+01   3.7296739e+01   3.6724991e+01   4.0462482e+01   1.8700275e+01   4.8627435e+01   3.4154759e+00   1.3000000e+01   4.0104293e+01   3.0000000e+00   4.2380783e+01   2.3352790e+01   1.7740940e+01   1.3316006e+01   3.1277427e+01   2.1218349e+01   3.0152150e+01   4.8128773e+01   1.7529386e+01   1.4508926e+01   3.5389110e+01   1.1477249e+01   1.1567972e+01   1.5943445e+01   2.7725907e+01   1.2541595e+01   3.2067388e+01   4.9474483e+01   3.9500000e+01   5.0861195e+01   1.2043396e+01   4.3642207e+01   2.5604780e+01   5.2427835e+01   2.0748457e+01   1.9367962e+01   2.1976732e+01   3.2942256e+01   3.3654939e+01   4.2938190e+01   3.8000000e+01   1.6694135e+01   1.7566048e+01   5.0404910e+01   2.8163152e+01   3.0495098e+00   1.0117692e+01
  2.7670756e+01   2.3807724e+01   5.6769441e+01   9.1313383e+00   2.5615528e+00   3.3549206e+01   4.3674066e+01   5.6009008e+01   2.8054491e+01   2.0811388e+00   3.3462099e+01   3.7836309e+01   2.4938699e+01   5.7072962e+01   5.8923026e+01   5.6009008e+01   2.5258837e+01   5.0424944e+01   5.2116373e+01   4.7029560e+01   6.9383960e+01   5.9042719e+01   7.2467006e+01   4.5092600e+01   5.0612374e+01   5.7072962e+01   4.4329214e+01   5.2945210e+01   6.7814560e+01   4.9092695e+01   5.1490195e+01   5.5089376e+01   7.1708320e+00   5.1097722e+00   2.8072631e+01   6.8245553e+00   4.1371751e+01   5.6589215e+01   2.6748809e+01   5.8487068e+01   5.0148766e+01   6.6122024e+01   2.3570544e+01   4.6010988e+01   4.2117304e+01   0.0000000e+00   3.9528835e+01   5.3981305e+01   4.5402673e+01   6.6774052e+01   5.9272868e+01   7.2341840e+01   2.9731832e+01   5.1217354e+01   4.0578049e+01   4.9997475e+01   1.2000000e+01   4.5500000e+01   5.7449539e+01   1.1465856e+01   4.3377733e+01   4.3607424e+01   5.2292857e+01   4.4183521e+01   5.8551701e+01   3.8529594e+01   2.5020400e+01   4.7042991e+01   5.7079590e+01   4.1746212e+01   2.7872431e+01   9.3600226e+00   3.4234256e+01   5.1824945e+01   7.4535464e+01   4.4482951e+01   4.9494898e+01   2.6815395e+01   6.9065662e+01   5.1929563e+01   4.0531238e+01   1.0117692e+01   9.7195445e+00   1.0512492e+01   5.1482840e+01   5.8854520e+01   6.7030068e+01   5.7372665e+01   5.9913803e+01   2.3303509e+01   3.9116706e+01   7.2043693e+01   3.7665172e+01   5.9533889e+01   4.7720019e+00   5.4650254e+01   5.4733292e+01   5.5276820e+01   2.8271388e+01   4.3910828e+01   3.3764095e+01
  4.1900483e+01   2.3823808e+01   7.0859790e+01   4.8000000e+01   3.7513511e+01   8.4056942e+00   6.4070827e+01   7.1383708e+01   4.2601069e+01   3.8013331e+01   8.1321688e+00   4.5311289e+00   2.1595023e+01   3.9503205e+01   4.2500000e+01   6.2584620e+01   2.6600766e+01   6.6638113e+01   4.0123226e+01   2.1097330e+01   5.2242149e+01   6.3109903e+01   5.4100373e+01   2.1505952e+01   2.1054805e+01   3.8529594e+01   2.4190715e+01   3.8765520e+01   4.2879240e+01   3.6783605e+01   2.2162179e+01   1.8255281e+01   4.1307475e+01   3.5003623e+01   4.5721676e+01   4.1746212e+01   5.1912547e+01   6.0884187e+01   2.5020400e+01   3.9580046e+01   2.2573740e+01   4.2949971e+01   2.1970911e+01   3.8136419e+01   2.3548861e+01   3.9528835e+01   0.0000000e+00   3.4514703e+01   6.2741465e+01   4.3916587e+01   2.2454498e+01   5.2868884e+01   4.2752219e+01   6.8385934e+01   5.3551861e+01   5.7773467e+01   4.0761644e+01   5.8923026e+01   4.0500000e+01   4.9591751e+01   2.1648286e+01   3.5320971e+01   6.0685131e+01   2.3138463e+01   2.2414607e+01   1.5000000e+00   2.4913111e+01   3.6284075e+01   1.8064168e+01   4.1055513e+00   4.3401049e+01   4.8010525e+01   8.6394103e+00   3.7276351e+01   5.5418121e+01   3.4178628e+01   2.0280040e+01   2.4317011e+01   4.4771887e+01   2.3110838e+01   5.0502500e+01   4.9000000e+01   4.2180331e+01   4.9540799e+01   2.2961077e+01   2.3303509e+01   4.2559482e+01   7.1881020e+01   4.2048165e+01   2.4938699e+01   2.0811388e+00   5.3190132e+01   5.0704581e+01   2.3243131e+01   3.5500000e+01   3.9081083e+01   4.0154760e+01   6.9704407e+01   4.1809805e+01   2.2641590e+01   2.6019600e+01
  3.5671011e+01   3.0913813e+01   5.0404910e+01   5.9730482e+01   5.2162365e+01   3.0938463e+01   5.0920730e+01   5.1846860e+01   3.6031676e+01   5.2531241e+01   3.1423292e+01   3.1147186e+01   3.0332868e+01   5.5249378e+00   8.5622577e+00   3.8401187e+01   2.9244565e+01   4.9061816e+01   9.9339811e+00   1.4036986e+01   1.8451323e+01   3.6900549e+01   2.0748457e+01   1.3586252e+01   1.6008062e+01   4.5311289e+00   1.1736103e+01   7.3007353e+00   1.4817821e+01   9.1313383e+00   1.5273287e+01   4.6197374e+01   5.1128549e+01   5.0002525e+01   3.9332976e+01   5.1824945e+01   3.5360436e+01   3.5446388e+01   2.7744265e+01   5.7201533e+00   1.3624405e+01   1.2706556e+01   3.1740999e+01   1.4083078e+01   1.3471122e+01   5.3981305e+01   3.4514703e+01   0.0000000e+00   4.7372167e+01   1.3306248e+01   4.8966483e+01   1.9955076e+01   3.4723530e+01   5.1121142e+01   3.8269035e+01   3.6154593e+01   4.7147615e+01   4.1612650e+01   6.5827625e+00   5.9330264e+01   1.3962912e+01   1.4083078e+01   3.8529594e+01   1.2520815e+01   5.0010100e+01   3.4558773e+01   2.9500000e+01   1.1011898e+01   3.6948594e+01   3.1516125e+01   3.7003424e+01   5.9162168e+01   2.9847061e+01   6.5415230e+00   2.2431712e+01   1.2172618e+01   1.6160460e+01   2.7725907e+01   1.5764338e+01   1.4365425e+01   3.4237961e+01   6.0552061e+01   5.0161353e+01   6.2111687e+01   1.4156500e+01   5.1421508e+01   1.3916408e+01   5.1522054e+01   8.0663730e+00   3.1261177e+01   3.3034597e+01   2.0000000e+01   3.7030809e+01   5.0362310e+01   5.0017674e+01   6.2008771e+00   7.6063352e+00   4.9807707e+01   3.5061539e+01   1.3000000e+01   2.0729928e+01
  2.2133308e+01   4.0324616e+01   1.2010864e+01   4.3572613e+01   4.5221360e+01   5.4947222e+01   5.2169906e+00   1.1106602e+01   2.1440392e+01   4.5134628e+01   5.5301916e+01   5.8888783e+01   4.2368843e+01   4.6175486e+01   4.5511110e+01   1.7602631e+01   3.7000000e+01   5.5249378e+00   3.8709946e+01   5.2608061e+01   5.1217354e+01   2.1900935e+01   5.4435146e+01   5.0141213e+01   5.7108303e+01   4.7268045e+01   4.6806047e+01   4.1307475e+01   5.9576222e+01   3.8742646e+01   5.7159068e+01   8.0226094e+01   3.8765520e+01   4.5249302e+01   1.9288294e+01   3.9207234e+01   1.2675796e+01   2.0481241e+01   3.8345079e+01   4.8168124e+01   5.4926556e+01   5.6535703e+01   4.2511903e+01   3.3854160e+01   4.5447191e+01   4.5402673e+01   6.2741465e+01   4.7372167e+01   0.0000000e+00   5.6508928e+01   8.4237686e+01   5.5658861e+01   2.0803941e+01   6.5415230e+00   1.0117692e+01   1.4256816e+01   3.4041020e+01   6.5207973e+00   4.5599889e+01   4.0699502e+01   4.8356556e+01   3.4654063e+01   1.3962912e+01   4.7685803e+01   8.4459812e+01   6.2022354e+01   3.8788379e+01   3.7003424e+01   7.5523330e+01   6.2217096e+01   2.0908332e+01   4.2574339e+01   5.4604066e+01   4.1518289e+01   5.6589215e+01   3.6711186e+01   5.6412879e+01   3.9051913e+01   5.9508474e+01   5.6769441e+01   1.3962912e+01   4.3642207e+01   3.6224641e+01   4.5677428e+01   5.6307706e+01   8.5458814e+01   5.8577534e+01   1.2510412e+01   4.7523930e+01   3.9310437e+01   6.1348172e+01   5.4751728e+01   1.2603718e+01   8.5212750e+01   4.4647480e+01   4.3237571e+01   4.2147329e+01   1.0512492e+01   2.2005813e+01   4.7905168e+01   3.8106515e+01
  4.7669906e+01   4.3639309e+01   5.7390245e+01   7.2515623e+01   6.4943774e+01   4.1882363e+01   6.0518747e+01   5.9138724e+01   4.7960510e+01   6.5317050e+01   4.2335989e+01   4.1135576e+01   4.2949971e+01   1.1420165e+01   1.1500000e+01   4.4528400e+01   4.2048165e+01   5.7317691e+01   1.8748288e+01   2.3807724e+01   1.1736103e+01   4.1936699e+01   1.1901754e+01   2.4442640e+01   2.3445588e+01   1.0807764e+01   2.3700216e+01   1.6507811e+01   4.1055513e+00   2.0108672e+01   2.2368928e+01   5.2155106e+01   6.3913327e+01   6.2761545e+01   5.1096443e+01   6.4611231e+01   4.5101009e+01   4.1160177e+01   4.0528115e+01   9.5138782e+00   2.1860009e+01   1.5000000e+00   4.4363424e+01   2.4882371e+01   2.5723997e+01   6.6774052e+01   4.3916587e+01   1.3306248e+01   5.6508928e+01   0.0000000e+00   5.4100373e+01   1.0117692e+01   4.6513585e+01   5.9360003e+01   4.8128773e+01   4.3850317e+01   5.9863288e+01   5.0522495e+01   1.1680340e+01   7.2061163e+01   2.5464975e+01   2.5847584e+01   4.5713383e+01   2.4217082e+01   5.5447702e+01   4.4180659e+01   4.2273197e+01   2.2328880e+01   4.1518289e+01   4.0524992e+01   4.8899380e+01   7.1937035e+01   4.0764749e+01   1.6946884e+01   1.2541595e+01   2.4211811e+01   2.4148467e+01   4.0490624e+01   3.5000000e+00   2.1386599e+01   4.4183521e+01   7.3330282e+01   6.2903926e+01   7.4904301e+01   2.1488092e+01   5.6935804e+01   3.3284271e+00   5.8476288e+01   9.5138782e+00   4.4022982e+01   4.2601069e+01   1.0807764e+01   4.7452103e+01   5.5584027e+01   6.2789646e+01   1.4446326e+01   1.5213939e+01   5.7079590e+01   4.7024187e+01   2.4629857e+01   3.3534073e+01
  6.3745553e+01   4.5776926e+01   9.1727737e+01   6.7903635e+01   5.7385851e+01   3.0341247e+01   8.5800938e+01   9.2426601e+01   6.4441379e+01   5.7878132e+01   3.0084624e+01   2.6019600e+01   4.3546487e+01   5.3812756e+01   5.6802753e+01   8.2417642e+01   4.8481767e+01   8.7914244e+01   5.6856011e+01   3.6294553e+01   6.4548810e+01   8.2341310e+01   6.5438432e+01   3.7973324e+01   3.3462099e+01   5.2531241e+01   4.1417600e+01   5.4843813e+01   5.1744512e+01   5.4021024e+01   3.4208308e+01   4.7720019e+00   6.2113716e+01   5.5020638e+01   6.7619297e+01   6.2469751e+01   7.3000000e+01   8.0307581e+01   4.6827638e+01   5.3152160e+01   3.5887145e+01   5.3111786e+01   4.3916587e+01   5.6664936e+01   4.1709829e+01   5.9272868e+01   2.2454498e+01   4.8966483e+01   8.4237686e+01   5.4100373e+01   0.0000000e+00   6.3717877e+01   6.4501953e+01   8.9732841e+01   7.4867332e+01   7.8109600e+01   6.2184682e+01   8.0088002e+01   5.4924259e+01   6.9926220e+01   3.9051913e+01   5.4207541e+01   8.0981364e+01   4.0305778e+01   2.3027756e+00   2.3325424e+01   4.6824939e+01   5.4188919e+01   1.3089678e+01   2.2522716e+01   6.5264960e+01   6.8074033e+01   3.0454132e+01   5.3495283e+01   6.6120119e+01   5.2646428e+01   3.3397568e+01   4.6131678e+01   5.3735327e+01   3.5144624e+01   7.1586215e+01   6.8890423e+01   6.3287339e+01   6.9093003e+01   3.5320971e+01   3.6622777e+00   5.1851728e+01   9.2783530e+01   5.5683784e+01   4.6892349e+01   2.3662470e+01   6.4369007e+01   7.2141468e+01   2.0000000e+00   5.5608983e+01   5.4467583e+01   5.5785622e+01   9.0656808e+01   6.3622896e+01   3.9885911e+01   4.6827638e+01
  5.0584928e+01   4.9800101e+01   5.4583269e+01   7.7319594e+01   7.0632018e+01   5.0148766e+01   6.0025205e+01   5.6535703e+01   5.0749378e+01   7.0964530e+01   5.0622350e+01   4.9858383e+01   4.9454060e+01   1.5902922e+01   1.3935029e+01   4.1548752e+01   4.7683154e+01   5.5611251e+01   2.1200242e+01   3.2394357e+01   5.0000000e+00   3.8269035e+01   2.6213203e+00   3.2597508e+01   3.2640317e+01   1.6192355e+01   3.1163496e+01   1.9948650e+01   1.2849089e+01   2.3845235e+01   3.1600643e+01   6.1747449e+01   6.8780671e+01   6.8617545e+01   5.3533009e+01   6.9487318e+01   4.5280018e+01   3.8053295e+01   4.6415684e+01   1.4826549e+01   3.0835623e+01   1.1106602e+01   5.0843818e+01   2.7702941e+01   3.2922986e+01   7.2341840e+01   5.2868884e+01   1.9955076e+01   5.5658861e+01   1.0117692e+01   6.3717877e+01   0.0000000e+00   4.9123554e+01   5.7578893e+01   4.8301674e+01   4.2192325e+01   6.4331810e+01   4.9655366e+01   1.5416434e+01   7.6490131e+01   3.3275753e+01   2.9568884e+01   4.3526155e+01   3.1884710e+01   6.5061986e+01   5.3059490e+01   4.8212682e+01   2.5995098e+01   5.1135956e+01   4.9576471e+01   5.1607729e+01   7.6652807e+01   4.9041220e+01   2.1018285e+01   3.0495098e+00   2.8432955e+01   3.3245229e+01   4.6502717e+01   1.1011898e+01   3.0603986e+01   4.4616324e+01   7.8064489e+01   6.7479474e+01   7.9774838e+01   3.0649627e+01   6.6549224e+01   1.2520815e+01   5.5611251e+01   1.3000000e+01   5.0010100e+01   5.1490195e+01   1.6180340e+00   4.8259816e+01   6.5201236e+01   6.8562471e+01   1.8191806e+01   1.8191806e+01   5.4520829e+01   4.9896356e+01   3.2347292e+01   3.9310437e+01
  2.5615528e+00   2.0025624e+01   3.0504166e+01   3.1386890e+01   2.8859302e+01   3.4883862e+01   2.1819006e+01   3.0470819e+01   2.3027756e+00   2.8942925e+01   3.5213110e+01   3.9003247e+01   2.2092823e+01   3.5614100e+01   3.6294553e+01   2.7018861e+01   1.6763456e+01   2.5198178e+01   2.8682441e+01   3.5606979e+01   4.5293973e+01   2.9847061e+01   4.8627435e+01   3.3057641e+01   4.0214607e+01   3.6235137e+01   3.0206902e+01   3.0583218e+01   4.8783020e+01   2.6905492e+01   4.0531238e+01   6.0404090e+01   2.3909400e+01   2.8072631e+01   5.1097722e+00   2.4552027e+01   1.2541595e+01   2.7379360e+01   1.8234148e+01   3.7500000e+01   3.8401187e+01   4.6197374e+01   2.2208293e+01   2.2231314e+01   2.8365750e+01   2.9731832e+01   4.2752219e+01   3.4723530e+01   2.0803941e+01   4.6513585e+01   6.4501953e+01   4.9123554e+01   0.0000000e+00   2.6715453e+01   1.2675796e+01   2.1006097e+01   1.8700275e+01   1.8234148e+01   3.5503571e+01   2.9624732e+01   3.1094117e+01   2.1242469e+01   2.3521729e+01   3.0835623e+01   6.4613181e+01   4.1987950e+01   1.8534689e+01   2.4691941e+01   5.6627088e+01   4.2526777e+01   3.0000000e+00   3.0516662e+01   3.4624771e+01   3.0067719e+01   5.0851266e+01   2.3061028e+01   3.9332976e+01   1.8939089e+01   4.9359492e+01   4.0381073e+01   1.1500000e+01   3.1884710e+01   2.1772047e+01   3.3865401e+01   3.9885911e+01   6.5548059e+01   4.7820714e+01   3.1370698e+01   3.7923255e+01   1.9006756e+01   4.1417600e+01   4.8520829e+01   9.5138782e+00   6.5403775e+01   2.7615494e+01   3.2628648e+01   3.2079265e+01   2.9135642e+01   2.0000000e+00   3.0913813e+01   1.9473666e+01
  2.8113403e+01   4.6200109e+01   7.2082039e+00   4.9000000e+01   5.1101383e+01   6.0641500e+01   8.6394103e+00   5.5990195e+00   2.7425824e+01   5.1000000e+01   6.1008264e+01   6.4494140e+01   4.8212682e+01   4.9431074e+01   4.8442674e+01   1.7263055e+01   4.2823162e+01   2.5615528e+00   4.2099279e+01   5.7370467e+01   5.3085644e+01   2.1392582e+01   5.6182134e+01   5.4954109e+01   6.1794372e+01   5.0612374e+01   5.1541650e+01   4.4763416e+01   6.2584620e+01   4.2559482e+01   6.1771935e+01   8.5765761e+01   4.4559619e+01   5.1195167e+01   2.5329418e+01   4.4977522e+01   1.7418924e+01   2.0630822e+01   4.4103326e+01   5.1394499e+01   5.9536006e+01   5.9478810e+01   4.8400939e+01   3.7836309e+01   5.0322184e+01   5.1217354e+01   6.8385934e+01   5.1121142e+01   6.5415230e+00   5.9360003e+01   8.9732841e+01   5.7578893e+01   2.6715453e+01   0.0000000e+00   1.5366069e+01   1.6032225e+01   3.9927148e+01   1.0361541e+01   4.8754533e+01   4.6024719e+01   5.3237558e+01   3.8983763e+01   1.4580128e+01   5.2471146e+01   9.0005586e+01   6.7690029e+01   4.4619157e+01   4.0996913e+01   8.0712219e+01   6.7734664e+01   2.6919690e+01   4.8000000e+01   6.0259936e+01   4.5143029e+01   5.8262445e+01   4.1012344e+01   6.1156822e+01   4.4808577e+01   6.2342542e+01   6.1321460e+01   1.8809833e+01   4.9010308e+01   4.2012046e+01   5.1022272e+01   6.0873835e+01   9.1034524e+01   6.1594190e+01   7.3007353e+00   5.0492499e+01   4.5201790e+01   6.6968037e+01   5.6609268e+01   1.8191806e+01   9.0739958e+01   5.0584928e+01   4.6597722e+01   4.5411023e+01   5.9083269e+00   2.7959060e+01   5.2723079e+01   4.3456373e+01
  1.4446326e+01   3.1716983e+01   1.8388544e+01   4.0540604e+01   4.0003164e+01   4.5843136e+01   1.3158989e+01   1.8527756e+01   1.3841664e+01   4.0012656e+01   4.6219252e+01   4.9645193e+01   3.3643627e+01   3.7503378e+01   3.7167424e+01   1.6311388e+01   2.8235356e+01   1.3586252e+01   3.0004237e+01   4.3000000e+01   4.3988504e+01   1.9955076e+01   4.7302778e+01   4.0528115e+01   4.7510637e+01   3.8503289e+01   3.7204904e+01   3.2503906e+01   5.1022272e+01   2.9654759e+01   4.7577064e+01   7.0900639e+01   3.4237961e+01   3.9551248e+01   1.3009996e+01   3.4796501e+01   3.5413813e+00   1.7740940e+01   2.9400692e+01   3.9503205e+01   4.5346962e+01   4.8065744e+01   3.3943983e+01   2.4686773e+01   3.5830582e+01   4.0578049e+01   5.3551861e+01   3.8269035e+01   1.0117692e+01   4.8128773e+01   7.4867332e+01   4.8301674e+01   1.2675796e+01   1.5366069e+01   0.0000000e+00   1.0562306e+01   2.9109439e+01   6.0901699e+00   3.7030809e+01   3.8136419e+01   3.8739378e+01   2.5238634e+01   1.2384864e+01   3.8076588e+01   7.5140807e+01   5.2868884e+01   3.0038111e+01   2.7794688e+01   6.5959911e+01   5.2868884e+01   1.3652946e+01   3.9580046e+01   4.5436066e+01   3.2562439e+01   4.9515304e+01   2.7300187e+01   4.6806047e+01   3.0101520e+01   5.1121142e+01   4.7203854e+01   4.5311289e+00   4.0826790e+01   3.1824910e+01   4.2885139e+01   4.6738512e+01   7.6173641e+01   5.0022722e+01   1.9294946e+01   3.9116706e+01   3.0769622e+01   5.2123638e+01   4.7481379e+01   3.6622777e+00   7.5874067e+01   3.9029210e+01   3.4500000e+01   3.3515148e+01   1.7060495e+01   1.4101471e+01   3.8292195e+01   2.8611386e+01
  2.3022211e+01   3.7973324e+01   1.4826549e+01   5.0464988e+01   4.9257051e+01   5.0492499e+01   1.8884776e+01   1.6192355e+01   2.2551077e+01   4.9310859e+01   5.0923209e+01   5.3754108e+01   3.9592838e+01   3.4093154e+01   3.2969216e+01   6.5207973e+00   3.4337849e+01   1.4009256e+01   2.6905492e+01   4.3916587e+01   3.7715588e+01   9.8941471e+00   4.0876354e+01   4.1664305e+01   4.8105147e+01   3.5320971e+01   3.8143060e+01   2.9594673e+01   4.7107403e+01   2.7780946e+01   4.7934165e+01   7.4378278e+01   4.3841666e+01   4.8565060e+01   2.2573740e+01   4.4431765e+01   9.1313383e+00   7.7111026e+00   3.5039832e+01   3.6031676e+01   4.5721676e+01   4.3988504e+01   4.0189419e+01   2.3396506e+01   3.7296739e+01   4.9997475e+01   5.7773467e+01   3.6154593e+01   1.4256816e+01   4.3850317e+01   7.8109600e+01   4.2192325e+01   2.1006097e+01   1.6032225e+01   1.0562306e+01   0.0000000e+00   3.8647739e+01   8.5622577e+00   3.3367157e+01   4.8136646e+01   4.0154760e+01   2.5101829e+01   3.4154759e+00   3.9168463e+01   7.8602497e+01   5.7220807e+01   3.6084407e+01   2.6485573e+01   6.8074033e+01   5.6502232e+01   2.2641590e+01   4.9515304e+01   4.9896356e+01   3.0118406e+01   4.3000000e+01   2.7004717e+01   4.7600955e+01   3.5692329e+01   4.6827638e+01   4.7372167e+01   1.0013149e+01   5.0784192e+01   4.1500000e+01   5.2837845e+01   4.6956969e+01   7.9760646e+01   4.6120719e+01   1.5943445e+01   3.5025353e+01   3.7187873e+01   5.6251682e+01   4.1249233e+01   1.3000000e+01   7.9246428e+01   4.8094643e+01   3.1342341e+01   3.0101520e+01   1.4156500e+01   2.2505681e+01   3.9493589e+01   3.2256889e+01
  1.6655494e+01   1.9604973e+01   4.5338599e+01   1.3624405e+01   1.1680340e+01   3.3462099e+01   3.2597508e+01   4.4641817e+01   1.6946884e+01   1.1601802e+01   3.3549206e+01   3.8066608e+01   2.1523796e+01   4.9502551e+01   5.0947993e+01   4.4641817e+01   1.9321530e+01   3.9051913e+01   4.3685646e+01   4.2823162e+01   6.0983469e+01   4.7796934e+01   6.4202433e+01   4.0540604e+01   4.6981179e+01   4.9736673e+01   3.8948017e+01   4.4932533e+01   6.1401560e+01   4.1027768e+01   4.7683154e+01   5.7912978e+01   5.7201533e+00   1.1923660e+01   1.6624515e+01   6.3523500e+00   3.0016944e+01   4.5369255e+01   2.1242469e+01   5.1128549e+01   4.5978017e+01   5.9330264e+01   2.0500000e+01   3.7276351e+01   3.6724991e+01   1.2000000e+01   4.0761644e+01   4.7147615e+01   3.4041020e+01   5.9863288e+01   6.2184682e+01   6.4331810e+01   1.8700275e+01   3.9927148e+01   2.9109439e+01   3.8647739e+01   0.0000000e+00   3.4000000e+01   4.9703658e+01   1.2706556e+01   3.8621516e+01   3.5263487e+01   4.0876354e+01   3.9081083e+01   6.1780095e+01   3.9793765e+01   1.9916488e+01   3.8847099e+01   5.7635803e+01   4.2093269e+01   1.6640012e+01   1.2879418e+01   3.3805405e+01   4.4002873e+01   6.6355903e+01   3.6503472e+01   4.5900991e+01   2.1600948e+01   6.2411227e+01   4.7915715e+01   2.9244565e+01   1.4293114e+01   3.7015621e+00   1.6120499e+01   4.7430800e+01   6.2346584e+01   6.0533324e+01   4.5967021e+01   5.2203482e+01   1.8672782e+01   3.9927148e+01   6.3905441e+01   2.6239075e+01   6.2711333e+01   1.1270330e+01   4.6808746e+01   4.6657340e+01   4.3850317e+01   1.7307736e+01   3.8921999e+01   2.7356098e+01
  1.9948650e+01   3.7286546e+01   1.2798374e+01   4.4822680e+01   4.5044921e+01   5.1266623e+01   1.0940307e+01   1.3000000e+01   1.9321530e+01   4.5025274e+01   5.1651735e+01   5.4988531e+01   3.9194315e+01   4.0255503e+01   3.9528835e+01   1.3000000e+01   3.3786634e+01   8.4056942e+00   3.2814857e+01   4.7510637e+01   4.5221360e+01   1.7150826e+01   4.8450495e+01   4.5092600e+01   5.1941715e+01   4.1371751e+01   4.1682521e+01   3.5435655e+01   5.3615440e+01   3.3000000e+01   5.1929563e+01   7.6163730e+01   3.9029210e+01   4.4729515e+01   1.8113915e+01   3.9551248e+01   7.6063352e+00   1.5366069e+01   3.4909301e+01   4.2243263e+01   4.9693496e+01   5.0562461e+01   3.9516022e+01   2.8181221e+01   4.0462482e+01   4.5500000e+01   5.8923026e+01   4.1612650e+01   6.5207973e+00   5.0522495e+01   8.0088002e+01   4.9655366e+01   1.8234148e+01   1.0361541e+01   6.0901699e+00   8.5622577e+00   3.4000000e+01   0.0000000e+00   3.9656736e+01   4.2216304e+01   4.3377733e+01   2.9192333e+01   9.0146932e+00   4.2609975e+01   8.0406195e+01   5.8260280e+01   3.5589172e+01   3.1342341e+01   7.0900639e+01   5.8130287e+01   1.9053975e+01   4.3841666e+01   5.0828918e+01   3.5702983e+01   5.0612374e+01   3.1232719e+01   5.1298622e+01   3.5606979e+01   5.3521222e+01   5.1490195e+01   9.0146932e+00   4.5025274e+01   3.6555513e+01   4.7085942e+01   5.1039588e+01   8.1464498e+01   5.2617655e+01   1.3709845e+01   4.1548752e+01   3.6346897e+01   5.7475872e+01   4.8754533e+01   9.2321246e+00   8.1122577e+01   4.4183521e+01   3.7340874e+01   3.6224641e+01   1.1477249e+01   1.9637659e+01   4.2861539e+01   3.3764095e+01
  3.6749138e+01   3.4909301e+01   4.7302778e+01   6.2598712e+01   5.5726805e+01   3.6590165e+01   4.9502551e+01   4.8920037e+01   3.7003424e+01   5.6063027e+01   3.7082099e+01   3.7054753e+01   3.4632096e+01   1.6180340e+00   2.5000000e+00   3.4770979e+01   3.2768406e+01   4.6697944e+01   7.5710678e+00   2.0102296e+01   1.3039936e+01   3.2749031e+01   1.5764338e+01   1.9506578e+01   2.2005813e+01   3.0000000e+00   1.7270510e+01   5.4244289e+00   1.4500000e+01   9.2464278e+00   2.1218349e+01   5.2222819e+01   5.4028030e+01   5.3702444e+01   4.0060081e+01   5.4733292e+01   3.4014922e+01   3.1584562e+01   3.1504032e+01   3.1925824e+00   1.9663768e+01   1.1545361e+01   3.6010562e+01   1.3785330e+01   1.8700275e+01   5.7449539e+01   4.0500000e+01   6.5827625e+00   4.5599889e+01   1.1680340e+01   5.4924259e+01   1.5416434e+01   3.5503571e+01   4.8754533e+01   3.7030809e+01   3.3367157e+01   4.9703658e+01   3.9656736e+01   0.0000000e+00   6.1900326e+01   1.9663768e+01   1.5077380e+01   3.5460692e+01   1.8177670e+01   5.6000000e+01   4.0512498e+01   3.3302439e+01   1.1477249e+01   4.2790661e+01   3.7554015e+01   3.7923255e+01   6.1959336e+01   3.5517853e+01   6.2008771e+00   1.7704651e+01   1.3700379e+01   2.2208293e+01   3.1600643e+01   1.4642136e+01   2.0280040e+01   3.3061480e+01   6.3366923e+01   5.2818735e+01   6.5036811e+01   2.0108672e+01   5.7420998e+01   1.3500000e+01   4.8408767e+01   3.0000000e+00   3.5101301e+01   3.9003247e+01   1.5205441e+01   3.6284075e+01   5.6332338e+01   5.3650729e+01   3.4154759e+00   4.0355339e+00   4.6860004e+01   3.6087919e+01   1.8672782e+01   2.4400837e+01
  2.7702941e+01   3.0864453e+01   5.2196228e+01   3.8541020e+00   1.3149111e+01   4.3026462e+01   3.8000000e+01   5.1061843e+01   2.7822152e+01   1.2675796e+01   4.3011763e+01   4.7502659e+01   3.2515621e+01   6.1706617e+01   6.3125873e+01   5.3946235e+01   3.1163496e+01   4.5635906e+01   5.5817267e+01   5.4418921e+01   7.3082711e+01   5.7508771e+01   7.6322160e+01   5.2232485e+01   5.8400777e+01   6.1943063e+01   5.0861195e+01   5.7114927e+01   7.3561618e+01   5.3211479e+01   5.9170691e+01   6.5709278e+01   9.2321246e+00   1.5416434e+01   2.6442244e+01   8.6394103e+00   3.9695025e+01   5.5192321e+01   3.3000000e+01   6.3335102e+01   5.7581083e+01   7.1521124e+01   3.1305844e+01   4.9372283e+01   4.8627435e+01   1.1465856e+01   4.9591751e+01   5.9330264e+01   4.0699502e+01   7.2061163e+01   6.9926220e+01   7.6490131e+01   2.9624732e+01   4.6024719e+01   3.8136419e+01   4.8136646e+01   1.2706556e+01   4.2216304e+01   6.1900326e+01   0.0000000e+00   5.0362310e+01   4.7430800e+01   4.9989898e+01   5.0923209e+01   6.9269543e+01   4.8593659e+01   3.1516125e+01   5.1022272e+01   6.7016915e+01   5.1500000e+01   2.7267518e+01   3.0000000e+00   4.3572613e+01   5.6200090e+01   7.8487178e+01   4.8700104e+01   5.7300088e+01   3.3275753e+01   7.4594534e+01   5.9476690e+01   3.9194315e+01   3.5413813e+00   9.6787799e+00   5.5000000e+00   5.9002137e+01   6.9623079e+01   7.2701108e+01   5.2617655e+01   6.4400313e+01   3.0067719e+01   4.9023190e+01   7.6046343e+01   3.5692329e+01   7.0244175e+01   1.4817821e+01   5.9002137e+01   5.8830952e+01   5.0702092e+01   2.8401613e+01   5.0731962e+01   3.9413365e+01
  3.1261177e+01   2.0178669e+01   5.4223831e+01   5.0158836e+01   4.1417600e+01   1.7477927e+01   5.0923209e+01   5.5201463e+01   3.1824910e+01   4.1840053e+01   1.7964249e+01   1.8007141e+01   1.8945867e+01   1.8748288e+01   2.1648286e+01   4.4057433e+01   1.9800259e+01   5.1274009e+01   1.9053975e+01   5.0276926e+00   3.1908598e+01   4.3804157e+01   3.4178628e+01   2.5000000e+00   9.6241438e+00   1.7964249e+01   3.0495098e+00   1.7617243e+01   2.5664459e+01   1.5837862e+01   1.0013149e+01   3.5663902e+01   4.1731056e+01   3.9051913e+01   3.5360436e+01   4.2386752e+01   3.6346897e+01   4.1809805e+01   1.7892527e+01   1.9181542e+01   8.0166482e+00   2.4629857e+01   2.0330532e+01   1.8113915e+01   3.4154759e+00   4.3377733e+01   2.1648286e+01   1.3962912e+01   4.8356556e+01   2.5464975e+01   3.9051913e+01   3.3275753e+01   3.1094117e+01   5.3237558e+01   3.8739378e+01   4.0154760e+01   3.8621516e+01   4.3377733e+01   1.9663768e+01   5.0362310e+01   0.0000000e+00   1.5739751e+01   4.2949971e+01   2.0000000e+00   3.9774674e+01   2.1553503e+01   1.9348077e+01   1.5706906e+01   2.8432955e+01   1.9053975e+01   3.2814857e+01   4.9744289e+01   1.6390249e+01   1.6128500e+01   3.5788100e+01   1.4101471e+01   8.7462113e+00   1.7588007e+01   2.7206741e+01   1.0013149e+01   3.4981879e+01   5.1066788e+01   4.1298284e+01   5.2377259e+01   9.5138782e+00   4.1061681e+01   2.5020400e+01   5.5317880e+01   2.1488092e+01   2.0859273e+01   2.0102296e+01   3.3393768e+01   3.6545111e+01   4.0305778e+01   3.9194315e+01   1.8000000e+01   1.9027007e+01   5.3301515e+01   3.0835623e+01   1.5000000e+00   1.2500000e+01
  2.2328880e+01   2.2328880e+01   3.9332976e+01   4.8262433e+01   4.2003012e+01   2.9135642e+01   3.7866429e+01   4.0462482e+01   2.2635944e+01   4.2300120e+01   2.9624732e+01   3.1342341e+01   2.2692341e+01   1.5034442e+01   1.6200318e+01   2.8819605e+01   1.9506578e+01   3.6958881e+01   9.0146932e+00   1.9321530e+01   2.6331183e+01   2.8651377e+01   2.9491378e+01   1.7120770e+01   2.3521729e+01   1.5541609e+01   1.3586252e+01   1.0208244e+01   2.8040879e+01   6.3309519e+00   2.3396506e+01   5.0702092e+01   3.9746019e+01   4.0161064e+01   2.5847584e+01   4.0453098e+01   2.2482948e+01   2.6600766e+01   1.8700275e+01   1.6847783e+01   2.1170027e+01   2.5489998e+01   2.3920077e+01   3.5000000e+00   1.3000000e+01   4.3607424e+01   3.5320971e+01   1.4083078e+01   3.4654063e+01   2.5847584e+01   5.4207541e+01   2.9568884e+01   2.1242469e+01   3.8983763e+01   2.5238634e+01   2.5101829e+01   3.5263487e+01   2.9192333e+01   1.5077380e+01   4.7430800e+01   1.5739751e+01   0.0000000e+00   2.7835874e+01   1.4642136e+01   5.4862211e+01   3.4974628e+01   2.0462465e+01   4.1055513e+00   4.3639309e+01   3.3370960e+01   2.3586793e+01   4.7587684e+01   2.8271388e+01   9.4442719e+00   3.1620733e+01   2.5615528e+00   2.3000000e+01   1.9000000e+01   2.8651377e+01   2.2888613e+01   2.1242469e+01   4.9000000e+01   3.8411080e+01   5.0724496e+01   2.2454498e+01   5.6110251e+01   2.7080068e+01   4.0440581e+01   1.7566048e+01   2.2231314e+01   3.3741540e+01   2.9157460e+01   2.3694827e+01   5.5429500e+01   4.0028471e+01   1.2161904e+01   1.1901754e+01   3.8503289e+01   2.1689620e+01   1.5000000e+01   1.2172618e+01
  2.5505000e+01   4.0826790e+01   1.2384864e+01   5.2423020e+01   5.1619957e+01   5.3407939e+01   1.8679659e+01   1.3962912e+01   2.5000000e+01   5.1656622e+01   5.3838541e+01   5.6664936e+01   4.2467249e+01   3.6235137e+01   3.4941980e+01   4.5311289e+00   3.7194686e+01   1.2665525e+01   2.9192333e+01   4.6657340e+01   3.9029210e+01   8.6394103e+00   4.2108292e+01   4.4431765e+01   5.0801590e+01   3.7500000e+01   4.0904208e+01   3.1884710e+01   4.9041220e+01   3.0269951e+01   5.0604890e+01   7.7262621e+01   4.6041190e+01   5.1009900e+01   2.4753866e+01   4.6613989e+01   1.1500000e+01   7.0192024e+00   3.7923255e+01   3.8143060e+01   4.8400939e+01   4.5900991e+01   4.3047033e+01   2.6019600e+01   4.0104293e+01   5.2292857e+01   6.0685131e+01   3.8529594e+01   1.3962912e+01   4.5713383e+01   8.0981364e+01   4.3526155e+01   2.3521729e+01   1.4580128e+01   1.2384864e+01   3.4154759e+00   4.0876354e+01   9.0146932e+00   3.5460692e+01   4.9989898e+01   4.2949971e+01   2.7835874e+01   0.0000000e+00   4.1939715e+01   8.1484566e+01   6.0134302e+01   3.8948017e+01   2.9070089e+01   7.0879329e+01   5.9400340e+01   2.5020400e+01   5.1460769e+01   5.2811567e+01   3.2488279e+01   4.4183521e+01   2.9706164e+01   5.0319675e+01   3.8578866e+01   4.8668973e+01   5.0022722e+01   1.2541595e+01   5.2701533e+01   4.3656691e+01   5.4760944e+01   4.9614662e+01   8.2647733e+01   4.8063116e+01   1.3500000e+01   3.7003424e+01   4.0028471e+01   5.9162168e+01   4.2547592e+01   1.5137281e+01   8.2124139e+01   5.0522495e+01   3.3564331e+01   3.2284430e+01   1.1901754e+01   2.5020400e+01   4.2273197e+01   3.5169872e+01
  3.1102287e+01   2.0908332e+01   5.3301515e+01   5.0811529e+01   4.2243263e+01   1.8939089e+01   5.0362310e+01   5.4323787e+01   3.1644823e+01   4.2657443e+01   1.9427493e+01   1.9506578e+01   1.9800259e+01   1.7270510e+01   2.0159603e+01   4.2949971e+01   2.0280040e+01   5.0492499e+01   1.7602631e+01   5.4244289e+00   3.0454132e+01   4.2601069e+01   3.2756782e+01   3.0000000e+00   9.9868330e+00   1.6507811e+01   1.6180340e+00   1.6128500e+01   2.4552027e+01   1.4428388e+01   1.0208244e+01   3.6972592e+01   4.2335989e+01   3.9908121e+01   3.5177082e+01   4.3000000e+01   3.5617659e+01   4.0640379e+01   1.8423448e+01   1.7740940e+01   8.0663730e+00   2.3401965e+01   2.1200242e+01   1.6901219e+01   3.0000000e+00   4.4183521e+01   2.3138463e+01   1.2520815e+01   4.7685803e+01   2.4217082e+01   4.0305778e+01   3.1884710e+01   3.0835623e+01   5.2471146e+01   3.8076588e+01   3.9168463e+01   3.9081083e+01   4.2609975e+01   1.8177670e+01   5.0923209e+01   2.0000000e+00   1.4642136e+01   4.1939715e+01   0.0000000e+00   4.1061681e+01   2.3049945e+01   1.9955076e+01   1.4392444e+01   2.9500000e+01   2.0512496e+01   3.2640317e+01   5.0372337e+01   1.7856555e+01   1.4642136e+01   3.4389526e+01   1.2919742e+01   9.2321246e+00   1.8170597e+01   2.6044080e+01   1.0052487e+01   3.4267588e+01   5.1707910e+01   4.1818882e+01   5.3059490e+01   9.5553851e+00   4.2362871e+01   2.3877339e+01   5.4400371e+01   2.0025624e+01   2.1529741e+01   2.1595023e+01   3.1984123e+01   3.5968296e+01   4.1576149e+01   4.0028471e+01   1.6500000e+01   1.7529386e+01   5.2406165e+01   3.0649627e+01   1.0000000e+00   1.2593387e+01
  6.3802844e+01   4.5713383e+01   9.2125597e+01   6.7182082e+01   5.6689412e+01   3.0320295e+01   8.5928333e+01   9.2783530e+01   6.4501953e+01   5.7178920e+01   3.0038111e+01   2.6112497e+01   4.3491278e+01   5.4892095e+01   5.7895557e+01   8.3000000e+01   4.8510416e+01   8.8206898e+01   5.7747271e+01   3.7174242e+01   6.5806967e+01   8.3012120e+01   6.6758962e+01   3.8768786e+01   3.4503676e+01   5.3627206e+01   4.2177332e+01   5.5785622e+01   5.3152160e+01   5.4853013e+01   3.5285054e+01   4.7426407e+00   6.1561444e+01   5.4353969e+01   6.7636056e+01   6.1900326e+01   7.3331998e+01   8.0948741e+01   4.6900431e+01   5.4281967e+01   3.6900549e+01   5.4456001e+01   4.3804157e+01   5.7370467e+01   4.2380783e+01   5.8551701e+01   2.2414607e+01   5.0010100e+01   8.4459812e+01   5.5447702e+01   2.3027756e+00   6.5061986e+01   6.4613181e+01   9.0005586e+01   7.5140807e+01   7.8602497e+01   6.1780095e+01   8.0406195e+01   5.6000000e+01   6.9269543e+01   3.9774674e+01   5.4862211e+01   8.1484566e+01   4.1061681e+01   0.0000000e+00   2.3243131e+01   4.6827638e+01   5.4954109e+01   1.4508926e+01   2.2776669e+01   6.5309336e+01   6.7376752e+01   3.0500000e+01   5.4418921e+01   6.7479474e+01   5.3344110e+01   3.4389526e+01   4.6200109e+01   5.5146592e+01   3.6235137e+01   7.1917785e+01   6.8164614e+01   6.2797673e+01   6.8317771e+01   3.6392200e+01   2.0000000e+00   5.3237558e+01   9.3174160e+01   5.6820511e+01   4.6824939e+01   2.3700216e+01   6.5695859e+01   7.2376630e+01   1.5000000e+00   5.4954109e+01   5.5465899e+01   5.6769441e+01   9.1034524e+01   6.3700079e+01   4.0631035e+01   4.7174404e+01
  4.1107881e+01   2.2972205e+01   7.0231628e+01   4.7000000e+01   3.6513886e+01   7.6063352e+00   6.3303264e+01   7.0731759e+01   4.1809805e+01   3.7013696e+01   7.3007353e+00   4.1400549e+00   2.0748457e+01   3.9528835e+01   4.2511903e+01   6.2083277e+01   2.5803162e+01   6.5954182e+01   3.9958839e+01   2.1218349e+01   5.2348337e+01   6.2669124e+01   5.4258720e+01   2.1505952e+01   2.1392582e+01   3.8582148e+01   2.4084953e+01   3.8660844e+01   4.3220019e+01   3.6590165e+01   2.2505681e+01   1.9107794e+01   4.0315198e+01   3.4003731e+01   4.4907207e+01   4.0752329e+01   5.1266623e+01   6.0427039e+01   2.4253947e+01   3.9656736e+01   2.2821514e+01   4.3220019e+01   2.1091260e+01   3.7816216e+01   2.3352790e+01   3.8529594e+01   1.5000000e+00   3.4558773e+01   6.2022354e+01   4.4180659e+01   2.3325424e+01   5.3059490e+01   4.1987950e+01   6.7690029e+01   5.2868884e+01   5.7220807e+01   3.9793765e+01   5.8260280e+01   4.0512498e+01   4.8593659e+01   2.1553503e+01   3.4974628e+01   6.0134302e+01   2.3049945e+01   2.3243131e+01   0.0000000e+00   2.4100847e+01   3.6031676e+01   1.9060711e+01   4.7426407e+00   4.2601069e+01   4.7010751e+01   7.9330344e+00   3.7167424e+01   5.5608983e+01   3.3880383e+01   2.0581086e+01   2.3548861e+01   4.5098206e+01   2.3440139e+01   4.9858383e+01   4.8000000e+01   4.1197051e+01   4.8541649e+01   2.3270595e+01   2.4100847e+01   4.2879240e+01   7.1247791e+01   4.2108292e+01   2.4084953e+01   2.0811388e+00   5.3360666e+01   5.0002525e+01   2.4084953e+01   3.4500000e+01   3.9029210e+01   4.0079035e+01   6.9065662e+01   4.1027768e+01   2.2551077e+01   2.5464975e+01
  1.7529386e+01   2.5000000e+00   4.7833920e+01   3.1358548e+01   2.3171568e+01   1.7007574e+01   3.9784221e+01   4.8065744e+01   1.8234148e+01   2.3548861e+01   1.7300298e+01   2.1338666e+01   4.1055513e+00   3.2830326e+01   3.4909301e+01   4.1640005e+01   2.3027756e+00   4.3000000e+01   2.8678006e+01   2.3440139e+01   4.5569391e+01   4.3255117e+01   4.8510416e+01   2.1218349e+01   2.7564737e+01   3.2721887e+01   1.9974342e+01   2.9070089e+01   4.3301869e+01   2.5369660e+01   2.8271388e+01   4.2657443e+01   2.2888613e+01   2.1006097e+01   2.1308652e+01   2.3548861e+01   2.8912145e+01   4.0801985e+01   2.3027756e+00   3.4134060e+01   2.6600766e+01   4.1609610e+01   4.6231056e+00   2.3270595e+01   1.7740940e+01   2.5020400e+01   2.4913111e+01   2.9500000e+01   3.8788379e+01   4.2273197e+01   4.6824939e+01   4.8212682e+01   1.8534689e+01   4.4619157e+01   3.0038111e+01   3.6084407e+01   1.9916488e+01   3.5589172e+01   3.3302439e+01   3.1516125e+01   1.9348077e+01   2.0462465e+01   3.8948017e+01   1.9955076e+01   4.6827638e+01   2.4100847e+01   0.0000000e+00   2.3532586e+01   4.0028471e+01   2.5096748e+01   1.9006756e+01   3.0917922e+01   1.6878339e+01   2.7822152e+01   5.0500000e+01   2.0853132e+01   2.6485573e+01   2.3027756e+00   4.4545431e+01   2.8522313e+01   2.7560118e+01   3.2252953e+01   2.2482948e+01   3.3620990e+01   2.8040879e+01   4.7701695e+01   4.2511903e+01   4.8783020e+01   3.5717183e+01   2.3027756e+00   2.3662470e+01   4.8000000e+01   2.7004717e+01   4.7651352e+01   2.1018285e+01   3.0608138e+01   3.0872685e+01   4.6557030e+01   1.7485288e+01   1.9741881e+01   9.4022469e+00
  2.5847584e+01   2.5329418e+01   4.0811289e+01   5.1824945e+01   4.5405456e+01   3.0649627e+01   4.0453098e+01   4.2093269e+01   2.6132011e+01   4.5713383e+01   3.1147186e+01   3.2394357e+01   2.5489998e+01   1.1465856e+01   1.2603718e+01   2.9568884e+01   2.2709232e+01   3.8948017e+01   5.6478151e+00   1.8617671e+01   2.2843903e+01   2.8863709e+01   2.5965663e+01   1.6724981e+01   2.2431712e+01   1.2043396e+01   1.3276932e+01   6.6032778e+00   2.4635037e+01   2.7360680e+00   2.2139085e+01   5.0861195e+01   4.3293107e+01   4.3511626e+01   2.9283676e+01   4.4000000e+01   2.4918231e+01   2.7018861e+01   2.1742646e+01   1.3316006e+01   1.9974342e+01   2.2005813e+01   2.6777367e+01   3.6622777e+00   1.3316006e+01   4.7042991e+01   3.6284075e+01   1.1011898e+01   3.7003424e+01   2.2328880e+01   5.4188919e+01   2.5995098e+01   2.4691941e+01   4.0996913e+01   2.7794688e+01   2.6485573e+01   3.8847099e+01   3.1342341e+01   1.1477249e+01   5.1022272e+01   1.5706906e+01   4.1055513e+00   2.9070089e+01   1.4392444e+01   5.4954109e+01   3.6031676e+01   2.3532586e+01   0.0000000e+00   4.3138011e+01   3.4033565e+01   2.7070661e+01   5.1158168e+01   2.9710443e+01   5.8851648e+00   2.8077164e+01   3.1925824e+00   2.2069655e+01   2.1976732e+01   2.5167793e+01   2.1505952e+01   2.3764780e+01   5.2569665e+01   4.1987950e+01   5.4281967e+01   2.1115528e+01   5.6253924e+01   2.3662470e+01   4.1927648e+01   1.3962912e+01   2.5324383e+01   3.4705263e+01   2.5604780e+01   2.6519224e+01   5.5465899e+01   4.3401049e+01   8.5622577e+00   8.3102497e+00   4.0088508e+01   2.5198178e+01   1.4826549e+01   1.4896180e+01
  5.6200090e+01   3.9442265e+01   8.2065924e+01   6.5517305e+01   5.5057309e+01   2.4686773e+01   7.7592477e+01   8.2962113e+01   5.6864883e+01   5.5556789e+01   2.4629857e+01   2.0102296e+01   3.7249150e+01   4.1673414e+01   4.4619157e+01   7.1949283e+01   4.1466450e+01   7.8802299e+01   4.5293973e+01   2.5020400e+01   5.2038820e+01   7.1496479e+01   5.2868884e+01   2.7037709e+01   2.1595023e+01   4.0352854e+01   3.0570750e+01   4.3117485e+01   3.9158764e+01   4.2701896e+01   2.2208293e+01   1.1780514e+01   5.8605507e+01   5.2538447e+01   6.0253661e+01   5.9076873e+01   6.3802844e+01   6.9595948e+01   3.9592838e+01   4.0888736e+01   2.4084953e+01   4.0531238e+01   3.7976659e+01   4.5843136e+01   3.1277427e+01   5.7079590e+01   1.8064168e+01   3.6948594e+01   7.5523330e+01   4.1518289e+01   1.3089678e+01   5.1135956e+01   5.6627088e+01   8.0712219e+01   6.5959911e+01   6.8074033e+01   5.7635803e+01   7.0900639e+01   4.2790661e+01   6.7016915e+01   2.8432955e+01   4.3639309e+01   7.0879329e+01   2.9500000e+01   1.4508926e+01   1.9060711e+01   4.0028471e+01   4.3138011e+01   0.0000000e+00   1.6072412e+01   5.7771284e+01   6.5501923e+01   2.4337995e+01   4.1840053e+01   5.3533009e+01   4.1903502e+01   2.1719095e+01   3.8948017e+01   4.1150953e+01   2.3088714e+01   6.2405169e+01   6.6517043e+01   5.9306887e+01   6.7092042e+01   2.3325424e+01   1.6008062e+01   3.9262095e+01   8.3151376e+01   4.3398135e+01   4.0540604e+01   1.8500000e+01   5.1795711e+01   6.3468246e+01   1.4580128e+01   5.3021424e+01   4.2559482e+01   4.3916587e+01   8.1099318e+01   5.5961698e+01   2.9140007e+01   3.7973324e+01
  4.1840053e+01   2.4269729e+01   6.9886598e+01   5.0090826e+01   3.9704592e+01   9.1313383e+00   6.3802844e+01   7.0517855e+01   4.2529751e+01   4.0202015e+01   9.0586214e+00   4.5311289e+00   2.2040659e+01   3.6531236e+01   3.9551248e+01   6.1101155e+01   2.6677280e+01   6.5931262e+01   3.7607951e+01   1.8000000e+01   4.9092695e+01   6.1401560e+01   5.0858713e+01   1.8672782e+01   1.7602631e+01   3.5503571e+01   2.1600948e+01   3.6098455e+01   3.9397301e+01   3.4360006e+01   1.8700275e+01   1.8534689e+01   4.3047033e+01   3.7167424e+01   4.5776926e+01   4.3526155e+01   5.1059371e+01   5.9238829e+01   2.4938699e+01   3.6503472e+01   1.9241665e+01   3.9551248e+01   2.2635944e+01   3.6087919e+01   2.1218349e+01   4.1746212e+01   4.1055513e+00   3.1516125e+01   6.2217096e+01   4.0524992e+01   2.2522716e+01   4.9576471e+01   4.2526777e+01   6.7734664e+01   5.2868884e+01   5.6502232e+01   4.2093269e+01   5.8130287e+01   3.7554015e+01   5.1500000e+01   1.9053975e+01   3.3370960e+01   5.9400340e+01   2.0512496e+01   2.2776669e+01   4.7426407e+00   2.5096748e+01   3.4033565e+01   1.6072412e+01   0.0000000e+00   4.3377733e+01   5.0040388e+01   8.8815273e+00   3.4624771e+01   5.2123638e+01   3.2079265e+01   1.6878339e+01   2.4253947e+01   4.1304412e+01   1.9663768e+01   4.9645193e+01   5.1089030e+01   4.3734824e+01   5.1744512e+01   1.9539433e+01   2.3845235e+01   3.9100518e+01   7.0929042e+01   3.9000000e+01   2.5384734e+01   3.4154759e+00   4.9929242e+01   5.0123583e+01   2.3505434e+01   3.7621422e+01   3.6284075e+01   3.7412058e+01   6.8780671e+01   4.1688591e+01   2.0025624e+01   2.4918231e+01
  2.0811388e+00   2.0311613e+01   3.1175723e+01   2.9122544e+01   2.7117663e+01   3.5500000e+01   2.1362646e+01   3.0963092e+01   1.5000000e+00   2.7169271e+01   3.5802266e+01   3.9746019e+01   2.2465883e+01   3.8013331e+01   3.8742646e+01   2.8660256e+01   1.7300298e+01   2.5544960e+01   3.1134947e+01   3.7340874e+01   4.7789005e+01   3.1684932e+01   5.1121142e+01   3.4796501e+01   4.1936699e+01   3.8608398e+01   3.2063428e+01   3.3000000e+01   5.1121142e+01   2.9292360e+01   4.2300120e+01   6.1123840e+01   2.1860009e+01   2.6500000e+01   3.0495098e+00   2.2482948e+01   1.4036986e+01   2.9244565e+01   1.8945867e+01   3.9885911e+01   4.0202015e+01   4.8567661e+01   2.2420310e+01   2.4666092e+01   3.0152150e+01   2.7872431e+01   4.3401049e+01   3.7003424e+01   2.0908332e+01   4.8899380e+01   6.5264960e+01   5.1607729e+01   3.0000000e+00   2.6919690e+01   1.3652946e+01   2.2641590e+01   1.6640012e+01   1.9053975e+01   3.7923255e+01   2.7267518e+01   3.2814857e+01   2.3586793e+01   2.5020400e+01   3.2640317e+01   6.5309336e+01   4.2601069e+01   1.9006756e+01   2.7070661e+01   5.7771284e+01   4.3377733e+01   0.0000000e+00   2.8235356e+01   3.5317381e+01   3.2453091e+01   5.3344110e+01   2.5364634e+01   4.1024684e+01   1.9637659e+01   5.1729874e+01   4.2192325e+01   1.3158989e+01   2.9590376e+01   1.9637659e+01   3.1588583e+01   4.1694660e+01   6.6200076e+01   5.0163870e+01   3.1984123e+01   4.0352854e+01   1.9241665e+01   4.2117304e+01   5.1009900e+01   1.0549876e+01   6.6122024e+01   2.6004901e+01   3.5039832e+01   3.4514703e+01   2.9761750e+01   2.5000000e+00   3.2690837e+01   2.1000000e+01
  2.8540150e+01   3.0118406e+01   5.4084046e+01   1.5000000e+00   1.1188779e+01   4.1649119e+01   4.0028471e+01   5.3009523e+01   2.8717902e+01   1.0698039e+01   4.1609610e+01   4.6068630e+01   3.1648836e+01   6.1720911e+01   6.3247510e+01   5.5383969e+01   3.0707615e+01   4.7542534e+01   5.6036024e+01   5.3702444e+01   7.3345727e+01   5.8854520e+01   7.6554257e+01   5.1578371e+01   5.7581083e+01   6.1900326e+01   5.0364817e+01   5.7227418e+01   7.3323417e+01   5.3322817e+01   5.8383504e+01   6.3875863e+01   8.5622577e+00   1.3586252e+01   2.7615494e+01   7.8824115e+00   4.0996913e+01   5.6504464e+01   3.2476554e+01   6.3301274e+01   5.6860447e+01   7.1367835e+01   3.0387288e+01   4.9645193e+01   4.8128773e+01   9.3600226e+00   4.8010525e+01   5.9162168e+01   4.2574339e+01   7.1937035e+01   6.8074033e+01   7.6652807e+01   3.0516662e+01   4.8000000e+01   3.9580046e+01   4.9515304e+01   1.2879418e+01   4.3841666e+01   6.1959336e+01   3.0000000e+00   4.9744289e+01   4.7587684e+01   5.1460769e+01   5.0372337e+01   6.7376752e+01   4.7010751e+01   3.0917922e+01   5.1158168e+01   6.5501923e+01   5.0040388e+01   2.8235356e+01   0.0000000e+00   4.2243263e+01   5.6260649e+01   7.8700064e+01   4.8770074e+01   5.6473208e+01   3.2702484e+01   7.4413801e+01   5.8728000e+01   4.0424930e+01   1.9142136e+00   9.6923882e+00   3.8541020e+00   5.8260280e+01   6.7695610e+01   7.2480900e+01   5.4537024e+01   6.4457017e+01   2.9387714e+01   4.7502659e+01   7.6242986e+01   3.7027387e+01   6.8356466e+01   1.3039936e+01   5.9076873e+01   5.8965802e+01   5.2586467e+01   2.9227165e+01   5.0158836e+01   3.9087563e+01
  3.3805405e+01   1.5935349e+01   6.2815728e+01   4.2362871e+01   3.2174122e+01   1.6180340e+00   5.5943665e+01   6.3303264e+01   3.4503676e+01   3.2663644e+01   2.0811388e+00   4.9721360e+00   1.3700379e+01   3.4624771e+01   3.7489863e+01   5.4853013e+01   1.8527756e+01   5.8521548e+01   3.4014922e+01   1.7500000e+01   4.7796934e+01   5.5584027e+01   5.0020198e+01   1.6946884e+01   1.9268324e+01   3.3854160e+01   1.8748288e+01   3.3034597e+01   4.0377939e+01   3.0537477e+01   2.0349433e+01   2.6306976e+01   3.5003623e+01   2.9624732e+01   3.7665172e+01   3.5514283e+01   4.3841666e+01   5.3301515e+01   1.6901219e+01   3.5061539e+01   1.9916488e+01   3.9860513e+01   1.4256816e+01   3.1196091e+01   1.7529386e+01   3.4234256e+01   8.6394103e+00   2.9847061e+01   5.4604066e+01   4.0764749e+01   3.0454132e+01   4.9041220e+01   3.4624771e+01   6.0259936e+01   4.5436066e+01   4.9896356e+01   3.3805405e+01   5.0828918e+01   3.5517853e+01   4.3572613e+01   1.6390249e+01   2.8271388e+01   5.2811567e+01   1.7856555e+01   3.0500000e+01   7.9330344e+00   1.6878339e+01   2.9710443e+01   2.4337995e+01   8.8815273e+00   3.5317381e+01   4.2243263e+01   0.0000000e+00   3.1536269e+01   5.1571029e+01   2.7379360e+01   1.8234148e+01   1.6200318e+01   4.2120308e+01   2.1115528e+01   4.2434473e+01   4.3354405e+01   3.5557096e+01   4.4149170e+01   2.0803941e+01   3.1423292e+01   3.9885911e+01   6.3828509e+01   3.7378178e+01   1.7052945e+01   7.3007353e+00   4.9208316e+01   4.2574339e+01   3.1305844e+01   3.0016944e+01   3.3685087e+01   3.4591788e+01   6.1643274e+01   3.3700151e+01   1.7367128e+01   1.8177670e+01
  3.1232719e+01   2.9491378e+01   4.4363424e+01   5.6902571e+01   5.0123583e+01   3.2562439e+01   4.5179414e+01   4.5810043e+01   3.1516125e+01   5.0452477e+01   3.3061480e+01   3.3594561e+01   2.9353076e+01   6.0901699e+00   7.6063352e+00   3.2406112e+01   2.7206741e+01   4.3082273e+01   4.0355339e+00   1.7769916e+01   1.8255281e+01   3.1036863e+01   2.1200242e+01   1.6507811e+01   2.0748457e+01   6.6846584e+00   1.3586252e+01   2.0000000e+00   1.9328170e+01   3.6622777e+00   2.0204060e+01   5.0462486e+01   4.8335656e+01   4.8134021e+01   3.4654063e+01   4.9041220e+01   2.9607559e+01   2.9504310e+01   2.6019600e+01   7.9330344e+00   1.8255281e+01   1.6640012e+01   3.0707615e+01   8.5622577e+00   1.4508926e+01   5.1824945e+01   3.7276351e+01   6.5415230e+00   4.1518289e+01   1.6946884e+01   5.3495283e+01   2.1018285e+01   3.0067719e+01   4.5143029e+01   3.2562439e+01   3.0118406e+01   4.4002873e+01   3.5702983e+01   6.2008771e+00   5.6200090e+01   1.6128500e+01   9.4442719e+00   3.2488279e+01   1.4642136e+01   5.4418921e+01   3.7167424e+01   2.7822152e+01   5.8851648e+00   4.1840053e+01   3.4624771e+01   3.2453091e+01   5.6260649e+01   3.1536269e+01   0.0000000e+00   2.3226636e+01   8.0000000e+00   2.0655644e+01   2.6156383e+01   1.9800259e+01   1.9401058e+01   2.8540150e+01   5.7668610e+01   4.7118130e+01   5.9343011e+01   1.9101075e+01   5.5785622e+01   1.8346568e+01   4.5480551e+01   8.7006097e+00   2.9624732e+01   3.5727830e+01   2.0729928e+01   3.1516125e+01   5.4843813e+01   4.8065744e+01   3.3284271e+00   3.6622777e+00   4.3769504e+01   3.0583218e+01   1.5137281e+01   1.8945867e+01
  5.2365210e+01   5.2113952e+01   5.5002294e+01   7.9381240e+01   7.2846389e+01   5.2677581e+01   6.1024788e+01   5.7002212e+01   5.2504807e+01   7.3172209e+01   5.3152160e+01   5.2406165e+01   5.1812766e+01   1.8255281e+01   1.6120499e+01   4.2003012e+01   4.9929242e+01   5.6323382e+01   2.3171568e+01   3.4941980e+01   6.0901699e+00   3.8552595e+01   2.7360680e+00   3.5130189e+01   3.5177082e+01   1.8617671e+01   3.3654939e+01   2.2092823e+01   1.5060220e+01   2.5965663e+01   3.4134060e+01   6.4196546e+01   7.0865119e+01   7.0859790e+01   5.5208317e+01   7.1572146e+01   4.6513585e+01   3.8503289e+01   4.8700104e+01   1.7270510e+01   3.3382366e+01   1.3538405e+01   5.3197249e+01   2.9629023e+01   3.5389110e+01   7.4535464e+01   5.5418121e+01   2.2431712e+01   5.6589215e+01   1.2541595e+01   6.6120119e+01   3.0495098e+00   5.0851266e+01   5.8262445e+01   4.9515304e+01   4.3000000e+01   6.6355903e+01   5.0612374e+01   1.7704651e+01   7.8487178e+01   3.5788100e+01   3.1620733e+01   4.4183521e+01   3.4389526e+01   6.7479474e+01   5.5608983e+01   5.0500000e+01   2.8077164e+01   5.3533009e+01   5.2123638e+01   5.3344110e+01   7.8700064e+01   5.1571029e+01   2.3226636e+01   0.0000000e+00   3.0570750e+01   3.5788100e+01   4.8803727e+01   1.3149111e+01   3.3138168e+01   4.5912003e+01   8.0113127e+01   6.9516302e+01   8.1844945e+01   3.3187918e+01   6.8968971e+01   1.4817821e+01   5.6009008e+01   1.5340822e+01   5.2300097e+01   5.4039705e+01   3.0000000e+00   4.9617207e+01   6.7606259e+01   7.0792247e+01   2.0412308e+01   2.0311613e+01   5.5009174e+01   5.1671281e+01   3.4854767e+01   4.1600487e+01
  2.4063743e+01   2.2641590e+01   4.1270700e+01   4.9418299e+01   4.2823162e+01   2.8289386e+01   3.9927148e+01   4.2431492e+01   2.4400837e+01   4.3138011e+01   2.8784271e+01   3.0240545e+01   2.2799103e+01   1.3538405e+01   1.5000000e+01   3.0554118e+01   2.0057607e+01   3.8983763e+01   8.3262379e+00   1.7485288e+01   2.5409837e+01   3.0202693e+01   2.8486604e+01   1.5366069e+01   2.1600948e+01   1.3916408e+01   1.1835784e+01   8.9852814e+00   2.6273048e+01   5.1097722e+00   2.1440392e+01   4.9208316e+01   4.0860872e+01   4.0901114e+01   2.7670756e+01   4.1567018e+01   2.4541631e+01   2.8221833e+01   1.9060711e+01   1.5264823e+01   1.9221645e+01   2.3807724e+01   2.4084953e+01   4.5311289e+00   1.1477249e+01   4.4482951e+01   3.4178628e+01   1.2172618e+01   3.6711186e+01   2.4211811e+01   5.2646428e+01   2.8432955e+01   2.3061028e+01   4.1012344e+01   2.7300187e+01   2.7004717e+01   3.6503472e+01   3.1232719e+01   1.3700379e+01   4.8700104e+01   1.4101471e+01   2.5615528e+00   2.9706164e+01   1.2919742e+01   5.3344110e+01   3.3880383e+01   2.0853132e+01   3.1925824e+00   4.1903502e+01   3.2079265e+01   2.5364634e+01   4.8770074e+01   2.7379360e+01   8.0000000e+00   3.0570750e+01   0.0000000e+00   2.1115528e+01   1.9288294e+01   2.6962237e+01   2.0908332e+01   2.3303509e+01   5.0178969e+01   3.9621605e+01   5.1863898e+01   2.0481241e+01   5.4613307e+01   2.5324383e+01   4.2380783e+01   1.6200318e+01   2.2647235e+01   3.2597508e+01   2.8086228e+01   2.5743811e+01   5.3890074e+01   4.0801985e+01   1.0807764e+01   1.0759142e+01   4.0462482e+01   2.3440139e+01   1.3306248e+01   1.2204700e+01
  3.9464728e+01   2.6943336e+01   6.1820877e+01   5.6802753e+01   4.7470736e+01   1.9321530e+01   5.9087541e+01   6.2903926e+01   4.0037956e+01   4.7923623e+01   1.9709373e+01   1.7719175e+01   2.5324383e+01   2.1115528e+01   2.4148467e+01   5.1089030e+01   2.7230133e+01   5.9168561e+01   2.4084953e+01   4.3078866e+00   3.3003846e+01   5.0412423e+01   3.4591788e+01   6.8245553e+00   1.6180340e+00   1.9916488e+01   1.0117692e+01   2.1970911e+01   2.3155022e+01   2.1505952e+01   2.6213203e+00   3.0541638e+01   4.8583261e+01   4.5000000e+01   4.3572613e+01   4.9208316e+01   4.4329214e+01   4.8588460e+01   2.5248737e+01   2.0723748e+01   3.0495098e+00   2.3177081e+01   2.6600766e+01   2.4918231e+01   1.1567972e+01   4.9494898e+01   2.0280040e+01   1.6160460e+01   5.6412879e+01   2.4148467e+01   3.3397568e+01   3.3245229e+01   3.9332976e+01   6.1156822e+01   4.6806047e+01   4.7600955e+01   4.5900991e+01   5.1298622e+01   2.2208293e+01   5.7300088e+01   8.7462113e+00   2.3000000e+01   5.0319675e+01   9.2321246e+00   3.4389526e+01   2.0581086e+01   2.6485573e+01   2.2069655e+01   2.1719095e+01   1.6878339e+01   4.1024684e+01   5.6473208e+01   1.8234148e+01   2.0655644e+01   3.5788100e+01   2.1115528e+01   0.0000000e+00   2.4831050e+01   2.5020400e+01   3.4154759e+00   4.2985292e+01   5.7745087e+01   4.8400939e+01   5.8905907e+01   3.1925824e+00   3.5788100e+01   2.2799103e+01   6.2925956e+01   2.3270595e+01   2.7785527e+01   1.9000000e+01   3.3636083e+01   4.4695588e+01   3.4770979e+01   4.5235333e+01   2.1577239e+01   2.2888613e+01   6.0964866e+01   3.9051913e+01   9.0440037e+00   2.0599751e+01
  1.8113915e+01   3.8541020e+00   4.7789005e+01   3.3149655e+01   2.4959150e+01   1.6445219e+01   4.0255503e+01   4.8105147e+01   1.8809833e+01   2.5339485e+01   1.6778821e+01   2.0612185e+01   4.5311289e+00   3.1110456e+01   3.3229956e+01   4.1135576e+01   3.0495098e+00   4.3138011e+01   2.7112967e+01   2.1724985e+01   4.3910828e+01   4.2586221e+01   4.6827638e+01   1.9473666e+01   2.5901772e+01   3.0979501e+01   1.8177670e+01   2.7425824e+01   4.1503049e+01   2.3764780e+01   2.6586395e+01   4.2003012e+01   2.4666092e+01   2.2776669e+01   2.2023243e+01   2.5329418e+01   2.8801943e+01   4.0154760e+01   1.2071068e+00   3.2390437e+01   2.4882371e+01   3.9822385e+01   5.5249378e+00   2.1860009e+01   1.5943445e+01   2.6815395e+01   2.4317011e+01   2.7725907e+01   3.9051913e+01   4.0490624e+01   4.6131678e+01   4.6502717e+01   1.8939089e+01   4.4808577e+01   3.0101520e+01   3.5692329e+01   2.1600948e+01   3.5606979e+01   3.1600643e+01   3.3275753e+01   1.7588007e+01   1.9000000e+01   3.8578866e+01   1.8170597e+01   4.6200109e+01   2.3548861e+01   2.3027756e+00   2.1976732e+01   3.8948017e+01   2.4253947e+01   1.9637659e+01   3.2702484e+01   1.6200318e+01   2.6156383e+01   4.8803727e+01   1.9288294e+01   2.4831050e+01   0.0000000e+00   4.2752219e+01   2.6815395e+01   2.7425824e+01   3.4041020e+01   2.4217082e+01   3.5417761e+01   2.6331183e+01   4.7118130e+01   4.0715047e+01   4.8759714e+01   3.4003731e+01   4.0355339e+00   2.3000000e+01   4.6303930e+01   2.7131748e+01   4.7002688e+01   2.2799103e+01   2.8929738e+01   2.9227165e+01   4.6543458e+01   1.8000000e+01   1.7964249e+01   7.7111026e+00
  5.0479996e+01   4.5843136e+01   6.0320565e+01   7.4973150e+01   6.7208320e+01   4.3237571e+01   6.3517855e+01   6.2083277e+01   5.0784192e+01   6.7591356e+01   4.3676961e+01   4.2192325e+01   4.5053339e+01   1.4329317e+01   1.4500000e+01   4.7430800e+01   4.4400456e+01   6.0301756e+01   2.1713203e+01   2.5122145e+01   1.3586252e+01   4.4771887e+01   1.3029964e+01   2.6019600e+01   2.4217082e+01   1.3624405e+01   2.5624689e+01   1.9427493e+01   2.5000000e+00   2.2961077e+01   2.3110838e+01   5.2009708e+01   6.6372984e+01   6.4986433e+01   5.3950912e+01   6.7067635e+01   4.8094643e+01   4.4045953e+01   4.2823162e+01   1.2384864e+01   2.2888613e+01   3.6622777e+00   4.6467380e+01   2.7785527e+01   2.7725907e+01   6.9065662e+01   4.4771887e+01   1.5764338e+01   5.9508474e+01   3.5000000e+00   5.3735327e+01   1.1011898e+01   4.9359492e+01   6.2342542e+01   5.1121142e+01   4.6827638e+01   6.2411227e+01   5.3521222e+01   1.4642136e+01   7.4594534e+01   2.7206741e+01   2.8651377e+01   4.8668973e+01   2.6044080e+01   5.5146592e+01   4.5098206e+01   4.4545431e+01   2.5167793e+01   4.1150953e+01   4.1304412e+01   5.1729874e+01   7.4413801e+01   4.2120308e+01   1.9800259e+01   1.3149111e+01   2.6962237e+01   2.5020400e+01   4.2752219e+01   0.0000000e+00   2.2162179e+01   4.7171726e+01   7.5801062e+01   6.5424957e+01   7.7343998e+01   2.2328880e+01   5.6642675e+01   2.7360680e+00   6.1403612e+01   1.2510412e+01   4.6273901e+01   4.3517438e+01   1.1912712e+01   5.0424944e+01   5.5228877e+01   6.5036811e+01   1.7367128e+01   1.8177670e+01   6.0025205e+01   4.9840653e+01   2.6427784e+01   3.5901271e+01
  4.0652833e+01   2.9122544e+01   6.1665758e+01   5.9087541e+01   4.9919126e+01   2.2208293e+01   5.9635438e+01   6.2839795e+01   4.1197051e+01   5.0364817e+01   2.2602036e+01   2.0624612e+01   2.7615494e+01   1.9168155e+01   2.2162179e+01   5.0562461e+01   2.9135642e+01   5.9309013e+01   2.2910935e+01   5.5990195e+00   3.0566593e+01   4.9645193e+01   3.2015869e+01   8.0166482e+00   2.5615528e+00   1.7892527e+01   1.0698039e+01   2.0612185e+01   2.0280040e+01   2.0655644e+01   1.5000000e+00   3.2515621e+01   5.0784192e+01   4.7470736e+01   4.4729515e+01   5.1421508e+01   4.4619157e+01   4.7923623e+01   2.7183328e+01   1.8569311e+01   2.5000000e+00   2.0406029e+01   2.8929738e+01   2.4505208e+01   1.2541595e+01   5.1929563e+01   2.3110838e+01   1.4365425e+01   5.6769441e+01   2.1386599e+01   3.5144624e+01   3.0603986e+01   4.0381073e+01   6.1321460e+01   4.7203854e+01   4.7372167e+01   4.7915715e+01   5.1490195e+01   2.0280040e+01   5.9476690e+01   1.0013149e+01   2.2888613e+01   5.0022722e+01   1.0052487e+01   3.6235137e+01   2.3440139e+01   2.8522313e+01   2.1505952e+01   2.3088714e+01   1.9663768e+01   4.2192325e+01   5.8728000e+01   2.1115528e+01   1.9401058e+01   3.3138168e+01   2.0908332e+01   3.4154759e+00   2.6815395e+01   2.2162179e+01   0.0000000e+00   4.3307710e+01   6.0018905e+01   5.0500000e+01   6.1230964e+01   1.0000000e+00   3.7665172e+01   1.9948650e+01   6.2777604e+01   2.1115528e+01   2.9910882e+01   2.1860009e+01   3.1036863e+01   4.5246508e+01   3.6555513e+01   4.7683154e+01   1.9974342e+01   2.1338666e+01   6.0869694e+01   4.0202015e+01   1.0013149e+01   2.2005813e+01
  1.3509612e+01   2.9348743e+01   2.0902206e+01   4.1353396e+01   3.9758757e+01   4.2905778e+01   1.7188319e+01   2.1386599e+01   1.3039936e+01   3.9819207e+01   4.3301869e+01   4.6548887e+01   3.1147186e+01   3.3515148e+01   3.3245229e+01   1.6032225e+01   2.5768558e+01   1.6901219e+01   2.6019600e+01   3.9184622e+01   4.0355991e+01   1.9053975e+01   4.3688540e+01   3.6735342e+01   4.3665380e+01   3.4500000e+01   3.3370960e+01   2.8500000e+01   4.7042991e+01   2.5624689e+01   4.3703009e+01   6.7675144e+01   3.4455854e+01   3.9051913e+01   1.3316006e+01   3.5061539e+01   1.9142136e+00   1.6640012e+01   2.6739284e+01   3.5514283e+01   4.1469501e+01   4.4103326e+01   3.1584562e+01   2.0655644e+01   3.2067388e+01   4.0531238e+01   5.0502500e+01   3.4237961e+01   1.3962912e+01   4.4183521e+01   7.1586215e+01   4.4616324e+01   1.1500000e+01   1.8809833e+01   4.5311289e+00   1.0013149e+01   2.9244565e+01   9.0146932e+00   3.3061480e+01   3.9194315e+01   3.4981879e+01   2.1242469e+01   1.2541595e+01   3.4267588e+01   7.1917785e+01   4.9858383e+01   2.7560118e+01   2.3764780e+01   6.2405169e+01   4.9645193e+01   1.3158989e+01   4.0424930e+01   4.2434473e+01   2.8540150e+01   4.5912003e+01   2.3303509e+01   4.2985292e+01   2.7425824e+01   4.7171726e+01   4.3307710e+01   0.0000000e+00   4.1731056e+01   3.2162280e+01   4.3769504e+01   4.2846783e+01   7.2986206e+01   4.6043935e+01   2.1900935e+01   3.5177082e+01   2.8473201e+01   4.9041220e+01   4.3824358e+01   4.4051248e+00   7.2628358e+01   3.8582148e+01   3.0504166e+01   2.9538767e+01   1.9709373e+01   1.3000000e+01   3.4500000e+01   2.5258837e+01
  2.9915132e+01   3.1423292e+01   5.5146592e+01   1.5000000e+00   1.2043396e+01   4.2740384e+01   4.1003086e+01   5.4037370e+01   3.0084624e+01   1.1545361e+01   4.2690046e+01   4.7131534e+01   3.2922986e+01   6.3125873e+01   6.4658008e+01   5.6635996e+01   3.2067388e+01   4.8593659e+01   5.7449539e+01   5.5002294e+01   7.4759680e+01   6.0134302e+01   7.7967735e+01   5.2892748e+01   5.8854520e+01   6.3301274e+01   5.1710351e+01   5.8637767e+01   7.4704110e+01   5.4733292e+01   5.9665023e+01   6.4706697e+01   9.9339811e+00   1.4508926e+01   2.8929738e+01   9.2464278e+00   4.2285165e+01   5.7793106e+01   3.3824165e+01   6.4702804e+01   5.8158477e+01   7.2758218e+01   3.1648836e+01   5.1059371e+01   4.9474483e+01   1.0117692e+01   4.9000000e+01   6.0552061e+01   4.3642207e+01   7.3330282e+01   6.8890423e+01   7.8064489e+01   3.1884710e+01   4.9010308e+01   4.0826790e+01   5.0784192e+01   1.4293114e+01   4.5025274e+01   6.3366923e+01   3.5413813e+00   5.1066788e+01   4.9000000e+01   5.2701533e+01   5.1707910e+01   6.8164614e+01   4.8000000e+01   3.2252953e+01   5.2569665e+01   6.6517043e+01   5.1089030e+01   2.9590376e+01   1.9142136e+00   4.3354405e+01   5.7668610e+01   8.0113127e+01   5.0178969e+01   5.7745087e+01   3.4041020e+01   7.5801062e+01   6.0018905e+01   4.1731056e+01   0.0000000e+00   1.1106602e+01   2.5615528e+00   5.9552942e+01   6.8457707e+01   7.3863819e+01   5.5581757e+01   6.5864363e+01   3.0707615e+01   4.8523432e+01   7.7655687e+01   3.8305423e+01   6.9147651e+01   1.4000000e+01   6.0485415e+01   6.0376957e+01   5.3650729e+01   3.0603986e+01   5.1490195e+01   4.0462482e+01
  1.9741881e+01   2.1976732e+01   4.7630139e+01   1.0424717e+01   9.8941471e+00   3.5130189e+01   3.4455854e+01   4.6827638e+01   2.0000000e+01   9.6923882e+00   3.5177082e+01   3.9704592e+01   2.3764780e+01   5.2600864e+01   5.4084046e+01   4.7470736e+01   2.2040659e+01   4.1249233e+01   4.6849218e+01   4.5422155e+01   6.4155322e+01   5.0712050e+01   6.7367406e+01   4.3190748e+01   4.9492346e+01   5.2811567e+01   4.1731056e+01   4.8065744e+01   6.4384662e+01   4.4160623e+01   5.0229267e+01   5.9023500e+01   3.0495098e+00   1.0807764e+01   1.9427493e+01   3.5000000e+00   3.2880550e+01   4.8301674e+01   2.3909400e+01   5.4207541e+01   4.8583261e+01   6.2356689e+01   2.2641590e+01   4.0453098e+01   3.9500000e+01   9.7195445e+00   4.2180331e+01   5.0161353e+01   3.6224641e+01   6.2903926e+01   6.3287339e+01   6.7479474e+01   2.1772047e+01   4.2012046e+01   3.1824910e+01   4.1500000e+01   3.7015621e+00   3.6555513e+01   5.2818735e+01   9.6787799e+00   4.1298284e+01   3.8411080e+01   4.3656691e+01   4.1818882e+01   6.2797673e+01   4.1197051e+01   2.2482948e+01   4.1987950e+01   5.9306887e+01   4.3734824e+01   1.9637659e+01   9.6923882e+00   3.5557096e+01   4.7118130e+01   6.9516302e+01   3.9621605e+01   4.8400939e+01   2.4217082e+01   6.5424957e+01   5.0500000e+01   3.2162280e+01   1.1106602e+01   0.0000000e+00   1.2919742e+01   5.0020198e+01   6.3295302e+01   6.3525788e+01   4.8212682e+01   5.5317880e+01   2.1115528e+01   4.1442032e+01   6.7062001e+01   2.9035066e+01   6.3745553e+01   1.0104686e+01   4.9929242e+01   4.9797566e+01   4.6134417e+01   2.0406029e+01   4.1640005e+01   3.0240545e+01
  3.1884710e+01   3.2702484e+01   5.7178920e+01   3.0000000e+00   1.2541595e+01   4.3494186e+01   4.3000000e+01   5.6056278e+01   3.2067388e+01   1.2043396e+01   4.3421440e+01   4.7820714e+01   3.4115473e+01   6.4774801e+01   6.6355903e+01   5.8693642e+01   3.3518934e+01   5.0622350e+01   5.9194122e+01   5.6242713e+01   7.6514801e+01   6.2184682e+01   7.9708585e+01   5.4177276e+01   6.0018905e+01   6.4922434e+01   5.3095152e+01   6.0335190e+01   7.6216577e+01   5.6432996e+01   6.0851056e+01   6.4937955e+01   1.1511358e+01   1.5077380e+01   3.0963092e+01   1.0807764e+01   4.4332066e+01   5.9840121e+01   3.5231110e+01   6.6327426e+01   5.9391850e+01   7.4317342e+01   3.2810989e+01   5.2830679e+01   5.0861195e+01   1.0512492e+01   4.9540799e+01   6.2111687e+01   4.5677428e+01   7.4904301e+01   6.9093003e+01   7.9774838e+01   3.3865401e+01   5.1022272e+01   4.2885139e+01   5.2837845e+01   1.6120499e+01   4.7085942e+01   6.5036811e+01   5.5000000e+00   5.2377259e+01   5.0724496e+01   5.4760944e+01   5.3059490e+01   6.8317771e+01   4.8541649e+01   3.3620990e+01   5.4281967e+01   6.7092042e+01   5.1744512e+01   3.1588583e+01   3.8541020e+00   4.4149170e+01   5.9343011e+01   8.1844945e+01   5.1863898e+01   5.8905907e+01   3.5417761e+01   7.7343998e+01   6.1230964e+01   4.3769504e+01   2.5615528e+00   1.2919742e+01   0.0000000e+00   6.0770225e+01   6.8566144e+01   7.5386581e+01   5.7607355e+01   6.7531709e+01   3.2031730e+01   4.9126125e+01   7.9381240e+01   4.0355991e+01   6.9305886e+01   1.4642136e+01   6.2164414e+01   6.2083277e+01   5.5683784e+01   3.2570235e+01   5.2828291e+01   4.1963840e+01
  4.0154760e+01   2.8651377e+01   6.1245370e+01   5.8622715e+01   4.9474483e+01   2.1900935e+01   5.9162168e+01   6.2411227e+01   4.0699502e+01   4.9919126e+01   2.2300229e+01   2.0406029e+01   2.7155206e+01   1.9000000e+01   2.2005813e+01   5.0178969e+01   2.8646936e+01   5.8863088e+01   2.2602036e+01   5.1097722e+00   3.0537477e+01   4.9290368e+01   3.2035694e+01   7.5178344e+00   2.5000000e+00   1.7740940e+01   1.0208244e+01   2.0330532e+01   2.0462465e+01   2.0298990e+01   1.6180340e+00   3.2644206e+01   5.0312147e+01   4.7029560e+01   4.4232139e+01   5.0950471e+01   4.4160623e+01   4.7555818e+01   2.6696374e+01   1.8451323e+01   2.0000000e+00   2.0512496e+01   2.8473201e+01   2.4100847e+01   1.2043396e+01   5.1482840e+01   2.2961077e+01   1.4156500e+01   5.6307706e+01   2.1488092e+01   3.5320971e+01   3.0649627e+01   3.9885911e+01   6.0873835e+01   4.6738512e+01   4.6956969e+01   4.7430800e+01   5.1039588e+01   2.0108672e+01   5.9002137e+01   9.5138782e+00   2.2454498e+01   4.9614662e+01   9.5553851e+00   3.6392200e+01   2.3270595e+01   2.8040879e+01   2.1115528e+01   2.3325424e+01   1.9539433e+01   4.1694660e+01   5.8260280e+01   2.0803941e+01   1.9101075e+01   3.3187918e+01   2.0481241e+01   3.1925824e+00   2.6331183e+01   2.2328880e+01   1.0000000e+00   4.2846783e+01   5.9552942e+01   5.0020198e+01   6.0770225e+01   0.0000000e+00   3.7816216e+01   2.0108672e+01   6.2356689e+01   2.1000000e+01   2.9435273e+01   2.1689620e+01   3.1065503e+01   4.4771887e+01   3.6724991e+01   4.7238635e+01   1.9735384e+01   2.1091260e+01   6.0443724e+01   3.9704592e+01   9.5138782e+00   2.1505952e+01
  6.4702804e+01   4.6543458e+01   9.3228097e+01   6.7479474e+01   5.7015485e+01   3.1200163e+01   8.6866950e+01   9.3862198e+01   6.5403775e+01   5.7502193e+01   3.0901480e+01   2.7075365e+01   4.4329214e+01   5.6314425e+01   5.9321765e+01   8.4204839e+01   4.9400409e+01   8.9248239e+01   5.9100341e+01   3.8529594e+01   6.7277616e+01   8.4261566e+01   6.8242158e+01   4.0088508e+01   3.5918921e+01   5.5055018e+01   4.3479646e+01   5.7159068e+01   5.4647945e+01   5.6182134e+01   3.6711186e+01   5.9083269e+00   6.2008130e+01   5.4707933e+01   6.8507353e+01   6.2332435e+01   7.4400271e+01   8.2183842e+01   4.7820714e+01   5.5720014e+01   3.8305423e+01   5.5943665e+01   4.4602154e+01   5.8642067e+01   4.3642207e+01   5.8854520e+01   2.3303509e+01   5.1421508e+01   8.5458814e+01   5.6935804e+01   3.6622777e+00   6.6549224e+01   6.5548059e+01   9.1034524e+01   7.6173641e+01   7.9760646e+01   6.2346584e+01   8.1464498e+01   5.7420998e+01   6.9623079e+01   4.1061681e+01   5.6110251e+01   8.2647733e+01   4.2362871e+01   2.0000000e+00   2.4100847e+01   4.7701695e+01   5.6253924e+01   1.6008062e+01   2.3845235e+01   6.6200076e+01   6.7695610e+01   3.1423292e+01   5.5785622e+01   6.8968971e+01   5.4613307e+01   3.5788100e+01   4.7118130e+01   5.6642675e+01   3.7665172e+01   7.2986206e+01   6.8457707e+01   6.3295302e+01   6.8566144e+01   3.7816216e+01   0.0000000e+00   5.4730987e+01   9.4272331e+01   5.8260280e+01   4.7651352e+01   2.4635037e+01   6.7180207e+01   7.3386899e+01   2.3027756e+00   5.5317880e+01   5.6860447e+01   5.8158477e+01   9.2125597e+01   6.4613181e+01   4.1927648e+01   4.8262433e+01
  4.8883882e+01   4.3778170e+01   5.9800084e+01   7.3027581e+01   6.5160653e+01   4.1003086e+01   6.2502016e+01   6.1512294e+01   4.9208316e+01   6.5548059e+01   4.1442032e+01   3.9962007e+01   4.2949971e+01   1.3039936e+01   1.3652946e+01   4.7002688e+01   4.2407637e+01   5.9544475e+01   2.0524984e+01   2.2888613e+01   1.4508926e+01   4.4511362e+01   1.4428388e+01   2.3807724e+01   2.2005813e+01   1.2172618e+01   2.3483690e+01   1.8113915e+01   1.5000000e+00   2.1488092e+01   2.0902206e+01   5.0040388e+01   6.4431604e+01   6.2921951e+01   5.2423020e+01   6.5123912e+01   4.7010751e+01   4.3665380e+01   4.0801985e+01   1.1047512e+01   2.0655644e+01   2.7360680e+00   4.4363424e+01   2.6394015e+01   2.5604780e+01   6.7030068e+01   4.2559482e+01   1.3916408e+01   5.8577534e+01   3.3284271e+00   5.1851728e+01   1.2520815e+01   4.7820714e+01   6.1594190e+01   5.0022722e+01   4.6120719e+01   6.0533324e+01   5.2617655e+01   1.3500000e+01   7.2701108e+01   2.5020400e+01   2.7080068e+01   4.8063116e+01   2.3877339e+01   5.3237558e+01   4.2879240e+01   4.2511903e+01   2.3662470e+01   3.9262095e+01   3.9100518e+01   5.0163870e+01   7.2480900e+01   3.9885911e+01   1.8346568e+01   1.4817821e+01   2.5324383e+01   2.2799103e+01   4.0715047e+01   2.7360680e+00   1.9948650e+01   4.6043935e+01   7.3863819e+01   6.3525788e+01   7.5386581e+01   2.0108672e+01   5.4730987e+01   0.0000000e+00   6.0892466e+01   1.1601802e+01   4.4229281e+01   4.1298284e+01   1.3316006e+01   4.9208316e+01   5.3341745e+01   6.2981997e+01   1.6072412e+01   1.7007574e+01   5.9451251e+01   4.8254581e+01   2.4253947e+01   3.3925290e+01
  3.3000000e+01   5.0492499e+01   1.6180340e+00   5.5536352e+01   5.7141416e+01   6.4306348e+01   1.5416434e+01   2.3027756e+00   3.2347292e+01   5.7068542e+01   6.4702804e+01   6.7912907e+01   5.2386896e+01   4.9203183e+01   4.7820714e+01   1.4580128e+01   4.6981179e+01   7.5000000e+00   4.2192325e+01   5.9206899e+01   5.1121142e+01   1.8028548e+01   5.4037370e+01   5.6900355e+01   6.3462290e+01   5.0479996e+01   5.3400851e+01   4.4884682e+01   6.1861633e+01   4.3211240e+01   6.3321175e+01   8.8933591e+01   5.0749378e+01   5.7079590e+01   3.0720026e+01   5.1200099e+01   2.0500000e+01   1.8064168e+01   4.8065744e+01   5.1096443e+01   6.1101155e+01   5.8708676e+01   5.2723079e+01   3.8830797e+01   5.2427835e+01   5.7372665e+01   7.1881020e+01   5.1522054e+01   1.2510412e+01   5.8476288e+01   9.2783530e+01   5.5611251e+01   3.1370698e+01   7.3007353e+00   1.9294946e+01   1.5943445e+01   4.5967021e+01   1.3709845e+01   4.8408767e+01   5.2617655e+01   5.5317880e+01   4.0440581e+01   1.3500000e+01   5.4400371e+01   9.3174160e+01   7.1247791e+01   4.8783020e+01   4.1927648e+01   8.3151376e+01   7.0929042e+01   3.1984123e+01   5.4537024e+01   6.3828509e+01   4.5480551e+01   5.6009008e+01   4.2380783e+01   6.2925956e+01   4.8759714e+01   6.1403612e+01   6.2777604e+01   2.1900935e+01   5.5581757e+01   4.8212682e+01   5.7607355e+01   6.2356689e+01   9.4272331e+01   6.0892466e+01   0.0000000e+00   4.9881171e+01   4.9556090e+01   7.0408869e+01   5.4583269e+01   2.2414607e+01   9.3862198e+01   5.6493303e+01   4.6557030e+01   4.5268851e+01   2.7360680e+00   3.2737401e+01   5.4703321e+01   4.6510868e+01
  3.9194315e+01   3.7300136e+01   4.8783020e+01   6.5094891e+01   5.8182320e+01   3.8463799e+01   5.1509803e+01   5.0462486e+01   3.9439055e+01   5.8521548e+01   3.8951268e+01   3.8709946e+01   3.6972592e+01   3.4154759e+00   2.5615528e+00   3.6084407e+01   3.5213110e+01   4.8442674e+01   9.8407708e+00   2.1500000e+01   1.0940307e+01   3.3820414e+01   1.3471122e+01   2.1151876e+01   2.2955512e+01   4.0355339e+00   1.9181542e+01   7.8824115e+00   1.2593387e+01   1.1736103e+01   2.2087033e+01   5.3130789e+01   5.6522317e+01   5.6143957e+01   4.2467249e+01   5.7227418e+01   3.6087919e+01   3.2810989e+01   3.3921550e+01   3.0495098e+00   2.0723748e+01   9.5138782e+00   3.8358288e+01   1.6192355e+01   2.0748457e+01   5.9913803e+01   4.2048165e+01   8.0663730e+00   4.7523930e+01   9.5138782e+00   5.5683784e+01   1.3000000e+01   3.7923255e+01   5.0492499e+01   3.9116706e+01   3.5025353e+01   5.2203482e+01   4.1548752e+01   3.0000000e+00   6.4400313e+01   2.1488092e+01   1.7566048e+01   3.7003424e+01   2.0025624e+01   5.6820511e+01   4.2108292e+01   3.5717183e+01   1.3962912e+01   4.3398135e+01   3.9000000e+01   4.0352854e+01   6.4457017e+01   3.7378178e+01   8.7006097e+00   1.5340822e+01   1.6200318e+01   2.3270595e+01   3.4003731e+01   1.2510412e+01   2.1115528e+01   3.5177082e+01   6.5864363e+01   5.5317880e+01   6.7531709e+01   2.1000000e+01   5.8260280e+01   1.1601802e+01   4.9881171e+01   0.0000000e+00   3.7513511e+01   4.0578049e+01   1.2849089e+01   3.8476967e+01   5.7112719e+01   5.6099011e+01   5.9083269e+00   6.3523500e+00   4.8400939e+01   3.8529594e+01   2.0512496e+01   2.6815395e+01
  1.7827723e+01   1.6180340e+00   4.8627435e+01   2.9800171e+01   2.1434421e+01   1.7060495e+01   4.0097980e+01   4.8783020e+01   1.8534689e+01   2.1819006e+01   1.7307736e+01   2.1523796e+01   3.8541020e+00   3.4624771e+01   3.6711186e+01   4.2823162e+01   3.5000000e+00   4.3633514e+01   3.0470819e+01   2.4851591e+01   4.7372167e+01   4.4559619e+01   5.0312147e+01   2.2692341e+01   2.8876927e+01   3.4507352e+01   2.1595023e+01   3.0872685e+01   4.5011235e+01   2.7169271e+01   2.9620440e+01   4.2690046e+01   2.1392582e+01   1.9241665e+01   2.1434421e+01   2.2040659e+01   2.9800171e+01   4.2093269e+01   4.1055513e+00   3.5918921e+01   2.8013633e+01   4.3351488e+01   3.7015621e+00   2.5020400e+01   1.9367962e+01   2.3303509e+01   2.4938699e+01   3.1261177e+01   3.9310437e+01   4.4022982e+01   4.6892349e+01   5.0010100e+01   1.9006756e+01   4.5201790e+01   3.0769622e+01   3.7187873e+01   1.8672782e+01   3.6346897e+01   3.5101301e+01   3.0067719e+01   2.0859273e+01   2.2231314e+01   4.0028471e+01   2.1529741e+01   4.6824939e+01   2.4084953e+01   2.3027756e+00   2.5324383e+01   4.0540604e+01   2.5384734e+01   1.9241665e+01   2.9387714e+01   1.7052945e+01   2.9624732e+01   5.2300097e+01   2.2647235e+01   2.7785527e+01   4.0355339e+00   4.6273901e+01   2.9910882e+01   2.8473201e+01   3.0707615e+01   2.1115528e+01   3.2031730e+01   2.9435273e+01   4.7651352e+01   4.4229281e+01   4.9556090e+01   3.7513511e+01   0.0000000e+00   2.3764780e+01   4.9800101e+01   2.7689152e+01   4.7669906e+01   1.9268324e+01   3.2410030e+01   3.2675301e+01   4.7324139e+01   1.7856555e+01   2.1296634e+01   1.1200467e+01
  4.0606109e+01   2.2647235e+01   6.9383960e+01   4.7523930e+01   3.7085516e+01   7.2082039e+00   6.2735440e+01   6.9926220e+01   4.1304412e+01   3.7584363e+01   7.0000000e+00   3.0000000e+00   2.0412308e+01   3.8013331e+01   4.1003086e+01   6.1039243e+01   2.5324383e+01   6.5208964e+01   3.8559164e+01   1.9663768e+01   5.0801590e+01   6.1545065e+01   5.2696743e+01   2.0000000e+01   1.9813208e+01   3.7054753e+01   2.2641590e+01   3.7218524e+01   4.1640005e+01   3.5213110e+01   2.0926698e+01   1.9506578e+01   4.0652833e+01   3.4558773e+01   4.4460209e+01   4.1110959e+01   5.0452477e+01   5.9323890e+01   2.3700216e+01   3.8119809e+01   2.1242469e+01   4.1640005e+01   2.0859273e+01   3.6555513e+01   2.1976732e+01   3.9116706e+01   2.0811388e+00   3.3034597e+01   6.1348172e+01   4.2601069e+01   2.3662470e+01   5.1490195e+01   4.1417600e+01   6.6968037e+01   5.2123638e+01   5.6251682e+01   3.9927148e+01   5.7475872e+01   3.9003247e+01   4.9023190e+01   2.0102296e+01   3.3741540e+01   5.9162168e+01   2.1595023e+01   2.3700216e+01   2.0811388e+00   2.3662470e+01   3.4705263e+01   1.8500000e+01   3.4154759e+00   4.2117304e+01   4.7502659e+01   7.3007353e+00   3.5727830e+01   5.4039705e+01   3.2597508e+01   1.9000000e+01   2.3000000e+01   4.3517438e+01   2.1860009e+01   4.9041220e+01   4.8523432e+01   4.1442032e+01   4.9126125e+01   2.1689620e+01   2.4635037e+01   4.1298284e+01   7.0408869e+01   4.0578049e+01   2.3764780e+01   0.0000000e+00   5.1795711e+01   4.9295492e+01   2.4505208e+01   3.5032593e+01   3.7554015e+01   3.8618237e+01   6.8236622e+01   4.0500000e+01   2.1097330e+01   2.4505208e+01
  5.0010100e+01   4.9614662e+01   5.3558930e+01   7.6919893e+01   7.0351628e+01   5.0312147e+01   5.9138724e+01   5.5520451e+01   5.0161353e+01   7.0678344e+01   5.0789164e+01   5.0123583e+01   4.9318542e+01   1.5764338e+01   1.3624405e+01   4.0528115e+01   4.7430800e+01   5.4647945e+01   2.0729928e+01   3.2663644e+01   4.0355339e+00   3.7218524e+01   1.6180340e+00   3.2780025e+01   3.3061480e+01   1.6152476e+01   3.1232719e+01   1.9604973e+01   1.3700379e+01   2.3483690e+01   3.2035694e+01   6.2342542e+01   6.8396981e+01   6.8361992e+01   5.2904675e+01   6.9103936e+01   4.4465896e+01   3.7030809e+01   4.6200109e+01   1.4817821e+01   3.1200163e+01   1.1780514e+01   5.0702092e+01   2.7206741e+01   3.2942256e+01   7.2043693e+01   5.3190132e+01   2.0000000e+01   5.4751728e+01   1.0807764e+01   6.4369007e+01   1.6180340e+00   4.8520829e+01   5.6609268e+01   4.7481379e+01   4.1249233e+01   6.3905441e+01   4.8754533e+01   1.5205441e+01   7.6046343e+01   3.3393768e+01   2.9157460e+01   4.2547592e+01   3.1984123e+01   6.5695859e+01   5.3360666e+01   4.8000000e+01   2.5604780e+01   5.1795711e+01   4.9929242e+01   5.1009900e+01   7.6242986e+01   4.9208316e+01   2.0729928e+01   3.0000000e+00   2.8086228e+01   3.3636083e+01   4.6303930e+01   1.1912712e+01   3.1036863e+01   4.3824358e+01   7.7655687e+01   6.7062001e+01   7.9381240e+01   3.1065503e+01   6.7180207e+01   1.3316006e+01   5.4583269e+01   1.2849089e+01   4.9800101e+01   5.1795711e+01   0.0000000e+00   4.7492021e+01   6.5849063e+01   6.8295649e+01   1.7914075e+01   1.7827723e+01   5.3509433e+01   4.9318542e+01   3.2453091e+01   3.9100518e+01
  1.1293517e+01   2.8651377e+01   2.1523796e+01   3.7973324e+01   3.7030809e+01   4.2949971e+01   1.4896180e+01   2.1595023e+01   1.0698039e+01   3.7054753e+01   4.3316469e+01   4.6827638e+01   3.0608138e+01   3.6669739e+01   3.6590165e+01   1.8939089e+01   2.5203239e+01   1.6507811e+01   2.9214108e+01   4.0888736e+01   4.4045953e+01   2.2328880e+01   4.7388165e+01   3.8384693e+01   4.5444410e+01   3.7584363e+01   3.5144624e+01   3.1600643e+01   5.0204125e+01   2.8500000e+01   4.5569391e+01   6.8140594e+01   3.1407119e+01   3.6513886e+01   1.0117692e+01   3.1984123e+01   4.5311289e+00   2.0000000e+01   2.6427784e+01   3.8660844e+01   4.3351488e+01   4.7324139e+01   3.0872685e+01   2.3500000e+01   3.3654939e+01   3.7665172e+01   5.0704581e+01   3.7030809e+01   1.2603718e+01   4.7452103e+01   7.2141468e+01   4.8259816e+01   9.5138782e+00   1.8191806e+01   3.6622777e+00   1.3000000e+01   2.6239075e+01   9.2321246e+00   3.6284075e+01   3.5692329e+01   3.6545111e+01   2.3694827e+01   1.5137281e+01   3.5968296e+01   7.2376630e+01   5.0002525e+01   2.7004717e+01   2.6519224e+01   6.3468246e+01   5.0123583e+01   1.0549876e+01   3.7027387e+01   4.2574339e+01   3.1516125e+01   4.9617207e+01   2.5743811e+01   4.4695588e+01   2.7131748e+01   5.0424944e+01   4.5246508e+01   4.4051248e+00   3.8305423e+01   2.9035066e+01   4.0355991e+01   4.4771887e+01   7.3386899e+01   4.9208316e+01   2.2414607e+01   3.8476967e+01   2.7689152e+01   4.9295492e+01   4.7492021e+01   0.0000000e+00   7.3124032e+01   3.6003521e+01   3.3636083e+01   3.2749031e+01   2.0178669e+01   1.0940307e+01   3.6154593e+01   2.6019600e+01
  6.4611231e+01   4.6557030e+01   9.2810617e+01   6.8164614e+01   5.7668610e+01   3.1147186e+01   8.6714848e+01   9.3485214e+01   6.5309336e+01   5.8158477e+01   3.0872685e+01   2.6900758e+01   4.4332066e+01   5.5222025e+01   5.8216982e+01   8.3603851e+01   4.9326222e+01   8.8933591e+01   5.8190987e+01   3.7621422e+01   6.6013357e+01   8.3573762e+01   6.6917242e+01   3.9262095e+01   3.4854767e+01   5.3946235e+01   4.2690046e+01   5.6200090e+01   5.3237558e+01   5.5329280e+01   3.5614100e+01   5.5000000e+00   6.2520158e+01   5.5329280e+01   6.8457707e+01   6.2861847e+01   7.4042505e+01   8.1524688e+01   4.7701695e+01   5.4578646e+01   3.7269553e+01   5.4594824e+01   4.4661635e+01   5.7912978e+01   4.2938190e+01   5.9533889e+01   2.3243131e+01   5.0362310e+01   8.5212750e+01   5.5584027e+01   2.0000000e+00   6.5201236e+01   6.5403775e+01   9.0739958e+01   7.5874067e+01   7.9246428e+01   6.2711333e+01   8.1122577e+01   5.6332338e+01   7.0244175e+01   4.0305778e+01   5.5429500e+01   8.2124139e+01   4.1576149e+01   1.5000000e+00   2.4084953e+01   4.7651352e+01   5.5465899e+01   1.4580128e+01   2.3505434e+01   6.6122024e+01   6.8356466e+01   3.1305844e+01   5.4843813e+01   6.7606259e+01   5.3890074e+01   3.4770979e+01   4.7002688e+01   5.5228877e+01   3.6555513e+01   7.2628358e+01   6.9147651e+01   6.3745553e+01   6.9305886e+01   3.6724991e+01   2.3027756e+00   5.3341745e+01   9.3862198e+01   5.7112719e+01   4.7669906e+01   2.4505208e+01   6.5849063e+01   7.3124032e+01   0.0000000e+00   5.5927881e+01   5.5846635e+01   5.7159068e+01   9.1727737e+01   6.4501953e+01   4.1150953e+01   4.7876154e+01
  2.5579872e+01   1.9709373e+01   5.5821786e+01   1.3000000e+01   2.7360680e+00   2.9353076e+01   4.3351488e+01   5.5222025e+01   2.6044080e+01   3.1925824e+00   2.9279333e+01   3.3685087e+01   2.0748457e+01   5.3237558e+01   5.5171748e+01   5.4114364e+01   2.1386599e+01   4.9635018e+01   4.8510416e+01   4.2799527e+01   6.5709278e+01   5.6935804e+01   6.8749542e+01   4.0888736e+01   4.6353026e+01   5.3190132e+01   4.0202015e+01   4.9226276e+01   6.3753458e+01   4.5405456e+01   4.7235960e+01   5.1394499e+01   7.9330344e+00   1.2071068e+00   2.6576810e+01   8.0000000e+00   3.9528835e+01   5.4456001e+01   2.2776669e+01   5.4604066e+01   4.5912003e+01   6.2119802e+01   1.9367962e+01   4.2529751e+01   3.8000000e+01   4.7720019e+00   3.5500000e+01   5.0017674e+01   4.4647480e+01   6.2789646e+01   5.5608983e+01   6.8562471e+01   2.7615494e+01   5.0584928e+01   3.9029210e+01   4.8094643e+01   1.1270330e+01   4.4183521e+01   5.3650729e+01   1.4817821e+01   3.9194315e+01   4.0028471e+01   5.0522495e+01   4.0028471e+01   5.4954109e+01   3.4500000e+01   2.1018285e+01   4.3401049e+01   5.3021424e+01   3.7621422e+01   2.6004901e+01   1.3039936e+01   3.0016944e+01   4.8065744e+01   7.0792247e+01   4.0801985e+01   4.5235333e+01   2.2799103e+01   6.5036811e+01   4.7683154e+01   3.8582148e+01   1.4000000e+01   1.0104686e+01   1.4642136e+01   4.7238635e+01   5.5317880e+01   6.2981997e+01   5.6493303e+01   5.6099011e+01   1.9268324e+01   3.5032593e+01   6.8295649e+01   3.6003521e+01   5.5927881e+01   0.0000000e+00   5.0883529e+01   5.1022272e+01   5.4344684e+01   2.6122256e+01   3.9746019e+01   2.9847061e+01
  3.3854160e+01   3.2256889e+01   4.5444410e+01   5.9722040e+01   5.2945210e+01   3.4734486e+01   4.7042991e+01   4.6986557e+01   3.4115473e+01   5.3275468e+01   3.5231110e+01   3.5503571e+01   3.2067388e+01   3.5413813e+00   4.8011626e+00   3.3149655e+01   3.0016944e+01   4.4536916e+01   5.0276926e+00   1.9053975e+01   1.5508331e+01   3.1427334e+01   1.8402514e+01   1.8113915e+01   2.1523796e+01   4.5311289e+00   1.5508331e+01   2.5615528e+00   1.7068042e+01   6.3309519e+00   2.0853132e+01   5.1590606e+01   5.1158168e+01   5.0947993e+01   3.7194686e+01   5.1863898e+01   3.1504032e+01   3.0084624e+01   2.8806360e+01   5.5249378e+00   1.9080904e+01   1.4229530e+01   3.3431748e+01   1.0940307e+01   1.6694135e+01   5.4650254e+01   3.9081083e+01   6.2008771e+00   4.3237571e+01   1.4446326e+01   5.4467583e+01   1.8191806e+01   3.2628648e+01   4.6597722e+01   3.4500000e+01   3.1342341e+01   4.6808746e+01   3.7340874e+01   3.4154759e+00   5.9002137e+01   1.8000000e+01   1.2161904e+01   3.3564331e+01   1.6500000e+01   5.5465899e+01   3.9029210e+01   3.0608138e+01   8.5622577e+00   4.2559482e+01   3.6284075e+01   3.5039832e+01   5.9076873e+01   3.3685087e+01   3.3284271e+00   2.0412308e+01   1.0807764e+01   2.1577239e+01   2.8929738e+01   1.7367128e+01   1.9974342e+01   3.0504166e+01   6.0485415e+01   4.9929242e+01   6.2164414e+01   1.9735384e+01   5.6860447e+01   1.6072412e+01   4.6557030e+01   5.9083269e+00   3.2410030e+01   3.7554015e+01   1.7914075e+01   3.3636083e+01   5.5846635e+01   5.0883529e+01   0.0000000e+00   1.9142136e+00   4.4932533e+01   3.3195565e+01   1.7000000e+01   2.1719095e+01
  3.3370960e+01   3.2570235e+01   4.4157760e+01   5.9629096e+01   5.3059490e+01   3.5628336e+01   4.6010988e+01   4.5721676e+01   3.3605891e+01   5.3379580e+01   3.6126535e+01   3.6531236e+01   3.2476554e+01   4.5311289e+00   4.8011626e+00   3.1804952e+01   3.0202693e+01   4.3351488e+01   4.0355339e+00   2.0280040e+01   1.5205441e+01   3.0038111e+01   1.8234148e+01   1.9241665e+01   2.2860680e+01   5.7201533e+00   1.6507811e+01   2.3027756e+00   1.8007141e+01   6.1568542e+00   2.2208293e+01   5.2876044e+01   5.1089030e+01   5.1106324e+01   3.6617863e+01   5.1795711e+01   3.0504166e+01   2.8717902e+01   2.9070089e+01   6.5207973e+00   2.0406029e+01   1.5077380e+01   3.3824165e+01   1.0348858e+01   1.7566048e+01   5.4733292e+01   4.0154760e+01   7.6063352e+00   4.2147329e+01   1.5213939e+01   5.5785622e+01   1.8191806e+01   3.2079265e+01   4.5411023e+01   3.3515148e+01   3.0101520e+01   4.6657340e+01   3.6224641e+01   4.0355339e+00   5.8830952e+01   1.9027007e+01   1.1901754e+01   3.2284430e+01   1.7529386e+01   5.6769441e+01   4.0079035e+01   3.0872685e+01   8.3102497e+00   4.3916587e+01   3.7412058e+01   3.4514703e+01   5.8965802e+01   3.4591788e+01   3.6622777e+00   2.0311613e+01   1.0759142e+01   2.2888613e+01   2.9227165e+01   1.8177670e+01   2.1338666e+01   2.9538767e+01   6.0376957e+01   4.9797566e+01   6.2083277e+01   2.1091260e+01   5.8158477e+01   1.7007574e+01   4.5268851e+01   6.3523500e+00   3.2675301e+01   3.8618237e+01   1.7827723e+01   3.2749031e+01   5.7159068e+01   5.1022272e+01   1.9142136e+00   0.0000000e+00   4.3665380e+01   3.2702484e+01   1.8028548e+01   2.2023243e+01
  3.0769622e+01   4.8262433e+01   2.0000000e+00   5.3584838e+01   5.5018346e+01   6.2113716e+01   1.3785330e+01   2.5615528e+00   3.0118406e+01   5.4951814e+01   6.2508064e+01   6.5741858e+01   5.0161353e+01   4.7627487e+01   4.6339394e+01   1.3509612e+01   4.4754943e+01   5.5990195e+00   4.0528115e+01   5.7231825e+01   5.0022722e+01   1.7270510e+01   5.3000000e+01   5.4905882e+01   6.1518440e+01   4.8883882e+01   5.1416598e+01   4.3220019e+01   6.0427039e+01   4.1429818e+01   6.1397455e+01   8.6793105e+01   4.8666378e+01   5.4926556e+01   2.8522313e+01   4.9126125e+01   1.8304494e+01   1.7007574e+01   4.5848649e+01   4.9540799e+01   5.9172822e+01   5.7282480e+01   5.0492499e+01   3.6972592e+01   5.0404910e+01   5.5276820e+01   6.9704407e+01   4.9807707e+01   1.0512492e+01   5.7079590e+01   9.0656808e+01   5.4520829e+01   2.9135642e+01   5.9083269e+00   1.7060495e+01   1.4156500e+01   4.3850317e+01   1.1477249e+01   4.6860004e+01   5.0702092e+01   5.3301515e+01   3.8503289e+01   1.1901754e+01   5.2406165e+01   9.1034524e+01   6.9065662e+01   4.6557030e+01   4.0088508e+01   8.1099318e+01   6.8780671e+01   2.9761750e+01   5.2586467e+01   6.1643274e+01   4.3769504e+01   5.5009174e+01   4.0462482e+01   6.0964866e+01   4.6543458e+01   6.0025205e+01   6.0869694e+01   1.9709373e+01   5.3650729e+01   4.6134417e+01   5.5683784e+01   6.0443724e+01   9.2125597e+01   5.9451251e+01   2.7360680e+00   4.8400939e+01   4.7324139e+01   6.8236622e+01   5.3509433e+01   2.0178669e+01   9.1727737e+01   5.4344684e+01   4.4932533e+01   4.3665380e+01   0.0000000e+00   3.0504166e+01   5.2701533e+01   4.4363424e+01
  1.2071068e+00   1.8898369e+01   3.1884710e+01   3.0084624e+01   2.7379360e+01   3.3921550e+01   2.2799103e+01   3.1804952e+01   1.5000000e+00   2.7467573e+01   3.4237961e+01   3.8106515e+01   2.1006097e+01   3.6154593e+01   3.6948594e+01   2.8517851e+01   1.5739751e+01   2.6485573e+01   2.9353076e+01   3.5360436e+01   4.6131678e+01   3.1330180e+01   4.9454060e+01   3.2814857e+01   3.9958839e+01   3.6724991e+01   3.0067719e+01   3.1163496e+01   4.9208316e+01   2.7425824e+01   4.0315198e+01   5.9502119e+01   2.2505681e+01   2.6576810e+01   5.0276926e+00   2.3155022e+01   1.4036986e+01   2.8859302e+01   1.7300298e+01   3.8013331e+01   3.8212730e+01   4.6679000e+01   2.1054805e+01   2.2860680e+01   2.8163152e+01   2.8271388e+01   4.1809805e+01   3.5061539e+01   2.2005813e+01   4.7024187e+01   6.3622896e+01   4.9896356e+01   2.0000000e+00   2.7959060e+01   1.4101471e+01   2.2505681e+01   1.7307736e+01   1.9637659e+01   3.6087919e+01   2.8401613e+01   3.0835623e+01   2.1689620e+01   2.5020400e+01   3.0649627e+01   6.3700079e+01   4.1027768e+01   1.7485288e+01   2.5198178e+01   5.5961698e+01   4.1688591e+01   2.5000000e+00   2.9227165e+01   3.3700151e+01   3.0583218e+01   5.1671281e+01   2.3440139e+01   3.9051913e+01   1.8000000e+01   4.9840653e+01   4.0202015e+01   1.3000000e+01   3.0603986e+01   2.0406029e+01   3.2570235e+01   3.9704592e+01   6.4613181e+01   4.8254581e+01   3.2737401e+01   3.8529594e+01   1.7856555e+01   4.0500000e+01   4.9318542e+01   1.0940307e+01   6.4501953e+01   2.6122256e+01   3.3195565e+01   3.2702484e+01   3.0504166e+01   0.0000000e+00   3.0703477e+01   1.9053975e+01
  3.1147186e+01   2.0655644e+01   5.3606026e+01   5.0589919e+01   4.1963840e+01   1.8451323e+01   5.0544980e+01   5.4613307e+01   3.1696955e+01   4.2380783e+01   1.8939089e+01   1.9006756e+01   1.9506578e+01   1.7762677e+01   2.0655644e+01   4.3316469e+01   2.0108672e+01   5.0749378e+01   1.8085505e+01   5.2434165e+00   3.0938463e+01   4.3000000e+01   3.3229956e+01   2.7360680e+00   9.8407708e+00   1.6992423e+01   2.0811388e+00   1.6624515e+01   2.4918231e+01   1.4896180e+01   1.0117692e+01   3.6534705e+01   4.2129317e+01   3.9618410e+01   3.5231110e+01   4.2790661e+01   3.5855339e+01   4.1027768e+01   1.8234148e+01   1.8220045e+01   8.0166482e+00   2.3807724e+01   2.0902206e+01   1.7300298e+01   3.0495098e+00   4.3910828e+01   2.2641590e+01   1.3000000e+01   4.7905168e+01   2.4629857e+01   3.9885911e+01   3.2347292e+01   3.0913813e+01   5.2723079e+01   3.8292195e+01   3.9493589e+01   3.8921999e+01   4.2861539e+01   1.8672782e+01   5.0731962e+01   1.5000000e+00   1.5000000e+01   4.2273197e+01   1.0000000e+00   4.0631035e+01   2.2551077e+01   1.9741881e+01   1.4826549e+01   2.9140007e+01   2.0025624e+01   3.2690837e+01   5.0158836e+01   1.7367128e+01   1.5137281e+01   3.4854767e+01   1.3306248e+01   9.0440037e+00   1.7964249e+01   2.6427784e+01   1.0013149e+01   3.4500000e+01   5.1490195e+01   4.1640005e+01   5.2828291e+01   9.5138782e+00   4.1927648e+01   2.4253947e+01   5.4703321e+01   2.0512496e+01   2.1296634e+01   2.1097330e+01   3.2453091e+01   3.6154593e+01   4.1150953e+01   3.9746019e+01   1.7000000e+01   1.8028548e+01   5.2701533e+01   3.0703477e+01   0.0000000e+00   1.2541595e+01
  1.9427493e+01   1.1047512e+01   4.5469434e+01   3.9615214e+01   3.1968238e+01   1.8837121e+01   4.0129534e+01   4.6109758e+01   2.0025624e+01   3.2327661e+01   1.9288294e+01   2.2005813e+01   1.1094810e+01   2.3930749e+01   2.6019600e+01   3.7177650e+01   9.0146932e+00   4.1609610e+01   2.0000000e+01   1.7007574e+01   3.6700829e+01   3.8013331e+01   3.9618410e+01   1.4500000e+01   2.1553503e+01   2.3845235e+01   1.2268602e+01   2.0223083e+01   3.4752737e+01   1.6601242e+01   2.2005813e+01   4.2932299e+01   3.1028675e+01   2.9864094e+01   2.3548861e+01   3.1716983e+01   2.6672505e+01   3.5692329e+01   7.6063352e+00   2.5258837e+01   2.0006409e+01   3.2907561e+01   1.2384864e+01   1.5137281e+01   1.0117692e+01   3.3764095e+01   2.6019600e+01   2.0729928e+01   3.8106515e+01   3.3534073e+01   4.6827638e+01   3.9310437e+01   1.9473666e+01   4.3456373e+01   2.8611386e+01   3.2256889e+01   2.7356098e+01   3.3764095e+01   2.4400837e+01   3.9413365e+01   1.2500000e+01   1.2172618e+01   3.5169872e+01   1.2593387e+01   4.7174404e+01   2.5464975e+01   9.4022469e+00   1.4896180e+01   3.7973324e+01   2.4918231e+01   2.1000000e+01   3.9087563e+01   1.8177670e+01   1.8945867e+01   4.1600487e+01   1.2204700e+01   2.0599751e+01   7.7111026e+00   3.5901271e+01   2.2005813e+01   2.5258837e+01   4.0462482e+01   3.0240545e+01   4.1963840e+01   2.1505952e+01   4.8262433e+01   3.3925290e+01   4.6510868e+01   2.6815395e+01   1.1200467e+01   2.4505208e+01   3.9100518e+01   2.6019600e+01   4.7876154e+01   2.9847061e+01   2.1719095e+01   2.2023243e+01   4.4363424e+01   1.9053975e+01   1.2541595e+01   0.0000000e+00
