  0.0000000e+00   3.1516125e+01   2.8757742e+01   3.3594561e+01   2.8365750e+01   5.6949092e+01   2.1772047e+01   2.5020400e+01   2.5579872e+01   3.8529594e+01   2.9192333e+01   4.8128773e+01   3.7547267e+01   1.3247549e+01   3.9349067e+01   3.1163496e+01   3.1536269e+01   1.2097414e+01   4.5092600e+01   4.1903502e+01   1.6008062e+01   4.6613989e+01   4.7002688e+01   2.1151876e+01   2.6500000e+01   1.6624515e+01   3.9116706e+01   3.3126676e+01   4.4183521e+01   3.5407019e+01   5.2169906e+00   3.0707615e+01   4.8105147e+01   3.4558773e+01   1.7485288e+01   2.4005319e+01   3.5557096e+01   3.3943983e+01   3.0649627e+01   3.1908598e+01   2.4774472e+01   2.4337995e+01   4.9685872e+01   2.1713203e+01   2.4259209e+01   3.3401368e+01   5.0251884e+01   1.5205441e+01   3.7340874e+01   2.4552027e+01   1.7120770e+01   2.6600766e+01   2.1595023e+01   4.0028471e+01   2.1523796e+01   3.2535137e+01   3.6392200e+01   5.2672790e+01   2.2641590e+01   1.9974342e+01   3.2597508e+01   3.6569378e+01   1.7120770e+01   3.3382366e+01   4.6613989e+01   2.6815395e+01   1.9060711e+01   2.3199119e+01   3.0000000e+00   4.1003086e+01   5.9221802e+01   3.4941980e+01   2.0859273e+01   3.7082099e+01   2.6311819e+01   2.7518512e+01   5.1893093e+01   2.1386599e+01   1.6778821e+01   2.9004386e+01   1.1545361e+01   4.9208316e+01   2.9487066e+01   3.5663902e+01   5.0163870e+01   3.8578866e+01   1.4580128e+01   2.7725907e+01   4.0705721e+01   3.2476554e+01   2.3396506e+01   1.4589003e+01   4.4354874e+01   5.2087305e+01   4.9471931e+01   4.5137428e+01   2.5045875e+01   4.3316469e+01   2.7370058e+01   4.3073466e+01   1.9328170e+01
  3.1516125e+01   0.0000000e+00   5.9257978e+01   5.5692844e+01   5.9104607e+01   4.9002577e+01   5.1318304e+01   1.0104686e+01   4.8007894e+01   3.7368008e+01   5.8863088e+01   5.6253924e+01   3.4974628e+01   4.4140577e+01   6.2211020e+01   1.2384864e+01   3.0000000e+00   4.3073466e+01   4.7388165e+01   3.2142535e+01   3.4271290e+01   5.2600864e+01   4.9249359e+01   3.6200140e+01   5.7508771e+01   3.6749138e+01   7.0115013e+01   6.3717877e+01   5.7114927e+01   2.3270595e+01   2.9157460e+01   3.2570235e+01   7.1501761e+01   2.4037205e+01   2.4217082e+01   5.5002294e+01   4.9336462e+01   3.2942256e+01   4.2273197e+01   9.0146932e+00   5.3868998e+01   8.5777472e+00   6.6638113e+01   5.2538447e+01   3.7330694e+01   5.2427835e+01   5.7300088e+01   1.7856555e+01   6.8118415e+01   5.1416598e+01   3.9038941e+01   3.4178628e+01   1.0940307e+01   5.8590447e+01   5.1490195e+01   5.6689412e+01   4.0565571e+01   5.6213553e+01   3.0554118e+01   2.8540150e+01   6.3517855e+01   2.8158633e+01   4.8094643e+01   6.4282835e+01   6.0869694e+01   5.4281967e+01   4.8940685e+01   5.4037370e+01   3.3594561e+01   6.2809710e+01   8.2751140e+01   6.0209714e+01   3.0274150e+01   4.4876232e+01   5.6493303e+01   4.5000000e+00   5.1941715e+01   2.2843903e+01   4.7542534e+01   5.9614296e+01   3.4676015e+01   5.6647128e+01   3.7826264e+01   3.4770979e+01   6.7001880e+01   6.7968511e+01   3.3594561e+01   2.3570544e+01   5.6379334e+01   3.4300888e+01   5.2646428e+01   1.9800259e+01   7.3398903e+01   6.3047982e+01   4.6491847e+01   5.7600788e+01   3.9493589e+01   3.0504166e+01   2.3823808e+01   3.7762582e+01   4.0129534e+01
  2.8757742e+01   5.9257978e+01   0.0000000e+00   3.8608398e+01   2.5000000e+00   7.9746451e+01   1.9735384e+01   5.1502451e+01   3.4800146e+01   6.1082588e+01   5.1097722e+00   6.2765560e+01   6.0940053e+01   1.7992856e+01   4.0615458e+01   5.6323382e+01   5.9544475e+01   1.8388544e+01   6.4390531e+01   6.7202699e+01   2.9910882e+01   6.3181736e+01   6.5936993e+01   4.0860872e+01   7.1708320e+00   2.7712130e+01   1.5034442e+01   1.6024175e+01   5.5747172e+01   6.2217096e+01   3.0603986e+01   5.3913481e+01   4.5502778e+01   6.1117654e+01   4.3882024e+01   7.7111026e+00   4.9208316e+01   5.7508771e+01   4.8065744e+01   6.0165736e+01   2.1218349e+01   5.1561238e+01   5.5556789e+01   7.8824115e+00   4.3639309e+01   4.2547592e+01   6.5247587e+01   4.2048165e+01   9.6241438e+00   1.4642136e+01   2.5384734e+01   4.8387890e+01   4.9739212e+01   4.6986557e+01   1.8177670e+01   3.4840210e+01   5.6724994e+01   6.9698988e+01   4.6010988e+01   4.4332066e+01   6.5207973e+00   6.2245445e+01   1.4401439e+01   1.3039936e+01   5.6213553e+01   1.2706556e+01   1.9101075e+01   6.6032778e+00   2.7225456e+01   4.3255117e+01   5.3765843e+01   3.3955194e+01   4.4329214e+01   5.4926556e+01   1.6878339e+01   5.5276820e+01   7.1247791e+01   4.2964691e+01   1.2520815e+01   1.4500000e+01   3.2256889e+01   6.4131753e+01   4.9645193e+01   5.8758047e+01   5.6042776e+01   1.1835784e+01   3.6014082e+01   5.3971955e+01   5.0659745e+01   5.5171748e+01   2.0655644e+01   4.0500000e+01   3.0118406e+01   6.3462290e+01   7.0865119e+01   5.6864883e+01   4.2949971e+01   6.9356735e+01   5.3533009e+01   6.6568147e+01   3.5155447e+01
  3.3594561e+01   5.5692844e+01   3.8608398e+01   0.0000000e+00   3.6724991e+01   4.9431074e+01   1.9819679e+01   5.3551861e+01   8.7006097e+00   3.3741540e+01   4.2601069e+01   2.6311819e+01   3.5057922e+01   2.7615494e+01   7.0192024e+00   6.0608236e+01   5.4351648e+01   2.8717902e+01   3.1824910e+01   4.3511626e+01   4.8094643e+01   2.8108875e+01   3.2706366e+01   2.0178669e+01   3.1984123e+01   4.7820714e+01   3.5918921e+01   2.7206741e+01   1.8304494e+01   4.3746387e+01   3.8295502e+01   3.0152150e+01   1.6311388e+01   4.2180331e+01   3.1984123e+01   3.1680924e+01   1.4615594e+01   3.3015381e+01   1.8506943e+01   5.1039588e+01   1.7892527e+01   5.1534302e+01   1.8007141e+01   3.3549206e+01   1.9948650e+01   6.3523500e+00   2.8784271e+01   4.5187806e+01   4.1150953e+01   4.6567885e+01   4.7195824e+01   2.5015301e+01   4.5801766e+01   8.8815273e+00   2.1386599e+01   4.7426407e+00   2.7379360e+01   3.4237961e+01   2.6777367e+01   2.8004545e+01   3.6735342e+01   4.0652833e+01   2.8040879e+01   3.0608138e+01   1.8170597e+01   4.6827638e+01   2.1553503e+01   3.3854160e+01   3.1370698e+01   8.0000000e+00   2.7601660e+01   8.1157731e+00   2.6447061e+01   2.2961077e+01   2.2431712e+01   5.2406165e+01   3.7715588e+01   5.4035035e+01   3.3015381e+01   2.5803162e+01   2.3700216e+01   2.7725907e+01   2.3049945e+01   3.3015381e+01   1.8506943e+01   4.9287806e+01   2.3138463e+01   3.6562446e+01   1.3000000e+01   3.0016944e+01   1.8569311e+01   4.5801766e+01   2.5489998e+01   2.5559928e+01   3.9774674e+01   1.9401058e+01   1.7740940e+01   4.7002688e+01   3.6084407e+01   3.9464728e+01   1.6413830e+01
  2.8365750e+01   5.9104607e+01   2.5000000e+00   3.6724991e+01   0.0000000e+00   7.8397368e+01   1.7992856e+01   5.1561238e+01   3.3096012e+01   5.9781110e+01   7.0764732e+00   6.1039243e+01   5.9703040e+01   1.7052945e+01   3.8647739e+01   5.6573612e+01   5.9306887e+01   1.7588007e+01   6.2869865e+01   6.6114404e+01   3.0583218e+01   6.1532778e+01   6.4390531e+01   3.9551248e+01   5.2434165e+00   2.8473201e+01   1.3813527e+01   1.4101471e+01   5.3943896e+01   6.1335845e+01   3.0504166e+01   5.2701533e+01   4.3502907e+01   6.0203434e+01   4.3044095e+01   6.1568542e+00   4.7515955e+01   5.6303226e+01   4.6548887e+01   5.9728372e+01   1.9348077e+01   5.1502451e+01   5.3615440e+01   7.1708320e+00   4.2273197e+01   4.0749224e+01   6.3525788e+01   4.2000000e+01   9.5138782e+00   1.6120499e+01   2.6214782e+01   4.7118130e+01   4.9433629e+01   4.5098206e+01   1.6453056e+01   3.2922986e+01   5.5301916e+01   6.8046280e+01   4.4876232e+01   4.3293107e+01   5.4244289e+00   6.1216555e+01   1.3276932e+01   1.1235455e+01   5.4351648e+01   1.4392444e+01   1.7529386e+01   5.7201533e+00   2.6696374e+01   4.1292156e+01   5.1795711e+01   3.1984123e+01   4.3220019e+01   5.3379580e+01   1.4930870e+01   5.5112270e+01   6.9704407e+01   4.3433087e+01   1.2097414e+01   1.2500000e+01   3.1200163e+01   6.2411227e+01   4.8262433e+01   5.7508771e+01   5.4100373e+01   1.3403488e+01   3.4898401e+01   5.3047597e+01   4.8832184e+01   5.3913481e+01   1.8837121e+01   4.0549969e+01   2.8271388e+01   6.1624872e+01   6.9443818e+01   5.5061891e+01   4.1512193e+01   6.8347255e+01   5.2600864e+01   6.5315122e+01   3.3741540e+01
  5.6949092e+01   4.9002577e+01   7.9746451e+01   4.9431074e+01   7.8397368e+01   0.0000000e+00   6.1900326e+01   5.5447702e+01   4.7833920e+01   1.9268324e+01   8.2177720e+01   2.7500000e+01   1.9916488e+01   6.2741465e+01   5.3521222e+01   6.0552061e+01   4.6502717e+01   6.2789646e+01   1.8220045e+01   1.7682840e+01   7.0278220e+01   2.3586793e+01   1.7762677e+01   3.9397301e+01   7.4313955e+01   7.1833723e+01   8.2605116e+01   7.3746160e+01   3.5231110e+01   2.6672505e+01   5.9119536e+01   2.6900758e+01   5.9688259e+01   2.6394015e+01   4.0324616e+01   7.2749567e+01   3.5320971e+01   2.3521729e+01   3.3096012e+01   4.0500000e+01   6.2073127e+01   5.2473551e+01   4.5502778e+01   7.2628358e+01   3.6624784e+01   4.3581318e+01   2.6078311e+01   5.5055018e+01   8.5619034e+01   8.0500000e+01   7.3006896e+01   3.1984123e+01   4.6981179e+01   4.4647480e+01   6.3209648e+01   5.3351206e+01   2.3807724e+01   2.0311613e+01   3.5101301e+01   3.7530393e+01   8.0539053e+01   2.2692341e+01   6.5915977e+01   7.6495066e+01   3.8552595e+01   8.2335200e+01   6.1573726e+01   7.3706899e+01   5.6822731e+01   5.1919841e+01   6.7516789e+01   5.7044230e+01   3.6900549e+01   2.7112967e+01   6.6939822e+01   4.9126125e+01   1.4036986e+01   6.5624880e+01   6.9147651e+01   7.0955660e+01   4.8713069e+01   2.6519224e+01   3.0653773e+01   2.1900935e+01   4.5500000e+01   9.1034524e+01   4.4808577e+01   3.1049141e+01   3.9332976e+01   2.5339485e+01   6.1820877e+01   5.7420998e+01   7.4413801e+01   3.4237961e+01   1.0156604e+01   3.4632096e+01   3.7513511e+01   1.9027007e+01   3.1232719e+01   1.4392444e+01   4.5187806e+01
  2.1772047e+01   5.1318304e+01   1.9735384e+01   1.9819679e+01   1.7992856e+01   6.1900326e+01   0.0000000e+00   4.6000000e+01   1.5616216e+01   4.3642207e+01   2.3440139e+01   4.3546487e+01   4.3916587e+01   1.0500000e+01   2.3088714e+01   5.2377259e+01   5.0811529e+01   1.1901754e+01   4.5754834e+01   5.1118672e+01   3.2702484e+01   4.4100459e+01   4.7190470e+01   2.3759407e+01   1.3403488e+01   3.1716983e+01   2.1860009e+01   1.3652946e+01   3.6545111e+01   4.7796934e+01   2.6019600e+01   3.7174242e+01   3.0067719e+01   4.6461941e+01   3.0566593e+01   1.2583046e+01   3.0038111e+01   4.0749224e+01   2.9525851e+01   4.9591751e+01   3.7015621e+00   4.4932533e+01   3.7218524e+01   1.4229530e+01   2.6053865e+01   2.3347319e+01   4.6032955e+01   3.6294553e+01   2.4253947e+01   2.7518512e+01   3.0470819e+01   3.1358548e+01   4.0904208e+01   2.8158633e+01   2.0811388e+00   1.6507811e+01   3.8608398e+01   5.0604890e+01   3.0067719e+01   2.9244565e+01   1.9241665e+01   4.6679000e+01   9.2321246e+00   1.5541609e+01   3.7187873e+01   2.7573973e+01   3.3284271e+00   1.4580128e+01   1.9294946e+01   2.5519992e+01   4.0302638e+01   1.6878339e+01   2.8660256e+01   3.6210643e+01   6.0901699e+00   4.7430800e+01   5.2502404e+01   4.2120308e+01   1.4229530e+01   9.9868330e+00   1.8007141e+01   4.4918465e+01   3.1840868e+01   4.1682521e+01   3.7715588e+01   3.0872685e+01   2.0803941e+01   3.9439055e+01   3.1516125e+01   3.8089892e+01   2.3027756e+00   3.5855339e+01   2.3088714e+01   4.4332066e+01   5.2675186e+01   3.7661808e+01   2.4913111e+01   5.3812756e+01   3.8951268e+01   4.9377398e+01   1.7500000e+01
  2.5020400e+01   1.0104686e+01   5.1502451e+01   5.3551861e+01   5.1561238e+01   5.5447702e+01   4.6000000e+01   0.0000000e+00   4.5469434e+01   4.1371751e+01   5.0659745e+01   5.8553854e+01   3.9207234e+01   3.7732378e+01   5.9964275e+01   7.6063352e+00   1.1835784e+01   3.6517357e+01   5.1000000e+01   3.8269035e+01   2.5020400e+01   5.5383969e+01   5.2961891e+01   3.5101301e+01   5.0492499e+01   2.7541635e+01   6.3301274e+01   5.7642366e+01   5.8002174e+01   2.9279333e+01   2.1713203e+01   3.5187894e+01   6.9220448e+01   2.9607559e+01   2.3396506e+01   4.7947339e+01   4.9635018e+01   3.6503472e+01   4.2799527e+01   1.6601242e+01   4.8832184e+01   3.5000000e+00   6.6530296e+01   4.5179414e+01   3.6972592e+01   5.1207495e+01   5.9951661e+01   1.0323441e+01   6.0533324e+01   4.2586221e+01   2.9910882e+01   3.5177082e+01   9.8407708e+00   5.7738536e+01   4.5912003e+01   5.3833854e+01   4.3220019e+01   5.9831695e+01   3.0913813e+01   2.8284888e+01   5.6182134e+01   3.3534073e+01   4.1500000e+01   5.7771284e+01   6.1469255e+01   4.5513887e+01   4.3398135e+01   4.6673586e+01   2.7379360e+01   6.0958664e+01   8.0556230e+01   5.7002212e+01   3.0084624e+01   4.6738512e+01   5.0784192e+01   7.4462220e+00   5.6379334e+01   1.3247549e+01   4.0202015e+01   5.3521222e+01   3.0901480e+01   5.9162168e+01   3.8983763e+01   3.8476967e+01   6.6939822e+01   5.9544475e+01   3.0913813e+01   2.6805893e+01   5.6386045e+01   3.7123080e+01   4.7510637e+01   1.1511358e+01   6.8529405e+01   6.4722270e+01   5.1539201e+01   5.8648517e+01   3.8921999e+01   3.7378178e+01   2.6886550e+01   4.3000000e+01   3.7638255e+01
  2.5579872e+01   4.8007894e+01   3.4800146e+01   8.7006097e+00   3.3096012e+01   4.7833920e+01   1.5616216e+01   4.5469434e+01   0.0000000e+00   3.0404013e+01   3.8292195e+01   2.8473201e+01   3.1200163e+01   2.1151876e+01   1.5000000e+01   5.2502404e+01   4.6795248e+01   2.2052262e+01   3.1036863e+01   3.9233061e+01   4.0406140e+01   2.9004386e+01   3.2351217e+01   1.3247549e+01   2.8517851e+01   4.0312058e+01   3.5317381e+01   2.6432605e+01   2.1860009e+01   3.8029988e+01   3.0253151e+01   2.5248737e+01   2.4253947e+01   3.6513886e+01   2.4426972e+01   2.7601660e+01   1.4922205e+01   2.8544607e+01   1.5264823e+01   4.3864732e+01   1.5000000e+01   4.3526155e+01   2.4918231e+01   2.8731188e+01   1.4009256e+01   9.0146932e+00   3.0950780e+01   3.7000000e+01   3.9051913e+01   4.0705721e+01   3.9885911e+01   1.9559119e+01   3.7943290e+01   1.5213939e+01   1.7143317e+01   9.2321246e+00   2.4650569e+01   3.5500000e+01   2.0229420e+01   2.0902206e+01   3.4178628e+01   3.5628336e+01   2.2482948e+01   2.9314059e+01   2.3138463e+01   4.1371751e+01   1.6390249e+01   2.9348743e+01   2.3440139e+01   1.6200318e+01   3.5589172e+01   1.3000000e+01   1.9539433e+01   2.1505952e+01   1.9948650e+01   4.4602154e+01   3.7638255e+01   4.5867940e+01   2.7183328e+01   2.3877339e+01   1.5500000e+01   2.9834280e+01   1.8700275e+01   2.9004386e+01   2.5409837e+01   4.5986262e+01   1.5103082e+01   3.0269951e+01   1.7188319e+01   2.5609759e+01   1.5034442e+01   3.7601213e+01   2.9070089e+01   2.9847061e+01   3.8358288e+01   2.2961077e+01   1.2097414e+01   4.2431492e+01   2.9774562e+01   3.6256118e+01   8.4056942e+00
  3.8529594e+01   3.7368008e+01   6.1082588e+01   3.3741540e+01   5.9781110e+01   1.9268324e+01   4.3642207e+01   4.1371751e+01   3.0404013e+01   0.0000000e+00   6.3432504e+01   2.0655644e+01   3.0000000e+00   4.3988504e+01   3.9003247e+01   4.7574409e+01   3.5039832e+01   4.4022982e+01   1.0562306e+01   1.0940307e+01   5.2531241e+01   1.6445219e+01   1.2384864e+01   2.0729928e+01   5.5801447e+01   5.3887733e+01   6.4706697e+01   5.5954937e+01   2.4666092e+01   1.5805228e+01   4.1077087e+01   8.3262379e+00   4.6770941e+01   1.4508926e+01   2.2482948e+01   5.4149324e+01   2.0556171e+01   5.5249378e+00   1.5902922e+01   2.9348743e+01   4.4117657e+01   3.8401187e+01   3.5692329e+01   5.3915822e+01   1.8113915e+01   2.8072631e+01   2.1115528e+01   3.8709946e+01   6.7227056e+01   6.1820877e+01   5.4873707e+01   1.3227922e+01   3.2142535e+01   3.1261177e+01   4.4876232e+01   3.7174242e+01   7.0192024e+00   1.9348077e+01   1.6453056e+01   1.9060711e+01   6.2111687e+01   1.0759142e+01   4.7217235e+01   5.8487068e+01   2.8682441e+01   6.3605071e+01   4.3105751e+01   5.5020638e+01   3.8235925e+01   3.8053295e+01   5.6415114e+01   4.1107881e+01   1.8255281e+01   1.2268602e+01   4.8873546e+01   3.6154593e+01   1.5533296e+01   4.9662994e+01   5.0382362e+01   5.2904675e+01   2.9949109e+01   2.0680436e+01   1.2353270e+01   3.5413813e+00   3.5887145e+01   7.2341840e+01   2.6044080e+01   1.5077380e+01   2.6696374e+01   6.6032778e+00   4.3726149e+01   4.0876354e+01   5.8366225e+01   2.8158633e+01   1.1567972e+01   2.4650569e+01   1.9294946e+01   1.4730249e+01   1.5034442e+01   6.3523500e+00   2.6715453e+01
  2.9192333e+01   5.8863088e+01   5.1097722e+00   4.2601069e+01   7.0764732e+00   8.2177720e+01   2.3440139e+01   5.0659745e+01   3.8292195e+01   6.3432504e+01   0.0000000e+00   6.6243821e+01   6.3127869e+01   1.9948650e+01   4.4907207e+01   5.5020638e+01   5.9343011e+01   2.0025624e+01   6.7300075e+01   6.9001825e+01   2.7872431e+01   6.6441262e+01   6.8912353e+01   4.3316469e+01   1.1511358e+01   2.5505000e+01   1.8939089e+01   2.0630822e+01   5.9461852e+01   6.3525788e+01   3.0332868e+01   5.6063027e+01   5.0022722e+01   6.2510080e+01   4.5179414e+01   1.1420165e+01   5.2617655e+01   5.9629096e+01   5.1009900e+01   6.0427039e+01   2.5238634e+01   5.0987622e+01   5.9728372e+01   1.0208244e+01   4.6219252e+01   4.6273901e+01   6.8709237e+01   4.1518289e+01   1.2161904e+01   1.1047512e+01   2.3061028e+01   5.0704581e+01   4.9746827e+01   5.0980194e+01   2.1860009e+01   3.8951268e+01   5.9398217e+01   7.2958609e+01   4.8007894e+01   4.6107017e+01   1.0624228e+01   6.3913327e+01   1.6901219e+01   1.7588007e+01   6.0109144e+01   8.6394103e+00   2.2414607e+01   9.4442719e+00   2.8004545e+01   4.7523930e+01   5.8370545e+01   3.8269035e+01   4.6273901e+01   5.7928216e+01   2.1151876e+01   5.4926556e+01   7.4205495e+01   4.1249233e+01   1.3700379e+01   1.9027007e+01   3.4178628e+01   6.7591356e+01   5.2239733e+01   6.0983469e+01   6.0218088e+01   9.8941471e+00   3.8036649e+01   5.5418121e+01   5.4456001e+01   5.7431977e+01   2.4541631e+01   3.9758757e+01   3.4676015e+01   6.7272000e+01   7.3500000e+01   6.0577034e+01   4.5713383e+01   7.0955660e+01   5.5000000e+01   6.8780671e+01   3.7906550e+01
  4.8128773e+01   5.6253924e+01   6.2765560e+01   2.6311819e+01   6.1039243e+01   2.7500000e+01   4.3546487e+01   5.8553854e+01   2.8473201e+01   2.0655644e+01   6.6243821e+01   0.0000000e+00   2.3127417e+01   4.8259816e+01   2.8540150e+01   6.5309336e+01   5.4093376e+01   4.8883882e+01   1.1680340e+01   3.0320295e+01   6.3571388e+01   4.9721360e+00   1.0940307e+01   2.7518512e+01   5.6415114e+01   6.4237744e+01   6.1690277e+01   5.2902290e+01   9.0000000e+00   3.5883612e+01   5.2009708e+01   2.4206539e+01   3.3260495e+01   3.4507352e+01   3.6402646e+01   5.5572679e+01   1.4156500e+01   2.4100847e+01   1.8007141e+01   4.8759714e+01   4.2526777e+01   5.5747172e+01   1.8506943e+01   5.6629315e+01   2.4500000e+01   2.1115528e+01   3.0000000e+00   5.3549505e+01   6.6501894e+01   6.7857256e+01   6.4501953e+01   2.4148467e+01   4.9249359e+01   1.9367962e+01   4.5092600e+01   3.0554118e+01   1.6192355e+01   8.7764727e+00   2.8646936e+01   3.1584562e+01   6.1820877e+01   3.0905592e+01   5.0201610e+01   5.6197846e+01   1.1680340e+01   6.8852030e+01   4.4329214e+01   5.7300088e+01   4.6827638e+01   2.6442244e+01   4.0528115e+01   3.3534073e+01   2.9927878e+01   1.2384864e+01   4.7406823e+01   5.4393413e+01   1.4036986e+01   6.4369007e+01   5.4634093e+01   5.1106324e+01   3.7276351e+01   1.9142136e+00   2.0406029e+01   2.2522716e+01   1.8500000e+01   7.3906403e+01   3.4059648e+01   3.3184094e+01   1.4101471e+01   2.2454498e+01   4.2799527e+01   5.5244863e+01   5.0161353e+01   8.1321688e+00   1.8837121e+01   8.1157731e+00   2.3586793e+01   3.4059648e+01   3.2942256e+01   2.3823808e+01   3.0332868e+01
  3.7547267e+01   3.4974628e+01   6.0940053e+01   3.5057922e+01   5.9703040e+01   1.9916488e+01   4.3916587e+01   3.9207234e+01   3.1200163e+01   3.0000000e+00   6.3127869e+01   2.3127417e+01   0.0000000e+00   4.3685646e+01   4.0528115e+01   4.5313502e+01   3.2628648e+01   4.3639309e+01   1.3029964e+01   9.0586214e+00   5.1195167e+01   1.8939089e+01   1.4817821e+01   2.0748457e+01   5.5839859e+01   5.2639237e+01   6.5123912e+01   5.6446403e+01   2.6886550e+01   1.3306248e+01   3.9860513e+01   7.5710678e+00   4.8513019e+01   1.2010864e+01   2.1115528e+01   5.4100373e+01   2.2283021e+01   4.1055513e+00   1.7068042e+01   2.6900758e+01   4.4570965e+01   3.6224641e+01   3.7866429e+01   5.3702444e+01   1.8388544e+01   2.9500000e+01   2.3613849e+01   3.6917715e+01   6.7344970e+01   6.1105280e+01   5.3718888e+01   1.3119429e+01   3.0038111e+01   3.3057641e+01   4.5092600e+01   3.8331865e+01   8.8815273e+00   2.1772047e+01   1.5739751e+01   1.8113915e+01   6.2211020e+01   8.2781746e+00   4.7042991e+01   5.8863088e+01   3.0913813e+01   6.2981997e+01   4.3220019e+01   5.4853013e+01   3.7408671e+01   3.9704592e+01   5.8346780e+01   4.2300120e+01   1.7529386e+01   1.4256816e+01   4.9246795e+01   3.3854160e+01   1.7682840e+01   4.7820714e+01   5.0002525e+01   5.3273099e+01   2.9491378e+01   2.3171568e+01   1.3000000e+01   2.7360680e+00   3.8076588e+01   7.2141468e+01   2.5604780e+01   1.3000000e+01   2.8660256e+01   6.3309519e+00   4.4103326e+01   3.9139358e+01   5.9442769e+01   3.0603986e+01   1.3158989e+01   2.6919690e+01   1.9813208e+01   1.2757651e+01   1.3009996e+01   6.1568542e+00   2.6919690e+01
  1.3247549e+01   4.4140577e+01   1.7992856e+01   2.7615494e+01   1.7052945e+01   6.2741465e+01   1.0500000e+01   3.7732378e+01   2.1151876e+01   4.3988504e+01   1.9948650e+01   4.8259816e+01   4.3685646e+01   0.0000000e+00   3.2031730e+01   4.3688540e+01   4.4011493e+01   1.9142136e+00   4.8207442e+01   4.9736673e+01   2.2703603e+01   4.7923623e+01   4.9896356e+01   2.3930749e+01   1.4229530e+01   2.1772047e+01   2.6504807e+01   2.0424859e+01   4.2371828e+01   4.4783180e+01   1.6847783e+01   3.6624784e+01   3.9695025e+01   4.3656691e+01   2.6500000e+01   1.1901754e+01   3.4654063e+01   4.0198866e+01   3.2067388e+01   4.3789722e+01   1.3700379e+01   3.7082099e+01   4.5044921e+01   1.0624228e+01   2.6900758e+01   2.9654759e+01   5.0652268e+01   2.7908940e+01   2.5644582e+01   2.0146883e+01   2.0655644e+01   3.1261177e+01   3.4003731e+01   3.5500000e+01   9.6923882e+00   2.5122145e+01   4.0101136e+01   5.4393413e+01   2.8611386e+01   2.6848624e+01   2.0630822e+01   4.4754943e+01   4.5311289e+00   2.0655644e+01   4.3789722e+01   2.1115528e+01   7.7111026e+00   1.1912712e+01   1.1047512e+01   3.4234256e+01   5.0181485e+01   2.6311819e+01   2.6900758e+01   3.9012985e+01   1.3962912e+01   4.0154760e+01   5.5146592e+01   3.2535137e+01   7.0192024e+00   1.6311388e+01   1.4800350e+01   4.9540799e+01   3.2907561e+01   4.1536569e+01   4.5544423e+01   2.9004386e+01   1.8617671e+01   3.6503472e+01   3.7836309e+01   3.7983330e+01   1.2300424e+01   2.7070661e+01   3.2410030e+01   5.0412423e+01   5.4149324e+01   4.3453463e+01   2.6576810e+01   5.1863898e+01   3.6059809e+01   4.9336462e+01   1.8857560e+01
  3.9349067e+01   6.2211020e+01   4.0615458e+01   7.0192024e+00   3.8647739e+01   5.3521222e+01   2.3088714e+01   5.9964275e+01   1.5000000e+01   3.9003247e+01   4.4907207e+01   2.8540150e+01   4.0528115e+01   3.2031730e+01   0.0000000e+00   6.7001880e+01   6.0869694e+01   3.3260495e+01   3.5802266e+01   4.9064390e+01   5.3351206e+01   3.1163496e+01   3.6392200e+01   2.6677280e+01   3.3955194e+01   5.2876044e+01   3.5485711e+01   2.7356098e+01   2.0057607e+01   4.9858383e+01   4.4066042e+01   3.6098455e+01   9.8005376e+00   4.8283365e+01   3.8503289e+01   3.4134060e+01   1.9107794e+01   3.8765520e+01   2.4190715e+01   5.7519733e+01   2.0500000e+01   5.7989129e+01   1.5731546e+01   3.6503472e+01   2.6311819e+01   1.1601802e+01   3.0872685e+01   5.1455863e+01   4.1731056e+01   5.0090826e+01   5.2046096e+01   3.1200163e+01   5.2300097e+01   9.6787799e+00   2.4546829e+01   7.4641941e+00   3.2515621e+01   3.6780160e+01   3.3195565e+01   3.4500000e+01   3.7816216e+01   4.6535313e+01   3.1756999e+01   3.0963092e+01   1.8534689e+01   5.0000000e+01   2.5324383e+01   3.6555513e+01   3.7030809e+01   3.1925824e+00   2.1115528e+01   7.1708320e+00   3.2922986e+01   2.7666155e+01   2.4259209e+01   5.8914467e+01   4.1077087e+01   6.0018905e+01   3.6780160e+01   2.6943336e+01   2.9898129e+01   2.9915132e+01   2.8942925e+01   3.8582148e+01   1.6192355e+01   5.0642298e+01   2.9568884e+01   4.2879240e+01   1.5034442e+01   3.5788100e+01   2.1523796e+01   5.1970866e+01   2.2133308e+01   2.5965663e+01   4.3916587e+01   2.1024376e+01   2.4084953e+01   5.2653619e+01   4.2407637e+01   4.4570965e+01   2.2843903e+01
  3.1163496e+01   1.2384864e+01   5.6323382e+01   6.0608236e+01   5.6573612e+01   6.0552061e+01   5.2377259e+01   7.6063352e+00   5.2502404e+01   4.7574409e+01   5.5020638e+01   6.5309336e+01   4.5313502e+01   4.3688540e+01   6.7001880e+01   0.0000000e+00   1.4817821e+01   4.2407637e+01   5.7379258e+01   4.3500000e+01   2.8163152e+01   6.2016258e+01   5.9315389e+01   4.2204316e+01   5.5927881e+01   3.0703477e+01   6.8782501e+01   6.3597147e+01   6.4998062e+01   3.4503676e+01   2.7379360e+01   4.1770449e+01   7.6242986e+01   3.5057922e+01   3.0454132e+01   5.3379580e+01   5.6680513e+01   4.2823162e+01   4.9807707e+01   2.0655644e+01   5.5295073e+01   1.0117692e+01   7.3619765e+01   5.0412423e+01   4.4045953e+01   5.8312196e+01   6.6628662e+01   1.6624515e+01   6.5434582e+01   4.6175486e+01   3.3187918e+01   4.2093269e+01   1.6601242e+01   6.4844774e+01   5.2184137e+01   6.0807545e+01   4.9840653e+01   6.6236215e+01   3.7896524e+01   3.5320971e+01   6.1327625e+01   3.9116706e+01   4.7302778e+01   6.3480156e+01   6.8501838e+01   4.9164669e+01   4.9706199e+01   5.1885796e+01   3.3605891e+01   6.8029623e+01   8.7577552e+01   6.3911355e+01   3.7123080e+01   5.3551861e+01   5.6962377e+01   1.2043396e+01   6.2483869e+01   1.4817821e+01   4.5513887e+01   5.9493644e+01   3.7826264e+01   6.5870100e+01   4.5892731e+01   4.4763416e+01   7.4027206e+01   6.3549584e+01   3.7976659e+01   3.3126676e+01   6.3462290e+01   4.3665380e+01   5.3946235e+01   1.7120770e+01   7.4961399e+01   7.1612587e+01   5.7372665e+01   6.5624880e+01   4.6010988e+01   4.2147329e+01   3.3260495e+01   4.8710476e+01   4.4695588e+01
  3.1536269e+01   3.0000000e+00   5.9544475e+01   5.4351648e+01   5.9306887e+01   4.6502717e+01   5.0811529e+01   1.1835784e+01   4.6795248e+01   3.5039832e+01   5.9343011e+01   5.4093376e+01   3.2628648e+01   4.4011493e+01   6.0869694e+01   1.4817821e+01   0.0000000e+00   4.3000000e+01   4.5078582e+01   2.9654759e+01   3.5417761e+01   5.0382362e+01   4.6924670e+01   3.4752737e+01   5.7519733e+01   3.7853045e+01   7.0016185e+01   6.3390778e+01   5.5171748e+01   2.0803941e+01   2.9525851e+01   3.0454132e+01   7.0141941e+01   2.1600948e+01   2.2888613e+01   5.5036685e+01   4.7523930e+01   3.0686918e+01   4.0453098e+01   6.5207973e+00   5.3268362e+01   9.8005376e+00   6.4846717e+01   5.2694348e+01   3.5717183e+01   5.0900893e+01   5.5089376e+01   1.8527756e+01   6.8312241e+01   5.2232485e+01   4.0079035e+01   3.2327661e+01   1.0512492e+01   5.6964591e+01   5.1059371e+01   5.5509090e+01   3.8401187e+01   5.3887733e+01   2.8863709e+01   2.7004717e+01   6.3626856e+01   2.5723997e+01   4.8002632e+01   6.4096384e+01   5.8965802e+01   5.5055018e+01   4.8513019e+01   5.4188919e+01   3.3500000e+01   6.1378978e+01   8.1348624e+01   5.9100341e+01   2.8700177e+01   4.2814300e+01   5.6078773e+01   5.2169906e+00   4.9540799e+01   2.4541631e+01   4.7714934e+01   5.9306887e+01   3.3880383e+01   5.4456001e+01   3.5918921e+01   3.2488279e+01   6.5201236e+01   6.8531243e+01   3.2539039e+01   2.1440392e+01   5.4594824e+01   3.2142535e+01   5.2080035e+01   2.0655644e+01   7.2683793e+01   6.0964866e+01   4.4048823e+01   5.5629393e+01   3.7906550e+01   2.8004545e+01   2.1719095e+01   3.5317381e+01   3.8961019e+01
  1.2097414e+01   4.3073466e+01   1.8388544e+01   2.8717902e+01   1.7588007e+01   6.2789646e+01   1.1901754e+01   3.6517357e+01   2.2052262e+01   4.4022982e+01   2.0025624e+01   4.8883882e+01   4.3639309e+01   1.9142136e+00   3.3260495e+01   4.2407637e+01   4.3000000e+01   0.0000000e+00   4.8520829e+01   4.9502551e+01   2.1308652e+01   4.8427028e+01   5.0239320e+01   2.4100847e+01   1.5077380e+01   2.0412308e+01   2.7541635e+01   2.1689620e+01   4.3164388e+01   4.4329214e+01   1.5541609e+01   3.6569378e+01   4.1012344e+01   4.3237571e+01   2.5995098e+01   1.2665525e+01   3.5320971e+01   4.0123226e+01   3.2476554e+01   4.2926407e+01   1.5103082e+01   3.5929507e+01   4.6098794e+01   1.1011898e+01   2.7127054e+01   3.0566593e+01   5.1256773e+01   2.6696374e+01   2.6331183e+01   1.9473666e+01   1.9348077e+01   3.1309901e+01   3.3003846e+01   3.6513886e+01   1.1106602e+01   2.6331183e+01   4.0315198e+01   5.4873707e+01   2.8486604e+01   2.6600766e+01   2.1386599e+01   4.4460209e+01   5.5249378e+00   2.1789669e+01   4.4681444e+01   2.0624612e+01   9.1023253e+00   1.2384864e+01   1.0000000e+01   3.5428498e+01   5.1541650e+01   2.7615494e+01   2.6748809e+01   3.9413365e+01   1.5340822e+01   3.9081083e+01   5.5465899e+01   3.1147186e+01   6.8639610e+00   1.7588007e+01   1.4659802e+01   5.0148766e+01   3.3107514e+01   4.1512193e+01   4.6597722e+01   2.9214108e+01   1.8534689e+01   3.6098455e+01   3.8709946e+01   3.7983330e+01   1.3700379e+01   2.5798221e+01   3.3805405e+01   5.1217354e+01   5.4307527e+01   4.4237855e+01   2.6919690e+01   5.1541650e+01   3.5663902e+01   4.9295492e+01   1.9288294e+01
  4.5092600e+01   4.7388165e+01   6.4390531e+01   3.1824910e+01   6.2869865e+01   1.8220045e+01   4.5754834e+01   5.1000000e+01   3.1036863e+01   1.0562306e+01   6.7300075e+01   1.1680340e+01   1.3029964e+01   4.8207442e+01   3.5802266e+01   5.7379258e+01   4.5078582e+01   4.8520829e+01   0.0000000e+00   1.9321530e+01   5.9939044e+01   7.2082039e+00   2.5000000e+00   2.5096748e+01   5.8521548e+01   6.1018592e+01   6.5801225e+01   5.6900355e+01   1.8028548e+01   2.5738859e+01   4.8283365e+01   1.6531220e+01   4.2192325e+01   2.4510414e+01   3.0566593e+01   5.7227418e+01   1.7719175e+01   1.5060220e+01   1.6824828e+01   3.9410153e+01   4.5513887e+01   4.8063116e+01   2.8859302e+01   5.7600788e+01   2.1970911e+01   2.5995098e+01   1.1511358e+01   4.7502659e+01   6.9465571e+01   6.7148331e+01   6.1706617e+01   1.9053975e+01   4.1688591e+01   2.6976405e+01   4.7174404e+01   3.5830582e+01   9.2321246e+00   9.3600226e+00   2.3352790e+01   2.6311819e+01   6.4494140e+01   2.0612185e+01   5.0900893e+01   5.9848547e+01   2.1713203e+01   6.8595521e+01   4.5843136e+01   5.8519393e+01   4.4332066e+01   3.4234256e+01   5.0622350e+01   3.9439055e+01   2.5015301e+01   1.0052487e+01   5.0452477e+01   4.6046679e+01   7.4462220e+00   5.8502155e+01   5.4726377e+01   5.4407328e+01   3.5177082e+01   1.1316654e+01   1.6192355e+01   1.3149111e+01   2.8942925e+01   7.5723002e+01   3.1423292e+01   2.4753866e+01   2.1713203e+01   1.4535669e+01   4.5436066e+01   4.9510203e+01   5.6769441e+01   1.9294946e+01   8.6394103e+00   1.7617243e+01   2.2133308e+01   2.3000000e+01   2.4635037e+01   1.2706556e+01   2.9910882e+01
  4.1903502e+01   3.2142535e+01   6.7202699e+01   4.3511626e+01   6.6114404e+01   1.7682840e+01   5.1118672e+01   3.8269035e+01   3.9233061e+01   1.0940307e+01   6.9001825e+01   3.0320295e+01   9.0586214e+00   4.9736673e+01   4.9064390e+01   4.3500000e+01   2.9654759e+01   4.9502551e+01   1.9321530e+01   0.0000000e+00   5.4093376e+01   2.5901772e+01   2.0655644e+01   2.7890692e+01   6.2518143e+01   5.5837600e+01   7.2461795e+01   6.3936977e+01   3.5039832e+01   9.5138782e+00   4.3401049e+01   1.4580128e+01   5.7068542e+01   9.2321246e+00   2.4918231e+01   6.0610315e+01   3.0835623e+01   1.1188779e+01   2.5505000e+01   2.3635471e+01   5.2060644e+01   3.5292241e+01   4.6090569e+01   5.9856971e+01   2.5980385e+01   3.8013331e+01   3.0332868e+01   3.8196154e+01   7.4124045e+01   6.5915977e+01   5.7231825e+01   2.0424859e+01   2.9847061e+01   4.1600487e+01   5.2184137e+01   4.6673586e+01   1.7367128e+01   2.7131748e+01   2.1772047e+01   2.3401965e+01   6.8976273e+01   5.9083269e+00   5.3344110e+01   6.6154398e+01   3.9038941e+01   6.8037027e+01   5.0141213e+01   6.1101155e+01   4.2225292e+01   4.8262433e+01   6.6836265e+01   5.0659745e+01   2.3396506e+01   2.2692341e+01   5.6580300e+01   3.2015869e+01   2.1595023e+01   4.8583261e+01   5.5801447e+01   6.0577034e+01   3.5446388e+01   3.0101520e+01   2.1151876e+01   1.1000000e+01   4.6273901e+01   7.8212612e+01   3.1716983e+01   1.4800350e+01   3.7123080e+01   1.4147344e+01   5.1475484e+01   4.0615458e+01   6.7675144e+01   3.7943290e+01   1.5483324e+01   3.4971002e+01   2.7670756e+01   4.3078866e+00   1.5103082e+01   7.2268120e+00   3.4208308e+01
  1.6008062e+01   3.4271290e+01   2.9910882e+01   4.8094643e+01   3.0583218e+01   7.0278220e+01   3.2702484e+01   2.5020400e+01   4.0406140e+01   5.2531241e+01   2.7872431e+01   6.3571388e+01   5.1195167e+01   2.2703603e+01   5.3351206e+01   2.8163152e+01   3.5417761e+01   2.1308652e+01   5.9939044e+01   5.4093376e+01   0.0000000e+00   6.1900326e+01   6.1892182e+01   3.6555513e+01   3.1200163e+01   3.0495098e+00   4.3665380e+01   4.0500000e+01   5.9671361e+01   4.6303930e+01   1.2172618e+01   4.4771887e+01   6.1559397e+01   4.5848649e+01   3.0583218e+01   2.8801943e+01   5.1061843e+01   4.7669906e+01   4.6068630e+01   3.8302116e+01   3.5901271e+01   2.6214782e+01   6.4774801e+01   2.5369660e+01   3.9615214e+01   4.8552055e+01   6.5655583e+01   1.7914075e+01   3.8961019e+01   1.8527756e+01   5.5249378e+00   4.1393153e+01   2.7453664e+01   5.5071055e+01   3.1812937e+01   4.6393899e+01   5.1207495e+01   6.7823844e+01   3.7123080e+01   3.4223137e+01   3.5503571e+01   4.8692323e+01   2.4897746e+01   3.9349067e+01   6.2022354e+01   2.1523796e+01   2.9910882e+01   2.6677280e+01   1.7682840e+01   5.5281384e+01   7.2272209e+01   4.8147141e+01   3.5428498e+01   5.2348337e+01   3.5503571e+01   3.0707615e+01   6.6592738e+01   1.4000000e+01   2.1200242e+01   3.6735342e+01   2.7042419e+01   6.4624878e+01   4.4559619e+01   4.9540799e+01   6.5261099e+01   3.6003521e+01   3.0016944e+01   3.9885911e+01   5.6078773e+01   4.6673586e+01   3.4503676e+01   1.5500000e+01   5.3915822e+01   6.7591356e+01   6.3597147e+01   6.0633186e+01   4.0512498e+01   5.4733292e+01   3.9647158e+01   5.6446403e+01   3.4734486e+01
  4.6613989e+01   5.2600864e+01   6.3181736e+01   2.8108875e+01   6.1532778e+01   2.3586793e+01   4.4100459e+01   5.5383969e+01   2.9004386e+01   1.6445219e+01   6.6441262e+01   4.9721360e+00   1.8939089e+01   4.7923623e+01   3.1163496e+01   6.2016258e+01   5.0382362e+01   4.8427028e+01   7.2082039e+00   2.5901772e+01   6.1900326e+01   0.0000000e+00   6.5827625e+00   2.5995098e+01   5.7002212e+01   6.2729414e+01   6.3127869e+01   5.4258720e+01   1.2172618e+01   3.1740999e+01   5.0251884e+01   2.0748457e+01   3.6683560e+01   3.0408193e+01   3.3741540e+01   5.5970713e+01   1.4659802e+01   2.0223083e+01   1.6640012e+01   4.4918465e+01   4.3398135e+01   5.2521630e+01   2.2551077e+01   5.6753889e+01   2.2860680e+01   2.2522716e+01   5.2169906e+00   5.0920730e+01   6.7479474e+01   6.7350580e+01   6.3159796e+01   2.1553503e+01   4.6046679e+01   2.2040659e+01   4.5605432e+01   3.2300157e+01   1.2675796e+01   7.0192024e+00   2.6078311e+01   2.9070089e+01   6.2663092e+01   2.6701145e+01   5.0181485e+01   5.7423194e+01   1.5500000e+01   6.8529405e+01   4.4602154e+01   5.7528502e+01   4.5513887e+01   2.9292360e+01   4.4502841e+01   3.5589172e+01   2.7518512e+01   1.0052487e+01   4.8335656e+01   5.0923209e+01   1.0462429e+01   6.1845334e+01   5.4393413e+01   5.2162365e+01   3.6031676e+01   4.7426407e+00   1.8000000e+01   1.8527756e+01   2.2590722e+01   7.4435783e+01   3.2566337e+01   2.9590376e+01   1.6655494e+01   1.8884776e+01   4.3526155e+01   5.2739832e+01   5.2617655e+01   1.2593387e+01   1.4580128e+01   1.1545361e+01   2.2340330e+01   2.9624732e+01   2.9387714e+01   1.9367962e+01   2.9654759e+01
  4.7002688e+01   4.9249359e+01   6.5936993e+01   3.2706366e+01   6.4390531e+01   1.7762677e+01   4.7190470e+01   5.2961891e+01   3.2351217e+01   1.2384864e+01   6.8912353e+01   1.0940307e+01   1.4817821e+01   4.9896356e+01   3.6392200e+01   5.9315389e+01   4.6924670e+01   5.0239320e+01   2.5000000e+00   2.0655644e+01   6.1892182e+01   6.5827625e+00   0.0000000e+00   2.6900758e+01   6.0002101e+01   6.2953983e+01   6.7030068e+01   5.8128118e+01   1.8028548e+01   2.7425824e+01   5.0231781e+01   1.8527756e+01   4.2431492e+01   2.6239075e+01   3.2562439e+01   5.8758047e+01   1.8679659e+01   1.6992423e+01   1.8402514e+01   4.1218546e+01   4.6849218e+01   5.0020198e+01   2.8611386e+01   5.9206899e+01   2.3759407e+01   2.6919690e+01   1.0361541e+01   4.9502551e+01   7.0858013e+01   6.8925142e+01   6.3620916e+01   2.1000000e+01   4.3656691e+01   2.7425824e+01   4.8630032e+01   3.6780160e+01   1.1188779e+01   7.4641941e+00   2.5324383e+01   2.8289386e+01   6.5915977e+01   2.2283021e+01   5.2521630e+01   6.1132087e+01   2.1523796e+01   7.0335521e+01   4.7361498e+01   6.0100755e+01   4.6208314e+01   3.4705263e+01   5.0522495e+01   4.0302638e+01   2.6976405e+01   1.1511358e+01   5.1795711e+01   4.7960510e+01   5.8150729e+00   6.0502083e+01   5.6415114e+01   5.5726805e+01   3.7003424e+01   1.0348858e+01   1.8057050e+01   1.5060220e+01   2.8660256e+01   7.7262621e+01   3.3275753e+01   2.6696374e+01   2.2087033e+01   1.6531220e+01   4.6816844e+01   5.1509803e+01   5.7563561e+01   1.8423448e+01   8.5156098e+00   1.7500000e+01   2.3823808e+01   2.4253947e+01   2.6586395e+01   1.3953624e+01   3.1564449e+01
  2.1151876e+01   3.6200140e+01   4.0860872e+01   2.0178669e+01   3.9551248e+01   3.9397301e+01   2.3759407e+01   3.5101301e+01   1.3247549e+01   2.0729928e+01   4.3316469e+01   2.7518512e+01   2.0748457e+01   2.3930749e+01   2.6677280e+01   4.2204316e+01   3.4752737e+01   2.4100847e+01   2.5096748e+01   2.7890692e+01   3.6555513e+01   2.5995098e+01   2.6900758e+01   0.0000000e+00   3.5606979e+01   3.7276351e+01   4.5078582e+01   3.6555513e+01   2.4400837e+01   2.5519992e+01   2.5000000e+01   1.3916408e+01   3.5915392e+01   2.4047824e+01   1.2541595e+01   3.3921550e+01   1.5682226e+01   1.7500000e+01   1.0013149e+01   3.1370698e+01   2.4691941e+01   3.2768406e+01   3.1984123e+01   3.3734019e+01   3.6622777e+00   1.6778821e+01   2.9607559e+01   2.8018176e+01   4.7096674e+01   4.2559482e+01   3.7665172e+01   8.1321688e+00   2.6662951e+01   2.3171568e+01   2.4882371e+01   2.1860009e+01   1.6724981e+01   3.2162280e+01   7.5178344e+00   8.3262379e+00   4.1963840e+01   2.3662470e+01   2.7018861e+01   3.8778584e+01   2.7425824e+01   4.4066042e+01   2.2972205e+01   3.4811077e+01   2.0025624e+01   2.7127054e+01   4.7096674e+01   2.5723997e+01   6.8245553e+00   1.6507811e+01   2.9192333e+01   3.3096012e+01   3.2031730e+01   3.8292195e+01   3.0408193e+01   3.3195565e+01   1.0624228e+01   2.8571338e+01   9.5138782e+00   1.8527756e+01   3.2406112e+01   5.2138164e+01   7.0764732e+00   1.7566048e+01   2.1970911e+01   1.4922205e+01   2.4084953e+01   2.9292360e+01   4.1503049e+01   3.1984123e+01   3.0720026e+01   2.5238634e+01   4.6231056e+00   3.0720026e+01   1.7068042e+01   2.6306976e+01   6.8245553e+00
  2.6500000e+01   5.7508771e+01   7.1708320e+00   3.1984123e+01   5.2434165e+00   7.4313955e+01   1.3403488e+01   5.0492499e+01   2.8517851e+01   5.5801447e+01   1.1511358e+01   5.6415114e+01   5.5839859e+01   1.4229530e+01   3.3955194e+01   5.5927881e+01   5.7519733e+01   1.5077380e+01   5.8521548e+01   6.2518143e+01   3.1200163e+01   5.7002212e+01   6.0002101e+01   3.5606979e+01   0.0000000e+00   2.9344410e+01   1.3354960e+01   1.0624228e+01   4.9246795e+01   5.8158477e+01   2.9279333e+01   4.8899380e+01   3.9051913e+01   5.6962377e+01   4.0028471e+01   3.0495098e+00   4.2938190e+01   5.2504807e+01   4.2225292e+01   5.7495614e+01   1.4615594e+01   5.0161353e+01   4.8886465e+01   6.3309519e+00   3.8216044e+01   3.6059809e+01   5.8905907e+01   4.0752329e+01   1.2129703e+01   1.9060711e+01   2.7300187e+01   4.3222945e+01   4.7542534e+01   4.0355991e+01   1.1901754e+01   2.8181221e+01   5.1118672e+01   6.3507936e+01   4.1246165e+01   3.9860513e+01   7.0000000e+00   5.7745087e+01   1.0208244e+01   8.7006097e+00   4.9617207e+01   1.7892527e+01   1.3247549e+01   5.1097722e+00   2.4546829e+01   3.6590165e+01   4.7683154e+01   2.7300187e+01   3.9647158e+01   4.9000000e+01   1.0208244e+01   5.3509433e+01   6.5317050e+01   4.3398135e+01   1.0940307e+01   8.1485293e+00   2.7813001e+01   5.7793106e+01   4.4160623e+01   5.3627206e+01   4.9372283e+01   1.7992856e+01   3.1358548e+01   4.9807707e+01   4.4117657e+01   5.0022722e+01   1.4147344e+01   3.9544846e+01   2.4938699e+01   5.6902571e+01   6.5247587e+01   5.0364817e+01   3.7330694e+01   6.4899146e+01   4.9346699e+01   6.1413874e+01   2.9629023e+01
  1.6624515e+01   3.6749138e+01   2.7712130e+01   4.7820714e+01   2.8473201e+01   7.1833723e+01   3.1716983e+01   2.7541635e+01   4.0312058e+01   5.3887733e+01   2.5505000e+01   6.4237744e+01   5.2639237e+01   2.1772047e+01   5.2876044e+01   3.0703477e+01   3.7853045e+01   2.0412308e+01   6.1018592e+01   5.5837600e+01   3.0495098e+00   6.2729414e+01   6.2953983e+01   3.7276351e+01   2.9344410e+01   0.0000000e+00   4.1649119e+01   3.8847099e+01   6.0033604e+01   4.8212682e+01   1.3316006e+01   4.6090569e+01   6.0884187e+01   4.7701695e+01   3.2035694e+01   2.7004717e+01   5.1500000e+01   4.9084977e+01   4.6770941e+01   4.0606109e+01   3.4898401e+01   2.8682441e+01   6.4728109e+01   2.3521729e+01   4.0381073e+01   4.8588460e+01   6.6372984e+01   2.0204060e+01   3.6711186e+01   1.6008062e+01   3.0000000e+00   4.2467249e+01   2.9706164e+01   5.5020638e+01   3.0732433e+01   4.5912003e+01   5.2290443e+01   6.8749542e+01   3.8292195e+01   3.5446388e+01   3.3397568e+01   5.0429951e+01   2.3613849e+01   3.7530393e+01   6.2245445e+01   1.9006756e+01   2.8969282e+01   2.4774472e+01   1.8000000e+01   5.4892095e+01   7.1452449e+01   4.7470736e+01   3.6562446e+01   5.3190132e+01   3.4178628e+01   3.3149655e+01   6.7740241e+01   1.6507811e+01   1.9604973e+01   3.5177082e+01   2.7518512e+01   6.5326692e+01   4.5513887e+01   5.0923209e+01   6.5218622e+01   3.3515148e+01   3.0703477e+01   4.1576149e+01   5.6271857e+01   4.7960510e+01   3.3518934e+01   1.7834936e+01   5.2473551e+01   6.8007407e+01   6.4937955e+01   6.1018592e+01   4.1150953e+01   5.6600357e+01   4.1316663e+01   5.7967382e+01   3.5032593e+01
  3.9116706e+01   7.0115013e+01   1.5034442e+01   3.5918921e+01   1.3813527e+01   8.2605116e+01   2.1860009e+01   6.3301274e+01   3.5317381e+01   6.4706697e+01   1.8939089e+01   6.1690277e+01   6.5123912e+01   2.6504807e+01   3.5485711e+01   6.8782501e+01   7.0016185e+01   2.7541635e+01   6.5801225e+01   7.2461795e+01   4.3665380e+01   6.3127869e+01   6.7030068e+01   4.5078582e+01   1.3354960e+01   4.1649119e+01   0.0000000e+00   9.4022469e+00   5.3702444e+01   6.9043782e+01   4.2093269e+01   5.8476288e+01   3.7520265e+01   6.7740241e+01   5.1394499e+01   1.5902922e+01   4.9041220e+01   6.2032512e+01   5.0010100e+01   6.9646583e+01   2.1091260e+01   6.2893910e+01   5.0619856e+01   1.9000000e+01   4.7235960e+01   4.1160177e+01   6.4174956e+01   5.3533009e+01   8.7462113e+00   2.9157460e+01   3.9448684e+01   5.2639237e+01   6.0008403e+01   4.3700116e+01   2.0902206e+01   3.1684932e+01   5.9330264e+01   6.9451070e+01   5.1421508e+01   5.0500000e+01   9.0146932e+00   6.8037027e+01   2.2522716e+01   6.8245553e+00   5.3104658e+01   2.7037709e+01   2.3177081e+01   1.7588007e+01   3.7030809e+01   3.8146381e+01   4.3546487e+01   2.9214108e+01   4.9989898e+01   5.6303226e+01   1.6390249e+01   6.6122024e+01   7.2266984e+01   5.6164172e+01   2.3786262e+01   1.2384864e+01   3.8843839e+01   6.3103914e+01   5.2854560e+01   6.2887899e+01   5.1059371e+01   1.8837121e+01   4.1984937e+01   6.0666436e+01   4.8387890e+01   5.9315389e+01   2.1523796e+01   5.2377259e+01   1.8500000e+01   6.0604076e+01   7.3170489e+01   5.4788581e+01   4.5912003e+01   7.5172619e+01   6.0184588e+01   7.0501786e+01   3.8778584e+01
  3.3126676e+01   6.3717877e+01   1.6024175e+01   2.7206741e+01   1.4101471e+01   7.3746160e+01   1.3652946e+01   5.7642366e+01   2.6432605e+01   5.5954937e+01   2.0630822e+01   5.2902290e+01   5.6446403e+01   2.0424859e+01   2.7356098e+01   6.3597147e+01   6.3390778e+01   2.1689620e+01   5.6900355e+01   6.3936977e+01   4.0500000e+01   5.4258720e+01   5.8128118e+01   3.6555513e+01   1.0624228e+01   3.8847099e+01   9.4022469e+00   0.0000000e+00   4.5011235e+01   6.0915230e+01   3.6724991e+01   4.9896356e+01   3.0703477e+01   5.9563525e+01   4.3685646e+01   1.2541595e+01   4.0154760e+01   5.3424474e+01   4.1150953e+01   6.2508064e+01   1.2384864e+01   5.6902571e+01   4.2586221e+01   1.6072412e+01   3.8578866e+01   3.2327661e+01   5.5393078e+01   4.7820714e+01   1.4896180e+01   2.9153098e+01   3.6958881e+01   4.4045953e+01   5.3400851e+01   3.5169872e+01   1.3009996e+01   2.3000000e+01   5.0492499e+01   6.0604076e+01   4.3082273e+01   4.2371828e+01   1.1511358e+01   5.9648119e+01   1.6847783e+01   4.1400549e+00   4.4602154e+01   2.7813001e+01   1.5500000e+01   1.5103082e+01   3.0819136e+01   3.0046573e+01   3.8331865e+01   2.0853132e+01   4.1731056e+01   4.7406823e+01   8.0663730e+00   5.9766348e+01   6.3366923e+01   5.1941715e+01   1.9800259e+01   4.6231056e+00   3.1102287e+01   5.4314496e+01   4.4103326e+01   5.4212196e+01   4.3044095e+01   2.4259209e+01   3.3955194e+01   5.2569665e+01   3.9704592e+01   5.0659745e+01   1.3000000e+01   4.6986557e+01   1.4826549e+01   5.2087305e+01   6.4290673e+01   4.6107017e+01   3.7174242e+01   6.6751415e+01   5.2080035e+01   6.1769895e+01   3.0232137e+01
  4.4183521e+01   5.7114927e+01   5.5747172e+01   1.8304494e+01   5.3943896e+01   3.5231110e+01   3.6545111e+01   5.8002174e+01   2.1860009e+01   2.4666092e+01   5.9461852e+01   9.0000000e+00   2.6886550e+01   4.2371828e+01   2.0057607e+01   6.4998062e+01   5.5171748e+01   4.3164388e+01   1.8028548e+01   3.5039832e+01   5.9671361e+01   1.2172618e+01   1.8028548e+01   2.4400837e+01   4.9246795e+01   6.0033604e+01   5.3702444e+01   4.5011235e+01   0.0000000e+00   3.8921999e+01   4.8442674e+01   2.5624689e+01   2.5015301e+01   3.7408671e+01   3.5159054e+01   4.8627435e+01   9.2321246e+00   2.6715453e+01   1.5706906e+01   5.0362310e+01   3.5177082e+01   5.5386246e+01   1.1567972e+01   5.0010100e+01   2.1860009e+01   1.3700379e+01   1.1316654e+01   5.1764022e+01   5.8882360e+01   6.2000000e+01   6.0002101e+01   2.3521729e+01   4.8948426e+01   1.0904326e+01   3.8119809e+01   2.2522716e+01   1.8679659e+01   1.7270510e+01   2.7601660e+01   3.0240545e+01   5.4351648e+01   3.4371079e+01   4.3841666e+01   4.8400939e+01   4.5311289e+00   6.2727406e+01   3.7665172e+01   5.0544980e+01   4.2547592e+01   1.7942764e+01   3.3096012e+01   2.5258837e+01   2.8450850e+01   1.3403488e+01   3.9946166e+01   5.4733292e+01   2.2087033e+01   6.2184682e+01   4.8523432e+01   4.3491278e+01   3.3138168e+01   1.0361541e+01   1.9800259e+01   2.5624689e+01   1.1736103e+01   6.6706118e+01   3.0508332e+01   3.4448490e+01   5.8150729e+00   2.4317011e+01   3.5606979e+01   5.3152160e+01   4.1688591e+01   8.5622577e+00   2.6004901e+01   1.6180340e+00   2.0280040e+01   3.8847099e+01   3.4104315e+01   2.9140007e+01   2.5505000e+01
  3.5407019e+01   2.3270595e+01   6.2217096e+01   4.3746387e+01   6.1335845e+01   2.6672505e+01   4.7796934e+01   2.9279333e+01   3.8029988e+01   1.5805228e+01   6.3525788e+01   3.5883612e+01   1.3306248e+01   4.4783180e+01   4.9858383e+01   3.4503676e+01   2.0803941e+01   4.4329214e+01   2.5738859e+01   9.5138782e+00   4.6303930e+01   3.1740999e+01   2.7425824e+01   2.5519992e+01   5.8158477e+01   4.8212682e+01   6.9043782e+01   6.0915230e+01   3.8921999e+01   0.0000000e+00   3.6210643e+01   1.4428388e+01   5.8545241e+01   2.0811388e+00   1.8857560e+01   5.6042776e+01   3.2942256e+01   1.2706556e+01   2.6432605e+01   1.4817821e+01   4.9246795e+01   2.6311819e+01   4.9635018e+01   5.4836912e+01   2.4583189e+01   3.8827536e+01   3.6420050e+01   2.9795904e+01   6.9769402e+01   5.9398217e+01   4.9797566e+01   1.9241665e+01   2.1054805e+01   4.3581318e+01   4.8650805e+01   4.6273901e+01   2.0803941e+01   3.4300888e+01   1.8562392e+01   1.9053975e+01   6.4658008e+01   5.6478151e+00   4.8627435e+01   6.2727406e+01   4.2938190e+01   6.1720911e+01   4.6380279e+01   5.6179889e+01   3.6140567e+01   4.9540799e+01   6.9029191e+01   5.0251884e+01   1.9735384e+01   2.6019600e+01   5.3379580e+01   2.3005555e+01   2.9469812e+01   3.9885911e+01   5.0424944e+01   5.7253854e+01   3.0872685e+01   3.5968296e+01   2.1529741e+01   1.3953624e+01   4.9896356e+01   7.2877483e+01   2.7560118e+01   8.8815273e+00   3.9857337e+01   1.5264823e+01   4.8450495e+01   3.2264760e+01   6.6501894e+01   4.3281421e+01   2.3786262e+01   3.9100518e+01   2.6672505e+01   9.0000000e+00   9.3600226e+00   1.5060220e+01   3.1644823e+01
  5.2169906e+00   2.9157460e+01   3.0603986e+01   3.8295502e+01   3.0504166e+01   5.9119536e+01   2.6019600e+01   2.1713203e+01   3.0253151e+01   4.1077087e+01   3.0332868e+01   5.2009708e+01   3.9860513e+01   1.6847783e+01   4.4066042e+01   2.7379360e+01   2.9525851e+01   1.5541609e+01   4.8283365e+01   4.3401049e+01   1.2172618e+01   5.0251884e+01   5.0231781e+01   2.5000000e+01   2.9279333e+01   1.3316006e+01   4.2093269e+01   3.6724991e+01   4.8442674e+01   3.6210643e+01   0.0000000e+00   3.3275753e+01   5.2811567e+01   3.5546398e+01   1.9294946e+01   2.6734519e+01   3.9758757e+01   3.6294553e+01   3.4503676e+01   3.0769622e+01   2.9100699e+01   2.1500000e+01   5.4258720e+01   2.4021267e+01   2.8018176e+01   3.7973324e+01   5.4058379e+01   1.2010864e+01   3.9512818e+01   2.4084953e+01   1.4392444e+01   2.9731832e+01   1.9948650e+01   4.4627656e+01   2.5624689e+01   3.7249150e+01   3.9551248e+01   5.6152942e+01   2.5500000e+01   2.2635944e+01   3.5032593e+01   3.8000000e+01   2.0424859e+01   3.6638622e+01   5.1000000e+01   2.6677280e+01   2.3243131e+01   2.5519992e+01   7.6063352e+00   4.5713383e+01   6.3911355e+01   3.9621605e+01   2.3786262e+01   4.0699502e+01   3.0240545e+01   2.5182990e+01   5.4965585e+01   1.6763456e+01   1.9027007e+01   3.2628648e+01   1.5902922e+01   5.3038081e+01   3.2888269e+01   3.8119809e+01   5.4733292e+01   3.9580046e+01   1.8527756e+01   2.9100699e+01   4.5134628e+01   3.5144624e+01   2.7702941e+01   1.0807764e+01   4.8520829e+01   5.6271857e+01   5.2123638e+01   4.9369725e+01   2.9017538e+01   4.4431765e+01   2.8806360e+01   4.5235333e+01   2.3786262e+01
  3.0707615e+01   3.2570235e+01   5.3913481e+01   3.0152150e+01   5.2701533e+01   2.6900758e+01   3.7174242e+01   3.5187894e+01   2.5248737e+01   8.3262379e+00   5.6063027e+01   2.4206539e+01   7.5710678e+00   3.6624784e+01   3.6098455e+01   4.1770449e+01   3.0454132e+01   3.6569378e+01   1.6531220e+01   1.4580128e+01   4.4771887e+01   2.0748457e+01   1.8527756e+01   1.3916408e+01   4.8899380e+01   4.6090569e+01   5.8476288e+01   4.9896356e+01   2.5624689e+01   1.4428388e+01   3.3275753e+01   0.0000000e+00   4.4661635e+01   1.2849089e+01   1.4817821e+01   4.7115448e+01   1.9060711e+01   4.1055513e+00   1.2520815e+01   2.5339485e+01   3.8013331e+01   3.2300157e+01   3.6014082e+01   4.6657340e+01   1.1901754e+01   2.5015301e+01   2.5384734e+01   3.1504032e+01   6.0443724e+01   5.4100373e+01   4.7053732e+01   6.3523500e+00   2.5847584e+01   2.9654759e+01   3.8295502e+01   3.3000000e+01   8.5777472e+00   2.5248737e+01   8.7006097e+00   1.1235455e+01   5.5301916e+01   1.1011898e+01   4.0012656e+01   5.2184137e+01   2.9568884e+01   5.5943665e+01   3.6346897e+01   4.7820714e+01   3.0454132e+01   3.5671011e+01   5.5100824e+01   3.7000000e+01   1.0500000e+01   1.2919742e+01   4.2586221e+01   3.0707615e+01   2.2641590e+01   4.2502976e+01   4.2932299e+01   4.6597722e+01   2.2420310e+01   2.4666092e+01   7.6589105e+00   5.5000000e+00   3.6305028e+01   6.5094891e+01   1.8534689e+01   9.5138782e+00   2.6053865e+01   2.5000000e+00   3.7462819e+01   3.3560551e+01   5.3784613e+01   3.1016389e+01   1.9348077e+01   2.5955844e+01   1.3652946e+01   1.7682840e+01   9.2464278e+00   1.3227922e+01   2.0197716e+01
  4.8105147e+01   7.1501761e+01   4.5502778e+01   1.6311388e+01   4.3502907e+01   5.9688259e+01   3.0067719e+01   6.9220448e+01   2.4253947e+01   4.6770941e+01   5.0022722e+01   3.3260495e+01   4.8513019e+01   3.9695025e+01   9.8005376e+00   7.6242986e+01   7.0141941e+01   4.1012344e+01   4.2192325e+01   5.7068542e+01   6.1559397e+01   3.6683560e+01   4.2431492e+01   3.5915392e+01   3.9051913e+01   6.0884187e+01   3.7520265e+01   3.0703477e+01   2.5015301e+01   5.8545241e+01   5.2811567e+01   4.4661635e+01   0.0000000e+00   5.6964591e+01   4.7789005e+01   3.9758757e+01   2.6734519e+01   4.7085942e+01   3.2644206e+01   6.6706118e+01   2.7080068e+01   6.7272000e+01   1.6453056e+01   4.2586221e+01   3.5389110e+01   2.0280040e+01   3.5285054e+01   6.0608236e+01   4.4822680e+01   5.6493303e+01   5.9850653e+01   4.0060081e+01   6.1600327e+01   1.6032225e+01   3.1342341e+01   1.6120499e+01   4.0255503e+01   4.1454243e+01   4.2315069e+01   4.3726149e+01   4.1694660e+01   5.4954109e+01   3.8768786e+01   3.4300888e+01   2.2162179e+01   5.6009008e+01   3.2628648e+01   4.2362871e+01   4.5721676e+01   9.5138782e+00   1.1835784e+01   1.3916408e+01   4.2120308e+01   3.5090461e+01   2.9774562e+01   6.8214474e+01   4.6597722e+01   6.8910526e+01   4.3700116e+01   3.1504032e+01   3.9038941e+01   3.4503676e+01   3.7520265e+01   4.6697944e+01   1.6724981e+01   5.4456001e+01   3.8847099e+01   5.1846860e+01   2.1024376e+01   4.4160623e+01   2.8329840e+01   6.1041308e+01   2.0908332e+01   2.8678006e+01   5.0304618e+01   2.5723997e+01   3.3153484e+01   6.0753631e+01   5.1384674e+01   5.2087305e+01   3.2126729e+01
  3.4558773e+01   2.4037205e+01   6.1117654e+01   4.2180331e+01   6.0203434e+01   2.6394015e+01   4.6461941e+01   2.9607559e+01   3.6513886e+01   1.4508926e+01   6.2510080e+01   3.4507352e+01   1.2010864e+01   4.3656691e+01   4.8283365e+01   3.5057922e+01   2.1600948e+01   4.3237571e+01   2.4510414e+01   9.2321246e+00   4.5848649e+01   3.0408193e+01   2.6239075e+01   2.4047824e+01   5.6962377e+01   4.7701695e+01   6.7740241e+01   5.9563525e+01   3.7408671e+01   2.0811388e+00   3.5546398e+01   1.2849089e+01   5.6964591e+01   0.0000000e+00   1.7834936e+01   5.4873707e+01   3.1370698e+01   1.1200467e+01   2.4851591e+01   1.5682226e+01   4.7862960e+01   2.6619916e+01   4.8094643e+01   5.3735327e+01   2.3049945e+01   3.7249150e+01   3.5101301e+01   2.9590376e+01   6.8582670e+01   5.8590447e+01   4.9226276e+01   1.7682840e+01   2.1115528e+01   4.2003012e+01   4.7340154e+01   4.4729515e+01   1.9321530e+01   3.3149655e+01   1.7120770e+01   1.7740940e+01   6.3462290e+01   4.6231056e+00   4.7470736e+01   6.1420030e+01   4.1420655e+01   6.0869694e+01   4.5092600e+01   5.5064182e+01   3.5202305e+01   4.7960510e+01   6.7449608e+01   4.8710476e+01   1.8346568e+01   2.4505208e+01   5.2038820e+01   2.3521729e+01   2.8486604e+01   3.9873214e+01   4.9377398e+01   5.5930136e+01   2.9654759e+01   3.4624771e+01   1.9948650e+01   1.2520815e+01   4.8359168e+01   7.1844236e+01   2.6273048e+01   7.6589105e+00   3.8295502e+01   1.3709845e+01   4.7085942e+01   3.2035694e+01   6.5007751e+01   4.1867258e+01   2.2955512e+01   3.7601213e+01   2.5127221e+01   9.4022469e+00   8.1157731e+00   1.4229530e+01   3.0206902e+01
  1.7485288e+01   2.4217082e+01   4.3882024e+01   3.1984123e+01   4.3044095e+01   4.0324616e+01   3.0566593e+01   2.3396506e+01   2.4426972e+01   2.2482948e+01   4.5179414e+01   3.6402646e+01   2.1115528e+01   2.6500000e+01   3.8503289e+01   3.0454132e+01   2.2888613e+01   2.5995098e+01   3.0566593e+01   2.4918231e+01   3.0583218e+01   3.3741540e+01   3.2562439e+01   1.2541595e+01   4.0028471e+01   3.2035694e+01   5.1394499e+01   4.3685646e+01   3.5159054e+01   1.8857560e+01   1.9294946e+01   1.4817821e+01   4.7789005e+01   1.7834936e+01   0.0000000e+00   3.7836309e+01   2.6739284e+01   1.7588007e+01   1.9955076e+01   2.0146883e+01   3.2503906e+01   2.0902206e+01   4.3700116e+01   3.6506944e+01   1.4101471e+01   2.8819605e+01   3.8066608e+01   1.7682840e+01   5.1590606e+01   4.1512193e+01   3.3184094e+01   1.2757651e+01   1.4659802e+01   3.5155447e+01   3.1200163e+01   3.3153484e+01   2.2000000e+01   3.9003247e+01   8.2620873e+00   5.4244289e+00   4.6513585e+01   1.9591883e+01   3.0404013e+01   4.5134628e+01   3.8578866e+01   4.3685646e+01   2.8784271e+01   3.7866429e+01   1.7914075e+01   3.9100518e+01   5.9034178e+01   3.6807713e+01   7.2082039e+00   2.4526028e+01   3.6126535e+01   2.1054805e+01   3.6917715e+01   2.8611386e+01   3.2067388e+01   3.9819207e+01   1.3089678e+01   3.7174242e+01   1.6507811e+01   1.9473666e+01   4.4100459e+01   5.4523143e+01   1.0611874e+01   1.0807764e+01   3.3515148e+01   1.6778821e+01   3.1504032e+01   1.9526298e+01   5.1217354e+01   4.2108292e+01   3.3549206e+01   3.5841194e+01   1.6120499e+01   2.6427784e+01   1.0424717e+01   2.6442244e+01   1.6655494e+01
  2.4005319e+01   5.5002294e+01   7.7111026e+00   3.1680924e+01   6.1568542e+00   7.2749567e+01   1.2583046e+01   4.7947339e+01   2.7601660e+01   5.4149324e+01   1.1420165e+01   5.5572679e+01   5.4100373e+01   1.1901754e+01   3.4134060e+01   5.3379580e+01   5.5036685e+01   1.2665525e+01   5.7227418e+01   6.0610315e+01   2.8801943e+01   5.5970713e+01   5.8758047e+01   3.3921550e+01   3.0495098e+00   2.7004717e+01   1.5902922e+01   1.2541595e+01   4.8627435e+01   5.6042776e+01   2.6734519e+01   4.7115448e+01   3.9758757e+01   5.4873707e+01   3.7836309e+01   0.0000000e+00   4.2003012e+01   5.0719518e+01   4.0904208e+01   5.5089376e+01   1.4329317e+01   4.7630139e+01   4.8845114e+01   4.0355339e+00   3.6624784e+01   3.5428498e+01   5.8052150e+01   3.8212730e+01   1.4256816e+01   1.7588007e+01   2.5020400e+01   4.1503049e+01   4.5070169e+01   4.0060081e+01   1.1011898e+01   2.8054491e+01   4.9645193e+01   6.2487902e+01   3.9349067e+01   3.7853045e+01   9.2321246e+00   5.5767531e+01   7.9330344e+00   1.1047512e+01   4.9203183e+01   1.6778821e+01   1.1901754e+01   3.1925824e+00   2.2092823e+01   3.6721541e+01   4.8783020e+01   2.7541635e+01   3.7715588e+01   4.7746693e+01   1.0512492e+01   5.1002475e+01   6.4070827e+01   4.0888736e+01   8.4056942e+00   9.4442719e+00   2.5768558e+01   5.6935804e+01   4.2609975e+01   5.1900389e+01   4.9336462e+01   1.9006756e+01   2.9400692e+01   4.7714934e+01   4.3581318e+01   4.8301674e+01   1.3624405e+01   3.6996575e+01   2.6715453e+01   5.6394991e+01   6.3787044e+01   4.9744289e+01   3.5855339e+01   6.2911938e+01   4.7260026e+01   5.9703040e+01   2.8086228e+01
  3.5557096e+01   4.9336462e+01   4.9208316e+01   1.4615594e+01   4.7515955e+01   3.5320971e+01   3.0038111e+01   4.9635018e+01   1.4922205e+01   2.0556171e+01   5.2617655e+01   1.4156500e+01   2.2283021e+01   3.4654063e+01   1.9107794e+01   5.6680513e+01   4.7523930e+01   3.5320971e+01   1.7719175e+01   3.0835623e+01   5.1061843e+01   1.4659802e+01   1.8679659e+01   1.5682226e+01   4.2938190e+01   5.1500000e+01   4.9041220e+01   4.0154760e+01   9.2321246e+00   3.2942256e+01   3.9758757e+01   1.9060711e+01   2.6734519e+01   3.1370698e+01   2.6739284e+01   4.2003012e+01   0.0000000e+00   2.1054805e+01   7.5710678e+00   4.3073466e+01   2.9244565e+01   4.7096674e+01   1.7827723e+01   4.2985292e+01   1.3247549e+01   8.7764727e+00   1.6601242e+01   4.3117485e+01   5.3322817e+01   5.4281967e+01   5.1561238e+01   1.5706906e+01   4.0724371e+01   1.1293517e+01   3.1564449e+01   1.8617671e+01   1.4036986e+01   2.1115528e+01   1.9401058e+01   2.1860009e+01   4.8523432e+01   2.8960499e+01   3.6545111e+01   4.3281421e+01   1.2353270e+01   5.5222025e+01   3.0707615e+01   4.3676961e+01   3.4000000e+01   1.8007141e+01   3.6711186e+01   2.2231314e+01   2.0057607e+01   9.0586214e+00   3.4178628e+01   4.6727697e+01   2.3807724e+01   5.3474050e+01   4.0996913e+01   3.8003333e+01   2.4520824e+01   1.5483324e+01   1.2300424e+01   2.0512496e+01   1.8177670e+01   6.0408263e+01   2.1789669e+01   2.7300187e+01   7.6063352e+00   1.8234148e+01   2.9400692e+01   4.4460209e+01   3.9592838e+01   1.7030275e+01   2.5664459e+01   1.0117692e+01   1.1567972e+01   3.4533072e+01   2.6900758e+01   2.6004901e+01   1.7068042e+01
  3.3943983e+01   3.2942256e+01   5.7508771e+01   3.3015381e+01   5.6303226e+01   2.3521729e+01   4.0749224e+01   3.6503472e+01   2.8544607e+01   5.5249378e+00   5.9629096e+01   2.4100847e+01   4.1055513e+00   4.0198866e+01   3.8765520e+01   4.2823162e+01   3.0686918e+01   4.0123226e+01   1.5060220e+01   1.1188779e+01   4.7669906e+01   2.0223083e+01   1.6992423e+01   1.7500000e+01   5.2504807e+01   4.9084977e+01   6.2032512e+01   5.3424474e+01   2.6715453e+01   1.2706556e+01   3.6294553e+01   4.1055513e+00   4.7085942e+01   1.1200467e+01   1.7588007e+01   5.0719518e+01   2.1054805e+01   0.0000000e+00   1.5077380e+01   2.5198178e+01   4.1539615e+01   3.3549206e+01   3.7462819e+01   5.0244346e+01   1.5366069e+01   2.7666155e+01   2.4938699e+01   3.3685087e+01   6.4047227e+01   5.7508771e+01   5.0141213e+01   9.8941471e+00   2.7230133e+01   3.1820920e+01   4.1882363e+01   3.6056293e+01   8.6394103e+00   2.3920077e+01   1.2172618e+01   1.4508926e+01   5.8905907e+01   8.4056942e+00   4.3607424e+01   5.5747172e+01   3.0732433e+01   5.9398217e+01   3.9946166e+01   5.1414143e+01   3.3805405e+01   3.8156341e+01   5.7264866e+01   4.0050601e+01   1.3953624e+01   1.3813527e+01   4.6142634e+01   3.1491934e+01   2.0506249e+01   4.4638985e+01   4.6483693e+01   5.0158836e+01   2.5965663e+01   2.4353721e+01   1.0512492e+01   2.5000000e+00   3.7715588e+01   6.8679909e+01   2.2092823e+01   1.0208244e+01   2.7813001e+01   3.5000000e+00   4.1012344e+01   3.5855339e+01   5.7000000e+01   3.1309901e+01   1.6507811e+01   2.6900758e+01   1.6992423e+01   1.4508926e+01   1.0117692e+01   9.7195445e+00   2.3759407e+01
  3.0649627e+01   4.2273197e+01   4.8065744e+01   1.8506943e+01   4.6548887e+01   3.3096012e+01   2.9525851e+01   4.2799527e+01   1.5264823e+01   1.5902922e+01   5.1009900e+01   1.8007141e+01   1.7068042e+01   3.2067388e+01   2.4190715e+01   4.9807707e+01   4.0453098e+01   3.2476554e+01   1.6824828e+01   2.5505000e+01   4.6068630e+01   1.6640012e+01   1.8402514e+01   1.0013149e+01   4.2225292e+01   4.6770941e+01   5.0010100e+01   4.1150953e+01   1.5706906e+01   2.6432605e+01   3.4503676e+01   1.2520815e+01   3.2644206e+01   2.4851591e+01   1.9955076e+01   4.0904208e+01   7.5710678e+00   1.5077380e+01   0.0000000e+00   3.6031676e+01   2.9504310e+01   4.0202015e+01   2.4897746e+01   4.1304412e+01   7.0192024e+00   1.3089678e+01   2.0102296e+01   3.6711186e+01   5.3275468e+01   5.1318304e+01   4.7107403e+01   8.6394103e+00   3.3786634e+01   1.7719175e+01   3.0913813e+01   2.1789669e+01   9.8941471e+00   2.2972205e+01   1.2426860e+01   1.5034442e+01   4.8262433e+01   2.2860680e+01   3.4621108e+01   4.3919466e+01   1.9221645e+01   5.2600864e+01   2.9525851e+01   4.2204316e+01   2.9435273e+01   2.3662470e+01   4.3117485e+01   2.5743811e+01   1.3247549e+01   7.4462220e+00   3.4400590e+01   3.9704592e+01   2.3700216e+01   4.7310789e+01   3.8578866e+01   3.8401187e+01   1.9916488e+01   1.9060711e+01   5.4244289e+00   1.5008618e+01   2.5248737e+01   5.9398217e+01   1.6570159e+01   2.0330532e+01   1.4659802e+01   1.2097414e+01   2.9314059e+01   3.8216044e+01   4.2964691e+01   2.2821514e+01   2.3700216e+01   1.6390249e+01   6.2008771e+00   2.9017538e+01   1.9916488e+01   2.1724985e+01   1.3709845e+01
  3.1908598e+01   9.0146932e+00   6.0165736e+01   5.1039588e+01   5.9728372e+01   4.0500000e+01   4.9591751e+01   1.6601242e+01   4.3864732e+01   2.9348743e+01   6.0427039e+01   4.8759714e+01   2.6900758e+01   4.3789722e+01   5.7519733e+01   2.0655644e+01   6.5207973e+00   4.2926407e+01   3.9410153e+01   2.3635471e+01   3.8302116e+01   4.4918465e+01   4.1218546e+01   3.1370698e+01   5.7495614e+01   4.0606109e+01   6.9646583e+01   6.2508064e+01   5.0362310e+01   1.4817821e+01   3.0769622e+01   2.5339485e+01   6.6706118e+01   1.5682226e+01   2.0146883e+01   5.5089376e+01   4.3073466e+01   2.5198178e+01   3.6031676e+01   0.0000000e+00   5.1795711e+01   1.3962912e+01   6.0376957e+01   5.3059490e+01   3.1884710e+01   4.7147615e+01   4.9635018e+01   2.0902206e+01   6.8656071e+01   5.4165631e+01   4.2657443e+01   2.7908940e+01   1.1477249e+01   5.2930907e+01   5.0022722e+01   5.2588866e+01   3.3107514e+01   4.8170746e+01   2.4938699e+01   2.3548861e+01   6.3794945e+01   1.9800259e+01   4.7820714e+01   6.3549584e+01   5.4240115e+01   5.6864883e+01   4.7510637e+01   5.4530084e+01   3.3549206e+01   5.7806195e+01   7.7773864e+01   5.6332338e+01   2.5096748e+01   3.7759227e+01   5.5036685e+01   9.6923882e+00   4.3665380e+01   2.8806360e+01   4.8170746e+01   5.8500000e+01   3.2193848e+01   4.9048944e+01   3.1309901e+01   2.6919690e+01   6.0707973e+01   6.9756769e+01   3.0219522e+01   1.6413830e+01   5.0178969e+01   2.6900758e+01   5.0702092e+01   2.3303509e+01   7.0808250e+01   5.5801447e+01   3.8093217e+01   5.0749378e+01   3.4115473e+01   2.2023243e+01   1.6763456e+01   2.9361739e+01   3.6235137e+01
  2.4774472e+01   5.3868998e+01   2.1218349e+01   1.7892527e+01   1.9348077e+01   6.2073127e+01   3.7015621e+00   4.8832184e+01   1.5000000e+01   4.4117657e+01   2.5238634e+01   4.2526777e+01   4.4570965e+01   1.3700379e+01   2.0500000e+01   5.5295073e+01   5.3268362e+01   1.5103082e+01   4.5513887e+01   5.2060644e+01   3.5901271e+01   4.3398135e+01   4.6849218e+01   2.4691941e+01   1.4615594e+01   3.4898401e+01   2.1091260e+01   1.2384864e+01   3.5177082e+01   4.9246795e+01   2.9100699e+01   3.8013331e+01   2.7080068e+01   4.7862960e+01   3.2503906e+01   1.4329317e+01   2.9244565e+01   4.1539615e+01   2.9504310e+01   5.1795711e+01   0.0000000e+00   4.7669906e+01   3.5025353e+01   1.6507811e+01   2.6696374e+01   2.2023243e+01   4.5025274e+01   3.9184622e+01   2.4583189e+01   3.0152150e+01   3.3620990e+01   3.2162280e+01   4.3433087e+01   2.6273048e+01   4.7720019e+00   1.4229530e+01   3.8775318e+01   4.9858383e+01   3.1305844e+01   3.0765492e+01   1.9800259e+01   4.7820714e+01   1.2204700e+01   1.4922205e+01   3.5503571e+01   3.0000000e+01   6.5207973e+00   1.6624515e+01   2.2283021e+01   2.3022211e+01   3.7174242e+01   1.4083078e+01   3.0016944e+01   3.5968296e+01   5.4497475e+00   5.0020198e+01   5.2138164e+01   4.5249302e+01   1.7120770e+01   9.4022469e+00   2.0102296e+01   4.3919466e+01   3.2264760e+01   4.2335989e+01   3.5517853e+01   3.2031730e+01   2.2522716e+01   4.0947497e+01   3.0016944e+01   3.8778584e+01   1.9142136e+00   3.8830797e+01   2.0197716e+01   4.2790661e+01   5.2701533e+01   3.6294553e+01   2.5324383e+01   5.4905882e+01   4.0453098e+01   4.9919126e+01   1.8367568e+01
  2.4337995e+01   8.5777472e+00   5.1561238e+01   5.1534302e+01   5.1502451e+01   5.2473551e+01   4.4932533e+01   3.5000000e+00   4.3526155e+01   3.8401187e+01   5.0987622e+01   5.5747172e+01   3.6224641e+01   3.7082099e+01   5.7989129e+01   1.0117692e+01   9.8005376e+00   3.5929507e+01   4.8063116e+01   3.5292241e+01   2.6214782e+01   5.2521630e+01   5.0020198e+01   3.2768406e+01   5.0161353e+01   2.8682441e+01   6.2893910e+01   5.6902571e+01   5.5386246e+01   2.6311819e+01   2.1500000e+01   3.2300157e+01   6.7272000e+01   2.6619916e+01   2.0902206e+01   4.7630139e+01   4.7096674e+01   3.3549206e+01   4.0202015e+01   1.3962912e+01   4.7669906e+01   0.0000000e+00   6.4100314e+01   4.5011235e+01   3.4503676e+01   4.8969062e+01   5.7108303e+01   1.0013149e+01   6.0508333e+01   4.3363154e+01   3.0963092e+01   3.2476554e+01   7.0000000e+00   5.5438602e+01   4.4943785e+01   5.2002427e+01   4.0349718e+01   5.6902571e+01   2.8284888e+01   2.5738859e+01   5.6020267e+01   3.0537477e+01   4.0947497e+01   5.7218604e+01   5.8905907e+01   4.6241119e+01   4.2407637e+01   4.6510868e+01   2.6586395e+01   5.8888783e+01   7.8602497e+01   5.5276820e+01   2.7541635e+01   4.3962628e+01   4.9881171e+01   5.1097722e+00   5.3400851e+01   1.5416434e+01   4.0012656e+01   5.2780493e+01   2.9227165e+01   5.6332338e+01   3.6277088e+01   3.5517853e+01   6.4501953e+01   6.0025205e+01   2.8925341e+01   2.3845235e+01   5.3915822e+01   3.4223137e+01   4.6380279e+01   1.1780514e+01   6.7350580e+01   6.2002032e+01   4.8541649e+01   5.6009008e+01   3.6503472e+01   3.4455854e+01   2.3936083e+01   4.0000000e+01   3.5646124e+01
  4.9685872e+01   6.6638113e+01   5.5556789e+01   1.8007141e+01   5.3615440e+01   4.5502778e+01   3.7218524e+01   6.6530296e+01   2.4918231e+01   3.5692329e+01   5.9728372e+01   1.8506943e+01   3.7866429e+01   4.5044921e+01   1.5731546e+01   7.3619765e+01   6.4846717e+01   4.6098794e+01   2.8859302e+01   4.6090569e+01   6.4774801e+01   2.2551077e+01   2.8611386e+01   3.1984123e+01   4.8886465e+01   6.4728109e+01   5.0619856e+01   4.2586221e+01   1.1567972e+01   4.9635018e+01   5.4258720e+01   3.6014082e+01   1.6453056e+01   4.8094643e+01   4.3700116e+01   4.8845114e+01   1.7827723e+01   3.7462819e+01   2.4897746e+01   6.0376957e+01   3.5025353e+01   6.4100314e+01   0.0000000e+00   5.0920730e+01   3.0101520e+01   1.6786497e+01   2.0159603e+01   5.9360003e+01   5.6962377e+01   6.4070827e+01   6.4288714e+01   3.3034597e+01   5.7817100e+01   1.0208244e+01   3.8765520e+01   2.1296634e+01   2.9568884e+01   2.6311819e+01   3.6624784e+01   3.8918745e+01   5.3002381e+01   4.5235333e+01   4.5544423e+01   4.6194639e+01   7.6589105e+00   6.4282835e+01   3.9051913e+01   5.1135956e+01   4.7685803e+01   1.3039936e+01   2.2522716e+01   2.2328880e+01   3.7123080e+01   2.4206539e+01   3.9184622e+01   6.3952738e+01   3.2035694e+01   6.9191339e+01   5.0522495e+01   4.2084252e+01   3.8948017e+01   1.9559119e+01   2.9568884e+01   3.6503472e+01   1.0000000e+00   6.5801225e+01   3.7174242e+01   4.4545431e+01   1.0759142e+01   3.4898401e+01   3.5855339e+01   6.0427039e+01   3.5883612e+01   1.2849089e+01   3.6624784e+01   1.1780514e+01   2.8108875e+01   4.9896356e+01   4.4160623e+01   4.0202015e+01   3.1049141e+01
  2.1713203e+01   5.2538447e+01   7.8824115e+00   3.3549206e+01   7.1708320e+00   7.2628358e+01   1.4229530e+01   4.5179414e+01   2.8731188e+01   5.3915822e+01   1.0208244e+01   5.6629315e+01   5.3702444e+01   1.0624228e+01   3.6503472e+01   5.0412423e+01   5.2694348e+01   1.1011898e+01   5.7600788e+01   5.9856971e+01   2.5369660e+01   5.6753889e+01   5.9206899e+01   3.3734019e+01   6.3309519e+00   2.3521729e+01   1.9000000e+01   1.6072412e+01   5.0010100e+01   5.4836912e+01   2.4021267e+01   4.6657340e+01   4.2586221e+01   5.3735327e+01   3.6506944e+01   4.0355339e+00   4.2985292e+01   5.0244346e+01   4.1304412e+01   5.3059490e+01   1.6507811e+01   4.5011235e+01   5.0920730e+01   0.0000000e+00   3.6590165e+01   3.6866193e+01   5.9085408e+01   3.5532128e+01   1.6128500e+01   1.4446326e+01   2.1505952e+01   4.1197051e+01   4.2796572e+01   4.1882363e+01   1.2665525e+01   3.0152150e+01   4.9746827e+01   6.3269419e+01   3.8700131e+01   3.6972592e+01   1.1511358e+01   5.4878304e+01   7.2268120e+00   1.4508926e+01   5.0843818e+01   1.4009256e+01   1.2849089e+01   2.0000000e+00   2.0025624e+01   3.9029210e+01   5.1893093e+01   3.0016944e+01   3.7003424e+01   4.8220541e+01   1.3354960e+01   4.8541649e+01   6.4501953e+01   3.7665172e+01   5.5000000e+00   1.2849089e+01   2.4913111e+01   5.7967382e+01   4.2609975e+01   5.1534302e+01   5.1416598e+01   1.8939089e+01   2.8700177e+01   4.6589587e+01   4.5092600e+01   4.7960510e+01   1.5574813e+01   3.4182340e+01   3.0202693e+01   5.7895557e+01   6.3866000e+01   5.1121142e+01   3.6031676e+01   6.1983738e+01   4.6150849e+01   5.9343011e+01   2.8221833e+01
  2.4259209e+01   3.7330694e+01   4.3639309e+01   1.9948650e+01   4.2273197e+01   3.6624784e+01   2.6053865e+01   3.6972592e+01   1.4009256e+01   1.8113915e+01   4.6219252e+01   2.4500000e+01   1.8388544e+01   2.6900758e+01   2.6311819e+01   4.4045953e+01   3.5717183e+01   2.7127054e+01   2.1970911e+01   2.5980385e+01   3.9615214e+01   2.2860680e+01   2.3759407e+01   3.6622777e+00   3.8216044e+01   4.0381073e+01   4.7235960e+01   3.8578866e+01   2.1860009e+01   2.4583189e+01   2.8018176e+01   1.1901754e+01   3.5389110e+01   2.3049945e+01   1.4101471e+01   3.6624784e+01   1.3247549e+01   1.5366069e+01   7.0192024e+00   3.1884710e+01   2.6696374e+01   3.4503676e+01   3.0101520e+01   3.6590165e+01   0.0000000e+00   1.5764338e+01   2.6543233e+01   3.0404013e+01   4.9614662e+01   4.5677428e+01   4.0801985e+01   6.0901699e+00   2.8221833e+01   2.1760292e+01   2.7267518e+01   2.2208293e+01   1.3700379e+01   2.9004386e+01   7.4462220e+00   9.3459030e+00   4.4502841e+01   2.2144861e+01   2.9864094e+01   4.0975301e+01   2.5096748e+01   4.7147615e+01   2.5500000e+01   3.7624790e+01   2.3177081e+01   2.6442244e+01   4.6393899e+01   2.6175864e+01   7.5710678e+00   1.3354960e+01   3.1358548e+01   3.4448490e+01   2.8912145e+01   4.0888736e+01   3.3401368e+01   3.5385527e+01   1.3785330e+01   2.5519992e+01   6.5207973e+00   1.6152476e+01   3.0500000e+01   5.4947222e+01   1.0208244e+01   1.7120770e+01   1.9916488e+01   1.2583046e+01   2.6214782e+01   3.1820920e+01   4.2574339e+01   2.9244565e+01   2.7780946e+01   2.2635944e+01   2.7360680e+00   2.9035066e+01   1.6640012e+01   2.3823808e+01   9.1023253e+00
  3.3401368e+01   5.2427835e+01   4.2547592e+01   6.3523500e+00   4.0749224e+01   4.3581318e+01   2.3347319e+01   5.1207495e+01   9.0146932e+00   2.8072631e+01   4.6273901e+01   2.1115528e+01   2.9500000e+01   2.9654759e+01   1.1601802e+01   5.8312196e+01   5.0900893e+01   3.0566593e+01   2.5995098e+01   3.8013331e+01   4.8552055e+01   2.2522716e+01   2.6919690e+01   1.6778821e+01   3.6059809e+01   4.8588460e+01   4.1160177e+01   3.2327661e+01   1.3700379e+01   3.8827536e+01   3.7973324e+01   2.5015301e+01   2.0280040e+01   3.7249150e+01   2.8819605e+01   3.5428498e+01   8.7764727e+00   2.7666155e+01   1.3089678e+01   4.7147615e+01   2.2023243e+01   4.8969062e+01   1.6786497e+01   3.6866193e+01   1.5764338e+01   0.0000000e+00   2.3613849e+01   4.3491278e+01   4.5900991e+01   4.9162100e+01   4.8262433e+01   2.0280040e+01   4.2932299e+01   7.2082039e+00   2.4923349e+01   1.0361541e+01   2.1648286e+01   2.8793109e+01   2.2709232e+01   2.4400837e+01   4.1270700e+01   3.5435655e+01   3.0819136e+01   3.5589172e+01   1.4642136e+01   4.9744289e+01   2.4541631e+01   3.7368008e+01   3.1423292e+01   1.1270330e+01   3.1147186e+01   1.3962912e+01   2.2703603e+01   1.7120770e+01   2.6848624e+01   4.9372283e+01   3.1984123e+01   5.3047597e+01   3.5606979e+01   3.0500000e+01   2.2692341e+01   2.2522716e+01   1.7856555e+01   2.7518512e+01   1.7263055e+01   5.3533009e+01   2.1170027e+01   3.2079265e+01   8.7462113e+00   2.4686773e+01   2.2414607e+01   4.4408997e+01   3.1342341e+01   2.1529741e+01   3.3925290e+01   1.4817821e+01   1.3538405e+01   4.1576149e+01   3.1620733e+01   3.3741540e+01   1.4817821e+01
  5.0251884e+01   5.7300088e+01   6.5247587e+01   2.8784271e+01   6.3525788e+01   2.6078311e+01   4.6032955e+01   5.9951661e+01   3.0950780e+01   2.1115528e+01   6.8709237e+01   3.0000000e+00   2.3613849e+01   5.0652268e+01   3.0872685e+01   6.6628662e+01   5.5089376e+01   5.1256773e+01   1.1511358e+01   3.0332868e+01   6.5655583e+01   5.2169906e+00   1.0361541e+01   2.9607559e+01   5.8905907e+01   6.6372984e+01   6.4174956e+01   5.5393078e+01   1.1316654e+01   3.6420050e+01   5.4058379e+01   2.5384734e+01   3.5285054e+01   3.5101301e+01   3.8066608e+01   5.8052150e+01   1.6601242e+01   2.4938699e+01   2.0102296e+01   4.9635018e+01   4.5025274e+01   5.7108303e+01   2.0159603e+01   5.9085408e+01   2.6543233e+01   2.3613849e+01   0.0000000e+00   5.5244863e+01   6.9001825e+01   7.0229836e+01   6.6685346e+01   2.5817978e+01   5.0622350e+01   2.1719095e+01   4.7577064e+01   3.3026912e+01   1.7307736e+01   6.6846584e+00   3.0341247e+01   3.3310059e+01   6.4320060e+01   3.1358548e+01   5.2639237e+01   5.8693642e+01   1.3624405e+01   7.1254858e+01   4.6795248e+01   5.9766348e+01   4.9007731e+01   2.8717902e+01   4.2147329e+01   3.5968296e+01   3.1696955e+01   1.4083078e+01   4.9906477e+01   5.5584027e+01   1.2541595e+01   6.6120119e+01   5.7044230e+01   5.3606026e+01   3.9464728e+01   1.6180340e+00   2.2144861e+01   2.3243131e+01   2.0102296e+01   7.6396311e+01   3.6172118e+01   3.4271290e+01   1.6507811e+01   2.3548861e+01   4.5293973e+01   5.7000000e+01   5.2504807e+01   8.7462113e+00   1.7892527e+01   1.0361541e+01   2.5743811e+01   3.4003731e+01   3.4059648e+01   2.3700216e+01   3.2644206e+01
  1.5205441e+01   1.7856555e+01   4.2048165e+01   4.5187806e+01   4.2000000e+01   5.5055018e+01   3.6294553e+01   1.0323441e+01   3.7000000e+01   3.8709946e+01   4.1518289e+01   5.3549505e+01   3.6917715e+01   2.7908940e+01   5.1455863e+01   1.6624515e+01   1.8527756e+01   2.6696374e+01   4.7502659e+01   3.8196154e+01   1.7914075e+01   5.0920730e+01   4.9502551e+01   2.8018176e+01   4.0752329e+01   2.0204060e+01   5.3533009e+01   4.7820714e+01   5.1764022e+01   2.9795904e+01   1.2010864e+01   3.1504032e+01   6.0608236e+01   2.9590376e+01   1.7682840e+01   3.8212730e+01   4.3117485e+01   3.3685087e+01   3.6711186e+01   2.0902206e+01   3.9184622e+01   1.0013149e+01   5.9360003e+01   3.5532128e+01   3.0404013e+01   4.3491278e+01   5.5244863e+01   0.0000000e+00   5.1002475e+01   3.4208308e+01   2.2283021e+01   2.9927878e+01   1.0052487e+01   5.0161353e+01   3.6154593e+01   4.5053339e+01   3.9081083e+01   5.6081022e+01   2.5409837e+01   2.2465883e+01   4.6543458e+01   3.2922986e+01   3.1684932e+01   4.7960510e+01   5.4926556e+01   3.7027387e+01   3.3654939e+01   3.7030809e+01   1.7588007e+01   5.2675186e+01   7.1917785e+01   4.8007894e+01   2.4148467e+01   4.1688591e+01   4.0996913e+01   1.3962912e+01   5.3584838e+01   1.1500000e+01   3.0537477e+01   4.3700116e+01   2.2069655e+01   5.4344684e+01   3.3643627e+01   3.5674565e+01   5.9797976e+01   5.0612374e+01   2.2827114e+01   2.4635037e+01   4.9471931e+01   3.3503788e+01   3.7843005e+01   3.0000000e+00   5.8865229e+01   5.9023500e+01   4.9576471e+01   5.2531241e+01   3.2079265e+01   3.8295502e+01   2.4526028e+01   4.1612650e+01   2.9400692e+01
  3.7340874e+01   6.8118415e+01   9.6241438e+00   4.1150953e+01   9.5138782e+00   8.5619034e+01   2.4253947e+01   6.0533324e+01   3.9051913e+01   6.7227056e+01   1.2161904e+01   6.6501894e+01   6.7344970e+01   2.5644582e+01   4.1731056e+01   6.5434582e+01   6.8312241e+01   2.6331183e+01   6.9465571e+01   7.4124045e+01   3.8961019e+01   6.7479474e+01   7.0858013e+01   4.7096674e+01   1.2129703e+01   3.6711186e+01   8.7462113e+00   1.4896180e+01   5.8882360e+01   6.9769402e+01   3.9512818e+01   6.0443724e+01   4.4822680e+01   6.8582670e+01   5.1590606e+01   1.4256816e+01   5.3322817e+01   6.4047227e+01   5.3275468e+01   6.8656071e+01   2.4583189e+01   6.0508333e+01   5.6962377e+01   1.6128500e+01   4.9614662e+01   4.5900991e+01   6.9001825e+01   5.1002475e+01   0.0000000e+00   2.2709232e+01   3.4337849e+01   5.4726377e+01   5.8424520e+01   4.9308298e+01   2.2910935e+01   3.7030809e+01   6.2346584e+01   7.3931941e+01   5.2854560e+01   5.1490195e+01   5.6478151e+00   6.9371257e+01   2.1689620e+01   1.1270330e+01   5.8734440e+01   2.0204060e+01   2.4629857e+01   1.4642136e+01   3.5606979e+01   4.4423228e+01   5.1500000e+01   3.5177082e+01   5.1266623e+01   5.9913803e+01   1.9644190e+01   6.4125860e+01   7.6160426e+01   5.2080035e+01   2.1097330e+01   1.5902922e+01   3.9439055e+01   6.7903635e+01   5.5500000e+01   6.5123912e+01   5.7423194e+01   1.0611874e+01   4.2985292e+01   6.1426185e+01   5.3615440e+01   6.1518440e+01   2.4541631e+01   4.9522954e+01   2.6576810e+01   6.6184854e+01   7.6427597e+01   5.9991596e+01   4.8606652e+01   7.6526311e+01   6.0966933e+01   7.2889571e+01   4.1012344e+01
  2.4552027e+01   5.1416598e+01   1.4642136e+01   4.6567885e+01   1.6120499e+01   8.0500000e+01   2.7518512e+01   4.2586221e+01   4.0705721e+01   6.1820877e+01   1.1047512e+01   6.7857256e+01   6.1105280e+01   2.0146883e+01   5.0090826e+01   4.6175486e+01   5.2232485e+01   1.9473666e+01   6.7148331e+01   6.5915977e+01   1.8527756e+01   6.7350580e+01   6.8925142e+01   4.2559482e+01   1.9060711e+01   1.6008062e+01   2.9157460e+01   2.9153098e+01   6.2000000e+01   5.9398217e+01   2.4084953e+01   5.4100373e+01   5.6493303e+01   5.8590447e+01   4.1512193e+01   1.7588007e+01   5.4281967e+01   5.7508771e+01   5.1318304e+01   5.4165631e+01   3.0152150e+01   4.3363154e+01   6.4070827e+01   1.4446326e+01   4.5677428e+01   4.9162100e+01   7.0229836e+01   3.4208308e+01   2.2709232e+01   0.0000000e+00   1.3509612e+01   4.9318542e+01   4.3214166e+01   5.4730987e+01   2.6044080e+01   4.3502907e+01   5.8734440e+01   7.3770048e+01   4.5900991e+01   4.3526155e+01   2.0655644e+01   6.0604076e+01   1.9027007e+01   2.6715453e+01   6.3301274e+01   3.5000000e+00   2.5519992e+01   1.4896180e+01   2.4253947e+01   5.2538447e+01   6.5824192e+01   4.3734824e+01   4.4100459e+01   5.8225644e+01   2.7300187e+01   4.7622182e+01   7.4088382e+01   3.2015869e+01   1.4083078e+01   2.6500000e+01   3.2570235e+01   6.9122154e+01   5.1541650e+01   5.9100341e+01   6.4570274e+01   1.8064168e+01   3.6433967e+01   5.1776213e+01   5.7385851e+01   5.5717751e+01   2.9070089e+01   3.2122777e+01   4.3479646e+01   7.0028771e+01   7.2480900e+01   6.3085941e+01   4.5688494e+01   6.7367406e+01   5.1416598e+01   6.6719333e+01   3.8196154e+01
  1.7120770e+01   3.9038941e+01   2.5384734e+01   4.7195824e+01   2.6214782e+01   7.3006896e+01   3.0470819e+01   2.9910882e+01   3.9885911e+01   5.4873707e+01   2.3061028e+01   6.4501953e+01   5.3718888e+01   2.0655644e+01   5.2046096e+01   3.3187918e+01   4.0079035e+01   1.9348077e+01   6.1706617e+01   5.7231825e+01   5.5249378e+00   6.3159796e+01   6.3620916e+01   3.7665172e+01   2.7300187e+01   3.0000000e+00   3.9448684e+01   3.6958881e+01   6.0002101e+01   4.9797566e+01   1.4392444e+01   4.7053732e+01   5.9850653e+01   4.9226276e+01   3.3184094e+01   2.5020400e+01   5.1561238e+01   5.0141213e+01   4.7107403e+01   4.2657443e+01   3.3620990e+01   3.0963092e+01   6.4288714e+01   2.1505952e+01   4.0801985e+01   4.8262433e+01   6.6685346e+01   2.2283021e+01   3.4337849e+01   1.3509612e+01   0.0000000e+00   4.3190748e+01   3.1712978e+01   5.4594824e+01   2.9400692e+01   4.5092600e+01   5.2997619e+01   6.9269543e+01   3.9126416e+01   3.6346897e+01   3.1134947e+01   5.1824945e+01   2.2133308e+01   3.5500000e+01   6.2073127e+01   1.6507811e+01   2.7780946e+01   2.2703603e+01   1.8177670e+01   5.4140004e+01   7.0271054e+01   4.6461941e+01   3.7368008e+01   5.3650729e+01   3.2601402e+01   3.5389110e+01   6.8488970e+01   1.9006756e+01   1.7856555e+01   3.3382366e+01   2.7725907e+01   6.5624880e+01   4.6107017e+01   5.1941715e+01   6.4782579e+01   3.1016389e+01   3.1094117e+01   4.2938190e+01   5.6081022e+01   4.8886465e+01   3.2264760e+01   1.9974342e+01   5.0749378e+01   6.8016665e+01   6.5891131e+01   6.1008264e+01   4.1442032e+01   5.8128118e+01   4.2657443e+01   5.9119536e+01   3.5014490e+01
  2.6600766e+01   3.4178628e+01   4.8387890e+01   2.5015301e+01   4.7118130e+01   3.1984123e+01   3.1358548e+01   3.5177082e+01   1.9559119e+01   1.3227922e+01   5.0704581e+01   2.4148467e+01   1.3119429e+01   3.1261177e+01   3.1200163e+01   4.2093269e+01   3.2327661e+01   3.1309901e+01   1.9053975e+01   2.0424859e+01   4.1393153e+01   2.1553503e+01   2.1000000e+01   8.1321688e+00   4.3222945e+01   4.2467249e+01   5.2639237e+01   4.4045953e+01   2.3521729e+01   1.9241665e+01   2.9731832e+01   6.3523500e+00   4.0060081e+01   1.7682840e+01   1.2757651e+01   4.1503049e+01   1.5706906e+01   9.8941471e+00   8.6394103e+00   2.7908940e+01   3.2162280e+01   3.2476554e+01   3.3034597e+01   4.1197051e+01   6.0901699e+00   2.0280040e+01   2.5817978e+01   2.9927878e+01   5.4726377e+01   4.9318542e+01   4.3190748e+01   0.0000000e+00   2.6000000e+01   2.5624689e+01   3.2503906e+01   2.7573973e+01   1.0323441e+01   2.7075365e+01   5.0276926e+00   8.0166482e+00   4.9591751e+01   1.6570159e+01   3.4507352e+01   4.6353026e+01   2.7206741e+01   5.1009900e+01   3.0603986e+01   4.2315069e+01   2.5995098e+01   3.1049141e+01   5.0823951e+01   3.1564449e+01   6.5207973e+00   1.2268602e+01   3.6749138e+01   3.1712978e+01   2.5798221e+01   4.0811289e+01   3.7665172e+01   4.0764749e+01   1.7300298e+01   2.4918231e+01   4.3078866e+00   1.0904326e+01   3.3382366e+01   5.9629096e+01   1.3403488e+01   1.2353270e+01   2.2799103e+01   7.3007353e+00   3.1620733e+01   3.1696955e+01   4.8128773e+01   3.0046573e+01   2.3662470e+01   2.4084953e+01   8.0000000e+00   2.3445588e+01   1.1912712e+01   1.8700275e+01   1.4365425e+01
  2.1595023e+01   1.0940307e+01   4.9739212e+01   4.5801766e+01   4.9433629e+01   4.6981179e+01   4.0904208e+01   9.8407708e+00   3.7943290e+01   3.2142535e+01   4.9746827e+01   4.9249359e+01   3.0038111e+01   3.4003731e+01   5.2300097e+01   1.6601242e+01   1.0512492e+01   3.3003846e+01   4.1688591e+01   2.9847061e+01   2.7453664e+01   4.6046679e+01   4.3656691e+01   2.6662951e+01   4.7542534e+01   2.9706164e+01   6.0008403e+01   5.3400851e+01   4.8948426e+01   2.1054805e+01   1.9948650e+01   2.5847584e+01   6.1600327e+01   2.1115528e+01   1.4659802e+01   4.5070169e+01   4.0724371e+01   2.7230133e+01   3.3786634e+01   1.1477249e+01   4.3433087e+01   7.0000000e+00   5.7817100e+01   4.2796572e+01   2.8221833e+01   4.2932299e+01   5.0622350e+01   1.0052487e+01   5.8424520e+01   4.3214166e+01   3.1712978e+01   2.6000000e+01   0.0000000e+00   4.9310859e+01   4.1107881e+01   4.6557030e+01   3.3880383e+01   5.0509999e+01   2.1860009e+01   1.9401058e+01   5.3690695e+01   2.4831050e+01   3.8000000e+01   5.4084046e+01   5.2504807e+01   4.5936769e+01   3.8559164e+01   4.4286413e+01   2.3505434e+01   5.3059490e+01   7.2903384e+01   4.9989898e+01   2.1200242e+01   3.7462819e+01   4.6120719e+01   7.2082039e+00   4.7171726e+01   1.9348077e+01   3.7836309e+01   4.9310859e+01   2.4269729e+01   4.9840653e+01   2.9795904e+01   2.9214108e+01   5.8210484e+01   5.9023500e+01   2.3396506e+01   1.7566048e+01   4.7600955e+01   2.7785527e+01   4.2216304e+01   1.2520815e+01   6.2959987e+01   5.5511362e+01   4.2502976e+01   4.9556090e+01   3.0274150e+01   2.9469812e+01   1.7617243e+01   3.4093154e+01   3.0038111e+01
  4.0028471e+01   5.8590447e+01   4.6986557e+01   8.8815273e+00   4.5098206e+01   4.4647480e+01   2.8158633e+01   5.7738536e+01   1.5213939e+01   3.1261177e+01   5.0980194e+01   1.9367962e+01   3.3057641e+01   3.5500000e+01   9.6787799e+00   6.4844774e+01   5.6964591e+01   3.6513886e+01   2.6976405e+01   4.1600487e+01   5.5071055e+01   2.2040659e+01   2.7425824e+01   2.3171568e+01   4.0355991e+01   5.5020638e+01   4.3700116e+01   3.5169872e+01   1.0904326e+01   4.3581318e+01   4.4627656e+01   2.9654759e+01   1.6032225e+01   4.2003012e+01   3.5155447e+01   4.0060081e+01   1.1293517e+01   3.1820920e+01   1.7719175e+01   5.2930907e+01   2.6273048e+01   5.5438602e+01   1.0208244e+01   4.1882363e+01   2.1760292e+01   7.2082039e+00   2.1719095e+01   5.0161353e+01   4.9308298e+01   5.4730987e+01   5.4594824e+01   2.5624689e+01   4.9310859e+01   0.0000000e+00   2.9731832e+01   1.2798374e+01   2.4753866e+01   2.7601660e+01   2.8611386e+01   3.0570750e+01   4.5000000e+01   3.9723717e+01   3.6224641e+01   3.8660844e+01   9.9339811e+00   5.5089376e+01   2.9774562e+01   4.2216304e+01   3.8000000e+01   7.7801099e+00   2.5960754e+01   1.5034442e+01   2.8819605e+01   1.9559119e+01   3.0769622e+01   5.5658861e+01   3.1984123e+01   5.9755801e+01   4.1150953e+01   3.4041020e+01   2.9387714e+01   2.0748457e+01   2.2641590e+01   3.1305844e+01   1.0698039e+01   5.7618298e+01   2.7854159e+01   3.7462819e+01   5.8851648e+00   2.8960499e+01   2.6943336e+01   5.1106324e+01   3.1293668e+01   1.7418924e+01   3.5115748e+01   1.1901754e+01   1.9604973e+01   4.5313502e+01   3.7030809e+01   3.6555513e+01   2.1523796e+01
  2.1523796e+01   5.1490195e+01   1.8177670e+01   2.1386599e+01   1.6453056e+01   6.3209648e+01   2.0811388e+00   4.5912003e+01   1.7143317e+01   4.4876232e+01   2.1860009e+01   4.5092600e+01   4.5092600e+01   9.6923882e+00   2.4546829e+01   5.2184137e+01   5.1059371e+01   1.1106602e+01   4.7174404e+01   5.2184137e+01   3.1812937e+01   4.5605432e+01   4.8630032e+01   2.4882371e+01   1.1901754e+01   3.0732433e+01   2.0902206e+01   1.3009996e+01   3.8119809e+01   4.8650805e+01   2.5624689e+01   3.8295502e+01   3.1342341e+01   4.7340154e+01   3.1200163e+01   1.1011898e+01   3.1564449e+01   4.1882363e+01   3.0913813e+01   5.0022722e+01   4.7720019e+00   4.4943785e+01   3.8765520e+01   1.2665525e+01   2.7267518e+01   2.4923349e+01   4.7577064e+01   3.6154593e+01   2.2910935e+01   2.6044080e+01   2.9400692e+01   3.2503906e+01   4.1107881e+01   2.9731832e+01   0.0000000e+00   1.8028548e+01   3.9936658e+01   5.2113952e+01   3.1049141e+01   3.0101520e+01   1.7856555e+01   4.7669906e+01   7.9330344e+00   1.4580128e+01   3.8768786e+01   2.6044080e+01   3.0495098e+00   1.3000000e+01   1.9080904e+01   2.7004717e+01   4.1429818e+01   1.8255281e+01   2.9594673e+01   3.7638255e+01   5.5249378e+00   4.7574409e+01   5.3943896e+01   4.1600487e+01   1.2869317e+01   9.1313383e+00   1.8610770e+01   4.6461941e+01   3.3107514e+01   4.2861539e+01   3.9262095e+01   2.9344410e+01   2.1600948e+01   4.0277506e+01   3.3096012e+01   3.9262095e+01   3.5413813e+00   3.5606979e+01   2.3396506e+01   4.5912003e+01   5.4028030e+01   3.9236288e+01   2.6200195e+01   5.4816204e+01   3.9793765e+01   5.0584928e+01   1.8679659e+01
  3.2535137e+01   5.6689412e+01   3.4840210e+01   4.7426407e+00   3.2922986e+01   5.3351206e+01   1.6507811e+01   5.3833854e+01   9.2321246e+00   3.7174242e+01   3.8951268e+01   3.0554118e+01   3.8331865e+01   2.5122145e+01   7.4641941e+00   6.0807545e+01   5.5509090e+01   2.6331183e+01   3.5830582e+01   4.6673586e+01   4.6393899e+01   3.2300157e+01   3.6780160e+01   2.1860009e+01   2.8181221e+01   4.5912003e+01   3.1684932e+01   2.3000000e+01   2.2522716e+01   4.6273901e+01   3.7249150e+01   3.3000000e+01   1.6120499e+01   4.4729515e+01   3.3153484e+01   2.8054491e+01   1.8617671e+01   3.6056293e+01   2.1789669e+01   5.2588866e+01   1.4229530e+01   5.2002427e+01   2.1296634e+01   3.0152150e+01   2.2208293e+01   1.0361541e+01   3.3026912e+01   4.5053339e+01   3.7030809e+01   4.3502907e+01   4.5092600e+01   2.7573973e+01   4.6557030e+01   1.2798374e+01   1.8028548e+01   0.0000000e+00   3.0938463e+01   3.8463799e+01   2.8757742e+01   2.9594673e+01   3.2702484e+01   4.3502907e+01   2.5045875e+01   2.6432605e+01   2.2208293e+01   4.3572613e+01   1.8562392e+01   3.0341247e+01   3.0181644e+01   9.6241438e+00   2.7379360e+01   4.5000000e+00   2.8181221e+01   2.6777367e+01   1.8527756e+01   5.3237558e+01   4.1840053e+01   5.3301515e+01   3.0067719e+01   2.1742646e+01   2.3505434e+01   3.1968238e+01   2.6044080e+01   3.6224641e+01   2.1789669e+01   4.5346962e+01   2.3662470e+01   3.8742646e+01   1.7210775e+01   3.3061480e+01   1.5077380e+01   4.5436066e+01   2.1724985e+01   2.9654759e+01   4.3703009e+01   2.3613849e+01   2.0102296e+01   5.0063091e+01   3.8252483e+01   4.2964691e+01   1.7060495e+01
  3.6392200e+01   4.0565571e+01   5.6724994e+01   2.7379360e+01   5.5301916e+01   2.3807724e+01   3.8608398e+01   4.3220019e+01   2.4650569e+01   7.0192024e+00   5.9398217e+01   1.6192355e+01   8.8815273e+00   4.0101136e+01   3.2515621e+01   4.9840653e+01   3.8401187e+01   4.0315198e+01   9.2321246e+00   1.7367128e+01   5.1207495e+01   1.2675796e+01   1.1188779e+01   1.6724981e+01   5.1118672e+01   5.2290443e+01   5.9330264e+01   5.0492499e+01   1.8679659e+01   2.0803941e+01   3.9551248e+01   8.5777472e+00   4.0255503e+01   1.9321530e+01   2.2000000e+01   4.9645193e+01   1.4036986e+01   8.6394103e+00   9.8941471e+00   3.3107514e+01   3.8775318e+01   4.0349718e+01   2.9568884e+01   4.9746827e+01   1.3700379e+01   2.1648286e+01   1.7307736e+01   3.9081083e+01   6.2346584e+01   5.8734440e+01   5.2997619e+01   1.0323441e+01   3.3880383e+01   2.4753866e+01   3.9936658e+01   3.0938463e+01   0.0000000e+00   1.7507351e+01   1.4642136e+01   1.7617243e+01   5.7284681e+01   1.6192355e+01   4.3020583e+01   5.3197249e+01   2.2709232e+01   6.0285032e+01   3.8371493e+01   5.0749378e+01   3.5692329e+01   3.1536269e+01   4.9977268e+01   3.4829288e+01   1.6287653e+01   5.8851648e+00   4.3633514e+01   3.8778584e+01   1.6008062e+01   5.0063091e+01   4.6600434e+01   4.7651352e+01   2.6677280e+01   1.6601242e+01   7.7111026e+00   7.4462220e+00   2.9795904e+01   6.8051832e+01   2.2860680e+01   1.7500000e+01   2.0280040e+01   6.7649820e+00   3.8513156e+01   4.1012344e+01   5.2162365e+01   2.3226636e+01   1.4642136e+01   1.8809833e+01   1.4293114e+01   2.1115528e+01   1.7270510e+01   1.2593387e+01   2.2069655e+01
  5.2672790e+01   5.6213553e+01   6.9698988e+01   3.4237961e+01   6.8046280e+01   2.0311613e+01   5.0604890e+01   5.9831695e+01   3.5500000e+01   1.9348077e+01   7.2958609e+01   8.7764727e+00   2.1772047e+01   5.4393413e+01   3.6780160e+01   6.6236215e+01   5.3887733e+01   5.4873707e+01   9.3600226e+00   2.7131748e+01   6.7823844e+01   7.0192024e+00   7.4641941e+00   3.2162280e+01   6.3507936e+01   6.8749542e+01   6.9451070e+01   6.0604076e+01   1.7270510e+01   3.4300888e+01   5.6152942e+01   2.5248737e+01   4.1454243e+01   3.3149655e+01   3.9003247e+01   6.2487902e+01   2.1115528e+01   2.3920077e+01   2.2972205e+01   4.8170746e+01   4.9858383e+01   5.6902571e+01   2.6311819e+01   6.3269419e+01   2.9004386e+01   2.8793109e+01   6.6846584e+00   5.6081022e+01   7.3931941e+01   7.3770048e+01   6.9269543e+01   2.7075365e+01   5.0509999e+01   2.7601660e+01   5.2113952e+01   3.8463799e+01   1.7507351e+01   0.0000000e+00   3.1536269e+01   3.4533072e+01   6.9138546e+01   2.9153098e+01   5.6689412e+01   6.3810742e+01   1.9800259e+01   7.4988254e+01   5.1121142e+01   6.4047227e+01   5.1678609e+01   3.4712571e+01   4.8262433e+01   4.1600487e+01   3.3096012e+01   1.6160460e+01   5.4788581e+01   5.4905882e+01   7.0000000e+00   6.7067635e+01   6.0873835e+01   5.8590447e+01   4.2261226e+01   7.4641941e+00   2.3764780e+01   2.2005813e+01   2.6239075e+01   8.0948741e+01   3.8700131e+01   3.3609666e+01   2.2283021e+01   2.3270595e+01   5.0010100e+01   5.8019562e+01   5.8381344e+01   1.4508926e+01   1.3119429e+01   1.6390249e+01   2.8651377e+01   3.0570750e+01   3.3484845e+01   2.0412308e+01   3.6087919e+01
  2.2641590e+01   3.0554118e+01   4.6010988e+01   2.6777367e+01   4.4876232e+01   3.5101301e+01   3.0067719e+01   3.0913813e+01   2.0229420e+01   1.6453056e+01   4.8007894e+01   2.8646936e+01   1.5739751e+01   2.8611386e+01   3.3195565e+01   3.7896524e+01   2.8863709e+01   2.8486604e+01   2.3352790e+01   2.1772047e+01   3.7123080e+01   2.6078311e+01   2.5324383e+01   7.5178344e+00   4.1246165e+01   3.8292195e+01   5.1421508e+01   4.3082273e+01   2.7601660e+01   1.8562392e+01   2.5500000e+01   8.7006097e+00   4.2315069e+01   1.7120770e+01   8.2620873e+00   3.9349067e+01   1.9401058e+01   1.2172618e+01   1.2426860e+01   2.4938699e+01   3.1305844e+01   2.8284888e+01   3.6624784e+01   3.8700131e+01   7.4462220e+00   2.2709232e+01   3.0341247e+01   2.5409837e+01   5.2854560e+01   4.5900991e+01   3.9126416e+01   5.0276926e+00   2.1860009e+01   2.8611386e+01   3.1049141e+01   2.8757742e+01   1.4642136e+01   3.1536269e+01   0.0000000e+00   3.5000000e+00   4.7706991e+01   1.7120770e+01   3.2122777e+01   4.5098206e+01   3.1147186e+01   4.7746693e+01   2.8929738e+01   3.9908121e+01   2.2283021e+01   3.3382366e+01   5.3339379e+01   3.2663644e+01   2.3027756e+00   1.6778821e+01   3.5606979e+01   2.7835874e+01   2.9970324e+01   3.6284075e+01   3.4840210e+01   3.9554449e+01   1.4329317e+01   2.9435273e+01   8.7462113e+00   1.3700379e+01   3.7000000e+01   5.7114927e+01   1.0500000e+01   1.0549876e+01   2.6369867e+01   1.0361541e+01   3.0583218e+01   2.7169271e+01   4.8510416e+01   3.4389526e+01   2.7332816e+01   2.8235356e+01   9.6787799e+00   2.4269729e+01   1.0052487e+01   2.1386599e+01   1.3586252e+01
  1.9974342e+01   2.8540150e+01   4.4332066e+01   2.8004545e+01   4.3293107e+01   3.7530393e+01   2.9244565e+01   2.8284888e+01   2.0902206e+01   1.9060711e+01   4.6107017e+01   3.1584562e+01   1.8113915e+01   2.6848624e+01   3.4500000e+01   3.5320971e+01   2.7004717e+01   2.6600766e+01   2.6311819e+01   2.3401965e+01   3.4223137e+01   2.9070089e+01   2.8289386e+01   8.3262379e+00   3.9860513e+01   3.5446388e+01   5.0500000e+01   4.2371828e+01   3.0240545e+01   1.9053975e+01   2.2635944e+01   1.1235455e+01   4.3726149e+01   1.7740940e+01   5.4244289e+00   3.7853045e+01   2.1860009e+01   1.4508926e+01   1.5034442e+01   2.3548861e+01   3.0765492e+01   2.5738859e+01   3.8918745e+01   3.6972592e+01   9.3459030e+00   2.4400837e+01   3.3310059e+01   2.2465883e+01   5.1490195e+01   4.3526155e+01   3.6346897e+01   8.0166482e+00   1.9401058e+01   3.0570750e+01   3.0101520e+01   2.9594673e+01   1.7617243e+01   3.4533072e+01   3.5000000e+00   0.0000000e+00   4.6353026e+01   1.8423448e+01   3.0516662e+01   4.4180659e+01   3.3685087e+01   4.5469434e+01   2.7854159e+01   3.8235925e+01   1.9800259e+01   3.4898401e+01   5.4878304e+01   3.3401368e+01   2.3027756e+00   1.9735384e+01   3.4829288e+01   2.5604780e+01   3.2880550e+01   3.3310059e+01   3.2907561e+01   3.8700131e+01   1.2593387e+01   3.2394357e+01   1.1680340e+01   1.6192355e+01   3.9310437e+01   5.5311039e+01   9.0440037e+00   1.0698039e+01   2.8700177e+01   1.3039936e+01   2.9927878e+01   2.4190715e+01   4.8666378e+01   3.7194686e+01   3.0046573e+01   3.0917922e+01   1.1465856e+01   2.5559928e+01   1.0208244e+01   2.3700216e+01   1.3586252e+01
  3.2597508e+01   6.3517855e+01   6.5207973e+00   3.6735342e+01   5.4244289e+00   8.0539053e+01   1.9241665e+01   5.6182134e+01   3.4178628e+01   6.2111687e+01   1.0624228e+01   6.1820877e+01   6.2211020e+01   2.0630822e+01   3.7816216e+01   6.1327625e+01   6.3626856e+01   2.1386599e+01   6.4494140e+01   6.8976273e+01   3.5503571e+01   6.2663092e+01   6.5915977e+01   4.1963840e+01   7.0000000e+00   3.3397568e+01   9.0146932e+00   1.1511358e+01   5.4351648e+01   6.4658008e+01   3.5032593e+01   5.5301916e+01   4.1694660e+01   6.3462290e+01   4.6513585e+01   9.2321246e+00   4.8523432e+01   5.8905907e+01   4.8262433e+01   6.3794945e+01   1.9800259e+01   5.6020267e+01   5.3002381e+01   1.1511358e+01   4.4502841e+01   4.1270700e+01   6.4320060e+01   4.6543458e+01   5.6478151e+00   2.0655644e+01   3.1134947e+01   4.9591751e+01   5.3690695e+01   4.5000000e+01   1.7856555e+01   3.2702484e+01   5.7284681e+01   6.9138546e+01   4.7706991e+01   4.6353026e+01   0.0000000e+00   6.4227937e+01   1.6640012e+01   8.0166482e+00   5.4391094e+01   1.8617671e+01   1.9506578e+01   1.0013149e+01   3.0765492e+01   4.0503125e+01   4.9208316e+01   3.1175723e+01   4.6120719e+01   5.4947222e+01   1.4922205e+01   5.9519065e+01   7.1224819e+01   4.8301674e+01   1.6507811e+01   1.1465856e+01   3.4311980e+01   6.3215628e+01   5.0404910e+01   5.9991596e+01   5.3474050e+01   1.3354960e+01   3.7843005e+01   5.6307706e+01   4.9123554e+01   5.6386045e+01   1.9644190e+01   4.5179414e+01   2.4882371e+01   6.1794372e+01   7.1383708e+01   5.5465899e+01   4.3526155e+01   7.1383708e+01   5.5846635e+01   6.7762545e+01   3.5901271e+01
  3.6569378e+01   2.8158633e+01   6.2245445e+01   4.0652833e+01   6.1216555e+01   2.2692341e+01   4.6679000e+01   3.3534073e+01   3.5628336e+01   1.0759142e+01   6.3913327e+01   3.0905592e+01   8.2781746e+00   4.4754943e+01   4.6535313e+01   3.9116706e+01   2.5723997e+01   4.4460209e+01   2.0612185e+01   5.9083269e+00   4.8692323e+01   2.6701145e+01   2.2283021e+01   2.3662470e+01   5.7745087e+01   5.0429951e+01   6.8037027e+01   5.9648119e+01   3.4371079e+01   5.6478151e+00   3.8000000e+01   1.1011898e+01   5.4954109e+01   4.6231056e+00   1.9591883e+01   5.5767531e+01   2.8960499e+01   8.4056942e+00   2.2860680e+01   1.9800259e+01   4.7820714e+01   3.0537477e+01   4.5235333e+01   5.4878304e+01   2.2144861e+01   3.5435655e+01   3.1358548e+01   3.2922986e+01   6.9371257e+01   6.0604076e+01   5.1824945e+01   1.6570159e+01   2.4831050e+01   3.9723717e+01   4.7669906e+01   4.3502907e+01   1.6192355e+01   2.9153098e+01   1.7120770e+01   1.8423448e+01   6.4227937e+01   0.0000000e+00   4.8440067e+01   6.1714786e+01   3.8401187e+01   6.2761545e+01   4.5538872e+01   5.6152942e+01   3.6958881e+01   4.6002747e+01   6.5170318e+01   4.7502659e+01   1.8624569e+01   2.1529741e+01   5.2203482e+01   2.7573973e+01   2.4379908e+01   4.3433087e+01   5.0719518e+01   5.6164172e+01   3.0516662e+01   3.0938463e+01   1.8113915e+01   9.2464278e+00   4.5472214e+01   7.3170489e+01   2.6886550e+01   9.4022469e+00   3.5692329e+01   1.1293517e+01   4.7150295e+01   3.5320971e+01   6.4196546e+01   3.8371493e+01   1.8837121e+01   3.4477934e+01   2.4047824e+01   7.6589105e+00   9.7195445e+00   1.0117692e+01   2.9970324e+01
  1.7120770e+01   4.8094643e+01   1.4401439e+01   2.8040879e+01   1.3276932e+01   6.5915977e+01   9.2321246e+00   4.1500000e+01   2.2482948e+01   4.7217235e+01   1.6901219e+01   5.0201610e+01   4.7042991e+01   4.5311289e+00   3.1756999e+01   4.7302778e+01   4.8002632e+01   5.5249378e+00   5.0900893e+01   5.3344110e+01   2.4897746e+01   5.0181485e+01   5.2521630e+01   2.7018861e+01   1.0208244e+01   2.3613849e+01   2.2522716e+01   1.6847783e+01   4.3841666e+01   4.8627435e+01   2.0424859e+01   4.0012656e+01   3.8768786e+01   4.7470736e+01   3.0404013e+01   7.9330344e+00   3.6545111e+01   4.3607424e+01   3.4621108e+01   4.7820714e+01   1.2204700e+01   4.0947497e+01   4.5544423e+01   7.2268120e+00   2.9864094e+01   3.0819136e+01   5.2639237e+01   3.1684932e+01   2.1689620e+01   1.9027007e+01   2.2133308e+01   3.4507352e+01   3.8000000e+01   3.6224641e+01   7.9330344e+00   2.5045875e+01   4.3020583e+01   5.6689412e+01   3.2122777e+01   3.0516662e+01   1.6640012e+01   4.8440067e+01   0.0000000e+00   1.6778821e+01   4.4921279e+01   1.9427493e+01   7.0000000e+00   8.3102497e+00   1.5008618e+01   3.4134060e+01   4.8832184e+01   2.5609759e+01   3.0454132e+01   4.1548752e+01   1.1106602e+01   4.4103326e+01   5.7810557e+01   3.5663902e+01   5.5249378e+00   1.2798374e+01   1.8423448e+01   5.1522054e+01   3.5883612e+01   4.4864964e+01   4.6043935e+01   2.5624689e+01   2.2133308e+01   4.0312058e+01   3.9064880e+01   4.1282962e+01   1.0940307e+01   3.0720026e+01   2.9568884e+01   5.1807894e+01   5.7139209e+01   4.4943785e+01   2.9314059e+01   5.5572679e+01   3.9860513e+01   5.2675186e+01   2.1505952e+01
  3.3382366e+01   6.4282835e+01   1.3039936e+01   3.0608138e+01   1.1235455e+01   7.6495066e+01   1.5541609e+01   5.7771284e+01   2.9314059e+01   5.8487068e+01   1.7588007e+01   5.6197846e+01   5.8863088e+01   2.0655644e+01   3.0963092e+01   6.3480156e+01   6.4096384e+01   2.1789669e+01   5.9848547e+01   6.6154398e+01   3.9349067e+01   5.7423194e+01   6.1132087e+01   3.8778584e+01   8.7006097e+00   3.7530393e+01   6.8245553e+00   4.1400549e+00   4.8400939e+01   6.2727406e+01   3.6638622e+01   5.2184137e+01   3.4300888e+01   6.1420030e+01   4.5134628e+01   1.1047512e+01   4.3281421e+01   5.5747172e+01   4.3919466e+01   6.3549584e+01   1.4922205e+01   5.7218604e+01   4.6194639e+01   1.4508926e+01   4.0975301e+01   3.5589172e+01   5.8693642e+01   4.7960510e+01   1.1270330e+01   2.6715453e+01   3.5500000e+01   4.6353026e+01   5.4084046e+01   3.8660844e+01   1.4580128e+01   2.6432605e+01   5.3197249e+01   6.3810742e+01   4.5098206e+01   4.4180659e+01   8.0166482e+00   6.1714786e+01   1.6778821e+01   0.0000000e+00   4.8094643e+01   2.5122145e+01   1.6878339e+01   1.3306248e+01   3.1200163e+01   3.3654939e+01   4.1694660e+01   2.4426972e+01   4.3665380e+01   5.0319675e+01   1.0117692e+01   6.0301756e+01   6.6397648e+01   5.1318304e+01   1.8837121e+01   6.0901699e+00   3.2566337e+01   5.7607355e+01   4.6641088e+01   5.6627088e+01   4.6654631e+01   2.0655644e+01   3.5671011e+01   5.4351648e+01   4.3105751e+01   5.3047597e+01   1.5264823e+01   4.6946205e+01   1.7588007e+01   5.5568140e+01   6.7110810e+01   4.9502551e+01   3.9695025e+01   6.8852030e+01   5.3868998e+01   6.4267155e+01   3.2488279e+01
  4.6613989e+01   6.0869694e+01   5.6213553e+01   1.8170597e+01   5.4351648e+01   3.8552595e+01   3.7187873e+01   6.1469255e+01   2.3138463e+01   2.8682441e+01   6.0109144e+01   1.1680340e+01   3.0913813e+01   4.3789722e+01   1.8534689e+01   6.8501838e+01   5.8965802e+01   4.4681444e+01   2.1713203e+01   3.9038941e+01   6.2022354e+01   1.5500000e+01   2.1523796e+01   2.7425824e+01   4.9617207e+01   6.2245445e+01   5.3104658e+01   4.4602154e+01   4.5311289e+00   4.2938190e+01   5.1000000e+01   2.9568884e+01   2.2162179e+01   4.1420655e+01   3.8578866e+01   4.9203183e+01   1.2353270e+01   3.0732433e+01   1.9221645e+01   5.4240115e+01   3.5503571e+01   5.8905907e+01   7.6589105e+00   5.0843818e+01   2.5096748e+01   1.4642136e+01   1.3624405e+01   5.4926556e+01   5.8734440e+01   6.3301274e+01   6.2073127e+01   2.7206741e+01   5.2504807e+01   9.9339811e+00   3.8768786e+01   2.2208293e+01   2.2709232e+01   1.9800259e+01   3.1147186e+01   3.3685087e+01   5.4391094e+01   3.8401187e+01   4.4921279e+01   4.8094643e+01   0.0000000e+00   6.3848244e+01   3.8578866e+01   5.1266623e+01   4.4842418e+01   1.6120499e+01   2.9504310e+01   2.4400837e+01   3.1884710e+01   1.7418924e+01   4.0101136e+01   5.8400777e+01   2.5182990e+01   6.5178049e+01   4.9739212e+01   4.3441821e+01   3.5606979e+01   1.2869317e+01   2.3548861e+01   2.9654759e+01   7.7801099e+00   6.6956753e+01   3.3260495e+01   3.8331865e+01   6.5000000e+00   2.8302878e+01   3.6084407e+01   5.6213553e+01   4.0012656e+01   8.0000000e+00   2.9538767e+01   4.6231056e+00   2.3347319e+01   4.2846783e+01   3.7976659e+01   3.3072995e+01   2.7794688e+01
  2.6815395e+01   5.4281967e+01   1.2706556e+01   4.6827638e+01   1.4392444e+01   8.2335200e+01   2.7573973e+01   4.5513887e+01   4.1371751e+01   6.3605071e+01   8.6394103e+00   6.8852030e+01   6.2981997e+01   2.1115528e+01   5.0000000e+01   4.9164669e+01   5.5055018e+01   2.0624612e+01   6.8595521e+01   6.8037027e+01   2.1523796e+01   6.8529405e+01   7.0335521e+01   4.4066042e+01   1.7892527e+01   1.9006756e+01   2.7037709e+01   2.7813001e+01   6.2727406e+01   6.1720911e+01   2.6677280e+01   5.5943665e+01   5.6009008e+01   6.0869694e+01   4.3685646e+01   1.6778821e+01   5.5222025e+01   5.9398217e+01   5.2600864e+01   5.6864883e+01   3.0000000e+01   4.6241119e+01   6.4282835e+01   1.4009256e+01   4.7147615e+01   4.9744289e+01   7.1254858e+01   3.7027387e+01   2.0204060e+01   3.5000000e+00   1.6507811e+01   5.1009900e+01   4.5936769e+01   5.5089376e+01   2.6044080e+01   4.3572613e+01   6.0285032e+01   7.4988254e+01   4.7746693e+01   4.5469434e+01   1.8617671e+01   6.2761545e+01   1.9427493e+01   2.5122145e+01   6.3848244e+01   0.0000000e+00   2.5817978e+01   1.4147344e+01   2.6311819e+01   5.2509614e+01   6.5015502e+01   4.3526155e+01   4.5953273e+01   5.9536006e+01   2.6734519e+01   5.0464988e+01   7.5541655e+01   3.5014490e+01   1.4730249e+01   2.5500000e+01   3.4212016e+01   7.0141941e+01   5.3076135e+01   6.0940053e+01   6.4780635e+01   1.5077380e+01   3.8106515e+01   5.3981305e+01   5.7989129e+01   5.7508771e+01   2.9017538e+01   3.4981879e+01   4.2096274e+01   7.0715739e+01   7.4149508e+01   6.3824561e+01   4.7029560e+01   6.9595948e+01   5.3608380e+01   6.8617545e+01   3.9410153e+01
  1.9060711e+01   4.8940685e+01   1.9101075e+01   2.1553503e+01   1.7529386e+01   6.1573726e+01   3.3284271e+00   4.3398135e+01   1.6390249e+01   4.3105751e+01   2.2414607e+01   4.4329214e+01   4.3220019e+01   7.7111026e+00   2.5324383e+01   4.9706199e+01   4.8513019e+01   9.1023253e+00   4.5843136e+01   5.0141213e+01   2.9910882e+01   4.4602154e+01   4.7361498e+01   2.2972205e+01   1.3247549e+01   2.8969282e+01   2.3177081e+01   1.5500000e+01   3.7665172e+01   4.6380279e+01   2.3243131e+01   3.6346897e+01   3.2628648e+01   4.5092600e+01   2.8784271e+01   1.1901754e+01   3.0707615e+01   3.9946166e+01   2.9525851e+01   4.7510637e+01   6.5207973e+00   4.2407637e+01   3.9051913e+01   1.2849089e+01   2.5500000e+01   2.4541631e+01   4.6795248e+01   3.3654939e+01   2.4629857e+01   2.5519992e+01   2.7780946e+01   3.0603986e+01   3.8559164e+01   2.9774562e+01   3.0495098e+00   1.8562392e+01   3.8371493e+01   5.1121142e+01   2.8929738e+01   2.7854159e+01   1.9506578e+01   4.5538872e+01   7.0000000e+00   1.6878339e+01   3.8578866e+01   2.5817978e+01   0.0000000e+00   1.3471122e+01   1.6601242e+01   2.7666155e+01   4.3000000e+01   1.9321530e+01   2.7425824e+01   3.6350384e+01   8.0663730e+00   4.5025274e+01   5.2675186e+01   3.9310437e+01   1.2010864e+01   1.1545361e+01   1.6200318e+01   4.5677428e+01   3.1423292e+01   4.0996913e+01   3.9551248e+01   3.0408193e+01   1.9321530e+01   3.8000000e+01   3.2780025e+01   3.7391733e+01   5.1097722e+00   3.3149655e+01   2.5803162e+01   4.5569391e+01   5.2502404e+01   3.8775318e+01   2.4583189e+01   5.2694348e+01   3.7520265e+01   4.8759714e+01   1.6901219e+01
  2.3199119e+01   5.4037370e+01   6.6032778e+00   3.3854160e+01   5.7201533e+00   7.3706899e+01   1.4580128e+01   4.6673586e+01   2.9348743e+01   5.5020638e+01   9.4442719e+00   5.7300088e+01   5.4853013e+01   1.1912712e+01   3.6555513e+01   5.1885796e+01   5.4188919e+01   1.2384864e+01   5.8519393e+01   6.1101155e+01   2.6677280e+01   5.7528502e+01   6.0100755e+01   3.4811077e+01   5.1097722e+00   2.4774472e+01   1.7588007e+01   1.5103082e+01   5.0544980e+01   5.6179889e+01   2.5519992e+01   4.7820714e+01   4.2362871e+01   5.5064182e+01   3.7866429e+01   3.1925824e+00   4.3676961e+01   5.1414143e+01   4.2204316e+01   5.4530084e+01   1.6624515e+01   4.6510868e+01   5.1135956e+01   2.0000000e+00   3.7624790e+01   3.7368008e+01   5.9766348e+01   3.7030809e+01   1.4642136e+01   1.4896180e+01   2.2703603e+01   4.2315069e+01   4.4286413e+01   4.2216304e+01   1.3000000e+01   3.0341247e+01   5.0749378e+01   6.4047227e+01   3.9908121e+01   3.8235925e+01   1.0013149e+01   5.6152942e+01   8.3102497e+00   1.3306248e+01   5.1266623e+01   1.4147344e+01   1.3471122e+01   0.0000000e+00   2.1488092e+01   3.9116706e+01   5.1460769e+01   3.0004237e+01   3.8225986e+01   4.9100412e+01   1.3089678e+01   5.0040388e+01   6.5403775e+01   3.9081083e+01   7.0000000e+00   1.2129703e+01   2.6156383e+01   5.8648517e+01   4.3639309e+01   5.2675186e+01   5.1629737e+01   1.7827723e+01   2.9910882e+01   4.7913078e+01   4.5569391e+01   4.9092695e+01   1.5797059e+01   3.5674565e+01   2.9344410e+01   5.8383504e+01   6.4881674e+01   5.1659066e+01   3.7000000e+01   6.3269419e+01   4.7470736e+01   6.0485415e+01   2.9192333e+01
  3.0000000e+00   3.3594561e+01   2.7225456e+01   3.1370698e+01   2.6696374e+01   5.6822731e+01   1.9294946e+01   2.7379360e+01   2.3440139e+01   3.8235925e+01   2.8004545e+01   4.6827638e+01   3.7408671e+01   1.1047512e+01   3.7030809e+01   3.3605891e+01   3.3500000e+01   1.0000000e+01   4.4332066e+01   4.2225292e+01   1.7682840e+01   4.5513887e+01   4.6208314e+01   2.0025624e+01   2.4546829e+01   1.8000000e+01   3.7030809e+01   3.0819136e+01   4.2547592e+01   3.6140567e+01   7.6063352e+00   3.0454132e+01   4.5721676e+01   3.5202305e+01   1.7914075e+01   2.2092823e+01   3.4000000e+01   3.3805405e+01   2.9435273e+01   3.3549206e+01   2.2283021e+01   2.6586395e+01   4.7685803e+01   2.0025624e+01   2.3177081e+01   3.1423292e+01   4.9007731e+01   1.7588007e+01   3.5606979e+01   2.4253947e+01   1.8177670e+01   2.5995098e+01   2.3505434e+01   3.8000000e+01   1.9080904e+01   3.0181644e+01   3.5692329e+01   5.1678609e+01   2.2283021e+01   1.9800259e+01   3.0765492e+01   3.6958881e+01   1.5008618e+01   3.1200163e+01   4.4842418e+01   2.6311819e+01   1.6601242e+01   2.1488092e+01   0.0000000e+00   3.8739378e+01   5.6807193e+01   3.2515621e+01   2.0481241e+01   3.6031676e+01   2.3909400e+01   2.9607559e+01   5.1195167e+01   2.3845235e+01   1.5205441e+01   2.6696374e+01   1.0052487e+01   4.7947339e+01   2.8651377e+01   3.5446388e+01   4.8168124e+01   3.7395122e+01   1.3480755e+01   2.8221833e+01   3.8895963e+01   3.2142535e+01   2.0908332e+01   1.7060495e+01   4.1882363e+01   5.0509999e+01   4.9064390e+01   4.3526155e+01   2.3764780e+01   4.3841666e+01   2.7835874e+01   4.3000000e+01   1.7566048e+01
  4.1003086e+01   6.2809710e+01   4.3255117e+01   8.0000000e+00   4.1292156e+01   5.1919841e+01   2.5519992e+01   6.0958664e+01   1.6200318e+01   3.8053295e+01   4.7523930e+01   2.6442244e+01   3.9704592e+01   3.4234256e+01   3.1925824e+00   6.8029623e+01   6.1378978e+01   3.5428498e+01   3.4234256e+01   4.8262433e+01   5.5281384e+01   2.9292360e+01   3.4705263e+01   2.7127054e+01   3.6590165e+01   5.4892095e+01   3.8146381e+01   3.0046573e+01   1.7942764e+01   4.9540799e+01   4.5713383e+01   3.5671011e+01   9.5138782e+00   4.7960510e+01   3.9100518e+01   3.6721541e+01   1.8007141e+01   3.8156341e+01   2.3662470e+01   5.7806195e+01   2.3022211e+01   5.8888783e+01   1.3039936e+01   3.9029210e+01   2.6442244e+01   1.1270330e+01   2.8717902e+01   5.2675186e+01   4.4423228e+01   5.2538447e+01   5.4140004e+01   3.1049141e+01   5.3059490e+01   7.7801099e+00   2.7004717e+01   9.6241438e+00   3.1536269e+01   3.4712571e+01   3.3382366e+01   3.4898401e+01   4.0503125e+01   4.6002747e+01   3.4134060e+01   3.3654939e+01   1.6120499e+01   5.2509614e+01   2.7666155e+01   3.9116706e+01   3.8739378e+01   0.0000000e+00   2.0481241e+01   9.8407708e+00   3.3256679e+01   2.6504807e+01   2.6886550e+01   5.9614296e+01   3.9245968e+01   6.1518440e+01   3.9158764e+01   2.9620440e+01   3.1200163e+01   2.7794688e+01   2.8522313e+01   3.7836309e+01   1.3500000e+01   5.3325183e+01   3.0554118e+01   4.2846783e+01   1.3149111e+01   3.5213110e+01   2.4000000e+01   5.3301515e+01   2.4400837e+01   2.3483690e+01   4.2371828e+01   1.8857560e+01   2.4206539e+01   5.1912547e+01   4.2386752e+01   4.3500000e+01   2.3845235e+01
  5.9221802e+01   8.2751140e+01   5.3765843e+01   2.7601660e+01   5.1795711e+01   6.7516789e+01   4.0302638e+01   8.0556230e+01   3.5589172e+01   5.6415114e+01   5.8370545e+01   4.0528115e+01   5.8346780e+01   5.0181485e+01   2.1115528e+01   8.7577552e+01   8.1348624e+01   5.1541650e+01   5.0622350e+01   6.6836265e+01   7.2272209e+01   4.4502841e+01   5.0522495e+01   4.7096674e+01   4.7683154e+01   7.1452449e+01   4.3546487e+01   3.8331865e+01   3.3096012e+01   6.9029191e+01   6.3911355e+01   5.5100824e+01   1.1835784e+01   6.7449608e+01   5.9034178e+01   4.8783020e+01   3.6711186e+01   5.7264866e+01   4.3117485e+01   7.7773864e+01   3.7174242e+01   7.8602497e+01   2.2522716e+01   5.1893093e+01   4.6393899e+01   3.1147186e+01   4.2147329e+01   7.1917785e+01   5.1500000e+01   6.5824192e+01   7.0271054e+01   5.0823951e+01   7.2903384e+01   2.5960754e+01   4.1429818e+01   2.7379360e+01   4.9977268e+01   4.8262433e+01   5.3339379e+01   5.4878304e+01   4.9208316e+01   6.5170318e+01   4.8832184e+01   4.1694660e+01   2.9504310e+01   6.5015502e+01   4.3000000e+01   5.1460769e+01   5.6807193e+01   2.0481241e+01   0.0000000e+00   2.4800206e+01   5.3237558e+01   4.4647480e+01   3.9081083e+01   7.9501582e+01   5.4058379e+01   8.0077007e+01   5.3615440e+01   4.0037956e+01   5.0352282e+01   4.1576149e+01   4.8039457e+01   5.6680513e+01   2.2551077e+01   6.1518440e+01   5.0178969e+01   6.2669124e+01   3.0219522e+01   5.4418921e+01   3.8513156e+01   7.2313996e+01   2.5579872e+01   3.4448490e+01   5.8534473e+01   3.3534073e+01   4.4160623e+01   7.0592796e+01   6.2219122e+01   6.1411822e+01   4.3456373e+01
  3.4941980e+01   6.0209714e+01   3.3955194e+01   8.1157731e+00   3.1984123e+01   5.7044230e+01   1.6878339e+01   5.7002212e+01   1.3000000e+01   4.1107881e+01   3.8269035e+01   3.3534073e+01   4.2300120e+01   2.6311819e+01   7.1708320e+00   6.3911355e+01   5.9100341e+01   2.7615494e+01   3.9439055e+01   5.0659745e+01   4.8147141e+01   3.5589172e+01   4.0302638e+01   2.5723997e+01   2.7300187e+01   4.7470736e+01   2.9214108e+01   2.0853132e+01   2.5258837e+01   5.0251884e+01   3.9621605e+01   3.7000000e+01   1.3916408e+01   4.8710476e+01   3.6807713e+01   2.7541635e+01   2.2231314e+01   4.0050601e+01   2.5743811e+01   5.6332338e+01   1.4083078e+01   5.5276820e+01   2.2328880e+01   3.0016944e+01   2.6175864e+01   1.3962912e+01   3.5968296e+01   4.8007894e+01   3.5177082e+01   4.3734824e+01   4.6461941e+01   3.1564449e+01   4.9989898e+01   1.5034442e+01   1.8255281e+01   4.5000000e+00   3.4829288e+01   4.1600487e+01   3.2663644e+01   3.3401368e+01   3.1175723e+01   4.7502659e+01   2.5609759e+01   2.4426972e+01   2.4400837e+01   4.3526155e+01   1.9321530e+01   3.0004237e+01   3.2515621e+01   9.8407708e+00   2.4800206e+01   0.0000000e+00   3.2031730e+01   3.0541638e+01   1.7617243e+01   5.6689412e+01   4.5277226e+01   5.5817267e+01   3.0603986e+01   2.0280040e+01   2.6600766e+01   3.4941980e+01   3.0038111e+01   4.0202015e+01   2.2799103e+01   4.3988504e+01   2.7117663e+01   4.2672266e+01   1.9974342e+01   3.7054753e+01   1.5213939e+01   4.8241491e+01   1.7892527e+01   3.1900637e+01   4.7388165e+01   2.6311819e+01   2.4084953e+01   5.4058379e+01   4.2180331e+01   4.6881570e+01   2.0655644e+01
  2.0859273e+01   3.0274150e+01   4.4329214e+01   2.6447061e+01   4.3220019e+01   3.6900549e+01   2.8660256e+01   3.0084624e+01   1.9539433e+01   1.8255281e+01   4.6273901e+01   2.9927878e+01   1.7529386e+01   2.6900758e+01   3.2922986e+01   3.7123080e+01   2.8700177e+01   2.6748809e+01   2.5015301e+01   2.3396506e+01   3.5428498e+01   2.7518512e+01   2.6976405e+01   6.8245553e+00   3.9647158e+01   3.6562446e+01   4.9989898e+01   4.1731056e+01   2.8450850e+01   1.9735384e+01   2.3786262e+01   1.0500000e+01   4.2120308e+01   1.8346568e+01   7.2082039e+00   3.7715588e+01   2.0057607e+01   1.3953624e+01   1.3247549e+01   2.5096748e+01   3.0016944e+01   2.7541635e+01   3.7123080e+01   3.7003424e+01   7.5710678e+00   2.2703603e+01   3.1696955e+01   2.4148467e+01   5.1266623e+01   4.4100459e+01   3.7368008e+01   6.5207973e+00   2.1200242e+01   2.8819605e+01   2.9594673e+01   2.8181221e+01   1.6287653e+01   3.3096012e+01   2.3027756e+00   2.3027756e+00   4.6120719e+01   1.8624569e+01   3.0454132e+01   4.3665380e+01   3.1884710e+01   4.5953273e+01   2.7425824e+01   3.8225986e+01   2.0481241e+01   3.3256679e+01   5.3237558e+01   3.2031730e+01   0.0000000e+00   1.8113915e+01   3.4223137e+01   2.7379360e+01   3.1680924e+01   3.4941980e+01   3.3096012e+01   3.8143060e+01   1.2603718e+01   3.0765492e+01   1.0052487e+01   1.5500000e+01   3.7513511e+01   5.5404462e+01   8.8216585e+00   1.1511358e+01   2.6900758e+01   1.2161904e+01   2.9244565e+01   2.5817978e+01   4.7566442e+01   3.5446388e+01   2.9122544e+01   2.9135642e+01   9.7195445e+00   2.5783394e+01   1.1011898e+01   2.3171568e+01   1.2500000e+01
  3.7082099e+01   4.4876232e+01   5.4926556e+01   2.2961077e+01   5.3379580e+01   2.7112967e+01   3.6210643e+01   4.6738512e+01   2.1505952e+01   1.2268602e+01   5.7928216e+01   1.2384864e+01   1.4256816e+01   3.9012985e+01   2.7666155e+01   5.3551861e+01   4.2814300e+01   3.9413365e+01   1.0052487e+01   2.2692341e+01   5.2348337e+01   1.0052487e+01   1.1511358e+01   1.6507811e+01   4.9000000e+01   5.3190132e+01   5.6303226e+01   4.7406823e+01   1.3403488e+01   2.6019600e+01   4.0699502e+01   1.2919742e+01   3.5090461e+01   2.4505208e+01   2.4526028e+01   4.7746693e+01   9.0586214e+00   1.3813527e+01   7.4462220e+00   3.7759227e+01   3.5968296e+01   4.3962628e+01   2.4206539e+01   4.8220541e+01   1.3354960e+01   1.7120770e+01   1.4083078e+01   4.1688591e+01   5.9913803e+01   5.8225644e+01   5.3650729e+01   1.2268602e+01   3.7462819e+01   1.9559119e+01   3.7638255e+01   2.6777367e+01   5.8851648e+00   1.6160460e+01   1.6778821e+01   1.9735384e+01   5.4947222e+01   2.1529741e+01   4.1548752e+01   5.0319675e+01   1.7418924e+01   5.9536006e+01   3.6350384e+01   4.9100412e+01   3.6031676e+01   2.6504807e+01   4.4647480e+01   3.0541638e+01   1.8113915e+01   0.0000000e+00   4.0904208e+01   4.2799527e+01   1.6824828e+01   5.2543251e+01   4.5524993e+01   4.4864964e+01   2.6600766e+01   1.3158989e+01   8.5622577e+00   1.2798374e+01   2.4442640e+01   6.6251426e+01   2.3061028e+01   2.1900935e+01   1.4930870e+01   1.1465856e+01   3.5883612e+01   4.3421440e+01   4.7934165e+01   1.8679659e+01   1.7500000e+01   1.3624405e+01   1.3039936e+01   2.6461510e+01   2.1600948e+01   1.7507351e+01   2.0655644e+01
  2.6311819e+01   5.6493303e+01   1.6878339e+01   2.2431712e+01   1.4930870e+01   6.6939822e+01   6.0901699e+00   5.0784192e+01   1.9948650e+01   4.8873546e+01   2.1151876e+01   4.7406823e+01   4.9246795e+01   1.3962912e+01   2.4259209e+01   5.6962377e+01   5.6078773e+01   1.5340822e+01   5.0452477e+01   5.6580300e+01   3.5503571e+01   4.8335656e+01   5.1795711e+01   2.9192333e+01   1.0208244e+01   3.4178628e+01   1.6390249e+01   8.0663730e+00   3.9946166e+01   5.3379580e+01   3.0240545e+01   4.2586221e+01   2.9774562e+01   5.2038820e+01   3.6126535e+01   1.0512492e+01   3.4178628e+01   4.6142634e+01   3.4400590e+01   5.5036685e+01   5.4497475e+00   4.9881171e+01   3.9184622e+01   1.3354960e+01   3.1358548e+01   2.6848624e+01   4.9906477e+01   4.0996913e+01   1.9644190e+01   2.7300187e+01   3.2601402e+01   3.6749138e+01   4.6120719e+01   3.0769622e+01   5.5249378e+00   1.8527756e+01   4.3633514e+01   5.4788581e+01   3.5606979e+01   3.4829288e+01   1.4922205e+01   5.2203482e+01   1.1106602e+01   1.0117692e+01   4.0101136e+01   2.6734519e+01   8.0663730e+00   1.3089678e+01   2.3909400e+01   2.6886550e+01   3.9081083e+01   1.7617243e+01   3.4223137e+01   4.0904208e+01   0.0000000e+00   5.2569665e+01   5.7086217e+01   4.5986262e+01   1.5340822e+01   4.5311289e+00   2.3548861e+01   4.8803727e+01   3.7030809e+01   4.7010751e+01   3.9669503e+01   2.7356098e+01   2.6394015e+01   4.5025274e+01   3.4738137e+01   4.3433087e+01   5.6478151e+00   4.0352854e+01   1.9006756e+01   4.7457428e+01   5.7600788e+01   4.1061681e+01   3.0084624e+01   5.9326015e+01   4.4536916e+01   5.4650254e+01   2.2888613e+01
  2.7518512e+01   4.5000000e+00   5.5276820e+01   5.2406165e+01   5.5112270e+01   4.9126125e+01   4.7430800e+01   7.4462220e+00   4.4602154e+01   3.6154593e+01   5.4926556e+01   5.4393413e+01   3.3854160e+01   4.0154760e+01   5.8914467e+01   1.2043396e+01   5.2169906e+00   3.9081083e+01   4.6046679e+01   3.2015869e+01   3.0707615e+01   5.0923209e+01   4.7960510e+01   3.3096012e+01   5.3509433e+01   3.3149655e+01   6.6122024e+01   5.9766348e+01   5.4733292e+01   2.3005555e+01   2.5182990e+01   3.0707615e+01   6.8214474e+01   2.3521729e+01   2.1054805e+01   5.1002475e+01   4.6727697e+01   3.1491934e+01   3.9704592e+01   9.6923882e+00   5.0020198e+01   5.1097722e+00   6.3952738e+01   4.8541649e+01   3.4448490e+01   4.9372283e+01   5.5584027e+01   1.3962912e+01   6.4125860e+01   4.7622182e+01   3.5389110e+01   3.1712978e+01   7.2082039e+00   5.5658861e+01   4.7574409e+01   5.3237558e+01   3.8778584e+01   5.4905882e+01   2.7835874e+01   2.5604780e+01   5.9519065e+01   2.7573973e+01   4.4103326e+01   6.0301756e+01   5.8400777e+01   5.0464988e+01   4.5025274e+01   5.0040388e+01   2.9607559e+01   5.9614296e+01   7.9501582e+01   5.6689412e+01   2.7379360e+01   4.2799527e+01   5.2569665e+01   0.0000000e+00   5.1000000e+01   1.9974342e+01   4.3546487e+01   5.5658861e+01   3.0963092e+01   5.4873707e+01   3.5446388e+01   3.3401368e+01   6.4331810e+01   6.4060994e+01   3.0084624e+01   2.1860009e+01   5.3702444e+01   3.2539039e+01   4.8783020e+01   1.6008062e+01   6.9595948e+01   6.0966933e+01   4.5834865e+01   5.5276820e+01   3.6562446e+01   3.0835623e+01   2.2040659e+01   3.7167424e+01   3.6700829e+01
  5.1893093e+01   5.1941715e+01   7.1247791e+01   3.7715588e+01   6.9704407e+01   1.4036986e+01   5.2502404e+01   5.6379334e+01   3.7638255e+01   1.5533296e+01   7.4205495e+01   1.4036986e+01   1.7682840e+01   5.5146592e+01   4.1077087e+01   6.2483869e+01   4.9540799e+01   5.5465899e+01   7.4462220e+00   2.1595023e+01   6.6592738e+01   1.0462429e+01   5.8150729e+00   3.2031730e+01   6.5317050e+01   6.7740241e+01   7.2266984e+01   6.3366923e+01   2.2087033e+01   2.9469812e+01   5.4965585e+01   2.2641590e+01   4.6597722e+01   2.8486604e+01   3.6917715e+01   6.4070827e+01   2.3807724e+01   2.0506249e+01   2.3700216e+01   4.3665380e+01   5.2138164e+01   5.3400851e+01   3.2035694e+01   6.4501953e+01   2.8912145e+01   3.1984123e+01   1.2541595e+01   5.3584838e+01   7.6160426e+01   7.4088382e+01   6.8488970e+01   2.5798221e+01   4.7171726e+01   3.1984123e+01   5.3943896e+01   4.1840053e+01   1.6008062e+01   7.0000000e+00   2.9970324e+01   3.2880550e+01   7.1224819e+01   2.4379908e+01   5.7810557e+01   6.6397648e+01   2.5182990e+01   7.5541655e+01   5.2675186e+01   6.5403775e+01   5.1195167e+01   3.9245968e+01   5.4058379e+01   4.5277226e+01   3.1680924e+01   1.6824828e+01   5.7086217e+01   5.1000000e+01   0.0000000e+00   6.4570274e+01   6.1665758e+01   6.1008264e+01   4.2096274e+01   1.3000000e+01   2.3094247e+01   1.8506943e+01   3.2015869e+01   8.2574661e+01   3.8321951e+01   3.0105743e+01   2.6600766e+01   2.0655644e+01   5.2118795e+01   5.5683784e+01   6.2439487e+01   2.0723748e+01   6.8639610e+00   2.1386599e+01   2.9070089e+01   2.4800206e+01   3.0067719e+01   1.5034442e+01   3.6835245e+01
  2.1386599e+01   2.2843903e+01   4.2964691e+01   5.4035035e+01   4.3433087e+01   6.5624880e+01   4.2120308e+01   1.3247549e+01   4.5867940e+01   4.9662994e+01   4.1249233e+01   6.4369007e+01   4.7820714e+01   3.2535137e+01   6.0018905e+01   1.4817821e+01   2.4541631e+01   3.1147186e+01   5.8502155e+01   4.8583261e+01   1.4000000e+01   6.1845334e+01   6.0502083e+01   3.8292195e+01   4.3398135e+01   1.6507811e+01   5.6164172e+01   5.1941715e+01   6.2184682e+01   3.9885911e+01   1.6763456e+01   4.2502976e+01   6.8910526e+01   3.9873214e+01   2.8611386e+01   4.0888736e+01   5.3474050e+01   4.4638985e+01   4.7310789e+01   2.8806360e+01   4.5249302e+01   1.5416434e+01   6.9191339e+01   3.7665172e+01   4.0888736e+01   5.3047597e+01   6.6120119e+01   1.1500000e+01   5.2080035e+01   3.2015869e+01   1.9006756e+01   4.0811289e+01   1.9348077e+01   5.9755801e+01   4.1600487e+01   5.3301515e+01   5.0063091e+01   6.7067635e+01   3.6284075e+01   3.3310059e+01   4.8301674e+01   4.3433087e+01   3.5663902e+01   5.1318304e+01   6.5178049e+01   3.5014490e+01   3.9310437e+01   3.9081083e+01   2.3845235e+01   6.1518440e+01   8.0077007e+01   5.5817267e+01   3.4941980e+01   5.2543251e+01   4.5986262e+01   1.9974342e+01   6.4570274e+01   0.0000000e+00   3.3000000e+01   4.7947339e+01   3.0950780e+01   6.5201236e+01   4.4482951e+01   4.6632960e+01   6.9646583e+01   4.9502551e+01   3.2539039e+01   3.5435655e+01   5.9552942e+01   4.4502841e+01   4.3841666e+01   9.6241438e+00   6.4441379e+01   6.9623079e+01   6.0470826e+01   6.3000000e+01   4.2407637e+01   4.8317361e+01   3.5360436e+01   5.2377259e+01   3.8739378e+01
  1.6778821e+01   4.7542534e+01   1.2520815e+01   3.3015381e+01   1.2097414e+01   6.9147651e+01   1.4229530e+01   4.0202015e+01   2.7183328e+01   5.0382362e+01   1.3700379e+01   5.4634093e+01   5.0002525e+01   7.0192024e+00   3.6780160e+01   4.5513887e+01   4.7714934e+01   6.8639610e+00   5.4726377e+01   5.5801447e+01   2.1200242e+01   5.4393413e+01   5.6415114e+01   3.0408193e+01   1.0940307e+01   1.9604973e+01   2.3786262e+01   1.9800259e+01   4.8523432e+01   5.0424944e+01   1.9027007e+01   4.2932299e+01   4.3700116e+01   4.9377398e+01   3.2067388e+01   8.4056942e+00   4.0996913e+01   4.6483693e+01   3.8578866e+01   4.8170746e+01   1.7120770e+01   4.0012656e+01   5.0522495e+01   5.5000000e+00   3.3401368e+01   3.5606979e+01   5.7044230e+01   3.0537477e+01   2.1097330e+01   1.4083078e+01   1.7856555e+01   3.7665172e+01   3.7836309e+01   4.1150953e+01   1.2869317e+01   3.0067719e+01   4.6600434e+01   6.0873835e+01   3.4840210e+01   3.2907561e+01   1.6507811e+01   5.0719518e+01   5.5249378e+00   1.8837121e+01   4.9739212e+01   1.4730249e+01   1.2010864e+01   7.0000000e+00   1.5205441e+01   3.9158764e+01   5.3615440e+01   3.0603986e+01   3.3096012e+01   4.5524993e+01   1.5340822e+01   4.3546487e+01   6.1665758e+01   3.3000000e+01   0.0000000e+00   1.6072412e+01   2.1018285e+01   5.5930136e+01   3.9400514e+01   4.7876154e+01   5.1022272e+01   2.2972205e+01   2.4897746e+01   4.2264219e+01   4.3841666e+01   4.4346323e+01   1.5902922e+01   2.9214108e+01   3.3397568e+01   5.6529010e+01   6.0626949e+01   4.9617207e+01   3.3096012e+01   5.7773467e+01   4.1840053e+01   5.5658861e+01   2.5369660e+01
  2.9004386e+01   5.9614296e+01   1.4500000e+01   2.5803162e+01   1.2500000e+01   7.0955660e+01   9.9868330e+00   5.3521222e+01   2.3877339e+01   5.2904675e+01   1.9027007e+01   5.1106324e+01   5.3273099e+01   1.6311388e+01   2.6943336e+01   5.9493644e+01   5.9306887e+01   1.7588007e+01   5.4407328e+01   6.0577034e+01   3.6735342e+01   5.2162365e+01   5.5726805e+01   3.3195565e+01   8.1485293e+00   3.5177082e+01   1.2384864e+01   4.6231056e+00   4.3491278e+01   5.7253854e+01   3.2628648e+01   4.6597722e+01   3.1504032e+01   5.5930136e+01   3.9819207e+01   9.4442719e+00   3.8003333e+01   5.0158836e+01   3.8401187e+01   5.8500000e+01   9.4022469e+00   5.2780493e+01   4.2084252e+01   1.2849089e+01   3.5385527e+01   3.0500000e+01   5.3606026e+01   4.3700116e+01   1.5902922e+01   2.6500000e+01   3.3382366e+01   4.0764749e+01   4.9310859e+01   3.4041020e+01   9.1313383e+00   2.1742646e+01   4.7651352e+01   5.8590447e+01   3.9554449e+01   3.8700131e+01   1.1465856e+01   5.6164172e+01   1.2798374e+01   6.0901699e+00   4.3441821e+01   2.5500000e+01   1.1545361e+01   1.2129703e+01   2.6696374e+01   2.9620440e+01   4.0037956e+01   2.0280040e+01   3.8143060e+01   4.4864964e+01   4.5311289e+00   5.5658861e+01   6.1008264e+01   4.7947339e+01   1.6072412e+01   0.0000000e+00   2.7230133e+01   5.2509614e+01   4.1061681e+01   5.1037115e+01   4.2559482e+01   2.4217082e+01   3.0219522e+01   4.8886465e+01   3.8235925e+01   4.7457428e+01   9.6787799e+00   4.2879240e+01   1.7914075e+01   5.0861195e+01   6.1600327e+01   4.4602154e+01   3.4115473e+01   6.3295302e+01   4.8400939e+01   5.8680753e+01   2.6900758e+01
  1.1545361e+01   3.4676015e+01   3.2256889e+01   2.3700216e+01   3.1200163e+01   4.8713069e+01   1.8007141e+01   3.0901480e+01   1.5500000e+01   2.9949109e+01   3.4178628e+01   3.7276351e+01   2.9491378e+01   1.4800350e+01   2.9898129e+01   3.7826264e+01   3.3880383e+01   1.4659802e+01   3.5177082e+01   3.5446388e+01   2.7042419e+01   3.6031676e+01   3.7003424e+01   1.0624228e+01   2.7813001e+01   2.7518512e+01   3.8843839e+01   3.1102287e+01   3.3138168e+01   3.0872685e+01   1.5902922e+01   2.2420310e+01   3.9038941e+01   2.9654759e+01   1.3089678e+01   2.5768558e+01   2.4520824e+01   2.5965663e+01   1.9916488e+01   3.2193848e+01   2.0102296e+01   2.9227165e+01   3.8948017e+01   2.4913111e+01   1.3785330e+01   2.2692341e+01   3.9464728e+01   2.2069655e+01   3.9439055e+01   3.2570235e+01   2.7725907e+01   1.7300298e+01   2.4269729e+01   2.9387714e+01   1.8610770e+01   2.3505434e+01   2.6677280e+01   4.2261226e+01   1.4329317e+01   1.2593387e+01   3.4311980e+01   3.0516662e+01   1.8423448e+01   3.2566337e+01   3.5606979e+01   3.4212016e+01   1.6200318e+01   2.6156383e+01   1.0052487e+01   3.1200163e+01   5.0352282e+01   2.6600766e+01   1.2603718e+01   2.6600766e+01   2.3548861e+01   3.0963092e+01   4.2096274e+01   3.0950780e+01   2.1018285e+01   2.7230133e+01   0.0000000e+00   3.8401187e+01   1.9506578e+01   2.7379360e+01   3.9416577e+01   4.3301869e+01   4.4051248e+00   2.2505681e+01   2.9731832e+01   2.3877339e+01   1.9027007e+01   2.2602036e+01   3.9310437e+01   4.1049353e+01   4.0440581e+01   3.4093154e+01   1.4229530e+01   3.7651716e+01   2.2040659e+01   3.5148232e+01   8.4056942e+00
  4.9208316e+01   5.6647128e+01   6.4131753e+01   2.7725907e+01   6.2411227e+01   2.6519224e+01   4.4918465e+01   5.9162168e+01   2.9834280e+01   2.0680436e+01   6.7591356e+01   1.9142136e+00   2.3171568e+01   4.9540799e+01   2.9915132e+01   6.5870100e+01   5.4456001e+01   5.0148766e+01   1.1316654e+01   3.0101520e+01   6.4624878e+01   4.7426407e+00   1.0348858e+01   2.8571338e+01   5.7793106e+01   6.5326692e+01   6.3103914e+01   5.4314496e+01   1.0361541e+01   3.5968296e+01   5.3038081e+01   2.4666092e+01   3.4503676e+01   3.4624771e+01   3.7174242e+01   5.6935804e+01   1.5483324e+01   2.4353721e+01   1.9060711e+01   4.9048944e+01   4.3919466e+01   5.6332338e+01   1.9559119e+01   5.7967382e+01   2.5519992e+01   2.2522716e+01   1.6180340e+00   5.4344684e+01   6.7903635e+01   6.9122154e+01   6.5624880e+01   2.4918231e+01   4.9840653e+01   2.0748457e+01   4.6461941e+01   3.1968238e+01   1.6601242e+01   7.4641941e+00   2.9435273e+01   3.2394357e+01   6.3215628e+01   3.0938463e+01   5.1522054e+01   5.7607355e+01   1.2869317e+01   7.0141941e+01   4.5677428e+01   5.8648517e+01   4.7947339e+01   2.7794688e+01   4.1576149e+01   3.4941980e+01   3.0765492e+01   1.3158989e+01   4.8803727e+01   5.4873707e+01   1.3000000e+01   6.5201236e+01   5.5930136e+01   5.2509614e+01   3.8401187e+01   0.0000000e+00   2.1218349e+01   2.2703603e+01   1.9526298e+01   7.5283019e+01   3.5130189e+01   3.3594561e+01   1.5500000e+01   2.2860680e+01   4.4183521e+01   5.6078773e+01   5.1541650e+01   8.5777472e+00   1.8085505e+01   9.4442719e+00   2.4686773e+01   3.3805405e+01   3.3370960e+01   2.3521729e+01   3.1548349e+01
  2.9487066e+01   3.7826264e+01   4.9645193e+01   2.3049945e+01   4.8262433e+01   3.0653773e+01   3.1840868e+01   3.8983763e+01   1.8700275e+01   1.2353270e+01   5.2239733e+01   2.0406029e+01   1.3000000e+01   3.2907561e+01   2.8942925e+01   4.5892731e+01   3.5918921e+01   3.3107514e+01   1.6192355e+01   2.1151876e+01   4.4559619e+01   1.8000000e+01   1.8057050e+01   9.5138782e+00   4.4160623e+01   4.5513887e+01   5.2854560e+01   4.4103326e+01   1.9800259e+01   2.1529741e+01   3.2888269e+01   7.6589105e+00   3.7520265e+01   1.9948650e+01   1.6507811e+01   4.2609975e+01   1.2300424e+01   1.0512492e+01   5.4244289e+00   3.1309901e+01   3.2264760e+01   3.6277088e+01   2.9568884e+01   4.2609975e+01   6.5207973e+00   1.7856555e+01   2.2144861e+01   3.3643627e+01   5.5500000e+01   5.1541650e+01   4.6107017e+01   4.3078866e+00   2.9795904e+01   2.2641590e+01   3.3107514e+01   2.6044080e+01   7.7111026e+00   2.3764780e+01   8.7462113e+00   1.1680340e+01   5.0404910e+01   1.8113915e+01   3.5883612e+01   4.6641088e+01   2.3548861e+01   5.3076135e+01   3.1423292e+01   4.3639309e+01   2.8651377e+01   2.8522313e+01   4.8039457e+01   3.0038111e+01   1.0052487e+01   8.5622577e+00   3.7030809e+01   3.5446388e+01   2.3094247e+01   4.4482951e+01   3.9400514e+01   4.1061681e+01   1.9506578e+01   2.1218349e+01   0.0000000e+00   1.0807764e+01   2.9898129e+01   6.0958664e+01   1.5731546e+01   1.5500000e+01   1.9401058e+01   7.5178344e+00   3.1884710e+01   3.5360436e+01   4.7029560e+01   2.6239075e+01   2.1760292e+01   2.0330532e+01   7.4462220e+00   2.4520824e+01   1.5103082e+01   1.8170597e+01   1.5034442e+01
  3.5663902e+01   3.4770979e+01   5.8758047e+01   3.3015381e+01   5.7508771e+01   2.1900935e+01   4.1682521e+01   3.8476967e+01   2.9004386e+01   3.5413813e+00   6.0983469e+01   2.2522716e+01   2.7360680e+00   4.1536569e+01   3.8582148e+01   4.4763416e+01   3.2488279e+01   4.1512193e+01   1.3149111e+01   1.1000000e+01   4.9540799e+01   1.8527756e+01   1.5060220e+01   1.8527756e+01   5.3627206e+01   5.0923209e+01   6.2887899e+01   5.4212196e+01   2.5624689e+01   1.3953624e+01   3.8119809e+01   5.5000000e+00   4.6697944e+01   1.2520815e+01   1.9473666e+01   5.1900389e+01   2.0512496e+01   2.5000000e+00   1.5008618e+01   2.6919690e+01   4.2335989e+01   3.5517853e+01   3.6503472e+01   5.1534302e+01   1.6152476e+01   2.7518512e+01   2.3243131e+01   3.5674565e+01   6.5123912e+01   5.9100341e+01   5.1941715e+01   1.0904326e+01   2.9214108e+01   3.1305844e+01   4.2861539e+01   3.6224641e+01   7.4462220e+00   2.2005813e+01   1.3700379e+01   1.6192355e+01   5.9991596e+01   9.2464278e+00   4.4864964e+01   5.6627088e+01   2.9654759e+01   6.0940053e+01   4.0996913e+01   5.2675186e+01   3.5446388e+01   3.7836309e+01   5.6680513e+01   4.0202015e+01   1.5500000e+01   1.2798374e+01   4.7010751e+01   3.3401368e+01   1.8506943e+01   4.6632960e+01   4.7876154e+01   5.1037115e+01   2.7379360e+01   2.2703603e+01   1.0807764e+01   0.0000000e+00   3.6735342e+01   6.9973016e+01   2.3483690e+01   1.2172618e+01   2.7070661e+01   4.1055513e+00   4.1867258e+01   3.7836309e+01   5.7300088e+01   2.9847061e+01   1.4580128e+01   2.5738859e+01   1.7588007e+01   1.4580128e+01   1.2097414e+01   8.3102497e+00   2.4686773e+01
  5.0163870e+01   6.7001880e+01   5.6042776e+01   1.8506943e+01   5.4100373e+01   4.5500000e+01   3.7715588e+01   6.6939822e+01   2.5409837e+01   3.5887145e+01   6.0218088e+01   1.8500000e+01   3.8076588e+01   4.5544423e+01   1.6192355e+01   7.4027206e+01   6.5201236e+01   4.6597722e+01   2.8942925e+01   4.6273901e+01   6.5261099e+01   2.2590722e+01   2.8660256e+01   3.2406112e+01   4.9372283e+01   6.5218622e+01   5.1059371e+01   4.3044095e+01   1.1736103e+01   4.9896356e+01   5.4733292e+01   3.6305028e+01   1.6724981e+01   4.8359168e+01   4.4100459e+01   4.9336462e+01   1.8177670e+01   3.7715588e+01   2.5248737e+01   6.0707973e+01   3.5517853e+01   6.4501953e+01   1.0000000e+00   5.1416598e+01   3.0500000e+01   1.7263055e+01   2.0102296e+01   5.9797976e+01   5.7423194e+01   6.4570274e+01   6.4782579e+01   3.3382366e+01   5.8210484e+01   1.0698039e+01   3.9262095e+01   2.1789669e+01   2.9795904e+01   2.6239075e+01   3.7000000e+01   3.9310437e+01   5.3474050e+01   4.5472214e+01   4.6043935e+01   4.6654631e+01   7.7801099e+00   6.4780635e+01   3.9551248e+01   5.1629737e+01   4.8168124e+01   1.3500000e+01   2.2551077e+01   2.2799103e+01   3.7513511e+01   2.4442640e+01   3.9669503e+01   6.4331810e+01   3.2015869e+01   6.9646583e+01   5.1022272e+01   4.2559482e+01   3.9416577e+01   1.9526298e+01   2.9898129e+01   3.6735342e+01   0.0000000e+00   6.6276135e+01   3.7624790e+01   4.4864964e+01   1.1130146e+01   3.5169872e+01   3.6350384e+01   6.0873835e+01   3.6252622e+01   1.2675796e+01   3.6669739e+01   1.1901754e+01   2.8517851e+01   5.0080742e+01   4.4482951e+01   4.0349718e+01   3.1516125e+01
  3.8578866e+01   6.7968511e+01   1.1835784e+01   4.9287806e+01   1.3403488e+01   9.1034524e+01   3.0872685e+01   5.9544475e+01   4.5986262e+01   7.2341840e+01   9.8941471e+00   7.3906403e+01   7.2141468e+01   2.9004386e+01   5.0642298e+01   6.3549584e+01   6.8531243e+01   2.9214108e+01   7.5723002e+01   7.8212612e+01   3.6003521e+01   7.4435783e+01   7.7262621e+01   5.2138164e+01   1.7992856e+01   3.3515148e+01   1.8837121e+01   2.4259209e+01   6.6706118e+01   7.2877483e+01   3.9580046e+01   6.5094891e+01   5.4456001e+01   7.1844236e+01   5.4523143e+01   1.9006756e+01   6.0408263e+01   6.8679909e+01   5.9398217e+01   6.9756769e+01   3.2031730e+01   6.0025205e+01   6.5801225e+01   1.8939089e+01   5.4947222e+01   5.3533009e+01   7.6396311e+01   5.0612374e+01   1.0611874e+01   1.8064168e+01   3.1016389e+01   5.9629096e+01   5.9023500e+01   5.7618298e+01   2.9344410e+01   4.5346962e+01   6.8051832e+01   8.0948741e+01   5.7114927e+01   5.5311039e+01   1.3354960e+01   7.3170489e+01   2.5624689e+01   2.0655644e+01   6.6956753e+01   1.5077380e+01   3.0408193e+01   1.7827723e+01   3.7395122e+01   5.3325183e+01   6.1518440e+01   4.3988504e+01   5.5404462e+01   6.6251426e+01   2.7356098e+01   6.4060994e+01   8.2574661e+01   4.9502551e+01   2.2972205e+01   2.4217082e+01   4.3301869e+01   7.5283019e+01   6.0958664e+01   6.9973016e+01   6.6276135e+01   0.0000000e+00   4.7118130e+01   6.4735893e+01   6.1545065e+01   6.6397648e+01   3.1632780e+01   4.8754533e+01   3.6669739e+01   7.4298713e+01   8.2189963e+01   6.7823844e+01   5.4281967e+01   8.0238636e+01   6.4312225e+01   7.7781951e+01   4.6483693e+01
  1.4580128e+01   3.3594561e+01   3.6014082e+01   2.3138463e+01   3.4898401e+01   4.4808577e+01   2.0803941e+01   3.0913813e+01   1.5103082e+01   2.6044080e+01   3.8036649e+01   3.4059648e+01   2.5604780e+01   1.8617671e+01   2.9568884e+01   3.7976659e+01   3.2539039e+01   1.8534689e+01   3.1423292e+01   3.1716983e+01   3.0016944e+01   3.2566337e+01   3.3275753e+01   7.0764732e+00   3.1358548e+01   3.0703477e+01   4.1984937e+01   3.3955194e+01   3.0508332e+01   2.7560118e+01   1.8527756e+01   1.8534689e+01   3.8847099e+01   2.6273048e+01   1.0611874e+01   2.9400692e+01   2.1789669e+01   2.2092823e+01   1.6570159e+01   3.0219522e+01   2.2522716e+01   2.8925341e+01   3.7174242e+01   2.8700177e+01   1.0208244e+01   2.1170027e+01   3.6172118e+01   2.2827114e+01   4.2985292e+01   3.6433967e+01   3.1094117e+01   1.3403488e+01   2.3396506e+01   2.7854159e+01   2.1600948e+01   2.3662470e+01   2.2860680e+01   3.8700131e+01   1.0500000e+01   9.0440037e+00   3.7843005e+01   2.6886550e+01   2.2133308e+01   3.5671011e+01   3.3260495e+01   3.8106515e+01   1.9321530e+01   2.9910882e+01   1.3480755e+01   3.0554118e+01   5.0178969e+01   2.7117663e+01   8.8216585e+00   2.3061028e+01   2.6394015e+01   3.0084624e+01   3.8321951e+01   3.2539039e+01   2.4897746e+01   3.0219522e+01   4.4051248e+00   3.5130189e+01   1.5731546e+01   2.3483690e+01   3.7624790e+01   4.7118130e+01   0.0000000e+00   1.9181542e+01   2.7541635e+01   1.9974342e+01   2.1595023e+01   2.3764780e+01   4.1107881e+01   3.8269035e+01   3.6555513e+01   3.1407119e+01   1.1000000e+01   3.4041020e+01   1.8700275e+01   3.1261177e+01   7.2268120e+00
  2.7725907e+01   2.3570544e+01   5.3971955e+01   3.6562446e+01   5.3047597e+01   3.1049141e+01   3.9439055e+01   2.6805893e+01   3.0269951e+01   1.5077380e+01   5.5418121e+01   3.3184094e+01   1.3000000e+01   3.6503472e+01   4.2879240e+01   3.3126676e+01   2.1440392e+01   3.6098455e+01   2.4753866e+01   1.4800350e+01   3.9885911e+01   2.9590376e+01   2.6696374e+01   1.7566048e+01   4.9807707e+01   4.1576149e+01   6.0666436e+01   5.2569665e+01   3.4448490e+01   8.8815273e+00   2.9100699e+01   9.5138782e+00   5.1846860e+01   7.6589105e+00   1.0807764e+01   4.7714934e+01   2.7300187e+01   1.0208244e+01   2.0330532e+01   1.6413830e+01   4.0947497e+01   2.3845235e+01   4.4545431e+01   4.6589587e+01   1.7120770e+01   3.2079265e+01   3.4271290e+01   2.4635037e+01   6.1426185e+01   5.1776213e+01   4.2938190e+01   1.2353270e+01   1.7566048e+01   3.7462819e+01   4.0277506e+01   3.8742646e+01   1.7500000e+01   3.3609666e+01   1.0549876e+01   1.0698039e+01   5.6307706e+01   9.4022469e+00   4.0312058e+01   5.4351648e+01   3.8331865e+01   5.3981305e+01   3.8000000e+01   4.7913078e+01   2.8221833e+01   4.2846783e+01   6.2669124e+01   4.2672266e+01   1.1511358e+01   2.1900935e+01   4.5025274e+01   2.1860009e+01   3.0105743e+01   3.5435655e+01   4.2264219e+01   4.8886465e+01   2.2505681e+01   3.3594561e+01   1.5500000e+01   1.2172618e+01   4.4864964e+01   6.4735893e+01   1.9181542e+01   0.0000000e+00   3.4400590e+01   1.1235455e+01   4.0123226e+01   2.6943336e+01   5.8534473e+01   4.0028471e+01   2.5579872e+01   3.4840210e+01   1.9321530e+01   1.6120499e+01   1.0000000e+00   1.7477927e+01   2.3505434e+01
  4.0705721e+01   5.6379334e+01   5.0659745e+01   1.3000000e+01   4.8832184e+01   3.9332976e+01   3.1516125e+01   5.6386045e+01   1.7188319e+01   2.6696374e+01   5.4456001e+01   1.4101471e+01   2.8660256e+01   3.7836309e+01   1.5034442e+01   6.3462290e+01   5.4594824e+01   3.8709946e+01   2.1713203e+01   3.7123080e+01   5.6078773e+01   1.6655494e+01   2.2087033e+01   2.1970911e+01   4.4117657e+01   5.6271857e+01   4.8387890e+01   3.9704592e+01   5.8150729e+00   3.9857337e+01   4.5134628e+01   2.6053865e+01   2.1024376e+01   3.8295502e+01   3.3515148e+01   4.3581318e+01   7.6063352e+00   2.7813001e+01   1.4659802e+01   5.0178969e+01   3.0016944e+01   5.3915822e+01   1.0759142e+01   4.5092600e+01   1.9916488e+01   8.7462113e+00   1.6507811e+01   4.9471931e+01   5.3615440e+01   5.7385851e+01   5.6081022e+01   2.2799103e+01   4.7600955e+01   5.8851648e+00   3.3096012e+01   1.7210775e+01   2.0280040e+01   2.2283021e+01   2.6369867e+01   2.8700177e+01   4.9123554e+01   3.5692329e+01   3.9064880e+01   4.3105751e+01   6.5000000e+00   5.7989129e+01   3.2780025e+01   4.5569391e+01   3.8895963e+01   1.3149111e+01   3.0219522e+01   1.9974342e+01   2.6900758e+01   1.4930870e+01   3.4738137e+01   5.3702444e+01   2.6600766e+01   5.9552942e+01   4.3841666e+01   3.8235925e+01   2.9731832e+01   1.5500000e+01   1.9401058e+01   2.7070661e+01   1.1130146e+01   6.1545065e+01   2.7541635e+01   3.4400590e+01   0.0000000e+00   2.5096748e+01   3.0504166e+01   5.0659745e+01   3.6600554e+01   1.3316006e+01   2.9847061e+01   6.9031242e+00   1.7992856e+01   4.0888736e+01   3.4003731e+01   3.1756999e+01   2.1877558e+01
  3.2476554e+01   3.4300888e+01   5.5171748e+01   3.0016944e+01   5.3913481e+01   2.5339485e+01   3.8089892e+01   3.7123080e+01   2.5609759e+01   6.6032778e+00   5.7431977e+01   2.2454498e+01   6.3309519e+00   3.7983330e+01   3.5788100e+01   4.3665380e+01   3.2142535e+01   3.7983330e+01   1.4535669e+01   1.4147344e+01   4.6673586e+01   1.8884776e+01   1.6531220e+01   1.4922205e+01   5.0022722e+01   4.7960510e+01   5.9315389e+01   5.0659745e+01   2.4317011e+01   1.5264823e+01   3.5144624e+01   2.5000000e+00   4.4160623e+01   1.3709845e+01   1.6778821e+01   4.8301674e+01   1.8234148e+01   3.5000000e+00   1.2097414e+01   2.6900758e+01   3.8778584e+01   3.4223137e+01   3.4898401e+01   4.7960510e+01   1.2583046e+01   2.4686773e+01   2.3548861e+01   3.3503788e+01   6.1518440e+01   5.5717751e+01   4.8886465e+01   7.3007353e+00   2.7785527e+01   2.8960499e+01   3.9262095e+01   3.3061480e+01   6.7649820e+00   2.3270595e+01   1.0361541e+01   1.3039936e+01   5.6386045e+01   1.1293517e+01   4.1282962e+01   5.3047597e+01   2.8302878e+01   5.7508771e+01   3.7391733e+01   4.9092695e+01   3.2142535e+01   3.5213110e+01   5.4418921e+01   3.7054753e+01   1.2161904e+01   1.1465856e+01   4.3433087e+01   3.2539039e+01   2.0655644e+01   4.4502841e+01   4.4346323e+01   4.7457428e+01   2.3877339e+01   2.2860680e+01   7.5178344e+00   4.1055513e+00   3.5169872e+01   6.6397648e+01   1.9974342e+01   1.1235455e+01   2.5096748e+01   0.0000000e+00   3.8292195e+01   3.5557096e+01   5.4028030e+01   2.9400692e+01   1.7507351e+01   2.4583189e+01   1.4101471e+01   1.7507351e+01   1.1011898e+01   1.1901754e+01   2.1091260e+01
  2.3396506e+01   5.2646428e+01   2.0655644e+01   1.8569311e+01   1.8837121e+01   6.1820877e+01   2.3027756e+00   4.7510637e+01   1.5034442e+01   4.3726149e+01   2.4541631e+01   4.2799527e+01   4.4103326e+01   1.2300424e+01   2.1523796e+01   5.3946235e+01   5.2080035e+01   1.3700379e+01   4.5436066e+01   5.1475484e+01   3.4503676e+01   4.3526155e+01   4.6816844e+01   2.4084953e+01   1.4147344e+01   3.3518934e+01   2.1523796e+01   1.3000000e+01   3.5606979e+01   4.8450495e+01   2.7702941e+01   3.7462819e+01   2.8329840e+01   4.7085942e+01   3.1504032e+01   1.3624405e+01   2.9400692e+01   4.1012344e+01   2.9314059e+01   5.0702092e+01   1.9142136e+00   4.6380279e+01   3.5855339e+01   1.5574813e+01   2.6214782e+01   2.2414607e+01   4.5293973e+01   3.7843005e+01   2.4541631e+01   2.9070089e+01   3.2264760e+01   3.1620733e+01   4.2216304e+01   2.6943336e+01   3.5413813e+00   1.5077380e+01   3.8513156e+01   5.0010100e+01   3.0583218e+01   2.9927878e+01   1.9644190e+01   4.7150295e+01   1.0940307e+01   1.5264823e+01   3.6084407e+01   2.9017538e+01   5.1097722e+00   1.5797059e+01   2.0908332e+01   2.4000000e+01   3.8513156e+01   1.5213939e+01   2.9244565e+01   3.5883612e+01   5.6478151e+00   4.8783020e+01   5.2118795e+01   4.3841666e+01   1.5902922e+01   9.6787799e+00   1.9027007e+01   4.4183521e+01   3.1884710e+01   4.1867258e+01   3.6350384e+01   3.1632780e+01   2.1595023e+01   4.0123226e+01   3.0504166e+01   3.8292195e+01   0.0000000e+00   3.7462819e+01   2.1523796e+01   4.3307710e+01   5.2509614e+01   3.6724991e+01   2.4938699e+01   5.4258720e+01   3.9631190e+01   4.9502551e+01   1.7769916e+01
  1.4589003e+01   1.9800259e+01   4.0500000e+01   4.5801766e+01   4.0549969e+01   5.7420998e+01   3.5855339e+01   1.1511358e+01   3.7601213e+01   4.0876354e+01   3.9758757e+01   5.5244863e+01   3.9139358e+01   2.7070661e+01   5.1970866e+01   1.7120770e+01   2.0655644e+01   2.5798221e+01   4.9510203e+01   4.0615458e+01   1.5500000e+01   5.2739832e+01   5.1509803e+01   2.9292360e+01   3.9544846e+01   1.7834936e+01   5.2377259e+01   4.6986557e+01   5.3152160e+01   3.2264760e+01   1.0807764e+01   3.3560551e+01   6.1041308e+01   3.2035694e+01   1.9526298e+01   3.6996575e+01   4.4460209e+01   3.5855339e+01   3.8216044e+01   2.3303509e+01   3.8830797e+01   1.1780514e+01   6.0427039e+01   3.4182340e+01   3.1820920e+01   4.4408997e+01   5.7000000e+01   3.0000000e+00   4.9522954e+01   3.2122777e+01   1.9974342e+01   3.1696955e+01   1.2520815e+01   5.1106324e+01   3.5606979e+01   4.5436066e+01   4.1012344e+01   5.8019562e+01   2.7169271e+01   2.4190715e+01   4.5179414e+01   3.5320971e+01   3.0720026e+01   4.6946205e+01   5.6213553e+01   3.4981879e+01   3.3149655e+01   3.5674565e+01   1.7060495e+01   5.3301515e+01   7.2313996e+01   4.8241491e+01   2.5817978e+01   4.3421440e+01   4.0352854e+01   1.6008062e+01   5.5683784e+01   9.6241438e+00   2.9214108e+01   4.2879240e+01   2.2602036e+01   5.6078773e+01   3.5360436e+01   3.7836309e+01   6.0873835e+01   4.8754533e+01   2.3764780e+01   2.6943336e+01   5.0659745e+01   3.5557096e+01   3.7462819e+01   0.0000000e+00   5.8441781e+01   6.0535406e+01   5.1795711e+01   5.3950912e+01   3.3393768e+01   4.0764749e+01   2.6815395e+01   4.3916587e+01   3.0181644e+01
  4.4354874e+01   7.3398903e+01   3.0118406e+01   2.5489998e+01   2.8271388e+01   7.4413801e+01   2.3088714e+01   6.8529405e+01   2.9070089e+01   5.8366225e+01   3.4676015e+01   5.0161353e+01   5.9442769e+01   3.2410030e+01   2.2133308e+01   7.4961399e+01   7.2683793e+01   3.3805405e+01   5.6769441e+01   6.7675144e+01   5.3915822e+01   5.2617655e+01   5.7563561e+01   4.1503049e+01   2.4938699e+01   5.2473551e+01   1.8500000e+01   1.4826549e+01   4.1688591e+01   6.6501894e+01   4.8520829e+01   5.3784613e+01   2.0908332e+01   6.5007751e+01   5.1217354e+01   2.6715453e+01   3.9592838e+01   5.7000000e+01   4.2964691e+01   7.0808250e+01   2.0197716e+01   6.7350580e+01   3.5883612e+01   3.0202693e+01   4.2574339e+01   3.1342341e+01   5.2504807e+01   5.8865229e+01   2.6576810e+01   4.3479646e+01   5.0749378e+01   4.8128773e+01   6.2959987e+01   3.1293668e+01   2.3396506e+01   2.1724985e+01   5.2162365e+01   5.8381344e+01   4.8510416e+01   4.8666378e+01   2.4882371e+01   6.4196546e+01   2.9568884e+01   1.7588007e+01   4.0012656e+01   4.2096274e+01   2.5803162e+01   2.9344410e+01   4.1882363e+01   2.4400837e+01   2.5579872e+01   1.7892527e+01   4.7566442e+01   4.7934165e+01   1.9006756e+01   6.9595948e+01   6.2439487e+01   6.4441379e+01   3.3397568e+01   1.7914075e+01   3.9310437e+01   5.1541650e+01   4.7029560e+01   5.7300088e+01   3.6252622e+01   3.6669739e+01   4.1107881e+01   5.8534473e+01   3.6600554e+01   5.4028030e+01   2.1523796e+01   5.8441781e+01   0.0000000e+00   4.7302778e+01   6.4757295e+01   4.2657443e+01   4.0652833e+01   7.0955660e+01   5.8034772e+01   6.4172993e+01   3.5589172e+01
  5.2087305e+01   6.3047982e+01   6.3462290e+01   2.5559928e+01   6.1624872e+01   3.4237961e+01   4.4332066e+01   6.4722270e+01   2.9847061e+01   2.8158633e+01   6.7272000e+01   8.1321688e+00   3.0603986e+01   5.0412423e+01   2.5965663e+01   7.1612587e+01   6.0964866e+01   5.1217354e+01   1.9294946e+01   3.7943290e+01   6.7591356e+01   1.2593387e+01   1.8423448e+01   3.1984123e+01   5.6902571e+01   6.8007407e+01   6.0604076e+01   5.2087305e+01   8.5622577e+00   4.3281421e+01   5.6271857e+01   3.1016389e+01   2.8678006e+01   4.1867258e+01   4.2108292e+01   5.6394991e+01   1.7030275e+01   3.1309901e+01   2.2821514e+01   5.5801447e+01   4.2790661e+01   6.2002032e+01   1.2849089e+01   5.7895557e+01   2.9244565e+01   2.1529741e+01   8.7462113e+00   5.9023500e+01   6.6184854e+01   7.0028771e+01   6.8016665e+01   3.0046573e+01   5.5511362e+01   1.7418924e+01   4.5912003e+01   2.9654759e+01   2.3226636e+01   1.4508926e+01   3.4389526e+01   3.7194686e+01   6.1794372e+01   3.8371493e+01   5.1807894e+01   5.5568140e+01   8.0000000e+00   7.0715739e+01   4.5569391e+01   5.8383504e+01   5.0509999e+01   2.3483690e+01   3.4448490e+01   3.1900637e+01   3.5446388e+01   1.8679659e+01   4.7457428e+01   6.0966933e+01   2.0723748e+01   6.9623079e+01   5.6529010e+01   5.0861195e+01   4.1049353e+01   8.5777472e+00   2.6239075e+01   2.9847061e+01   1.2675796e+01   7.4298713e+01   3.8269035e+01   4.0028471e+01   1.3316006e+01   2.9400692e+01   4.3307710e+01   6.0535406e+01   4.7302778e+01   0.0000000e+00   2.6122256e+01   7.5178344e+00   2.7872431e+01   4.1688591e+01   3.9746019e+01   3.1455613e+01   3.3503788e+01
  4.9471931e+01   4.6491847e+01   7.0865119e+01   3.9774674e+01   6.9443818e+01   1.0156604e+01   5.2675186e+01   5.1539201e+01   3.8358288e+01   1.1567972e+01   7.3500000e+01   1.8837121e+01   1.3158989e+01   5.4149324e+01   4.3916587e+01   5.7372665e+01   4.4048823e+01   5.4307527e+01   8.6394103e+00   1.5483324e+01   6.3597147e+01   1.4580128e+01   8.5156098e+00   3.0720026e+01   6.5247587e+01   6.4937955e+01   7.3170489e+01   6.4290673e+01   2.6004901e+01   2.3786262e+01   5.2123638e+01   1.9348077e+01   5.0304618e+01   2.2955512e+01   3.3549206e+01   6.3787044e+01   2.5664459e+01   1.6507811e+01   2.3700216e+01   3.8093217e+01   5.2701533e+01   4.8541649e+01   3.6624784e+01   6.3866000e+01   2.7780946e+01   3.3925290e+01   1.7892527e+01   4.9576471e+01   7.6427597e+01   7.2480900e+01   6.5891131e+01   2.3662470e+01   4.2502976e+01   3.5115748e+01   5.4028030e+01   4.3703009e+01   1.4642136e+01   1.3119429e+01   2.7332816e+01   3.0046573e+01   7.1383708e+01   1.8837121e+01   5.7139209e+01   6.7110810e+01   2.9538767e+01   7.4149508e+01   5.2502404e+01   6.4881674e+01   4.9064390e+01   4.2371828e+01   5.8534473e+01   4.7388165e+01   2.9122544e+01   1.7500000e+01   5.7600788e+01   4.5834865e+01   6.8639610e+00   6.0470826e+01   6.0626949e+01   6.1600327e+01   4.0440581e+01   1.8085505e+01   2.1760292e+01   1.4580128e+01   3.6669739e+01   8.2189963e+01   3.6555513e+01   2.5579872e+01   2.9847061e+01   1.7507351e+01   5.2509614e+01   5.1795711e+01   6.4757295e+01   2.6122256e+01   0.0000000e+00   2.5505000e+01   2.8432955e+01   1.8527756e+01   2.5624689e+01   9.2321246e+00   3.6210643e+01
  4.5137428e+01   5.7600788e+01   5.6864883e+01   1.9401058e+01   5.5061891e+01   3.4632096e+01   3.7661808e+01   5.8648517e+01   2.2961077e+01   2.4650569e+01   6.0577034e+01   8.1157731e+00   2.6919690e+01   4.3453463e+01   2.1024376e+01   6.5624880e+01   5.5629393e+01   4.4237855e+01   1.7617243e+01   3.4971002e+01   6.0633186e+01   1.1545361e+01   1.7500000e+01   2.5238634e+01   5.0364817e+01   6.1018592e+01   5.4788581e+01   4.6107017e+01   1.6180340e+00   3.9100518e+01   4.9369725e+01   2.5955844e+01   2.5723997e+01   3.7601213e+01   3.5841194e+01   4.9744289e+01   1.0117692e+01   2.6900758e+01   1.6390249e+01   5.0749378e+01   3.6294553e+01   5.6009008e+01   1.1780514e+01   5.1121142e+01   2.2635944e+01   1.4817821e+01   1.0361541e+01   5.2531241e+01   5.9991596e+01   6.3085941e+01   6.1008264e+01   2.4084953e+01   4.9556090e+01   1.1901754e+01   3.9236288e+01   2.3613849e+01   1.8809833e+01   1.6390249e+01   2.8235356e+01   3.0917922e+01   5.5465899e+01   3.4477934e+01   4.4943785e+01   4.9502551e+01   4.6231056e+00   6.3824561e+01   3.8775318e+01   5.1659066e+01   4.3526155e+01   1.8857560e+01   3.3534073e+01   2.6311819e+01   2.9135642e+01   1.3624405e+01   4.1061681e+01   5.5276820e+01   2.1386599e+01   6.3000000e+01   4.9617207e+01   4.4602154e+01   3.4093154e+01   9.4442719e+00   2.0330532e+01   2.5738859e+01   1.1901754e+01   6.7823844e+01   3.1407119e+01   3.4840210e+01   6.9031242e+00   2.4583189e+01   3.6724991e+01   5.3950912e+01   4.2657443e+01   7.5178344e+00   2.5505000e+01   0.0000000e+00   2.1115528e+01   3.8778584e+01   3.4507352e+01   2.8960499e+01   2.6500000e+01
  2.5045875e+01   3.9493589e+01   4.2949971e+01   1.7740940e+01   4.1512193e+01   3.7513511e+01   2.4913111e+01   3.8921999e+01   1.2097414e+01   1.9294946e+01   4.5713383e+01   2.3586793e+01   1.9813208e+01   2.6576810e+01   2.4084953e+01   4.6010988e+01   3.7906550e+01   2.6919690e+01   2.2133308e+01   2.7670756e+01   4.0512498e+01   2.2340330e+01   2.3823808e+01   4.6231056e+00   3.7330694e+01   4.1150953e+01   4.5912003e+01   3.7174242e+01   2.0280040e+01   2.6672505e+01   2.9017538e+01   1.3652946e+01   3.3153484e+01   2.5127221e+01   1.6120499e+01   3.5855339e+01   1.1567972e+01   1.6992423e+01   6.2008771e+00   3.4115473e+01   2.5324383e+01   3.6503472e+01   2.8108875e+01   3.6031676e+01   2.7360680e+00   1.3538405e+01   2.5743811e+01   3.2079265e+01   4.8606652e+01   4.5688494e+01   4.1442032e+01   8.0000000e+00   3.0274150e+01   1.9604973e+01   2.6200195e+01   2.0102296e+01   1.4293114e+01   2.8651377e+01   9.6787799e+00   1.1465856e+01   4.3526155e+01   2.4047824e+01   2.9314059e+01   3.9695025e+01   2.3347319e+01   4.7029560e+01   2.4583189e+01   3.7000000e+01   2.3764780e+01   2.4206539e+01   4.4160623e+01   2.4084953e+01   9.7195445e+00   1.3039936e+01   3.0084624e+01   3.6562446e+01   2.9070089e+01   4.2407637e+01   3.3096012e+01   3.4115473e+01   1.4229530e+01   2.4686773e+01   7.4462220e+00   1.7588007e+01   2.8517851e+01   5.4281967e+01   1.1000000e+01   1.9321530e+01   1.7992856e+01   1.4101471e+01   2.4938699e+01   3.3393768e+01   4.0652833e+01   2.7872431e+01   2.8432955e+01   2.1115528e+01   0.0000000e+00   3.0835623e+01   1.8843936e+01   2.5096748e+01   8.3102497e+00
  4.3316469e+01   3.0504166e+01   6.9356735e+01   4.7002688e+01   6.8347255e+01   1.9027007e+01   5.3812756e+01   3.7378178e+01   4.2431492e+01   1.4730249e+01   7.0955660e+01   3.4059648e+01   1.2757651e+01   5.1863898e+01   5.2653619e+01   4.2147329e+01   2.8004545e+01   5.1541650e+01   2.3000000e+01   4.3078866e+00   5.4733292e+01   2.9624732e+01   2.4253947e+01   3.0720026e+01   6.4899146e+01   5.6600357e+01   7.5172619e+01   6.6751415e+01   3.8847099e+01   9.0000000e+00   4.4431765e+01   1.7682840e+01   6.0753631e+01   9.4022469e+00   2.6427784e+01   6.2911938e+01   3.4533072e+01   1.4508926e+01   2.9017538e+01   2.2023243e+01   5.4905882e+01   3.4455854e+01   4.9896356e+01   6.1983738e+01   2.9035066e+01   4.1576149e+01   3.4003731e+01   3.8295502e+01   7.6526311e+01   6.7367406e+01   5.8128118e+01   2.3445588e+01   2.9469812e+01   4.5313502e+01   5.4816204e+01   5.0063091e+01   2.1115528e+01   3.0570750e+01   2.4269729e+01   2.5559928e+01   7.1383708e+01   7.6589105e+00   5.5572679e+01   6.8852030e+01   4.2846783e+01   6.9595948e+01   5.2694348e+01   6.3269419e+01   4.3841666e+01   5.1912547e+01   7.0592796e+01   5.4058379e+01   2.5783394e+01   2.6461510e+01   5.9326015e+01   3.0835623e+01   2.4800206e+01   4.8317361e+01   5.7773467e+01   6.3295302e+01   3.7651716e+01   3.3805405e+01   2.4520824e+01   1.4580128e+01   5.0080742e+01   8.0238636e+01   3.4041020e+01   1.6120499e+01   4.0888736e+01   1.7507351e+01   5.4258720e+01   4.0764749e+01   7.0955660e+01   4.1688591e+01   1.8527756e+01   3.8778584e+01   3.0835623e+01   0.0000000e+00   1.6507811e+01   1.0807764e+01   3.7041073e+01
  2.7370058e+01   2.3823808e+01   5.3533009e+01   3.6084407e+01   5.2600864e+01   3.1232719e+01   3.8951268e+01   2.6886550e+01   2.9774562e+01   1.5034442e+01   5.5000000e+01   3.2942256e+01   1.3009996e+01   3.6059809e+01   4.2407637e+01   3.3260495e+01   2.1719095e+01   3.5663902e+01   2.4635037e+01   1.5103082e+01   3.9647158e+01   2.9387714e+01   2.6586395e+01   1.7068042e+01   4.9346699e+01   4.1316663e+01   6.0184588e+01   5.2080035e+01   3.4104315e+01   9.3600226e+00   2.8806360e+01   9.2464278e+00   5.1384674e+01   8.1157731e+00   1.0424717e+01   4.7260026e+01   2.6900758e+01   1.0117692e+01   1.9916488e+01   1.6763456e+01   4.0453098e+01   2.3936083e+01   4.4160623e+01   4.6150849e+01   1.6640012e+01   3.1620733e+01   3.4059648e+01   2.4526028e+01   6.0966933e+01   5.1416598e+01   4.2657443e+01   1.1912712e+01   1.7617243e+01   3.7030809e+01   3.9793765e+01   3.8252483e+01   1.7270510e+01   3.3484845e+01   1.0052487e+01   1.0208244e+01   5.5846635e+01   9.7195445e+00   3.9860513e+01   5.3868998e+01   3.7976659e+01   5.3608380e+01   3.7520265e+01   4.7470736e+01   2.7835874e+01   4.2386752e+01   6.2219122e+01   4.2180331e+01   1.1011898e+01   2.1600948e+01   4.4536916e+01   2.2040659e+01   3.0067719e+01   3.5360436e+01   4.1840053e+01   4.8400939e+01   2.2040659e+01   3.3370960e+01   1.5103082e+01   1.2097414e+01   4.4482951e+01   6.4312225e+01   1.8700275e+01   1.0000000e+00   3.4003731e+01   1.1011898e+01   3.9631190e+01   2.6815395e+01   5.8034772e+01   3.9746019e+01   2.5624689e+01   3.4507352e+01   1.8843936e+01   1.6507811e+01   0.0000000e+00   1.7602631e+01   2.3005555e+01
  4.3073466e+01   3.7762582e+01   6.6568147e+01   3.9464728e+01   6.5315122e+01   1.4392444e+01   4.9377398e+01   4.3000000e+01   3.6256118e+01   6.3523500e+00   6.8780671e+01   2.3823808e+01   6.1568542e+00   4.9336462e+01   4.4570965e+01   4.8710476e+01   3.5317381e+01   4.9295492e+01   1.2706556e+01   7.2268120e+00   5.6446403e+01   1.9367962e+01   1.3953624e+01   2.6306976e+01   6.1413874e+01   5.7967382e+01   7.0501786e+01   6.1769895e+01   2.9140007e+01   1.5060220e+01   4.5235333e+01   1.3227922e+01   5.2087305e+01   1.4229530e+01   2.6442244e+01   5.9703040e+01   2.6004901e+01   9.7195445e+00   2.1724985e+01   2.9361739e+01   4.9919126e+01   4.0000000e+01   4.0202015e+01   5.9343011e+01   2.3823808e+01   3.3741540e+01   2.3700216e+01   4.1612650e+01   7.2889571e+01   6.6719333e+01   5.9119536e+01   1.8700275e+01   3.4093154e+01   3.6555513e+01   5.0584928e+01   4.2964691e+01   1.2593387e+01   2.0412308e+01   2.1386599e+01   2.3700216e+01   6.7762545e+01   1.0117692e+01   5.2675186e+01   6.4267155e+01   3.3072995e+01   6.8617545e+01   4.8759714e+01   6.0485415e+01   4.3000000e+01   4.3500000e+01   6.1411822e+01   4.6881570e+01   2.3171568e+01   1.7507351e+01   5.4650254e+01   3.7167424e+01   1.5034442e+01   5.2377259e+01   5.5658861e+01   5.8680753e+01   3.5148232e+01   2.3521729e+01   1.8170597e+01   8.3102497e+00   4.0349718e+01   7.7781951e+01   3.1261177e+01   1.7477927e+01   3.1756999e+01   1.1901754e+01   4.9502551e+01   4.3916587e+01   6.4172993e+01   3.1455613e+01   9.2321246e+00   2.8960499e+01   2.5096748e+01   1.0807764e+01   1.7602631e+01   0.0000000e+00   3.2406112e+01
  1.9328170e+01   4.0129534e+01   3.5155447e+01   1.6413830e+01   3.3741540e+01   4.5187806e+01   1.7500000e+01   3.7638255e+01   8.4056942e+00   2.6715453e+01   3.7906550e+01   3.0332868e+01   2.6919690e+01   1.8857560e+01   2.2843903e+01   4.4695588e+01   3.8961019e+01   1.9288294e+01   2.9910882e+01   3.4208308e+01   3.4734486e+01   2.9654759e+01   3.1564449e+01   6.8245553e+00   2.9629023e+01   3.5032593e+01   3.8778584e+01   3.0232137e+01   2.5505000e+01   3.1644823e+01   2.3786262e+01   2.0197716e+01   3.2126729e+01   3.0206902e+01   1.6655494e+01   2.8086228e+01   1.7068042e+01   2.3759407e+01   1.3709845e+01   3.6235137e+01   1.8367568e+01   3.5646124e+01   3.1049141e+01   2.8221833e+01   9.1023253e+00   1.4817821e+01   3.2644206e+01   2.9400692e+01   4.1012344e+01   3.8196154e+01   3.5014490e+01   1.4365425e+01   3.0038111e+01   2.1523796e+01   1.8679659e+01   1.7060495e+01   2.2069655e+01   3.6087919e+01   1.3586252e+01   1.3586252e+01   3.5901271e+01   2.9970324e+01   2.1505952e+01   3.2488279e+01   2.7794688e+01   3.9410153e+01   1.6901219e+01   2.9192333e+01   1.7566048e+01   2.3845235e+01   4.3456373e+01   2.0655644e+01   1.2500000e+01   2.0655644e+01   2.2888613e+01   3.6700829e+01   3.6835245e+01   3.8739378e+01   2.5369660e+01   2.6900758e+01   8.4056942e+00   3.1548349e+01   1.5034442e+01   2.4686773e+01   3.1516125e+01   4.6483693e+01   7.2268120e+00   2.3505434e+01   2.1877558e+01   2.1091260e+01   1.7769916e+01   3.0181644e+01   3.5589172e+01   3.3503788e+01   3.6210643e+01   2.6500000e+01   8.3102497e+00   3.7041073e+01   2.3005555e+01   3.2406112e+01   0.0000000e+00
