  0.0000000e+00   6.2032250e+01   5.6515485e+01   6.6189123e+01   5.5731499e+01   1.1289818e+02   4.2544095e+01   4.9040799e+01   5.0159745e+01   7.6059187e+01   5.7384667e+01   9.5257546e+01   7.4094534e+01   2.5495098e+01   7.7698134e+01   6.1326992e+01   6.2072538e+01   2.3194827e+01   8.9185201e+01   8.2807005e+01   3.1016125e+01   9.2227978e+01   9.3005376e+01   4.1303753e+01   5.2000000e+01   3.2249031e+01   7.7233412e+01   6.5253352e+01   8.7367042e+01   6.9814039e+01   9.4339811e+00   6.0415230e+01   9.5210294e+01   6.8117545e+01   3.3970576e+01   4.7010637e+01   7.0114193e+01   6.6887966e+01   6.0299254e+01   6.2817195e+01   4.8548944e+01   4.7675990e+01   9.8371744e+01   4.2426407e+01   4.7518417e+01   6.5802736e+01   9.9503769e+01   2.9410882e+01   7.3681748e+01   4.8104054e+01   3.3241540e+01   5.2201533e+01   4.2190046e+01   7.9056942e+01   4.2047592e+01   6.4070274e+01   7.1784399e+01   1.0434558e+02   4.4283180e+01   3.8948684e+01   6.4195015e+01   7.2138755e+01   3.3241540e+01   6.5764732e+01   9.2227978e+01   5.2630789e+01   3.7121422e+01   4.5398238e+01   5.0000000e+00   8.1006173e+01   1.1744360e+02   6.8883960e+01   4.0718546e+01   7.3164199e+01   5.1623638e+01   5.4037024e+01   1.0278619e+02   4.1773197e+01   3.2557641e+01   5.7008771e+01   2.2090722e+01   9.7416631e+01   5.7974132e+01   7.0327804e+01   9.9327740e+01   7.6157731e+01   2.8160256e+01   5.4451814e+01   8.0411442e+01   6.3953108e+01   4.5793013e+01   2.8178006e+01   8.7709749e+01   1.0317461e+02   9.7943861e+01   8.9274856e+01   4.9091751e+01   8.5632938e+01   5.3740115e+01   8.5146932e+01   3.7656341e+01
  6.2032250e+01   0.0000000e+00   1.1751596e+02   1.1038569e+02   1.1720921e+02   9.7005155e+01   1.0163661e+02   1.9209373e+01   9.5015788e+01   7.3736016e+01   1.1672618e+02   1.1150785e+02   6.8949257e+01   8.7281155e+01   1.2342204e+02   2.3769729e+01   5.0000000e+00   8.5146932e+01   9.3776330e+01   6.3285069e+01   6.7542579e+01   1.0420173e+02   9.7498718e+01   7.1400280e+01   1.1401754e+02   7.2498276e+01   1.3923003e+02   1.2643575e+02   1.1322985e+02   4.5541190e+01   5.7314920e+01   6.4140471e+01   1.4200352e+02   4.7074409e+01   4.7434165e+01   1.0900459e+02   9.7672924e+01   6.4884513e+01   8.3546394e+01   1.7029386e+01   1.0673800e+02   1.6155494e+01   1.3227623e+02   1.0407689e+02   7.3661387e+01   1.0385567e+02   1.1360018e+02   3.4713110e+01   1.3523683e+02   1.0183320e+02   7.7077883e+01   6.7357256e+01   2.0880613e+01   1.1618089e+02   1.0198039e+02   1.1237882e+02   8.0131143e+01   1.1142711e+02   6.0108236e+01   5.6080300e+01   1.2603571e+02   5.5317267e+01   9.5189285e+01   1.2756567e+02   1.2073939e+02   1.0756393e+02   9.6881371e+01   1.0707474e+02   6.6189123e+01   1.2461942e+02   1.6450228e+02   1.1941943e+02   5.9548300e+01   8.8752465e+01   1.1198661e+02   8.0000000e+00   1.0288343e+02   4.4687806e+01   9.4085068e+01   1.1822859e+02   6.8352030e+01   1.1229426e+02   7.4652528e+01   6.8541958e+01   1.3300376e+02   1.3493702e+02   6.6189123e+01   4.6141088e+01   1.1175867e+02   6.7601775e+01   1.0429286e+02   3.8600518e+01   1.4579781e+02   1.2509596e+02   9.1983694e+01   1.1420158e+02   7.7987178e+01   6.0008333e+01   4.6647615e+01   7.4525164e+01   7.9259069e+01
  5.6515485e+01   1.1751596e+02   0.0000000e+00   7.6216796e+01   4.0000000e+00   1.5849290e+02   3.8470768e+01   1.0200490e+02   6.8600292e+01   1.2116518e+02   9.2195445e+00   1.2453112e+02   1.2088011e+02   3.4985711e+01   8.0230917e+01   1.1164676e+02   1.1808895e+02   3.5777088e+01   1.2778106e+02   1.3340540e+02   5.8821765e+01   1.2536347e+02   1.3087399e+02   8.0721744e+01   1.3341664e+01   5.4424259e+01   2.9068884e+01   3.1048349e+01   1.1049434e+02   1.2343419e+02   6.0207973e+01   1.0682696e+02   9.0005555e+01   1.2123531e+02   8.6764048e+01   1.4422205e+01   9.7416631e+01   1.1401754e+02   9.5131488e+01   1.1933147e+02   4.1436699e+01   1.0212248e+02   1.1011358e+02   1.4764823e+01   8.6278618e+01   8.4095184e+01   1.2949517e+02   8.3096330e+01   1.8248288e+01   2.8284271e+01   4.9769469e+01   9.5775780e+01   9.8478424e+01   9.2973114e+01   3.5355339e+01   6.8680419e+01   1.1244999e+02   1.3839798e+02   9.1021975e+01   8.7664132e+01   1.2041595e+01   1.2349089e+02   2.7802878e+01   2.5079872e+01   1.1142711e+02   2.4413111e+01   3.7202150e+01   1.2206556e+01   5.3450912e+01   8.5510233e+01   1.0653169e+02   6.6910388e+01   8.7658428e+01   1.0885311e+02   3.2756679e+01   1.0955364e+02   1.4149558e+02   8.4929382e+01   2.4041631e+01   2.8000000e+01   6.3513778e+01   1.2726351e+02   9.8290386e+01   1.1651609e+02   1.1108555e+02   2.2671568e+01   7.1028163e+01   1.0694391e+02   1.0031949e+02   1.0934350e+02   4.0311289e+01   8.0000000e+01   5.9236813e+01   1.2592458e+02   1.4073024e+02   1.1272977e+02   8.4899941e+01   1.3771347e+02   1.0606602e+02   1.3213629e+02   6.9310894e+01
  6.6189123e+01   1.1038569e+02   7.6216796e+01   0.0000000e+00   7.2449983e+01   9.7862148e+01   3.8639358e+01   1.0610372e+02   1.6401219e+01   6.6483081e+01   8.4202138e+01   5.1623638e+01   6.9115845e+01   5.4230987e+01   1.3038405e+01   1.2021647e+02   1.0770330e+02   5.6435804e+01   6.2649820e+01   8.6023253e+01   9.5189285e+01   5.5217751e+01   6.4412732e+01   3.9357337e+01   6.2968246e+01   9.4641429e+01   7.0837843e+01   5.3413481e+01   3.5608988e+01   8.6492774e+01   7.5591005e+01   5.9304300e+01   3.1622777e+01   8.3360662e+01   6.2968246e+01   6.2361847e+01   2.8231188e+01   6.5030762e+01   3.6013886e+01   1.0107918e+02   3.4785054e+01   1.0206860e+02   3.5014283e+01   6.6098411e+01   3.8897301e+01   1.1704700e+01   5.6568542e+01   8.9375612e+01   8.1301906e+01   9.2135769e+01   9.3391648e+01   4.9030603e+01   9.0603532e+01   1.6763055e+01   4.1773197e+01   8.4852814e+00   5.3758720e+01   6.7475922e+01   5.2554733e+01   5.5009090e+01   7.2470684e+01   8.0305666e+01   5.5081757e+01   6.0216277e+01   3.5341194e+01   9.2655275e+01   4.2107007e+01   6.6708320e+01   6.1741396e+01   1.5000000e+01   5.4203321e+01   1.5231546e+01   5.1894123e+01   4.4922155e+01   4.3863424e+01   1.0381233e+02   7.4431176e+01   1.0707007e+02   6.5030762e+01   5.0606324e+01   4.6400431e+01   5.4451814e+01   4.5099889e+01   6.5030762e+01   3.6013886e+01   9.7575612e+01   4.5276926e+01   7.2124892e+01   2.5000000e+01   5.9033889e+01   3.6138622e+01   9.0603532e+01   4.9979996e+01   5.0119856e+01   7.8549348e+01   3.7802116e+01   3.4481879e+01   9.3005376e+01   7.1168813e+01   7.7929455e+01   3.1827661e+01
  5.5731499e+01   1.1720921e+02   4.0000000e+00   7.2449983e+01   0.0000000e+00   1.5579474e+02   3.4985711e+01   1.0212248e+02   6.5192024e+01   1.1856222e+02   1.3152946e+01   1.2107849e+02   1.1840608e+02   3.3105891e+01   7.6295478e+01   1.1214722e+02   1.1761377e+02   3.4176015e+01   1.2473973e+02   1.3122881e+02   6.0166436e+01   1.2206556e+02   1.2778106e+02   7.8102497e+01   9.4868330e+00   5.5946403e+01   2.6627054e+01   2.7202941e+01   1.0688779e+02   1.2167169e+02   6.0008333e+01   1.0440307e+02   8.6005814e+01   1.1940687e+02   8.5088190e+01   1.1313708e+01   9.4031909e+01   1.1160645e+02   9.2097774e+01   1.1845674e+02   3.7696154e+01   1.0200490e+02   1.0623088e+02   1.3341664e+01   8.3546394e+01   8.0498447e+01   1.2605158e+02   8.3000000e+01   1.8027756e+01   3.1240999e+01   5.1429563e+01   9.3236259e+01   9.7867257e+01   8.9196412e+01   3.1906112e+01   6.4845971e+01   1.0960383e+02   1.3509256e+02   8.8752465e+01   8.5586214e+01   9.8488578e+00   1.2143311e+02   2.5553865e+01   2.1470911e+01   1.0770330e+02   2.7784888e+01   3.4058773e+01   1.0440307e+01   5.2392748e+01   8.1584312e+01   1.0259142e+02   6.2968246e+01   8.5440037e+01   1.0575916e+02   2.8861739e+01   1.0922454e+02   1.3840881e+02   8.5866175e+01   2.3194827e+01   2.4000000e+01   6.1400326e+01   1.2382245e+02   9.5524866e+01   1.1401754e+02   1.0720075e+02   2.5806976e+01   6.8796802e+01   1.0509519e+02   9.6664368e+01   1.0682696e+02   3.6674242e+01   8.0099938e+01   5.5542776e+01   1.2224974e+02   1.3788764e+02   1.0912378e+02   8.2024387e+01   1.3569451e+02   1.0420173e+02   1.2963024e+02   6.6483081e+01
  1.1289818e+02   9.7005155e+01   1.5849290e+02   9.7862148e+01   1.5579474e+02   0.0000000e+00   1.2280065e+02   1.0989540e+02   9.4667840e+01   3.7536649e+01   1.6335544e+02   5.4000000e+01   3.8832976e+01   1.2448293e+02   1.0604244e+02   1.2010412e+02   9.2005435e+01   1.2457929e+02   3.5440090e+01   3.4365681e+01   1.3955644e+02   4.6173586e+01   3.4525353e+01   7.7794601e+01   1.4762791e+02   1.4266745e+02   1.6421023e+02   1.4649232e+02   6.9462220e+01   5.2345009e+01   1.1723907e+02   5.2801515e+01   1.1837652e+02   5.1788030e+01   7.9649231e+01   1.4449913e+02   6.9641941e+01   4.6043458e+01   6.5192024e+01   8.0000000e+01   1.2314625e+02   1.0394710e+02   9.0005555e+01   1.4425672e+02   7.2249567e+01   8.6162637e+01   5.1156622e+01   1.0911004e+02   1.7023807e+02   1.6000000e+02   1.4501379e+02   6.2968246e+01   9.2962358e+01   8.8294960e+01   1.2541930e+02   1.0570241e+02   4.6615448e+01   3.9623226e+01   6.9202601e+01   7.4060786e+01   1.6007811e+02   4.4384682e+01   1.3083195e+02   1.5199013e+02   7.6105190e+01   1.6367040e+02   1.2214745e+02   1.4641380e+02   1.1264546e+02   1.0283968e+02   1.3403358e+02   1.1308846e+02   7.2801099e+01   5.3225934e+01   1.3287964e+02   9.7252249e+01   2.7073973e+01   1.3024976e+02   1.3729530e+02   1.4091132e+02   9.6426138e+01   5.2038447e+01   6.0307545e+01   4.2801869e+01   9.0000000e+01   1.8106905e+02   8.8617154e+01   6.1098281e+01   7.7665951e+01   4.9678969e+01   1.2264175e+02   1.1384200e+02   1.4782760e+02   6.7475922e+01   1.9313208e+01   6.8264193e+01   7.4027022e+01   3.7054015e+01   6.1465437e+01   2.7784888e+01   8.9375612e+01
  4.2544095e+01   1.0163661e+02   3.8470768e+01   3.8639358e+01   3.4985711e+01   1.2280065e+02   0.0000000e+00   9.1000000e+01   3.0232433e+01   8.6284413e+01   4.5880279e+01   8.6092973e+01   8.6833173e+01   2.0000000e+01   4.5177428e+01   1.0375452e+02   1.0062306e+02   2.2803509e+01   9.0509668e+01   1.0123734e+02   6.4404969e+01   8.7200917e+01   9.3380940e+01   4.6518813e+01   2.5806976e+01   6.2433965e+01   4.2720019e+01   2.6305893e+01   7.2090221e+01   9.4593869e+01   5.1039201e+01   7.3348483e+01   5.9135438e+01   9.1923882e+01   6.0133186e+01   2.4166092e+01   5.9076222e+01   8.0498447e+01   5.8051701e+01   9.8183502e+01   6.4031242e+00   8.8865066e+01   7.3437048e+01   2.7459060e+01   5.1107729e+01   4.5694639e+01   9.1065910e+01   7.1589105e+01   4.7507894e+01   5.4037024e+01   5.9941638e+01   6.1717096e+01   8.0808415e+01   5.5317267e+01   3.1622777e+00   3.2015621e+01   7.6216796e+01   1.0020978e+02   5.9135438e+01   5.7489129e+01   3.7483330e+01   9.2357999e+01   1.7464249e+01   3.0083218e+01   7.3375745e+01   5.4147945e+01   5.6568542e+00   2.8160256e+01   3.7589892e+01   5.0039984e+01   7.9605276e+01   3.2756679e+01   5.6320511e+01   7.1421285e+01   1.1180340e+01   9.3861600e+01   1.0400481e+02   8.3240615e+01   2.7459060e+01   1.8973666e+01   3.5014283e+01   8.8836929e+01   6.2681736e+01   8.2365041e+01   7.4431176e+01   6.0745370e+01   4.0607881e+01   7.7878110e+01   6.2032250e+01   7.5179785e+01   3.6055513e+00   7.0710678e+01   4.5177428e+01   8.7664132e+01   1.0435037e+02   7.4323617e+01   4.8826222e+01   1.0662551e+02   7.6902536e+01   9.7754795e+01   3.4000000e+01
  4.9040799e+01   1.9209373e+01   1.0200490e+02   1.0610372e+02   1.0212248e+02   1.0989540e+02   9.1000000e+01   0.0000000e+00   8.9938868e+01   8.1743501e+01   1.0031949e+02   1.1610771e+02   7.7414469e+01   7.4464757e+01   1.1892855e+02   1.4212670e+01   2.2671568e+01   7.2034714e+01   1.0100000e+02   7.5538070e+01   4.9040799e+01   1.0976794e+02   1.0492378e+02   6.9202601e+01   9.9984999e+01   5.4083269e+01   1.2560255e+02   1.1428473e+02   1.1500435e+02   5.7558666e+01   4.2426407e+01   6.9375788e+01   1.3744090e+02   5.8215118e+01   4.5793013e+01   9.4894678e+01   9.8270036e+01   7.2006944e+01   8.4599054e+01   3.2202484e+01   9.6664368e+01   6.0000000e+00   1.3206059e+02   8.9358827e+01   7.2945185e+01   1.0141499e+02   1.1890332e+02   1.9646883e+01   1.2006665e+02   8.4172442e+01   5.8821765e+01   6.9354164e+01   1.8681542e+01   1.1447707e+02   9.0824006e+01   1.0666771e+02   8.5440037e+01   1.1866339e+02   6.0827625e+01   5.5569776e+01   1.1136427e+02   6.6068147e+01   8.2000000e+01   1.1454257e+02   1.2193851e+02   9.0027773e+01   8.5796270e+01   9.2347171e+01   5.3758720e+01   1.2091733e+02   1.6011246e+02   1.1300442e+02   5.9169249e+01   9.2477024e+01   1.0056838e+02   1.3892444e+01   1.1175867e+02   2.5495098e+01   7.9404030e+01   1.0604244e+02   6.0802960e+01   1.1732434e+02   7.6967526e+01   7.5953933e+01   1.3287964e+02   1.1808895e+02   6.0827625e+01   5.2611786e+01   1.1177209e+02   7.3246160e+01   9.4021274e+01   2.2022716e+01   1.3605881e+02   1.2844454e+02   1.0207840e+02   1.1629703e+02   7.6843998e+01   7.3756356e+01   5.2773099e+01   8.5000000e+01   7.4276510e+01
  5.0159745e+01   9.5015788e+01   6.8600292e+01   1.6401219e+01   6.5192024e+01   9.4667840e+01   3.0232433e+01   8.9938868e+01   0.0000000e+00   5.9808026e+01   7.5584390e+01   5.5946403e+01   6.1400326e+01   4.1303753e+01   2.9000000e+01   1.0400481e+02   9.2590496e+01   4.3104524e+01   6.1073726e+01   7.7466122e+01   7.9812280e+01   5.7008771e+01   6.3702433e+01   2.5495098e+01   5.6035703e+01   7.9624117e+01   6.9634761e+01   5.1865210e+01   4.2720019e+01   7.5059976e+01   5.9506302e+01   4.9497475e+01   4.7507894e+01   7.2027772e+01   4.7853944e+01   5.4203321e+01   2.8844410e+01   5.6089215e+01   2.9529646e+01   8.6729464e+01   2.9000000e+01   8.6052310e+01   4.8836462e+01   5.6462377e+01   2.7018512e+01   1.7029386e+01   6.0901560e+01   7.3000000e+01   7.7103826e+01   8.0411442e+01   7.8771822e+01   3.8118237e+01   7.4886581e+01   2.9427878e+01   3.3286634e+01   1.7464249e+01   4.8301139e+01   7.0000000e+01   3.9458839e+01   4.0804412e+01   6.7357256e+01   7.0256672e+01   4.3965896e+01   5.7628118e+01   4.5276926e+01   8.1743501e+01   3.1780497e+01   5.7697487e+01   4.5880279e+01   3.1400637e+01   7.0178344e+01   2.5000000e+01   3.8078866e+01   4.2011903e+01   3.8897301e+01   8.8204308e+01   7.4276510e+01   9.0735880e+01   5.3366656e+01   4.6754679e+01   3.0000000e+01   5.8668561e+01   3.6400549e+01   5.7008771e+01   4.9819675e+01   9.0972523e+01   2.9206164e+01   5.9539903e+01   3.3376639e+01   5.0219518e+01   2.9068884e+01   7.4202426e+01   5.7140179e+01   5.8694122e+01   7.5716577e+01   4.4922155e+01   2.3194827e+01   8.3862983e+01   5.8549125e+01   7.1512237e+01   1.5811388e+01
  7.6059187e+01   7.3736016e+01   1.2116518e+02   6.6483081e+01   1.1856222e+02   3.7536649e+01   8.6284413e+01   8.1743501e+01   5.9808026e+01   0.0000000e+00   1.2586501e+02   4.0311289e+01   5.0000000e+00   8.6977008e+01   7.7006493e+01   9.4148818e+01   6.9079664e+01   8.7045965e+01   2.0124612e+01   2.0880613e+01   1.0406248e+02   3.1890437e+01   2.3769729e+01   4.0459857e+01   1.1060289e+02   1.0677547e+02   1.2841339e+02   1.1090987e+02   4.8332184e+01   3.0610456e+01   8.1154174e+01   1.5652476e+01   9.2541882e+01   2.8017851e+01   4.3965896e+01   1.0729865e+02   4.0112342e+01   1.0049876e+01   3.0805844e+01   5.7697487e+01   8.7235314e+01   7.5802375e+01   7.0384657e+01   1.0683164e+02   3.5227830e+01   5.5145263e+01   4.1231056e+01   7.6419893e+01   1.3345411e+02   1.2264175e+02   1.0874741e+02   2.5455844e+01   6.3285069e+01   6.1522354e+01   8.8752465e+01   7.3348483e+01   1.3038405e+01   3.7696154e+01   3.1906112e+01   3.7121422e+01   1.2322337e+02   2.0518285e+01   9.3434469e+01   1.1597414e+02   5.6364883e+01   1.2621014e+02   8.5211502e+01   1.0904128e+02   7.5471849e+01   7.5106591e+01   1.1183023e+02   8.1215762e+01   3.5510562e+01   2.3537205e+01   9.6747093e+01   7.1309186e+01   3.0066593e+01   9.8325988e+01   9.9764723e+01   1.0480935e+02   5.8898217e+01   4.0360872e+01   2.3706539e+01   6.0827625e+00   7.0774289e+01   1.4368368e+02   5.1088159e+01   2.9154759e+01   5.2392748e+01   1.2206556e+01   8.6452299e+01   8.0752709e+01   1.1573245e+02   5.5317267e+01   2.2135944e+01   4.8301139e+01   3.7589892e+01   2.8460499e+01   2.9068884e+01   1.1704700e+01   5.2430907e+01
  5.7384667e+01   1.1672618e+02   9.2195445e+00   8.4202138e+01   1.3152946e+01   1.6335544e+02   4.5880279e+01   1.0031949e+02   7.5584390e+01   1.2586501e+02   0.0000000e+00   1.3148764e+02   1.2525574e+02   3.8897301e+01   8.8814413e+01   1.0904128e+02   1.1768602e+02   3.9051248e+01   1.3360015e+02   1.3700365e+02   5.4744863e+01   1.3188252e+02   1.3682471e+02   8.5632938e+01   2.2022716e+01   5.0009999e+01   3.6878178e+01   4.0261644e+01   1.1792370e+02   1.2605158e+02   5.9665736e+01   1.1112605e+02   9.9045444e+01   1.2402016e+02   8.9358827e+01   2.1840330e+01   1.0423531e+02   1.1825819e+02   1.0101980e+02   1.1985408e+02   4.9477268e+01   1.0097524e+02   1.1845674e+02   1.9416488e+01   9.1438504e+01   9.1547802e+01   1.3641847e+02   8.2036577e+01   2.3323808e+01   2.1095023e+01   4.5122057e+01   1.0040916e+02   9.8493655e+01   1.0096039e+02   4.2720019e+01   7.6902536e+01   1.1779643e+02   1.4491722e+02   9.5015788e+01   9.1214034e+01   2.0248457e+01   1.2682665e+02   3.2802439e+01   3.4176015e+01   1.1921829e+02   1.6278821e+01   4.3829214e+01   1.7888544e+01   5.5009090e+01   9.4047860e+01   1.1574109e+02   7.5538070e+01   9.1547802e+01   1.1485643e+02   4.1303753e+01   1.0885311e+02   1.4741099e+02   8.1498466e+01   2.6400758e+01   3.7054015e+01   6.7357256e+01   1.3418271e+02   1.0347947e+02   1.2096694e+02   1.1943618e+02   1.8788294e+01   7.5073298e+01   1.0983624e+02   1.0791200e+02   1.1386395e+02   4.8083261e+01   7.8517514e+01   6.8352030e+01   1.3354400e+02   1.4600000e+02   1.2015407e+02   9.0426766e+01   1.4091132e+02   1.0900000e+02   1.3656134e+02   7.4813100e+01
  9.5257546e+01   1.1150785e+02   1.2453112e+02   5.1623638e+01   1.2107849e+02   5.4000000e+01   8.6092973e+01   1.1610771e+02   5.5946403e+01   4.0311289e+01   1.3148764e+02   0.0000000e+00   4.5254834e+01   9.5519631e+01   5.6080300e+01   1.2961867e+02   1.0718675e+02   9.6767763e+01   2.2360680e+01   5.9640590e+01   1.2614278e+02   8.9442719e+00   2.0880613e+01   5.4037024e+01   1.1183023e+02   1.2747549e+02   1.2238055e+02   1.0480458e+02   1.7000000e+01   7.0767224e+01   1.0301942e+02   4.7413078e+01   6.5520989e+01   6.8014704e+01   7.1805292e+01   1.1014536e+02   2.7313001e+01   4.7201695e+01   3.5014283e+01   9.6519428e+01   8.4053554e+01   1.1049434e+02   3.6013886e+01   1.1225863e+02   4.8000000e+01   4.1231056e+01   5.0000000e+00   1.0609901e+02   1.3200379e+02   1.3471451e+02   1.2800391e+02   4.7296934e+01   9.7498718e+01   3.7735925e+01   8.9185201e+01   6.0108236e+01   3.1384710e+01   1.6552945e+01   5.6293872e+01   6.2169124e+01   1.2264175e+02   6.0811183e+01   9.9403219e+01   1.1139569e+02   2.2360680e+01   1.3670406e+02   8.7658428e+01   1.1360018e+02   9.2655275e+01   5.1884487e+01   8.0056230e+01   6.6068147e+01   5.8855756e+01   2.3769729e+01   9.3813645e+01   1.0778683e+02   2.7073973e+01   1.2773801e+02   1.0826819e+02   1.0121265e+02   7.3552702e+01   2.8284271e+00   3.9812058e+01   4.4045431e+01   3.6000000e+01   1.4681281e+02   6.7119297e+01   6.5368188e+01   2.7202941e+01   4.3908997e+01   8.4599054e+01   1.0948973e+02   9.9322706e+01   1.5264338e+01   3.6674242e+01   1.5231546e+01   4.6173586e+01   6.7119297e+01   6.4884513e+01   4.6647615e+01   5.9665736e+01
  7.4094534e+01   6.8949257e+01   1.2088011e+02   6.9115845e+01   1.1840608e+02   3.8832976e+01   8.6833173e+01   7.7414469e+01   6.1400326e+01   5.0000000e+00   1.2525574e+02   4.5254834e+01   0.0000000e+00   8.6371292e+01   8.0056230e+01   8.9627005e+01   6.4257295e+01   8.6278618e+01   2.5059928e+01   1.7117243e+01   1.0139033e+02   3.6878178e+01   2.8635642e+01   4.0496913e+01   1.1067972e+02   1.0427847e+02   1.2924782e+02   1.1189281e+02   5.2773099e+01   2.5612497e+01   7.8721026e+01   1.4142136e+01   9.6026038e+01   2.3021729e+01   4.1231056e+01   1.0720075e+02   4.3566042e+01   7.2111026e+00   3.3136083e+01   5.2801515e+01   8.8141931e+01   7.1449283e+01   7.4732858e+01   1.0640489e+02   3.5777088e+01   5.8000000e+01   4.6227697e+01   7.2835431e+01   1.3368994e+02   1.2121056e+02   1.0643778e+02   2.5238859e+01   5.9076222e+01   6.5115282e+01   8.9185201e+01   7.5663730e+01   1.6763055e+01   4.2544095e+01   3.0479501e+01   3.5227830e+01   1.2342204e+02   1.5556349e+01   9.3085982e+01   1.1672618e+02   6.0827625e+01   1.2496399e+02   8.5440037e+01   1.0870603e+02   7.3817342e+01   7.8409183e+01   1.1569356e+02   8.3600239e+01   3.4058773e+01   2.7513633e+01   9.7493590e+01   6.6708320e+01   3.4365681e+01   9.4641429e+01   9.9005050e+01   1.0554620e+02   5.7982756e+01   4.5343136e+01   2.5000000e+01   4.4721360e+00   7.5153177e+01   1.4328294e+02   5.0209561e+01   2.5000000e+01   5.6320511e+01   1.1661904e+01   8.7206651e+01   7.7278716e+01   1.1788554e+02   6.0207973e+01   2.5317978e+01   5.2839379e+01   3.8626416e+01   2.4515301e+01   2.5019992e+01   1.1313708e+01   5.2839379e+01
  2.5495098e+01   8.7281155e+01   3.4985711e+01   5.4230987e+01   3.3105891e+01   1.2448293e+02   2.0000000e+01   7.4464757e+01   4.1303753e+01   8.6977008e+01   3.8897301e+01   9.5519631e+01   8.6371292e+01   0.0000000e+00   6.3063460e+01   8.6377080e+01   8.7022985e+01   2.8284271e+00   9.5414884e+01   9.8473347e+01   4.4407207e+01   9.4847246e+01   9.8792712e+01   4.6861498e+01   2.7459060e+01   4.2544095e+01   5.2009614e+01   3.9849718e+01   8.3743656e+01   8.8566359e+01   3.2695565e+01   7.2249567e+01   7.8390050e+01   8.6313383e+01   5.2000000e+01   2.2803509e+01   6.8308125e+01   7.9397733e+01   6.3134776e+01   8.6579443e+01   2.6400758e+01   7.3164199e+01   8.9089842e+01   2.0248457e+01   5.2801515e+01   5.8309519e+01   1.0030454e+02   5.4817880e+01   5.0289164e+01   3.9293765e+01   4.0311289e+01   6.1522354e+01   6.7007462e+01   7.0000000e+01   1.8384776e+01   4.9244289e+01   7.9202273e+01   1.0778683e+02   5.6222771e+01   5.2697249e+01   4.0261644e+01   8.8509886e+01   8.0622577e+00   4.0311289e+01   8.6579443e+01   4.1231056e+01   1.4422205e+01   2.2825424e+01   2.1095023e+01   6.7468511e+01   9.9362971e+01   5.1623638e+01   5.2801515e+01   7.7025970e+01   2.6925824e+01   7.9309520e+01   1.0929318e+02   6.4070274e+01   1.3038405e+01   3.1622777e+01   2.8600699e+01   9.8081599e+01   6.4815122e+01   8.2073138e+01   9.0088845e+01   5.7008771e+01   3.6235342e+01   7.2006944e+01   7.4672619e+01   7.4966659e+01   2.3600847e+01   5.3141321e+01   6.3820060e+01   9.9824847e+01   1.0729865e+02   8.5906926e+01   5.2153619e+01   1.0272780e+02   7.1119618e+01   9.7672924e+01   3.6715120e+01
  7.7698134e+01   1.2342204e+02   8.0230917e+01   1.3038405e+01   7.6295478e+01   1.0604244e+02   4.5177428e+01   1.1892855e+02   2.9000000e+01   7.7006493e+01   8.8814413e+01   5.6080300e+01   8.0056230e+01   6.3063460e+01   0.0000000e+00   1.3300376e+02   1.2073939e+02   6.5520989e+01   7.0604532e+01   9.7128780e+01   1.0570241e+02   6.1326992e+01   7.1784399e+01   5.2354560e+01   6.6910388e+01   1.0475209e+02   6.9971423e+01   5.3712196e+01   3.9115214e+01   9.8716767e+01   8.7132084e+01   7.1196910e+01   1.8601075e+01   9.5566731e+01   7.6006579e+01   6.7268120e+01   3.7215588e+01   7.6531039e+01   4.7381431e+01   1.1403947e+02   4.0000000e+01   1.1497826e+02   3.0463092e+01   7.2006944e+01   5.1623638e+01   2.2203603e+01   6.0745370e+01   1.0191173e+02   8.2462113e+01   9.9181652e+01   1.0309219e+02   6.1400326e+01   1.0360019e+02   1.8357560e+01   4.8093659e+01   1.3928388e+01   6.4031242e+01   7.2560320e+01   6.5391131e+01   6.8000000e+01   7.4632433e+01   9.2070625e+01   6.2513998e+01   6.0926185e+01   3.6069378e+01   9.9000000e+01   4.9648766e+01   7.2111026e+01   7.3061618e+01   5.3851648e+00   4.1231056e+01   1.3341664e+01   6.4845971e+01   5.4332311e+01   4.7518417e+01   1.1682893e+02   8.1154174e+01   1.1903781e+02   7.2560320e+01   5.2886671e+01   5.8796258e+01   5.8830264e+01   5.6885851e+01   7.6164296e+01   3.1384710e+01   1.0028460e+02   5.8137767e+01   8.4758480e+01   2.9068884e+01   7.0576200e+01   4.2047592e+01   1.0294173e+02   4.3266615e+01   5.0931326e+01   8.6833173e+01   4.1048752e+01   4.7169906e+01   1.0430724e+02   8.3815273e+01   8.8141931e+01   4.4687806e+01
  6.1326992e+01   2.3769729e+01   1.1164676e+02   1.2021647e+02   1.1214722e+02   1.2010412e+02   1.0375452e+02   1.4212670e+01   1.0400481e+02   9.4148818e+01   1.0904128e+02   1.2961867e+02   8.9627005e+01   8.6377080e+01   1.3300376e+02   0.0000000e+00   2.8635642e+01   8.3815273e+01   1.1375852e+02   8.6000000e+01   5.5326305e+01   1.2303252e+02   1.1763078e+02   8.3408633e+01   1.1085576e+02   6.0406953e+01   1.3656500e+02   1.2619429e+02   1.2899612e+02   6.8007353e+01   5.3758720e+01   8.2540899e+01   1.5148597e+02   6.9115845e+01   5.9908263e+01   1.0575916e+02   1.1236103e+02   8.4646323e+01   9.8615415e+01   4.0311289e+01   1.0959015e+02   1.9235384e+01   1.4623953e+02   9.9824847e+01   8.7091905e+01   1.1562439e+02   1.3225732e+02   3.2249031e+01   1.2986916e+02   9.1350972e+01   6.5375837e+01   8.3186537e+01   3.2202484e+01   1.2868955e+02   1.0336827e+02   1.2061509e+02   9.8681305e+01   1.3147243e+02   7.4793048e+01   6.9641941e+01   1.2165525e+02   7.7233412e+01   9.3605555e+01   1.2596031e+02   1.3600368e+02   9.7329338e+01   9.8412398e+01   1.0277159e+02   6.6211781e+01   1.3505925e+02   1.7415510e+02   1.2682271e+02   7.3246160e+01   1.0610372e+02   1.1292475e+02   2.3086793e+01   1.2396774e+02   2.8635642e+01   9.0027773e+01   1.1798729e+02   7.4652528e+01   1.3074020e+02   9.0785461e+01   8.8526832e+01   1.4705441e+02   1.2609917e+02   7.4953319e+01   6.5253352e+01   1.2592458e+02   8.6330759e+01   1.0689247e+02   3.3241540e+01   1.4892280e+02   1.4222517e+02   1.1374533e+02   1.3024976e+02   9.1021975e+01   8.3294658e+01   6.5520989e+01   9.6420952e+01   8.8391176e+01
  6.2072538e+01   5.0000000e+00   1.1808895e+02   1.0770330e+02   1.1761377e+02   9.2005435e+01   1.0062306e+02   2.2671568e+01   9.2590496e+01   6.9079664e+01   1.1768602e+02   1.0718675e+02   6.4257295e+01   8.7022985e+01   1.2073939e+02   2.8635642e+01   0.0000000e+00   8.5000000e+01   8.9157165e+01   5.8309519e+01   6.9835521e+01   9.9764723e+01   9.2849340e+01   6.8505474e+01   1.1403947e+02   7.4706091e+01   1.3903237e+02   1.2578156e+02   1.0934350e+02   4.0607881e+01   5.8051701e+01   5.9908263e+01   1.3928388e+02   4.2201896e+01   4.4777226e+01   1.0907337e+02   9.4047860e+01   6.0373835e+01   7.9906195e+01   1.2041595e+01   1.0553672e+02   1.8601075e+01   1.2869343e+02   1.0438870e+02   7.0434367e+01   1.0080179e+02   1.0917875e+02   3.6055513e+01   1.3562448e+02   1.0346497e+02   7.9158070e+01   6.3655322e+01   2.0024984e+01   1.1292918e+02   1.0111874e+02   1.1001818e+02   7.5802375e+01   1.0677547e+02   5.6727418e+01   5.3009433e+01   1.2625371e+02   5.0447993e+01   9.5005263e+01   1.2719277e+02   1.1693160e+02   1.0911004e+02   9.6026038e+01   1.0737784e+02   6.6000000e+01   1.2175796e+02   1.6169725e+02   1.1720068e+02   5.6400355e+01   8.4628600e+01   1.1115755e+02   9.4339811e+00   9.8081599e+01   4.8083261e+01   9.4429868e+01   1.1761377e+02   6.6760767e+01   1.0791200e+02   7.0837843e+01   6.3976558e+01   1.2940247e+02   1.3606249e+02   6.4078077e+01   4.1880783e+01   1.0818965e+02   6.3285069e+01   1.0316007e+02   4.0311289e+01   1.4436759e+02   1.2092973e+02   8.7097646e+01   1.1025879e+02   7.4813100e+01   5.5009090e+01   4.2438190e+01   6.9634761e+01   7.6922038e+01
  2.3194827e+01   8.5146932e+01   3.5777088e+01   5.6435804e+01   3.4176015e+01   1.2457929e+02   2.2803509e+01   7.2034714e+01   4.3104524e+01   8.7045965e+01   3.9051248e+01   9.6767763e+01   8.6278618e+01   2.8284271e+00   6.5520989e+01   8.3815273e+01   8.5000000e+01   0.0000000e+00   9.6041658e+01   9.8005102e+01   4.1617304e+01   9.5854056e+01   9.9478641e+01   4.7201695e+01   2.9154759e+01   3.9824616e+01   5.4083269e+01   4.2379240e+01   8.5328776e+01   8.7658428e+01   3.0083218e+01   7.2138755e+01   8.1024688e+01   8.5475143e+01   5.0990195e+01   2.4331050e+01   6.9641941e+01   7.9246451e+01   6.3953108e+01   8.4852814e+01   2.9206164e+01   7.0859015e+01   9.1197588e+01   2.1023796e+01   5.3254108e+01   6.0133186e+01   1.0151355e+02   5.2392748e+01   5.1662365e+01   3.7947332e+01   3.7696154e+01   6.1619802e+01   6.5007692e+01   7.2027772e+01   2.1213203e+01   5.1662365e+01   7.9630396e+01   1.0874741e+02   5.5973208e+01   5.2201533e+01   4.1773197e+01   8.7920419e+01   1.0049876e+01   4.2579338e+01   8.8362888e+01   4.0249224e+01   1.7204651e+01   2.3769729e+01   1.9000000e+01   6.9856997e+01   1.0208330e+02   5.4230987e+01   5.2497619e+01   7.7826731e+01   2.9681644e+01   7.7162167e+01   1.0993180e+02   6.1294372e+01   1.2727922e+01   3.4176015e+01   2.8319605e+01   9.9297533e+01   6.5215029e+01   8.2024387e+01   9.2195445e+01   5.7428216e+01   3.6069378e+01   7.1196910e+01   7.6419893e+01   7.4966659e+01   2.6400758e+01   5.0596443e+01   6.6610810e+01   1.0143471e+02   1.0761505e+02   8.7475711e+01   5.2839379e+01   1.0208330e+02   7.0327804e+01   9.7590983e+01   3.7576588e+01
  8.9185201e+01   9.3776330e+01   1.2778106e+02   6.2649820e+01   1.2473973e+02   3.5440090e+01   9.0509668e+01   1.0100000e+02   6.1073726e+01   2.0124612e+01   1.3360015e+02   2.2360680e+01   2.5059928e+01   9.5414884e+01   7.0604532e+01   1.1375852e+02   8.9157165e+01   9.6041658e+01   0.0000000e+00   3.7643060e+01   1.1887809e+02   1.3416408e+01   4.0000000e+00   4.9193496e+01   1.1604310e+02   1.2103718e+02   1.3060245e+02   1.1280071e+02   3.5057096e+01   5.0477718e+01   9.5566731e+01   3.2062439e+01   8.3384651e+01   4.8020829e+01   6.0133186e+01   1.1345484e+02   3.4438351e+01   2.9120440e+01   3.2649655e+01   7.7820306e+01   9.0027773e+01   9.5126232e+01   5.6718604e+01   1.1420158e+02   4.2941821e+01   5.0990195e+01   2.2022716e+01   9.4005319e+01   1.3793114e+02   1.3329666e+02   1.2241323e+02   3.7107951e+01   8.2377181e+01   5.2952809e+01   9.3348808e+01   7.0661163e+01   1.7464249e+01   1.7720045e+01   4.5705580e+01   5.1623638e+01   1.2798828e+02   4.0224371e+01   1.0080179e+02   1.1869709e+02   4.2426407e+01   1.3619104e+02   9.0686272e+01   1.1603879e+02   8.7664132e+01   6.7468511e+01   1.0024470e+02   7.7878110e+01   4.9030603e+01   1.9104973e+01   9.9904955e+01   9.1093359e+01   1.3892444e+01   1.1600431e+02   1.0845275e+02   1.0781466e+02   6.9354164e+01   2.1633308e+01   3.1384710e+01   2.5298221e+01   5.6885851e+01   1.5044600e+02   6.1846584e+01   4.8507731e+01   4.2426407e+01   2.8071338e+01   8.9872131e+01   9.8020406e+01   1.1253888e+02   3.7589892e+01   1.6278821e+01   3.4234486e+01   4.3266615e+01   4.5000000e+01   4.8270074e+01   2.4413111e+01   5.8821765e+01
  8.2807005e+01   6.3285069e+01   1.3340540e+02   8.6023253e+01   1.3122881e+02   3.4365681e+01   1.0123734e+02   7.5538070e+01   7.7466122e+01   2.0880613e+01   1.3700365e+02   5.9640590e+01   1.7117243e+01   9.8473347e+01   9.7128780e+01   8.6000000e+01   5.8309519e+01   9.8005102e+01   3.7643060e+01   0.0000000e+00   1.0718675e+02   5.0803543e+01   4.0311289e+01   5.4781384e+01   1.2403629e+02   1.1067520e+02   1.4392359e+02   1.2687395e+02   6.9079664e+01   1.8027756e+01   8.5802098e+01   2.8160256e+01   1.1313708e+02   1.7464249e+01   4.8836462e+01   1.2022063e+02   6.0671245e+01   2.1377558e+01   5.0009999e+01   4.6270941e+01   1.0312129e+02   6.9584481e+01   9.1181138e+01   1.1871394e+02   5.0960769e+01   7.5026662e+01   5.9665736e+01   7.5392307e+01   1.4724809e+02   1.3083195e+02   1.1346365e+02   3.9849718e+01   5.8694122e+01   8.2200973e+01   1.0336827e+02   9.2347171e+01   3.3734256e+01   5.3263496e+01   4.2544095e+01   4.5803930e+01   1.3695255e+02   1.0816654e+01   1.0568822e+02   1.3130880e+02   7.7077883e+01   1.3507405e+02   9.9282425e+01   1.2120231e+02   8.3450584e+01   9.5524866e+01   1.3267253e+02   1.0031949e+02   4.5793013e+01   4.4384682e+01   1.1216060e+02   6.3031738e+01   4.2190046e+01   9.6166522e+01   1.1060289e+02   1.2015407e+02   6.9892775e+01   5.9203040e+01   4.1303753e+01   2.1000000e+01   9.1547802e+01   1.5542522e+02   6.2433965e+01   2.8600699e+01   7.3246160e+01   2.7294688e+01   1.0195097e+02   8.0230917e+01   1.3435029e+02   7.4886581e+01   2.9966648e+01   6.8942005e+01   5.4341513e+01   7.6157731e+00   2.9206164e+01   1.3453624e+01   6.7416615e+01
  3.1016125e+01   6.7542579e+01   5.8821765e+01   9.5189285e+01   6.0166436e+01   1.3955644e+02   6.4404969e+01   4.9040799e+01   7.9812280e+01   1.0406248e+02   5.4744863e+01   1.2614278e+02   1.0139033e+02   4.4407207e+01   1.0570241e+02   5.5326305e+01   6.9835521e+01   4.1617304e+01   1.1887809e+02   1.0718675e+02   0.0000000e+00   1.2280065e+02   1.2278436e+02   7.2111026e+01   6.1400326e+01   5.0990195e+00   8.6330759e+01   8.0000000e+01   1.1834272e+02   9.1607860e+01   2.3345235e+01   8.8543774e+01   1.2211879e+02   9.0697299e+01   6.0166436e+01   5.6603887e+01   1.0112369e+02   9.4339811e+01   9.1137259e+01   7.5604233e+01   7.0802542e+01   5.1429563e+01   1.2854960e+02   4.9739320e+01   7.8230429e+01   9.6104110e+01   1.3031117e+02   3.4828150e+01   7.6922038e+01   3.6055513e+01   1.0049876e+01   8.1786307e+01   5.3907328e+01   1.0914211e+02   6.2625873e+01   9.1787799e+01   1.0141499e+02   1.3464769e+02   7.3246160e+01   6.7446275e+01   7.0007142e+01   9.6384646e+01   4.8795492e+01   7.7698134e+01   1.2304471e+02   4.2047592e+01   5.8821765e+01   5.2354560e+01   3.4365681e+01   1.0956277e+02   1.4354442e+02   9.5294281e+01   6.9856997e+01   1.0369667e+02   7.0007142e+01   6.0415230e+01   1.3218548e+02   2.7000000e+01   4.1400483e+01   7.2470684e+01   5.3084838e+01   1.2824976e+02   8.8119237e+01   9.8081599e+01   1.2952220e+02   7.1007042e+01   5.9033889e+01   7.8771822e+01   1.1115755e+02   9.2347171e+01   6.8007353e+01   3.0000000e+01   1.0683164e+02   1.3418271e+02   1.2619429e+02   1.2026637e+02   8.0024996e+01   1.0846658e+02   7.8294317e+01   1.1189281e+02   6.8468971e+01
  9.2227978e+01   1.0420173e+02   1.2536347e+02   5.5217751e+01   1.2206556e+02   4.6173586e+01   8.7200917e+01   1.0976794e+02   5.7008771e+01   3.1890437e+01   1.3188252e+02   8.9442719e+00   3.6878178e+01   9.4847246e+01   6.1326992e+01   1.2303252e+02   9.9764723e+01   9.5854056e+01   1.3416408e+01   5.0803543e+01   1.2280065e+02   0.0000000e+00   1.2165525e+01   5.0990195e+01   1.1300442e+02   1.2445883e+02   1.2525574e+02   1.0751744e+02   2.3345235e+01   6.2481997e+01   9.9503769e+01   4.0496913e+01   7.2367120e+01   5.9816386e+01   6.6483081e+01   1.1094143e+02   2.8319605e+01   3.9446166e+01   3.2280025e+01   8.8836929e+01   8.5796270e+01   1.0404326e+02   4.4102154e+01   1.1250778e+02   4.4721360e+01   4.4045431e+01   9.4339811e+00   1.0084146e+02   1.3395895e+02   1.3370116e+02   1.2531959e+02   4.2107007e+01   9.1093359e+01   4.3081318e+01   9.0210864e+01   6.3600314e+01   2.4351591e+01   1.3038405e+01   5.1156622e+01   5.7140179e+01   1.2432618e+02   5.2402290e+01   9.9362971e+01   1.1384639e+02   3.0000000e+01   1.3605881e+02   8.8204308e+01   1.1405700e+02   9.0027773e+01   5.7584720e+01   8.8005682e+01   7.0178344e+01   5.4037024e+01   1.9104973e+01   9.5671312e+01   1.0084642e+02   1.9924859e+01   1.2269067e+02   1.0778683e+02   1.0332473e+02   7.1063352e+01   8.4852814e+00   3.5000000e+01   3.6055513e+01   4.4181444e+01   1.4787157e+02   6.4132675e+01   5.8180753e+01   3.2310989e+01   3.6769553e+01   8.6052310e+01   1.0447966e+02   1.0423531e+02   2.4186773e+01   2.8160256e+01   2.2090722e+01   4.3680659e+01   5.8249464e+01   5.7775427e+01   3.7735925e+01   5.8309519e+01
  9.3005376e+01   9.7498718e+01   1.3087399e+02   6.4412732e+01   1.2778106e+02   3.4525353e+01   9.3380940e+01   1.0492378e+02   6.3702433e+01   2.3769729e+01   1.3682471e+02   2.0880613e+01   2.8635642e+01   9.8792712e+01   7.1784399e+01   1.1763078e+02   9.2849340e+01   9.9478641e+01   4.0000000e+00   4.0311289e+01   1.2278436e+02   1.2165525e+01   0.0000000e+00   5.2801515e+01   1.1900420e+02   1.2490797e+02   1.3306014e+02   1.1525624e+02   3.5057096e+01   5.3851648e+01   9.9463561e+01   3.6055513e+01   8.3862983e+01   5.1478151e+01   6.4124878e+01   1.1651609e+02   3.6359318e+01   3.2984845e+01   3.5805028e+01   8.1437092e+01   9.2698436e+01   9.9040396e+01   5.6222771e+01   1.1741380e+02   4.6518813e+01   5.2839379e+01   1.9723083e+01   9.8005102e+01   1.4071603e+02   1.3685028e+02   1.2624183e+02   4.1000000e+01   8.6313383e+01   5.3851648e+01   9.6260064e+01   7.2560320e+01   2.1377558e+01   1.3928388e+01   4.9648766e+01   5.5578773e+01   1.3083195e+02   4.3566042e+01   1.0404326e+02   1.2126417e+02   4.2047592e+01   1.3967104e+02   9.3722996e+01   1.1920151e+02   9.1416629e+01   6.8410526e+01   1.0004499e+02   7.9605276e+01   5.2952809e+01   2.2022716e+01   1.0259142e+02   9.4921020e+01   1.0630146e+01   1.2000417e+02   1.1183023e+02   1.1045361e+02   7.3006849e+01   1.9697716e+01   3.5114100e+01   2.9120440e+01   5.6320511e+01   1.5352524e+02   6.5551506e+01   5.2392748e+01   4.3174066e+01   3.2062439e+01   9.2633687e+01   1.0201961e+02   1.1412712e+02   3.5846897e+01   1.6031220e+01   3.4000000e+01   4.6647615e+01   4.7507894e+01   5.2172790e+01   2.6907248e+01   6.2128898e+01
  4.1303753e+01   7.1400280e+01   8.0721744e+01   3.9357337e+01   7.8102497e+01   7.7794601e+01   4.6518813e+01   6.9202601e+01   2.5495098e+01   4.0459857e+01   8.5632938e+01   5.4037024e+01   4.0496913e+01   4.6861498e+01   5.2354560e+01   8.3408633e+01   6.8505474e+01   4.7201695e+01   4.9193496e+01   5.4781384e+01   7.2111026e+01   5.0990195e+01   5.2801515e+01   0.0000000e+00   7.0213959e+01   7.3552702e+01   8.9157165e+01   7.2111026e+01   4.7801674e+01   5.0039984e+01   4.9000000e+01   2.6832816e+01   7.0830784e+01   4.7095647e+01   2.4083189e+01   6.6843100e+01   3.0364453e+01   3.4000000e+01   1.9026298e+01   6.1741396e+01   4.8383882e+01   6.4536811e+01   6.2968246e+01   6.6468037e+01   6.3245553e+00   3.2557641e+01   5.8215118e+01   5.5036352e+01   9.3193347e+01   8.4118963e+01   7.4330344e+01   1.5264338e+01   5.2325902e+01   4.5343136e+01   4.8764741e+01   4.2720019e+01   3.2449961e+01   6.3324561e+01   1.4035669e+01   1.5652476e+01   8.2927679e+01   4.6324939e+01   5.3037722e+01   7.6557168e+01   5.3851648e+01   8.7132084e+01   4.4944410e+01   6.8622154e+01   3.9051248e+01   5.3254108e+01   9.3193347e+01   5.0447993e+01   1.2649111e+01   3.2015621e+01   5.7384667e+01   6.5192024e+01   6.3063460e+01   7.5584390e+01   5.9816386e+01   6.5391131e+01   2.0248457e+01   5.6142675e+01   1.8027756e+01   3.6055513e+01   6.3812225e+01   1.0327633e+02   1.3152946e+01   3.4132096e+01   4.2941821e+01   2.8844410e+01   4.7169906e+01   5.7584720e+01   8.2006097e+01   6.2968246e+01   6.0440053e+01   4.9477268e+01   8.2462113e+00   6.0440053e+01   3.3136083e+01   5.1613952e+01   1.2649111e+01
  5.2000000e+01   1.1401754e+02   1.3341664e+01   6.2968246e+01   9.4868330e+00   1.4762791e+02   2.5806976e+01   9.9984999e+01   5.6035703e+01   1.1060289e+02   2.2022716e+01   1.1183023e+02   1.1067972e+02   2.7459060e+01   6.6910388e+01   1.1085576e+02   1.1403947e+02   2.9154759e+01   1.1604310e+02   1.2403629e+02   6.1400326e+01   1.1300442e+02   1.1900420e+02   7.0213959e+01   0.0000000e+00   5.7688820e+01   2.5709920e+01   2.0248457e+01   9.7493590e+01   1.1531695e+02   5.7558666e+01   9.6798760e+01   7.7103826e+01   1.1292475e+02   7.9056942e+01   5.0990195e+00   8.4876381e+01   1.0400961e+02   8.3450584e+01   1.1399123e+02   2.8231188e+01   9.9322706e+01   9.6772930e+01   1.1661904e+01   7.5432089e+01   7.1119618e+01   1.1681181e+02   8.0504658e+01   2.3259407e+01   3.7121422e+01   5.3600373e+01   8.5445889e+01   9.4085068e+01   7.9711982e+01   2.2803509e+01   5.5362442e+01   1.0123734e+02   1.2601587e+02   8.1492331e+01   7.8721026e+01   1.3000000e+01   1.1449017e+02   1.9416488e+01   1.6401219e+01   9.8234414e+01   3.4785054e+01   2.5495098e+01   9.2195445e+00   4.8093659e+01   7.2180330e+01   9.4366308e+01   5.3600373e+01   7.8294317e+01   9.7000000e+01   1.9416488e+01   1.0601887e+02   1.2963410e+02   8.5796270e+01   2.0880613e+01   1.5297059e+01   5.4626001e+01   1.1458621e+02   8.7321246e+01   1.0625441e+02   9.7744565e+01   3.4985711e+01   6.1717096e+01   9.8615415e+01   8.7235314e+01   9.9045444e+01   2.7294688e+01   7.8089692e+01   4.8877398e+01   1.1280514e+02   1.2949517e+02   9.9729635e+01   7.3661387e+01   1.2879829e+02   9.7693398e+01   1.2182775e+02   5.8258047e+01
  3.2249031e+01   7.2498276e+01   5.4424259e+01   9.4641429e+01   5.5946403e+01   1.4266745e+02   6.2433965e+01   5.4083269e+01   7.9624117e+01   1.0677547e+02   5.0009999e+01   1.2747549e+02   1.0427847e+02   4.2544095e+01   1.0475209e+02   6.0406953e+01   7.4706091e+01   3.9824616e+01   1.2103718e+02   1.1067520e+02   5.0990195e+00   1.2445883e+02   1.2490797e+02   7.3552702e+01   5.7688820e+01   0.0000000e+00   8.2298238e+01   7.6694198e+01   1.1906721e+02   9.5425364e+01   2.5632011e+01   9.1181138e+01   1.2076837e+02   9.4403390e+01   6.3071388e+01   5.3009433e+01   1.0200000e+02   9.7169954e+01   9.2541882e+01   8.0212219e+01   6.8796802e+01   5.6364883e+01   1.2845622e+02   4.6043458e+01   7.9762146e+01   9.6176920e+01   1.3174597e+02   3.9408121e+01   7.2422372e+01   3.1016125e+01   5.0000000e+00   8.3934498e+01   5.8412327e+01   1.0904128e+02   6.0464866e+01   9.0824006e+01   1.0358089e+02   1.3649908e+02   7.5584390e+01   6.9892775e+01   6.5795137e+01   9.9859902e+01   4.6227697e+01   7.4060786e+01   1.2349089e+02   3.7013511e+01   5.6938563e+01   4.8548944e+01   3.5000000e+01   1.0878419e+02   1.4190490e+02   9.3941471e+01   7.2124892e+01   1.0538026e+02   6.7357256e+01   6.5299311e+01   1.3448048e+02   3.2015621e+01   3.8209946e+01   6.9354164e+01   5.4037024e+01   1.2965338e+02   9.0027773e+01   1.0084642e+02   1.2943724e+02   6.6030296e+01   6.0406953e+01   8.2152298e+01   1.1154371e+02   9.4921020e+01   6.6037868e+01   3.4669872e+01   1.0394710e+02   1.3501481e+02   1.2887591e+02   1.2103718e+02   8.1301906e+01   1.1220071e+02   8.1633327e+01   1.1493476e+02   6.9065187e+01
  7.7233412e+01   1.3923003e+02   2.9068884e+01   7.0837843e+01   2.6627054e+01   1.6421023e+02   4.2720019e+01   1.2560255e+02   6.9634761e+01   1.2841339e+02   3.6878178e+01   1.2238055e+02   1.2924782e+02   5.2009614e+01   6.9971423e+01   1.3656500e+02   1.3903237e+02   5.4083269e+01   1.3060245e+02   1.4392359e+02   8.6330759e+01   1.2525574e+02   1.3306014e+02   8.9157165e+01   2.5709920e+01   8.2298238e+01   0.0000000e+00   1.7804494e+01   1.0640489e+02   1.3708756e+02   8.3186537e+01   1.1595258e+02   7.4040529e+01   1.3448048e+02   1.0178900e+02   3.0805844e+01   9.7082439e+01   1.2306502e+02   9.9020200e+01   1.3829317e+02   4.1182521e+01   1.2478782e+02   1.0023971e+02   3.7000000e+01   9.3471921e+01   8.1320354e+01   1.2734991e+02   1.0606602e+02   1.6492423e+01   5.7314920e+01   7.7897368e+01   1.0427847e+02   1.1901681e+02   8.6400231e+01   4.0804412e+01   6.2369865e+01   1.1766053e+02   1.3790214e+02   1.0184302e+02   1.0000000e+02   1.7029386e+01   1.3507405e+02   4.4045431e+01   1.2649111e+01   1.0520932e+02   5.3075418e+01   4.5354162e+01   3.4176015e+01   7.3061618e+01   7.5292762e+01   8.6092973e+01   5.7428216e+01   9.8979796e+01   1.1160645e+02   3.1780497e+01   1.3124405e+02   1.4353397e+02   1.1132834e+02   4.6572524e+01   2.3769729e+01   7.6687678e+01   1.2520783e+02   1.0470912e+02   1.2477580e+02   1.0111874e+02   3.6674242e+01   8.2969874e+01   1.2033287e+02   9.5775780e+01   1.1763078e+02   4.2047592e+01   1.0375452e+02   3.6000000e+01   1.2020815e+02   1.4534098e+02   1.0857716e+02   9.0824006e+01   1.4934524e+02   1.1936918e+02   1.4000357e+02   7.6557168e+01
  6.5253352e+01   1.2643575e+02   3.1048349e+01   5.3413481e+01   2.7202941e+01   1.4649232e+02   2.6305893e+01   1.1428473e+02   5.1865210e+01   1.1090987e+02   4.0261644e+01   1.0480458e+02   1.1189281e+02   3.9849718e+01   5.3712196e+01   1.2619429e+02   1.2578156e+02   4.2379240e+01   1.1280071e+02   1.2687395e+02   8.0000000e+01   1.0751744e+02   1.1525624e+02   7.2111026e+01   2.0248457e+01   7.6694198e+01   1.7804494e+01   0.0000000e+00   8.9022469e+01   1.2083046e+02   7.2449983e+01   9.8792712e+01   6.0406953e+01   1.1812705e+02   8.6371292e+01   2.4083189e+01   7.9309520e+01   1.0584895e+02   8.1301906e+01   1.2401613e+02   2.3769729e+01   1.1280514e+02   8.4172442e+01   3.1144823e+01   7.6157731e+01   6.3655322e+01   1.0978616e+02   9.4641429e+01   2.8792360e+01   5.7306195e+01   7.2917762e+01   8.7091905e+01   1.0580170e+02   6.9339743e+01   2.5019992e+01   4.5000000e+01   9.9984999e+01   1.2020815e+02   8.5164547e+01   8.3743656e+01   2.2022716e+01   1.1829624e+02   3.2695565e+01   7.2801099e+00   8.8204308e+01   5.4626001e+01   3.0000000e+01   2.9206164e+01   6.0638272e+01   5.9093147e+01   7.5663730e+01   4.0706265e+01   8.2462113e+01   9.3813645e+01   1.5132746e+01   1.1853270e+02   1.2573385e+02   1.0288343e+02   3.8600518e+01   8.2462113e+00   6.1204575e+01   1.0762899e+02   8.7206651e+01   1.0742439e+02   8.5088190e+01   4.7518417e+01   6.6910388e+01   1.0413933e+02   7.8409183e+01   1.0031949e+02   2.5000000e+01   9.2973114e+01   2.8653098e+01   1.0317461e+02   1.2758135e+02   9.1214034e+01   7.3348483e+01   1.3250283e+02   1.0316007e+02   1.2253979e+02   5.9464275e+01
  8.7367042e+01   1.1322985e+02   1.1049434e+02   3.5608988e+01   1.0688779e+02   6.9462220e+01   7.2090221e+01   1.1500435e+02   4.2720019e+01   4.8332184e+01   1.1792370e+02   1.7000000e+01   5.2773099e+01   8.3743656e+01   3.9115214e+01   1.2899612e+02   1.0934350e+02   8.5328776e+01   3.5057096e+01   6.9079664e+01   1.1834272e+02   2.3345235e+01   3.5057096e+01   4.7801674e+01   9.7493590e+01   1.1906721e+02   1.0640489e+02   8.9022469e+01   0.0000000e+00   7.6843998e+01   9.5885348e+01   5.0249378e+01   4.9030603e+01   7.3817342e+01   6.9318107e+01   9.6254870e+01   1.7464249e+01   5.2430907e+01   3.0413813e+01   9.9724621e+01   6.9354164e+01   1.0977249e+02   2.2135944e+01   9.9020200e+01   4.2720019e+01   2.6400758e+01   2.1633308e+01   1.0252804e+02   1.1676472e+02   1.2300000e+02   1.1900420e+02   4.6043458e+01   9.6896852e+01   2.0808652e+01   7.5239617e+01   4.4045431e+01   3.6359318e+01   3.3541020e+01   5.4203321e+01   5.9481089e+01   1.0770330e+02   6.7742158e+01   8.6683332e+01   9.5801879e+01   8.0622577e+00   1.2445481e+02   7.4330344e+01   1.0008996e+02   8.4095184e+01   3.4885527e+01   6.5192024e+01   4.9517674e+01   5.5901699e+01   2.5806976e+01   7.8892332e+01   1.0846658e+02   4.3174066e+01   1.2336936e+02   9.6046864e+01   8.5982556e+01   6.5276336e+01   1.9723083e+01   3.8600518e+01   5.0249378e+01   2.2472205e+01   1.3241224e+02   6.0016664e+01   6.7896981e+01   1.0630146e+01   4.7634021e+01   7.0213959e+01   1.0530432e+02   8.2377181e+01   1.6124515e+01   5.1009803e+01   2.2360680e+00   3.9560081e+01   7.6694198e+01   6.7208630e+01   5.7280014e+01   5.0009999e+01
  6.9814039e+01   4.5541190e+01   1.2343419e+02   8.6492774e+01   1.2167169e+02   5.2345009e+01   9.4593869e+01   5.7558666e+01   7.5059976e+01   3.0610456e+01   1.2605158e+02   7.0767224e+01   2.5612497e+01   8.8566359e+01   9.8716767e+01   6.8007353e+01   4.0607881e+01   8.7658428e+01   5.0477718e+01   1.8027756e+01   9.1607860e+01   6.2481997e+01   5.3851648e+01   5.0039984e+01   1.1531695e+02   9.5425364e+01   1.3708756e+02   1.2083046e+02   7.6843998e+01   0.0000000e+00   7.1421285e+01   2.7856777e+01   1.1609048e+02   3.1622777e+00   3.6715120e+01   1.1108555e+02   6.4884513e+01   2.4413111e+01   5.1865210e+01   2.8635642e+01   9.7493590e+01   5.1623638e+01   9.8270036e+01   1.0867382e+02   4.8166378e+01   7.6655072e+01   7.1840100e+01   5.8591808e+01   1.3853880e+02   1.1779643e+02   9.8595132e+01   3.7483330e+01   4.1109610e+01   8.6162637e+01   9.6301610e+01   9.1547802e+01   4.0607881e+01   6.7601775e+01   3.6124784e+01   3.7107951e+01   1.2831602e+02   1.0295630e+01   9.6254870e+01   1.2445481e+02   8.4876381e+01   1.2244182e+02   9.1760558e+01   1.1135978e+02   7.1281134e+01   9.8081599e+01   1.3705838e+02   9.9503769e+01   3.8470768e+01   5.1039201e+01   1.0575916e+02   4.5011110e+01   5.7939624e+01   7.8771822e+01   9.9849887e+01   1.1350771e+02   6.0745370e+01   7.0936591e+01   4.2059482e+01   2.6907248e+01   9.8792712e+01   1.4475497e+02   5.4120237e+01   1.6763055e+01   7.8714675e+01   2.9529646e+01   9.5900991e+01   6.3529521e+01   1.3200379e+02   8.5562842e+01   4.6572524e+01   7.7201036e+01   5.2345009e+01   1.7000000e+01   1.7720045e+01   2.9120440e+01   6.2289646e+01
  9.4339811e+00   5.7314920e+01   6.0207973e+01   7.5591005e+01   6.0008333e+01   1.1723907e+02   5.1039201e+01   4.2426407e+01   5.9506302e+01   8.1154174e+01   5.9665736e+01   1.0301942e+02   7.8721026e+01   3.2695565e+01   8.7132084e+01   5.3758720e+01   5.8051701e+01   3.0083218e+01   9.5566731e+01   8.5802098e+01   2.3345235e+01   9.9503769e+01   9.9463561e+01   4.9000000e+01   5.7558666e+01   2.5632011e+01   8.3186537e+01   7.2449983e+01   9.5885348e+01   7.1421285e+01   0.0000000e+00   6.5551506e+01   1.0462313e+02   7.0092796e+01   3.7589892e+01   5.2469038e+01   7.8517514e+01   7.1589105e+01   6.8007353e+01   6.0539243e+01   5.7201399e+01   4.2000000e+01   1.0751744e+02   4.7042534e+01   5.5036352e+01   7.4946648e+01   1.0711676e+02   2.3021729e+01   7.8025637e+01   4.7169906e+01   2.7784888e+01   5.8463664e+01   3.8897301e+01   8.8255311e+01   5.0249378e+01   7.3498299e+01   7.8102497e+01   1.1130588e+02   5.0000000e+01   4.4271887e+01   6.9065187e+01   7.5000000e+01   3.9849718e+01   7.2277244e+01   1.0100000e+02   5.2354560e+01   4.5486262e+01   5.0039984e+01   1.4212670e+01   9.0426766e+01   1.2682271e+02   7.8243211e+01   4.6572524e+01   8.0399005e+01   5.9481089e+01   4.9365980e+01   1.0893117e+02   3.2526912e+01   3.7054015e+01   6.4257295e+01   3.0805844e+01   1.0507616e+02   6.4776539e+01   7.5239617e+01   1.0846658e+02   7.8160092e+01   3.6055513e+01   5.7201399e+01   8.9269256e+01   6.9289249e+01   5.4405882e+01   2.0615528e+01   9.6041658e+01   1.1154371e+02   1.0324728e+02   9.7739450e+01   5.7035077e+01   8.7863531e+01   5.6612719e+01   8.9470666e+01   4.6572524e+01
  6.0415230e+01   6.4140471e+01   1.0682696e+02   5.9304300e+01   1.0440307e+02   5.2801515e+01   7.3348483e+01   6.9375788e+01   4.9497475e+01   1.5652476e+01   1.1112605e+02   4.7413078e+01   1.4142136e+01   7.2249567e+01   7.1196910e+01   8.2540899e+01   5.9908263e+01   7.2138755e+01   3.2062439e+01   2.8160256e+01   8.8543774e+01   4.0496913e+01   3.6055513e+01   2.6832816e+01   9.6798760e+01   9.1181138e+01   1.1595258e+02   9.8792712e+01   5.0249378e+01   2.7856777e+01   6.5551506e+01   0.0000000e+00   8.8323270e+01   2.4698178e+01   2.8635642e+01   9.3230896e+01   3.7121422e+01   7.2111026e+00   2.4041631e+01   4.9678969e+01   7.5026662e+01   6.3600314e+01   7.1028163e+01   9.2314679e+01   2.2803509e+01   4.9030603e+01   4.9769469e+01   6.2008064e+01   1.1988745e+02   1.0720075e+02   9.3107465e+01   1.1704700e+01   5.0695167e+01   5.8309519e+01   7.5591005e+01   6.5000000e+01   1.6155494e+01   4.9497475e+01   1.6401219e+01   2.1470911e+01   1.0960383e+02   2.1023796e+01   7.9025312e+01   1.0336827e+02   5.8137767e+01   1.1088733e+02   7.1693793e+01   9.4641429e+01   5.9908263e+01   7.0342022e+01   1.0920165e+02   7.3000000e+01   2.0000000e+01   2.4839485e+01   8.4172442e+01   6.0415230e+01   4.4283180e+01   8.4005952e+01   8.4864598e+01   9.2195445e+01   4.3840620e+01   4.8332184e+01   1.4317821e+01   1.0000000e+01   7.1610055e+01   1.2918978e+02   3.6069378e+01   1.8027756e+01   5.1107729e+01   4.0000000e+00   7.3925638e+01   6.6121101e+01   1.0656923e+02   6.1032778e+01   3.7696154e+01   5.0911688e+01   2.6305893e+01   3.4365681e+01   1.7492856e+01   2.5455844e+01   3.9395431e+01
  9.5210294e+01   1.4200352e+02   9.0005555e+01   3.1622777e+01   8.6005814e+01   1.1837652e+02   5.9135438e+01   1.3744090e+02   4.7507894e+01   9.2541882e+01   9.9045444e+01   6.5520989e+01   9.6026038e+01   7.8390050e+01   1.8601075e+01   1.5148597e+02   1.3928388e+02   8.1024688e+01   8.3384651e+01   1.1313708e+02   1.2211879e+02   7.2367120e+01   8.3862983e+01   7.0830784e+01   7.7103826e+01   1.2076837e+02   7.4040529e+01   6.0406953e+01   4.9030603e+01   1.1609048e+02   1.0462313e+02   8.8323270e+01   0.0000000e+00   1.1292918e+02   9.4578010e+01   7.8517514e+01   5.2469038e+01   9.3171884e+01   6.4288413e+01   1.3241224e+02   5.3160135e+01   1.3354400e+02   3.1906112e+01   8.4172442e+01   6.9778220e+01   3.9560081e+01   6.9570109e+01   1.2021647e+02   8.8645361e+01   1.1198661e+02   1.1870131e+02   7.9120162e+01   1.2220065e+02   3.1064449e+01   6.1684682e+01   3.1240999e+01   7.9511006e+01   8.1908486e+01   8.3630138e+01   8.6452299e+01   8.2389320e+01   1.0890822e+02   7.6537572e+01   6.7601775e+01   4.3324358e+01   1.1101802e+02   6.4257295e+01   8.3725743e+01   9.0443352e+01   1.8027756e+01   2.2671568e+01   2.6832816e+01   8.3240615e+01   6.9180922e+01   5.8549125e+01   1.3542895e+02   9.2195445e+01   1.3682105e+02   8.6400231e+01   6.2008064e+01   7.7077883e+01   6.8007353e+01   7.4040529e+01   9.2395887e+01   3.2449961e+01   1.0791200e+02   7.6694198e+01   1.0269372e+02   4.1048752e+01   8.7321246e+01   5.5659680e+01   1.2108262e+02   4.0816663e+01   5.6356011e+01   9.9609237e+01   5.0447993e+01   6.5306967e+01   1.2050726e+02   1.0176935e+02   1.0317461e+02   6.3253458e+01
  6.8117545e+01   4.7074409e+01   1.2123531e+02   8.3360662e+01   1.1940687e+02   5.1788030e+01   9.1923882e+01   5.8215118e+01   7.2027772e+01   2.8017851e+01   1.2402016e+02   6.8014704e+01   2.3021729e+01   8.6313383e+01   9.5566731e+01   6.9115845e+01   4.2201896e+01   8.5475143e+01   4.8020829e+01   1.7464249e+01   9.0697299e+01   5.9816386e+01   5.1478151e+01   4.7095647e+01   1.1292475e+02   9.4403390e+01   1.3448048e+02   1.1812705e+02   7.3817342e+01   3.1622777e+00   7.0092796e+01   2.4698178e+01   1.1292918e+02   0.0000000e+00   3.4669872e+01   1.0874741e+02   6.1741396e+01   2.1400935e+01   4.8703183e+01   3.0364453e+01   9.4725920e+01   5.2239832e+01   9.5189285e+01   1.0647065e+02   4.5099889e+01   7.3498299e+01   6.9202601e+01   5.8180753e+01   1.3616534e+02   1.1618089e+02   9.7452553e+01   3.4365681e+01   4.1231056e+01   8.3006024e+01   9.3680307e+01   8.8459030e+01   3.7643060e+01   6.5299311e+01   3.3241540e+01   3.4481879e+01   1.2592458e+02   8.2462113e+00   9.3941471e+01   1.2184006e+02   8.1841310e+01   1.2073939e+02   8.9185201e+01   1.0912836e+02   6.9404611e+01   9.4921020e+01   1.3389922e+02   9.6420952e+01   3.5693137e+01   4.8010416e+01   1.0307764e+02   4.6043458e+01   5.5973208e+01   7.8746428e+01   9.7754795e+01   1.1086027e+02   5.8309519e+01   6.8249542e+01   3.8897301e+01   2.4041631e+01   9.5718337e+01   1.4268847e+02   5.1546096e+01   1.4317821e+01   7.5591005e+01   2.6419690e+01   9.3171884e+01   6.3071388e+01   1.2901550e+02   8.2734515e+01   4.4911023e+01   7.4202426e+01   4.9254441e+01   1.7804494e+01   1.5231546e+01   2.7459060e+01   5.9413803e+01
  3.3970576e+01   4.7434165e+01   8.6764048e+01   6.2968246e+01   8.5088190e+01   7.9649231e+01   6.0133186e+01   4.5793013e+01   4.7853944e+01   4.3965896e+01   8.9358827e+01   7.1805292e+01   4.1231056e+01   5.2000000e+01   7.6006579e+01   5.9908263e+01   4.4777226e+01   5.0990195e+01   6.0133186e+01   4.8836462e+01   6.0166436e+01   6.6483081e+01   6.4124878e+01   2.4083189e+01   7.9056942e+01   6.3071388e+01   1.0178900e+02   8.6371292e+01   6.9318107e+01   3.6715120e+01   3.7589892e+01   2.8635642e+01   9.4578010e+01   3.4669872e+01   0.0000000e+00   7.4672619e+01   5.2478567e+01   3.4176015e+01   3.8910153e+01   3.9293765e+01   6.4007812e+01   4.0804412e+01   8.6400231e+01   7.2013888e+01   2.7202941e+01   5.6639209e+01   7.5133215e+01   3.4365681e+01   1.0218121e+02   8.2024387e+01   6.5368188e+01   2.4515301e+01   2.8319605e+01   6.9310894e+01   6.1400326e+01   6.5306967e+01   4.3000000e+01   7.7006493e+01   1.5524175e+01   9.8488578e+00   9.2027170e+01   3.8183766e+01   5.9808026e+01   8.9269256e+01   7.6157731e+01   8.6371292e+01   5.6568542e+01   7.4732858e+01   3.4828150e+01   7.7201036e+01   1.1706836e+02   7.2615425e+01   1.3416408e+01   4.8052055e+01   7.1253070e+01   4.1109610e+01   7.2835431e+01   5.6222771e+01   6.3134776e+01   7.8638413e+01   2.5179357e+01   7.3348483e+01   3.2015621e+01   3.7947332e+01   8.7200917e+01   1.0804629e+02   2.0223748e+01   2.0615528e+01   6.6030296e+01   3.2557641e+01   6.2008064e+01   3.8052595e+01   1.0143471e+02   8.3216585e+01   6.6098411e+01   7.0682388e+01   3.1240999e+01   5.1855569e+01   1.9849433e+01   5.1884487e+01   3.2310989e+01
  4.7010637e+01   1.0900459e+02   1.4422205e+01   6.2361847e+01   1.1313708e+01   1.4449913e+02   2.4166092e+01   9.4894678e+01   5.4203321e+01   1.0729865e+02   2.1840330e+01   1.1014536e+02   1.0720075e+02   2.2803509e+01   6.7268120e+01   1.0575916e+02   1.0907337e+02   2.4331050e+01   1.1345484e+02   1.2022063e+02   5.6603887e+01   1.1094143e+02   1.1651609e+02   6.6843100e+01   5.0990195e+00   5.3009433e+01   3.0805844e+01   2.4083189e+01   9.6254870e+01   1.1108555e+02   5.2469038e+01   9.3230896e+01   7.8517514e+01   1.0874741e+02   7.4672619e+01   0.0000000e+00   8.3006024e+01   1.0043904e+02   8.0808415e+01   1.0917875e+02   2.7658633e+01   9.4260278e+01   9.6690227e+01   7.0710678e+00   7.2249567e+01   6.9856997e+01   1.1510430e+02   7.5425460e+01   2.7513633e+01   3.4176015e+01   4.9040799e+01   8.2006097e+01   8.9140339e+01   7.9120162e+01   2.1023796e+01   5.5108983e+01   9.8290386e+01   1.2397580e+02   7.7698134e+01   7.4706091e+01   1.7464249e+01   1.1053506e+02   1.4866069e+01   2.1095023e+01   9.7406365e+01   3.2557641e+01   2.2803509e+01   5.3851648e+00   4.3185646e+01   7.2443081e+01   9.6566040e+01   5.4083269e+01   7.4431176e+01   9.4493386e+01   2.0024984e+01   1.0100495e+02   1.2714165e+02   8.0777472e+01   1.5811388e+01   1.7888544e+01   5.0537115e+01   1.1287161e+02   8.4219950e+01   1.0280078e+02   9.7672924e+01   3.7013511e+01   5.7801384e+01   9.4429868e+01   8.6162637e+01   9.5603347e+01   2.6248809e+01   7.2993150e+01   5.2430907e+01   1.1178998e+02   1.2657409e+02   9.8488578e+01   7.0710678e+01   1.2482388e+02   9.3520051e+01   1.1840608e+02   5.5172457e+01
  7.0114193e+01   9.7672924e+01   9.7416631e+01   2.8231188e+01   9.4031909e+01   6.9641941e+01   5.9076222e+01   9.8270036e+01   2.8844410e+01   4.0112342e+01   1.0423531e+02   2.7313001e+01   4.3566042e+01   6.8308125e+01   3.7215588e+01   1.1236103e+02   9.4047860e+01   6.9641941e+01   3.4438351e+01   6.0671245e+01   1.0112369e+02   2.8319605e+01   3.6359318e+01   3.0364453e+01   8.4876381e+01   1.0200000e+02   9.7082439e+01   7.9309520e+01   1.7464249e+01   6.4884513e+01   7.8517514e+01   3.7121422e+01   5.2469038e+01   6.1741396e+01   5.2478567e+01   8.3006024e+01   0.0000000e+00   4.1109610e+01   1.4142136e+01   8.5146932e+01   5.7489129e+01   9.3193347e+01   3.4655447e+01   8.4970583e+01   2.5495098e+01   1.6552945e+01   3.2202484e+01   8.5234969e+01   1.0564563e+02   1.0756393e+02   1.0212248e+02   3.0413813e+01   8.0448741e+01   2.1587033e+01   6.2128898e+01   3.6235342e+01   2.7073973e+01   4.1231056e+01   3.7802116e+01   4.2720019e+01   9.6046864e+01   5.6920998e+01   7.2090221e+01   8.5562842e+01   2.3706539e+01   1.0944405e+02   6.0415230e+01   8.6353923e+01   6.7000000e+01   3.5014283e+01   7.2422372e+01   4.3462628e+01   3.9115214e+01   1.7117243e+01   6.7357256e+01   9.2455395e+01   4.6615448e+01   1.0594810e+02   8.0993827e+01   7.5006666e+01   4.8041649e+01   2.9966648e+01   2.3600847e+01   4.0024992e+01   3.5355339e+01   1.1981653e+02   4.2579338e+01   5.3600373e+01   1.4212670e+01   3.5468296e+01   5.7801384e+01   8.7920419e+01   7.8185676e+01   3.3060551e+01   5.0328918e+01   1.9235384e+01   2.2135944e+01   6.8066144e+01   5.2801515e+01   5.1009803e+01   3.3136083e+01
  6.6887966e+01   6.4884513e+01   1.1401754e+02   6.5030762e+01   1.1160645e+02   4.6043458e+01   8.0498447e+01   7.2006944e+01   5.6089215e+01   1.0049876e+01   1.1825819e+02   4.7201695e+01   7.2111026e+00   7.9397733e+01   7.6531039e+01   8.4646323e+01   6.0373835e+01   7.9246451e+01   2.9120440e+01   2.1377558e+01   9.4339811e+01   3.9446166e+01   3.2984845e+01   3.4000000e+01   1.0400961e+02   9.7169954e+01   1.2306502e+02   1.0584895e+02   5.2430907e+01   2.4413111e+01   7.1589105e+01   7.2111026e+00   9.3171884e+01   2.1400935e+01   3.4176015e+01   1.0043904e+02   4.1109610e+01   0.0000000e+00   2.9154759e+01   4.9396356e+01   8.2079230e+01   6.6098411e+01   7.3925638e+01   9.9488693e+01   2.9732137e+01   5.4332311e+01   4.8877398e+01   6.6370174e+01   1.2709445e+02   1.1401754e+02   9.9282425e+01   1.8788294e+01   5.3460266e+01   6.2641839e+01   8.2764727e+01   7.1112587e+01   1.6278821e+01   4.6840154e+01   2.3345235e+01   2.8017851e+01   1.1681181e+02   1.5811388e+01   8.6214848e+01   1.1049434e+02   6.0464866e+01   1.1779643e+02   7.8892332e+01   1.0182829e+02   6.6610810e+01   7.5312682e+01   1.1352973e+02   7.9101201e+01   2.6907248e+01   2.6627054e+01   9.1285267e+01   6.1983869e+01   4.0012498e+01   8.8277970e+01   9.1967386e+01   9.9317672e+01   5.0931326e+01   4.7707442e+01   2.0024984e+01   4.0000000e+00   7.4431176e+01   1.3635982e+02   4.3185646e+01   1.9416488e+01   5.4626001e+01   6.0000000e+00   8.1024688e+01   7.0710678e+01   1.1300000e+02   6.1619802e+01   3.2015621e+01   5.2801515e+01   3.2984845e+01   2.8017851e+01   1.9235384e+01   1.8439089e+01   4.6518813e+01
  6.0299254e+01   8.3546394e+01   9.5131488e+01   3.6013886e+01   9.2097774e+01   6.5192024e+01   5.8051701e+01   8.4599054e+01   2.9529646e+01   3.0805844e+01   1.0101980e+02   3.5014283e+01   3.3136083e+01   6.3134776e+01   4.7381431e+01   9.8615415e+01   7.9906195e+01   6.3953108e+01   3.2649655e+01   5.0009999e+01   9.1137259e+01   3.2280025e+01   3.5805028e+01   1.9026298e+01   8.3450584e+01   9.2541882e+01   9.9020200e+01   8.1301906e+01   3.0413813e+01   5.1865210e+01   6.8007353e+01   2.4041631e+01   6.4288413e+01   4.8703183e+01   3.8910153e+01   8.0808415e+01   1.4142136e+01   2.9154759e+01   0.0000000e+00   7.1063352e+01   5.8008620e+01   7.9404030e+01   4.8795492e+01   8.1608823e+01   1.3038405e+01   2.5179357e+01   3.9204592e+01   7.2422372e+01   1.0555094e+02   1.0163661e+02   9.3214806e+01   1.6278821e+01   6.6573268e+01   3.4438351e+01   6.0827625e+01   4.2579338e+01   1.8788294e+01   4.4944410e+01   2.3853721e+01   2.9068884e+01   9.5524866e+01   4.4721360e+01   6.8242216e+01   8.6838931e+01   3.7443290e+01   1.0420173e+02   5.8051701e+01   8.3408633e+01   5.7870545e+01   4.6324939e+01   8.5234969e+01   5.0487622e+01   2.5495098e+01   1.3892444e+01   6.7801180e+01   7.8409183e+01   4.6400431e+01   9.3621579e+01   7.6157731e+01   7.5802375e+01   3.8832976e+01   3.7121422e+01   9.8488578e+00   2.9017236e+01   4.9497475e+01   1.1779643e+02   3.2140317e+01   3.9661064e+01   2.8319605e+01   2.3194827e+01   5.7628118e+01   7.5432089e+01   8.4929382e+01   4.4643029e+01   4.6400431e+01   3.1780497e+01   1.1401754e+01   5.7035077e+01   3.8832976e+01   4.2449971e+01   2.6419690e+01
  6.2817195e+01   1.7029386e+01   1.1933147e+02   1.0107918e+02   1.1845674e+02   8.0000000e+01   9.8183502e+01   3.2202484e+01   8.6729464e+01   5.7697487e+01   1.1985408e+02   9.6519428e+01   5.2801515e+01   8.6579443e+01   1.1403947e+02   4.0311289e+01   1.2041595e+01   8.4852814e+01   7.7820306e+01   4.6270941e+01   7.5604233e+01   8.8836929e+01   8.1437092e+01   6.1741396e+01   1.1399123e+02   8.0212219e+01   1.3829317e+02   1.2401613e+02   9.9724621e+01   2.8635642e+01   6.0539243e+01   4.9678969e+01   1.3241224e+02   3.0364453e+01   3.9293765e+01   1.0917875e+02   8.5146932e+01   4.9396356e+01   7.1063352e+01   0.0000000e+00   1.0259142e+02   2.6925824e+01   1.1975391e+02   1.0511898e+02   6.2769419e+01   9.3295230e+01   9.8270036e+01   4.0804412e+01   1.3631214e+02   1.0733126e+02   8.4314886e+01   5.4817880e+01   2.1954498e+01   1.0486181e+02   9.9045444e+01   1.0417773e+02   6.5215029e+01   9.5341491e+01   4.8877398e+01   4.6097722e+01   1.2658989e+02   3.8600518e+01   9.4641429e+01   1.2609917e+02   1.0748023e+02   1.1272977e+02   9.4021274e+01   1.0806017e+02   6.6098411e+01   1.1461239e+02   1.5454773e+02   1.1166468e+02   4.9193496e+01   7.4518454e+01   1.0907337e+02   1.8384776e+01   8.6330759e+01   5.6612719e+01   9.5341491e+01   1.1600000e+02   6.3387696e+01   9.7097889e+01   6.1619802e+01   5.2839379e+01   1.2041595e+02   1.3851354e+02   5.9439044e+01   3.1827661e+01   9.9357939e+01   5.2801515e+01   1.0040418e+02   4.5607017e+01   1.4061650e+02   1.1060289e+02   7.5186435e+01   1.0049876e+02   6.7230945e+01   4.3046487e+01   3.2526912e+01   5.7723479e+01   7.1470274e+01
  4.8548944e+01   1.0673800e+02   4.1436699e+01   3.4785054e+01   3.7696154e+01   1.2314625e+02   6.4031242e+00   9.6664368e+01   2.9000000e+01   8.7235314e+01   4.9477268e+01   8.4053554e+01   8.8141931e+01   2.6400758e+01   4.0000000e+01   1.0959015e+02   1.0553672e+02   2.9206164e+01   9.0027773e+01   1.0312129e+02   7.0802542e+01   8.5796270e+01   9.2698436e+01   4.8383882e+01   2.8231188e+01   6.8796802e+01   4.1182521e+01   2.3769729e+01   6.9354164e+01   9.7493590e+01   5.7201399e+01   7.5026662e+01   5.3160135e+01   9.4725920e+01   6.4007812e+01   2.7658633e+01   5.7489129e+01   8.2079230e+01   5.8008620e+01   1.0259142e+02   0.0000000e+00   9.4339811e+01   6.9050706e+01   3.2015621e+01   5.2392748e+01   4.3046487e+01   8.9050547e+01   7.7369245e+01   4.8166378e+01   5.9304300e+01   6.6241981e+01   6.3324561e+01   8.5866175e+01   5.1546096e+01   8.5440037e+00   2.7459060e+01   7.6550637e+01   9.8716767e+01   6.1611687e+01   6.0530984e+01   3.8600518e+01   9.4641429e+01   2.3409400e+01   2.8844410e+01   7.0007142e+01   5.9000000e+01   1.2041595e+01   3.2249031e+01   4.3566042e+01   4.5044423e+01   7.3348483e+01   2.7166155e+01   5.9033889e+01   7.0936591e+01   9.8994949e+00   9.9040396e+01   1.0327633e+02   8.9498603e+01   3.3241540e+01   1.7804494e+01   3.9204592e+01   8.6838931e+01   6.3529521e+01   8.3671979e+01   7.0035705e+01   6.3063460e+01   4.4045431e+01   8.0894994e+01   5.9033889e+01   7.6557168e+01   2.8284271e+00   7.6661594e+01   3.9395431e+01   8.4581322e+01   1.0440307e+02   7.1589105e+01   4.9648766e+01   1.0881176e+02   7.9906195e+01   9.8838252e+01   3.5735137e+01
  4.7675990e+01   1.6155494e+01   1.0212248e+02   1.0206860e+02   1.0200490e+02   1.0394710e+02   8.8865066e+01   6.0000000e+00   8.6052310e+01   7.5802375e+01   1.0097524e+02   1.1049434e+02   7.1449283e+01   7.3164199e+01   1.1497826e+02   1.9235384e+01   1.8601075e+01   7.0859015e+01   9.5126232e+01   6.9584481e+01   5.1429563e+01   1.0404326e+02   9.9040396e+01   6.4536811e+01   9.9322706e+01   5.6364883e+01   1.2478782e+02   1.1280514e+02   1.0977249e+02   5.1623638e+01   4.2000000e+01   6.3600314e+01   1.3354400e+02   5.2239832e+01   4.0804412e+01   9.4260278e+01   9.3193347e+01   6.6098411e+01   7.9404030e+01   2.6925824e+01   9.4339811e+01   0.0000000e+00   1.2720063e+02   8.9022469e+01   6.8007353e+01   9.6938125e+01   1.1321661e+02   1.9026298e+01   1.2001667e+02   8.5726309e+01   6.0926185e+01   6.3953108e+01   1.3000000e+01   1.0987720e+02   8.8887569e+01   1.0300485e+02   7.9699435e+01   1.1280514e+02   5.5569776e+01   5.0477718e+01   1.1104053e+02   6.0074953e+01   8.0894994e+01   1.1343721e+02   1.1681181e+02   9.1482239e+01   8.3815273e+01   9.2021737e+01   5.2172790e+01   1.1677757e+02   1.5620499e+02   1.0955364e+02   5.4083269e+01   8.6925255e+01   9.8762341e+01   9.2195445e+00   1.0580170e+02   2.9832868e+01   7.9025312e+01   1.0456099e+02   5.7454330e+01   1.1166468e+02   7.1554175e+01   7.0035705e+01   1.2800391e+02   1.1905041e+02   5.6850682e+01   4.6690470e+01   1.0683164e+02   6.7446275e+01   9.1760558e+01   2.2561028e+01   1.3370116e+02   1.2300406e+02   9.6083297e+01   1.1101802e+02   7.2006944e+01   6.7911707e+01   4.6872167e+01   7.9000000e+01   7.0292247e+01
  9.8371744e+01   1.3227623e+02   1.1011358e+02   3.5014283e+01   1.0623088e+02   9.0005555e+01   7.3437048e+01   1.3206059e+02   4.8836462e+01   7.0384657e+01   1.1845674e+02   3.6013886e+01   7.4732858e+01   8.9089842e+01   3.0463092e+01   1.4623953e+02   1.2869343e+02   9.1197588e+01   5.6718604e+01   9.1181138e+01   1.2854960e+02   4.4102154e+01   5.6222771e+01   6.2968246e+01   9.6772930e+01   1.2845622e+02   1.0023971e+02   8.4172442e+01   2.2135944e+01   9.8270036e+01   1.0751744e+02   7.1028163e+01   3.1906112e+01   9.5189285e+01   8.6400231e+01   9.6690227e+01   3.4655447e+01   7.3925638e+01   4.8795492e+01   1.1975391e+02   6.9050706e+01   1.2720063e+02   0.0000000e+00   1.0084146e+02   5.9203040e+01   3.2572995e+01   3.9319207e+01   1.1772001e+02   1.1292475e+02   1.2714165e+02   1.2757743e+02   6.5069194e+01   1.1463420e+02   1.9416488e+01   7.6531039e+01   4.1593269e+01   5.8137767e+01   5.1623638e+01   7.2249567e+01   7.6837491e+01   1.0500476e+02   8.9470666e+01   9.0088845e+01   9.1389277e+01   1.4317821e+01   1.2756567e+02   7.7103826e+01   1.0127191e+02   9.4371606e+01   2.5079872e+01   4.4045431e+01   4.3657760e+01   7.3246160e+01   4.7413078e+01   7.7369245e+01   1.2690548e+02   6.3071388e+01   1.3738268e+02   1.0004499e+02   8.3168504e+01   7.6896034e+01   3.8118237e+01   5.8137767e+01   7.2006944e+01   1.0000000e+00   1.3060245e+02   7.3348483e+01   8.8090862e+01   2.0518285e+01   6.8796802e+01   7.0710678e+01   1.1985408e+02   7.0767224e+01   2.4698178e+01   7.2249567e+01   2.2561028e+01   5.5217751e+01   9.8792712e+01   8.7321246e+01   7.9404030e+01   6.1098281e+01
  4.2426407e+01   1.0407689e+02   1.4764823e+01   6.6098411e+01   1.3341664e+01   1.4425672e+02   2.7459060e+01   8.9358827e+01   5.6462377e+01   1.0683164e+02   1.9416488e+01   1.1225863e+02   1.0640489e+02   2.0248457e+01   7.2006944e+01   9.9824847e+01   1.0438870e+02   2.1023796e+01   1.1420158e+02   1.1871394e+02   4.9739320e+01   1.1250778e+02   1.1741380e+02   6.6468037e+01   1.1661904e+01   4.6043458e+01   3.7000000e+01   3.1144823e+01   9.9020200e+01   1.0867382e+02   4.7042534e+01   9.2314679e+01   8.4172442e+01   1.0647065e+02   7.2013888e+01   7.0710678e+00   8.4970583e+01   9.9488693e+01   8.1608823e+01   1.0511898e+02   3.2015621e+01   8.9022469e+01   1.0084146e+02   0.0000000e+00   7.2180330e+01   7.2732386e+01   1.1717082e+02   7.0064256e+01   3.1256999e+01   2.7892651e+01   4.2011903e+01   8.1394103e+01   8.4593144e+01   8.2764727e+01   2.4331050e+01   5.9304300e+01   9.8493655e+01   1.2553884e+02   7.6400262e+01   7.2945185e+01   2.2022716e+01   1.0875661e+02   1.3453624e+01   2.8017851e+01   1.0068764e+02   2.7018512e+01   2.4698178e+01   3.0000000e+00   3.9051248e+01   7.7058419e+01   1.0278619e+02   5.9033889e+01   7.3006849e+01   9.5441081e+01   2.5709920e+01   9.6083297e+01   1.2800391e+02   7.4330344e+01   1.0000000e+01   2.4698178e+01   4.8826222e+01   1.1493476e+02   8.4219950e+01   1.0206860e+02   1.0183320e+02   3.6878178e+01   5.6400355e+01   9.2179173e+01   8.9185201e+01   9.4921020e+01   3.0149627e+01   6.7364679e+01   5.9405387e+01   1.1479111e+02   1.2673200e+02   1.0124228e+02   7.1063352e+01   1.2296748e+02   9.1301698e+01   1.1768602e+02   5.5443665e+01
  4.7518417e+01   7.3661387e+01   8.6278618e+01   3.8897301e+01   8.3546394e+01   7.2249567e+01   5.1107729e+01   7.2945185e+01   2.7018512e+01   3.5227830e+01   9.1438504e+01   4.8000000e+01   3.5777088e+01   5.2801515e+01   5.1623638e+01   8.7091905e+01   7.0434367e+01   5.3254108e+01   4.2941821e+01   5.0960769e+01   7.8230429e+01   4.4721360e+01   4.6518813e+01   6.3245553e+00   7.5432089e+01   7.9762146e+01   9.3471921e+01   7.6157731e+01   4.2720019e+01   4.8166378e+01   5.5036352e+01   2.2803509e+01   6.9778220e+01   4.5099889e+01   2.7202941e+01   7.2249567e+01   2.5495098e+01   2.9732137e+01   1.3038405e+01   6.2769419e+01   5.2392748e+01   6.8007353e+01   5.9203040e+01   7.2180330e+01   0.0000000e+00   3.0528675e+01   5.2086467e+01   5.9808026e+01   9.8229324e+01   9.0354856e+01   8.0603970e+01   1.1180340e+01   5.5443665e+01   4.2520583e+01   5.3535035e+01   4.3416587e+01   2.6400758e+01   5.7008771e+01   1.3892444e+01   1.7691806e+01   8.8005682e+01   4.3289722e+01   5.8728187e+01   8.0950602e+01   4.9193496e+01   9.3295230e+01   5.0000000e+01   7.4249579e+01   4.5354162e+01   5.1884487e+01   9.1787799e+01   5.1351728e+01   1.4142136e+01   2.5709920e+01   6.1717096e+01   6.7896981e+01   5.6824291e+01   8.0777472e+01   6.5802736e+01   6.9771054e+01   2.6570661e+01   5.0039984e+01   1.2041595e+01   3.1304952e+01   6.0000000e+01   1.0889444e+02   1.9416488e+01   3.3241540e+01   3.8832976e+01   2.4166092e+01   5.1429563e+01   6.2641839e+01   8.4148678e+01   5.7489129e+01   5.4561891e+01   4.4271887e+01   4.4721360e+00   5.7070132e+01   3.2280025e+01   4.6647615e+01   1.7204651e+01
  6.5802736e+01   1.0385567e+02   8.4095184e+01   1.1704700e+01   8.0498447e+01   8.6162637e+01   4.5694639e+01   1.0141499e+02   1.7029386e+01   5.5145263e+01   9.1547802e+01   4.1231056e+01   5.8000000e+01   5.8309519e+01   2.2203603e+01   1.1562439e+02   1.0080179e+02   6.0133186e+01   5.0990195e+01   7.5026662e+01   9.6104110e+01   4.4045431e+01   5.2839379e+01   3.2557641e+01   7.1119618e+01   9.6176920e+01   8.1320354e+01   6.3655322e+01   2.6400758e+01   7.6655072e+01   7.4946648e+01   4.9030603e+01   3.9560081e+01   7.3498299e+01   5.6639209e+01   6.9856997e+01   1.6552945e+01   5.4332311e+01   2.5179357e+01   9.3295230e+01   4.3046487e+01   9.6938125e+01   3.2572995e+01   7.2732386e+01   3.0528675e+01   0.0000000e+00   4.6227697e+01   8.5982556e+01   9.0801982e+01   9.7324200e+01   9.5524866e+01   3.9560081e+01   8.4864598e+01   1.3416408e+01   4.8846699e+01   1.9723083e+01   4.2296572e+01   5.6586217e+01   4.4418465e+01   4.7801674e+01   8.1541401e+01   6.9871310e+01   6.0638272e+01   7.0178344e+01   2.8284271e+01   9.8488578e+01   4.8083261e+01   7.3736016e+01   6.1846584e+01   2.1540659e+01   6.1294372e+01   2.6925824e+01   4.4407207e+01   3.3241540e+01   5.2697249e+01   9.7744565e+01   6.2968246e+01   1.0509519e+02   7.0213959e+01   6.0000000e+01   4.4384682e+01   4.4045431e+01   3.4713110e+01   5.4037024e+01   3.3526109e+01   1.0606602e+02   4.1340053e+01   6.3158531e+01   1.6492423e+01   4.8373546e+01   4.3829214e+01   8.7817994e+01   6.1684682e+01   4.2059482e+01   6.6850580e+01   2.8635642e+01   2.6076810e+01   8.2152298e+01   6.2241465e+01   6.6483081e+01   2.8635642e+01
  9.9503769e+01   1.1360018e+02   1.2949517e+02   5.6568542e+01   1.2605158e+02   5.1156622e+01   9.1065910e+01   1.1890332e+02   6.0901560e+01   4.1231056e+01   1.3641847e+02   5.0000000e+00   4.6227697e+01   1.0030454e+02   6.0745370e+01   1.3225732e+02   1.0917875e+02   1.0151355e+02   2.2022716e+01   5.9665736e+01   1.3031117e+02   9.4339811e+00   1.9723083e+01   5.8215118e+01   1.1681181e+02   1.3174597e+02   1.2734991e+02   1.0978616e+02   2.1633308e+01   7.1840100e+01   1.0711676e+02   4.9769469e+01   6.9570109e+01   6.9202601e+01   7.5133215e+01   1.1510430e+02   3.2202484e+01   4.8877398e+01   3.9204592e+01   9.8270036e+01   8.9050547e+01   1.1321661e+02   3.9319207e+01   1.1717082e+02   5.2086467e+01   4.6227697e+01   0.0000000e+00   1.0948973e+02   1.3700365e+02   1.3945967e+02   1.3237069e+02   5.0635956e+01   1.0024470e+02   4.2438190e+01   9.4154129e+01   6.5053824e+01   3.3615473e+01   1.2369317e+01   5.9682493e+01   6.5620119e+01   1.2764012e+02   6.1717096e+01   1.0427847e+02   1.1638728e+02   2.6248809e+01   1.4150972e+02   9.2590496e+01   1.1853270e+02   9.7015463e+01   5.6435804e+01   8.3294658e+01   7.0936591e+01   6.2393910e+01   2.7166155e+01   9.8812955e+01   1.1016805e+02   2.4083189e+01   1.3124024e+02   1.1308846e+02   1.0621205e+02   7.7929455e+01   2.2360680e+00   4.3289722e+01   4.5486262e+01   3.9204592e+01   1.5179262e+02   7.1344236e+01   6.7542579e+01   3.2015621e+01   4.6097722e+01   8.9587946e+01   1.1300000e+02   1.0400961e+02   1.6492423e+01   3.4785054e+01   1.9723083e+01   5.0487622e+01   6.7007462e+01   6.7119297e+01   4.6400431e+01   6.4288413e+01
  2.9410882e+01   3.4713110e+01   8.3096330e+01   8.9375612e+01   8.3000000e+01   1.0911004e+02   7.1589105e+01   1.9646883e+01   7.3000000e+01   7.6419893e+01   8.2036577e+01   1.0609901e+02   7.2835431e+01   5.4817880e+01   1.0191173e+02   3.2249031e+01   3.6055513e+01   5.2392748e+01   9.4005319e+01   7.5392307e+01   3.4828150e+01   1.0084146e+02   9.8005102e+01   5.5036352e+01   8.0504658e+01   3.9408121e+01   1.0606602e+02   9.4641429e+01   1.0252804e+02   5.8591808e+01   2.3021729e+01   6.2008064e+01   1.2021647e+02   5.8180753e+01   3.4365681e+01   7.5425460e+01   8.5234969e+01   6.6370174e+01   7.2422372e+01   4.0804412e+01   7.7369245e+01   1.9026298e+01   1.1772001e+02   7.0064256e+01   5.9808026e+01   8.5982556e+01   1.0948973e+02   0.0000000e+00   1.0100495e+02   6.7416615e+01   4.3566042e+01   5.8855756e+01   1.9104973e+01   9.9322706e+01   7.1309186e+01   8.9106678e+01   7.7162167e+01   1.1116204e+02   4.9819675e+01   4.3931765e+01   9.2086915e+01   6.4845971e+01   6.2369865e+01   9.4921020e+01   1.0885311e+02   7.3054774e+01   6.6309879e+01   7.3061618e+01   3.4176015e+01   1.0435037e+02   1.4283557e+02   9.5015788e+01   4.7296934e+01   8.2377181e+01   8.0993827e+01   2.6925824e+01   1.0616968e+02   2.2000000e+01   6.0074953e+01   8.6400231e+01   4.3139309e+01   1.0768937e+02   6.6287254e+01   7.0349129e+01   1.1859595e+02   1.0022475e+02   4.4654227e+01   4.8270074e+01   9.7943861e+01   6.6007575e+01   7.4686009e+01   5.0000000e+00   1.1673046e+02   1.1704700e+02   9.8152942e+01   1.0406248e+02   6.3158531e+01   7.5591005e+01   4.8052055e+01   8.2225300e+01   5.7801384e+01
  7.3681748e+01   1.3523683e+02   1.8248288e+01   8.1301906e+01   1.8027756e+01   1.7023807e+02   4.7507894e+01   1.2006665e+02   7.7103826e+01   1.3345411e+02   2.3323808e+01   1.3200379e+02   1.3368994e+02   5.0289164e+01   8.2462113e+01   1.2986916e+02   1.3562448e+02   5.1662365e+01   1.3793114e+02   1.4724809e+02   7.6922038e+01   1.3395895e+02   1.4071603e+02   9.3193347e+01   2.3259407e+01   7.2422372e+01   1.6492423e+01   2.8792360e+01   1.1676472e+02   1.3853880e+02   7.8025637e+01   1.1988745e+02   8.8645361e+01   1.3616534e+02   1.0218121e+02   2.7513633e+01   1.0564563e+02   1.2709445e+02   1.0555094e+02   1.3631214e+02   4.8166378e+01   1.2001667e+02   1.1292475e+02   3.1256999e+01   9.8229324e+01   9.0801982e+01   1.3700365e+02   1.0100495e+02   0.0000000e+00   4.4418465e+01   6.7675697e+01   1.0845275e+02   1.1584904e+02   9.7616597e+01   4.4821870e+01   7.3061618e+01   1.2369317e+02   1.4686388e+02   1.0470912e+02   1.0198039e+02   1.0295630e+01   1.3774251e+02   4.2379240e+01   2.1540659e+01   1.1646888e+02   3.9408121e+01   4.8259714e+01   2.8284271e+01   7.0213959e+01   8.7846457e+01   1.0200000e+02   6.9354164e+01   1.0153325e+02   1.1882761e+02   3.8288379e+01   1.2725172e+02   1.5132085e+02   1.0316007e+02   4.1194660e+01   3.0805844e+01   7.7878110e+01   1.3480727e+02   1.1000000e+02   1.2924782e+02   1.1384639e+02   2.0223748e+01   8.4970583e+01   1.2185237e+02   1.0623088e+02   1.2203688e+02   4.8083261e+01   9.8045908e+01   5.2153619e+01   1.3136971e+02   1.5185519e+02   1.1898319e+02   9.6213305e+01   1.5205262e+02   1.2093387e+02   1.4477914e+02   8.1024688e+01
  4.8104054e+01   1.0183320e+02   2.8284271e+01   9.2135769e+01   3.1240999e+01   1.6000000e+02   5.4037024e+01   8.4172442e+01   8.0411442e+01   1.2264175e+02   2.1095023e+01   1.3471451e+02   1.2121056e+02   3.9293765e+01   9.9181652e+01   9.1350972e+01   1.0346497e+02   3.7947332e+01   1.3329666e+02   1.3083195e+02   3.6055513e+01   1.3370116e+02   1.3685028e+02   8.4118963e+01   3.7121422e+01   3.1016125e+01   5.7314920e+01   5.7306195e+01   1.2300000e+02   1.1779643e+02   4.7169906e+01   1.0720075e+02   1.1198661e+02   1.1618089e+02   8.2024387e+01   3.4176015e+01   1.0756393e+02   1.1401754e+02   1.0163661e+02   1.0733126e+02   5.9304300e+01   8.5726309e+01   1.2714165e+02   2.7892651e+01   9.0354856e+01   9.7324200e+01   1.3945967e+02   6.7416615e+01   4.4418465e+01   0.0000000e+00   2.6019224e+01   9.7637083e+01   8.5428333e+01   1.0846197e+02   5.1088159e+01   8.6005814e+01   1.1646888e+02   1.4654010e+02   9.0801982e+01   8.6052310e+01   4.0311289e+01   1.2020815e+02   3.7054015e+01   5.2430907e+01   1.2560255e+02   6.0000000e+00   5.0039984e+01   2.8792360e+01   4.7507894e+01   1.0407689e+02   1.3064838e+02   8.6469648e+01   8.7200917e+01   1.1545129e+02   5.3600373e+01   9.4244363e+01   1.4717676e+02   6.3031738e+01   2.7166155e+01   5.2000000e+01   6.4140471e+01   1.3724431e+02   1.0208330e+02   1.1720068e+02   1.2814055e+02   3.5128336e+01   7.1867934e+01   1.0255243e+02   1.1377170e+02   1.1043550e+02   5.7140179e+01   6.3245553e+01   8.5959293e+01   1.3905754e+02   1.4396180e+02   1.2517188e+02   9.0376988e+01   1.3373481e+02   1.0183320e+02   1.3243867e+02   7.5392307e+01
  3.3241540e+01   7.7077883e+01   4.9769469e+01   9.3391648e+01   5.1429563e+01   1.4501379e+02   5.9941638e+01   5.8821765e+01   7.8771822e+01   1.0874741e+02   4.5122057e+01   1.2800391e+02   1.0643778e+02   4.0311289e+01   1.0309219e+02   6.5375837e+01   7.9158070e+01   3.7696154e+01   1.2241323e+02   1.1346365e+02   1.0049876e+01   1.2531959e+02   1.2624183e+02   7.4330344e+01   5.3600373e+01   5.0000000e+00   7.7897368e+01   7.2917762e+01   1.1900420e+02   9.8595132e+01   2.7784888e+01   9.3107465e+01   1.1870131e+02   9.7452553e+01   6.5368188e+01   4.9040799e+01   1.0212248e+02   9.9282425e+01   9.3214806e+01   8.4314886e+01   6.6241981e+01   6.0926185e+01   1.2757743e+02   4.2011903e+01   8.0603970e+01   9.5524866e+01   1.3237069e+02   4.3566042e+01   6.7675697e+01   2.6019224e+01   0.0000000e+00   8.5381497e+01   6.2425956e+01   1.0818965e+02   5.7801384e+01   8.9185201e+01   1.0499524e+02   1.3753909e+02   7.7252832e+01   7.1693793e+01   6.1269895e+01   1.0264989e+02   4.3266615e+01   7.0000000e+01   1.2314625e+02   3.2015621e+01   5.4561891e+01   4.4407207e+01   3.5355339e+01   1.0728001e+02   1.3954211e+02   9.1923882e+01   7.3736016e+01   1.0630146e+02   6.4202804e+01   6.9778220e+01   1.3597794e+02   3.7013511e+01   3.4713110e+01   6.5764732e+01   5.4451814e+01   1.3024976e+02   9.1214034e+01   1.0288343e+02   1.2856516e+02   6.1032778e+01   6.1188234e+01   8.4876381e+01   1.1116204e+02   9.6772930e+01   6.3529521e+01   3.8948684e+01   1.0049876e+02   1.3503333e+02   1.3078226e+02   1.2101653e+02   8.1884064e+01   1.1525624e+02   8.4314886e+01   1.1723907e+02   6.9028979e+01
  5.2201533e+01   6.7357256e+01   9.5775780e+01   4.9030603e+01   9.3236259e+01   6.2968246e+01   6.1717096e+01   6.9354164e+01   3.8118237e+01   2.5455844e+01   1.0040916e+02   4.7296934e+01   2.5238859e+01   6.1522354e+01   6.1400326e+01   8.3186537e+01   6.3655322e+01   6.1619802e+01   3.7107951e+01   3.9849718e+01   8.1786307e+01   4.2107007e+01   4.1000000e+01   1.5264338e+01   8.5445889e+01   8.3934498e+01   1.0427847e+02   8.7091905e+01   4.6043458e+01   3.7483330e+01   5.8463664e+01   1.1704700e+01   7.9120162e+01   3.4365681e+01   2.4515301e+01   8.2006097e+01   3.0413813e+01   1.8788294e+01   1.6278821e+01   5.4817880e+01   6.3324561e+01   6.3953108e+01   6.5069194e+01   8.1394103e+01   1.1180340e+01   3.9560081e+01   5.0635956e+01   5.8855756e+01   1.0845275e+02   9.7637083e+01   8.5381497e+01   0.0000000e+00   5.1000000e+01   5.0249378e+01   6.4007812e+01   5.4147945e+01   1.9646883e+01   5.3150729e+01   9.0553851e+00   1.5033296e+01   9.8183502e+01   3.2140317e+01   6.8014704e+01   9.1706052e+01   5.3413481e+01   1.0101980e+02   6.0207973e+01   8.3630138e+01   5.0990195e+01   6.1098281e+01   1.0064790e+02   6.2128898e+01   1.2041595e+01   2.3537205e+01   7.2498276e+01   6.2425956e+01   5.0596443e+01   8.0622577e+01   7.4330344e+01   8.0529498e+01   3.3600595e+01   4.8836462e+01   7.6157731e+00   2.0808652e+01   6.5764732e+01   1.1825819e+02   2.5806976e+01   2.3706539e+01   4.4598206e+01   1.3601471e+01   6.2241465e+01   6.2393910e+01   9.5257546e+01   5.9093147e+01   4.6324939e+01   4.7169906e+01   1.5000000e+01   4.5891176e+01   2.2825424e+01   3.6400549e+01   2.7730849e+01
  4.2190046e+01   2.0880613e+01   9.8478424e+01   9.0603532e+01   9.7867257e+01   9.2962358e+01   8.0808415e+01   1.8681542e+01   7.4886581e+01   6.3285069e+01   9.8493655e+01   9.7498718e+01   5.9076222e+01   6.7007462e+01   1.0360019e+02   3.2202484e+01   2.0024984e+01   6.5007692e+01   8.2377181e+01   5.8694122e+01   5.3907328e+01   9.1093359e+01   8.6313383e+01   5.2325902e+01   9.4085068e+01   5.8412327e+01   1.1901681e+02   1.0580170e+02   9.6896852e+01   4.1109610e+01   3.8897301e+01   5.0695167e+01   1.2220065e+02   4.1231056e+01   2.8319605e+01   8.9140339e+01   8.0448741e+01   5.3460266e+01   6.6573268e+01   2.1954498e+01   8.5866175e+01   1.3000000e+01   1.1463420e+02   8.4593144e+01   5.5443665e+01   8.4864598e+01   1.0024470e+02   1.9104973e+01   1.1584904e+02   8.5428333e+01   6.2425956e+01   5.1000000e+01   0.0000000e+00   9.7621719e+01   8.1215762e+01   9.2114060e+01   6.6760767e+01   1.0002000e+02   4.2720019e+01   3.7802116e+01   1.0638139e+02   4.8662100e+01   7.5000000e+01   1.0716809e+02   1.0400961e+02   9.0873539e+01   7.6118329e+01   8.7572827e+01   4.6010868e+01   1.0511898e+02   1.4480677e+02   9.8979796e+01   4.1400483e+01   7.3925638e+01   9.1241438e+01   1.3416408e+01   9.3343452e+01   3.7696154e+01   7.4672619e+01   9.7621719e+01   4.7539457e+01   9.8681305e+01   5.8591808e+01   5.7428216e+01   1.1542097e+02   1.1704700e+02   4.5793013e+01   3.4132096e+01   9.4201911e+01   5.4571055e+01   8.3432608e+01   2.4041631e+01   1.2491997e+02   1.1002272e+02   8.4005952e+01   9.8112181e+01   5.9548300e+01   5.7939624e+01   3.4234486e+01   6.7186308e+01   5.9076222e+01
  7.9056942e+01   1.1618089e+02   9.2973114e+01   1.6763055e+01   8.9196412e+01   8.8294960e+01   5.5317267e+01   1.1447707e+02   2.9427878e+01   6.1522354e+01   1.0096039e+02   3.7735925e+01   6.5115282e+01   7.0000000e+01   1.8357560e+01   1.2868955e+02   1.1292918e+02   7.2027772e+01   5.2952809e+01   8.2200973e+01   1.0914211e+02   4.3081318e+01   5.3851648e+01   4.5343136e+01   7.9711982e+01   1.0904128e+02   8.6400231e+01   6.9339743e+01   2.0808652e+01   8.6162637e+01   8.8255311e+01   5.8309519e+01   3.1064449e+01   8.3006024e+01   6.9310894e+01   7.9120162e+01   2.1587033e+01   6.2641839e+01   3.4438351e+01   1.0486181e+02   5.1546096e+01   1.0987720e+02   1.9416488e+01   8.2764727e+01   4.2520583e+01   1.3416408e+01   4.2438190e+01   9.9322706e+01   9.7616597e+01   1.0846197e+02   1.0818965e+02   5.0249378e+01   9.7621719e+01   0.0000000e+00   5.8463664e+01   2.4596748e+01   4.8507731e+01   5.4203321e+01   5.6222771e+01   6.0141500e+01   8.9000000e+01   7.8447435e+01   7.1449283e+01   7.6321688e+01   1.8867962e+01   1.0917875e+02   5.8549125e+01   8.3432608e+01   7.5000000e+01   1.4560220e+01   5.0921508e+01   2.9068884e+01   5.6639209e+01   3.8118237e+01   6.0539243e+01   1.1031772e+02   6.2968246e+01   1.1851160e+02   8.1301906e+01   6.7082039e+01   5.7775427e+01   4.0496913e+01   4.4283180e+01   6.1611687e+01   2.0396078e+01   1.1423660e+02   5.4708317e+01   7.3925638e+01   1.0770330e+01   5.6920998e+01   5.2886671e+01   1.0121265e+02   6.1587336e+01   3.3837849e+01   6.9231496e+01   2.2803509e+01   3.8209946e+01   8.9627005e+01   7.3061618e+01   7.2111026e+01   4.2047592e+01
  4.2047592e+01   1.0198039e+02   3.5355339e+01   4.1773197e+01   3.1906112e+01   1.2541930e+02   3.1622777e+00   9.0824006e+01   3.3286634e+01   8.8752465e+01   4.2720019e+01   8.9185201e+01   8.9185201e+01   1.8384776e+01   4.8093659e+01   1.0336827e+02   1.0111874e+02   2.1213203e+01   9.3348808e+01   1.0336827e+02   6.2625873e+01   9.0210864e+01   9.6260064e+01   4.8764741e+01   2.2803509e+01   6.0464866e+01   4.0804412e+01   2.5019992e+01   7.5239617e+01   9.6301610e+01   5.0249378e+01   7.5591005e+01   6.1684682e+01   9.3680307e+01   6.1400326e+01   2.1023796e+01   6.2128898e+01   8.2764727e+01   6.0827625e+01   9.9045444e+01   8.5440037e+00   8.8887569e+01   7.6531039e+01   2.4331050e+01   5.3535035e+01   4.8846699e+01   9.4154129e+01   7.1309186e+01   4.4821870e+01   5.1088159e+01   5.7801384e+01   6.4007812e+01   8.1215762e+01   5.8463664e+01   0.0000000e+00   3.5057096e+01   7.8873316e+01   1.0322790e+02   6.1098281e+01   5.9203040e+01   3.4713110e+01   9.4339811e+01   1.4866069e+01   2.8160256e+01   7.6537572e+01   5.1088159e+01   5.0990195e+00   2.5000000e+01   3.7161808e+01   5.3009433e+01   8.1859636e+01   3.5510562e+01   5.8189346e+01   7.4276510e+01   1.0049876e+01   9.4148818e+01   1.0688779e+02   8.2200973e+01   2.4738634e+01   1.7262677e+01   3.6221541e+01   9.1923882e+01   6.5215029e+01   8.4723078e+01   7.7524190e+01   5.7688820e+01   4.2201896e+01   7.9555012e+01   6.5192024e+01   7.7524190e+01   6.0827625e+00   7.0213959e+01   4.5793013e+01   9.0824006e+01   1.0705606e+02   7.7472576e+01   5.1400389e+01   1.0863241e+02   7.8587531e+01   1.0016986e+02   3.6359318e+01
  6.4070274e+01   1.1237882e+02   6.8680419e+01   8.4852814e+00   6.4845971e+01   1.0570241e+02   3.2015621e+01   1.0666771e+02   1.7464249e+01   7.3348483e+01   7.6902536e+01   6.0108236e+01   7.5663730e+01   4.9244289e+01   1.3928388e+01   1.2061509e+02   1.1001818e+02   5.1662365e+01   7.0661163e+01   9.2347171e+01   9.1787799e+01   6.3600314e+01   7.2560320e+01   4.2720019e+01   5.5362442e+01   9.0824006e+01   6.2369865e+01   4.5000000e+01   4.4045431e+01   9.1547802e+01   7.3498299e+01   6.5000000e+01   3.1240999e+01   8.8459030e+01   6.5306967e+01   5.5108983e+01   3.6235342e+01   7.1112587e+01   4.2579338e+01   1.0417773e+02   2.7459060e+01   1.0300485e+02   4.1593269e+01   5.9304300e+01   4.3416587e+01   1.9723083e+01   6.5053824e+01   8.9106678e+01   7.3061618e+01   8.6005814e+01   8.9185201e+01   5.4147945e+01   9.2114060e+01   2.4596748e+01   3.5057096e+01   0.0000000e+00   6.0876925e+01   7.5927597e+01   5.6515485e+01   5.8189346e+01   6.4404969e+01   8.6005814e+01   4.9091751e+01   5.1865210e+01   4.3416587e+01   8.6145226e+01   3.6124784e+01   5.9682493e+01   5.9363288e+01   1.8248288e+01   5.3758720e+01   8.0000000e+00   5.5362442e+01   5.2554733e+01   3.6055513e+01   1.0547512e+02   8.2680106e+01   1.0560303e+02   5.9135438e+01   4.2485292e+01   4.6010868e+01   6.2936476e+01   5.1088159e+01   7.1449283e+01   4.2579338e+01   8.9693924e+01   4.6324939e+01   7.6485293e+01   3.3421550e+01   6.5122961e+01   2.9154759e+01   8.9872131e+01   4.2449971e+01   5.8309519e+01   8.6406018e+01   4.6227697e+01   3.9204592e+01   9.9126182e+01   7.5504967e+01   8.4929382e+01   3.3120990e+01
  7.1784399e+01   8.0131143e+01   1.1244999e+02   5.3758720e+01   1.0960383e+02   4.6615448e+01   7.6216796e+01   8.5440037e+01   4.8301139e+01   1.3038405e+01   1.1779643e+02   3.1384710e+01   1.6763055e+01   7.9202273e+01   6.4031242e+01   9.8681305e+01   7.5802375e+01   7.9630396e+01   1.7464249e+01   3.3734256e+01   1.0141499e+02   2.4351591e+01   2.1377558e+01   3.2449961e+01   1.0123734e+02   1.0358089e+02   1.1766053e+02   9.9984999e+01   3.6359318e+01   4.0607881e+01   7.8102497e+01   1.6155494e+01   7.9511006e+01   3.7643060e+01   4.3000000e+01   9.8290386e+01   2.7073973e+01   1.6278821e+01   1.8788294e+01   6.5215029e+01   7.6550637e+01   7.9699435e+01   5.8137767e+01   9.8493655e+01   2.6400758e+01   4.2296572e+01   3.3615473e+01   7.7162167e+01   1.2369317e+02   1.1646888e+02   1.0499524e+02   1.9646883e+01   6.6760767e+01   4.8507731e+01   7.8873316e+01   6.0876925e+01   0.0000000e+00   3.4014703e+01   2.8284271e+01   3.4234486e+01   1.1356936e+02   3.1384710e+01   8.5041167e+01   1.0539450e+02   4.4418465e+01   1.1957006e+02   7.5742986e+01   1.0049876e+02   7.0384657e+01   6.2072538e+01   9.8954535e+01   6.8658576e+01   3.1575307e+01   1.0770330e+01   8.6267027e+01   7.6557168e+01   3.1016125e+01   9.9126182e+01   9.2200868e+01   9.4302704e+01   5.2354560e+01   3.2202484e+01   1.4422205e+01   1.3892444e+01   5.8591808e+01   1.3510366e+02   4.4721360e+01   3.4000000e+01   3.9560081e+01   1.2529964e+01   7.6026311e+01   8.1024688e+01   1.0332473e+02   4.5453273e+01   2.8284271e+01   3.6619667e+01   2.7586228e+01   4.1231056e+01   3.3541020e+01   2.4186773e+01   4.3139309e+01
  1.0434558e+02   1.1142711e+02   1.3839798e+02   6.7475922e+01   1.3509256e+02   3.9623226e+01   1.0020978e+02   1.1866339e+02   7.0000000e+01   3.7696154e+01   1.4491722e+02   1.6552945e+01   4.2544095e+01   1.0778683e+02   7.2560320e+01   1.3147243e+02   1.0677547e+02   1.0874741e+02   1.7720045e+01   5.3263496e+01   1.3464769e+02   1.3038405e+01   1.3928388e+01   6.3324561e+01   1.2601587e+02   1.3649908e+02   1.3790214e+02   1.2020815e+02   3.3541020e+01   6.7601775e+01   1.1130588e+02   4.9497475e+01   8.1908486e+01   6.5299311e+01   7.7006493e+01   1.2397580e+02   4.1231056e+01   4.6840154e+01   4.4944410e+01   9.5341491e+01   9.8716767e+01   1.1280514e+02   5.1623638e+01   1.2553884e+02   5.7008771e+01   5.6586217e+01   1.2369317e+01   1.1116204e+02   1.4686388e+02   1.4654010e+02   1.3753909e+02   5.3150729e+01   1.0002000e+02   5.4203321e+01   1.0322790e+02   7.5927597e+01   3.4014703e+01   0.0000000e+00   6.2072538e+01   6.8066144e+01   1.3727709e+02   5.7306195e+01   1.1237882e+02   1.2662148e+02   3.8600518e+01   1.4897651e+02   1.0124228e+02   1.2709445e+02   1.0235722e+02   6.8425142e+01   9.5524866e+01   8.2200973e+01   6.5192024e+01   3.1320920e+01   1.0857716e+02   1.0881176e+02   1.3000000e+01   1.3313527e+02   1.2074767e+02   1.1618089e+02   8.3522452e+01   1.3928388e+01   4.6529560e+01   4.3011626e+01   5.1478151e+01   1.6089748e+02   7.6400262e+01   6.6219333e+01   4.3566042e+01   4.5541190e+01   9.9020200e+01   1.1503912e+02   1.1576269e+02   2.8017851e+01   2.5238859e+01   3.1780497e+01   5.6302753e+01   6.0141500e+01   6.5969690e+01   3.9824616e+01   7.1175839e+01
  4.4283180e+01   6.0108236e+01   9.1021975e+01   5.2554733e+01   8.8752465e+01   6.9202601e+01   5.9135438e+01   6.0827625e+01   3.9458839e+01   3.1906112e+01   9.5015788e+01   5.6293872e+01   3.0479501e+01   5.6222771e+01   6.5391131e+01   7.4793048e+01   5.6727418e+01   5.5973208e+01   4.5705580e+01   4.2544095e+01   7.3246160e+01   5.1156622e+01   4.9648766e+01   1.4035669e+01   8.1492331e+01   7.5584390e+01   1.0184302e+02   8.5164547e+01   5.4203321e+01   3.6124784e+01   5.0000000e+01   1.6401219e+01   8.3630138e+01   3.3241540e+01   1.5524175e+01   7.7698134e+01   3.7802116e+01   2.3345235e+01   2.3853721e+01   4.8877398e+01   6.1611687e+01   5.5569776e+01   7.2249567e+01   7.6400262e+01   1.3892444e+01   4.4418465e+01   5.9682493e+01   4.9819675e+01   1.0470912e+02   9.0801982e+01   7.7252832e+01   9.0553851e+00   4.2720019e+01   5.6222771e+01   6.1098281e+01   5.6515485e+01   2.8284271e+01   6.2072538e+01   0.0000000e+00   6.0000000e+00   9.4413982e+01   3.3241540e+01   6.3245553e+01   8.9196412e+01   6.1294372e+01   9.4493386e+01   5.6859476e+01   7.8816242e+01   4.3566042e+01   6.5764732e+01   1.0567876e+02   6.4327288e+01   3.6055513e+00   3.2557641e+01   7.0213959e+01   5.4671748e+01   5.8940648e+01   7.1568149e+01   6.8680419e+01   7.8108898e+01   2.7658633e+01   5.7870545e+01   1.6492423e+01   2.6400758e+01   7.3000000e+01   1.1322985e+02   2.0000000e+01   2.0099751e+01   5.1739733e+01   1.9723083e+01   6.0166436e+01   5.3338541e+01   9.6020831e+01   6.7779053e+01   5.3665631e+01   5.5470713e+01   1.8357560e+01   4.7539457e+01   1.9104973e+01   4.1773197e+01   2.6172505e+01
  3.8948684e+01   5.6080300e+01   8.7664132e+01   5.5009090e+01   8.5586214e+01   7.4060786e+01   5.7489129e+01   5.5569776e+01   4.0804412e+01   3.7121422e+01   9.1214034e+01   6.2169124e+01   3.5227830e+01   5.2697249e+01   6.8000000e+01   6.9641941e+01   5.3009433e+01   5.2201533e+01   5.1623638e+01   4.5803930e+01   6.7446275e+01   5.7140179e+01   5.5578773e+01   1.5652476e+01   7.8721026e+01   6.9892775e+01   1.0000000e+02   8.3743656e+01   5.9481089e+01   3.7107951e+01   4.4271887e+01   2.1470911e+01   8.6452299e+01   3.4481879e+01   9.8488578e+00   7.4706091e+01   4.2720019e+01   2.8017851e+01   2.9068884e+01   4.6097722e+01   6.0530984e+01   5.0477718e+01   7.6837491e+01   7.2945185e+01   1.7691806e+01   4.7801674e+01   6.5620119e+01   4.3931765e+01   1.0198039e+02   8.6052310e+01   7.1693793e+01   1.5033296e+01   3.7802116e+01   6.0141500e+01   5.9203040e+01   5.8189346e+01   3.4234486e+01   6.8066144e+01   6.0000000e+00   0.0000000e+00   9.1706052e+01   3.5846897e+01   6.0033324e+01   8.7361319e+01   6.6370174e+01   8.9938868e+01   5.4708317e+01   7.5471849e+01   3.8600518e+01   6.8796802e+01   1.0875661e+02   6.5802736e+01   3.6055513e+00   3.8470768e+01   6.8658576e+01   5.0209561e+01   6.4761099e+01   6.5620119e+01   6.4815122e+01   7.6400262e+01   2.4186773e+01   6.3788714e+01   2.2360680e+01   3.1384710e+01   7.7620873e+01   1.0962208e+02   1.7088007e+01   2.0396078e+01   5.6400355e+01   2.5079872e+01   5.8855756e+01   4.7381431e+01   9.6332757e+01   7.3389373e+01   5.9093147e+01   6.0835845e+01   2.1931712e+01   5.0119856e+01   1.9416488e+01   4.6400431e+01   2.6172505e+01
  6.4195015e+01   1.2603571e+02   1.2041595e+01   7.2470684e+01   9.8488578e+00   1.6007811e+02   3.7483330e+01   1.1136427e+02   6.7357256e+01   1.2322337e+02   2.0248457e+01   1.2264175e+02   1.2342204e+02   4.0261644e+01   7.4632433e+01   1.2165525e+02   1.2625371e+02   4.1773197e+01   1.2798828e+02   1.3695255e+02   7.0007142e+01   1.2432618e+02   1.3083195e+02   8.2927679e+01   1.3000000e+01   6.5795137e+01   1.7029386e+01   2.2022716e+01   1.0770330e+02   1.2831602e+02   6.9065187e+01   1.0960383e+02   8.2389320e+01   1.2592458e+02   9.2027170e+01   1.7464249e+01   9.6046864e+01   1.1681181e+02   9.5524866e+01   1.2658989e+02   3.8600518e+01   1.1104053e+02   1.0500476e+02   2.2022716e+01   8.8005682e+01   8.1541401e+01   1.2764012e+02   9.2086915e+01   1.0295630e+01   4.0311289e+01   6.1269895e+01   9.8183502e+01   1.0638139e+02   8.9000000e+01   3.4713110e+01   6.4404969e+01   1.1356936e+02   1.3727709e+02   9.4413982e+01   9.1706052e+01   0.0000000e+00   1.2745587e+02   3.2280025e+01   1.5033296e+01   1.0778219e+02   3.6235342e+01   3.8013156e+01   1.9026298e+01   6.0530984e+01   8.0006250e+01   9.7416631e+01   6.1351447e+01   9.1241438e+01   1.0889444e+02   2.8844410e+01   1.1803813e+02   1.4144964e+02   9.5603347e+01   3.2015621e+01   2.1931712e+01   6.7623960e+01   1.2543126e+02   9.9809819e+01   1.1898319e+02   1.0594810e+02   2.5709920e+01   7.4686009e+01   1.1161541e+02   9.7247108e+01   1.1177209e+02   3.8288379e+01   8.9358827e+01   4.8764741e+01   1.2258874e+02   1.4176742e+02   1.0993180e+02   8.6052310e+01   1.4176742e+02   1.1069327e+02   1.3452509e+02   7.0802542e+01
  7.2138755e+01   5.5317267e+01   1.2349089e+02   8.0305666e+01   1.2143311e+02   4.4384682e+01   9.2357999e+01   6.6068147e+01   7.0256672e+01   2.0518285e+01   1.2682665e+02   6.0811183e+01   1.5556349e+01   8.8509886e+01   9.2070625e+01   7.7233412e+01   5.0447993e+01   8.7920419e+01   4.0224371e+01   1.0816654e+01   9.6384646e+01   5.2402290e+01   4.3566042e+01   4.6324939e+01   1.1449017e+02   9.9859902e+01   1.3507405e+02   1.1829624e+02   6.7742158e+01   1.0295630e+01   7.5000000e+01   2.1023796e+01   1.0890822e+02   8.2462113e+00   3.8183766e+01   1.1053506e+02   5.6920998e+01   1.5811388e+01   4.4721360e+01   3.8600518e+01   9.4641429e+01   6.0074953e+01   8.9470666e+01   1.0875661e+02   4.3289722e+01   6.9871310e+01   6.1717096e+01   6.4845971e+01   1.3774251e+02   1.2020815e+02   1.0264989e+02   3.2140317e+01   4.8662100e+01   7.8447435e+01   9.4339811e+01   8.6005814e+01   3.1384710e+01   5.7306195e+01   3.3241540e+01   3.5846897e+01   1.2745587e+02   0.0000000e+00   9.5880134e+01   1.2242957e+02   7.5802375e+01   1.2452309e+02   9.0077744e+01   1.1130588e+02   7.2917762e+01   9.1005494e+01   1.2934064e+02   9.4005319e+01   3.6249138e+01   4.2059482e+01   1.0340696e+02   5.4147945e+01   4.7759816e+01   8.5866175e+01   1.0043904e+02   1.1132834e+02   6.0033324e+01   6.0876925e+01   3.5227830e+01   1.7492856e+01   8.9944427e+01   1.4534098e+02   5.2773099e+01   1.7804494e+01   7.0384657e+01   2.1587033e+01   9.3300589e+01   6.9641941e+01   1.2739309e+02   7.5742986e+01   3.6674242e+01   6.7955868e+01   4.7095647e+01   1.4317821e+01   1.8439089e+01   1.9235384e+01   5.8940648e+01
  3.3241540e+01   9.5189285e+01   2.7802878e+01   5.5081757e+01   2.5553865e+01   1.3083195e+02   1.7464249e+01   8.2000000e+01   4.3965896e+01   9.3434469e+01   3.2802439e+01   9.9403219e+01   9.3085982e+01   8.0622577e+00   6.2513998e+01   9.3605555e+01   9.5005263e+01   1.0049876e+01   1.0080179e+02   1.0568822e+02   4.8795492e+01   9.9362971e+01   1.0404326e+02   5.3037722e+01   1.9416488e+01   4.6227697e+01   4.4045431e+01   3.2695565e+01   8.6683332e+01   9.6254870e+01   3.9849718e+01   7.9025312e+01   7.6537572e+01   9.3941471e+01   5.9808026e+01   1.4866069e+01   7.2090221e+01   8.6214848e+01   6.8242216e+01   9.4641429e+01   2.3409400e+01   8.0894994e+01   9.0088845e+01   1.3453624e+01   5.8728187e+01   6.0638272e+01   1.0427847e+02   6.2369865e+01   4.2379240e+01   3.7054015e+01   4.3266615e+01   6.8014704e+01   7.5000000e+01   7.1449283e+01   1.4866069e+01   4.9091751e+01   8.5041167e+01   1.1237882e+02   6.3245553e+01   6.0033324e+01   3.2280025e+01   9.5880134e+01   0.0000000e+00   3.2557641e+01   8.8842557e+01   3.7854986e+01   1.3000000e+01   1.5620499e+01   2.9017236e+01   6.7268120e+01   9.6664368e+01   5.0219518e+01   5.9908263e+01   8.2097503e+01   2.1213203e+01   8.7206651e+01   1.1462111e+02   7.0327804e+01   1.0049876e+01   2.4596748e+01   3.5846897e+01   1.0204411e+02   7.0767224e+01   8.8729927e+01   9.1087870e+01   5.0249378e+01   4.3266615e+01   7.9624117e+01   7.7129761e+01   8.1565924e+01   2.0880613e+01   6.0440053e+01   5.8137767e+01   1.0261579e+02   1.1327842e+02   8.8887569e+01   5.7628118e+01   1.1014536e+02   7.8721026e+01   1.0435037e+02   4.2011903e+01
  6.5764732e+01   1.2756567e+02   2.5079872e+01   6.0216277e+01   2.1470911e+01   1.5199013e+02   3.0083218e+01   1.1454257e+02   5.7628118e+01   1.1597414e+02   3.4176015e+01   1.1139569e+02   1.1672618e+02   4.0311289e+01   6.0926185e+01   1.2596031e+02   1.2719277e+02   4.2579338e+01   1.1869709e+02   1.3130880e+02   7.7698134e+01   1.1384639e+02   1.2126417e+02   7.6557168e+01   1.6401219e+01   7.4060786e+01   1.2649111e+01   7.2801099e+00   9.5801879e+01   1.2445481e+02   7.2277244e+01   1.0336827e+02   6.7601775e+01   1.2184006e+02   8.9269256e+01   2.1095023e+01   8.5562842e+01   1.1049434e+02   8.6838931e+01   1.2609917e+02   2.8844410e+01   1.1343721e+02   9.1389277e+01   2.8017851e+01   8.0950602e+01   7.0178344e+01   1.1638728e+02   9.4921020e+01   2.1540659e+01   5.2430907e+01   7.0000000e+01   9.1706052e+01   1.0716809e+02   7.6321688e+01   2.8160256e+01   5.1865210e+01   1.0539450e+02   1.2662148e+02   8.9196412e+01   8.7361319e+01   1.5033296e+01   1.2242957e+02   3.2557641e+01   0.0000000e+00   9.5189285e+01   4.9244289e+01   3.2756679e+01   2.5612497e+01   6.1400326e+01   6.6309879e+01   8.2389320e+01   4.7853944e+01   8.6330759e+01   9.9639350e+01   1.9235384e+01   1.1960351e+02   1.3179530e+02   1.0163661e+02   3.6674242e+01   1.1180340e+01   6.4132675e+01   1.1421471e+02   9.2282176e+01   1.1225418e+02   9.2309263e+01   4.0311289e+01   7.0342022e+01   1.0770330e+02   8.5211502e+01   1.0509519e+02   2.9529646e+01   9.2892411e+01   3.4176015e+01   1.1013628e+02   1.3322162e+02   9.8005102e+01   7.8390050e+01   1.3670406e+02   1.0673800e+02   1.2753431e+02   6.3976558e+01
  9.2227978e+01   1.2073939e+02   1.1142711e+02   3.5341194e+01   1.0770330e+02   7.6105190e+01   7.3375745e+01   1.2193851e+02   4.5276926e+01   5.6364883e+01   1.1921829e+02   2.2360680e+01   6.0827625e+01   8.6579443e+01   3.6069378e+01   1.3600368e+02   1.1693160e+02   8.8362888e+01   4.2426407e+01   7.7077883e+01   1.2304471e+02   3.0000000e+01   4.2047592e+01   5.3851648e+01   9.8234414e+01   1.2349089e+02   1.0520932e+02   8.8204308e+01   8.0622577e+00   8.4876381e+01   1.0100000e+02   5.8137767e+01   4.3324358e+01   8.1841310e+01   7.6157731e+01   9.7406365e+01   2.3706539e+01   6.0464866e+01   3.7443290e+01   1.0748023e+02   7.0007142e+01   1.1681181e+02   1.4317821e+01   1.0068764e+02   4.9193496e+01   2.8284271e+01   2.6248809e+01   1.0885311e+02   1.1646888e+02   1.2560255e+02   1.2314625e+02   5.3413481e+01   1.0400961e+02   1.8867962e+01   7.6537572e+01   4.3416587e+01   4.4418465e+01   3.8600518e+01   6.1294372e+01   6.6370174e+01   1.0778219e+02   7.5802375e+01   8.8842557e+01   9.5189285e+01   0.0000000e+00   1.2669649e+02   7.6157731e+01   1.0153325e+02   8.8684835e+01   3.1240999e+01   5.8008620e+01   4.7801674e+01   6.2769419e+01   3.3837849e+01   7.9202273e+01   1.1580155e+02   4.9365980e+01   1.2935610e+02   9.8478424e+01   8.5883642e+01   7.0213959e+01   2.4738634e+01   4.6097722e+01   5.8309519e+01   1.4560220e+01   1.3291351e+02   6.5520989e+01   7.5663730e+01   1.2000000e+01   5.5605755e+01   7.1168813e+01   1.1142711e+02   7.9025312e+01   1.5000000e+01   5.8077534e+01   8.2462113e+00   4.5694639e+01   8.4693565e+01   7.4953319e+01   6.5145990e+01   5.4589376e+01
  5.2630789e+01   1.0756393e+02   2.4413111e+01   9.2655275e+01   2.7784888e+01   1.6367040e+02   5.4147945e+01   9.0027773e+01   8.1743501e+01   1.2621014e+02   1.6278821e+01   1.3670406e+02   1.2496399e+02   4.1231056e+01   9.9000000e+01   9.7329338e+01   1.0911004e+02   4.0249224e+01   1.3619104e+02   1.3507405e+02   4.2047592e+01   1.3605881e+02   1.3967104e+02   8.7132084e+01   3.4785054e+01   3.7013511e+01   5.3075418e+01   5.4626001e+01   1.2445481e+02   1.2244182e+02   5.2354560e+01   1.1088733e+02   1.1101802e+02   1.2073939e+02   8.6371292e+01   3.2557641e+01   1.0944405e+02   1.1779643e+02   1.0420173e+02   1.1272977e+02   5.9000000e+01   9.1482239e+01   1.2756567e+02   2.7018512e+01   9.3295230e+01   9.8488578e+01   1.4150972e+02   7.3054774e+01   3.9408121e+01   6.0000000e+00   3.2015621e+01   1.0101980e+02   9.0873539e+01   1.0917875e+02   5.1088159e+01   8.6145226e+01   1.1957006e+02   1.4897651e+02   9.4493386e+01   8.9938868e+01   3.6235342e+01   1.2452309e+02   3.7854986e+01   4.9244289e+01   1.2669649e+02   0.0000000e+00   5.0635956e+01   2.7294688e+01   5.1623638e+01   1.0401923e+02   1.2903100e+02   8.6052310e+01   9.0906545e+01   1.1807201e+02   5.2469038e+01   9.9929975e+01   1.5008331e+02   6.9028979e+01   2.8460499e+01   5.0000000e+01   6.7424031e+01   1.3928388e+02   1.0515227e+02   1.2088011e+02   1.2856127e+02   2.9154759e+01   7.5213031e+01   1.0696261e+02   1.1497826e+02   1.1401754e+02   5.7035077e+01   6.8963759e+01   8.3192548e+01   1.4043148e+02   1.4729902e+02   1.2664912e+02   9.3059121e+01   1.3819190e+02   1.0621676e+02   1.3623509e+02   7.7820306e+01
  3.7121422e+01   9.6881371e+01   3.7202150e+01   4.2107007e+01   3.4058773e+01   1.2214745e+02   5.6568542e+00   8.5796270e+01   3.1780497e+01   8.5211502e+01   4.3829214e+01   8.7658428e+01   8.5440037e+01   1.4422205e+01   4.9648766e+01   9.8412398e+01   9.6026038e+01   1.7204651e+01   9.0686272e+01   9.9282425e+01   5.8821765e+01   8.8204308e+01   9.3722996e+01   4.4944410e+01   2.5495098e+01   5.6938563e+01   4.5354162e+01   3.0000000e+01   7.4330344e+01   9.1760558e+01   4.5486262e+01   7.1693793e+01   6.4257295e+01   8.9185201e+01   5.6568542e+01   2.2803509e+01   6.0415230e+01   7.8892332e+01   5.8051701e+01   9.4021274e+01   1.2041595e+01   8.3815273e+01   7.7103826e+01   2.4698178e+01   5.0000000e+01   4.8083261e+01   9.2590496e+01   6.6309879e+01   4.8259714e+01   5.0039984e+01   5.4561891e+01   6.0207973e+01   7.6118329e+01   5.8549125e+01   5.0990195e+00   3.6124784e+01   7.5742986e+01   1.0124228e+02   5.6859476e+01   5.4708317e+01   3.8013156e+01   9.0077744e+01   1.3000000e+01   3.2756679e+01   7.6157731e+01   5.0635956e+01   0.0000000e+00   2.5942244e+01   3.2202484e+01   5.4332311e+01   8.5000000e+01   3.7643060e+01   5.3851648e+01   7.1700767e+01   1.5132746e+01   8.9050547e+01   1.0435037e+02   7.7620873e+01   2.3021729e+01   2.2090722e+01   3.1400637e+01   9.0354856e+01   6.1846584e+01   8.0993827e+01   7.8102497e+01   5.9816386e+01   3.7643060e+01   7.5000000e+01   6.4560050e+01   7.3783467e+01   9.2195445e+00   6.5299311e+01   5.0606324e+01   9.0138782e+01   1.0400481e+02   7.6550637e+01   4.8166378e+01   1.0438870e+02   7.4040529e+01   9.6519428e+01   3.2802439e+01
  4.5398238e+01   1.0707474e+02   1.2206556e+01   6.6708320e+01   1.0440307e+01   1.4641380e+02   2.8160256e+01   9.2347171e+01   5.7697487e+01   1.0904128e+02   1.7888544e+01   1.1360018e+02   1.0870603e+02   2.2825424e+01   7.2111026e+01   1.0277159e+02   1.0737784e+02   2.3769729e+01   1.1603879e+02   1.2120231e+02   5.2354560e+01   1.1405700e+02   1.1920151e+02   6.8622154e+01   9.2195445e+00   4.8548944e+01   3.4176015e+01   2.9206164e+01   1.0008996e+02   1.1135978e+02   5.0039984e+01   9.4641429e+01   8.3725743e+01   1.0912836e+02   7.4732858e+01   5.3851648e+00   8.6353923e+01   1.0182829e+02   8.3408633e+01   1.0806017e+02   3.2249031e+01   9.2021737e+01   1.0127191e+02   3.0000000e+00   7.4249579e+01   7.3736016e+01   1.1853270e+02   7.3061618e+01   2.8284271e+01   2.8792360e+01   4.4407207e+01   8.3630138e+01   8.7572827e+01   8.3432608e+01   2.5000000e+01   5.9682493e+01   1.0049876e+02   1.2709445e+02   7.8816242e+01   7.5471849e+01   1.9026298e+01   1.1130588e+02   1.5620499e+01   2.5612497e+01   1.0153325e+02   2.7294688e+01   2.5942244e+01   0.0000000e+00   4.1976184e+01   7.7233412e+01   1.0192154e+02   5.9008474e+01   7.5451971e+01   9.7200823e+01   2.5179357e+01   9.9080775e+01   1.2980755e+02   7.7162167e+01   1.3000000e+01   2.3259407e+01   5.1312766e+01   1.1629703e+02   8.6278618e+01   1.0435037e+02   1.0225947e+02   3.4655447e+01   5.8821765e+01   9.4826157e+01   9.0138782e+01   9.7185390e+01   3.0594117e+01   7.0349129e+01   5.7688820e+01   1.1576701e+02   1.2876335e+02   1.0231813e+02   7.3000000e+01   1.2553884e+02   9.3941471e+01   1.1997083e+02   5.7384667e+01
  5.0000000e+00   6.6189123e+01   5.3450912e+01   6.1741396e+01   5.2392748e+01   1.1264546e+02   3.7589892e+01   5.3758720e+01   4.5880279e+01   7.5471849e+01   5.5009090e+01   9.2655275e+01   7.3817342e+01   2.1095023e+01   7.3061618e+01   6.6211781e+01   6.6000000e+01   1.9000000e+01   8.7664132e+01   8.3450584e+01   3.4365681e+01   9.0027773e+01   9.1416629e+01   3.9051248e+01   4.8093659e+01   3.5000000e+01   7.3061618e+01   6.0638272e+01   8.4095184e+01   7.1281134e+01   1.4212670e+01   5.9908263e+01   9.0443352e+01   6.9404611e+01   3.4828150e+01   4.3185646e+01   6.7000000e+01   6.6610810e+01   5.7870545e+01   6.6098411e+01   4.3566042e+01   5.2172790e+01   9.4371606e+01   3.9051248e+01   4.5354162e+01   6.1846584e+01   9.7015463e+01   3.4176015e+01   7.0213959e+01   4.7507894e+01   3.5355339e+01   5.0990195e+01   4.6010868e+01   7.5000000e+01   3.7161808e+01   5.9363288e+01   7.0384657e+01   1.0235722e+02   4.3566042e+01   3.8600518e+01   6.0530984e+01   7.2917762e+01   2.9017236e+01   6.1400326e+01   8.8684835e+01   5.1623638e+01   3.2202484e+01   4.1976184e+01   0.0000000e+00   7.6478755e+01   1.1261439e+02   6.4031242e+01   3.9962482e+01   7.1063352e+01   4.6818800e+01   5.8215118e+01   1.0139033e+02   4.6690470e+01   2.9410882e+01   5.2392748e+01   1.9104973e+01   9.4894678e+01   5.6302753e+01   6.9892775e+01   9.5336247e+01   7.3790243e+01   2.5961510e+01   5.5443665e+01   7.6791927e+01   6.3285069e+01   4.0816663e+01   3.3120990e+01   8.2764727e+01   1.0002000e+02   9.7128780e+01   8.6052310e+01   4.6529560e+01   8.6683332e+01   5.4671748e+01   8.5000000e+01   3.4132096e+01
  8.1006173e+01   1.2461942e+02   8.5510233e+01   1.5000000e+01   8.1584312e+01   1.0283968e+02   5.0039984e+01   1.2091733e+02   3.1400637e+01   7.5106591e+01   9.4047860e+01   5.1884487e+01   7.8409183e+01   6.7468511e+01   5.3851648e+00   1.3505925e+02   1.2175796e+02   6.9856997e+01   6.7468511e+01   9.5524866e+01   1.0956277e+02   5.7584720e+01   6.8410526e+01   5.3254108e+01   7.2180330e+01   1.0878419e+02   7.5292762e+01   5.9093147e+01   3.4885527e+01   9.8081599e+01   9.0426766e+01   7.0342022e+01   1.8027756e+01   9.4921020e+01   7.7201036e+01   7.2443081e+01   3.5014283e+01   7.5312682e+01   4.6324939e+01   1.1461239e+02   4.5044423e+01   1.1677757e+02   2.5079872e+01   7.7058419e+01   5.1884487e+01   2.1540659e+01   5.6435804e+01   1.0435037e+02   8.7846457e+01   1.0407689e+02   1.0728001e+02   6.1098281e+01   1.0511898e+02   1.4560220e+01   5.3009433e+01   1.8248288e+01   6.2072538e+01   6.8425142e+01   6.5764732e+01   6.8796802e+01   8.0006250e+01   9.1005494e+01   6.7268120e+01   6.6309879e+01   3.1240999e+01   1.0401923e+02   5.4332311e+01   7.7233412e+01   7.6478755e+01   0.0000000e+00   3.9962482e+01   1.8681542e+01   6.5513357e+01   5.2009614e+01   5.2773099e+01   1.1822859e+02   7.7491935e+01   1.2203688e+02   7.7317527e+01   5.8240879e+01   6.1400326e+01   5.4589376e+01   5.6044625e+01   7.4672619e+01   2.6000000e+01   1.0565037e+02   6.0108236e+01   8.4693565e+01   2.5298221e+01   6.9426220e+01   4.7000000e+01   1.0560303e+02   4.7801674e+01   4.5967380e+01   8.3743656e+01   3.6715120e+01   4.7413078e+01   1.0282509e+02   8.3773504e+01   8.6000000e+01   4.6690470e+01
  1.1744360e+02   1.6450228e+02   1.0653169e+02   5.4203321e+01   1.0259142e+02   1.3403358e+02   7.9605276e+01   1.6011246e+02   7.0178344e+01   1.1183023e+02   1.1574109e+02   8.0056230e+01   1.1569356e+02   9.9362971e+01   4.1231056e+01   1.7415510e+02   1.6169725e+02   1.0208330e+02   1.0024470e+02   1.3267253e+02   1.4354442e+02   8.8005682e+01   1.0004499e+02   9.3193347e+01   9.4366308e+01   1.4190490e+02   8.6092973e+01   7.5663730e+01   6.5192024e+01   1.3705838e+02   1.2682271e+02   1.0920165e+02   2.2671568e+01   1.3389922e+02   1.1706836e+02   9.6566040e+01   7.2422372e+01   1.1352973e+02   8.5234969e+01   1.5454773e+02   7.3348483e+01   1.5620499e+02   4.4045431e+01   1.0278619e+02   9.1787799e+01   6.1294372e+01   8.3294658e+01   1.4283557e+02   1.0200000e+02   1.3064838e+02   1.3954211e+02   1.0064790e+02   1.4480677e+02   5.0921508e+01   8.1859636e+01   5.3758720e+01   9.8954535e+01   9.5524866e+01   1.0567876e+02   1.0875661e+02   9.7416631e+01   1.2934064e+02   9.6664368e+01   8.2389320e+01   5.8008620e+01   1.2903100e+02   8.5000000e+01   1.0192154e+02   1.1261439e+02   3.9962482e+01   0.0000000e+00   4.8600412e+01   1.0547512e+02   8.8294960e+01   7.7162167e+01   1.5800316e+02   1.0711676e+02   1.5915401e+02   1.0623088e+02   7.9075913e+01   9.9704564e+01   8.2152298e+01   9.5078915e+01   1.1236103e+02   4.4102154e+01   1.2203688e+02   9.9357939e+01   1.2433825e+02   5.9439044e+01   1.0783784e+02   7.6026311e+01   1.4362799e+02   5.0159745e+01   6.7896981e+01   1.1606895e+02   6.6068147e+01   8.7321246e+01   1.4018559e+02   1.2343824e+02   1.2182364e+02   8.5912746e+01
  6.8883960e+01   1.1941943e+02   6.6910388e+01   1.5231546e+01   6.2968246e+01   1.1308846e+02   3.2756679e+01   1.1300442e+02   2.5000000e+01   8.1215762e+01   7.5538070e+01   6.6068147e+01   8.3600239e+01   5.1623638e+01   1.3341664e+01   1.2682271e+02   1.1720068e+02   5.4230987e+01   7.7878110e+01   1.0031949e+02   9.5294281e+01   7.0178344e+01   7.9605276e+01   5.0447993e+01   5.3600373e+01   9.3941471e+01   5.7428216e+01   4.0706265e+01   4.9517674e+01   9.9503769e+01   7.8243211e+01   7.3000000e+01   2.6832816e+01   9.6420952e+01   7.2615425e+01   5.4083269e+01   4.3462628e+01   7.9101201e+01   5.0487622e+01   1.1166468e+02   2.7166155e+01   1.0955364e+02   4.3657760e+01   5.9033889e+01   5.1351728e+01   2.6925824e+01   7.0936591e+01   9.5015788e+01   6.9354164e+01   8.6469648e+01   9.1923882e+01   6.2128898e+01   9.8979796e+01   2.9068884e+01   3.5510562e+01   8.0000000e+00   6.8658576e+01   8.2200973e+01   6.4327288e+01   6.5802736e+01   6.1351447e+01   9.4005319e+01   5.0219518e+01   4.7853944e+01   4.7801674e+01   8.6052310e+01   3.7643060e+01   5.9008474e+01   6.4031242e+01   1.8681542e+01   4.8600412e+01   0.0000000e+00   6.3063460e+01   6.0083276e+01   3.4234486e+01   1.1237882e+02   8.9554453e+01   1.1063453e+02   6.0207973e+01   3.9560081e+01   5.2201533e+01   6.8883960e+01   5.9076222e+01   7.9404030e+01   4.4598206e+01   8.6977008e+01   5.3235327e+01   8.4344532e+01   3.8948684e+01   7.3109507e+01   2.9427878e+01   9.5482983e+01   3.4785054e+01   6.2801274e+01   9.3776330e+01   5.1623638e+01   4.7169906e+01   1.0711676e+02   8.3360662e+01   9.2763139e+01   4.0311289e+01
  4.0718546e+01   5.9548300e+01   8.7658428e+01   5.1894123e+01   8.5440037e+01   7.2801099e+01   5.6320511e+01   5.9169249e+01   3.8078866e+01   3.5510562e+01   9.1547802e+01   5.8855756e+01   3.4058773e+01   5.2801515e+01   6.4845971e+01   7.3246160e+01   5.6400355e+01   5.2497619e+01   4.9030603e+01   4.5793013e+01   6.9856997e+01   5.4037024e+01   5.2952809e+01   1.2649111e+01   7.8294317e+01   7.2124892e+01   9.8979796e+01   8.2462113e+01   5.5901699e+01   3.8470768e+01   4.6572524e+01   2.0000000e+01   8.3240615e+01   3.5693137e+01   1.3416408e+01   7.4431176e+01   3.9115214e+01   2.6907248e+01   2.5495098e+01   4.9193496e+01   5.9033889e+01   5.4083269e+01   7.3246160e+01   7.3006849e+01   1.4142136e+01   4.4407207e+01   6.2393910e+01   4.7296934e+01   1.0153325e+02   8.7200917e+01   7.3736016e+01   1.2041595e+01   4.1400483e+01   5.6639209e+01   5.8189346e+01   5.5362442e+01   3.1575307e+01   6.5192024e+01   3.6055513e+00   3.6055513e+00   9.1241438e+01   3.6249138e+01   5.9908263e+01   8.6330759e+01   6.2769419e+01   9.0906545e+01   5.3851648e+01   7.5451971e+01   3.9962482e+01   6.5513357e+01   1.0547512e+02   6.3063460e+01   0.0000000e+00   3.5227830e+01   6.7446275e+01   5.3758720e+01   6.2361847e+01   6.8883960e+01   6.5192024e+01   7.5286121e+01   2.4207437e+01   6.0530984e+01   1.9104973e+01   3.0000000e+01   7.4027022e+01   1.0980892e+02   1.6643317e+01   2.2022716e+01   5.2801515e+01   2.3323808e+01   5.7489129e+01   5.0635956e+01   9.4132885e+01   6.9892775e+01   5.7245087e+01   5.7271284e+01   1.8439089e+01   5.0566788e+01   2.1023796e+01   4.5343136e+01   2.4000000e+01
  7.3164199e+01   8.8752465e+01   1.0885311e+02   4.4922155e+01   1.0575916e+02   5.3225934e+01   7.1421285e+01   9.2477024e+01   4.2011903e+01   2.3537205e+01   1.1485643e+02   2.3769729e+01   2.7513633e+01   7.7025970e+01   5.4332311e+01   1.0610372e+02   8.4628600e+01   7.7826731e+01   1.9104973e+01   4.4384682e+01   1.0369667e+02   1.9104973e+01   2.2022716e+01   3.2015621e+01   9.7000000e+01   1.0538026e+02   1.1160645e+02   9.3813645e+01   2.5806976e+01   5.1039201e+01   8.0399005e+01   2.4839485e+01   6.9180922e+01   4.8010416e+01   4.8052055e+01   9.4493386e+01   1.7117243e+01   2.6627054e+01   1.3892444e+01   7.4518454e+01   7.0936591e+01   8.6925255e+01   4.7413078e+01   9.5441081e+01   2.5709920e+01   3.3241540e+01   2.7166155e+01   8.2377181e+01   1.1882761e+02   1.1545129e+02   1.0630146e+02   2.3537205e+01   7.3925638e+01   3.8118237e+01   7.4276510e+01   5.2554733e+01   1.0770330e+01   3.1320920e+01   3.2557641e+01   3.8470768e+01   1.0889444e+02   4.2059482e+01   8.2097503e+01   9.9639350e+01   3.3837849e+01   1.1807201e+02   7.1700767e+01   9.7200823e+01   7.1063352e+01   5.2009614e+01   8.8294960e+01   6.0083276e+01   3.5227830e+01   0.0000000e+00   8.0808415e+01   8.4599054e+01   3.2649655e+01   1.0408650e+02   9.0049986e+01   8.8729927e+01   5.2201533e+01   2.5317978e+01   1.6124515e+01   2.4596748e+01   4.7885280e+01   1.3150285e+02   4.5122057e+01   4.2801869e+01   2.8861739e+01   2.1931712e+01   7.0767224e+01   8.5842880e+01   9.4868330e+01   3.6359318e+01   3.4000000e+01   2.6248809e+01   2.5079872e+01   5.1923020e+01   4.2201896e+01   3.4014703e+01   4.0311289e+01
  5.1623638e+01   1.1198661e+02   3.2756679e+01   4.3863424e+01   2.8861739e+01   1.3287964e+02   1.1180340e+01   1.0056838e+02   3.8897301e+01   9.6747093e+01   4.1303753e+01   9.3813645e+01   9.7493590e+01   2.6925824e+01   4.7518417e+01   1.1292475e+02   1.1115755e+02   2.9681644e+01   9.9904955e+01   1.1216060e+02   7.0007142e+01   9.5671312e+01   1.0259142e+02   5.7384667e+01   1.9416488e+01   6.7357256e+01   3.1780497e+01   1.5132746e+01   7.8892332e+01   1.0575916e+02   5.9481089e+01   8.4172442e+01   5.8549125e+01   1.0307764e+02   7.1253070e+01   2.0024984e+01   6.7357256e+01   9.1285267e+01   6.7801180e+01   1.0907337e+02   9.8994949e+00   9.8762341e+01   7.7369245e+01   2.5709920e+01   6.1717096e+01   5.2697249e+01   9.8812955e+01   8.0993827e+01   3.8288379e+01   5.3600373e+01   6.4202804e+01   7.2498276e+01   9.1241438e+01   6.0539243e+01   1.0049876e+01   3.6055513e+01   8.6267027e+01   1.0857716e+02   7.0213959e+01   6.8658576e+01   2.8844410e+01   1.0340696e+02   2.1213203e+01   1.9235384e+01   7.9202273e+01   5.2469038e+01   1.5132746e+01   2.5179357e+01   4.6818800e+01   5.2773099e+01   7.7162167e+01   3.4234486e+01   6.7446275e+01   8.0808415e+01   0.0000000e+00   1.0413933e+02   1.1317243e+02   9.0972523e+01   2.9681644e+01   8.0622577e+00   4.6097722e+01   9.6607453e+01   7.3061618e+01   9.3021503e+01   7.8339007e+01   5.3712196e+01   5.1788030e+01   8.9050547e+01   6.8476273e+01   8.5866175e+01   1.0295630e+01   7.9705709e+01   3.7013511e+01   9.3914855e+01   1.1420158e+02   8.1123363e+01   5.9169249e+01   1.1765203e+02   8.8073833e+01   1.0830051e+02   4.4777226e+01
  5.4037024e+01   8.0000000e+00   1.0955364e+02   1.0381233e+02   1.0922454e+02   9.7252249e+01   9.3861600e+01   1.3892444e+01   8.8204308e+01   7.1309186e+01   1.0885311e+02   1.0778683e+02   6.6708320e+01   7.9309520e+01   1.1682893e+02   2.3086793e+01   9.4339811e+00   7.7162167e+01   9.1093359e+01   6.3031738e+01   6.0415230e+01   1.0084642e+02   9.4921020e+01   6.5192024e+01   1.0601887e+02   6.5299311e+01   1.3124405e+02   1.1853270e+02   1.0846658e+02   4.5011110e+01   4.9365980e+01   6.0415230e+01   1.3542895e+02   4.6043458e+01   4.1109610e+01   1.0100495e+02   9.2455395e+01   6.1983869e+01   7.8409183e+01   1.8384776e+01   9.9040396e+01   9.2195445e+00   1.2690548e+02   9.6083297e+01   6.7896981e+01   9.7744565e+01   1.1016805e+02   2.6925824e+01   1.2725172e+02   9.4244363e+01   6.9778220e+01   6.2425956e+01   1.3416408e+01   1.1031772e+02   9.4148818e+01   1.0547512e+02   7.6557168e+01   1.0881176e+02   5.4671748e+01   5.0209561e+01   1.1803813e+02   5.4147945e+01   8.7206651e+01   1.1960351e+02   1.1580155e+02   9.9929975e+01   8.9050547e+01   9.9080775e+01   5.8215118e+01   1.1822859e+02   1.5800316e+02   1.1237882e+02   5.3758720e+01   8.4599054e+01   1.0413933e+02   0.0000000e+00   1.0100000e+02   3.8948684e+01   8.6092973e+01   1.1031772e+02   6.0926185e+01   1.0874741e+02   6.9892775e+01   6.5802736e+01   1.2766362e+02   1.2712199e+02   5.9169249e+01   4.2720019e+01   1.0640489e+02   6.4078077e+01   9.6566040e+01   3.1016125e+01   1.3819190e+02   1.2093387e+02   9.0669730e+01   1.0955364e+02   7.2124892e+01   6.0671245e+01   4.3081318e+01   7.3334848e+01   7.2401657e+01
  1.0278619e+02   1.0288343e+02   1.4149558e+02   7.4431176e+01   1.3840881e+02   2.7073973e+01   1.0400481e+02   1.1175867e+02   7.4276510e+01   3.0066593e+01   1.4741099e+02   2.7073973e+01   3.4365681e+01   1.0929318e+02   8.1154174e+01   1.2396774e+02   9.8081599e+01   1.0993180e+02   1.3892444e+01   4.2190046e+01   1.3218548e+02   1.9924859e+01   1.0630146e+01   6.3063460e+01   1.2963410e+02   1.3448048e+02   1.4353397e+02   1.2573385e+02   4.3174066e+01   5.7939624e+01   1.0893117e+02   4.4283180e+01   9.2195445e+01   5.5973208e+01   7.2835431e+01   1.2714165e+02   4.6615448e+01   4.0012498e+01   4.6400431e+01   8.6330759e+01   1.0327633e+02   1.0580170e+02   6.3071388e+01   1.2800391e+02   5.6824291e+01   6.2968246e+01   2.4083189e+01   1.0616968e+02   1.5132085e+02   1.4717676e+02   1.3597794e+02   5.0596443e+01   9.3343452e+01   6.2968246e+01   1.0688779e+02   8.2680106e+01   3.1016125e+01   1.3000000e+01   5.8940648e+01   6.4761099e+01   1.4144964e+02   4.7759816e+01   1.1462111e+02   1.3179530e+02   4.9365980e+01   1.5008331e+02   1.0435037e+02   1.2980755e+02   1.0139033e+02   7.7491935e+01   1.0711676e+02   8.9554453e+01   6.2361847e+01   3.2649655e+01   1.1317243e+02   1.0100000e+02   0.0000000e+00   1.2814055e+02   1.2233152e+02   1.2101653e+02   8.3192548e+01   2.5000000e+01   4.5188494e+01   3.6013886e+01   6.3031738e+01   1.6414932e+02   7.5643903e+01   5.9211485e+01   5.2201533e+01   4.0311289e+01   1.0323759e+02   1.1036757e+02   1.2387897e+02   4.0447497e+01   1.2727922e+01   4.1773197e+01   5.7140179e+01   4.8600412e+01   5.9135438e+01   2.9068884e+01   7.2670489e+01
  4.1773197e+01   4.4687806e+01   8.4929382e+01   1.0707007e+02   8.5866175e+01   1.3024976e+02   8.3240615e+01   2.5495098e+01   9.0735880e+01   9.8325988e+01   8.1498466e+01   1.2773801e+02   9.4641429e+01   6.4070274e+01   1.1903781e+02   2.8635642e+01   4.8083261e+01   6.1294372e+01   1.1600431e+02   9.6166522e+01   2.7000000e+01   1.2269067e+02   1.2000417e+02   7.5584390e+01   8.5796270e+01   3.2015621e+01   1.1132834e+02   1.0288343e+02   1.2336936e+02   7.8771822e+01   3.2526912e+01   8.4005952e+01   1.3682105e+02   7.8746428e+01   5.6222771e+01   8.0777472e+01   1.0594810e+02   8.8277970e+01   9.3621579e+01   5.6612719e+01   8.9498603e+01   2.9832868e+01   1.3738268e+02   7.4330344e+01   8.0777472e+01   1.0509519e+02   1.3124024e+02   2.2000000e+01   1.0316007e+02   6.3031738e+01   3.7013511e+01   8.0622577e+01   3.7696154e+01   1.1851160e+02   8.2200973e+01   1.0560303e+02   9.9126182e+01   1.3313527e+02   7.1568149e+01   6.5620119e+01   9.5603347e+01   8.5866175e+01   7.0327804e+01   1.0163661e+02   1.2935610e+02   6.9028979e+01   7.7620873e+01   7.7162167e+01   4.6690470e+01   1.2203688e+02   1.5915401e+02   1.1063453e+02   6.8883960e+01   1.0408650e+02   9.0972523e+01   3.8948684e+01   1.2814055e+02   0.0000000e+00   6.5000000e+01   9.4894678e+01   6.0901560e+01   1.2940247e+02   8.7965902e+01   9.2265920e+01   1.3829317e+02   9.8005102e+01   6.4078077e+01   6.9871310e+01   1.1810588e+02   8.8005682e+01   8.6683332e+01   1.8248288e+01   1.2788276e+02   1.3824616e+02   1.1994165e+02   1.2500000e+02   8.3815273e+01   9.5634722e+01   6.9720872e+01   1.0375452e+02   7.6478755e+01
  3.2557641e+01   9.4085068e+01   2.4041631e+01   6.5030762e+01   2.3194827e+01   1.3729530e+02   2.7459060e+01   7.9404030e+01   5.3366656e+01   9.9764723e+01   2.6400758e+01   1.0826819e+02   9.9005050e+01   1.3038405e+01   7.2560320e+01   9.0027773e+01   9.4429868e+01   1.2727922e+01   1.0845275e+02   1.1060289e+02   4.1400483e+01   1.0778683e+02   1.1183023e+02   5.9816386e+01   2.0880613e+01   3.8209946e+01   4.6572524e+01   3.8600518e+01   9.6046864e+01   9.9849887e+01   3.7054015e+01   8.4864598e+01   8.6400231e+01   9.7754795e+01   6.3134776e+01   1.5811388e+01   8.0993827e+01   9.1967386e+01   7.6157731e+01   9.5341491e+01   3.3241540e+01   7.9025312e+01   1.0004499e+02   1.0000000e+01   6.5802736e+01   7.0213959e+01   1.1308846e+02   6.0074953e+01   4.1194660e+01   2.7166155e+01   3.4713110e+01   7.4330344e+01   7.4672619e+01   8.1301906e+01   2.4738634e+01   5.9135438e+01   9.2200868e+01   1.2074767e+02   6.8680419e+01   6.4815122e+01   3.2015621e+01   1.0043904e+02   1.0049876e+01   3.6674242e+01   9.8478424e+01   2.8460499e+01   2.3021729e+01   1.3000000e+01   2.9410882e+01   7.7317527e+01   1.0623088e+02   6.0207973e+01   6.5192024e+01   9.0049986e+01   2.9681644e+01   8.6092973e+01   1.2233152e+02   6.5000000e+01   0.0000000e+00   3.1144823e+01   4.1036569e+01   1.1086027e+02   7.7801028e+01   9.4752309e+01   1.0104454e+02   4.4944410e+01   4.8795492e+01   8.3528438e+01   8.6683332e+01   8.7692645e+01   3.0805844e+01   5.7428216e+01   6.5795137e+01   1.1205802e+02   1.2025390e+02   9.8234414e+01   6.5192024e+01   1.1454693e+02   8.2680106e+01   1.1031772e+02   4.9739320e+01
  5.7008771e+01   1.1822859e+02   2.8000000e+01   5.0606324e+01   2.4000000e+01   1.4091132e+02   1.8973666e+01   1.0604244e+02   4.6754679e+01   1.0480935e+02   3.7054015e+01   1.0121265e+02   1.0554620e+02   3.1622777e+01   5.2886671e+01   1.1798729e+02   1.1761377e+02   3.4176015e+01   1.0781466e+02   1.2015407e+02   7.2470684e+01   1.0332473e+02   1.1045361e+02   6.5391131e+01   1.5297059e+01   6.9354164e+01   2.3769729e+01   8.2462113e+00   8.5982556e+01   1.1350771e+02   6.4257295e+01   9.2195445e+01   6.2008064e+01   1.1086027e+02   7.8638413e+01   1.7888544e+01   7.5006666e+01   9.9317672e+01   7.5802375e+01   1.1600000e+02   1.7804494e+01   1.0456099e+02   8.3168504e+01   2.4698178e+01   6.9771054e+01   6.0000000e+01   1.0621205e+02   8.6400231e+01   3.0805844e+01   5.2000000e+01   6.5764732e+01   8.0529498e+01   9.7621719e+01   6.7082039e+01   1.7262677e+01   4.2485292e+01   9.4302704e+01   1.1618089e+02   7.8108898e+01   7.6400262e+01   2.1931712e+01   1.1132834e+02   2.4596748e+01   1.1180340e+01   8.5883642e+01   5.0000000e+01   2.2090722e+01   2.3259407e+01   5.2392748e+01   5.8240879e+01   7.9075913e+01   3.9560081e+01   7.5286121e+01   8.8729927e+01   8.0622577e+00   1.1031772e+02   1.2101653e+02   9.4894678e+01   3.1144823e+01   0.0000000e+00   5.3460266e+01   1.0401923e+02   8.1123363e+01   1.0107423e+02   8.4118963e+01   4.7434165e+01   5.9439044e+01   9.6772930e+01   7.5471849e+01   9.3914855e+01   1.8357560e+01   8.4758480e+01   3.4828150e+01   1.0072239e+02   1.2220065e+02   8.8204308e+01   6.7230945e+01   1.2559060e+02   9.5801879e+01   1.1636151e+02   5.2801515e+01
  2.2090722e+01   6.8352030e+01   6.3513778e+01   4.6400431e+01   6.1400326e+01   9.6426138e+01   3.5014283e+01   6.0802960e+01   3.0000000e+01   5.8898217e+01   6.7357256e+01   7.3552702e+01   5.7982756e+01   2.8600699e+01   5.8796258e+01   7.4652528e+01   6.6760767e+01   2.8319605e+01   6.9354164e+01   6.9892775e+01   5.3084838e+01   7.1063352e+01   7.3006849e+01   2.0248457e+01   5.4626001e+01   5.4037024e+01   7.6687678e+01   6.1204575e+01   6.5276336e+01   6.0745370e+01   3.0805844e+01   4.3840620e+01   7.7077883e+01   5.8309519e+01   2.5179357e+01   5.0537115e+01   4.8041649e+01   5.0931326e+01   3.8832976e+01   6.3387696e+01   3.9204592e+01   5.7454330e+01   7.6896034e+01   4.8826222e+01   2.6570661e+01   4.4384682e+01   7.7929455e+01   4.3139309e+01   7.7878110e+01   6.4140471e+01   5.4451814e+01   3.3600595e+01   4.7539457e+01   5.7775427e+01   3.6221541e+01   4.6010868e+01   5.2354560e+01   8.3522452e+01   2.7658633e+01   2.4186773e+01   6.7623960e+01   6.0033324e+01   3.5846897e+01   6.4132675e+01   7.0213959e+01   6.7424031e+01   3.1400637e+01   5.1312766e+01   1.9104973e+01   6.1400326e+01   9.9704564e+01   5.2201533e+01   2.4207437e+01   5.2201533e+01   4.6097722e+01   6.0926185e+01   8.3192548e+01   6.0901560e+01   4.1036569e+01   5.3460266e+01   0.0000000e+00   7.5802375e+01   3.8013156e+01   5.3758720e+01   7.7833155e+01   8.5603738e+01   7.8102497e+00   4.4011362e+01   5.8463664e+01   4.6754679e+01   3.7054015e+01   4.4204072e+01   7.7620873e+01   8.1098705e+01   7.9881162e+01   6.7186308e+01   2.7459060e+01   7.4303432e+01   4.3081318e+01   6.9296465e+01   1.5811388e+01
  9.7416631e+01   1.1229426e+02   1.2726351e+02   5.4451814e+01   1.2382245e+02   5.2038447e+01   8.8836929e+01   1.1732434e+02   5.8668561e+01   4.0360872e+01   1.3418271e+02   2.8284271e+00   4.5343136e+01   9.8081599e+01   5.8830264e+01   1.3074020e+02   1.0791200e+02   9.9297533e+01   2.1633308e+01   5.9203040e+01   1.2824976e+02   8.4852814e+00   1.9697716e+01   5.6142675e+01   1.1458621e+02   1.2965338e+02   1.2520783e+02   1.0762899e+02   1.9723083e+01   7.0936591e+01   1.0507616e+02   4.8332184e+01   6.8007353e+01   6.8249542e+01   7.3348483e+01   1.1287161e+02   2.9966648e+01   4.7707442e+01   3.7121422e+01   9.7097889e+01   8.6838931e+01   1.1166468e+02   3.8118237e+01   1.1493476e+02   5.0039984e+01   4.4045431e+01   2.2360680e+00   1.0768937e+02   1.3480727e+02   1.3724431e+02   1.3024976e+02   4.8836462e+01   9.8681305e+01   4.0496913e+01   9.1923882e+01   6.2936476e+01   3.2202484e+01   1.3928388e+01   5.7870545e+01   6.3788714e+01   1.2543126e+02   6.0876925e+01   1.0204411e+02   1.1421471e+02   2.4738634e+01   1.3928388e+02   9.0354856e+01   1.1629703e+02   9.4894678e+01   5.4589376e+01   8.2152298e+01   6.8883960e+01   6.0530984e+01   2.5317978e+01   9.6607453e+01   1.0874741e+02   2.5000000e+01   1.2940247e+02   1.1086027e+02   1.0401923e+02   7.5802375e+01   0.0000000e+00   4.1436699e+01   4.4407207e+01   3.8052595e+01   1.4956604e+02   6.9260378e+01   6.6189123e+01   3.0000000e+01   4.4721360e+01   8.7367042e+01   1.1115755e+02   1.0208330e+02   1.6155494e+01   3.5171011e+01   1.7888544e+01   4.8373546e+01   6.6610810e+01   6.5741920e+01   4.6043458e+01   6.2096699e+01
  5.7974132e+01   7.4652528e+01   9.8290386e+01   4.5099889e+01   9.5524866e+01   6.0307545e+01   6.2681736e+01   7.6967526e+01   3.6400549e+01   2.3706539e+01   1.0347947e+02   3.9812058e+01   2.5000000e+01   6.4815122e+01   5.6885851e+01   9.0785461e+01   7.0837843e+01   6.5215029e+01   3.1384710e+01   4.1303753e+01   8.8119237e+01   3.5000000e+01   3.5114100e+01   1.8027756e+01   8.7321246e+01   9.0027773e+01   1.0470912e+02   8.7206651e+01   3.8600518e+01   4.2059482e+01   6.4776539e+01   1.4317821e+01   7.4040529e+01   3.8897301e+01   3.2015621e+01   8.4219950e+01   2.3600847e+01   2.0024984e+01   9.8488578e+00   6.1619802e+01   6.3529521e+01   7.1554175e+01   5.8137767e+01   8.4219950e+01   1.2041595e+01   3.4713110e+01   4.3289722e+01   6.6287254e+01   1.1000000e+02   1.0208330e+02   9.1214034e+01   7.6157731e+00   5.8591808e+01   4.4283180e+01   6.5215029e+01   5.1088159e+01   1.4422205e+01   4.6529560e+01   1.6492423e+01   2.2360680e+01   9.9809819e+01   3.5227830e+01   7.0767224e+01   9.2282176e+01   4.6097722e+01   1.0515227e+02   6.1846584e+01   8.6278618e+01   5.6302753e+01   5.6044625e+01   9.5078915e+01   5.9076222e+01   1.9104973e+01   1.6124515e+01   7.3061618e+01   6.9892775e+01   4.5188494e+01   8.7965902e+01   7.7801028e+01   8.1123363e+01   3.8013156e+01   4.1436699e+01   0.0000000e+00   2.0615528e+01   5.8796258e+01   1.2091733e+02   3.0463092e+01   3.0000000e+01   3.7802116e+01   1.4035669e+01   6.2769419e+01   6.9720872e+01   9.3059121e+01   5.1478151e+01   4.2520583e+01   3.9661064e+01   1.3892444e+01   4.8041649e+01   2.9206164e+01   3.5341194e+01   2.9068884e+01
  7.0327804e+01   6.8541958e+01   1.1651609e+02   6.5030762e+01   1.1401754e+02   4.2801869e+01   8.2365041e+01   7.5953933e+01   5.7008771e+01   6.0827625e+00   1.2096694e+02   4.4045431e+01   4.4721360e+00   8.2073138e+01   7.6164296e+01   8.8526832e+01   6.3976558e+01   8.2024387e+01   2.5298221e+01   2.1000000e+01   9.8081599e+01   3.6055513e+01   2.9120440e+01   3.6055513e+01   1.0625441e+02   1.0084642e+02   1.2477580e+02   1.0742439e+02   5.0249378e+01   2.6907248e+01   7.5239617e+01   1.0000000e+01   9.2395887e+01   2.4041631e+01   3.7947332e+01   1.0280078e+02   4.0024992e+01   4.0000000e+00   2.9017236e+01   5.2839379e+01   8.3671979e+01   7.0035705e+01   7.2006944e+01   1.0206860e+02   3.1304952e+01   5.4037024e+01   4.5486262e+01   7.0349129e+01   1.2924782e+02   1.1720068e+02   1.0288343e+02   2.0808652e+01   5.7428216e+01   6.1611687e+01   8.4723078e+01   7.1449283e+01   1.3892444e+01   4.3011626e+01   2.6400758e+01   3.1384710e+01   1.1898319e+02   1.7492856e+01   8.8729927e+01   1.1225418e+02   5.8309519e+01   1.2088011e+02   8.0993827e+01   1.0435037e+02   6.9892775e+01   7.4672619e+01   1.1236103e+02   7.9404030e+01   3.0000000e+01   2.4596748e+01   9.3021503e+01   6.5802736e+01   3.6013886e+01   9.2265920e+01   9.4752309e+01   1.0107423e+02   5.3758720e+01   4.4407207e+01   2.0615528e+01   0.0000000e+00   7.2470684e+01   1.3894603e+02   4.5967380e+01   2.3345235e+01   5.3141321e+01   7.2111026e+00   8.2734515e+01   7.4672619e+01   1.1360018e+02   5.8694122e+01   2.8160256e+01   5.0477718e+01   3.4176015e+01   2.8160256e+01   2.3194827e+01   1.5620499e+01   4.8373546e+01
  9.9327740e+01   1.3300376e+02   1.1108555e+02   3.6013886e+01   1.0720075e+02   9.0000000e+01   7.4431176e+01   1.3287964e+02   4.9819675e+01   7.0774289e+01   1.1943618e+02   3.6000000e+01   7.5153177e+01   9.0088845e+01   3.1384710e+01   1.4705441e+02   1.2940247e+02   9.2195445e+01   5.6885851e+01   9.1547802e+01   1.2952220e+02   4.4181444e+01   5.6320511e+01   6.3812225e+01   9.7744565e+01   1.2943724e+02   1.0111874e+02   8.5088190e+01   2.2472205e+01   9.8792712e+01   1.0846658e+02   7.1610055e+01   3.2449961e+01   9.5718337e+01   8.7200917e+01   9.7672924e+01   3.5355339e+01   7.4431176e+01   4.9497475e+01   1.2041595e+02   7.0035705e+01   1.2800391e+02   1.0000000e+00   1.0183320e+02   6.0000000e+01   3.3526109e+01   3.9204592e+01   1.1859595e+02   1.1384639e+02   1.2814055e+02   1.2856516e+02   6.5764732e+01   1.1542097e+02   2.0396078e+01   7.7524190e+01   4.2579338e+01   5.8591808e+01   5.1478151e+01   7.3000000e+01   7.7620873e+01   1.0594810e+02   8.9944427e+01   9.1087870e+01   9.2309263e+01   1.4560220e+01   1.2856127e+02   7.8102497e+01   1.0225947e+02   9.5336247e+01   2.6000000e+01   4.4102154e+01   4.4598206e+01   7.4027022e+01   4.7885280e+01   7.8339007e+01   1.2766362e+02   6.3031738e+01   1.3829317e+02   1.0104454e+02   8.4118963e+01   7.7833155e+01   3.8052595e+01   5.8796258e+01   7.2470684e+01   0.0000000e+00   1.3155227e+02   7.4249579e+01   8.8729927e+01   2.1260292e+01   6.9339743e+01   7.1700767e+01   1.2074767e+02   7.1505245e+01   2.4351591e+01   7.2339477e+01   2.2803509e+01   5.6035703e+01   9.9161484e+01   8.7965902e+01   7.9699435e+01   6.2032250e+01
  7.6157731e+01   1.3493702e+02   2.2671568e+01   9.7575612e+01   2.5806976e+01   1.8106905e+02   6.0745370e+01   1.1808895e+02   9.0972523e+01   1.4368368e+02   1.8788294e+01   1.4681281e+02   1.4328294e+02   5.7008771e+01   1.0028460e+02   1.2609917e+02   1.3606249e+02   5.7428216e+01   1.5044600e+02   1.5542522e+02   7.1007042e+01   1.4787157e+02   1.5352524e+02   1.0327633e+02   3.4985711e+01   6.6030296e+01   3.6674242e+01   4.7518417e+01   1.3241224e+02   1.4475497e+02   7.8160092e+01   1.2918978e+02   1.0791200e+02   1.4268847e+02   1.0804629e+02   3.7013511e+01   1.1981653e+02   1.3635982e+02   1.1779643e+02   1.3851354e+02   6.3063460e+01   1.1905041e+02   1.3060245e+02   3.6878178e+01   1.0889444e+02   1.0606602e+02   1.5179262e+02   1.0022475e+02   2.0223748e+01   3.5128336e+01   6.1032778e+01   1.1825819e+02   1.1704700e+02   1.1423660e+02   5.7688820e+01   8.9693924e+01   1.3510366e+02   1.6089748e+02   1.1322985e+02   1.0962208e+02   2.5709920e+01   1.4534098e+02   5.0249378e+01   4.0311289e+01   1.3291351e+02   2.9154759e+01   5.9816386e+01   3.4655447e+01   7.3790243e+01   1.0565037e+02   1.2203688e+02   8.6977008e+01   1.0980892e+02   1.3150285e+02   5.3712196e+01   1.2712199e+02   1.6414932e+02   9.8005102e+01   4.4944410e+01   4.7434165e+01   8.5603738e+01   1.4956604e+02   1.2091733e+02   1.3894603e+02   1.3155227e+02   0.0000000e+00   9.3236259e+01   1.2847179e+02   1.2209013e+02   1.3179530e+02   6.2265560e+01   9.6509067e+01   7.2339477e+01   1.4759743e+02   1.6337993e+02   1.3464769e+02   1.0756393e+02   1.5947727e+02   1.2762445e+02   1.5456390e+02   9.1967386e+01
  2.8160256e+01   6.6189123e+01   7.1028163e+01   4.5276926e+01   6.8796802e+01   8.8617154e+01   4.0607881e+01   6.0827625e+01   2.9206164e+01   5.1088159e+01   7.5073298e+01   6.7119297e+01   5.0209561e+01   3.6235342e+01   5.8137767e+01   7.4953319e+01   6.4078077e+01   3.6069378e+01   6.1846584e+01   6.2433965e+01   5.9033889e+01   6.4132675e+01   6.5551506e+01   1.3152946e+01   6.1717096e+01   6.0406953e+01   8.2969874e+01   6.6910388e+01   6.0016664e+01   5.4120237e+01   3.6055513e+01   3.6069378e+01   7.6694198e+01   5.1546096e+01   2.0223748e+01   5.7801384e+01   4.2579338e+01   4.3185646e+01   3.2140317e+01   5.9439044e+01   4.4045431e+01   5.6850682e+01   7.3348483e+01   5.6400355e+01   1.9416488e+01   4.1340053e+01   7.1344236e+01   4.4654227e+01   8.4970583e+01   7.1867934e+01   6.1188234e+01   2.5806976e+01   4.5793013e+01   5.4708317e+01   4.2201896e+01   4.6324939e+01   4.4721360e+01   7.6400262e+01   2.0000000e+01   1.7088007e+01   7.4686009e+01   5.2773099e+01   4.3266615e+01   7.0342022e+01   6.5520989e+01   7.5213031e+01   3.7643060e+01   5.8821765e+01   2.5961510e+01   6.0108236e+01   9.9357939e+01   5.3235327e+01   1.6643317e+01   4.5122057e+01   5.1788030e+01   5.9169249e+01   7.5643903e+01   6.4078077e+01   4.8795492e+01   5.9439044e+01   7.8102497e+00   6.9260378e+01   3.0463092e+01   4.5967380e+01   7.4249579e+01   9.3236259e+01   0.0000000e+00   3.7363083e+01   5.4083269e+01   3.8948684e+01   4.2190046e+01   4.6529560e+01   8.1215762e+01   7.5538070e+01   7.2111026e+01   6.1814238e+01   2.1000000e+01   6.7082039e+01   3.6400549e+01   6.1522354e+01   1.3453624e+01
  5.4451814e+01   4.6141088e+01   1.0694391e+02   7.2124892e+01   1.0509519e+02   6.1098281e+01   7.7878110e+01   5.2611786e+01   5.9539903e+01   2.9154759e+01   1.0983624e+02   6.5368188e+01   2.5000000e+01   7.2006944e+01   8.4758480e+01   6.5253352e+01   4.1880783e+01   7.1196910e+01   4.8507731e+01   2.8600699e+01   7.8771822e+01   5.8180753e+01   5.2392748e+01   3.4132096e+01   9.8615415e+01   8.2152298e+01   1.2033287e+02   1.0413933e+02   6.7896981e+01   1.6763055e+01   5.7201399e+01   1.8027756e+01   1.0269372e+02   1.4317821e+01   2.0615528e+01   9.4429868e+01   5.3600373e+01   1.9416488e+01   3.9661064e+01   3.1827661e+01   8.0894994e+01   4.6690470e+01   8.8090862e+01   9.2179173e+01   3.3241540e+01   6.3158531e+01   6.7542579e+01   4.8270074e+01   1.2185237e+02   1.0255243e+02   8.4876381e+01   2.3706539e+01   3.4132096e+01   7.3925638e+01   7.9555012e+01   7.6485293e+01   3.4000000e+01   6.6219333e+01   2.0099751e+01   2.0396078e+01   1.1161541e+02   1.7804494e+01   7.9624117e+01   1.0770330e+02   7.5663730e+01   1.0696261e+02   7.5000000e+01   9.4826157e+01   5.5443665e+01   8.4693565e+01   1.2433825e+02   8.4344532e+01   2.2022716e+01   4.2801869e+01   8.9050547e+01   4.2720019e+01   5.9211485e+01   6.9871310e+01   8.3528438e+01   9.6772930e+01   4.4011362e+01   6.6189123e+01   3.0000000e+01   2.3345235e+01   8.8729927e+01   1.2847179e+02   3.7363083e+01   0.0000000e+00   6.7801180e+01   2.1470911e+01   7.9246451e+01   5.2886671e+01   1.1606895e+02   7.9056942e+01   5.0159745e+01   6.8680419e+01   3.7643060e+01   3.1240999e+01   1.0000000e+00   3.3955854e+01   4.6010868e+01
  8.0411442e+01   1.1175867e+02   1.0031949e+02   2.5000000e+01   9.6664368e+01   7.7665951e+01   6.2032250e+01   1.1177209e+02   3.3376639e+01   5.2392748e+01   1.0791200e+02   2.7202941e+01   5.6320511e+01   7.4672619e+01   2.9068884e+01   1.2592458e+02   1.0818965e+02   7.6419893e+01   4.2426407e+01   7.3246160e+01   1.1115755e+02   3.2310989e+01   4.3174066e+01   4.2941821e+01   8.7235314e+01   1.1154371e+02   9.5775780e+01   7.8409183e+01   1.0630146e+01   7.8714675e+01   8.9269256e+01   5.1107729e+01   4.1048752e+01   7.5591005e+01   6.6030296e+01   8.6162637e+01   1.4212670e+01   5.4626001e+01   2.8319605e+01   9.9357939e+01   5.9033889e+01   1.0683164e+02   2.0518285e+01   8.9185201e+01   3.8832976e+01   1.6492423e+01   3.2015621e+01   9.7943861e+01   1.0623088e+02   1.1377170e+02   1.1116204e+02   4.4598206e+01   9.4201911e+01   1.0770330e+01   6.5192024e+01   3.3421550e+01   3.9560081e+01   4.3566042e+01   5.1739733e+01   5.6400355e+01   9.7247108e+01   7.0384657e+01   7.7129761e+01   8.5211502e+01   1.2000000e+01   1.1497826e+02   6.4560050e+01   9.0138782e+01   7.6791927e+01   2.5298221e+01   5.9439044e+01   3.8948684e+01   5.2801515e+01   2.8861739e+01   6.8476273e+01   1.0640489e+02   5.2201533e+01   1.1810588e+02   8.6683332e+01   7.5471849e+01   5.8463664e+01   3.0000000e+01   3.7802116e+01   5.3141321e+01   2.1260292e+01   1.2209013e+02   5.4083269e+01   6.7801180e+01   0.0000000e+00   4.9193496e+01   6.0008333e+01   1.0031949e+02   7.2201108e+01   2.5632011e+01   5.8694122e+01   1.2806248e+01   3.4985711e+01   8.0777472e+01   6.7007462e+01   6.2513998e+01   4.2755117e+01
  6.3953108e+01   6.7601775e+01   1.0934350e+02   5.9033889e+01   1.0682696e+02   4.9678969e+01   7.5179785e+01   7.3246160e+01   5.0219518e+01   1.2206556e+01   1.1386395e+02   4.3908997e+01   1.1661904e+01   7.4966659e+01   7.0576200e+01   8.6330759e+01   6.3285069e+01   7.4966659e+01   2.8071338e+01   2.7294688e+01   9.2347171e+01   3.6769553e+01   3.2062439e+01   2.8844410e+01   9.9045444e+01   9.4921020e+01   1.1763078e+02   1.0031949e+02   4.7634021e+01   2.9529646e+01   6.9289249e+01   4.0000000e+00   8.7321246e+01   2.6419690e+01   3.2557641e+01   9.5603347e+01   3.5468296e+01   6.0000000e+00   2.3194827e+01   5.2801515e+01   7.6557168e+01   6.7446275e+01   6.8796802e+01   9.4921020e+01   2.4166092e+01   4.8373546e+01   4.6097722e+01   6.6007575e+01   1.2203688e+02   1.1043550e+02   9.6772930e+01   1.3601471e+01   5.4571055e+01   5.6920998e+01   7.7524190e+01   6.5122961e+01   1.2529964e+01   4.5541190e+01   1.9723083e+01   2.5079872e+01   1.1177209e+02   2.1587033e+01   8.1565924e+01   1.0509519e+02   5.5605755e+01   1.1401754e+02   7.3783467e+01   9.7185390e+01   6.3285069e+01   6.9426220e+01   1.0783784e+02   7.3109507e+01   2.3323808e+01   2.1931712e+01   8.5866175e+01   6.4078077e+01   4.0311289e+01   8.8005682e+01   8.7692645e+01   9.3914855e+01   4.6754679e+01   4.4721360e+01   1.4035669e+01   7.2111026e+00   6.9339743e+01   1.3179530e+02   3.8948684e+01   2.1470911e+01   4.9193496e+01   0.0000000e+00   7.5584390e+01   7.0114193e+01   1.0705606e+02   5.7801384e+01   3.4014703e+01   4.8166378e+01   2.7202941e+01   3.4014703e+01   2.1023796e+01   2.2803509e+01   4.1182521e+01
  4.5793013e+01   1.0429286e+02   4.0311289e+01   3.6138622e+01   3.6674242e+01   1.2264175e+02   3.6055513e+00   9.4021274e+01   2.9068884e+01   8.6452299e+01   4.8083261e+01   8.4599054e+01   8.7206651e+01   2.3600847e+01   4.2047592e+01   1.0689247e+02   1.0316007e+02   2.6400758e+01   8.9872131e+01   1.0195097e+02   6.8007353e+01   8.6052310e+01   9.2633687e+01   4.7169906e+01   2.7294688e+01   6.6037868e+01   4.2047592e+01   2.5000000e+01   7.0213959e+01   9.5900991e+01   5.4405882e+01   7.3925638e+01   5.5659680e+01   9.3171884e+01   6.2008064e+01   2.6248809e+01   5.7801384e+01   8.1024688e+01   5.7628118e+01   1.0040418e+02   2.8284271e+00   9.1760558e+01   7.0710678e+01   3.0149627e+01   5.1429563e+01   4.3829214e+01   8.9587946e+01   7.4686009e+01   4.8083261e+01   5.7140179e+01   6.3529521e+01   6.2241465e+01   8.3432608e+01   5.2886671e+01   6.0827625e+00   2.9154759e+01   7.6026311e+01   9.9020200e+01   6.0166436e+01   5.8855756e+01   3.8288379e+01   9.3300589e+01   2.0880613e+01   2.9529646e+01   7.1168813e+01   5.7035077e+01   9.2195445e+00   3.0594117e+01   4.0816663e+01   4.7000000e+01   7.6026311e+01   2.9427878e+01   5.7489129e+01   7.0767224e+01   1.0295630e+01   9.6566040e+01   1.0323759e+02   8.6683332e+01   3.0805844e+01   1.8357560e+01   3.7054015e+01   8.7367042e+01   6.2769419e+01   8.2734515e+01   7.1700767e+01   6.2265560e+01   4.2190046e+01   7.9246451e+01   6.0008333e+01   7.5584390e+01   0.0000000e+00   7.3925638e+01   4.2047592e+01   8.5615419e+01   1.0401923e+02   7.2449983e+01   4.8877398e+01   1.0751744e+02   7.8262379e+01   9.8005102e+01   3.4539832e+01
  2.8178006e+01   3.8600518e+01   8.0000000e+01   9.0603532e+01   8.0099938e+01   1.1384200e+02   7.0710678e+01   2.2022716e+01   7.4202426e+01   8.0752709e+01   7.8517514e+01   1.0948973e+02   7.7278716e+01   5.3141321e+01   1.0294173e+02   3.3241540e+01   4.0311289e+01   5.0596443e+01   9.8020406e+01   8.0230917e+01   3.0000000e+01   1.0447966e+02   1.0201961e+02   5.7584720e+01   7.8089692e+01   3.4669872e+01   1.0375452e+02   9.2973114e+01   1.0530432e+02   6.3529521e+01   2.0615528e+01   6.6121101e+01   1.2108262e+02   6.3071388e+01   3.8052595e+01   7.2993150e+01   8.7920419e+01   7.0710678e+01   7.5432089e+01   4.5607017e+01   7.6661594e+01   2.2561028e+01   1.1985408e+02   6.7364679e+01   6.2641839e+01   8.7817994e+01   1.1300000e+02   5.0000000e+00   9.8045908e+01   6.3245553e+01   3.8948684e+01   6.2393910e+01   2.4041631e+01   1.0121265e+02   7.0213959e+01   8.9872131e+01   8.1024688e+01   1.1503912e+02   5.3338541e+01   4.7381431e+01   8.9358827e+01   6.9641941e+01   6.0440053e+01   9.2892411e+01   1.1142711e+02   6.8963759e+01   6.5299311e+01   7.0349129e+01   3.3120990e+01   1.0560303e+02   1.4362799e+02   9.5482983e+01   5.0635956e+01   8.5842880e+01   7.9705709e+01   3.1016125e+01   1.1036757e+02   1.8248288e+01   5.7428216e+01   8.4758480e+01   4.4204072e+01   1.1115755e+02   6.9720872e+01   7.4672619e+01   1.2074767e+02   9.6509067e+01   4.6529560e+01   5.2886671e+01   1.0031949e+02   7.0114193e+01   7.3925638e+01   0.0000000e+00   1.1588356e+02   1.2007081e+02   1.0259142e+02   1.0690182e+02   6.5787537e+01   8.0529498e+01   5.2630789e+01   8.6833173e+01   5.9363288e+01
  8.7709749e+01   1.4579781e+02   5.9236813e+01   4.9979996e+01   5.5542776e+01   1.4782760e+02   4.5177428e+01   1.3605881e+02   5.7140179e+01   1.1573245e+02   6.8352030e+01   9.9322706e+01   1.1788554e+02   6.3820060e+01   4.3266615e+01   1.4892280e+02   1.4436759e+02   6.6610810e+01   1.1253888e+02   1.3435029e+02   1.0683164e+02   1.0423531e+02   1.1412712e+02   8.2006097e+01   4.8877398e+01   1.0394710e+02   3.6000000e+01   2.8653098e+01   8.2377181e+01   1.3200379e+02   9.6041658e+01   1.0656923e+02   4.0816663e+01   1.2901550e+02   1.0143471e+02   5.2430907e+01   7.8185676e+01   1.1300000e+02   8.4929382e+01   1.4061650e+02   3.9395431e+01   1.3370116e+02   7.0767224e+01   5.9405387e+01   8.4148678e+01   6.1684682e+01   1.0400961e+02   1.1673046e+02   5.2153619e+01   8.5959293e+01   1.0049876e+02   9.5257546e+01   1.2491997e+02   6.1587336e+01   4.5793013e+01   4.2449971e+01   1.0332473e+02   1.1576269e+02   9.6020831e+01   9.6332757e+01   4.8764741e+01   1.2739309e+02   5.8137767e+01   3.4176015e+01   7.9025312e+01   8.3192548e+01   5.0606324e+01   5.7688820e+01   8.2764727e+01   4.7801674e+01   5.0159745e+01   3.4785054e+01   9.4132885e+01   9.4868330e+01   3.7013511e+01   1.3819190e+02   1.2387897e+02   1.2788276e+02   6.5795137e+01   3.4828150e+01   7.7620873e+01   1.0208330e+02   9.3059121e+01   1.1360018e+02   7.1505245e+01   7.2339477e+01   8.1215762e+01   1.1606895e+02   7.2201108e+01   1.0705606e+02   4.2047592e+01   1.1588356e+02   0.0000000e+00   9.3605555e+01   1.2851459e+02   8.4314886e+01   8.0305666e+01   1.4091132e+02   1.1506954e+02   1.2734599e+02   7.0178344e+01
  1.0317461e+02   1.2509596e+02   1.2592458e+02   5.0119856e+01   1.2224974e+02   6.7475922e+01   8.7664132e+01   1.2844454e+02   5.8694122e+01   5.5317267e+01   1.3354400e+02   1.5264338e+01   6.0207973e+01   9.9824847e+01   5.0931326e+01   1.4222517e+02   1.2092973e+02   1.0143471e+02   3.7589892e+01   7.4886581e+01   1.3418271e+02   2.4186773e+01   3.5846897e+01   6.2968246e+01   1.1280514e+02   1.3501481e+02   1.2020815e+02   1.0317461e+02   1.6124515e+01   8.5562842e+01   1.1154371e+02   6.1032778e+01   5.6356011e+01   8.2734515e+01   8.3216585e+01   1.1178998e+02   3.3060551e+01   6.1619802e+01   4.4643029e+01   1.1060289e+02   8.4581322e+01   1.2300406e+02   2.4698178e+01   1.1479111e+02   5.7489129e+01   4.2059482e+01   1.6492423e+01   1.1704700e+02   1.3136971e+02   1.3905754e+02   1.3503333e+02   5.9093147e+01   1.1002272e+02   3.3837849e+01   9.0824006e+01   5.8309519e+01   4.5453273e+01   2.8017851e+01   6.7779053e+01   7.3389373e+01   1.2258874e+02   7.5742986e+01   1.0261579e+02   1.1013628e+02   1.5000000e+01   1.4043148e+02   9.0138782e+01   1.1576701e+02   1.0002000e+02   4.5967380e+01   6.7896981e+01   6.2801274e+01   6.9892775e+01   3.6359318e+01   9.3914855e+01   1.2093387e+02   4.0447497e+01   1.3824616e+02   1.1205802e+02   1.0072239e+02   8.1098705e+01   1.6155494e+01   5.1478151e+01   5.8694122e+01   2.4351591e+01   1.4759743e+02   7.5538070e+01   7.9056942e+01   2.5632011e+01   5.7801384e+01   8.5615419e+01   1.2007081e+02   9.3605555e+01   0.0000000e+00   5.1244512e+01   1.4035669e+01   5.4744863e+01   8.2377181e+01   7.8492038e+01   6.1911227e+01   6.6007575e+01
  9.7943861e+01   9.1983694e+01   1.4073024e+02   7.8549348e+01   1.3788764e+02   1.9313208e+01   1.0435037e+02   1.0207840e+02   7.5716577e+01   2.2135944e+01   1.4600000e+02   3.6674242e+01   2.5317978e+01   1.0729865e+02   8.6833173e+01   1.1374533e+02   8.7097646e+01   1.0761505e+02   1.6278821e+01   2.9966648e+01   1.2619429e+02   2.8160256e+01   1.6031220e+01   6.0440053e+01   1.2949517e+02   1.2887591e+02   1.4534098e+02   1.2758135e+02   5.1009803e+01   4.6572524e+01   1.0324728e+02   3.7696154e+01   9.9609237e+01   4.4911023e+01   6.6098411e+01   1.2657409e+02   5.0328918e+01   3.2015621e+01   4.6400431e+01   7.5186435e+01   1.0440307e+02   9.6083297e+01   7.2249567e+01   1.2673200e+02   5.4561891e+01   6.6850580e+01   3.4785054e+01   9.8152942e+01   1.5185519e+02   1.4396180e+02   1.3078226e+02   4.6324939e+01   8.4005952e+01   6.9231496e+01   1.0705606e+02   8.6406018e+01   2.8284271e+01   2.5238859e+01   5.3665631e+01   5.9093147e+01   1.4176742e+02   3.6674242e+01   1.1327842e+02   1.3322162e+02   5.8077534e+01   1.4729902e+02   1.0400481e+02   1.2876335e+02   9.7128780e+01   8.3743656e+01   1.1606895e+02   9.3776330e+01   5.7245087e+01   3.4000000e+01   1.1420158e+02   9.0669730e+01   1.2727922e+01   1.1994165e+02   1.2025390e+02   1.2220065e+02   7.9881162e+01   3.5171011e+01   4.2520583e+01   2.8160256e+01   7.2339477e+01   1.6337993e+02   7.2111026e+01   5.0159745e+01   5.8694122e+01   3.4014703e+01   1.0401923e+02   1.0259142e+02   1.2851459e+02   5.1244512e+01   0.0000000e+00   5.0009999e+01   5.5865911e+01   3.6055513e+01   5.0249378e+01   1.7464249e+01   7.1421285e+01
  8.9274856e+01   1.1420158e+02   1.1272977e+02   3.7802116e+01   1.0912378e+02   6.8264193e+01   7.4323617e+01   1.1629703e+02   4.4922155e+01   4.8301139e+01   1.2015407e+02   1.5231546e+01   5.2839379e+01   8.5906926e+01   4.1048752e+01   1.3024976e+02   1.1025879e+02   8.7475711e+01   3.4234486e+01   6.8942005e+01   1.2026637e+02   2.2090722e+01   3.4000000e+01   4.9477268e+01   9.9729635e+01   1.2103718e+02   1.0857716e+02   9.1214034e+01   2.2360680e+00   7.7201036e+01   9.7739450e+01   5.0911688e+01   5.0447993e+01   7.4202426e+01   7.0682388e+01   9.8488578e+01   1.9235384e+01   5.2801515e+01   3.1780497e+01   1.0049876e+02   7.1589105e+01   1.1101802e+02   2.2561028e+01   1.0124228e+02   4.4271887e+01   2.8635642e+01   1.9723083e+01   1.0406248e+02   1.1898319e+02   1.2517188e+02   1.2101653e+02   4.7169906e+01   9.8112181e+01   2.2803509e+01   7.7472576e+01   4.6227697e+01   3.6619667e+01   3.1780497e+01   5.5470713e+01   6.0835845e+01   1.0993180e+02   6.7955868e+01   8.8887569e+01   9.8005102e+01   8.2462113e+00   1.2664912e+02   7.6550637e+01   1.0231813e+02   8.6052310e+01   3.6715120e+01   6.6068147e+01   5.1623638e+01   5.7271284e+01   2.6248809e+01   8.1123363e+01   1.0955364e+02   4.1773197e+01   1.2500000e+02   9.8234414e+01   8.8204308e+01   6.7186308e+01   1.7888544e+01   3.9661064e+01   5.0477718e+01   2.2803509e+01   1.3464769e+02   6.1814238e+01   6.8680419e+01   1.2806248e+01   4.8166378e+01   7.2449983e+01   1.0690182e+02   8.4314886e+01   1.4035669e+01   5.0009999e+01   0.0000000e+00   4.1231056e+01   7.6557168e+01   6.8014704e+01   5.6920998e+01   5.2000000e+01
  4.9091751e+01   7.7987178e+01   8.4899941e+01   3.4481879e+01   8.2024387e+01   7.4027022e+01   4.8826222e+01   7.6843998e+01   2.3194827e+01   3.7589892e+01   9.0426766e+01   4.6173586e+01   3.8626416e+01   5.2153619e+01   4.7169906e+01   9.1021975e+01   7.4813100e+01   5.2839379e+01   4.3266615e+01   5.4341513e+01   8.0024996e+01   4.3680659e+01   4.6647615e+01   8.2462113e+00   7.3661387e+01   8.1301906e+01   9.0824006e+01   7.3348483e+01   3.9560081e+01   5.2345009e+01   5.7035077e+01   2.6305893e+01   6.5306967e+01   4.9254441e+01   3.1240999e+01   7.0710678e+01   2.2135944e+01   3.2984845e+01   1.1401754e+01   6.7230945e+01   4.9648766e+01   7.2006944e+01   5.5217751e+01   7.1063352e+01   4.4721360e+00   2.6076810e+01   5.0487622e+01   6.3158531e+01   9.6213305e+01   9.0376988e+01   8.1884064e+01   1.5000000e+01   5.9548300e+01   3.8209946e+01   5.1400389e+01   3.9204592e+01   2.7586228e+01   5.6302753e+01   1.8357560e+01   2.1931712e+01   8.6052310e+01   4.7095647e+01   5.7628118e+01   7.8390050e+01   4.5694639e+01   9.3059121e+01   4.8166378e+01   7.3000000e+01   4.6529560e+01   4.7413078e+01   8.7321246e+01   4.7169906e+01   1.8439089e+01   2.5079872e+01   5.9169249e+01   7.2124892e+01   5.7140179e+01   8.3815273e+01   6.5192024e+01   6.7230945e+01   2.7459060e+01   4.8373546e+01   1.3892444e+01   3.4176015e+01   5.6035703e+01   1.0756393e+02   2.1000000e+01   3.7643060e+01   3.4985711e+01   2.7202941e+01   4.8877398e+01   6.5787537e+01   8.0305666e+01   5.4744863e+01   5.5865911e+01   4.1231056e+01   0.0000000e+00   6.0671245e+01   3.6687873e+01   4.9193496e+01   1.5620499e+01
  8.5632938e+01   6.0008333e+01   1.3771347e+02   9.3005376e+01   1.3569451e+02   3.7054015e+01   1.0662551e+02   7.3756356e+01   8.3862983e+01   2.8460499e+01   1.4091132e+02   6.7119297e+01   2.4515301e+01   1.0272780e+02   1.0430724e+02   8.3294658e+01   5.5009090e+01   1.0208330e+02   4.5000000e+01   7.6157731e+00   1.0846658e+02   5.8249464e+01   4.7507894e+01   6.0440053e+01   1.2879829e+02   1.1220071e+02   1.4934524e+02   1.3250283e+02   7.6694198e+01   1.7000000e+01   8.7863531e+01   3.4365681e+01   1.2050726e+02   1.7804494e+01   5.1855569e+01   1.2482388e+02   6.8066144e+01   2.8017851e+01   5.7035077e+01   4.3046487e+01   1.0881176e+02   6.7911707e+01   9.8792712e+01   1.2296748e+02   5.7070132e+01   8.2152298e+01   6.7007462e+01   7.5591005e+01   1.5205262e+02   1.3373481e+02   1.1525624e+02   4.5891176e+01   5.7939624e+01   8.9627005e+01   1.0863241e+02   9.9126182e+01   4.1231056e+01   6.0141500e+01   4.7539457e+01   5.0119856e+01   1.4176742e+02   1.4317821e+01   1.1014536e+02   1.3670406e+02   8.4693565e+01   1.3819190e+02   1.0438870e+02   1.2553884e+02   8.6683332e+01   1.0282509e+02   1.4018559e+02   1.0711676e+02   5.0566788e+01   5.1923020e+01   1.1765203e+02   6.0671245e+01   4.8600412e+01   9.5634722e+01   1.1454693e+02   1.2559060e+02   7.4303432e+01   6.6610810e+01   4.8041649e+01   2.8160256e+01   9.9161484e+01   1.5947727e+02   6.7082039e+01   3.1240999e+01   8.0777472e+01   3.4014703e+01   1.0751744e+02   8.0529498e+01   1.4091132e+02   8.2377181e+01   3.6055513e+01   7.6557168e+01   6.0671245e+01   0.0000000e+00   3.2015621e+01   2.0615528e+01   7.3082146e+01
  5.3740115e+01   4.6647615e+01   1.0606602e+02   7.1168813e+01   1.0420173e+02   6.1465437e+01   7.6902536e+01   5.2773099e+01   5.8549125e+01   2.9068884e+01   1.0900000e+02   6.4884513e+01   2.5019992e+01   7.1119618e+01   8.3815273e+01   6.5520989e+01   4.2438190e+01   7.0327804e+01   4.8270074e+01   2.9206164e+01   7.8294317e+01   5.7775427e+01   5.2172790e+01   3.3136083e+01   9.7693398e+01   8.1633327e+01   1.1936918e+02   1.0316007e+02   6.7208630e+01   1.7720045e+01   5.6612719e+01   1.7492856e+01   1.0176935e+02   1.5231546e+01   1.9849433e+01   9.3520051e+01   5.2801515e+01   1.9235384e+01   3.8832976e+01   3.2526912e+01   7.9906195e+01   4.6872167e+01   8.7321246e+01   9.1301698e+01   3.2280025e+01   6.2241465e+01   6.7119297e+01   4.8052055e+01   1.2093387e+02   1.0183320e+02   8.4314886e+01   2.2825424e+01   3.4234486e+01   7.3061618e+01   7.8587531e+01   7.5504967e+01   3.3541020e+01   6.5969690e+01   1.9104973e+01   1.9416488e+01   1.1069327e+02   1.8439089e+01   7.8721026e+01   1.0673800e+02   7.4953319e+01   1.0621676e+02   7.4040529e+01   9.3941471e+01   5.4671748e+01   8.3773504e+01   1.2343824e+02   8.3360662e+01   2.1023796e+01   4.2201896e+01   8.8073833e+01   4.3081318e+01   5.9135438e+01   6.9720872e+01   8.2680106e+01   9.5801879e+01   4.3081318e+01   6.5741920e+01   2.9206164e+01   2.3194827e+01   8.7965902e+01   1.2762445e+02   3.6400549e+01   1.0000000e+00   6.7007462e+01   2.1023796e+01   7.8262379e+01   5.2630789e+01   1.1506954e+02   7.8492038e+01   5.0249378e+01   6.8014704e+01   3.6687873e+01   3.2015621e+01   0.0000000e+00   3.4205263e+01   4.5011110e+01
  8.5146932e+01   7.4525164e+01   1.3213629e+02   7.7929455e+01   1.2963024e+02   2.7784888e+01   9.7754795e+01   8.5000000e+01   7.1512237e+01   1.1704700e+01   1.3656134e+02   4.6647615e+01   1.1313708e+01   9.7672924e+01   8.8141931e+01   9.6420952e+01   6.9634761e+01   9.7590983e+01   2.4413111e+01   1.3453624e+01   1.1189281e+02   3.7735925e+01   2.6907248e+01   5.1613952e+01   1.2182775e+02   1.1493476e+02   1.4000357e+02   1.2253979e+02   5.7280014e+01   2.9120440e+01   8.9470666e+01   2.5455844e+01   1.0317461e+02   2.7459060e+01   5.1884487e+01   1.1840608e+02   5.1009803e+01   1.8439089e+01   4.2449971e+01   5.7723479e+01   9.8838252e+01   7.9000000e+01   7.9404030e+01   1.1768602e+02   4.6647615e+01   6.6483081e+01   4.6400431e+01   8.2225300e+01   1.4477914e+02   1.3243867e+02   1.1723907e+02   3.6400549e+01   6.7186308e+01   7.2111026e+01   1.0016986e+02   8.4929382e+01   2.4186773e+01   3.9824616e+01   4.1773197e+01   4.6400431e+01   1.3452509e+02   1.9235384e+01   1.0435037e+02   1.2753431e+02   6.5145990e+01   1.3623509e+02   9.6519428e+01   1.1997083e+02   8.5000000e+01   8.6000000e+01   1.2182364e+02   9.2763139e+01   4.5343136e+01   3.4014703e+01   1.0830051e+02   7.3334848e+01   2.9068884e+01   1.0375452e+02   1.1031772e+02   1.1636151e+02   6.9296465e+01   4.6043458e+01   3.5341194e+01   1.5620499e+01   7.9699435e+01   1.5456390e+02   6.1522354e+01   3.3955854e+01   6.2513998e+01   2.2803509e+01   9.8005102e+01   8.6833173e+01   1.2734599e+02   6.1911227e+01   1.7464249e+01   5.6920998e+01   4.9193496e+01   2.0615528e+01   3.4205263e+01   0.0000000e+00   6.3812225e+01
  3.7656341e+01   7.9259069e+01   6.9310894e+01   3.1827661e+01   6.6483081e+01   8.9375612e+01   3.4000000e+01   7.4276510e+01   1.5811388e+01   5.2430907e+01   7.4813100e+01   5.9665736e+01   5.2839379e+01   3.6715120e+01   4.4687806e+01   8.8391176e+01   7.6922038e+01   3.7576588e+01   5.8821765e+01   6.7416615e+01   6.8468971e+01   5.8309519e+01   6.2128898e+01   1.2649111e+01   5.8258047e+01   6.9065187e+01   7.6557168e+01   5.9464275e+01   5.0009999e+01   6.2289646e+01   4.6572524e+01   3.9395431e+01   6.3253458e+01   5.9413803e+01   3.2310989e+01   5.5172457e+01   3.3136083e+01   4.6518813e+01   2.6419690e+01   7.1470274e+01   3.5735137e+01   7.0292247e+01   6.1098281e+01   5.5443665e+01   1.7204651e+01   2.8635642e+01   6.4288413e+01   5.7801384e+01   8.1024688e+01   7.5392307e+01   6.9028979e+01   2.7730849e+01   5.9076222e+01   4.2047592e+01   3.6359318e+01   3.3120990e+01   4.3139309e+01   7.1175839e+01   2.6172505e+01   2.6172505e+01   7.0802542e+01   5.8940648e+01   4.2011903e+01   6.3976558e+01   5.4589376e+01   7.7820306e+01   3.2802439e+01   5.7384667e+01   3.4132096e+01   4.6690470e+01   8.5912746e+01   4.0311289e+01   2.4000000e+01   4.0311289e+01   4.4777226e+01   7.2401657e+01   7.2670489e+01   7.6478755e+01   4.9739320e+01   5.2801515e+01   1.5811388e+01   6.2096699e+01   2.9068884e+01   4.8373546e+01   6.2032250e+01   9.1967386e+01   1.3453624e+01   4.6010868e+01   4.2755117e+01   4.1182521e+01   3.4539832e+01   5.9363288e+01   7.0178344e+01   6.6007575e+01   7.1421285e+01   5.2000000e+01   1.5620499e+01   7.3082146e+01   4.5011110e+01   6.3812225e+01   0.0000000e+00
