  0.0000000e+00   1.2869317e+01   4.5154227e+01   3.5702983e+01   2.4190715e+01   3.0603986e+01   5.2930907e+01   4.7426407e+00   3.9310437e+01   3.1065503e+01   2.4217082e+01   4.0540604e+01   1.0348858e+01   3.2300157e+01   5.2504807e+01   5.2377259e+01   2.2860680e+01   5.3615440e+01   3.9081083e+01   2.5409837e+01   4.1197051e+01   5.8700086e+01   6.0025205e+01   4.5677428e+01   3.2142535e+01   2.5248737e+01   5.8648517e+01   3.0707615e+01   4.3453463e+01   2.4918231e+01   6.4196546e+01   6.0427039e+01   4.9840653e+01   1.0361541e+01   2.9774562e+01   4.8803727e+01   3.9332976e+01   5.9939044e+01   3.6917715e+01   5.2696743e+01   5.0161353e+01   2.0280040e+01   4.5986262e+01   5.7607355e+01   5.7502193e+01   2.4426972e+01   3.6735342e+01   4.5605432e+01   3.2535137e+01   5.9002137e+01   6.2411227e+01   6.4441379e+01   6.8928795e+01   3.0765492e+01   5.4084046e+01   5.8104253e+01   5.0564958e+01   1.5340822e+01   4.2467249e+01   1.6180340e+00   6.9122154e+01   2.4686773e+01   3.0732433e+01   2.5519992e+01   5.6647128e+01   3.6517357e+01   2.8571338e+01   5.4167961e+01   1.6778821e+01   6.3875863e+01   2.3521729e+01   4.8301674e+01   3.4503676e+01   6.6106783e+01   1.3000000e+01   9.4442719e+00   2.9654759e+01   2.9214108e+01   3.1968238e+01   5.7793106e+01   5.0920730e+01   3.7513511e+01   6.3103914e+01   1.1601802e+01   5.6769441e+01   5.5608983e+01   2.4353721e+01   2.3171568e+01   3.7174242e+01   5.2473551e+01   6.6501894e+01   3.8401187e+01   3.9774674e+01   6.0915230e+01   6.3905441e+01   2.1115528e+01   1.3158989e+01   5.1980579e+01   6.0460404e+01   3.8066608e+01   3.1548349e+01
  1.2869317e+01   0.0000000e+00   3.6900549e+01   3.2394357e+01   1.2000000e+01   2.3352790e+01   4.4363424e+01   1.5500000e+01   4.1417600e+01   1.9663768e+01   3.3703915e+01   4.2799527e+01   2.1523796e+01   2.4063743e+01   4.4232139e+01   4.8565060e+01   2.8302878e+01   4.5346962e+01   2.7004717e+01   1.3089678e+01   4.2324036e+01   5.5082506e+01   6.0577034e+01   3.8578866e+01   2.0902206e+01   1.3009996e+01   5.1266623e+01   2.4132605e+01   4.4794469e+01   2.7206741e+01   6.3343058e+01   6.1370765e+01   5.2504807e+01   4.5311289e+00   1.8884776e+01   4.0101136e+01   4.0811289e+01   6.0915230e+01   2.7000000e+01   4.9126125e+01   4.7683154e+01   7.9330344e+00   3.7836309e+01   4.8094643e+01   5.8648517e+01   1.2097414e+01   2.7813001e+01   3.7816216e+01   2.4753866e+01   6.1216555e+01   5.4351648e+01   6.4064927e+01   7.1679351e+01   3.1884710e+01   5.3180642e+01   5.9315389e+01   4.7217235e+01   2.2641590e+01   4.4491476e+01   1.3624405e+01   6.3301274e+01   1.2500000e+01   1.9604973e+01   2.5096748e+01   6.0869694e+01   3.8503289e+01   2.7425824e+01   4.5735495e+01   2.5198178e+01   6.0018905e+01   3.3072995e+01   4.3511626e+01   2.2162179e+01   6.6517043e+01   2.5182990e+01   4.6231056e+00   1.8527756e+01   2.1488092e+01   2.2208293e+01   4.9617207e+01   5.1009900e+01   3.6900549e+01   5.3104658e+01   1.9948650e+01   5.8190987e+01   5.6446403e+01   3.0732433e+01   3.0913813e+01   3.8578866e+01   4.2300120e+01   5.8854520e+01   3.5606979e+01   2.7564737e+01   6.4320060e+01   5.4167961e+01   1.1270330e+01   1.7418924e+01   4.8042087e+01   6.3913327e+01   3.9207234e+01   2.7794688e+01
  4.5154227e+01   3.6900549e+01   0.0000000e+00   1.8672782e+01   3.4533072e+01   1.5103082e+01   8.3102497e+00   4.4545431e+01   3.5503571e+01   3.9885911e+01   5.0823951e+01   3.6531236e+01   4.7881431e+01   1.3471122e+01   7.8824115e+00   2.1386599e+01   3.9410153e+01   9.0000000e+00   3.7547267e+01   3.3003846e+01   3.3138168e+01   2.6504807e+01   4.2431492e+01   5.5000000e+00   4.1024684e+01   3.4003731e+01   1.5137281e+01   1.5349242e+01   3.4865681e+01   3.2737401e+01   4.0528115e+01   4.4160623e+01   4.3073466e+01   3.6503472e+01   4.1694660e+01   4.5311289e+00   3.3515148e+01   4.3916587e+01   1.2043396e+01   2.2465883e+01   2.4938699e+01   3.2566337e+01   1.5000000e+00   1.4147344e+01   4.2764051e+01   3.3034597e+01   9.7195445e+00   2.6213203e+00   1.3119429e+01   4.7770498e+01   1.7964249e+01   4.2434473e+01   5.7530693e+01   3.0332868e+01   3.3000000e+01   4.3433087e+01   2.2005813e+01   4.1600487e+01   3.6669739e+01   4.6262976e+01   2.8660256e+01   3.4514703e+01   2.0500000e+01   2.7332816e+01   5.3495283e+01   3.4059648e+01   2.5198178e+01   9.5138782e+00   4.4329214e+01   2.9834280e+01   5.0619856e+01   1.5500000e+01   2.8522313e+01   4.6600434e+01   5.3180642e+01   3.7621422e+01   4.0699502e+01   1.6453056e+01   1.5706906e+01   1.3247549e+01   3.4577118e+01   2.6500000e+01   2.0406029e+01   4.2645581e+01   4.3246345e+01   4.0312058e+01   4.2129317e+01   4.5221360e+01   3.2515621e+01   1.2510412e+01   2.2482948e+01   2.0006409e+01   2.5768558e+01   5.3641321e+01   2.0481241e+01   2.6132011e+01   3.6958881e+01   2.0680436e+01   5.3474050e+01   3.2000000e+01   1.8884776e+01
  3.5702983e+01   3.2394357e+01   1.8672782e+01   0.0000000e+00   3.6059809e+01   1.3227922e+01   2.5020400e+01   3.3549206e+01   1.7762677e+01   4.3910828e+01   3.4311980e+01   1.8939089e+01   3.4941980e+01   1.5500000e+01   2.3807724e+01   1.7188319e+01   2.2843903e+01   2.4666092e+01   4.5402673e+01   3.5231110e+01   1.6008062e+01   2.3586793e+01   3.0500000e+01   1.5541609e+01   4.5293973e+01   3.6098455e+01   2.6748809e+01   1.1465856e+01   1.8170597e+01   1.6072412e+01   3.1884710e+01   3.1740999e+01   2.6886550e+01   3.0038111e+01   4.4842418e+01   2.2465883e+01   1.5902922e+01   3.1358548e+01   2.1523796e+01   1.7566048e+01   1.5797059e+01   3.1884710e+01   1.8837121e+01   3.1820920e+01   2.9500000e+01   3.4738137e+01   1.7769916e+01   1.7477927e+01   1.4101471e+01   3.3534073e+01   3.1600643e+01   3.2922986e+01   4.4057433e+01   1.2384864e+01   2.1970911e+01   3.0206902e+01   1.5508331e+01   2.7127054e+01   1.9473666e+01   3.6783605e+01   3.4488969e+01   3.6294553e+01   2.5604780e+01   1.1736103e+01   3.7204904e+01   1.6008062e+01   8.7006097e+00   2.5579872e+01   2.9314059e+01   2.8717902e+01   3.4237961e+01   1.3471122e+01   3.5862409e+01   3.6010562e+01   4.0129534e+01   3.1016389e+01   4.3977005e+01   1.5034442e+01   2.0412308e+01   2.7854159e+01   2.1054805e+01   8.8815273e+00   3.8143060e+01   2.9353076e+01   2.9500000e+01   2.7037709e+01   2.5203239e+01   2.8611386e+01   1.4580128e+01   3.0566593e+01   3.4448490e+01   3.8541020e+00   3.6140567e+01   3.8503289e+01   3.7836309e+01   2.3807724e+01   2.4269729e+01   1.6778821e+01   3.8235925e+01   1.4229530e+01   5.1097722e+00
  2.4190715e+01   1.2000000e+01   3.4533072e+01   3.6059809e+01   0.0000000e+00   2.4217082e+01   4.1024684e+01   2.7000000e+01   4.8588460e+01   9.1023253e+00   4.4763416e+01   5.0002525e+01   3.3015381e+01   2.3445588e+01   4.1307475e+01   5.0500000e+01   3.8066608e+01   4.2362871e+01   1.5508331e+01   2.3027756e+00   4.8770074e+01   5.6895922e+01   6.5849063e+01   3.7584363e+01   1.0500000e+01   1.6180340e+00   4.9126125e+01   2.5664459e+01   5.1266623e+01   3.5500000e+01   6.7376752e+01   6.6926651e+01   5.9595262e+01   1.5632746e+01   9.4022469e+00   3.6845564e+01   4.7587684e+01   6.6509469e+01   2.3138463e+01   5.1266623e+01   5.0923209e+01   5.6478151e+00   3.5532128e+01   4.3190748e+01   6.4441379e+01   2.0000000e+00   2.5505000e+01   3.6000000e+01   2.4635037e+01   6.7732804e+01   5.1217354e+01   6.8479776e+01   7.8354030e+01   3.9038941e+01   5.7530693e+01   6.5137450e+01   4.9675705e+01   3.3401368e+01   5.1455863e+01   2.4831050e+01   6.2518143e+01   1.0000000e+00   1.4580128e+01   3.1968238e+01   6.8780671e+01   4.5754834e+01   3.3473474e+01   4.2505952e+01   3.6154593e+01   6.1403612e+01   4.4160623e+01   4.4763416e+01   1.1901754e+01   7.1510563e+01   3.6624784e+01   1.6032225e+01   8.6394103e+00   2.2162179e+01   1.9526298e+01   4.6535313e+01   5.6258407e+01   4.2407637e+01   4.7260026e+01   3.1094117e+01   6.4206358e+01   6.2073127e+01   4.0764749e+01   4.1466450e+01   4.5436066e+01   3.6617863e+01   5.6078773e+01   3.9413365e+01   1.7856555e+01   7.1607313e+01   4.8692323e+01   1.3000000e+01   2.7712130e+01   4.9881171e+01   7.1242491e+01   4.5843136e+01   3.1632780e+01
  3.0603986e+01   2.3352790e+01   1.5103082e+01   1.3227922e+01   2.4217082e+01   0.0000000e+00   2.2910935e+01   2.9949109e+01   2.9135642e+01   3.1588583e+01   3.7973324e+01   3.0466648e+01   3.3473474e+01   3.5000000e+00   2.2414607e+01   2.6815395e+01   2.7075365e+01   2.3521729e+01   3.2675301e+01   2.3155022e+01   2.8113403e+01   3.3256679e+01   4.3138011e+01   1.5837862e+01   3.2942256e+01   2.4084953e+01   2.8731188e+01   2.3027756e+00   3.0454132e+01   2.1054805e+01   4.3916587e+01   4.4431765e+01   3.9194315e+01   2.2328880e+01   3.2737401e+01   1.8898369e+01   2.7560118e+01   4.4057433e+01   1.0500000e+01   2.7560118e+01   2.7332816e+01   2.0723748e+01   1.5902922e+01   2.8158633e+01   4.2225292e+01   2.2799103e+01   7.9330344e+00   1.5508331e+01   2.7360680e+00   4.6219252e+01   3.2315877e+01   4.5179414e+01   5.6769441e+01   2.1000000e+01   3.4337849e+01   4.2932299e+01   2.5960754e+01   2.7794688e+01   3.1386890e+01   3.1716983e+01   4.0453098e+01   2.4379908e+01   1.2879418e+01   1.5508331e+01   4.9308298e+01   2.6777367e+01   1.4721463e+01   2.4100847e+01   3.0686918e+01   3.7906550e+01   3.7665172e+01   2.1218349e+01   2.3138463e+01   4.8510416e+01   3.8742646e+01   2.3440139e+01   3.1824910e+01   2.5615528e+00   7.8824115e+00   2.7689152e+01   3.3764095e+01   2.1024376e+01   3.4100595e+01   2.8401613e+01   4.2225292e+01   3.9758757e+01   3.0016944e+01   3.2644206e+01   2.5783394e+01   2.4206539e+01   3.6506944e+01   1.6445219e+01   2.3764780e+01   5.1009900e+01   3.4558773e+01   1.3000000e+01   2.2703603e+01   2.6209920e+01   5.0719518e+01   2.5768558e+01   9.6787799e+00
  5.2930907e+01   4.4363424e+01   8.3102497e+00   2.5020400e+01   4.1024684e+01   2.2910935e+01   0.0000000e+00   5.2355569e+01   4.0876354e+01   4.5502778e+01   5.8123780e+01   4.1746212e+01   5.5654329e+01   2.1170027e+01   2.0811388e+00   2.2505681e+01   4.6641088e+01   2.3027756e+00   4.1882363e+01   3.9390873e+01   3.8119809e+01   2.6019600e+01   4.4332066e+01   9.9868330e+00   4.6524450e+01   4.0381073e+01   9.5138782e+00   2.3138463e+01   3.9512818e+01   3.9885911e+01   4.1061681e+01   4.6208314e+01   4.7131534e+01   4.4160623e+01   4.7510637e+01   4.7720019e+00   3.8827536e+01   4.6041190e+01   1.8451323e+01   2.3619256e+01   2.7300187e+01   3.9580046e+01   7.5710678e+00   7.5178344e+00   4.5280018e+01   3.9544846e+01   1.7052945e+01   8.4056942e+00   2.0902206e+01   5.0584928e+01   1.0698039e+01   4.3237571e+01   5.9665023e+01   3.6900549e+01   3.5130189e+01   4.5900991e+01   2.3920077e+01   4.9226276e+01   4.1576149e+01   5.4037370e+01   2.3909400e+01   4.0947497e+01   2.6976405e+01   3.4632096e+01   5.7372665e+01   3.9822385e+01   3.2264760e+01   2.0000000e+00   5.1900389e+01   2.8077164e+01   5.7954330e+01   1.7762677e+01   3.3594561e+01   4.7683154e+01   6.0958664e+01   4.5277226e+01   4.6510868e+01   2.4217082e+01   2.2799103e+01   6.0226805e+00   3.7665172e+01   3.2075307e+01   1.3738202e+01   5.0382362e+01   4.5978017e+01   4.2949971e+01   4.9264741e+01   5.2471146e+01   3.8156341e+01   1.0052487e+01   1.5574813e+01   2.5609759e+01   2.9731832e+01   5.6793872e+01   1.3316006e+01   3.3605891e+01   4.4706900e+01   2.1860009e+01   5.6689412e+01   3.7489863e+01   2.6053865e+01
  4.7426407e+00   1.5500000e+01   4.4545431e+01   3.3549206e+01   2.7000000e+01   2.9949109e+01   5.2355569e+01   0.0000000e+00   3.5702983e+01   3.4371079e+01   2.0057607e+01   3.6890246e+01   6.5827625e+00   3.1968238e+01   5.1807894e+01   5.0100907e+01   1.8884776e+01   5.2904675e+01   4.2003012e+01   2.8040879e+01   3.7772644e+01   5.6305466e+01   5.6573612e+01   4.4602154e+01   3.5517853e+01   2.8004545e+01   5.7528502e+01   2.9800171e+01   3.9958839e+01   2.1553503e+01   6.1033049e+01   5.6893705e+01   4.6046679e+01   1.2172618e+01   3.3256679e+01   4.8335656e+01   3.5855339e+01   5.6401699e+01   3.7204904e+01   5.0344759e+01   4.7523930e+01   2.2641590e+01   4.5321870e+01   5.7423194e+01   5.3943896e+01   2.7042419e+01   3.6569378e+01   4.4800113e+01   3.2015869e+01   5.5240296e+01   6.1532778e+01   6.1167125e+01   6.5048431e+01   2.7518512e+01   5.1000000e+01   5.4530084e+01   4.8170746e+01   1.1235455e+01   3.8843839e+01   5.2169906e+00   6.7350580e+01   2.7500000e+01   3.1804952e+01   2.2860680e+01   5.2600864e+01   3.2969216e+01   2.5995098e+01   5.3521222e+01   1.2541595e+01   6.1512294e+01   1.9367962e+01   4.6380279e+01   3.6683560e+01   6.2655048e+01   1.0462429e+01   1.1545361e+01   3.3057641e+01   2.8793109e+01   3.2300157e+01   5.7002212e+01   4.7630139e+01   3.4558773e+01   6.3127869e+01   7.4462220e+00   5.3161656e+01   5.2123638e+01   2.0223083e+01   1.8939089e+01   3.3741540e+01   5.2675186e+01   6.5424957e+01   3.6031676e+01   4.1640005e+01   5.6962377e+01   6.3787044e+01   2.1970911e+01   1.0052487e+01   4.9746827e+01   5.6502232e+01   3.4679672e+01   2.9654759e+01
  3.9310437e+01   4.1417600e+01   3.5503571e+01   1.7762677e+01   4.8588460e+01   2.9135642e+01   4.0876354e+01   3.5702983e+01   0.0000000e+00   5.7072962e+01   2.6311819e+01   1.9142136e+00   3.4014922e+01   3.1884710e+01   3.9464728e+01   2.4217082e+01   1.8000000e+01   4.0123226e+01   6.0310116e+01   4.8241491e+01   4.0355339e+00   2.8086228e+01   2.1523796e+01   3.1600643e+01   5.8487068e+01   4.8938105e+01   4.0060081e+01   2.7356098e+01   5.1097722e+00   1.5077380e+01   2.6976405e+01   2.1713203e+01   1.1601802e+01   3.7896524e+01   5.7449539e+01   3.9029210e+01   2.5615528e+00   2.1218349e+01   3.8447332e+01   2.3700216e+01   1.8939089e+01   4.3685646e+01   3.5503571e+01   4.7881431e+01   1.8748288e+01   4.7523930e+01   3.4840210e+01   3.4014922e+01   3.0583218e+01   2.0406029e+01   4.5268851e+01   2.6619916e+01   3.0769622e+01   1.0104686e+01   1.7964249e+01   1.9328170e+01   2.1719095e+01   2.5579872e+01   3.6622777e+00   4.0154760e+01   4.2693009e+01   4.8938105e+01   4.1061681e+01   1.7150826e+01   2.0902206e+01   3.4154759e+00   1.5805228e+01   4.1107881e+01   2.6019600e+01   3.2830326e+01   2.6600766e+01   2.5020400e+01   5.1121142e+01   2.7573973e+01   3.8083241e+01   3.8529594e+01   5.6724994e+01   3.0470819e+01   3.6506944e+01   4.2467249e+01   1.3480755e+01   9.5138782e+00   5.4100373e+01   2.9214108e+01   1.7964249e+01   1.7030275e+01   1.8255281e+01   2.1600948e+01   3.8541020e+00   4.7510637e+01   4.6787147e+01   1.6000000e+01   5.2377259e+01   2.3548861e+01   5.3452809e+01   3.6224641e+01   2.6748809e+01   2.4353721e+01   2.3171568e+01   4.0355339e+00   2.0000000e+01
  3.1065503e+01   1.9663768e+01   3.9885911e+01   4.3910828e+01   9.1023253e+00   3.1588583e+01   4.5502778e+01   3.4371079e+01   5.7072962e+01   0.0000000e+00   5.2847397e+01   5.8487068e+01   4.0453098e+01   3.0307717e+01   4.6043935e+01   5.7508771e+01   4.6589587e+01   4.7024187e+01   9.6787799e+00   9.3459030e+00   5.7139209e+01   6.3765314e+01   7.3865523e+01   4.3561003e+01   1.9142136e+00   8.6394103e+00   5.4114364e+01   3.3184094e+01   5.9629096e+01   4.4100459e+01   7.5001678e+01   7.5015099e+01   6.8037027e+01   2.3586793e+01   3.0000000e+00   4.1548752e+01   5.6018015e+01   7.4609716e+01   2.8365750e+01   5.8346780e+01   5.8418046e+01   1.4229530e+01   4.0876354e+01   4.6461941e+01   7.2600624e+01   1.0052487e+01   3.1423292e+01   4.1600487e+01   3.1620733e+01   7.6046343e+01   5.5520451e+01   7.6224831e+01   8.6675693e+01   4.7555818e+01   6.5326692e+01   7.3301099e+01   5.6902571e+01   4.1640005e+01   5.9901178e+01   3.1516125e+01   6.8037027e+01   8.7006097e+00   2.0280040e+01   4.0490624e+01   7.7319594e+01   5.4258720e+01   4.1879343e+01   4.7002688e+01   4.4297831e+01   6.8029623e+01   5.2222819e+01   5.1590606e+01   1.2665525e+01   7.9420846e+01   4.3546487e+01   2.3786262e+01   2.3027756e+00   2.9590376e+01   2.5798221e+01   5.1000000e+01   6.4320060e+01   5.0632325e+01   4.9617207e+01   3.9100518e+01   7.2420095e+01   7.0201148e+01   4.9246795e+01   4.9807707e+01   5.3887733e+01   3.9544846e+01   6.0508333e+01   4.7246658e+01   1.8057050e+01   8.0056584e+01   5.1318304e+01   2.1362646e+01   3.6087919e+01   5.6860447e+01   7.9699116e+01   5.4258720e+01   3.9618410e+01
  2.4217082e+01   3.3703915e+01   5.0823951e+01   3.4311980e+01   4.4763416e+01   3.7973324e+01   5.8123780e+01   2.0057607e+01   2.6311819e+01   5.2847397e+01   0.0000000e+00   2.6905492e+01   1.4659802e+01   4.0826790e+01   5.7103887e+01   4.7905168e+01   1.2010864e+01   5.8060837e+01   5.9533889e+01   4.5411023e+01   2.9590376e+01   5.2923754e+01   4.6295742e+01   4.8899380e+01   5.4102705e+01   4.5622057e+01   6.0552061e+01   3.6900549e+01   3.0872685e+01   1.8809833e+01   5.2560061e+01   4.5967021e+01   3.3636083e+01   2.9761750e+01   5.2060644e+01   5.4853013e+01   2.7564737e+01   4.5472214e+01   4.7555818e+01   4.7701695e+01   4.3491278e+01   3.9822385e+01   5.1298622e+01   6.4470696e+01   4.3000000e+01   4.4431765e+01   4.5405456e+01   5.0239320e+01   4.0189419e+01   4.2511903e+01   6.5403775e+01   5.1919841e+01   5.0858713e+01   2.3138463e+01   4.3769504e+01   4.3421440e+01   4.5500000e+01   1.2043396e+01   2.8806360e+01   2.4400837e+01   6.6640003e+01   4.5249302e+01   4.5137428e+01   2.4005319e+01   3.7174242e+01   2.4650569e+01   2.6432605e+01   5.8905907e+01   9.1313383e+00   5.7954330e+01   1.2071068e+00   4.6461941e+01   5.2617655e+01   5.2048521e+01   1.5706906e+01   2.9594673e+01   5.1729874e+01   3.7863083e+01   4.3351488e+01   6.1532778e+01   3.9245968e+01   3.0408193e+01   7.0715739e+01   1.4256816e+01   4.1867258e+01   4.1882363e+01   9.6923882e+00   6.2008771e+00   2.6239075e+01   6.1502049e+01   6.8184932e+01   3.5155447e+01   5.6508928e+01   4.2362871e+01   7.0772683e+01   3.6003521e+01   1.8028548e+01   4.7820714e+01   4.1867258e+01   2.7356098e+01   3.2570235e+01
  4.0540604e+01   4.2799527e+01   3.6531236e+01   1.8939089e+01   5.0002525e+01   3.0466648e+01   4.1746212e+01   3.6890246e+01   1.9142136e+00   5.8487068e+01   2.6905492e+01   0.0000000e+00   3.5057922e+01   3.3195565e+01   4.0315198e+01   2.4510414e+01   1.9027007e+01   4.0947497e+01   6.1706617e+01   4.9655366e+01   4.3078866e+00   2.8086228e+01   2.0500000e+01   3.2535137e+01   5.9901178e+01   5.0352282e+01   4.0662171e+01   2.8682441e+01   4.5311289e+00   1.6390249e+01   2.6209920e+01   2.0599751e+01   1.0208244e+01   3.9262095e+01   5.8863088e+01   4.0003164e+01   3.5413813e+00   2.0102296e+01   3.9717343e+01   2.3936083e+01   1.9101075e+01   4.5098206e+01   3.6503472e+01   4.8759714e+01   1.7617243e+01   4.8938105e+01   3.6084407e+01   3.5000000e+01   3.1884710e+01   1.9080904e+01   4.5878960e+01   2.5743811e+01   2.9400692e+01   1.1511358e+01   1.7500000e+01   1.8177670e+01   2.2023243e+01   2.6672505e+01   2.5000000e+00   4.1371751e+01   4.2823162e+01   5.0352282e+01   4.2431492e+01   1.8562392e+01   1.9506578e+01   4.8011626e+00   1.7210775e+01   4.1936699e+01   2.7000000e+01   3.2721887e+01   2.7225456e+01   2.5644582e+01   5.2504807e+01   2.6519224e+01   3.9029210e+01   3.9885911e+01   5.8138963e+01   3.1824910e+01   3.7843005e+01   4.3187820e+01   1.2849089e+01   1.0611874e+01   5.4951814e+01   3.0341247e+01   1.6778821e+01   1.6000000e+01   1.9107794e+01   2.2368928e+01   5.2169906e+00   4.8541649e+01   4.7260026e+01   1.7030275e+01   5.3718888e+01   2.2139085e+01   5.4258720e+01   3.7638255e+01   2.8013633e+01   2.4686773e+01   2.1760292e+01   5.2434165e+00   2.1314658e+01
  1.0348858e+01   2.1523796e+01   4.7881431e+01   3.4941980e+01   3.3015381e+01   3.3473474e+01   5.5654329e+01   6.5827625e+00   3.4014922e+01   4.0453098e+01   1.4659802e+01   3.5057922e+01   0.0000000e+00   3.5802266e+01   5.4965585e+01   5.1009900e+01   1.6531220e+01   5.6036024e+01   4.8023678e+01   3.4003731e+01   3.6531236e+01   5.6946878e+01   5.5036685e+01   4.7361498e+01   4.1600487e+01   3.4003731e+01   6.0100755e+01   3.3034597e+01   3.8500000e+01   2.1000000e+01   6.0134302e+01   5.5146592e+01   4.3656691e+01   1.8028548e+01   3.9332976e+01   5.1795711e+01   3.4514703e+01   5.4647945e+01   4.1576149e+01   5.1121142e+01   4.7820714e+01   2.8540150e+01   4.8583261e+01   6.1132087e+01   5.2155106e+01   3.3003846e+01   4.0500000e+01   4.7897257e+01   3.5646124e+01   5.2868884e+01   6.4390531e+01   6.0018905e+01   6.2245445e+01   2.6976405e+01   5.0362310e+01   5.2694348e+01   4.8899380e+01   9.0586214e+00   3.7054753e+01   1.0361541e+01   6.8925142e+01   3.3515148e+01   3.6900549e+01   2.3759407e+01   4.9249359e+01   3.1504032e+01   2.6900758e+01   5.6724994e+01   8.7462113e+00   6.2164414e+01   1.3953624e+01   4.7913078e+01   4.2431492e+01   6.1074334e+01   5.8150729e+00   1.7500000e+01   3.9139358e+01   3.2601402e+01   3.6780160e+01   6.0002101e+01   4.6567885e+01   3.4455854e+01   6.7030068e+01   6.0901699e+00   5.1246921e+01   5.0539984e+01   1.6992423e+01   1.4817821e+01   3.2562439e+01   5.6822731e+01   6.8000000e+01   3.7003424e+01   4.7195824e+01   5.3950912e+01   6.7531709e+01   2.7070661e+01   1.1511358e+01   5.0731962e+01   5.3474050e+01   3.3594561e+01   3.1564449e+01
  3.2300157e+01   2.4063743e+01   1.3471122e+01   1.5500000e+01   2.3445588e+01   3.5000000e+00   2.1170027e+01   3.1968238e+01   3.1884710e+01   3.0307717e+01   4.0826790e+01   3.3195565e+01   3.5802266e+01   0.0000000e+00   2.0853132e+01   2.7712130e+01   3.0016944e+01   2.1970911e+01   3.0653773e+01   2.2208293e+01   3.0707615e+01   3.4026109e+01   4.5098206e+01   1.5137281e+01   3.1620733e+01   2.3177081e+01   2.7702941e+01   5.1097722e+00   3.3000000e+01   2.4047824e+01   4.5444410e+01   4.6467380e+01   4.1746212e+01   2.3532586e+01   3.1648836e+01   1.7007574e+01   3.0253151e+01   4.6109758e+01   7.5000000e+00   2.8540150e+01   2.8801943e+01   2.0500000e+01   1.4365425e+01   2.5955844e+01   4.4363424e+01   2.1976732e+01   5.2169906e+00   1.4256816e+01   1.9142136e+00   4.8523432e+01   3.0917922e+01   4.6827638e+01   5.9017092e+01   2.3936083e+01   3.6108988e+01   4.5070169e+01   2.7112967e+01   3.0466648e+01   3.4041020e+01   3.3401368e+01   4.0113760e+01   2.3548861e+01   1.0904326e+01   1.8506943e+01   5.1941715e+01   2.9594673e+01   1.7682840e+01   2.2454498e+01   3.3397568e+01   3.8463799e+01   4.0503125e+01   2.1860009e+01   2.1054805e+01   5.0319675e+01   4.1027768e+01   2.4650569e+01   3.0703477e+01   3.7015621e+00   5.4497475e+00   2.6214782e+01   3.5862409e+01   2.3570544e+01   3.1740999e+01   3.0872685e+01   4.4431765e+01   4.1879343e+01   3.2969216e+01   3.5546398e+01   2.8540150e+01   2.1595023e+01   3.5320971e+01   1.8562392e+01   2.1170027e+01   5.3474050e+01   3.2327661e+01   1.3354960e+01   2.5198178e+01   2.7070661e+01   5.3197249e+01   2.8473201e+01   1.2384864e+01
  5.2504807e+01   4.4232139e+01   7.8824115e+00   2.3807724e+01   4.1307475e+01   2.2414607e+01   2.0811388e+00   5.1807894e+01   3.9464728e+01   4.6043935e+01   5.7103887e+01   4.0315198e+01   5.4965585e+01   2.0853132e+01   0.0000000e+00   2.0926698e+01   4.5605432e+01   1.6180340e+00   4.2701896e+01   3.9704592e+01   3.6669739e+01   2.4505208e+01   4.2752219e+01   8.7764727e+00   4.7096674e+01   4.0699502e+01   8.6394103e+00   2.2522716e+01   3.8029988e+01   3.8830797e+01   3.9516022e+01   4.4627656e+01   4.5599889e+01   4.3884905e+01   4.8002632e+01   5.0000000e+00   3.7412058e+01   4.4460209e+01   1.8672782e+01   2.2040659e+01   2.5723997e+01   3.9669503e+01   7.0192024e+00   9.0000000e+00   4.3700116e+01   3.9819207e+01   1.6946884e+01   7.5710678e+00   2.0481241e+01   4.9007731e+01   1.0624228e+01   4.1682521e+01   5.8084720e+01   3.5692329e+01   3.3549206e+01   4.4320657e+01   2.2340330e+01   4.8387890e+01   4.0113760e+01   5.3615440e+01   2.2961077e+01   4.1249233e+01   2.7230133e+01   3.3643627e+01   5.5826305e+01   3.8463799e+01   3.1200163e+01   2.3027756e+00   5.1022272e+01   2.6672505e+01   5.6949092e+01   1.6200318e+01   3.4237961e+01   4.6120719e+01   6.0276668e+01   4.5002809e+01   4.7002688e+01   2.3823808e+01   2.2821514e+01   5.8851648e+00   3.6098455e+01   3.0707615e+01   1.5137281e+01   4.9645193e+01   4.4400456e+01   4.1371751e+01   4.8191718e+01   5.1436235e+01   3.6783605e+01   1.1511358e+01   1.5307093e+01   2.4269729e+01   3.0583218e+01   5.5222025e+01   1.4580128e+01   3.3462099e+01   4.3988504e+01   2.0280040e+01   5.5119136e+01   3.6098455e+01   2.5045875e+01
  5.2377259e+01   4.8565060e+01   2.1386599e+01   1.7188319e+01   5.0500000e+01   2.6815395e+01   2.2505681e+01   5.0100907e+01   2.4217082e+01   5.7508771e+01   4.7905168e+01   2.4510414e+01   5.1009900e+01   2.7712130e+01   2.0926698e+01   0.0000000e+00   3.7123080e+01   2.1054805e+01   5.7008849e+01   4.9359492e+01   2.0748457e+01   7.0192024e+00   2.2328880e+01   1.6413830e+01   5.8809519e+01   5.0312147e+01   1.8007141e+01   2.5505000e+01   2.1073041e+01   3.0913813e+01   1.9644190e+01   2.4217082e+01   2.6886550e+01   4.6510868e+01   5.8854520e+01   2.2972205e+01   2.2300229e+01   2.4063743e+01   3.0872685e+01   1.6180340e+00   6.2008771e+00   4.6981179e+01   2.0729928e+01   2.9004386e+01   2.3445588e+01   4.9061816e+01   2.7169271e+01   1.9268324e+01   2.6432605e+01   2.8859302e+01   2.3088714e+01   2.1600948e+01   3.7665172e+01   2.5464975e+01   1.3247549e+01   2.4037205e+01   3.0000000e+00   4.2790661e+01   2.3532586e+01   5.3452809e+01   1.9268324e+01   5.0642298e+01   3.7866429e+01   2.7854159e+01   3.6531236e+01   2.4583189e+01   2.4691941e+01   2.2005813e+01   4.4559619e+01   1.2043396e+01   4.8000000e+01   6.6032778e+00   4.7510637e+01   2.5887005e+01   5.6042776e+01   4.7523930e+01   5.7912978e+01   2.8876927e+01   3.2280497e+01   2.1648286e+01   1.6531220e+01   1.8000000e+01   3.4448490e+01   4.5444410e+01   2.4259209e+01   2.1218349e+01   3.8804699e+01   4.2407637e+01   2.2799103e+01   3.1588583e+01   2.3586793e+01   1.4580128e+01   4.5900991e+01   3.5231110e+01   3.3187918e+01   3.9051913e+01   4.0680841e+01   1.2071068e+00   3.5177082e+01   2.1760292e+01   2.1553503e+01
  2.2860680e+01   2.8302878e+01   3.9410153e+01   2.2843903e+01   3.8066608e+01   2.7075365e+01   4.6641088e+01   1.8884776e+01   1.8000000e+01   4.6589587e+01   1.2010864e+01   1.9027007e+01   1.6531220e+01   3.0016944e+01   4.5605432e+01   3.7123080e+01   0.0000000e+00   4.6557030e+01   5.2060644e+01   3.8321951e+01   2.0655644e+01   4.2538673e+01   3.9012985e+01   3.7391733e+01   4.7947339e+01   3.8742646e+01   4.9092695e+01   2.5847584e+01   2.2522716e+01   7.3007353e+00   4.4286413e+01   3.9116706e+01   2.7785527e+01   2.4317011e+01   4.6293013e+01   4.3433087e+01   1.8610770e+01   3.8618237e+01   3.6917715e+01   3.7030809e+01   3.3153484e+01   3.2922986e+01   3.9857337e+01   5.3047597e+01   3.6126535e+01   3.7412058e+01   3.4455854e+01   3.8768786e+01   2.9244565e+01   3.7003424e+01   5.3913481e+01   4.4071780e+01   4.6679000e+01   1.2161904e+01   3.4723530e+01   3.6669739e+01   3.4800146e+01   8.2620873e+00   2.1024376e+01   2.3548861e+01   5.5717751e+01   3.8513156e+01   3.5628336e+01   1.2583046e+01   3.4300888e+01   1.5574813e+01   1.4922205e+01   4.7406823e+01   8.5622577e+00   4.7685803e+01   1.1901754e+01   3.5213110e+01   4.4160623e+01   4.5044921e+01   2.0655644e+01   2.4583189e+01   4.5776926e+01   2.7230133e+01   3.3061480e+01   5.0022722e+01   3.0703477e+01   1.9735384e+01   5.9315389e+01   1.2043396e+01   3.5231110e+01   3.4514703e+01   3.5000000e+00   6.3309519e+00   1.6778821e+01   5.0312147e+01   5.6769441e+01   2.3877339e+01   4.7324139e+01   3.8578866e+01   5.9323890e+01   2.7425824e+01   1.1465856e+01   3.6972592e+01   3.8119809e+01   1.7856555e+01   2.1091260e+01
  5.3615440e+01   4.5346962e+01   9.0000000e+00   2.4666092e+01   4.2362871e+01   2.3521729e+01   2.3027756e+00   5.2904675e+01   4.0123226e+01   4.7024187e+01   5.8060837e+01   4.0947497e+01   5.6036024e+01   2.1970911e+01   1.6180340e+00   2.1054805e+01   4.6557030e+01   0.0000000e+00   4.3561003e+01   4.0752329e+01   3.7276351e+01   2.4353721e+01   4.2879240e+01   9.6787799e+00   4.8065744e+01   4.1746212e+01   7.7801099e+00   2.3613849e+01   3.8582148e+01   3.9774674e+01   3.9448684e+01   4.4771887e+01   4.6043935e+01   4.5002809e+01   4.9000000e+01   6.0226805e+00   3.8066608e+01   4.4616324e+01   1.9735384e+01   2.2162179e+01   2.5995098e+01   4.0761644e+01   8.1321688e+00   8.5622577e+00   4.3916587e+01   4.0876354e+01   1.8057050e+01   8.6394103e+00   2.1595023e+01   4.9257051e+01   9.5138782e+00   4.1649119e+01   5.8216982e+01   3.6545111e+01   3.3741540e+01   4.4528400e+01   2.2573740e+01   4.9418299e+01   4.0699502e+01   5.4726377e+01   2.2162179e+01   4.2300120e+01   2.8289386e+01   3.4621108e+01   5.6224770e+01   3.9184622e+01   3.2142535e+01   1.5000000e+00   5.2038820e+01   2.6311819e+01   5.7912978e+01   1.6570159e+01   3.5177082e+01   4.6117979e+01   6.1348172e+01   4.6120719e+01   4.8000000e+01   2.4938699e+01   2.3920077e+01   4.7720019e+00   3.6423530e+01   3.1423292e+01   1.4535669e+01   5.0704581e+01   4.4647480e+01   4.1612650e+01   4.9123554e+01   5.2386896e+01   3.7489863e+01   1.1813708e+01   1.4229530e+01   2.5020400e+01   3.1423292e+01   5.5511362e+01   1.3841664e+01   3.4577118e+01   4.5053339e+01   2.0424859e+01   5.5418121e+01   3.6783605e+01   2.6019600e+01
  3.9081083e+01   2.7004717e+01   3.7547267e+01   4.5402673e+01   1.5508331e+01   3.2675301e+01   4.1882363e+01   4.2003012e+01   6.0310116e+01   9.6787799e+00   5.9533889e+01   6.1706617e+01   4.8023678e+01   3.0653773e+01   4.2701896e+01   5.7008849e+01   5.2060644e+01   4.3561003e+01   0.0000000e+00   1.4642136e+01   5.9848547e+01   6.2911938e+01   7.5241220e+01   4.1882363e+01   9.4022469e+00   1.4535669e+01   5.0831402e+01   3.4441125e+01   6.2277828e+01   4.8575462e+01   7.5421626e+01   7.6580549e+01   7.0934367e+01   3.0603986e+01   1.2010864e+01   3.8345079e+01   5.9002137e+01   7.6213275e+01   2.6677280e+01   5.7954330e+01   5.8803087e+01   2.0229420e+01   3.8480258e+01   4.1527430e+01   7.4400271e+01   1.5632746e+01   3.0341247e+01   3.9500000e+01   3.2063428e+01   7.8333155e+01   5.1416598e+01   7.6900262e+01   8.8913800e+01   5.1121142e+01   6.6251426e+01   7.5107305e+01   5.6802753e+01   4.8063116e+01   6.2903926e+01   3.9656736e+01   6.5141318e+01   1.5008618e+01   2.0311613e+01   4.4232139e+01   8.0712219e+01   5.7642366e+01   4.5025274e+01   4.3351488e+01   5.0903373e+01   6.6711781e+01   5.8950834e+01   5.0923209e+01   1.0104686e+01   8.0464054e+01   5.1561238e+01   3.1036863e+01   1.1477249e+01   3.0913813e+01   2.5723997e+01   4.7190470e+01   6.5931262e+01   5.2945210e+01   4.3734824e+01   4.5967021e+01   7.4393504e+01   7.1931786e+01   5.4892095e+01   5.5930136e+01   5.7002212e+01   3.4533072e+01   5.6439700e+01   4.8604054e+01   1.2665525e+01   8.2892354e+01   4.5635906e+01   2.5329418e+01   4.2216304e+01   5.6323382e+01   8.2574661e+01   5.7203175e+01   4.1567018e+01
  2.5409837e+01   1.3089678e+01   3.3003846e+01   3.5231110e+01   2.3027756e+00   2.3155022e+01   3.9390873e+01   2.8040879e+01   4.8241491e+01   9.3459030e+00   4.5411023e+01   4.9655366e+01   3.4003731e+01   2.2208293e+01   3.9704592e+01   4.9359492e+01   3.8321951e+01   4.0752329e+01   1.4642136e+01   0.0000000e+00   4.8293828e+01   5.5720014e+01   6.5123912e+01   3.6172118e+01   1.0759142e+01   1.5000000e+00   4.7566442e+01   2.4666092e+01   5.0784192e+01   3.5446388e+01   6.6464005e+01   6.6243821e+01   5.9194122e+01   1.6507811e+01   1.0117692e+01   3.5231110e+01   4.7174404e+01   6.5833759e+01   2.1553503e+01   5.0148766e+01   4.9949469e+01   6.0901699e+00   3.4003731e+01   4.1454243e+01   6.3802844e+01   1.5000000e+00   2.4047824e+01   3.4514703e+01   2.3440139e+01   6.7208320e+01   4.9576471e+01   6.7619297e+01   7.7836925e+01   3.8742646e+01   5.6689412e+01   6.4501953e+01   4.8604054e+01   3.3970136e+01   5.1059371e+01   2.6097851e+01   6.1051631e+01   2.0811388e+00   1.3009996e+01   3.1684932e+01   6.8514704e+01   4.5436066e+01   3.3034597e+01   4.0876354e+01   3.6783605e+01   6.0165736e+01   4.4822680e+01   4.3563906e+01   1.0208244e+01   7.0729979e+01   3.7772644e+01   1.7007574e+01   9.2464278e+00   2.1115528e+01   1.8113915e+01   4.4907207e+01   5.5556789e+01   4.1809805e+01   4.5480551e+01   3.1824910e+01   6.3605071e+01   6.1413874e+01   4.1077087e+01   4.1930665e+01   4.5047727e+01   3.4854767e+01   5.4456001e+01   3.8578866e+01   1.6120499e+01   7.1214214e+01   4.6924670e+01   1.2520815e+01   2.8181221e+01   4.8731214e+01   7.0858013e+01   4.5413806e+01   3.0872685e+01
  4.1197051e+01   4.2324036e+01   3.3138168e+01   1.6008062e+01   4.8770074e+01   2.8113403e+01   3.8119809e+01   3.7772644e+01   4.0355339e+00   5.7139209e+01   2.9590376e+01   4.3078866e+00   3.6531236e+01   3.0707615e+01   3.6669739e+01   2.0748457e+01   2.0655644e+01   3.7276351e+01   5.9848547e+01   4.8293828e+01   0.0000000e+00   2.4552027e+01   1.9328170e+01   2.9000000e+01   5.8551701e+01   4.9041220e+01   3.6866193e+01   2.6311819e+01   3.0000000e+00   1.6778821e+01   2.4132605e+01   1.9800259e+01   1.1601802e+01   3.8983763e+01   5.7668610e+01   3.6513886e+01   2.5615528e+00   1.9321530e+01   3.7003424e+01   2.0204060e+01   1.5416434e+01   4.4002873e+01   3.3061480e+01   4.5137428e+01   1.6946884e+01   4.7630139e+01   3.3275753e+01   3.1536269e+01   2.9353076e+01   1.9506578e+01   4.2084252e+01   2.4000000e+01   3.0101520e+01   1.1094810e+01   1.4730249e+01   1.7588007e+01   1.8255281e+01   2.8004545e+01   4.0355339e+00   4.2093269e+01   3.9168463e+01   4.9092695e+01   4.0315198e+01   1.7740940e+01   2.1742646e+01   5.5990195e+00   1.5805228e+01   3.8269035e+01   2.8717902e+01   2.9314059e+01   2.9847061e+01   2.1860009e+01   5.0500000e+01   2.5409837e+01   4.0811289e+01   3.9695025e+01   5.6902571e+01   2.9624732e+01   3.5485711e+01   3.9439055e+01   1.0549876e+01   7.6589105e+00   5.1298622e+01   3.1516125e+01   1.6390249e+01   1.4930870e+01   2.1242469e+01   2.4691941e+01   4.5311289e+00   4.5137428e+01   4.3453463e+01   1.3738202e+01   5.1355187e+01   2.3548861e+01   5.0564958e+01   3.6294553e+01   2.8544607e+01   2.0908332e+01   2.3226636e+01   3.6622777e+00   1.8945867e+01
  5.8700086e+01   5.5082506e+01   2.6504807e+01   2.3586793e+01   5.6895922e+01   3.3256679e+01   2.6019600e+01   5.6305466e+01   2.8086228e+01   6.3765314e+01   5.2923754e+01   2.8086228e+01   5.6946878e+01   3.4026109e+01   2.4505208e+01   7.0192024e+00   4.2538673e+01   2.4353721e+01   6.2911938e+01   5.5720014e+01   2.4552027e+01   0.0000000e+00   2.0524984e+01   2.1719095e+01   6.5048431e+01   5.6680513e+01   1.9473666e+01   3.1984123e+01   2.4253947e+01   3.6617863e+01   1.5731546e+01   2.2522716e+01   2.8271388e+01   5.3002381e+01   6.5170318e+01   2.7379360e+01   2.6369867e+01   2.2505681e+01   3.6735342e+01   6.5207973e+00   9.9339811e+00   5.3452809e+01   2.5723997e+01   3.1804952e+01   2.2590722e+01   5.5447702e+01   3.3153484e+01   2.4400837e+01   3.2780025e+01   2.8072631e+01   2.3936083e+01   1.8057050e+01   3.5517853e+01   3.0917922e+01   1.3149111e+01   2.3049945e+01   8.6394103e+00   4.8604054e+01   2.6748809e+01   5.9766348e+01   1.5508331e+01   5.7026542e+01   4.4045953e+01   3.3970136e+01   3.6890246e+01   2.9004386e+01   3.0819136e+01   2.5198178e+01   5.0201610e+01   5.7201533e+00   5.3076135e+01   1.2675796e+01   5.3495283e+01   2.2635944e+01   6.1888110e+01   5.4009345e+01   6.4220091e+01   3.5317381e+01   3.8480258e+01   2.3807724e+01   1.7719175e+01   2.3308989e+01   3.6555513e+01   5.1416598e+01   2.3694827e+01   2.0803941e+01   4.3977005e+01   4.7577064e+01   2.7300187e+01   3.5500000e+01   2.3005555e+01   2.0803941e+01   5.1541650e+01   3.4591788e+01   3.4981879e+01   4.5547197e+01   4.6824939e+01   7.5710678e+00   3.4632096e+01   2.6200195e+01   2.8018176e+01
  6.0025205e+01   6.0577034e+01   4.2431492e+01   3.0500000e+01   6.5849063e+01   4.3138011e+01   4.4332066e+01   5.6573612e+01   2.1523796e+01   7.3865523e+01   4.6295742e+01   2.0500000e+01   5.5036685e+01   4.5098206e+01   4.2752219e+01   2.2328880e+01   3.9012985e+01   4.2879240e+01   7.5241220e+01   6.5123912e+01   1.9328170e+01   2.0524984e+01   0.0000000e+00   3.7462819e+01   7.5256271e+01   6.5961821e+01   3.9139358e+01   4.1417600e+01   1.7120770e+01   3.5606979e+01   8.3102497e+00   2.5000000e+00   1.3700379e+01   5.7442954e+01   7.4704110e+01   4.4551107e+01   2.1218349e+01   2.5615528e+00   5.0078221e+01   2.1218349e+01   1.7992856e+01   6.1401560e+01   4.1927648e+01   5.0789164e+01   4.1055513e+00   6.4580028e+01   4.6175486e+01   4.0377939e+01   4.3685646e+01   8.5777472e+00   4.3850317e+01   6.6032778e+00   1.5837862e+01   2.9847061e+01   9.9339811e+00   4.0355339e+00   2.1073041e+01   4.6597722e+01   1.8500000e+01   6.0919368e+01   3.4134060e+01   6.6114404e+01   5.5438602e+01   3.6084407e+01   1.8423448e+01   2.4132605e+01   3.3654939e+01   4.3824358e+01   4.7000000e+01   2.2368928e+01   4.6697944e+01   2.7560118e+01   6.5649827e+01   6.5827625e+00   5.9019228e+01   5.8216982e+01   7.3863819e+01   4.5011235e+01   5.0042911e+01   4.3187820e+01   1.0117692e+01   2.4211811e+01   5.6042776e+01   5.0204125e+01   5.5000000e+00   5.0000000e+00   3.9051913e+01   4.2192325e+01   2.3352790e+01   5.3301515e+01   4.3002941e+01   2.7206741e+01   6.5247587e+01   1.4930870e+01   5.4629474e+01   5.3407939e+01   4.7372167e+01   2.2972205e+01   1.5060220e+01   2.2465883e+01   3.4752737e+01
  4.5677428e+01   3.8578866e+01   5.5000000e+00   1.5541609e+01   3.7584363e+01   1.5837862e+01   9.9868330e+00   4.4602154e+01   3.1600643e+01   4.3561003e+01   4.8899380e+01   3.2535137e+01   4.7361498e+01   1.5137281e+01   8.7764727e+00   1.6413830e+01   3.7391733e+01   9.6787799e+00   4.1882363e+01   3.6172118e+01   2.9000000e+01   2.1719095e+01   3.7462819e+01   0.0000000e+00   4.4763416e+01   3.7167424e+01   1.3471122e+01   1.5483324e+01   3.0566593e+01   3.0603986e+01   3.5546398e+01   3.9207234e+01   3.8559164e+01   3.7665172e+01   4.5221360e+01   8.0663730e+00   2.9568884e+01   3.8970768e+01   1.5837862e+01   1.7485288e+01   1.9974342e+01   3.5057922e+01   4.9721360e+00   1.6878339e+01   3.7866429e+01   3.6087919e+01   1.2665525e+01   3.4154759e+00   1.4329317e+01   4.2932299e+01   1.7529386e+01   3.7439139e+01   5.2600864e+01   2.7425824e+01   2.8036340e+01   3.8529594e+01   1.7007574e+01   4.0465610e+01   3.2503906e+01   4.6795248e+01   2.5519992e+01   3.7621422e+01   2.3845235e+01   2.5500000e+01   4.8940685e+01   3.0420729e+01   2.2972205e+01   1.0562306e+01   4.3020583e+01   2.5329418e+01   4.8759714e+01   1.0500000e+01   3.2628648e+01   4.1600487e+01   5.2675186e+01   3.8775318e+01   4.4237855e+01   1.7602631e+01   1.8562392e+01   1.3247549e+01   2.9761750e+01   2.2703603e+01   2.3177081e+01   4.1939715e+01   3.8384693e+01   3.5428498e+01   3.9946166e+01   4.3220019e+01   2.8784271e+01   1.6878339e+01   2.1338666e+01   1.6200318e+01   3.0341247e+01   4.8883882e+01   2.2799103e+01   2.7959060e+01   3.6350384e+01   1.5706906e+01   4.8731214e+01   2.8163152e+01   1.6901219e+01
  3.2142535e+01   2.0902206e+01   4.1024684e+01   4.5293973e+01   1.0500000e+01   3.2942256e+01   4.6524450e+01   3.5517853e+01   5.8487068e+01   1.9142136e+00   5.4102705e+01   5.9901178e+01   4.1600487e+01   3.1620733e+01   4.7096674e+01   5.8809519e+01   4.7947339e+01   4.8065744e+01   9.4022469e+00   1.0759142e+01   5.8551701e+01   6.5048431e+01   7.5256271e+01   4.4763416e+01   0.0000000e+00   1.0052487e+01   5.5185464e+01   3.4547761e+01   6.1041308e+01   4.5500000e+01   7.6358421e+01   7.6411132e+01   6.9451070e+01   2.4851591e+01   3.1925824e+00   4.2607007e+01   5.7431977e+01   7.6006622e+01   2.9525851e+01   5.9654459e+01   5.9766348e+01   1.5616216e+01   4.2012046e+01   4.7324139e+01   7.4001701e+01   1.1465856e+01   3.2644206e+01   4.2764051e+01   3.2942256e+01   7.7456156e+01   5.6502232e+01   7.7592477e+01   8.8085672e+01   4.8969062e+01   6.6700453e+01   7.4702426e+01   5.8225644e+01   4.2932299e+01   6.1315294e+01   3.2562439e+01   6.9160396e+01   1.0104686e+01   2.1529741e+01   4.1903502e+01   7.8732027e+01   5.5672457e+01   4.3293107e+01   4.8023678e+01   4.5569391e+01   6.9284082e+01   5.3474050e+01   5.2876044e+01   1.3538405e+01   8.0802553e+01   4.4602154e+01   2.5020400e+01   3.0000000e+00   3.0950780e+01   2.7070661e+01   5.2009708e+01   6.5715029e+01   5.2038820e+01   5.0344759e+01   4.0349718e+01   7.3824621e+01   7.1600281e+01   5.0592415e+01   5.1118672e+01   5.5301916e+01   4.0381073e+01   6.1500000e+01   4.8627435e+01   1.8700275e+01   8.1470674e+01   5.2080035e+01   2.2776669e+01   3.7412058e+01   5.8158477e+01   8.1113274e+01   5.5672457e+01   4.1012344e+01
  2.5248737e+01   1.3009996e+01   3.4003731e+01   3.6098455e+01   1.6180340e+00   2.4084953e+01   4.0381073e+01   2.8004545e+01   4.8938105e+01   8.6394103e+00   4.5622057e+01   5.0352282e+01   3.4003731e+01   2.3177081e+01   4.0699502e+01   5.0312147e+01   3.8742646e+01   4.1746212e+01   1.4535669e+01   1.5000000e+00   4.9041220e+01   5.6680513e+01   6.5961821e+01   3.7167424e+01   1.0052487e+01   0.0000000e+00   4.8565060e+01   2.5579872e+01   5.1534302e+01   3.6014082e+01   6.7359928e+01   6.7067635e+01   5.9913803e+01   1.6570159e+01   9.2464278e+00   3.6224641e+01   4.7897257e+01   6.6655121e+01   2.2551077e+01   5.1096443e+01   5.0861195e+01   6.3523500e+00   3.5003623e+01   4.2407637e+01   6.4611231e+01   1.9142136e+00   2.5045875e+01   3.5514283e+01   2.4400837e+01   6.7975922e+01   5.0564958e+01   6.8500000e+01   7.8602497e+01   3.9416577e+01   5.7563561e+01   6.5309336e+01   4.9540799e+01   3.4223137e+01   5.1776213e+01   2.5901772e+01   6.2050792e+01   1.2071068e+00   1.4009256e+01   3.2351217e+01   6.9180419e+01   4.6120719e+01   3.3764095e+01   4.1867258e+01   3.7003424e+01   6.1138272e+01   4.5025274e+01   4.4528400e+01   1.0807764e+01   7.1586215e+01   3.7665172e+01   1.7007574e+01   8.4056942e+00   2.2040659e+01   1.9107794e+01   4.5898238e+01   5.6386045e+01   4.2601069e+01   4.6393899e+01   3.1984123e+01   6.4400313e+01   6.2229248e+01   4.1469501e+01   4.2243263e+01   4.5760358e+01   3.5788100e+01   5.5447702e+01   3.9448684e+01   1.6778821e+01   7.1931786e+01   4.7852402e+01   1.3247549e+01   2.8486604e+01   4.9685872e+01   7.1572146e+01   4.6142634e+01   3.1716983e+01
  5.8648517e+01   5.1266623e+01   1.5137281e+01   2.6748809e+01   4.9126125e+01   2.8731188e+01   9.5138782e+00   5.7528502e+01   4.0060081e+01   5.4114364e+01   6.0552061e+01   4.0662171e+01   6.0100755e+01   2.7702941e+01   8.6394103e+00   1.8007141e+01   4.9092695e+01   7.7801099e+00   5.0831402e+01   4.7566442e+01   3.6866193e+01   1.9473666e+01   3.9139358e+01   1.3471122e+01   5.5185464e+01   4.8565060e+01   0.0000000e+00   2.8450850e+01   3.7732378e+01   4.2315069e+01   3.4676015e+01   4.1107881e+01   4.4286413e+01   5.0544980e+01   5.6036024e+01   1.3089678e+01   3.8013331e+01   4.1024684e+01   2.6519224e+01   1.9000000e+01   2.3586793e+01   4.7190470e+01   1.4147344e+01   1.3306248e+01   4.0699502e+01   4.7630139e+01   2.4337995e+01   1.3962912e+01   2.7070661e+01   4.6175486e+01   5.7201533e+00   3.7027387e+01   5.4353969e+01   3.8225986e+01   3.0566593e+01   4.1249233e+01   2.0102296e+01   5.2902290e+01   4.0060081e+01   5.9766348e+01   1.4896180e+01   4.9092695e+01   3.5057922e+01   3.7624790e+01   5.4037370e+01   3.9647158e+01   3.4811077e+01   8.1157731e+00   5.5311039e+01   2.0330532e+01   6.0485415e+01   1.5541609e+01   4.2362871e+01   4.1609610e+01   6.5403775e+01   5.1659066e+01   5.5036685e+01   3.0404013e+01   3.0341247e+01   5.1097722e+00   3.4033565e+01   3.2031730e+01   1.7588007e+01   5.4615617e+01   4.1609610e+01   3.8582148e+01   5.1414143e+01   5.4853013e+01   3.7866429e+01   1.8527756e+01   8.4056942e+00   2.6156383e+01   3.8700131e+01   5.2617655e+01   1.6024175e+01   4.0540604e+01   4.9100412e+01   1.7529386e+01   5.2586467e+01   3.7003424e+01   2.9192333e+01
  3.0707615e+01   2.4132605e+01   1.5349242e+01   1.1465856e+01   2.5664459e+01   2.3027756e+00   2.3138463e+01   2.9800171e+01   2.7356098e+01   3.3184094e+01   3.6900549e+01   2.8682441e+01   3.3034597e+01   5.1097722e+00   2.2522716e+01   2.5505000e+01   2.5847584e+01   2.3613849e+01   3.4441125e+01   2.4666092e+01   2.6311819e+01   3.1984123e+01   4.1417600e+01   1.5483324e+01   3.4547761e+01   2.5579872e+01   2.8450850e+01   0.0000000e+00   2.8651377e+01   1.9663768e+01   4.2324036e+01   4.2693009e+01   3.7391733e+01   2.2821514e+01   3.4271290e+01   1.9268324e+01   2.5768558e+01   4.2315069e+01   1.2043396e+01   2.6209920e+01   2.5783394e+01   2.1976732e+01   1.6072412e+01   2.8700177e+01   4.0465610e+01   2.4269729e+01   9.1313383e+00   1.5500000e+01   4.0000000e+00   4.4431765e+01   3.2256889e+01   4.3546487e+01   5.4988531e+01   1.9328170e+01   3.2675301e+01   4.1172472e+01   2.4541631e+01   2.7000000e+01   2.9590376e+01   3.1824910e+01   3.9723717e+01   2.5847584e+01   1.4659802e+01   1.4083078e+01   4.7510637e+01   2.5020400e+01   1.3089678e+01   2.4253947e+01   2.9834280e+01   3.6721541e+01   3.6617863e+01   2.0057607e+01   2.4918231e+01   4.6827638e+01   3.8331865e+01   2.3920077e+01   3.3370960e+01   4.1055513e+00   9.6787799e+00   2.7702941e+01   3.2015869e+01   1.9221645e+01   3.4752737e+01   2.7835874e+01   4.0453098e+01   3.8003333e+01   2.8757742e+01   3.1491934e+01   2.4005319e+01   2.5122145e+01   3.6294553e+01   1.4712670e+01   2.5559928e+01   4.9208316e+01   3.5101301e+01   1.4083078e+01   2.2139085e+01   2.4918231e+01   4.8917456e+01   2.3978714e+01   7.8824115e+00
  4.3453463e+01   4.4794469e+01   3.4865681e+01   1.8170597e+01   5.1266623e+01   3.0454132e+01   3.9512818e+01   3.9958839e+01   5.1097722e+00   5.9629096e+01   3.0872685e+01   4.5311289e+00   3.8500000e+01   3.3000000e+01   3.8029988e+01   2.1073041e+01   2.2522716e+01   3.8582148e+01   6.2277828e+01   5.0784192e+01   3.0000000e+00   2.4253947e+01   1.7120770e+01   3.0566593e+01   6.1041308e+01   5.1534302e+01   3.7732378e+01   2.8651377e+01   0.0000000e+00   1.9053975e+01   2.2368928e+01   1.7477927e+01   9.2464278e+00   4.1429818e+01   6.0165736e+01   3.8119809e+01   4.6231056e+00   1.6992423e+01   3.9194315e+01   2.0412308e+01   1.5508331e+01   4.6502717e+01   3.4734486e+01   4.6524450e+01   1.4580128e+01   5.0123583e+01   3.5428498e+01   3.3187918e+01   3.1632780e+01   1.7007574e+01   4.2949971e+01   2.2052262e+01   2.7601660e+01   1.3500000e+01   1.3471122e+01   1.5205441e+01   1.8624569e+01   3.0016944e+01   3.0000000e+00   4.4332066e+01   3.9100518e+01   5.1588159e+01   4.2701896e+01   2.0223083e+01   1.9539433e+01   7.5178344e+00   1.8304494e+01   3.9580046e+01   3.0566593e+01   2.8793109e+01   3.1175723e+01   2.2860680e+01   5.2904675e+01   2.3199119e+01   4.2645581e+01   4.2129317e+01   5.9398217e+01   3.2003968e+01   3.7812866e+01   4.0531238e+01   8.8815273e+00   9.9339811e+00   5.2617655e+01   3.3594561e+01   1.3962912e+01   1.2665525e+01   2.2860680e+01   2.6209920e+01   6.8245553e+00   4.6827638e+01   4.4045953e+01   1.5682226e+01   5.3664838e+01   2.1115528e+01   5.1795711e+01   3.8788379e+01   3.0819136e+01   2.1314658e+01   2.0803941e+01   6.0901699e+00   2.1308652e+01
  2.4918231e+01   2.7206741e+01   3.2737401e+01   1.6072412e+01   3.5500000e+01   2.1054805e+01   3.9885911e+01   2.1553503e+01   1.5077380e+01   4.4100459e+01   1.8809833e+01   1.6390249e+01   2.1000000e+01   2.4047824e+01   3.8830797e+01   3.0913813e+01   7.3007353e+00   3.9774674e+01   4.8575462e+01   3.5446388e+01   1.6778821e+01   3.6617863e+01   3.5606979e+01   3.0603986e+01   4.5500000e+01   3.6014082e+01   4.2315069e+01   1.9663768e+01   1.9053975e+01   0.0000000e+00   4.0003164e+01   3.6031676e+01   2.6000000e+01   2.3521729e+01   4.4160623e+01   3.6749138e+01   1.4930870e+01   3.5546398e+01   3.1036863e+01   3.0917922e+01   2.7379360e+01   3.0408193e+01   3.3153484e+01   4.6353026e+01   3.3126676e+01   3.4621108e+01   2.8289386e+01   3.2031730e+01   2.3138463e+01   3.4971002e+01   4.7118130e+01   4.0113760e+01   4.5235333e+01   6.5207973e+00   3.0038111e+01   3.3741540e+01   2.8682441e+01   1.2520815e+01   1.8234148e+01   2.5817978e+01   4.9318542e+01   3.5901271e+01   3.0819136e+01   6.0901699e+00   3.4178628e+01   1.2204700e+01   8.1321688e+00   4.0631035e+01   1.4147344e+01   4.1818882e+01   1.8700275e+01   2.8611386e+01   4.0060081e+01   4.1688591e+01   2.5798221e+01   2.4084953e+01   4.3526155e+01   2.1505952e+01   2.7573973e+01   4.3222945e+01   2.6576810e+01   1.3962912e+01   5.2639237e+01   1.5632746e+01   3.2445266e+01   3.1196091e+01   9.8941471e+00   1.3119429e+01   1.2757651e+01   4.3841666e+01   5.0017674e+01   1.7300298e+01   4.2586221e+01   3.7665172e+01   5.2600864e+01   2.3764780e+01   1.2268602e+01   3.0707615e+01   3.7249150e+01   1.3652946e+01   1.4365425e+01
  6.4196546e+01   6.3343058e+01   4.0528115e+01   3.1884710e+01   6.7376752e+01   4.3916587e+01   4.1061681e+01   6.1033049e+01   2.6976405e+01   7.5001678e+01   5.2560061e+01   2.6209920e+01   6.0134302e+01   4.5444410e+01   3.9516022e+01   1.9644190e+01   4.4286413e+01   3.9448684e+01   7.5421626e+01   6.6464005e+01   2.4132605e+01   1.5731546e+01   8.3102497e+00   3.5546398e+01   7.6358421e+01   6.7359928e+01   3.4676015e+01   4.2324036e+01   2.2368928e+01   4.0003164e+01   0.0000000e+00   9.9339811e+00   2.1024376e+01   6.0537488e+01   7.6079428e+01   4.2003012e+01   2.6175864e+01   1.0208244e+01   4.9540799e+01   1.8562392e+01   1.7143317e+01   6.3269419e+01   3.9873214e+01   4.7018813e+01   1.1813708e+01   6.6022897e+01   4.5713383e+01   3.8411080e+01   4.4066042e+01   1.6192355e+01   3.8961019e+01   3.0000000e+00   2.1000000e+01   3.4014922e+01   1.0698039e+01   1.1835784e+01   1.9268324e+01   5.1588159e+01   2.4269729e+01   6.5156786e+01   2.7541635e+01   6.7591356e+01   5.5837600e+01   3.9464728e+01   2.6156383e+01   2.9214108e+01   3.6683560e+01   4.0324616e+01   5.2348337e+01   1.6032225e+01   5.2904675e+01   2.5604780e+01   6.5833759e+01   7.5710678e+00   6.4441379e+01   6.1403612e+01   7.5187683e+01   4.5912003e+01   5.0284536e+01   3.9038941e+01   1.4083078e+01   2.7300187e+01   5.1764022e+01   5.5020638e+01   1.3227922e+01   1.1736103e+01   4.4729515e+01   4.8063116e+01   2.8072631e+01   5.0429951e+01   3.7412058e+01   2.8540150e+01   6.4712538e+01   2.2231314e+01   5.0148766e+01   5.5192321e+01   5.1588159e+01   2.0349433e+01   2.2431712e+01   2.7042419e+01   3.6433967e+01
  6.0427039e+01   6.1370765e+01   4.4160623e+01   3.1740999e+01   6.6926651e+01   4.4431765e+01   4.6208314e+01   5.6893705e+01   2.1713203e+01   7.5015099e+01   4.5967021e+01   2.0599751e+01   5.5146592e+01   4.6467380e+01   4.4627656e+01   2.4217082e+01   3.9116706e+01   4.4771887e+01   7.6580549e+01   6.6243821e+01   1.9800259e+01   2.2522716e+01   2.5000000e+00   3.9207234e+01   7.6411132e+01   6.7067635e+01   4.1107881e+01   4.2693009e+01   1.7477927e+01   3.6031676e+01   9.9339811e+00   0.0000000e+00   1.3000000e+01   5.8158477e+01   7.5801062e+01   4.6353026e+01   2.1600948e+01   1.0000000e+00   5.1588159e+01   2.3110838e+01   1.9735384e+01   6.2411227e+01   4.3676961e+01   5.2701533e+01   3.5000000e+00   6.5678601e+01   4.7683154e+01   4.2120308e+01   4.5053339e+01   6.7649820e+00   4.5834865e+01   7.9330344e+00   1.3962912e+01   3.0387288e+01   1.1680340e+01   3.0495098e+00   2.2888613e+01   4.6770941e+01   1.8610770e+01   6.1298849e+01   3.6098455e+01   6.7202699e+01   5.6769441e+01   3.6807713e+01   1.6724981e+01   2.4426972e+01   3.4488969e+01   4.5721676e+01   4.7042991e+01   2.4337995e+01   4.6393899e+01   2.9348743e+01   6.7001880e+01   6.5827625e+00   5.9002137e+01   5.8905907e+01   7.4973150e+01   4.6273901e+01   5.1416598e+01   4.5134628e+01   1.1200467e+01   2.5122145e+01   5.7989129e+01   5.0424944e+01   4.6231056e+00   5.4244289e+00   3.9000000e+01   4.2048165e+01   2.3786262e+01   5.5126001e+01   4.5002809e+01   2.8486604e+01   6.6728770e+01   1.3000000e+01   5.6589215e+01   5.4456001e+01   4.7796934e+01   2.4851591e+01   1.3149111e+01   2.2961077e+01   3.5901271e+01
  4.9840653e+01   5.2504807e+01   4.3073466e+01   2.6886550e+01   5.9595262e+01   3.9194315e+01   4.7131534e+01   4.6046679e+01   1.1601802e+01   6.8037027e+01   3.3636083e+01   1.0208244e+01   4.3656691e+01   4.1746212e+01   4.5599889e+01   2.6886550e+01   2.7785527e+01   4.6043935e+01   7.0934367e+01   5.9194122e+01   1.1601802e+01   2.8271388e+01   1.3700379e+01   3.8559164e+01   6.9451070e+01   5.9913803e+01   4.4286413e+01   3.7391733e+01   9.2464278e+00   2.6000000e+01   2.1024376e+01   1.3000000e+01   0.0000000e+00   4.8948426e+01   6.8474260e+01   4.6120719e+01   1.2520815e+01   1.2520815e+01   4.7905168e+01   2.5995098e+01   2.1218349e+01   5.4733292e+01   4.2861539e+01   5.4084046e+01   1.0156604e+01   5.8500000e+01   4.4117657e+01   4.1292156e+01   4.0377939e+01   9.7195445e+00   4.9433629e+01   1.9735384e+01   1.9735384e+01   2.1200242e+01   1.5706906e+01   1.0462429e+01   2.4686773e+01   3.5546398e+01   8.6394103e+00   5.0622350e+01   4.3214166e+01   5.9934838e+01   5.1416598e+01   2.8221833e+01   1.0940307e+01   1.4508926e+01   2.6662951e+01   4.7042991e+01   3.5435655e+01   3.1884710e+01   3.4093154e+01   3.0004237e+01   6.1600327e+01   1.9053975e+01   4.7171726e+01   4.9556090e+01   6.7734664e+01   4.0724371e+01   4.6557030e+01   4.7542534e+01   1.1094810e+01   1.8679659e+01   6.0008403e+01   3.9310437e+01   8.8815273e+00   9.8005376e+00   2.7230133e+01   3.0038111e+01   1.4659802e+01   5.4926556e+01   4.9858383e+01   2.4269729e+01   6.2411227e+01   1.2520815e+01   5.9008546e+01   4.7174404e+01   3.7462819e+01   2.7300187e+01   1.2172618e+01   1.4293114e+01   3.0038111e+01
  1.0361541e+01   4.5311289e+00   3.6503472e+01   3.0038111e+01   1.5632746e+01   2.2328880e+01   4.4160623e+01   1.2172618e+01   3.7896524e+01   2.3586793e+01   2.9761750e+01   3.9262095e+01   1.8028548e+01   2.3532586e+01   4.3884905e+01   4.6510868e+01   2.4317011e+01   4.5002809e+01   3.0603986e+01   1.6507811e+01   3.8983763e+01   5.3002381e+01   5.7442954e+01   3.7665172e+01   2.4851591e+01   1.6570159e+01   5.0544980e+01   2.2821514e+01   4.1429818e+01   2.3521729e+01   6.0537488e+01   5.8158477e+01   4.8948426e+01   0.0000000e+00   2.2888613e+01   3.9946166e+01   3.7395122e+01   5.7694842e+01   2.7453664e+01   4.7000000e+01   4.5226949e+01   1.1011898e+01   3.7395122e+01   4.8400939e+01   5.5386246e+01   1.5508331e+01   2.7689152e+01   3.7204904e+01   2.4005319e+01   5.7764736e+01   5.3943896e+01   6.1148578e+01   6.8162767e+01   2.8450850e+01   5.0344759e+01   5.6042776e+01   4.5011235e+01   1.8624569e+01   4.1003086e+01   1.1316654e+01   6.2000000e+01   1.6128500e+01   2.0902206e+01   2.1860009e+01   5.7114927e+01   3.4981879e+01   2.4400837e+01   4.5472214e+01   2.1218349e+01   5.8034772e+01   2.9140007e+01   4.1746212e+01   2.5015301e+01   6.3432504e+01   2.2087033e+01   1.6180340e+00   2.2505681e+01   2.0655644e+01   2.2522716e+01   4.9246795e+01   4.7934165e+01   3.3880383e+01   5.3702444e+01   1.6024175e+01   5.4873707e+01   5.3237558e+01   2.6715453e+01   2.6886550e+01   3.5159054e+01   4.2979407e+01   5.8275427e+01   3.3138168e+01   3.0067719e+01   6.0685131e+01   5.4615617e+01   1.1465856e+01   1.3403488e+01   4.6024719e+01   6.0270394e+01   3.5841194e+01   2.5505000e+01
  2.9774562e+01   1.8884776e+01   4.1694660e+01   4.4842418e+01   9.4022469e+00   3.2737401e+01   4.7510637e+01   3.3256679e+01   5.7449539e+01   3.0000000e+00   5.2060644e+01   5.8863088e+01   3.9332976e+01   3.1648836e+01   4.8002632e+01   5.8854520e+01   4.6293013e+01   4.9000000e+01   1.2010864e+01   1.0117692e+01   5.7668610e+01   6.5170318e+01   7.4704110e+01   4.5221360e+01   3.1925824e+00   9.2464278e+00   5.6036024e+01   3.4271290e+01   6.0165736e+01   4.4160623e+01   7.6079428e+01   7.5801062e+01   6.8474260e+01   2.2888613e+01   0.0000000e+00   4.3502907e+01   5.6473208e+01   7.5386581e+01   3.0152150e+01   5.9665023e+01   5.9552942e+01   1.4293114e+01   4.2690046e+01   4.8668973e+01   7.3330282e+01   1.0624228e+01   3.3057641e+01   4.3354405e+01   3.2922986e+01   7.6634749e+01   5.7578893e+01   7.7236562e+01   8.7255403e+01   4.7881431e+01   6.6304635e+01   7.4027206e+01   5.8158477e+01   4.1012344e+01   6.0335190e+01   3.0152150e+01   6.9854164e+01   9.1023253e+00   2.1877558e+01   4.0811289e+01   7.7587612e+01   5.4604066e+01   4.2368843e+01   4.9010308e+01   4.3581318e+01   6.9525358e+01   5.1421508e+01   5.2997619e+01   1.4930870e+01   8.0332637e+01   4.2192325e+01   2.2972205e+01   1.5000000e+00   3.0707615e+01   2.7300187e+01   5.3021424e+01   6.5123912e+01   5.1303543e+01   5.1941715e+01   3.8305423e+01   7.3103375e+01   7.0955660e+01   4.8873546e+01   4.9254487e+01   5.4314496e+01   4.1782563e+01   6.2550383e+01   4.8191718e+01   2.0462465e+01   8.0481248e+01   5.3615440e+01   2.1900935e+01   3.5617659e+01   5.8216982e+01   8.0113127e+01   5.4733292e+01   4.0462482e+01
  4.8803727e+01   4.0101136e+01   4.5311289e+00   2.2465883e+01   3.6845564e+01   1.8898369e+01   4.7720019e+00   4.8335656e+01   3.9029210e+01   4.1548752e+01   5.4853013e+01   4.0003164e+01   5.1795711e+01   1.7007574e+01   5.0000000e+00   2.2972205e+01   4.3433087e+01   6.0226805e+00   3.8345079e+01   3.5231110e+01   3.6513886e+01   2.7379360e+01   4.4551107e+01   8.0663730e+00   4.2607007e+01   3.6224641e+01   1.3089678e+01   1.9268324e+01   3.8119809e+01   3.6749138e+01   4.2003012e+01   4.6353026e+01   4.6120719e+01   3.9946166e+01   4.3502907e+01   0.0000000e+00   3.7013696e+01   4.6142634e+01   1.4229530e+01   2.4084953e+01   2.7155206e+01   3.5320971e+01   4.1400549e+00   1.0117692e+01   4.5159825e+01   3.5360436e+01   1.2798374e+01   5.5249378e+00   1.6824828e+01   5.0312147e+01   1.4930870e+01   4.4045953e+01   5.9797976e+01   3.4223137e+01   3.5177082e+01   4.5810043e+01   2.3978714e+01   4.5605432e+01   4.0028471e+01   4.9906477e+01   2.7300187e+01   3.6780160e+01   2.2776669e+01   3.1358548e+01   5.6493303e+01   3.7715588e+01   2.9192333e+01   6.2008771e+00   4.8346107e+01   3.0101520e+01   5.4650254e+01   1.7507351e+01   2.9774562e+01   4.8359168e+01   5.7086217e+01   4.1061681e+01   4.2502976e+01   2.0102296e+01   1.8527756e+01   1.0208244e+01   3.7187873e+01   3.0067719e+01   1.6390249e+01   4.6597722e+01   4.5738258e+01   4.2752219e+01   4.6142634e+01   4.9246795e+01   3.6126535e+01   9.3600226e+00   1.9735384e+01   2.3548861e+01   2.6273048e+01   5.6341293e+01   1.6453056e+01   2.9348743e+01   4.0904208e+01   2.2283021e+01   5.6200090e+01   3.5557096e+01   2.2888613e+01
  3.9332976e+01   4.0811289e+01   3.3515148e+01   1.5902922e+01   4.7587684e+01   2.7560118e+01   3.8827536e+01   3.5855339e+01   2.5615528e+00   5.6018015e+01   2.7564737e+01   3.5413813e+00   3.4514703e+01   3.0253151e+01   3.7412058e+01   2.2300229e+01   1.8610770e+01   3.8066608e+01   5.9002137e+01   4.7174404e+01   2.5615528e+00   2.6369867e+01   2.1218349e+01   2.9568884e+01   5.7431977e+01   4.7897257e+01   3.8013331e+01   2.5768558e+01   4.6231056e+00   1.4930870e+01   2.6175864e+01   2.1600948e+01   1.2520815e+01   3.7395122e+01   5.6473208e+01   3.7013696e+01   0.0000000e+00   2.1115528e+01   3.6724991e+01   2.1819006e+01   1.7120770e+01   4.2752219e+01   3.3500000e+01   4.5834865e+01   1.8700275e+01   4.6483693e+01   3.3072995e+01   3.2003968e+01   2.8929738e+01   2.0908332e+01   4.3220019e+01   2.6004901e+01   3.1427334e+01   9.4442719e+00   1.6786497e+01   1.9321530e+01   1.9800259e+01   2.6000000e+01   4.4051248e+00   4.0214607e+01   4.0860872e+01   4.7923623e+01   3.9615214e+01   1.6311388e+01   2.2283021e+01   3.5413813e+00   1.4642136e+01   3.9051913e+01   2.6672505e+01   3.1200163e+01   2.7813001e+01   2.2972205e+01   4.9736673e+01   2.7300187e+01   3.8765520e+01   3.8076588e+01   5.5726805e+01   2.8969282e+01   3.4941980e+01   4.0406140e+01   1.2593387e+01   7.5710678e+00   5.2048521e+01   2.9538767e+01   1.8057050e+01   1.6778821e+01   1.9181542e+01   2.2635944e+01   2.7360680e+00   4.5524993e+01   4.4774711e+01   1.4009256e+01   5.0823951e+01   2.4541631e+01   5.1394499e+01   3.5155447e+01   2.6696374e+01   2.2414607e+01   2.4190715e+01   2.3027756e+00   1.8388544e+01
  5.9939044e+01   6.0915230e+01   4.3916587e+01   3.1358548e+01   6.6509469e+01   4.4057433e+01   4.6041190e+01   5.6401699e+01   2.1218349e+01   7.4609716e+01   4.5472214e+01   2.0102296e+01   5.4647945e+01   4.6109758e+01   4.4460209e+01   2.4063743e+01   3.8618237e+01   4.4616324e+01   7.6213275e+01   6.5833759e+01   1.9321530e+01   2.2505681e+01   2.5615528e+00   3.8970768e+01   7.6006622e+01   6.6655121e+01   4.1024684e+01   4.2315069e+01   1.6992423e+01   3.5546398e+01   1.0208244e+01   1.0000000e+00   1.2520815e+01   5.7694842e+01   7.5386581e+01   4.6142634e+01   2.1115528e+01   0.0000000e+00   5.1266623e+01   2.2961077e+01   1.9506578e+01   6.1983738e+01   4.3441821e+01   5.2560061e+01   3.0000000e+00   6.5264960e+01   4.7361498e+01   4.1882363e+01   4.4695588e+01   6.5415230e+00   4.5776926e+01   8.2781746e+00   1.4156500e+01   2.9910882e+01   1.1465856e+01   2.5615528e+00   2.2692341e+01   4.6273901e+01   1.8113915e+01   6.0809618e+01   3.6193137e+01   6.6787254e+01   5.6401699e+01   3.6346897e+01   1.6453056e+01   2.3936083e+01   3.4041020e+01   4.5569391e+01   4.6543458e+01   2.4426972e+01   4.5898238e+01   2.9135642e+01   6.6638113e+01   7.0764732e+00   5.8502155e+01   5.8439624e+01   7.4560786e+01   4.5892731e+01   5.1059371e+01   4.5025274e+01   1.0807764e+01   2.4686773e+01   5.7878132e+01   4.9929242e+01   4.1400549e+00   4.9721360e+00   3.8500000e+01   4.1548752e+01   2.3303509e+01   5.4926556e+01   4.5000000e+01   2.8113403e+01   6.6397648e+01   1.2869317e+01   5.6493303e+01   5.4035035e+01   4.7310789e+01   2.4691941e+01   1.3000000e+01   2.2482948e+01   3.5500000e+01
  3.6917715e+01   2.7000000e+01   1.2043396e+01   2.1523796e+01   2.3138463e+01   1.0500000e+01   1.8451323e+01   3.7204904e+01   3.8447332e+01   2.8365750e+01   4.7555818e+01   3.9717343e+01   4.1576149e+01   7.5000000e+00   1.8672782e+01   3.0872685e+01   3.6917715e+01   1.9735384e+01   2.6677280e+01   2.1553503e+01   3.7003424e+01   3.6735342e+01   5.0078221e+01   1.5837862e+01   2.9525851e+01   2.2551077e+01   2.6519224e+01   1.2043396e+01   3.9194315e+01   3.1036863e+01   4.9540799e+01   5.1588159e+01   4.7905168e+01   2.7453664e+01   3.0152150e+01   1.4229530e+01   3.6724991e+01   5.1266623e+01   0.0000000e+00   3.1840868e+01   3.3057641e+01   2.1689620e+01   1.3039936e+01   2.1595023e+01   4.9703658e+01   2.1648286e+01   4.4051248e+00   1.3738202e+01   8.5622577e+00   5.4167961e+01   2.8646936e+01   5.1158168e+01   6.4501953e+01   3.0835623e+01   4.0811289e+01   5.0404910e+01   3.0802640e+01   3.6900549e+01   4.0424930e+01   3.7976659e+01   4.0202015e+01   2.3088714e+01   9.0586214e+00   2.5505000e+01   5.8225644e+01   3.6284075e+01   2.4629857e+01   1.9916488e+01   3.9885911e+01   4.0615458e+01   4.7203854e+01   2.4774472e+01   1.7307736e+01   5.4951814e+01   4.6679000e+01   2.8540150e+01   2.9157460e+01   1.0208244e+01   5.4497475e+00   2.3936083e+01   4.1200123e+01   2.9847061e+01   2.6748809e+01   3.6948594e+01   4.9906477e+01   4.7203854e+01   3.9885911e+01   4.2371828e+01   3.5130189e+01   1.6056349e+01   3.3462099e+01   2.4253947e+01   1.5706906e+01   5.9417315e+01   2.7702941e+01   1.6507811e+01   3.1370698e+01   3.0181644e+01   5.9168561e+01   3.4974628e+01   1.9053975e+01
  5.2696743e+01   4.9126125e+01   2.2465883e+01   1.7566048e+01   5.1266623e+01   2.7560118e+01   2.3619256e+01   5.0344759e+01   2.3700216e+01   5.8346780e+01   4.7701695e+01   2.3936083e+01   5.1121142e+01   2.8540150e+01   2.2040659e+01   1.6180340e+00   3.7030809e+01   2.2162179e+01   5.7954330e+01   5.0148766e+01   2.0204060e+01   6.5207973e+00   2.1218349e+01   1.7485288e+01   5.9654459e+01   5.1096443e+01   1.9000000e+01   2.6209920e+01   2.0412308e+01   3.0917922e+01   1.8562392e+01   2.3110838e+01   2.5995098e+01   4.7000000e+01   5.9665023e+01   2.4084953e+01   2.1819006e+01   2.2961077e+01   3.1840868e+01   0.0000000e+00   5.4244289e+00   4.7683154e+01   2.1819006e+01   3.0101520e+01   2.2368928e+01   4.9835586e+01   2.8113403e+01   2.0349433e+01   2.7244158e+01   2.7794688e+01   2.4047824e+01   2.0500000e+01   3.6555513e+01   2.5369660e+01   1.2172618e+01   2.2955512e+01   2.7360680e+00   4.2846783e+01   2.2888613e+01   5.3765843e+01   1.9591883e+01   5.1416598e+01   3.8742646e+01   2.8040879e+01   3.5557096e+01   2.4190715e+01   2.4882371e+01   2.3110838e+01   4.4551107e+01   1.1680340e+01   4.7812789e+01   7.6063352e+00   4.8440067e+01   2.4774472e+01   5.6116994e+01   4.8002632e+01   5.8728000e+01   2.9620440e+01   3.3153484e+01   2.2703603e+01   1.5574813e+01   1.7834936e+01   3.5517853e+01   4.5569391e+01   2.3199119e+01   2.0159603e+01   3.8637908e+01   4.2243263e+01   2.2420310e+01   3.2706366e+01   2.4400837e+01   1.4817821e+01   4.6900431e+01   3.4182340e+01   3.4237961e+01   3.9723717e+01   4.0888736e+01   2.3027756e+00   3.4134060e+01   2.1362646e+01   2.2005813e+01
  5.0161353e+01   4.7683154e+01   2.4938699e+01   1.5797059e+01   5.0923209e+01   2.7332816e+01   2.7300187e+01   4.7523930e+01   1.8939089e+01   5.8418046e+01   4.3491278e+01   1.9101075e+01   4.7820714e+01   2.8801943e+01   2.5723997e+01   6.2008771e+00   3.3153484e+01   2.5995098e+01   5.8803087e+01   4.9949469e+01   1.5416434e+01   9.9339811e+00   1.7992856e+01   1.9974342e+01   5.9766348e+01   5.0861195e+01   2.3586793e+01   2.5783394e+01   1.5508331e+01   2.7379360e+01   1.7143317e+01   1.9735384e+01   2.1218349e+01   4.5226949e+01   5.9552942e+01   2.7155206e+01   1.7120770e+01   1.9506578e+01   3.3057641e+01   5.4244289e+00   0.0000000e+00   4.6986557e+01   2.4442640e+01   3.4041020e+01   1.8527756e+01   4.9543348e+01   2.9192333e+01   2.2888613e+01   2.7425824e+01   2.3786262e+01   2.8717902e+01   1.8617671e+01   3.3153484e+01   2.1577239e+01   8.5622577e+00   1.9168155e+01   4.0000000e+00   3.9397301e+01   1.7992856e+01   5.1200099e+01   2.4253947e+01   5.1118672e+01   3.9194315e+01   2.5182990e+01   3.1000000e+01   1.9644190e+01   2.2092823e+01   2.6976405e+01   4.0888736e+01   1.5034442e+01   4.3642207e+01   1.0156604e+01   4.9208316e+01   2.2431712e+01   5.2677581e+01   4.6175486e+01   5.8648517e+01   2.9348743e+01   3.3643627e+01   2.7018861e+01   1.1011898e+01   1.3962912e+01   3.9704592e+01   4.2338977e+01   1.9181542e+01   1.6160460e+01   3.4547761e+01   3.8146381e+01   1.7914075e+01   3.5968296e+01   2.9283676e+01   1.2593387e+01   4.8262433e+01   3.0016944e+01   3.8552595e+01   3.8921999e+01   3.7983330e+01   6.5827625e+00   2.9927878e+01   1.6824828e+01   2.0406029e+01
  2.0280040e+01   7.9330344e+00   3.2566337e+01   3.1884710e+01   5.6478151e+00   2.0723748e+01   3.9580046e+01   2.2641590e+01   4.3685646e+01   1.4229530e+01   3.9822385e+01   4.5098206e+01   2.8540150e+01   2.0500000e+01   3.9669503e+01   4.6981179e+01   3.2922986e+01   4.0761644e+01   2.0229420e+01   6.0901699e+00   4.4002873e+01   5.3452809e+01   6.1401560e+01   3.5057922e+01   1.5616216e+01   6.3523500e+00   4.7190470e+01   2.1976732e+01   4.6502717e+01   3.0408193e+01   6.3269419e+01   6.2411227e+01   5.4733292e+01   1.1011898e+01   1.4293114e+01   3.5320971e+01   4.2752219e+01   6.1983738e+01   2.1689620e+01   4.7683154e+01   4.6986557e+01   0.0000000e+00   3.3549206e+01   4.2547592e+01   5.9863288e+01   5.1097722e+00   2.3352790e+01   3.3805405e+01   2.1523796e+01   6.3000000e+01   4.9746827e+01   6.4267155e+01   7.3604377e+01   3.4104315e+01   5.3301515e+01   6.0554142e+01   4.5978017e+01   2.8392651e+01   4.6597722e+01   2.1054805e+01   6.0075582e+01   6.0901699e+00   1.3471122e+01   2.7037709e+01   6.3794945e+01   4.0829890e+01   2.8700177e+01   4.1021599e+01   3.1196091e+01   5.8130287e+01   3.9233061e+01   4.1442032e+01   1.4730249e+01   6.7148331e+01   3.2476554e+01   1.1601802e+01   1.3624405e+01   1.8672782e+01   1.7367128e+01   4.5011235e+01   5.1788400e+01   3.7812866e+01   4.7147615e+01   2.6239075e+01   5.9576222e+01   5.7528502e+01   3.5631894e+01   3.6392200e+01   4.0578049e+01   3.6346897e+01   5.4467583e+01   3.5231110e+01   2.0178669e+01   6.6728770e+01   4.8385280e+01   8.5777472e+00   2.2635944e+01   4.6391176e+01   6.6355903e+01   4.1027768e+01   2.7356098e+01
  4.5986262e+01   3.7836309e+01   1.5000000e+00   1.8837121e+01   3.5532128e+01   1.5902922e+01   7.5710678e+00   4.5321870e+01   3.5503571e+01   4.0876354e+01   5.1298622e+01   3.6503472e+01   4.8583261e+01   1.4365425e+01   7.0192024e+00   2.0729928e+01   3.9857337e+01   8.1321688e+00   3.8480258e+01   3.4003731e+01   3.3061480e+01   2.5723997e+01   4.1927648e+01   4.9721360e+00   4.2012046e+01   3.5003623e+01   1.4147344e+01   1.6072412e+01   3.4734486e+01   3.3153484e+01   3.9873214e+01   4.3676961e+01   4.2861539e+01   3.7395122e+01   4.2690046e+01   4.1400549e+00   3.3500000e+01   4.3441821e+01   1.3039936e+01   2.1819006e+01   2.4442640e+01   3.3549206e+01   0.0000000e+00   1.3700379e+01   4.2335989e+01   3.4033565e+01   1.0698039e+01   2.0811388e+00   1.3962912e+01   4.7388165e+01   1.7052945e+01   4.1809805e+01   5.7072962e+01   3.0583218e+01   3.2503906e+01   4.3000000e+01   2.1440392e+01   4.2204316e+01   3.6586701e+01   4.7096674e+01   2.7666155e+01   3.5514283e+01   2.1500000e+01   2.7794688e+01   5.3268362e+01   3.4134060e+01   2.5579872e+01   8.7006097e+00   4.4907207e+01   2.8969282e+01   5.1106324e+01   1.4922205e+01   2.9487066e+01   4.6010988e+01   5.3887733e+01   3.8513156e+01   4.1694660e+01   1.7307736e+01   1.6694135e+01   1.2353270e+01   3.4208308e+01   2.6519224e+01   2.0000000e+01   4.3316469e+01   4.2846783e+01   3.9895431e+01   4.2547592e+01   4.5677428e+01   3.2562439e+01   1.2593387e+01   2.1529741e+01   2.0006409e+01   2.6662951e+01   5.3310984e+01   1.9974342e+01   2.7070661e+01   3.7638255e+01   2.0025624e+01   5.3152160e+01   3.2015869e+01   1.9288294e+01
  5.7607355e+01   4.8094643e+01   1.4147344e+01   3.1820920e+01   4.3190748e+01   2.8158633e+01   7.5178344e+00   5.7423194e+01   4.7881431e+01   4.6461941e+01   6.4470696e+01   4.8759714e+01   6.1132087e+01   2.5955844e+01   9.0000000e+00   2.9004386e+01   5.3047597e+01   8.5622577e+00   4.1527430e+01   4.1454243e+01   4.5137428e+01   3.1804952e+01   5.0789164e+01   1.6878339e+01   4.7324139e+01   4.2407637e+01   1.3306248e+01   2.8700177e+01   4.6524450e+01   4.6353026e+01   4.7018813e+01   5.2701533e+01   5.4084046e+01   4.8400939e+01   4.8668973e+01   1.0117692e+01   4.5834865e+01   5.2560061e+01   2.1595023e+01   3.0101520e+01   3.4041020e+01   4.2547592e+01   1.3700379e+01   0.0000000e+00   5.1919841e+01   4.1770449e+01   2.1386599e+01   1.4896180e+01   2.5995098e+01   5.7282480e+01   1.1235455e+01   4.9287806e+01   6.6122024e+01   4.3665380e+01   4.1731056e+01   5.2524033e+01   3.0603986e+01   5.5144304e+01   4.8593659e+01   5.8693642e+01   2.6715453e+01   4.3035279e+01   2.9590376e+01   4.0975301e+01   6.4282835e+01   4.6787147e+01   3.8778584e+01   7.5710678e+00   5.7912978e+01   3.3107514e+01   6.4267155e+01   2.4629857e+01   3.4300888e+01   5.3810412e+01   6.6397648e+01   4.9502551e+01   4.7683154e+01   2.9140007e+01   2.6432605e+01   8.7006097e+00   4.4482951e+01   3.9051913e+01   6.8245553e+00   5.6020267e+01   5.2672790e+01   4.9635018e+01   5.5747172e+01   5.8863088e+01   4.5134628e+01   7.5000000e+00   1.6008062e+01   3.2566337e+01   2.9504310e+01   6.3557513e+01   6.9031242e+00   3.7530393e+01   5.0319675e+01   2.8392651e+01   6.3468246e+01   4.4482951e+01   3.2488279e+01
  5.7502193e+01   5.8648517e+01   4.2764051e+01   2.9500000e+01   6.4441379e+01   4.2225292e+01   4.5280018e+01   5.3943896e+01   1.8748288e+01   7.2600624e+01   4.3000000e+01   1.7617243e+01   5.2155106e+01   4.4363424e+01   4.3700116e+01   2.3445588e+01   3.6126535e+01   4.3916587e+01   7.4400271e+01   6.3802844e+01   1.6946884e+01   2.2590722e+01   4.1055513e+00   3.7866429e+01   7.4001701e+01   6.4611231e+01   4.0699502e+01   4.0465610e+01   1.4580128e+01   3.3126676e+01   1.1813708e+01   3.5000000e+00   1.0156604e+01   5.5386246e+01   7.3330282e+01   4.5159825e+01   1.8700275e+01   3.0000000e+00   4.9703658e+01   2.2368928e+01   1.8527756e+01   5.9863288e+01   4.2335989e+01   5.1919841e+01   0.0000000e+00   6.3215628e+01   4.5801766e+01   4.0764749e+01   4.2949971e+01   6.0000000e+00   4.5569391e+01   1.0208244e+01   1.5340822e+01   2.7541635e+01   1.0698039e+01   1.2071068e+00   2.1860009e+01   4.3789722e+01   1.5632746e+01   5.8366225e+01   3.6766376e+01   6.4728109e+01   5.4594824e+01   3.4059648e+01   1.5273287e+01   2.1488092e+01   3.1824910e+01   4.4884682e+01   4.4045953e+01   2.5020400e+01   4.3421440e+01   2.8181221e+01   6.4846717e+01   9.5553851e+00   5.6002252e+01   5.6116994e+01   7.2515623e+01   4.4022982e+01   4.9310859e+01   4.4559619e+01   9.0146932e+00   2.2551077e+01   5.7385851e+01   4.7452103e+01   1.9142136e+00   3.0000000e+00   3.6000000e+01   3.9051913e+01   2.0902206e+01   5.3988316e+01   4.5070169e+01   2.6311819e+01   6.4774801e+01   1.2510412e+01   5.6078773e+01   5.1951433e+01   4.4884682e+01   2.4037205e+01   1.2541595e+01   2.0108672e+01   3.3534073e+01
  2.4426972e+01   1.2097414e+01   3.3034597e+01   3.4738137e+01   2.0000000e+00   2.2799103e+01   3.9544846e+01   2.7042419e+01   4.7523930e+01   1.0052487e+01   4.4431765e+01   4.8938105e+01   3.3003846e+01   2.1976732e+01   3.9819207e+01   4.9061816e+01   3.7412058e+01   4.0876354e+01   1.5632746e+01   1.5000000e+00   4.7630139e+01   5.5447702e+01   6.4580028e+01   3.6087919e+01   1.1465856e+01   1.9142136e+00   4.7630139e+01   2.4269729e+01   5.0123583e+01   3.4621108e+01   6.6022897e+01   6.5678601e+01   5.8500000e+01   1.5508331e+01   1.0624228e+01   3.5360436e+01   4.6483693e+01   6.5264960e+01   2.1648286e+01   4.9835586e+01   4.9543348e+01   5.1097722e+00   3.4033565e+01   4.1770449e+01   6.3215628e+01   0.0000000e+00   2.4005319e+01   3.4500000e+01   2.3177081e+01   6.6568147e+01   4.9739212e+01   6.7148331e+01   7.7194198e+01   3.8003333e+01   5.6206822e+01   6.3913327e+01   4.8259816e+01   3.3000000e+01   5.0362310e+01   2.5122145e+01   6.1018592e+01   2.0811388e+00   1.3089678e+01   3.0938463e+01   6.7768120e+01   4.4706900e+01   3.2351217e+01   4.1024684e+01   3.5805807e+01   5.9939044e+01   4.3841666e+01   4.3307710e+01   1.1047512e+01   7.0215493e+01   3.6780160e+01   1.6008062e+01   9.8005376e+00   2.0748457e+01   1.8028548e+01   4.5053339e+01   5.5000000e+01   4.1200123e+01   4.5900991e+01   3.0835623e+01   6.3000000e+01   6.0836556e+01   4.0154760e+01   4.0978389e+01   4.4346323e+01   3.5231110e+01   5.4594824e+01   3.8089892e+01   1.6901219e+01   7.0517855e+01   4.7310789e+01   1.1835784e+01   2.7225456e+01   4.8440067e+01   7.0158094e+01   4.4729515e+01   3.0341247e+01
  3.6735342e+01   2.7813001e+01   9.7195445e+00   1.7769916e+01   2.5505000e+01   7.9330344e+00   1.7052945e+01   3.6569378e+01   3.4840210e+01   3.1423292e+01   4.5405456e+01   3.6084407e+01   4.0500000e+01   5.2169906e+00   1.6946884e+01   2.7169271e+01   3.4455854e+01   1.8057050e+01   3.0341247e+01   2.4047824e+01   3.3275753e+01   3.3153484e+01   4.6175486e+01   1.2665525e+01   3.2644206e+01   2.5045875e+01   2.4337995e+01   9.1313383e+00   3.5428498e+01   2.8289386e+01   4.5713383e+01   4.7683154e+01   4.4117657e+01   2.7689152e+01   3.3057641e+01   1.2798374e+01   3.3072995e+01   4.7361498e+01   4.4051248e+00   2.8113403e+01   2.9192333e+01   2.3352790e+01   1.0698039e+01   2.1386599e+01   4.5801766e+01   2.4005319e+01   0.0000000e+00   1.1011898e+01   5.7201533e+00   5.0284536e+01   2.7070661e+01   4.7302778e+01   6.0604076e+01   2.7573973e+01   3.6917715e+01   4.6502717e+01   2.7004717e+01   3.5159054e+01   3.6724991e+01   3.7826264e+01   3.7513511e+01   2.5519992e+01   1.1680340e+01   2.2703603e+01   5.4467583e+01   3.2768406e+01   2.1500000e+01   1.8423448e+01   3.8076588e+01   3.7194686e+01   4.5098206e+01   2.1091260e+01   2.0853132e+01   5.1069259e+01   4.5713383e+01   2.8801943e+01   3.2075307e+01   8.4056942e+00   6.5207973e+00   2.2328880e+01   3.7300136e+01   2.6132011e+01   2.7075365e+01   3.5589172e+01   4.6010988e+01   4.3301869e+01   3.7378178e+01   4.0060081e+01   3.1548349e+01   1.6878339e+01   3.1680924e+01   2.0412308e+01   1.9591883e+01   5.5572679e+01   2.7725907e+01   1.7052945e+01   2.9915132e+01   2.6485573e+01   5.5329280e+01   3.1342341e+01   1.5632746e+01
  4.5605432e+01   3.7816216e+01   2.6213203e+00   1.7477927e+01   3.6000000e+01   1.5508331e+01   8.4056942e+00   4.4800113e+01   3.4014922e+01   4.1600487e+01   5.0239320e+01   3.5000000e+01   4.7897257e+01   1.4256816e+01   7.5710678e+00   1.9268324e+01   3.8768786e+01   8.6394103e+00   3.9500000e+01   3.4514703e+01   3.1536269e+01   2.4400837e+01   4.0377939e+01   3.4154759e+00   4.2764051e+01   3.5514283e+01   1.3962912e+01   1.5500000e+01   3.3187918e+01   3.2031730e+01   3.8411080e+01   4.2120308e+01   4.1292156e+01   3.7204904e+01   4.3354405e+01   5.5249378e+00   3.2003968e+01   4.1882363e+01   1.3738202e+01   2.0349433e+01   2.2888613e+01   3.3805405e+01   2.0811388e+00   1.4896180e+01   4.0764749e+01   3.4500000e+01   1.1011898e+01   0.0000000e+00   1.3700379e+01   4.5810043e+01   1.7307736e+01   4.0324616e+01   5.5509090e+01   2.9283676e+01   3.0950780e+01   4.1429818e+01   1.9916488e+01   4.1344216e+01   3.5057922e+01   4.6719585e+01   2.7042419e+01   3.6003521e+01   2.2052262e+01   2.6739284e+01   5.1695703e+01   3.2690837e+01   2.4426972e+01   9.3459030e+00   4.4002873e+01   2.7794688e+01   5.0063091e+01   1.3403488e+01   3.0387288e+01   4.4502841e+01   5.3209107e+01   3.8321951e+01   4.2362871e+01   1.7052945e+01   1.7030275e+01   1.2706556e+01   3.2628648e+01   2.5045875e+01   2.1218349e+01   4.2574339e+01   4.1270700e+01   3.8321951e+01   4.1420655e+01   4.4596485e+01   3.1102287e+01   1.4147344e+01   2.1577239e+01   1.8527756e+01   2.7794688e+01   5.1729874e+01   2.1073041e+01   2.7080068e+01   3.6917715e+01   1.8562392e+01   5.1571029e+01   3.0537477e+01   1.8177670e+01
  3.2535137e+01   2.4753866e+01   1.3119429e+01   1.4101471e+01   2.4635037e+01   2.7360680e+00   2.0902206e+01   3.2015869e+01   3.0583218e+01   3.1620733e+01   4.0189419e+01   3.1884710e+01   3.5646124e+01   1.9142136e+00   2.0481241e+01   2.6432605e+01   2.9244565e+01   2.1595023e+01   3.2063428e+01   2.3440139e+01   2.9353076e+01   3.2780025e+01   4.3685646e+01   1.4329317e+01   3.2942256e+01   2.4400837e+01   2.7070661e+01   4.0000000e+00   3.1632780e+01   2.3138463e+01   4.4066042e+01   4.5053339e+01   4.0377939e+01   2.4005319e+01   3.2922986e+01   1.6824828e+01   2.8929738e+01   4.4695588e+01   8.5622577e+00   2.7244158e+01   2.7425824e+01   2.1523796e+01   1.3962912e+01   2.5995098e+01   4.2949971e+01   2.3177081e+01   5.7201533e+00   1.3700379e+01   0.0000000e+00   4.7118130e+01   3.0470819e+01   4.5436066e+01   5.7607355e+01   2.2776669e+01   3.4705263e+01   4.3656691e+01   2.5783394e+01   3.0029646e+01   3.2702484e+01   3.3643627e+01   3.9207234e+01   2.4753866e+01   1.2300424e+01   1.7566048e+01   5.0592415e+01   2.8329840e+01   1.6570159e+01   2.2133308e+01   3.2922986e+01   3.7272952e+01   3.9885911e+01   2.0630822e+01   2.2465883e+01   4.8914874e+01   4.0904208e+01   2.5122145e+01   3.1984123e+01   3.8541020e+00   6.8639610e+00   2.5803162e+01   3.4448490e+01   2.2208293e+01   3.1900637e+01   3.0608138e+01   4.3020583e+01   4.0465610e+01   3.2174122e+01   3.4840210e+01   2.7244158e+01   2.1970911e+01   3.4770979e+01   1.7150826e+01   2.2551077e+01   5.2087305e+01   3.2390437e+01   1.4147344e+01   2.4913111e+01   2.5798221e+01   5.1812766e+01   2.7155206e+01   1.1094810e+01
  5.9002137e+01   6.1216555e+01   4.7770498e+01   3.3534073e+01   6.7732804e+01   4.6219252e+01   5.0584928e+01   5.5240296e+01   2.0406029e+01   7.6046343e+01   4.2511903e+01   1.9080904e+01   5.2868884e+01   4.8523432e+01   4.9007731e+01   2.8859302e+01   3.7003424e+01   4.9257051e+01   7.8333155e+01   6.7208320e+01   1.9506578e+01   2.8072631e+01   8.5777472e+00   4.2932299e+01   7.7456156e+01   6.7975922e+01   4.6175486e+01   4.4431765e+01   1.7007574e+01   3.4971002e+01   1.6192355e+01   6.7649820e+00   9.7195445e+00   5.7764736e+01   7.6634749e+01   5.0312147e+01   2.0908332e+01   6.5415230e+00   5.4167961e+01   2.7794688e+01   2.3786262e+01   6.3000000e+01   4.7388165e+01   5.7282480e+01   6.0000000e+00   6.6568147e+01   5.0284536e+01   4.5810043e+01   4.7118130e+01   0.0000000e+00   5.1061843e+01   1.4101471e+01   1.1130146e+01   2.9834280e+01   1.6128500e+01   5.5249378e+00   2.7183328e+01   4.4763416e+01   1.7270510e+01   5.9797976e+01   4.2099279e+01   6.8046280e+01   5.8590447e+01   3.6700829e+01   1.0500000e+01   2.3308989e+01   3.4800146e+01   5.0231781e+01   4.4641817e+01   3.0332868e+01   4.3002941e+01   3.3401368e+01   6.8846543e+01   1.1601802e+01   5.6323382e+01   5.8418046e+01   7.5855823e+01   4.7923623e+01   5.3445727e+01   4.9997475e+01   1.3700379e+01   2.5965663e+01   6.2807704e+01   4.8523432e+01   5.1097722e+00   8.1485293e+00   3.6423530e+01   3.9158764e+01   2.3138463e+01   5.9162168e+01   5.0562461e+01   3.0500000e+01   6.9100292e+01   7.0192024e+00   6.1526634e+01   5.5240296e+01   4.6557030e+01   2.9435273e+01   7.0764732e+00   2.2551077e+01   3.7276351e+01
  6.2411227e+01   5.4351648e+01   1.7964249e+01   3.1600643e+01   5.1217354e+01   3.2315877e+01   1.0698039e+01   6.1532778e+01   4.5268851e+01   5.5520451e+01   6.5403775e+01   4.5878960e+01   6.4390531e+01   3.0917922e+01   1.0624228e+01   2.3088714e+01   5.3913481e+01   9.5138782e+00   5.1416598e+01   4.9576471e+01   4.2084252e+01   2.3936083e+01   4.3850317e+01   1.7529386e+01   5.6502232e+01   5.0564958e+01   5.7201533e+00   3.2256889e+01   4.2949971e+01   4.7118130e+01   3.8961019e+01   4.5834865e+01   4.9433629e+01   5.3943896e+01   5.7578893e+01   1.4930870e+01   4.3220019e+01   4.5776926e+01   2.8646936e+01   2.4047824e+01   2.8717902e+01   4.9746827e+01   1.7052945e+01   1.1235455e+01   4.5569391e+01   4.9739212e+01   2.7070661e+01   1.7307736e+01   3.0470819e+01   5.1061843e+01   0.0000000e+00   4.1371751e+01   5.8950834e+01   4.3220019e+01   3.5503571e+01   4.6098794e+01   2.5248737e+01   5.7423194e+01   4.5280018e+01   6.3525788e+01   1.6120499e+01   5.1135956e+01   3.7174242e+01   4.2273197e+01   5.9104607e+01   4.4819860e+01   3.9551248e+01   9.2321246e+00   5.9913803e+01   2.4005319e+01   6.5315122e+01   2.0748457e+01   4.3502907e+01   4.5978017e+01   6.9704407e+01   5.5061891e+01   5.6580300e+01   3.3824165e+01   3.2922986e+01   5.2434165e+00   3.9116706e+01   3.7174242e+01   1.3813527e+01   5.8965802e+01   4.6524450e+01   4.3511626e+01   5.6303226e+01   5.9703040e+01   4.3044095e+01   1.7740940e+01   5.5249378e+00   3.1200163e+01   3.9262095e+01   5.7535077e+01   1.1912712e+01   4.3581318e+01   5.3379580e+01   2.2641590e+01   5.7519733e+01   4.2192325e+01   3.3741540e+01
  6.4441379e+01   6.4064927e+01   4.2434473e+01   3.2922986e+01   6.8479776e+01   4.5179414e+01   4.3237571e+01   6.1167125e+01   2.6619916e+01   7.6224831e+01   5.1919841e+01   2.5743811e+01   6.0018905e+01   4.6827638e+01   4.1682521e+01   2.1600948e+01   4.4071780e+01   4.1649119e+01   7.6900262e+01   6.7619297e+01   2.4000000e+01   1.8057050e+01   6.6032778e+00   3.7439139e+01   7.7592477e+01   6.8500000e+01   3.7027387e+01   4.3546487e+01   2.2052262e+01   4.0113760e+01   3.0000000e+00   7.9330344e+00   1.9735384e+01   6.1148578e+01   7.7236562e+01   4.4045953e+01   2.6004901e+01   8.2781746e+00   5.1158168e+01   2.0500000e+01   1.8617671e+01   6.4267155e+01   4.1809805e+01   4.9287806e+01   1.0208244e+01   6.7148331e+01   4.7302778e+01   4.0324616e+01   4.5436066e+01   1.4101471e+01   4.1371751e+01   0.0000000e+00   1.8500000e+01   3.4182340e+01   1.1465856e+01   1.0104686e+01   2.1018285e+01   5.1502451e+01   2.3764780e+01   6.5378733e+01   3.0038111e+01   6.8709237e+01   5.7231825e+01   3.9927148e+01   2.4100847e+01   2.9017538e+01   3.7249150e+01   4.2538673e+01   5.2118795e+01   1.8527756e+01   5.2292857e+01   2.7453664e+01   6.7300075e+01   5.1097722e+00   6.4196546e+01   6.1985771e+01   7.6358421e+01   4.7147615e+01   5.1707910e+01   4.1353396e+01   1.4036986e+01   2.7785527e+01   5.4112032e+01   5.5009174e+01   1.1601802e+01   1.0624228e+01   4.4346323e+01   4.7600955e+01   2.8004545e+01   5.2550456e+01   3.9885911e+01   2.9568884e+01   6.6355903e+01   1.9955076e+01   5.2521630e+01   5.6200090e+01   5.1795711e+01   2.2300229e+01   2.0178669e+01   2.7018861e+01   3.7412058e+01
  6.8928795e+01   7.1679351e+01   5.7530693e+01   4.4057433e+01   7.8354030e+01   5.6769441e+01   5.9665023e+01   6.5048431e+01   3.0769622e+01   8.6675693e+01   5.0858713e+01   2.9400692e+01   6.2245445e+01   5.9017092e+01   5.8084720e+01   3.7665172e+01   4.6679000e+01   5.8216982e+01   8.8913800e+01   7.7836925e+01   3.0101520e+01   3.5517853e+01   1.5837862e+01   5.2600864e+01   8.8085672e+01   7.8602497e+01   5.4353969e+01   5.4988531e+01   2.7601660e+01   4.5235333e+01   2.1000000e+01   1.3962912e+01   1.9735384e+01   6.8162767e+01   8.7255403e+01   5.9797976e+01   3.1427334e+01   1.4156500e+01   6.4501953e+01   3.6555513e+01   3.3153484e+01   7.3604377e+01   5.7072962e+01   6.6122024e+01   1.5340822e+01   7.7194198e+01   6.0604076e+01   5.5509090e+01   5.7607355e+01   1.1130146e+01   5.8950834e+01   1.8500000e+01   0.0000000e+00   4.0305778e+01   2.5122145e+01   1.4650972e+01   3.6346897e+01   5.4418921e+01   2.7689152e+01   6.9675501e+01   4.8023678e+01   7.8669687e+01   6.9147651e+01   4.7238635e+01   1.4535669e+01   3.3685087e+01   4.5405456e+01   5.9162168e+01   5.4002336e+01   3.6513886e+01   5.1416598e+01   4.2790661e+01   7.9406590e+01   1.4036986e+01   6.5317050e+01   6.8782501e+01   8.6479649e+01   5.8500000e+01   6.3952738e+01   5.8474132e+01   2.3807724e+01   3.6590165e+01   7.1325490e+01   5.8216982e+01   1.5103082e+01   1.7834936e+01   4.5760358e+01   4.8170746e+01   3.3643627e+01   6.8582670e+01   5.7764736e+01   4.0959857e+01   7.9525312e+01   9.0146932e+00   6.9870383e+01   6.5864363e+01   5.6653807e+01   3.8305423e+01   9.5138782e+00   3.3107514e+01   4.7876154e+01
  3.0765492e+01   3.1884710e+01   3.0332868e+01   1.2384864e+01   3.9038941e+01   2.1000000e+01   3.6900549e+01   2.7518512e+01   1.0104686e+01   4.7555818e+01   2.3138463e+01   1.1511358e+01   2.6976405e+01   2.3936083e+01   3.5692329e+01   2.5464975e+01   1.2161904e+01   3.6545111e+01   5.1121142e+01   3.8742646e+01   1.1094810e+01   3.0917922e+01   2.9847061e+01   2.7425824e+01   4.8969062e+01   3.9416577e+01   3.8225986e+01   1.9328170e+01   1.3500000e+01   6.5207973e+00   3.4014922e+01   3.0387288e+01   2.1200242e+01   2.8450850e+01   4.7881431e+01   3.4223137e+01   9.4442719e+00   2.9910882e+01   3.0835623e+01   2.5369660e+01   2.1577239e+01   3.4104315e+01   3.0583218e+01   4.3665380e+01   2.7541635e+01   3.8003333e+01   2.7573973e+01   2.9283676e+01   2.2776669e+01   2.9834280e+01   4.3220019e+01   3.4182340e+01   4.0305778e+01   0.0000000e+00   2.4021267e+01   2.8181221e+01   2.3138463e+01   1.8451323e+01   1.3119429e+01   3.1696955e+01   4.4100459e+01   3.9397301e+01   3.2280497e+01   7.5710678e+00   3.0274150e+01   7.2268120e+00   6.8245553e+00   3.7462819e+01   1.9813208e+01   3.6087919e+01   2.3171568e+01   2.3845235e+01   4.2120308e+01   3.5915392e+01   3.1680924e+01   2.9135642e+01   4.7169048e+01   2.2005813e+01   2.8181221e+01   3.9647158e+01   2.0655644e+01   8.1157731e+00   4.9989898e+01   2.1648286e+01   2.6962237e+01   2.5500000e+01   1.3953624e+01   1.7529386e+01   7.2082039e+00   4.2012046e+01   4.5713383e+01   1.2603718e+01   4.3864732e+01   3.3149655e+01   4.9716359e+01   2.6748809e+01   1.8113915e+01   2.5324383e+01   3.2768406e+01   7.9330344e+00   1.2500000e+01
  5.4084046e+01   5.3180642e+01   3.3000000e+01   2.1970911e+01   5.7530693e+01   3.4337849e+01   3.5130189e+01   5.1000000e+01   1.7964249e+01   6.5326692e+01   4.3769504e+01   1.7500000e+01   5.0362310e+01   3.6108988e+01   3.3549206e+01   1.3247549e+01   3.4723530e+01   3.3741540e+01   6.6251426e+01   5.6689412e+01   1.4730249e+01   1.3149111e+01   9.9339811e+00   2.8036340e+01   6.6700453e+01   5.7563561e+01   3.0566593e+01   3.2675301e+01   1.3471122e+01   3.0038111e+01   1.0698039e+01   1.1680340e+01   1.5706906e+01   5.0344759e+01   6.6304635e+01   3.5177082e+01   1.6786497e+01   1.1465856e+01   4.0811289e+01   1.2172618e+01   8.5622577e+00   5.3301515e+01   3.2503906e+01   4.1731056e+01   1.0698039e+01   5.6206822e+01   3.6917715e+01   3.0950780e+01   3.4705263e+01   1.6128500e+01   3.5503571e+01   1.1465856e+01   2.5122145e+01   2.4021267e+01   0.0000000e+00   1.1293517e+01   1.1736103e+01   4.1803753e+01   1.5764338e+01   5.5057309e+01   2.8018176e+01   5.7764736e+01   4.6502717e+01   2.9279333e+01   2.4337995e+01   1.9800259e+01   2.6485573e+01   3.4705263e+01   4.2764051e+01   1.6724981e+01   4.4045953e+01   1.8170597e+01   5.6647128e+01   1.4712670e+01   5.4836912e+01   5.1207495e+01   6.5432657e+01   3.6280581e+01   4.1027768e+01   3.4371079e+01   5.4497475e+00   1.7120770e+01   4.7190470e+01   4.5137428e+01   1.1545361e+01   8.5156098e+00   3.5460692e+01   3.8921999e+01   1.8451323e+01   4.3962628e+01   3.5292241e+01   1.8617671e+01   5.6009008e+01   2.2551077e+01   4.5898238e+01   4.5235333e+01   4.1512193e+01   1.3841664e+01   2.2522716e+01   1.7367128e+01   2.6447061e+01
  5.8104253e+01   5.9315389e+01   4.3433087e+01   3.0206902e+01   6.5137450e+01   4.2932299e+01   4.5900991e+01   5.4530084e+01   1.9328170e+01   7.3301099e+01   4.3421440e+01   1.8177670e+01   5.2694348e+01   4.5070169e+01   4.4320657e+01   2.4037205e+01   3.6669739e+01   4.4528400e+01   7.5107305e+01   6.4501953e+01   1.7588007e+01   2.3049945e+01   4.0355339e+00   3.8529594e+01   7.4702426e+01   6.5309336e+01   4.1249233e+01   4.1172472e+01   1.5205441e+01   3.3741540e+01   1.1835784e+01   3.0495098e+00   1.0462429e+01   5.6042776e+01   7.4027206e+01   4.5810043e+01   1.9321530e+01   2.5615528e+00   5.0404910e+01   2.2955512e+01   1.9168155e+01   6.0554142e+01   4.3000000e+01   5.2524033e+01   1.2071068e+00   6.3913327e+01   4.6502717e+01   4.1429818e+01   4.3656691e+01   5.5249378e+00   4.6098794e+01   1.0104686e+01   1.4650972e+01   2.8181221e+01   1.1293517e+01   0.0000000e+00   2.2482948e+01   4.4346323e+01   1.6200318e+01   5.8963664e+01   3.7123080e+01   6.5424957e+01   5.5301916e+01   3.4723530e+01   1.5034442e+01   2.2087033e+01   3.2503906e+01   4.5494444e+01   4.4570965e+01   2.5364634e+01   4.3850317e+01   2.8824018e+01   6.5553824e+01   9.1313383e+00   5.6508928e+01   5.6769441e+01   7.3213479e+01   4.4729515e+01   5.0017674e+01   4.5134628e+01   9.7195445e+00   2.3243131e+01   5.7967382e+01   4.8018417e+01   2.0811388e+00   3.7015621e+00   3.6503472e+01   3.9528835e+01   2.1529741e+01   5.4634093e+01   4.5544423e+01   2.7018861e+01   6.5478843e+01   1.2043396e+01   5.6647128e+01   5.2646428e+01   4.5494444e+01   2.4635037e+01   1.2097414e+01   2.0748457e+01   3.4237961e+01
  5.0564958e+01   4.7217235e+01   2.2005813e+01   1.5508331e+01   4.9675705e+01   2.5960754e+01   2.3920077e+01   4.8170746e+01   2.1719095e+01   5.6902571e+01   4.5500000e+01   2.2023243e+01   4.8899380e+01   2.7112967e+01   2.2340330e+01   3.0000000e+00   3.4800146e+01   2.2573740e+01   5.6802753e+01   4.8604054e+01   1.8255281e+01   8.6394103e+00   2.1073041e+01   1.7007574e+01   5.8225644e+01   4.9540799e+01   2.0102296e+01   2.4541631e+01   1.8624569e+01   2.8682441e+01   1.9268324e+01   2.2888613e+01   2.4686773e+01   4.5011235e+01   5.8158477e+01   2.3978714e+01   1.9800259e+01   2.2692341e+01   3.0802640e+01   2.7360680e+00   4.0000000e+00   4.5978017e+01   2.1440392e+01   3.0603986e+01   2.1860009e+01   4.8259816e+01   2.7004717e+01   1.9916488e+01   2.5783394e+01   2.7183328e+01   2.5248737e+01   2.1018285e+01   3.6346897e+01   2.3138463e+01   1.1736103e+01   2.2482948e+01   0.0000000e+00   4.0615458e+01   2.1073041e+01   5.1629737e+01   2.1724985e+01   4.9840653e+01   3.7412058e+01   2.5847584e+01   3.4500000e+01   2.2092823e+01   2.2692341e+01   2.3548861e+01   4.2315069e+01   1.3841664e+01   4.5605432e+01   7.0192024e+00   4.7246658e+01   2.5101829e+01   5.3887733e+01   4.6002747e+01   5.7231825e+01   2.8013633e+01   3.1824910e+01   2.3521729e+01   1.4508926e+01   1.5616216e+01   3.6224641e+01   4.3351488e+01   2.2573740e+01   1.9539433e+01   3.6423530e+01   4.0028471e+01   2.0311613e+01   3.2737401e+01   2.5960754e+01   1.2665525e+01   4.5953273e+01   3.3462099e+01   3.5057922e+01   3.7976659e+01   3.8700131e+01   3.1925824e+00   3.3382366e+01   1.9268324e+01   2.0006409e+01
  1.5340822e+01   2.2641590e+01   4.1600487e+01   2.7127054e+01   3.3401368e+01   2.7794688e+01   4.9226276e+01   1.1235455e+01   2.5579872e+01   4.1640005e+01   1.2043396e+01   2.6672505e+01   9.0586214e+00   3.0466648e+01   4.8387890e+01   4.2790661e+01   8.2620873e+00   4.9418299e+01   4.8063116e+01   3.3970136e+01   2.8004545e+01   4.8604054e+01   4.6597722e+01   4.0465610e+01   4.2932299e+01   3.4223137e+01   5.2902290e+01   2.7000000e+01   3.0016944e+01   1.2520815e+01   5.1588159e+01   4.6770941e+01   3.5546398e+01   1.8624569e+01   4.1012344e+01   4.5605432e+01   2.6000000e+01   4.6273901e+01   3.6900549e+01   4.2846783e+01   3.9397301e+01   2.8392651e+01   4.2204316e+01   5.5144304e+01   4.3789722e+01   3.3000000e+01   3.5159054e+01   4.1344216e+01   3.0029646e+01   4.4763416e+01   5.7423194e+01   5.1502451e+01   5.4418921e+01   1.8451323e+01   4.1803753e+01   4.4346323e+01   4.0615458e+01   0.0000000e+00   2.8660256e+01   1.5943445e+01   6.0966933e+01   3.3880383e+01   3.3805405e+01   1.5902922e+01   4.1867258e+01   2.3005555e+01   1.8945867e+01   5.0178969e+01   3.5413813e+00   5.3812756e+01   1.1511358e+01   4.0037956e+01   4.1077087e+01   5.2653619e+01   1.3785330e+01   1.8617671e+01   4.0615458e+01   2.7356098e+01   3.2445266e+01   5.3209107e+01   3.8029988e+01   2.5980385e+01   6.1245370e+01   4.3078866e+00   4.2926407e+01   4.2108292e+01   9.5138782e+00   8.8216585e+00   2.4021267e+01   5.1500000e+01   6.0753631e+01   2.8912145e+01   4.5044921e+01   4.6273901e+01   6.1532778e+01   2.4505208e+01   6.5000000e+00   4.2547592e+01   4.5810043e+01   2.5045875e+01   2.4211811e+01
  4.2467249e+01   4.4491476e+01   3.6669739e+01   1.9473666e+01   5.1455863e+01   3.1386890e+01   4.1576149e+01   3.8843839e+01   3.6622777e+00   5.9901178e+01   2.8806360e+01   2.5000000e+00   3.7054753e+01   3.4041020e+01   4.0113760e+01   2.3532586e+01   2.1024376e+01   4.0699502e+01   6.2903926e+01   5.1059371e+01   4.0355339e+00   2.6748809e+01   1.8500000e+01   3.2503906e+01   6.1315294e+01   5.1776213e+01   4.0060081e+01   2.9590376e+01   3.0000000e+00   1.8234148e+01   2.4269729e+01   1.8610770e+01   8.6394103e+00   4.1003086e+01   6.0335190e+01   4.0028471e+01   4.4051248e+00   1.8113915e+01   4.0424930e+01   2.2888613e+01   1.7992856e+01   4.6597722e+01   3.6586701e+01   4.8593659e+01   1.5632746e+01   5.0362310e+01   3.6724991e+01   3.5057922e+01   3.2702484e+01   1.7270510e+01   4.5280018e+01   2.3764780e+01   2.7689152e+01   1.3119429e+01   1.5764338e+01   1.6200318e+01   2.1073041e+01   2.8660256e+01   0.0000000e+00   4.3307710e+01   4.1600487e+01   5.1795711e+01   4.3491278e+01   2.0102296e+01   1.8423448e+01   6.5415230e+00   1.8534689e+01   4.1694660e+01   2.9000000e+01   3.1261177e+01   2.9140007e+01   2.5122145e+01   5.3627206e+01   2.4520824e+01   4.1027768e+01   4.1649119e+01   5.9595262e+01   3.2830326e+01   3.8768786e+01   4.2764051e+01   1.1011898e+01   1.1094810e+01   5.4730987e+01   3.2319805e+01   1.4817821e+01   1.4000000e+01   2.1097330e+01   2.4337995e+01   6.5207973e+00   4.8666378e+01   4.6461941e+01   1.7270510e+01   5.4650254e+01   2.0655644e+01   5.3960266e+01   3.9038941e+01   2.9910882e+01   2.3759407e+01   2.0298990e+01   6.2008771e+00   2.2208293e+01
  1.6180340e+00   1.3624405e+01   4.6262976e+01   3.6783605e+01   2.4831050e+01   3.1716983e+01   5.4037370e+01   5.2169906e+00   4.0154760e+01   3.1516125e+01   2.4400837e+01   4.1371751e+01   1.0361541e+01   3.3401368e+01   5.3615440e+01   5.3452809e+01   2.3548861e+01   5.4726377e+01   3.9656736e+01   2.6097851e+01   4.2093269e+01   5.9766348e+01   6.0919368e+01   4.6795248e+01   3.2562439e+01   2.5901772e+01   5.9766348e+01   3.1824910e+01   4.4332066e+01   2.5817978e+01   6.5156786e+01   6.1298849e+01   5.0622350e+01   1.1316654e+01   3.0152150e+01   4.9906477e+01   4.0214607e+01   6.0809618e+01   3.7976659e+01   5.3765843e+01   5.1200099e+01   2.1054805e+01   4.7096674e+01   5.8693642e+01   5.8366225e+01   2.5122145e+01   3.7826264e+01   4.6719585e+01   3.3643627e+01   5.9797976e+01   6.3525788e+01   6.5378733e+01   6.9675501e+01   3.1696955e+01   5.5057309e+01   5.8963664e+01   5.1629737e+01   1.5943445e+01   4.3307710e+01   0.0000000e+00   7.0229836e+01   2.5324383e+01   3.1712978e+01   2.6543233e+01   5.7300088e+01   3.7378178e+01   2.9607559e+01   5.5276820e+01   1.7210775e+01   6.4945714e+01   2.3700216e+01   4.9400409e+01   3.5285054e+01   6.7001880e+01   1.2541595e+01   1.0361541e+01   3.0067719e+01   3.0320295e+01   3.3026912e+01   5.8905907e+01   5.1851728e+01   3.8503289e+01   6.4174956e+01   1.2161904e+01   5.7618298e+01   5.6493303e+01   2.4938699e+01   2.3613849e+01   3.8066608e+01   5.3533009e+01   6.7619297e+01   3.9464728e+01   4.0615458e+01   6.1624872e+01   6.4986433e+01   2.2139085e+01   1.4083078e+01   5.3059490e+01   6.1167125e+01   3.8970768e+01   3.2644206e+01
  6.9122154e+01   6.3301274e+01   2.8660256e+01   3.4488969e+01   6.2518143e+01   4.0453098e+01   2.3909400e+01   6.7350580e+01   4.2693009e+01   6.8037027e+01   6.6640003e+01   4.2823162e+01   6.8925142e+01   4.0113760e+01   2.2961077e+01   1.9268324e+01   5.5717751e+01   2.2162179e+01   6.5141318e+01   6.1051631e+01   3.9168463e+01   1.5508331e+01   3.4134060e+01   2.5519992e+01   6.9160396e+01   6.2050792e+01   1.4896180e+01   3.9723717e+01   3.9100518e+01   4.9318542e+01   2.7541635e+01   3.6098455e+01   4.3214166e+01   6.2000000e+01   6.9854164e+01   2.7300187e+01   4.0860872e+01   3.6193137e+01   4.0202015e+01   1.9591883e+01   2.4253947e+01   6.0075582e+01   2.7666155e+01   2.6715453e+01   3.6766376e+01   6.1018592e+01   3.7513511e+01   2.7042419e+01   3.9207234e+01   4.2099279e+01   1.6120499e+01   3.0038111e+01   4.8023678e+01   4.4100459e+01   2.8018176e+01   3.7123080e+01   2.1724985e+01   6.0966933e+01   4.1600487e+01   7.0229836e+01   0.0000000e+00   6.2532250e+01   4.8593659e+01   4.5677428e+01   5.1416598e+01   4.3281421e+01   4.2559482e+01   2.2505681e+01   6.2933965e+01   1.2268602e+01   6.6719333e+01   2.1523796e+01   5.6493303e+01   3.4503676e+01   7.4088382e+01   6.3085941e+01   6.8859345e+01   4.2362871e+01   4.3502907e+01   1.9060711e+01   3.2706366e+01   3.6735342e+01   2.9157460e+01   6.3335102e+01   3.8000000e+01   3.5285054e+01   5.7508771e+01   6.1105280e+01   4.1512193e+01   3.2706366e+01   1.2300424e+01   3.2570235e+01   5.3040461e+01   4.8552055e+01   2.7075365e+01   5.2845009e+01   5.8225644e+01   1.9321530e+01   4.8658592e+01   4.0453098e+01   3.8196154e+01
  2.4686773e+01   1.2500000e+01   3.4514703e+01   3.6294553e+01   1.0000000e+00   2.4379908e+01   4.0947497e+01   2.7500000e+01   4.8938105e+01   8.7006097e+00   4.5249302e+01   5.0352282e+01   3.3515148e+01   2.3548861e+01   4.1249233e+01   5.0642298e+01   3.8513156e+01   4.2300120e+01   1.5008618e+01   2.0811388e+00   4.9092695e+01   5.7026542e+01   6.6114404e+01   3.7621422e+01   1.0104686e+01   1.2071068e+00   4.9092695e+01   2.5847584e+01   5.1588159e+01   3.5901271e+01   6.7591356e+01   6.7202699e+01   5.9934838e+01   1.6128500e+01   9.1023253e+00   3.6780160e+01   4.7923623e+01   6.6787254e+01   2.3088714e+01   5.1416598e+01   5.1118672e+01   6.0901699e+00   3.5514283e+01   4.3035279e+01   6.4728109e+01   2.0811388e+00   2.5519992e+01   3.6003521e+01   2.4753866e+01   6.8046280e+01   5.1135956e+01   6.8709237e+01   7.8669687e+01   3.9397301e+01   5.7764736e+01   6.5424957e+01   4.9840653e+01   3.3880383e+01   5.1795711e+01   2.5324383e+01   6.2532250e+01   0.0000000e+00   1.4535669e+01   3.2327661e+01   6.9147651e+01   4.6109758e+01   3.3801652e+01   4.2431492e+01   3.6638622e+01   6.1512294e+01   4.4647480e+01   4.4884682e+01   1.1511358e+01   7.1761841e+01   3.7123080e+01   1.6531220e+01   8.3102497e+00   2.2328880e+01   1.9559119e+01   4.6461941e+01   5.6529010e+01   4.2701896e+01   4.7053732e+01   3.1584562e+01   6.4501953e+01   6.2354668e+01   4.1218546e+01   4.1936699e+01   4.5776926e+01   3.6433967e+01   5.6009008e+01   3.9647158e+01   1.7485288e+01   7.1949283e+01   4.8502604e+01   1.3306248e+01   2.8181221e+01   5.0020198e+01   7.1586215e+01   4.6175486e+01   3.1884710e+01
  3.0732433e+01   1.9604973e+01   2.0500000e+01   2.5604780e+01   1.4580128e+01   1.2879418e+01   2.6976405e+01   3.1804952e+01   4.1061681e+01   2.0280040e+01   4.5137428e+01   4.2431492e+01   3.6900549e+01   1.0904326e+01   2.7230133e+01   3.7866429e+01   3.5628336e+01   2.8289386e+01   2.0311613e+01   1.3009996e+01   4.0315198e+01   4.4045953e+01   5.5438602e+01   2.3845235e+01   2.1529741e+01   1.4009256e+01   3.5057922e+01   1.4659802e+01   4.2701896e+01   3.0819136e+01   5.5837600e+01   5.6769441e+01   5.1416598e+01   2.0902206e+01   2.1877558e+01   2.2776669e+01   3.9615214e+01   5.6401699e+01   9.0586214e+00   3.8742646e+01   3.9194315e+01   1.3471122e+01   2.1500000e+01   2.9590376e+01   5.4594824e+01   1.3089678e+01   1.1680340e+01   2.2052262e+01   1.2300424e+01   5.8590447e+01   3.7174242e+01   5.7231825e+01   6.9147651e+01   3.2280497e+01   4.6502717e+01   5.5301916e+01   3.7412058e+01   3.3805405e+01   4.3491278e+01   3.1712978e+01   4.8593659e+01   1.4535669e+01   0.0000000e+00   2.5798221e+01   6.1397455e+01   3.8529594e+01   2.5995098e+01   2.8450850e+01   3.6845564e+01   4.8254581e+01   4.4681444e+01   3.1884710e+01   1.0759142e+01   6.0710049e+01   4.1673414e+01   2.1900935e+01   2.0896078e+01   1.1200467e+01   6.0901699e+00   3.2476554e+01   4.6120719e+01   3.3302439e+01   3.4208308e+01   3.3000000e+01   5.4604066e+01   5.2123638e+01   3.8618237e+01   4.0500000e+01   3.7715588e+01   2.3396506e+01   4.2012046e+01   2.8793109e+01   1.2268602e+01   6.3301274e+01   3.5417761e+01   1.0348858e+01   2.7872431e+01   3.7204904e+01   6.3000000e+01   3.7812866e+01   2.1900935e+01
  2.5519992e+01   2.5096748e+01   2.7332816e+01   1.1736103e+01   3.1968238e+01   1.5508331e+01   3.4632096e+01   2.2860680e+01   1.7150826e+01   4.0490624e+01   2.4005319e+01   1.8562392e+01   2.3759407e+01   1.8506943e+01   3.3643627e+01   2.7854159e+01   1.2583046e+01   3.4621108e+01   4.4232139e+01   3.1684932e+01   1.7740940e+01   3.3970136e+01   3.6084407e+01   2.5500000e+01   4.1903502e+01   3.2351217e+01   3.7624790e+01   1.4083078e+01   2.0223083e+01   6.0901699e+00   3.9464728e+01   3.6807713e+01   2.8221833e+01   2.1860009e+01   4.0811289e+01   3.1358548e+01   1.6311388e+01   3.6346897e+01   2.5505000e+01   2.8040879e+01   2.5182990e+01   2.7037709e+01   2.7794688e+01   4.0975301e+01   3.4059648e+01   3.0938463e+01   2.2703603e+01   2.6739284e+01   1.7566048e+01   3.6700829e+01   4.2273197e+01   3.9927148e+01   4.7238635e+01   7.5710678e+00   2.9279333e+01   3.4723530e+01   2.5847584e+01   1.5902922e+01   2.0102296e+01   2.6543233e+01   4.5677428e+01   3.2327661e+01   2.5798221e+01   0.0000000e+00   3.7330694e+01   1.4293114e+01   3.6622777e+00   3.5446388e+01   1.8191806e+01   3.9184622e+01   2.3823808e+01   2.4686773e+01   3.5389110e+01   4.2084252e+01   2.8912145e+01   2.2635944e+01   4.0097980e+01   1.6072412e+01   2.2208293e+01   3.8216044e+01   2.6600766e+01   1.2665525e+01   4.7235960e+01   1.8170597e+01   3.3594561e+01   3.1884710e+01   1.5366069e+01   1.8388544e+01   1.4101471e+01   3.8292195e+01   4.5436066e+01   1.3785330e+01   3.7520265e+01   4.0198866e+01   4.7268045e+01   1.9709373e+01   1.3354960e+01   2.7541635e+01   3.9822385e+01   1.4650972e+01   9.1023253e+00
  5.6647128e+01   6.0869694e+01   5.3495283e+01   3.7204904e+01   6.8780671e+01   4.9308298e+01   5.7372665e+01   5.2600864e+01   2.0902206e+01   7.7319594e+01   3.7174242e+01   1.9506578e+01   4.9249359e+01   5.1941715e+01   5.5826305e+01   3.6531236e+01   3.4300888e+01   5.6224770e+01   8.0712219e+01   6.8514704e+01   2.1742646e+01   3.6890246e+01   1.8423448e+01   4.8940685e+01   7.8732027e+01   6.9180419e+01   5.4037370e+01   4.7510637e+01   1.9539433e+01   3.4178628e+01   2.6156383e+01   1.6724981e+01   1.0940307e+01   5.7114927e+01   7.7587612e+01   5.6493303e+01   2.2283021e+01   1.6453056e+01   5.8225644e+01   3.5557096e+01   3.1000000e+01   6.3794945e+01   5.3268362e+01   6.4282835e+01   1.5273287e+01   6.7768120e+01   5.4467583e+01   5.1695703e+01   5.0592415e+01   1.0500000e+01   5.9104607e+01   2.4100847e+01   1.4535669e+01   3.0274150e+01   2.4337995e+01   1.5034442e+01   3.4500000e+01   4.1867258e+01   1.8423448e+01   5.7300088e+01   5.1416598e+01   6.9147651e+01   6.1397455e+01   3.7330694e+01   0.0000000e+00   2.3613849e+01   3.6200140e+01   5.7220807e+01   4.1077087e+01   3.9717343e+01   3.7762582e+01   4.0154760e+01   7.1501761e+01   2.1362646e+01   5.1941715e+01   5.7600788e+01   7.6896989e+01   5.0749378e+01   5.6689412e+01   5.7508771e+01   2.0506249e+01   2.8898944e+01   7.0115013e+01   4.5669127e+01   1.3962912e+01   1.6640012e+01   3.2942256e+01   3.4974628e+01   2.4217082e+01   6.5317050e+01   5.9119536e+01   3.4676015e+01   7.2569411e+01   6.2008771e+00   6.9029191e+01   5.6522317e+01   4.4876232e+01   3.7013696e+01   5.7201533e+00   2.4084953e+01   4.0129534e+01
  3.6517357e+01   3.8503289e+01   3.4059648e+01   1.6008062e+01   4.5754834e+01   2.6777367e+01   3.9822385e+01   3.2969216e+01   3.4154759e+00   5.4258720e+01   2.4650569e+01   4.8011626e+00   3.1504032e+01   2.9594673e+01   3.8463799e+01   2.4583189e+01   1.5574813e+01   3.9184622e+01   5.7642366e+01   4.5436066e+01   5.5990195e+00   2.9004386e+01   2.4132605e+01   3.0420729e+01   5.5672457e+01   4.6120719e+01   3.9647158e+01   2.5020400e+01   7.5178344e+00   1.2204700e+01   2.9214108e+01   2.4426972e+01   1.4508926e+01   3.4981879e+01   5.4604066e+01   3.7715588e+01   3.5413813e+00   2.3936083e+01   3.6284075e+01   2.4190715e+01   1.9644190e+01   4.0829890e+01   3.4134060e+01   4.6787147e+01   2.1488092e+01   4.4706900e+01   3.2768406e+01   3.2690837e+01   2.8329840e+01   2.3308989e+01   4.4819860e+01   2.9017538e+01   3.3685087e+01   7.2268120e+00   1.9800259e+01   2.2087033e+01   2.2092823e+01   2.3005555e+01   6.5415230e+00   3.7378178e+01   4.3281421e+01   4.6109758e+01   3.8529594e+01   1.4293114e+01   2.3613849e+01   0.0000000e+00   1.3119429e+01   4.0154760e+01   2.3635471e+01   3.3925290e+01   2.4877243e+01   2.4650569e+01   4.8520829e+01   3.0206902e+01   3.5727830e+01   3.5617659e+01   5.3887733e+01   2.8018176e+01   3.4115473e+01   4.1770449e+01   1.5632746e+01   8.2620873e+00   5.3059490e+01   2.6576810e+01   2.0760800e+01   1.9663768e+01   1.6160460e+01   1.9637659e+01   2.3027756e+00   4.6024719e+01   4.6641088e+01   1.4721463e+01   4.9949469e+01   2.6427784e+01   5.2524033e+01   3.3427952e+01   2.3920077e+01   2.4635037e+01   2.6044080e+01   3.3284271e+00   1.7740940e+01
  2.8571338e+01   2.7425824e+01   2.5198178e+01   8.7006097e+00   3.3473474e+01   1.4721463e+01   3.2264760e+01   2.5995098e+01   1.5805228e+01   4.1879343e+01   2.6432605e+01   1.7210775e+01   2.6900758e+01   1.7682840e+01   3.1200163e+01   2.4691941e+01   1.4922205e+01   3.2142535e+01   4.5025274e+01   3.3034597e+01   1.5805228e+01   3.0819136e+01   3.3654939e+01   2.2972205e+01   4.3293107e+01   3.3764095e+01   3.4811077e+01   1.3089678e+01   1.8304494e+01   8.1321688e+00   3.6683560e+01   3.4488969e+01   2.6662951e+01   2.4400837e+01   4.2368843e+01   2.9192333e+01   1.4642136e+01   3.4041020e+01   2.4629857e+01   2.4882371e+01   2.2092823e+01   2.8700177e+01   2.5579872e+01   3.8778584e+01   3.1824910e+01   3.2351217e+01   2.1500000e+01   2.4426972e+01   1.6570159e+01   3.4800146e+01   3.9551248e+01   3.7249150e+01   4.5405456e+01   6.8245553e+00   2.6485573e+01   3.2503906e+01   2.2692341e+01   1.8945867e+01   1.8534689e+01   2.9607559e+01   4.2559482e+01   3.3801652e+01   2.5995098e+01   3.6622777e+00   3.6200140e+01   1.3119429e+01   0.0000000e+00   3.3000000e+01   2.1115528e+01   3.6031676e+01   2.6306976e+01   2.1595023e+01   3.5915392e+01   3.9592838e+01   3.2031730e+01   2.5238634e+01   4.1609610e+01   1.5682226e+01   2.1860009e+01   3.5606979e+01   2.4084953e+01   9.9868330e+00   4.5078582e+01   2.1314658e+01   3.1455613e+01   2.9568884e+01   1.7500000e+01   2.0748457e+01   1.2541595e+01   3.6517357e+01   4.2574339e+01   1.0624228e+01   3.7547267e+01   3.8683766e+01   4.5000000e+01   2.1018285e+01   1.6507811e+01   2.4379908e+01   3.8331865e+01   1.2879418e+01   6.8245553e+00
  5.4167961e+01   4.5735495e+01   9.5138782e+00   2.5579872e+01   4.2505952e+01   2.4100847e+01   2.0000000e+00   5.3521222e+01   4.1107881e+01   4.7002688e+01   5.8905907e+01   4.1936699e+01   5.6724994e+01   2.2454498e+01   2.3027756e+00   2.2005813e+01   4.7406823e+01   1.5000000e+00   4.3351488e+01   4.0876354e+01   3.8269035e+01   2.5198178e+01   4.3824358e+01   1.0562306e+01   4.8023678e+01   4.1867258e+01   8.1157731e+00   2.4253947e+01   3.9580046e+01   4.0631035e+01   4.0324616e+01   4.5721676e+01   4.7042991e+01   4.5472214e+01   4.9010308e+01   6.2008771e+00   3.9051913e+01   4.5569391e+01   1.9916488e+01   2.3110838e+01   2.6976405e+01   4.1021599e+01   8.7006097e+00   7.5710678e+00   4.4884682e+01   4.1024684e+01   1.8423448e+01   9.3459030e+00   2.2133308e+01   5.0231781e+01   9.2321246e+00   4.2538673e+01   5.9162168e+01   3.7462819e+01   3.4705263e+01   4.5494444e+01   2.3548861e+01   5.0178969e+01   4.1694660e+01   5.5276820e+01   2.2505681e+01   4.2431492e+01   2.8450850e+01   3.5446388e+01   5.7220807e+01   4.0154760e+01   3.3000000e+01   0.0000000e+00   5.2818735e+01   2.7037709e+01   5.8751609e+01   1.7566048e+01   3.5090461e+01   4.7018813e+01   6.2034543e+01   4.6589587e+01   4.8010525e+01   2.5464975e+01   2.4217082e+01   4.5311289e+00   3.7412058e+01   3.2394357e+01   1.3538405e+01   5.1416598e+01   4.5622057e+01   4.2586221e+01   4.9989898e+01   5.3237558e+01   3.8463799e+01   1.1130146e+01   1.4083078e+01   2.5980385e+01   3.1196091e+01   5.6493303e+01   1.2869317e+01   3.4971002e+01   4.5754834e+01   2.1380613e+01   5.6401699e+01   3.7762582e+01   2.6848624e+01
  1.6778821e+01   2.5198178e+01   4.4329214e+01   2.9314059e+01   3.6154593e+01   3.0686918e+01   5.1900389e+01   1.2541595e+01   2.6019600e+01   4.4297831e+01   9.1313383e+00   2.7000000e+01   8.7462113e+00   3.3397568e+01   5.1022272e+01   4.4559619e+01   8.5622577e+00   5.2038820e+01   5.0903373e+01   3.6783605e+01   2.8717902e+01   5.0201610e+01   4.7000000e+01   4.3020583e+01   4.5569391e+01   3.7003424e+01   5.5311039e+01   2.9834280e+01   3.0566593e+01   1.4147344e+01   5.2348337e+01   4.7042991e+01   3.5435655e+01   2.1218349e+01   4.3581318e+01   4.8346107e+01   2.6672505e+01   4.6543458e+01   3.9885911e+01   4.4551107e+01   4.0888736e+01   3.1196091e+01   4.4907207e+01   5.7912978e+01   4.4045953e+01   3.5805807e+01   3.8076588e+01   4.4002873e+01   3.2922986e+01   4.4641817e+01   5.9913803e+01   5.2118795e+01   5.4002336e+01   1.9813208e+01   4.2764051e+01   4.4570965e+01   4.2315069e+01   3.5413813e+00   2.9000000e+01   1.7210775e+01   6.2933965e+01   3.6638622e+01   3.6845564e+01   1.8191806e+01   4.1077087e+01   2.3635471e+01   2.1115528e+01   5.2818735e+01   0.0000000e+00   5.5386246e+01   8.5622577e+00   4.2117304e+01   4.4045953e+01   5.3009523e+01   1.2593387e+01   2.1115528e+01   4.3220019e+01   3.0307717e+01   3.5460692e+01   5.5767531e+01   3.8765520e+01   2.7425824e+01   6.4047227e+01   5.9083269e+00   4.3105751e+01   4.2500000e+01   8.7462113e+00   6.9031242e+00   2.4831050e+01   5.4391094e+01   6.3127869e+01   3.0872685e+01   4.8065744e+01   4.5721676e+01   6.4290673e+01   2.7518512e+01   9.5138782e+00   4.4354874e+01   4.5246508e+01   2.5901772e+01   2.6672505e+01
  6.3875863e+01   6.0018905e+01   2.9834280e+01   2.8717902e+01   6.1403612e+01   3.7906550e+01   2.8077164e+01   6.1512294e+01   3.2830326e+01   6.8029623e+01   5.7954330e+01   3.2721887e+01   6.2164414e+01   3.8463799e+01   2.6672505e+01   1.2043396e+01   4.7685803e+01   2.6311819e+01   6.6711781e+01   6.0165736e+01   2.9314059e+01   5.7201533e+00   2.2368928e+01   2.5329418e+01   6.9284082e+01   6.1138272e+01   2.0330532e+01   3.6721541e+01   2.8793109e+01   4.1818882e+01   1.6032225e+01   2.4337995e+01   3.1884710e+01   5.8034772e+01   6.9525358e+01   3.0101520e+01   3.1200163e+01   2.4426972e+01   4.0615458e+01   1.1680340e+01   1.5034442e+01   5.8130287e+01   2.8969282e+01   3.3107514e+01   2.5020400e+01   5.9939044e+01   3.7194686e+01   2.7794688e+01   3.7272952e+01   3.0332868e+01   2.4005319e+01   1.8527756e+01   3.6513886e+01   3.6087919e+01   1.6724981e+01   2.5364634e+01   1.3841664e+01   5.3812756e+01   3.1261177e+01   6.4945714e+01   1.2268602e+01   6.1512294e+01   4.8254581e+01   3.9184622e+01   3.9717343e+01   3.3925290e+01   3.6031676e+01   2.7037709e+01   5.5386246e+01   0.0000000e+00   5.8123780e+01   1.7188319e+01   5.7423194e+01   2.3088714e+01   6.7097673e+01   5.9053394e+01   6.8562471e+01   3.9958839e+01   4.2740384e+01   2.4913111e+01   2.1600948e+01   2.8473201e+01   3.7177650e+01   5.6635996e+01   2.6273048e+01   2.3619256e+01   4.9064390e+01   5.2658413e+01   3.2256889e+01   3.7624790e+01   2.1976732e+01   2.5995098e+01   5.5089376e+01   3.6783605e+01   3.5389110e+01   5.0304618e+01   5.2038820e+01   1.2510412e+01   3.6890246e+01   3.1147186e+01   3.3096012e+01
  2.3521729e+01   3.3072995e+01   5.0619856e+01   3.4237961e+01   4.4160623e+01   3.7665172e+01   5.7954330e+01   1.9367962e+01   2.6600766e+01   5.2222819e+01   1.2071068e+00   2.7225456e+01   1.3953624e+01   4.0503125e+01   5.6949092e+01   4.8000000e+01   1.1901754e+01   5.7912978e+01   5.8950834e+01   4.4822680e+01   2.9847061e+01   5.3076135e+01   4.6697944e+01   4.8759714e+01   5.3474050e+01   4.5025274e+01   6.0485415e+01   3.6617863e+01   3.1175723e+01   1.8700275e+01   5.2904675e+01   4.6393899e+01   3.4093154e+01   2.9140007e+01   5.1421508e+01   5.4650254e+01   2.7813001e+01   4.5898238e+01   4.7203854e+01   4.7812789e+01   4.3642207e+01   3.9233061e+01   5.1106324e+01   6.4267155e+01   4.3421440e+01   4.3841666e+01   4.5098206e+01   5.0063091e+01   3.9885911e+01   4.3002941e+01   6.5315122e+01   5.2292857e+01   5.1416598e+01   2.3171568e+01   4.4045953e+01   4.3850317e+01   4.5605432e+01   1.1511358e+01   2.9140007e+01   2.3700216e+01   6.6719333e+01   4.4647480e+01   4.4681444e+01   2.3823808e+01   3.7762582e+01   2.4877243e+01   2.6306976e+01   5.8751609e+01   8.5622577e+00   5.8123780e+01   0.0000000e+00   4.6467380e+01   5.2087305e+01   5.2473551e+01   1.5034442e+01   2.8960499e+01   5.1096443e+01   3.7520265e+01   4.2964691e+01   6.1413874e+01   3.9554449e+01   3.0500000e+01   7.0501786e+01   1.3624405e+01   4.2300120e+01   4.2273197e+01   9.7195445e+00   6.1568542e+00   2.6442244e+01   6.1230964e+01   6.8140594e+01   3.5148232e+01   5.6020267e+01   4.2926407e+01   7.0580311e+01   3.5500000e+01   1.7507351e+01   4.7905168e+01   4.2431492e+01   2.7560118e+01   3.2406112e+01
  4.8301674e+01   4.3511626e+01   1.5500000e+01   1.3471122e+01   4.4763416e+01   2.1218349e+01   1.7762677e+01   4.6380279e+01   2.5020400e+01   5.1590606e+01   4.6461941e+01   2.5644582e+01   4.7913078e+01   2.1860009e+01   1.6200318e+01   6.6032778e+00   3.5213110e+01   1.6570159e+01   5.0923209e+01   4.3563906e+01   2.1860009e+01   1.2675796e+01   2.7560118e+01   1.0500000e+01   5.2876044e+01   4.4528400e+01   1.5541609e+01   2.0057607e+01   2.2860680e+01   2.8611386e+01   2.5604780e+01   2.9348743e+01   3.0004237e+01   4.1746212e+01   5.2997619e+01   1.7507351e+01   2.2972205e+01   2.9135642e+01   2.4774472e+01   7.6063352e+00   1.0156604e+01   4.1442032e+01   1.4922205e+01   2.4629857e+01   2.8181221e+01   4.3307710e+01   2.1091260e+01   1.3403488e+01   2.0630822e+01   3.3401368e+01   2.0748457e+01   2.7453664e+01   4.2790661e+01   2.3845235e+01   1.8170597e+01   2.8824018e+01   7.0192024e+00   4.0037956e+01   2.5122145e+01   4.9400409e+01   2.1523796e+01   4.4884682e+01   3.1884710e+01   2.4686773e+01   4.0154760e+01   2.4650569e+01   2.1595023e+01   1.7566048e+01   4.2117304e+01   1.7188319e+01   4.6467380e+01   0.0000000e+00   4.1442032e+01   3.1600643e+01   5.3095152e+01   4.2796572e+01   5.2046096e+01   2.3270595e+01   2.6311819e+01   1.8177670e+01   2.0406029e+01   1.7143317e+01   3.0504166e+01   4.2324036e+01   2.8806360e+01   2.5798221e+01   3.7269553e+01   4.0811289e+01   2.2860680e+01   2.6311819e+01   2.2551077e+01   1.1835784e+01   3.9800127e+01   3.9551248e+01   2.9538767e+01   3.3636083e+01   3.7204904e+01   5.9083269e+00   3.9439055e+01   2.1976732e+01   1.7263055e+01
  3.4503676e+01   2.2162179e+01   2.8522313e+01   3.5862409e+01   1.1901754e+01   2.3138463e+01   3.3594561e+01   3.6683560e+01   5.1121142e+01   1.2665525e+01   5.2617655e+01   5.2504807e+01   4.2431492e+01   2.1054805e+01   3.4237961e+01   4.7510637e+01   4.4160623e+01   3.5177082e+01   1.0104686e+01   1.0208244e+01   5.0500000e+01   5.3495283e+01   6.5649827e+01   3.2628648e+01   1.3538405e+01   1.0807764e+01   4.2362871e+01   2.4918231e+01   5.2904675e+01   4.0060081e+01   6.5833759e+01   6.7001880e+01   6.1600327e+01   2.5015301e+01   1.4930870e+01   2.9774562e+01   4.9736673e+01   6.6638113e+01   1.7307736e+01   4.8440067e+01   4.9208316e+01   1.4730249e+01   2.9487066e+01   3.4300888e+01   6.4846717e+01   1.1047512e+01   2.0853132e+01   3.0387288e+01   2.2465883e+01   6.8846543e+01   4.3502907e+01   6.7300075e+01   7.9406590e+01   4.2120308e+01   5.6647128e+01   6.5553824e+01   4.7246658e+01   4.1077087e+01   5.3627206e+01   3.5285054e+01   5.6493303e+01   1.1511358e+01   1.0759142e+01   3.5389110e+01   7.1501761e+01   4.8520829e+01   3.5915392e+01   3.5090461e+01   4.4045953e+01   5.7423194e+01   5.2087305e+01   4.1442032e+01   0.0000000e+00   7.0859790e+01   4.6597722e+01   2.5723997e+01   1.3962912e+01   2.1434421e+01   1.6120499e+01   3.9051913e+01   5.6365911e+01   4.3526155e+01   3.7520265e+01   3.9512818e+01   6.4862256e+01   6.2372853e+01   4.7085942e+01   4.8513019e+01   4.7789005e+01   2.7379360e+01   4.8510416e+01   3.9038941e+01   6.5207973e+00   7.3515409e+01   3.9184622e+01   1.7270510e+01   3.5090461e+01   4.6830336e+01   7.3208321e+01   4.7934165e+01   3.2126729e+01
  6.6106783e+01   6.6517043e+01   4.6600434e+01   3.6010562e+01   7.1510563e+01   4.8510416e+01   4.7683154e+01   6.2655048e+01   2.7573973e+01   7.9420846e+01   5.2048521e+01   2.6519224e+01   6.1074334e+01   5.0319675e+01   4.6120719e+01   2.5887005e+01   4.5044921e+01   4.6117979e+01   8.0464054e+01   7.0729979e+01   2.5409837e+01   2.2635944e+01   6.5827625e+00   4.1600487e+01   8.0802553e+01   7.1586215e+01   4.1609610e+01   4.6827638e+01   2.3199119e+01   4.1688591e+01   7.5710678e+00   6.5827625e+00   1.9053975e+01   6.3432504e+01   8.0332637e+01   4.8359168e+01   2.7300187e+01   7.0764732e+00   5.4951814e+01   2.4774472e+01   2.2431712e+01   6.7148331e+01   4.6010988e+01   5.3810412e+01   9.5553851e+00   7.0215493e+01   5.1069259e+01   4.4502841e+01   4.8914874e+01   1.1601802e+01   4.5978017e+01   5.1097722e+00   1.4036986e+01   3.5915392e+01   1.4712670e+01   9.1313383e+00   2.5101829e+01   5.2653619e+01   2.4520824e+01   6.7001880e+01   3.4503676e+01   7.1761841e+01   6.0710049e+01   4.2084252e+01   2.1362646e+01   3.0206902e+01   3.9592838e+01   4.7018813e+01   5.3009523e+01   2.3088714e+01   5.2473551e+01   3.1600643e+01   7.0859790e+01   0.0000000e+00   6.5001938e+01   6.4220091e+01   7.9476262e+01   5.0432454e+01   5.5240296e+01   4.5912003e+01   1.6008062e+01   3.0118406e+01   5.8689346e+01   5.6271857e+01   1.0698039e+01   1.1047512e+01   4.5011235e+01   4.8094643e+01   2.9435273e+01   5.6935804e+01   4.4482951e+01   3.2675301e+01   7.0158094e+01   1.6601242e+01   5.7112719e+01   5.9119536e+01   5.3452809e+01   2.6576810e+01   1.6901219e+01   2.8544607e+01   4.0377939e+01
  1.3000000e+01   2.5182990e+01   5.3180642e+01   4.0129534e+01   3.6624784e+01   3.8742646e+01   6.0958664e+01   1.0462429e+01   3.8083241e+01   4.3546487e+01   1.5706906e+01   3.9029210e+01   5.8150729e+00   4.1027768e+01   6.0276668e+01   5.6042776e+01   2.0655644e+01   6.1348172e+01   5.1561238e+01   3.7772644e+01   4.0811289e+01   6.1888110e+01   5.9019228e+01   5.2675186e+01   4.4602154e+01   3.7665172e+01   6.5403775e+01   3.8331865e+01   4.2645581e+01   2.5798221e+01   6.4441379e+01   5.9002137e+01   4.7171726e+01   2.2087033e+01   4.2192325e+01   5.7086217e+01   3.8765520e+01   5.8502155e+01   4.6679000e+01   5.6116994e+01   5.2677581e+01   3.2476554e+01   5.3887733e+01   6.6397648e+01   5.6002252e+01   3.6780160e+01   4.5713383e+01   5.3209107e+01   4.0904208e+01   5.6323382e+01   6.9704407e+01   6.4196546e+01   6.5317050e+01   3.1680924e+01   5.4836912e+01   5.6508928e+01   5.3887733e+01   1.3785330e+01   4.1027768e+01   1.2541595e+01   7.4088382e+01   3.7123080e+01   4.1673414e+01   2.8912145e+01   5.1941715e+01   3.5727830e+01   3.2031730e+01   6.2034543e+01   1.2593387e+01   6.7097673e+01   1.5034442e+01   5.3095152e+01   4.6597722e+01   6.5001938e+01   0.0000000e+00   2.1386599e+01   4.2108292e+01   3.7826264e+01   4.1840053e+01   6.5317050e+01   5.0858713e+01   3.9245968e+01   7.2266984e+01   1.1316654e+01   5.5020638e+01   5.4520829e+01   2.0506249e+01   1.7682840e+01   3.6917715e+01   6.2002032e+01   7.3301099e+01   4.2096274e+01   5.1600391e+01   5.6902571e+01   7.2794536e+01   3.1824910e+01   1.6824828e+01   5.5785622e+01   5.6415114e+01   3.7983330e+01   3.6835245e+01
  9.4442719e+00   4.6231056e+00   3.7621422e+01   3.1016389e+01   1.6032225e+01   2.3440139e+01   4.5277226e+01   1.1545361e+01   3.8529594e+01   2.3786262e+01   2.9594673e+01   3.9885911e+01   1.7500000e+01   2.4650569e+01   4.5002809e+01   4.7523930e+01   2.4583189e+01   4.6120719e+01   3.1036863e+01   1.7007574e+01   3.9695025e+01   5.4009345e+01   5.8216982e+01   3.8775318e+01   2.5020400e+01   1.7007574e+01   5.1659066e+01   2.3920077e+01   4.2129317e+01   2.4084953e+01   6.1403612e+01   5.8905907e+01   4.9556090e+01   1.6180340e+00   2.2972205e+01   4.1061681e+01   3.8076588e+01   5.8439624e+01   2.8540150e+01   4.8002632e+01   4.6175486e+01   1.1601802e+01   3.8513156e+01   4.9502551e+01   5.6116994e+01   1.6008062e+01   2.8801943e+01   3.8321951e+01   2.5122145e+01   5.8418046e+01   5.5061891e+01   6.1985771e+01   6.8782501e+01   2.9135642e+01   5.1207495e+01   5.6769441e+01   4.6002747e+01   1.8617671e+01   4.1649119e+01   1.0361541e+01   6.3085941e+01   1.6531220e+01   2.1900935e+01   2.2635944e+01   5.7600788e+01   3.5617659e+01   2.5238634e+01   4.6589587e+01   2.1115528e+01   5.9053394e+01   2.8960499e+01   4.2796572e+01   2.5723997e+01   6.4220091e+01   2.1386599e+01   0.0000000e+00   2.2635944e+01   2.1772047e+01   2.3613849e+01   5.0364817e+01   4.8731214e+01   3.4705263e+01   5.4788581e+01   1.5837862e+01   5.5584027e+01   5.3988316e+01   2.6900758e+01   2.6919690e+01   3.5841194e+01   4.4057433e+01   5.9391850e+01   3.4093154e+01   3.0872685e+01   6.1245370e+01   5.5710959e+01   1.2541595e+01   1.3624405e+01   4.7042991e+01   6.0826197e+01   3.6545111e+01   2.6500000e+01
  2.9654759e+01   1.8527756e+01   4.0699502e+01   4.3977005e+01   8.6394103e+00   3.1824910e+01   4.6510868e+01   3.3057641e+01   5.6724994e+01   2.3027756e+00   5.1729874e+01   5.8138963e+01   3.9139358e+01   3.0703477e+01   4.7002688e+01   5.7912978e+01   4.5776926e+01   4.8000000e+01   1.1477249e+01   9.2464278e+00   5.6902571e+01   6.4220091e+01   7.3863819e+01   4.4237855e+01   3.0000000e+00   8.4056942e+00   5.5036685e+01   3.3370960e+01   5.9398217e+01   4.3526155e+01   7.5187683e+01   7.4973150e+01   6.7734664e+01   2.2505681e+01   1.5000000e+00   4.2502976e+01   5.5726805e+01   7.4560786e+01   2.9157460e+01   5.8728000e+01   5.8648517e+01   1.3624405e+01   4.1694660e+01   4.7683154e+01   7.2515623e+01   9.8005376e+00   3.2075307e+01   4.2362871e+01   3.1984123e+01   7.5855823e+01   5.6580300e+01   7.6358421e+01   8.6479649e+01   4.7169048e+01   6.5432657e+01   7.3213479e+01   5.7231825e+01   4.0615458e+01   5.9595262e+01   3.0067719e+01   6.8859345e+01   8.3102497e+00   2.0896078e+01   4.0097980e+01   7.6896989e+01   5.3887733e+01   4.1609610e+01   4.8010525e+01   4.3220019e+01   6.8562471e+01   5.1096443e+01   5.2046096e+01   1.3962912e+01   7.9476262e+01   4.2108292e+01   2.2635944e+01   0.0000000e+00   2.9800171e+01   2.6331183e+01   5.2021840e+01   6.4290673e+01   5.0500000e+01   5.0980194e+01   3.7973324e+01   7.2300070e+01   7.0134761e+01   4.8385280e+01   4.8832184e+01   5.3575418e+01   4.0801985e+01   6.1551208e+01   4.7324139e+01   1.9539433e+01   7.9746451e+01   5.2646428e+01   2.1115528e+01   3.5159054e+01   5.7273673e+01   7.9381240e+01   5.3981305e+01   3.9615214e+01
  2.9214108e+01   2.1488092e+01   1.6453056e+01   1.5034442e+01   2.2162179e+01   2.5615528e+00   2.4217082e+01   2.8793109e+01   3.0470819e+01   2.9590376e+01   3.7863083e+01   3.1824910e+01   3.2601402e+01   3.7015621e+00   2.3823808e+01   2.8876927e+01   2.7230133e+01   2.4938699e+01   3.0913813e+01   2.1115528e+01   2.9624732e+01   3.5317381e+01   4.5011235e+01   1.7602631e+01   3.0950780e+01   2.2040659e+01   3.0404013e+01   4.1055513e+00   3.2003968e+01   2.1505952e+01   4.5912003e+01   4.6273901e+01   4.0724371e+01   2.0655644e+01   3.0707615e+01   2.0102296e+01   2.8969282e+01   4.5892731e+01   1.0208244e+01   2.9620440e+01   2.9348743e+01   1.8672782e+01   1.7307736e+01   2.9140007e+01   4.4022982e+01   2.0748457e+01   8.4056942e+00   1.7052945e+01   3.8541020e+00   4.7923623e+01   3.3824165e+01   4.7147615e+01   5.8500000e+01   2.2005813e+01   3.6280581e+01   4.4729515e+01   2.8013633e+01   2.7356098e+01   3.2830326e+01   3.0320295e+01   4.2362871e+01   2.2328880e+01   1.1200467e+01   1.6072412e+01   5.0749378e+01   2.8018176e+01   1.5682226e+01   2.5464975e+01   3.0307717e+01   3.9958839e+01   3.7520265e+01   2.3270595e+01   2.1434421e+01   5.0432454e+01   3.7826264e+01   2.1772047e+01   2.9800171e+01   0.0000000e+00   6.6846584e+00   2.9153098e+01   3.5589172e+01   2.2602036e+01   3.4941980e+01   2.7689152e+01   4.3988504e+01   4.1567018e+01   3.0206902e+01   3.2663644e+01   2.7117663e+01   2.4774472e+01   3.8119809e+01   1.8304494e+01   2.2431712e+01   5.2600864e+01   3.5517853e+01   1.1011898e+01   2.2023243e+01   2.8271388e+01   5.2300097e+01   2.7169271e+01   1.1200467e+01
  3.1968238e+01   2.2208293e+01   1.5706906e+01   2.0412308e+01   1.9526298e+01   7.8824115e+00   2.2799103e+01   3.2300157e+01   3.6506944e+01   2.5798221e+01   4.3351488e+01   3.7843005e+01   3.6780160e+01   5.4497475e+00   2.2821514e+01   3.2280497e+01   3.3061480e+01   2.3920077e+01   2.5723997e+01   1.8113915e+01   3.5485711e+01   3.8480258e+01   5.0042911e+01   1.8562392e+01   2.7070661e+01   1.9107794e+01   3.0341247e+01   9.6787799e+00   3.7812866e+01   2.7573973e+01   5.0284536e+01   5.1416598e+01   4.6557030e+01   2.2522716e+01   2.7300187e+01   1.8527756e+01   3.4941980e+01   5.1059371e+01   5.4497475e+00   3.3153484e+01   3.3643627e+01   1.7367128e+01   1.6694135e+01   2.6432605e+01   4.9310859e+01   1.8028548e+01   6.5207973e+00   1.7030275e+01   6.8639610e+00   5.3445727e+01   3.2922986e+01   5.1707910e+01   6.3952738e+01   2.8181221e+01   4.1027768e+01   5.0017674e+01   3.1824910e+01   3.2445266e+01   3.8768786e+01   3.3026912e+01   4.3502907e+01   1.9559119e+01   6.0901699e+00   2.2208293e+01   5.6689412e+01   3.4115473e+01   2.1860009e+01   2.4217082e+01   3.5460692e+01   4.2740384e+01   4.2964691e+01   2.6311819e+01   1.6120499e+01   5.5240296e+01   4.1840053e+01   2.3613849e+01   2.6331183e+01   6.6846584e+00   0.0000000e+00   2.8181221e+01   4.0811289e+01   2.8379204e+01   3.1684932e+01   3.2280497e+01   4.9372283e+01   4.6827638e+01   3.6056293e+01   3.8331865e+01   3.3153484e+01   2.1006097e+01   3.7607951e+01   2.3505434e+01   1.6382380e+01   5.8338136e+01   3.2601402e+01   1.1601802e+01   2.6777367e+01   3.1620733e+01   5.8054322e+01   3.3149655e+01   1.7060495e+01
  5.7793106e+01   4.9617207e+01   1.3247549e+01   2.7854159e+01   4.6535313e+01   2.7689152e+01   6.0226805e+00   5.7002212e+01   4.2467249e+01   5.1000000e+01   6.1532778e+01   4.3187820e+01   6.0002101e+01   2.6214782e+01   5.8851648e+00   2.1648286e+01   5.0022722e+01   4.7720019e+00   4.7190470e+01   4.4907207e+01   3.9439055e+01   2.3807724e+01   4.3187820e+01   1.3247549e+01   5.2009708e+01   4.5898238e+01   5.1097722e+00   2.7702941e+01   4.0531238e+01   4.3222945e+01   3.9038941e+01   4.5134628e+01   4.7542534e+01   4.9246795e+01   5.3021424e+01   1.0208244e+01   4.0406140e+01   4.5025274e+01   2.3936083e+01   2.2703603e+01   2.7018861e+01   4.5011235e+01   1.2353270e+01   8.7006097e+00   4.4559619e+01   4.5053339e+01   2.2328880e+01   1.2706556e+01   2.5803162e+01   4.9997475e+01   5.2434165e+00   4.1353396e+01   5.8474132e+01   3.9647158e+01   3.4371079e+01   4.5134628e+01   2.3521729e+01   5.3209107e+01   4.2764051e+01   5.8905907e+01   1.9060711e+01   4.6461941e+01   3.2476554e+01   3.8216044e+01   5.7508771e+01   4.1770449e+01   3.5606979e+01   4.5311289e+00   5.5767531e+01   2.4913111e+01   6.1413874e+01   1.8177670e+01   3.9051913e+01   4.5912003e+01   6.5317050e+01   5.0364817e+01   5.2021840e+01   2.9153098e+01   2.8181221e+01   0.0000000e+00   3.7530393e+01   3.4033565e+01   1.3354960e+01   5.4622546e+01   4.5402673e+01   4.2362871e+01   5.2504807e+01   5.5839859e+01   4.0028471e+01   1.4147344e+01   1.0052487e+01   2.7813001e+01   3.5025353e+01   5.6379334e+01   1.2043396e+01   3.8847099e+01   4.9000000e+01   2.1097330e+01   5.6323382e+01   3.9245968e+01   2.9629023e+01
  5.0920730e+01   5.1009900e+01   3.4577118e+01   2.1054805e+01   5.6258407e+01   3.3764095e+01   3.7665172e+01   4.7630139e+01   1.3480755e+01   6.4320060e+01   3.9245968e+01   1.2849089e+01   4.6567885e+01   3.5862409e+01   3.6098455e+01   1.6531220e+01   3.0703477e+01   3.6423530e+01   6.5931262e+01   5.5556789e+01   1.0549876e+01   1.7719175e+01   1.0117692e+01   2.9761750e+01   6.5715029e+01   5.6386045e+01   3.4033565e+01   3.2015869e+01   8.8815273e+00   2.6576810e+01   1.4083078e+01   1.1200467e+01   1.1094810e+01   4.7934165e+01   6.5123912e+01   3.7187873e+01   1.2593387e+01   1.0807764e+01   4.1200123e+01   1.5574813e+01   1.1011898e+01   5.1788400e+01   3.4208308e+01   4.4482951e+01   9.0146932e+00   5.5000000e+01   3.7300136e+01   3.2628648e+01   3.4448490e+01   1.3700379e+01   3.9116706e+01   1.4036986e+01   2.3807724e+01   2.0655644e+01   5.4497475e+00   9.7195445e+00   1.4508926e+01   3.8029988e+01   1.1011898e+01   5.1851728e+01   3.2706366e+01   5.6529010e+01   4.6120719e+01   2.6600766e+01   2.0506249e+01   1.5632746e+01   2.4084953e+01   3.7412058e+01   3.8765520e+01   2.1600948e+01   3.9554449e+01   2.0406029e+01   5.6365911e+01   1.6008062e+01   5.0858713e+01   4.8731214e+01   6.4290673e+01   3.5589172e+01   4.0811289e+01   3.7530393e+01   0.0000000e+00   1.4615594e+01   5.0204125e+01   4.1500000e+01   9.2464278e+00   6.5207973e+00   3.1196091e+01   3.4577118e+01   1.4508926e+01   4.6046679e+01   3.9332976e+01   1.7827723e+01   5.6260649e+01   1.9663768e+01   4.9064390e+01   4.3804157e+01   3.8269035e+01   1.7007574e+01   1.9539433e+01   1.3500000e+01   2.5203239e+01
  3.7513511e+01   3.6900549e+01   2.6500000e+01   8.8815273e+00   4.2407637e+01   2.1024376e+01   3.2075307e+01   3.4558773e+01   9.5138782e+00   5.0632325e+01   3.0408193e+01   1.0611874e+01   3.4455854e+01   2.3570544e+01   3.0707615e+01   1.8000000e+01   1.9735384e+01   3.1423292e+01   5.2945210e+01   4.1809805e+01   7.6589105e+00   2.3308989e+01   2.4211811e+01   2.2703603e+01   5.2038820e+01   4.2601069e+01   3.2031730e+01   1.9221645e+01   9.9339811e+00   1.3962912e+01   2.7300187e+01   2.5122145e+01   1.8679659e+01   3.3880383e+01   5.1303543e+01   3.0067719e+01   7.5710678e+00   2.4686773e+01   2.9847061e+01   1.7834936e+01   1.3962912e+01   3.7812866e+01   2.6519224e+01   3.9051913e+01   2.2551077e+01   4.1200123e+01   2.6132011e+01   2.5045875e+01   2.2208293e+01   2.5965663e+01   3.7174242e+01   2.7785527e+01   3.6590165e+01   8.1157731e+00   1.7120770e+01   2.3243131e+01   1.5616216e+01   2.5980385e+01   1.1094810e+01   3.8503289e+01   3.6735342e+01   4.2701896e+01   3.3302439e+01   1.2665525e+01   2.8898944e+01   8.2620873e+00   9.9868330e+00   3.2394357e+01   2.7425824e+01   2.8473201e+01   3.0500000e+01   1.7143317e+01   4.3526155e+01   3.0118406e+01   3.9245968e+01   3.4705263e+01   5.0500000e+01   2.2602036e+01   2.8379204e+01   3.4033565e+01   1.4615594e+01   0.0000000e+00   4.5313502e+01   2.9035066e+01   2.2300229e+01   2.0223083e+01   2.1308652e+01   2.4913111e+01   6.5827625e+00   3.8503289e+01   3.9194315e+01   7.0192024e+00   4.4232139e+01   3.0500000e+01   4.4763416e+01   2.9910882e+01   2.5020400e+01   1.7914075e+01   3.0202693e+01   6.0000000e+00   1.1901754e+01
  6.3103914e+01   5.3104658e+01   2.0406029e+01   3.8143060e+01   4.7260026e+01   3.4100595e+01   1.3738202e+01   6.3127869e+01   5.4100373e+01   4.9617207e+01   7.0715739e+01   5.4951814e+01   6.7030068e+01   3.1740999e+01   1.5137281e+01   3.4448490e+01   5.9315389e+01   1.4535669e+01   4.3734824e+01   4.5480551e+01   5.1298622e+01   3.6555513e+01   5.6042776e+01   2.3177081e+01   5.0344759e+01   4.6393899e+01   1.7588007e+01   3.4752737e+01   5.2617655e+01   5.2639237e+01   5.1764022e+01   5.7989129e+01   6.0008403e+01   5.3702444e+01   5.1941715e+01   1.6390249e+01   5.2048521e+01   5.7878132e+01   2.6748809e+01   3.5517853e+01   3.9704592e+01   4.7147615e+01   2.0000000e+01   6.8245553e+00   5.7385851e+01   4.5900991e+01   2.7075365e+01   2.1218349e+01   3.1900637e+01   6.2807704e+01   1.3813527e+01   5.4112032e+01   7.1325490e+01   4.9989898e+01   4.7190470e+01   5.7967382e+01   3.6224641e+01   6.1245370e+01   5.4730987e+01   6.4174956e+01   2.9157460e+01   4.7053732e+01   3.4208308e+01   4.7235960e+01   7.0115013e+01   5.3059490e+01   4.5078582e+01   1.3538405e+01   6.4047227e+01   3.7177650e+01   7.0501786e+01   3.0504166e+01   3.7520265e+01   5.8689346e+01   7.2266984e+01   5.4788581e+01   5.0980194e+01   3.4941980e+01   3.1684932e+01   1.3354960e+01   5.0204125e+01   4.5313502e+01   0.0000000e+00   6.2002032e+01   5.8206152e+01   5.5164888e+01   6.2032512e+01   6.5123912e+01   5.1394499e+01   1.1316654e+01   1.7485288e+01   3.8843839e+01   3.2174122e+01   6.9160396e+01   2.7360680e+00   4.2752219e+01   5.6303226e+01   3.3876639e+01   6.9093003e+01   5.0724496e+01   3.8778584e+01
  1.1601802e+01   1.9948650e+01   4.2645581e+01   2.9353076e+01   3.1094117e+01   2.8401613e+01   5.0382362e+01   7.4462220e+00   2.9214108e+01   3.9100518e+01   1.4256816e+01   3.0341247e+01   6.0901699e+00   3.0872685e+01   4.9645193e+01   4.5444410e+01   1.2043396e+01   5.0704581e+01   4.5967021e+01   3.1824910e+01   3.1516125e+01   5.1416598e+01   5.0204125e+01   4.1939715e+01   4.0349718e+01   3.1984123e+01   5.4615617e+01   2.7835874e+01   3.3594561e+01   1.5632746e+01   5.5020638e+01   5.0424944e+01   3.9310437e+01   1.6024175e+01   3.8305423e+01   4.6597722e+01   2.9538767e+01   4.9929242e+01   3.6948594e+01   4.5569391e+01   4.2338977e+01   2.6239075e+01   4.3316469e+01   5.6020267e+01   4.7452103e+01   3.0835623e+01   3.5589172e+01   4.2574339e+01   3.0608138e+01   4.8523432e+01   5.8965802e+01   5.5009174e+01   5.8216982e+01   2.1648286e+01   4.5137428e+01   4.8018417e+01   4.3351488e+01   4.3078866e+00   3.2319805e+01   1.2161904e+01   6.3335102e+01   3.1584562e+01   3.3000000e+01   1.8170597e+01   4.5669127e+01   2.6576810e+01   2.1314658e+01   5.1416598e+01   5.9083269e+00   5.6635996e+01   1.3624405e+01   4.2324036e+01   3.9512818e+01   5.6271857e+01   1.1316654e+01   1.5837862e+01   3.7973324e+01   2.7689152e+01   3.2280497e+01   5.4622546e+01   4.1500000e+01   2.9035066e+01   6.2002032e+01   0.0000000e+00   4.6613989e+01   4.5724440e+01   1.3276932e+01   1.2172618e+01   2.7504629e+01   5.1963579e+01   6.2508064e+01   3.1423292e+01   4.3850317e+01   5.0080742e+01   6.2423340e+01   2.3352790e+01   6.2008771e+00   4.5159825e+01   4.9617207e+01   2.8500000e+01   2.6019600e+01
  5.6769441e+01   5.8190987e+01   4.3246345e+01   2.9500000e+01   6.4206358e+01   4.2225292e+01   4.5978017e+01   5.3161656e+01   1.7964249e+01   7.2420095e+01   4.1867258e+01   1.6778821e+01   5.1246921e+01   4.4431765e+01   4.4400456e+01   2.4259209e+01   3.5231110e+01   4.4647480e+01   7.4393504e+01   6.3605071e+01   1.6390249e+01   2.3694827e+01   5.5000000e+00   3.8384693e+01   7.3824621e+01   6.4400313e+01   4.1609610e+01   4.0453098e+01   1.3962912e+01   3.2445266e+01   1.3227922e+01   4.6231056e+00   8.8815273e+00   5.4873707e+01   7.3103375e+01   4.5738258e+01   1.8057050e+01   4.1400549e+00   4.9906477e+01   2.3199119e+01   1.9181542e+01   5.9576222e+01   4.2846783e+01   5.2672790e+01   1.9142136e+00   6.3000000e+01   4.6010988e+01   4.1270700e+01   4.3020583e+01   5.1097722e+00   4.6524450e+01   1.1601802e+01   1.5103082e+01   2.6962237e+01   1.1545361e+01   2.0811388e+00   2.2573740e+01   4.2926407e+01   1.4817821e+01   5.7618298e+01   3.8000000e+01   6.4501953e+01   5.4604066e+01   3.3594561e+01   1.3962912e+01   2.0760800e+01   3.1455613e+01   4.5622057e+01   4.3105751e+01   2.6273048e+01   4.2300120e+01   2.8806360e+01   6.4862256e+01   1.0698039e+01   5.5020638e+01   5.5584027e+01   7.2300070e+01   4.3988504e+01   4.9372283e+01   4.5402673e+01   9.2464278e+00   2.2300229e+01   5.8206152e+01   4.6613989e+01   0.0000000e+00   3.5413813e+00   3.5014490e+01   3.8013331e+01   2.0280040e+01   5.4583269e+01   4.6134417e+01   2.6369867e+01   6.4922434e+01   1.1511358e+01   5.6935804e+01   5.1707910e+01   4.4180659e+01   2.4831050e+01   1.1500000e+01   1.9539433e+01   3.3427952e+01
  5.5608983e+01   5.6446403e+01   4.0312058e+01   2.7037709e+01   6.2073127e+01   3.9758757e+01   4.2949971e+01   5.2123638e+01   1.7030275e+01   7.0201148e+01   4.1882363e+01   1.6000000e+01   5.0539984e+01   4.1879343e+01   4.1371751e+01   2.1218349e+01   3.4514703e+01   4.1612650e+01   7.1931786e+01   6.1413874e+01   1.4930870e+01   2.0803941e+01   5.0000000e+00   3.5428498e+01   7.1600281e+01   6.2229248e+01   3.8582148e+01   3.8003333e+01   1.2665525e+01   3.1196091e+01   1.1736103e+01   5.4244289e+00   9.8005376e+00   5.3237558e+01   7.0955660e+01   4.2752219e+01   1.6778821e+01   4.9721360e+00   4.7203854e+01   2.0159603e+01   1.6160460e+01   5.7528502e+01   3.9895431e+01   4.9635018e+01   3.0000000e+00   6.0836556e+01   4.3301869e+01   3.8321951e+01   4.0465610e+01   8.1485293e+00   4.3511626e+01   1.0624228e+01   1.7834936e+01   2.5500000e+01   8.5156098e+00   3.7015621e+00   1.9539433e+01   4.2108292e+01   1.4000000e+01   5.6493303e+01   3.5285054e+01   6.2354668e+01   5.2123638e+01   3.1884710e+01   1.6640012e+01   1.9663768e+01   2.9568884e+01   4.2586221e+01   4.2500000e+01   2.3619256e+01   4.2273197e+01   2.5798221e+01   6.2372853e+01   1.1047512e+01   5.4520829e+01   5.3988316e+01   7.0134761e+01   4.1567018e+01   4.6827638e+01   4.2362871e+01   6.5207973e+00   2.0223083e+01   5.5164888e+01   4.5724440e+01   3.5413813e+00   0.0000000e+00   3.4558773e+01   3.7715588e+01   1.8939089e+01   5.1590606e+01   4.3187820e+01   2.3834524e+01   6.2277828e+01   1.4535669e+01   5.3897097e+01   4.9591751e+01   4.2964691e+01   2.1789669e+01   1.4508926e+01   1.8085505e+01   3.1110456e+01
  2.4353721e+01   3.0732433e+01   4.2129317e+01   2.5203239e+01   4.0764749e+01   3.0016944e+01   4.9264741e+01   2.0223083e+01   1.8255281e+01   4.9246795e+01   9.6923882e+00   1.9107794e+01   1.6992423e+01   3.2969216e+01   4.8191718e+01   3.8804699e+01   3.5000000e+00   4.9123554e+01   5.4892095e+01   4.1077087e+01   2.1242469e+01   4.3977005e+01   3.9051913e+01   3.9946166e+01   5.0592415e+01   4.1469501e+01   5.1414143e+01   2.8757742e+01   2.2860680e+01   9.8941471e+00   4.4729515e+01   3.9000000e+01   2.7230133e+01   2.6715453e+01   4.8873546e+01   4.6142634e+01   1.9181542e+01   3.8500000e+01   3.9885911e+01   3.8637908e+01   3.4547761e+01   3.5631894e+01   4.2547592e+01   5.5747172e+01   3.6000000e+01   4.0154760e+01   3.7378178e+01   4.1420655e+01   3.2174122e+01   3.6423530e+01   5.6303226e+01   4.4346323e+01   4.5760358e+01   1.3953624e+01   3.5460692e+01   3.6503472e+01   3.6423530e+01   9.5138782e+00   2.1097330e+01   2.4938699e+01   5.7508771e+01   4.1218546e+01   3.8618237e+01   1.5366069e+01   3.2942256e+01   1.6160460e+01   1.7500000e+01   4.9989898e+01   8.7462113e+00   4.9064390e+01   9.7195445e+00   3.7269553e+01   4.7085942e+01   4.5011235e+01   2.0506249e+01   2.6900758e+01   4.8385280e+01   3.0206902e+01   3.6056293e+01   5.2504807e+01   3.1196091e+01   2.1308652e+01   6.2032512e+01   1.3276932e+01   3.5014490e+01   3.4558773e+01   0.0000000e+00   4.1055513e+00   1.7588007e+01   5.3152160e+01   5.9017092e+01   2.5965663e+01   5.0304618e+01   3.7500000e+01   6.1991869e+01   3.0332868e+01   1.3813527e+01   3.8700131e+01   3.7027387e+01   1.8700275e+01   2.3759407e+01
  2.3171568e+01   3.0913813e+01   4.5221360e+01   2.8611386e+01   4.1466450e+01   3.2644206e+01   5.2471146e+01   1.8939089e+01   2.1600948e+01   4.9807707e+01   6.2008771e+00   2.2368928e+01   1.4817821e+01   3.5546398e+01   5.1436235e+01   4.2407637e+01   6.3309519e+00   5.2386896e+01   5.5930136e+01   4.1930665e+01   2.4691941e+01   4.7577064e+01   4.2192325e+01   4.3220019e+01   5.1118672e+01   4.2243263e+01   5.4853013e+01   3.1491934e+01   2.6209920e+01   1.3119429e+01   4.8063116e+01   4.2048165e+01   3.0038111e+01   2.6886550e+01   4.9254487e+01   4.9246795e+01   2.2635944e+01   4.1548752e+01   4.2371828e+01   4.2243263e+01   3.8146381e+01   3.6392200e+01   4.5677428e+01   5.8863088e+01   3.9051913e+01   4.0978389e+01   4.0060081e+01   4.4596485e+01   3.4840210e+01   3.9158764e+01   5.9703040e+01   4.7600955e+01   4.8170746e+01   1.7529386e+01   3.8921999e+01   3.9528835e+01   4.0028471e+01   8.8216585e+00   2.4337995e+01   2.3613849e+01   6.1105280e+01   4.1936699e+01   4.0500000e+01   1.8388544e+01   3.4974628e+01   1.9637659e+01   2.0748457e+01   5.3237558e+01   6.9031242e+00   5.2658413e+01   6.1568542e+00   4.0811289e+01   4.8513019e+01   4.8094643e+01   1.7682840e+01   2.6919690e+01   4.8832184e+01   3.2663644e+01   3.8331865e+01   5.5839859e+01   3.4577118e+01   2.4913111e+01   6.5123912e+01   1.2172618e+01   3.8013331e+01   3.7715588e+01   4.1055513e+00   0.0000000e+00   2.1115528e+01   5.6036024e+01   6.2493951e+01   2.9491378e+01   5.2060644e+01   3.9793765e+01   6.5147119e+01   3.1756999e+01   1.4256816e+01   4.2300120e+01   3.9310437e+01   2.2231314e+01   2.6919690e+01
  3.7174242e+01   3.8578866e+01   3.2515621e+01   1.4580128e+01   4.5436066e+01   2.5783394e+01   3.8156341e+01   3.3741540e+01   3.8541020e+00   5.3887733e+01   2.6239075e+01   5.2169906e+00   3.2562439e+01   2.8540150e+01   3.6783605e+01   2.2799103e+01   1.6778821e+01   3.7489863e+01   5.7002212e+01   4.5047727e+01   4.5311289e+00   2.7300187e+01   2.3352790e+01   2.8784271e+01   5.5301916e+01   4.5760358e+01   3.7866429e+01   2.4005319e+01   6.8245553e+00   1.2757651e+01   2.8072631e+01   2.3786262e+01   1.4659802e+01   3.5159054e+01   5.4314496e+01   3.6126535e+01   2.7360680e+00   2.3303509e+01   3.5130189e+01   2.2420310e+01   1.7914075e+01   4.0578049e+01   3.2562439e+01   4.5134628e+01   2.0902206e+01   4.4346323e+01   3.1548349e+01   3.1102287e+01   2.7244158e+01   2.3138463e+01   4.3044095e+01   2.8004545e+01   3.3643627e+01   7.2082039e+00   1.8451323e+01   2.1529741e+01   2.0311613e+01   2.4021267e+01   6.5207973e+00   3.8066608e+01   4.1512193e+01   4.5776926e+01   3.7715588e+01   1.4101471e+01   2.4217082e+01   2.3027756e+00   1.2541595e+01   3.8463799e+01   2.4831050e+01   3.2256889e+01   2.6442244e+01   2.2860680e+01   4.7789005e+01   2.9435273e+01   3.6917715e+01   3.5841194e+01   5.3575418e+01   2.7117663e+01   3.3153484e+01   4.0028471e+01   1.4508926e+01   6.5827625e+00   5.1394499e+01   2.7504629e+01   2.0280040e+01   1.8939089e+01   1.7588007e+01   2.1115528e+01   0.0000000e+00   4.4502841e+01   4.4842418e+01   1.3089678e+01   4.9023190e+01   2.6672505e+01   5.0831402e+01   3.3026912e+01   2.4526028e+01   2.2843903e+01   2.6311819e+01   1.6180340e+00   1.6655494e+01
  5.2473551e+01   4.2300120e+01   1.2510412e+01   3.0566593e+01   3.6617863e+01   2.4206539e+01   1.0052487e+01   5.2675186e+01   4.7510637e+01   3.9544846e+01   6.1502049e+01   4.8541649e+01   5.6822731e+01   2.1595023e+01   1.1511358e+01   3.1588583e+01   5.0312147e+01   1.1813708e+01   3.4533072e+01   3.4854767e+01   4.5137428e+01   3.5500000e+01   5.3301515e+01   1.6878339e+01   4.0381073e+01   3.5788100e+01   1.8527756e+01   2.5122145e+01   4.6827638e+01   4.3841666e+01   5.0429951e+01   5.5126001e+01   5.4926556e+01   4.2979407e+01   4.1782563e+01   9.3600226e+00   4.5524993e+01   5.4926556e+01   1.6056349e+01   3.2706366e+01   3.5968296e+01   3.6346897e+01   1.2593387e+01   7.5000000e+00   5.3988316e+01   3.5231110e+01   1.6878339e+01   1.4147344e+01   2.1970911e+01   5.9162168e+01   1.7740940e+01   5.2550456e+01   6.8582670e+01   4.2012046e+01   4.3962628e+01   5.4634093e+01   3.2737401e+01   5.1500000e+01   4.8666378e+01   5.3533009e+01   3.2706366e+01   3.6433967e+01   2.3396506e+01   3.8292195e+01   6.5317050e+01   4.6024719e+01   3.6517357e+01   1.1130146e+01   5.4391094e+01   3.7624790e+01   6.1230964e+01   2.6311819e+01   2.7379360e+01   5.6935804e+01   6.2002032e+01   4.4057433e+01   4.0801985e+01   2.4774472e+01   2.1006097e+01   1.4147344e+01   4.6046679e+01   3.8503289e+01   1.1316654e+01   5.1963579e+01   5.4583269e+01   5.1590606e+01   5.3152160e+01   5.6036024e+01   4.4502841e+01   0.0000000e+00   2.2692341e+01   3.2015869e+01   2.2505681e+01   6.5201236e+01   1.2583046e+01   3.2015869e+01   4.6293013e+01   3.0913813e+01   6.5060050e+01   4.4002873e+01   3.0219522e+01
  6.6501894e+01   5.8854520e+01   2.2482948e+01   3.4448490e+01   5.6078773e+01   3.6506944e+01   1.5574813e+01   6.5424957e+01   4.6787147e+01   6.0508333e+01   6.8184932e+01   4.7260026e+01   6.8000000e+01   3.5320971e+01   1.5307093e+01   2.3586793e+01   5.6769441e+01   1.4229530e+01   5.6439700e+01   5.4456001e+01   4.3453463e+01   2.3005555e+01   4.3002941e+01   2.1338666e+01   6.1500000e+01   5.5447702e+01   8.4056942e+00   3.6294553e+01   4.4045953e+01   5.0017674e+01   3.7412058e+01   4.5002809e+01   4.9858383e+01   5.8275427e+01   6.2550383e+01   1.9735384e+01   4.4774711e+01   4.5000000e+01   3.3462099e+01   2.4400837e+01   2.9283676e+01   5.4467583e+01   2.1529741e+01   1.6008062e+01   4.5070169e+01   5.4594824e+01   3.1680924e+01   2.1577239e+01   3.4770979e+01   5.0562461e+01   5.5249378e+00   3.9885911e+01   5.7764736e+01   4.5713383e+01   3.5292241e+01   4.5544423e+01   2.5960754e+01   6.0753631e+01   4.6461941e+01   6.7619297e+01   1.2300424e+01   5.6009008e+01   4.2012046e+01   4.5436066e+01   5.9119536e+01   4.6641088e+01   4.2574339e+01   1.4083078e+01   6.3127869e+01   2.1976732e+01   6.8140594e+01   2.2551077e+01   4.8510416e+01   4.4482951e+01   7.3301099e+01   5.9391850e+01   6.1551208e+01   3.8119809e+01   3.7607951e+01   1.0052487e+01   3.9332976e+01   3.9194315e+01   1.7485288e+01   6.2508064e+01   4.6134417e+01   4.3187820e+01   5.9017092e+01   6.2493951e+01   4.4842418e+01   2.2692341e+01   0.0000000e+00   3.3609666e+01   4.4286413e+01   5.7079590e+01   1.5349242e+01   4.8094643e+01   5.7002212e+01   2.3270595e+01   5.7108303e+01   4.3916587e+01   3.7054753e+01
  3.8401187e+01   3.5606979e+01   2.0006409e+01   3.8541020e+00   3.9413365e+01   1.6445219e+01   2.5609759e+01   3.6031676e+01   1.6000000e+01   4.7246658e+01   3.5155447e+01   1.7030275e+01   3.7003424e+01   1.8562392e+01   2.4269729e+01   1.4580128e+01   2.3877339e+01   2.5020400e+01   4.8604054e+01   3.8578866e+01   1.3738202e+01   2.0803941e+01   2.7206741e+01   1.6200318e+01   4.8627435e+01   3.9448684e+01   2.6156383e+01   1.4712670e+01   1.5682226e+01   1.7300298e+01   2.8540150e+01   2.8486604e+01   2.4269729e+01   3.3138168e+01   4.8191718e+01   2.3548861e+01   1.4009256e+01   2.8113403e+01   2.4253947e+01   1.4817821e+01   1.2593387e+01   3.5231110e+01   2.0006409e+01   3.2566337e+01   2.6311819e+01   3.8089892e+01   2.0412308e+01   1.8527756e+01   1.7150826e+01   3.0500000e+01   3.1200163e+01   2.9568884e+01   4.0959857e+01   1.2603718e+01   1.8617671e+01   2.7018861e+01   1.2665525e+01   2.8912145e+01   1.7270510e+01   3.9464728e+01   3.2570235e+01   3.9647158e+01   2.8793109e+01   1.3785330e+01   3.4676015e+01   1.4721463e+01   1.0624228e+01   2.5980385e+01   3.0872685e+01   2.5995098e+01   3.5148232e+01   1.1835784e+01   3.9038941e+01   3.2675301e+01   4.2096274e+01   3.4093154e+01   4.7324139e+01   1.8304494e+01   2.3505434e+01   2.7813001e+01   1.7827723e+01   7.0192024e+00   3.8843839e+01   3.1423292e+01   2.6369867e+01   2.3834524e+01   2.5965663e+01   2.9491378e+01   1.3089678e+01   3.2015869e+01   3.3609666e+01   0.0000000e+00   3.9100518e+01   3.5663902e+01   3.8345079e+01   2.7155206e+01   2.6600766e+01   1.4256816e+01   3.5417761e+01   1.2510412e+01   8.4056942e+00
  3.9774674e+01   2.7564737e+01   2.5768558e+01   3.6140567e+01   1.7856555e+01   2.3764780e+01   2.9731832e+01   4.1640005e+01   5.2377259e+01   1.8057050e+01   5.6508928e+01   5.3718888e+01   4.7195824e+01   2.1170027e+01   3.0583218e+01   4.5900991e+01   4.7324139e+01   3.1423292e+01   1.2665525e+01   1.6120499e+01   5.1355187e+01   5.1541650e+01   6.5247587e+01   3.0341247e+01   1.8700275e+01   1.6778821e+01   3.8700131e+01   2.5559928e+01   5.3664838e+01   4.2586221e+01   6.4712538e+01   6.6728770e+01   6.2411227e+01   3.0067719e+01   2.0462465e+01   2.6273048e+01   5.0823951e+01   6.6397648e+01   1.5706906e+01   4.6900431e+01   4.8262433e+01   2.0178669e+01   2.6662951e+01   2.9504310e+01   6.4774801e+01   1.6901219e+01   1.9591883e+01   2.7794688e+01   2.2551077e+01   6.9100292e+01   3.9262095e+01   6.6355903e+01   7.9525312e+01   4.3864732e+01   5.6009008e+01   6.5478843e+01   4.5953273e+01   4.5044921e+01   5.4650254e+01   4.0615458e+01   5.3040461e+01   1.7485288e+01   1.2268602e+01   3.7520265e+01   7.2569411e+01   4.9949469e+01   3.7547267e+01   3.1196091e+01   4.8065744e+01   5.5089376e+01   5.6020267e+01   3.9800127e+01   6.5207973e+00   7.0158094e+01   5.1600391e+01   3.0872685e+01   1.9539433e+01   2.2431712e+01   1.6382380e+01   3.5025353e+01   5.6260649e+01   4.4232139e+01   3.2174122e+01   4.3850317e+01   6.4922434e+01   6.2277828e+01   5.0304618e+01   5.2060644e+01   4.9023190e+01   2.2505681e+01   4.4286413e+01   3.9100518e+01   0.0000000e+00   7.4137626e+01   3.3955194e+01   2.1054805e+01   3.9051913e+01   4.5201790e+01   7.3863819e+01   4.9030918e+01   3.2942256e+01
  6.0915230e+01   6.4320060e+01   5.3641321e+01   3.8503289e+01   7.1607313e+01   5.1009900e+01   5.6793872e+01   5.6962377e+01   2.3548861e+01   8.0056584e+01   4.2362871e+01   2.2139085e+01   5.3950912e+01   5.3474050e+01   5.5222025e+01   3.5231110e+01   3.8578866e+01   5.5511362e+01   8.2892354e+01   7.1214214e+01   2.3548861e+01   3.4591788e+01   1.4930870e+01   4.8883882e+01   8.1470674e+01   7.1931786e+01   5.2617655e+01   4.9208316e+01   2.1115528e+01   3.7665172e+01   2.2231314e+01   1.3000000e+01   1.2520815e+01   6.0685131e+01   8.0481248e+01   5.6341293e+01   2.4541631e+01   1.2869317e+01   5.9417315e+01   3.4182340e+01   3.0016944e+01   6.6728770e+01   5.3310984e+01   6.3557513e+01   1.2510412e+01   7.0517855e+01   5.5572679e+01   5.1729874e+01   5.2087305e+01   7.0192024e+00   5.7535077e+01   1.9955076e+01   9.0146932e+00   3.3149655e+01   2.2551077e+01   1.2043396e+01   3.3462099e+01   4.6273901e+01   2.0655644e+01   6.1624872e+01   4.8552055e+01   7.1949283e+01   6.3301274e+01   4.0198866e+01   6.2008771e+00   2.6427784e+01   3.8683766e+01   5.6493303e+01   4.5721676e+01   3.6783605e+01   4.2926407e+01   3.9551248e+01   7.3515409e+01   1.6601242e+01   5.6902571e+01   6.1245370e+01   7.9746451e+01   5.2600864e+01   5.8338136e+01   5.6379334e+01   1.9663768e+01   3.0500000e+01   6.9160396e+01   5.0080742e+01   1.1511358e+01   1.4535669e+01   3.7500000e+01   3.9793765e+01   2.6672505e+01   6.5201236e+01   5.7079590e+01   3.5663902e+01   7.4137626e+01   0.0000000e+00   6.7918469e+01   5.9194122e+01   4.8824424e+01   3.5788100e+01   1.0000000e+00   2.6311819e+01   4.1900483e+01
  6.3905441e+01   5.4167961e+01   2.0481241e+01   3.7836309e+01   4.8692323e+01   3.4558773e+01   1.3316006e+01   6.3787044e+01   5.3452809e+01   5.1318304e+01   7.0772683e+01   5.4258720e+01   6.7531709e+01   3.2327661e+01   1.4580128e+01   3.3187918e+01   5.9323890e+01   1.3841664e+01   4.5635906e+01   4.6924670e+01   5.0564958e+01   3.4981879e+01   5.4629474e+01   2.2799103e+01   5.2080035e+01   4.7852402e+01   1.6024175e+01   3.5101301e+01   5.1795711e+01   5.2600864e+01   5.0148766e+01   5.6589215e+01   5.9008546e+01   5.4615617e+01   5.3615440e+01   1.6453056e+01   5.1394499e+01   5.6493303e+01   2.7702941e+01   3.4237961e+01   3.8552595e+01   4.8385280e+01   1.9974342e+01   6.9031242e+00   5.6078773e+01   4.7310789e+01   2.7725907e+01   2.1073041e+01   3.2390437e+01   6.1526634e+01   1.1912712e+01   5.2521630e+01   6.9870383e+01   4.9716359e+01   4.5898238e+01   5.6647128e+01   3.5057922e+01   6.1532778e+01   5.3960266e+01   6.4986433e+01   2.7075365e+01   4.8502604e+01   3.5417761e+01   4.7268045e+01   6.9029191e+01   5.2524033e+01   4.5000000e+01   1.2869317e+01   6.4290673e+01   3.5389110e+01   7.0580311e+01   2.9538767e+01   3.9184622e+01   5.7112719e+01   7.2794536e+01   5.5710959e+01   5.2646428e+01   3.5517853e+01   3.2601402e+01   1.2043396e+01   4.9064390e+01   4.4763416e+01   2.7360680e+00   6.2423340e+01   5.6935804e+01   5.3897097e+01   6.1991869e+01   6.5147119e+01   5.0831402e+01   1.2583046e+01   1.5349242e+01   3.8345079e+01   3.3955194e+01   6.7918469e+01   0.0000000e+00   4.3700116e+01   5.6722771e+01   3.2640317e+01   6.7864679e+01   5.0123583e+01   3.8739378e+01
  2.1115528e+01   1.1270330e+01   2.6132011e+01   2.3807724e+01   1.3000000e+01   1.3000000e+01   3.3605891e+01   2.1970911e+01   3.6224641e+01   2.1362646e+01   3.6003521e+01   3.7638255e+01   2.7070661e+01   1.3354960e+01   3.3462099e+01   3.9051913e+01   2.7425824e+01   3.4577118e+01   2.5329418e+01   1.2520815e+01   3.6294553e+01   4.5547197e+01   5.3407939e+01   2.7959060e+01   2.2776669e+01   1.3247549e+01   4.0540604e+01   1.4083078e+01   3.8788379e+01   2.3764780e+01   5.5192321e+01   5.4456001e+01   4.7174404e+01   1.1465856e+01   2.1900935e+01   2.9348743e+01   3.5155447e+01   5.4035035e+01   1.6507811e+01   3.9723717e+01   3.8921999e+01   8.5777472e+00   2.7070661e+01   3.7530393e+01   5.1951433e+01   1.1835784e+01   1.7052945e+01   2.7080068e+01   1.4147344e+01   5.5240296e+01   4.3581318e+01   5.6200090e+01   6.5864363e+01   2.6748809e+01   4.5235333e+01   5.2646428e+01   3.7976659e+01   2.4505208e+01   3.9038941e+01   2.2139085e+01   5.2845009e+01   1.3306248e+01   1.0348858e+01   1.9709373e+01   5.6522317e+01   3.3427952e+01   2.1018285e+01   3.4971002e+01   2.7518512e+01   5.0304618e+01   3.5500000e+01   3.3636083e+01   1.7270510e+01   5.9119536e+01   3.1824910e+01   1.2541595e+01   2.1115528e+01   1.1011898e+01   1.1601802e+01   3.8847099e+01   4.3804157e+01   2.9910882e+01   4.2752219e+01   2.3352790e+01   5.1707910e+01   4.9591751e+01   3.0332868e+01   3.1756999e+01   3.3026912e+01   3.2015869e+01   4.8094643e+01   2.7155206e+01   2.1054805e+01   5.9194122e+01   4.3700116e+01   0.0000000e+00   1.8506943e+01   3.8476967e+01   5.8837381e+01   3.3397568e+01   1.9288294e+01
  1.3158989e+01   1.7418924e+01   3.6958881e+01   2.4269729e+01   2.7712130e+01   2.2703603e+01   4.4706900e+01   1.0052487e+01   2.6748809e+01   3.6087919e+01   1.8028548e+01   2.8013633e+01   1.1511358e+01   2.5198178e+01   4.3988504e+01   4.0680841e+01   1.1465856e+01   4.5053339e+01   4.2216304e+01   2.8181221e+01   2.8544607e+01   4.6824939e+01   4.7372167e+01   3.6350384e+01   3.7412058e+01   2.8486604e+01   4.9100412e+01   2.2139085e+01   3.0819136e+01   1.2268602e+01   5.1588159e+01   4.7796934e+01   3.7462819e+01   1.3403488e+01   3.5617659e+01   4.0904208e+01   2.6696374e+01   4.7310789e+01   3.1370698e+01   4.0888736e+01   3.7983330e+01   2.2635944e+01   3.7638255e+01   5.0319675e+01   4.4884682e+01   2.7225456e+01   2.9915132e+01   3.6917715e+01   2.4913111e+01   4.6557030e+01   5.3379580e+01   5.1795711e+01   5.6653807e+01   1.8113915e+01   4.1512193e+01   4.5494444e+01   3.8700131e+01   6.5000000e+00   2.9910882e+01   1.4083078e+01   5.8225644e+01   2.8181221e+01   2.7872431e+01   1.3354960e+01   4.4876232e+01   2.3920077e+01   1.6507811e+01   4.5754834e+01   9.5138782e+00   5.2038820e+01   1.7507351e+01   3.7204904e+01   3.5090461e+01   5.3452809e+01   1.6824828e+01   1.3624405e+01   3.5159054e+01   2.2023243e+01   2.6777367e+01   4.9000000e+01   3.8269035e+01   2.5020400e+01   5.6303226e+01   6.2008771e+00   4.4180659e+01   4.2964691e+01   1.3813527e+01   1.4256816e+01   2.4526028e+01   4.6293013e+01   5.7002212e+01   2.6600766e+01   3.9051913e+01   4.8824424e+01   5.6722771e+01   1.8506943e+01   0.0000000e+00   4.0349718e+01   4.8385280e+01   2.5409837e+01   2.0655644e+01
  5.1980579e+01   4.8042087e+01   2.0680436e+01   1.6778821e+01   4.9881171e+01   2.6209920e+01   2.1860009e+01   4.9746827e+01   2.4353721e+01   5.6860447e+01   4.7820714e+01   2.4686773e+01   5.0731962e+01   2.7070661e+01   2.0280040e+01   1.2071068e+00   3.6972592e+01   2.0424859e+01   5.6323382e+01   4.8731214e+01   2.0908332e+01   7.5710678e+00   2.2972205e+01   1.5706906e+01   5.8158477e+01   4.9685872e+01   1.7529386e+01   2.4918231e+01   2.1314658e+01   3.0707615e+01   2.0349433e+01   2.4851591e+01   2.7300187e+01   4.6024719e+01   5.8216982e+01   2.2283021e+01   2.2414607e+01   2.4691941e+01   3.0181644e+01   2.3027756e+00   6.5827625e+00   4.6391176e+01   2.0025624e+01   2.8392651e+01   2.4037205e+01   4.8440067e+01   2.6485573e+01   1.8562392e+01   2.5798221e+01   2.9435273e+01   2.2641590e+01   2.2300229e+01   3.8305423e+01   2.5324383e+01   1.3841664e+01   2.4635037e+01   3.1925824e+00   4.2547592e+01   2.3759407e+01   5.3059490e+01   1.9321530e+01   5.0020198e+01   3.7204904e+01   2.7541635e+01   3.7013696e+01   2.4635037e+01   2.4379908e+01   2.1380613e+01   4.4354874e+01   1.2510412e+01   4.7905168e+01   5.9083269e+00   4.6830336e+01   2.6576810e+01   5.5785622e+01   4.7042991e+01   5.7273673e+01   2.8271388e+01   3.1620733e+01   2.1097330e+01   1.7007574e+01   1.7914075e+01   3.3876639e+01   4.5159825e+01   2.4831050e+01   2.1789669e+01   3.8700131e+01   4.2300120e+01   2.2843903e+01   3.0913813e+01   2.3270595e+01   1.4256816e+01   4.5201790e+01   3.5788100e+01   3.2640317e+01   3.8476967e+01   4.0349718e+01   0.0000000e+00   3.5727830e+01   2.1819006e+01   2.1097330e+01
  6.0460404e+01   6.3913327e+01   5.3474050e+01   3.8235925e+01   7.1242491e+01   5.0719518e+01   5.6689412e+01   5.6502232e+01   2.3171568e+01   7.9699116e+01   4.1867258e+01   2.1760292e+01   5.3474050e+01   5.3197249e+01   5.5119136e+01   3.5177082e+01   3.8119809e+01   5.5418121e+01   8.2574661e+01   7.0858013e+01   2.3226636e+01   3.4632096e+01   1.5060220e+01   4.8731214e+01   8.1113274e+01   7.1572146e+01   5.2586467e+01   4.8917456e+01   2.0803941e+01   3.7249150e+01   2.2431712e+01   1.3149111e+01   1.2172618e+01   6.0270394e+01   8.0113127e+01   5.6200090e+01   2.4190715e+01   1.3000000e+01   5.9168561e+01   3.4134060e+01   2.9927878e+01   6.6355903e+01   5.3152160e+01   6.3468246e+01   1.2541595e+01   7.0158094e+01   5.5329280e+01   5.1571029e+01   5.1812766e+01   7.0764732e+00   5.7519733e+01   2.0178669e+01   9.5138782e+00   3.2768406e+01   2.2522716e+01   1.2097414e+01   3.3382366e+01   4.5810043e+01   2.0298990e+01   6.1167125e+01   4.8658592e+01   7.1586215e+01   6.3000000e+01   3.9822385e+01   5.7201533e+00   2.6044080e+01   3.8331865e+01   5.6401699e+01   4.5246508e+01   3.6890246e+01   4.2431492e+01   3.9439055e+01   7.3208321e+01   1.6901219e+01   5.6415114e+01   6.0826197e+01   7.9381240e+01   5.2300097e+01   5.8054322e+01   5.6323382e+01   1.9539433e+01   3.0202693e+01   6.9093003e+01   4.9617207e+01   1.1500000e+01   1.4508926e+01   3.7027387e+01   3.9310437e+01   2.6311819e+01   6.5060050e+01   5.7108303e+01   3.5417761e+01   7.3863819e+01   1.0000000e+00   6.7864679e+01   5.8837381e+01   4.8385280e+01   3.5727830e+01   0.0000000e+00   2.5965663e+01   4.1600487e+01
  3.8066608e+01   3.9207234e+01   3.2000000e+01   1.4229530e+01   4.5843136e+01   2.5768558e+01   3.7489863e+01   3.4679672e+01   4.0355339e+00   5.4258720e+01   2.7356098e+01   5.2434165e+00   3.3594561e+01   2.8473201e+01   3.6098455e+01   2.1760292e+01   1.7856555e+01   3.6783605e+01   5.7203175e+01   4.5413806e+01   3.6622777e+00   2.6200195e+01   2.2465883e+01   2.8163152e+01   5.5672457e+01   4.6142634e+01   3.7003424e+01   2.3978714e+01   6.0901699e+00   1.3652946e+01   2.7042419e+01   2.2961077e+01   1.4293114e+01   3.5841194e+01   5.4733292e+01   3.5557096e+01   2.3027756e+00   2.2482948e+01   3.4974628e+01   2.1362646e+01   1.6824828e+01   4.1027768e+01   3.2015869e+01   4.4482951e+01   2.0108672e+01   4.4729515e+01   3.1342341e+01   3.0537477e+01   2.7155206e+01   2.2551077e+01   4.2192325e+01   2.7018861e+01   3.3107514e+01   7.9330344e+00   1.7367128e+01   2.0748457e+01   1.9268324e+01   2.5045875e+01   6.2008771e+00   3.8970768e+01   4.0453098e+01   4.6175486e+01   3.7812866e+01   1.4650972e+01   2.4084953e+01   3.3284271e+00   1.2879418e+01   3.7762582e+01   2.5901772e+01   3.1147186e+01   2.7560118e+01   2.1976732e+01   4.7934165e+01   2.8544607e+01   3.7983330e+01   3.6545111e+01   5.3981305e+01   2.7169271e+01   3.3149655e+01   3.9245968e+01   1.3500000e+01   6.0000000e+00   5.0724496e+01   2.8500000e+01   1.9539433e+01   1.8085505e+01   1.8700275e+01   2.2231314e+01   1.6180340e+00   4.4002873e+01   4.3916587e+01   1.2510412e+01   4.9030918e+01   2.6311819e+01   5.0123583e+01   3.3397568e+01   2.5409837e+01   2.1819006e+01   2.5965663e+01   0.0000000e+00   1.6601242e+01
  3.1548349e+01   2.7794688e+01   1.8884776e+01   5.1097722e+00   3.1632780e+01   9.6787799e+00   2.6053865e+01   2.9654759e+01   2.0000000e+01   3.9618410e+01   3.2570235e+01   2.1314658e+01   3.1564449e+01   1.2384864e+01   2.5045875e+01   2.1553503e+01   2.1091260e+01   2.6019600e+01   4.1567018e+01   3.0872685e+01   1.8945867e+01   2.8018176e+01   3.4752737e+01   1.6901219e+01   4.1012344e+01   3.1716983e+01   2.9192333e+01   7.8824115e+00   2.1308652e+01   1.4365425e+01   3.6433967e+01   3.5901271e+01   3.0038111e+01   2.5505000e+01   4.0462482e+01   2.2888613e+01   1.8388544e+01   3.5500000e+01   1.9053975e+01   2.2005813e+01   2.0406029e+01   2.7356098e+01   1.9288294e+01   3.2488279e+01   3.3534073e+01   3.0341247e+01   1.5632746e+01   1.8177670e+01   1.1094810e+01   3.7276351e+01   3.3741540e+01   3.7412058e+01   4.7876154e+01   1.2500000e+01   2.6447061e+01   3.4237961e+01   2.0006409e+01   2.4211811e+01   2.2208293e+01   3.2644206e+01   3.8196154e+01   3.1884710e+01   2.1900935e+01   9.1023253e+00   4.0129534e+01   1.7740940e+01   6.8245553e+00   2.6848624e+01   2.6672505e+01   3.3096012e+01   3.2406112e+01   1.7263055e+01   3.2126729e+01   4.0377939e+01   3.6835245e+01   2.6500000e+01   3.9615214e+01   1.1200467e+01   1.7060495e+01   2.9629023e+01   2.5203239e+01   1.1901754e+01   3.8778584e+01   2.6019600e+01   3.3427952e+01   3.1110456e+01   2.3759407e+01   2.6919690e+01   1.6655494e+01   3.0219522e+01   3.7054753e+01   8.4056942e+00   3.2942256e+01   4.1900483e+01   3.8739378e+01   1.9288294e+01   2.0655644e+01   2.1097330e+01   4.1600487e+01   1.6601242e+01   0.0000000e+00
