  0.0000000e+00   3.7607951e+01   1.3446268e+02   1.0610895e+02   7.1572146e+01   9.0811959e+01   1.5779272e+02   1.3227922e+01   1.1693131e+02   9.2196510e+01   7.1651247e+01   1.2062181e+02   3.0046573e+01   9.5900472e+01   1.5651442e+02   1.5613178e+02   6.7582039e+01   1.5984632e+02   1.1624325e+02   7.5229512e+01   1.2259115e+02   1.7510026e+02   1.7907561e+02   1.3603228e+02   9.5427604e+01   7.4746212e+01   1.7494555e+02   9.1122845e+01   1.2936039e+02   7.3754693e+01   1.9158964e+02   1.8028112e+02   1.4852196e+02   3.0084624e+01   8.8323687e+01   1.4541118e+02   1.1699893e+02   1.7881713e+02   1.0975315e+02   1.5709023e+02   1.4948406e+02   5.9840121e+01   1.3695878e+02   1.7182207e+02   1.7150658e+02   7.2280917e+01   1.0920603e+02   1.3581630e+02   9.6605411e+01   1.7600641e+02   1.8623368e+02   1.9232414e+02   2.0578639e+02   9.1296476e+01   1.6125214e+02   1.7331276e+02   1.5069487e+02   4.5022466e+01   1.2640175e+02   3.8541020e+00   2.0636646e+02   7.3060320e+01   9.1197299e+01   7.5559976e+01   1.6894138e+02   1.0855207e+02   8.4714013e+01   1.6150388e+02   4.9336462e+01   1.9062759e+02   6.9565187e+01   1.4390502e+02   1.0251103e+02   1.9732035e+02   3.8000000e+01   2.7332816e+01   8.7964278e+01   8.6642324e+01   9.4904714e+01   1.7237932e+02   1.5176219e+02   1.1154053e+02   1.8831174e+02   3.3805405e+01   1.6930832e+02   1.6582695e+02   7.2061163e+01   6.8514704e+01   1.1052272e+02   1.5642065e+02   1.9850568e+02   1.1420356e+02   1.1832402e+02   1.8174569e+02   1.9071632e+02   6.2346584e+01   3.8476967e+01   1.5494174e+02   1.8038121e+02   1.1319982e+02   9.3645048e+01
  3.7607951e+01   0.0000000e+00   1.0970165e+02   9.6183071e+01   3.5000000e+01   6.9058369e+01   1.3209027e+02   4.5500000e+01   1.2325280e+02   5.7991304e+01   1.0011175e+02   1.2739858e+02   6.3571388e+01   7.1191230e+01   1.3169642e+02   1.4469518e+02   8.3908633e+01   1.3504089e+02   8.0014150e+01   3.8269035e+01   1.2597211e+02   1.6424752e+02   1.8073110e+02   1.1473660e+02   6.1706617e+01   3.8029988e+01   1.5279987e+02   7.1397814e+01   1.3338341e+02   8.0620222e+01   1.8902918e+02   1.8311229e+02   1.5651442e+02   1.2593387e+01   5.5654329e+01   1.1930341e+02   1.2143387e+02   1.8174569e+02   8.0000000e+01   1.4637837e+02   1.4204946e+02   2.2799103e+01   1.1250893e+02   1.4328393e+02   1.7494555e+02   3.5292241e+01   8.2439002e+01   1.1244865e+02   7.3261597e+01   1.8264966e+02   1.6205494e+02   1.9119478e+02   2.1403805e+02   9.4654129e+01   1.5854192e+02   1.7694617e+02   1.4065170e+02   6.6924769e+01   1.3247443e+02   3.9873214e+01   1.8890382e+02   3.6500000e+01   5.7814920e+01   7.4290243e+01   1.8160908e+02   1.1450987e+02   8.1277472e+01   1.3620648e+02   7.4594534e+01   1.7905671e+02   9.8218985e+01   1.2953488e+02   6.5486537e+01   1.9855113e+02   7.4548970e+01   1.2869317e+01   5.4583269e+01   6.3464276e+01   6.5624880e+01   1.4785162e+02   1.5202970e+02   1.0970165e+02   1.5831397e+02   5.8845951e+01   1.7357296e+02   1.6833921e+02   9.1197299e+01   9.1741438e+01   1.1473660e+02   1.2590036e+02   1.7556356e+02   1.0582094e+02   8.1694212e+01   1.9196018e+02   1.6150388e+02   3.2810989e+01   5.1256773e+01   1.4312626e+02   1.9073998e+02   1.1662170e+02   8.2384064e+01
  1.3446268e+02   1.0970165e+02   0.0000000e+00   5.5018346e+01   1.0259922e+02   4.4309246e+01   2.3930749e+01   1.3263629e+02   1.0551071e+02   1.1865773e+02   1.5147185e+02   1.0859371e+02   1.4264429e+02   3.9413365e+01   2.2647235e+01   6.3159796e+01   1.1723046e+02   2.6000000e+01   1.1164180e+02   9.8011538e+01   9.8414504e+01   7.8514422e+01   1.2629448e+02   1.5500000e+01   1.2207405e+02   1.0101119e+02   4.4411844e+01   4.5047727e+01   1.0359704e+02   9.7212202e+01   1.2058435e+02   1.3148187e+02   1.2822040e+02   1.0851042e+02   1.2408398e+02   1.2593387e+01   9.9545444e+01   1.3074976e+02   3.5130189e+01   6.6397648e+01   7.3816096e+01   9.6699012e+01   3.5000000e+00   4.1442032e+01   1.2729215e+02   9.8103791e+01   2.8158633e+01   6.8639610e+00   3.8358288e+01   1.4231149e+02   5.2892748e+01   1.2630342e+02   1.7159208e+02   8.9998603e+01   9.8000000e+01   1.2929926e+02   6.5017440e+01   1.2380146e+02   1.0900922e+02   1.3778893e+02   8.4980767e+01   1.0254411e+02   6.0500000e+01   8.0998447e+01   1.5948585e+02   1.0117895e+02   7.4594534e+01   2.7541635e+01   1.3198764e+02   8.8502841e+01   1.5085957e+02   4.5500000e+01   8.4566938e+01   1.3880130e+02   1.5854192e+02   1.1186427e+02   1.2109851e+02   4.8359168e+01   4.6120719e+01   3.8742646e+01   1.0273136e+02   7.8500000e+01   6.0218088e+01   1.2693674e+02   1.2873903e+02   1.1993618e+02   1.2538795e+02   1.3466408e+02   9.6546864e+01   3.6531236e+01   6.6448844e+01   5.9019228e+01   7.6305673e+01   1.5992396e+02   6.0443724e+01   7.7396034e+01   1.0987664e+02   6.1041308e+01   1.5942215e+02   9.5000000e+01   5.5654329e+01
  1.0610895e+02   9.6183071e+01   5.5018346e+01   0.0000000e+00   1.0717943e+02   3.8683766e+01   7.4061199e+01   9.9647617e+01   5.2288030e+01   1.3073248e+02   1.0193594e+02   5.5817267e+01   1.0382594e+02   4.5500000e+01   7.0423172e+01   5.0564958e+01   6.7531709e+01   7.2998276e+01   1.3520802e+02   1.0469333e+02   4.7024187e+01   6.9760378e+01   9.0500000e+01   4.5624827e+01   1.3488192e+02   1.0729537e+02   7.9246428e+01   3.3397568e+01   5.3511791e+01   4.7217235e+01   9.4654129e+01   9.4222996e+01   7.9659649e+01   8.9114333e+01   1.3352725e+02   6.6397648e+01   4.6708765e+01   9.3075645e+01   6.3571388e+01   5.1698144e+01   4.6391176e+01   9.4654129e+01   5.5511362e+01   9.4462759e+01   8.7500000e+01   1.0321441e+02   5.2309748e+01   5.1433781e+01   4.1304412e+01   9.9602220e+01   9.3801929e+01   9.7768957e+01   1.3117230e+02   3.6154593e+01   6.4912732e+01   8.9620705e+01   4.5524993e+01   8.0381162e+01   5.7420998e+01   1.0935082e+02   1.0246691e+02   1.0788366e+02   7.5814341e+01   3.4208308e+01   1.1061471e+02   4.7024187e+01   2.5101829e+01   7.5739617e+01   8.6942177e+01   8.5153706e+01   1.0171388e+02   3.9413365e+01   1.0658723e+02   1.0703169e+02   1.1938860e+02   9.2049167e+01   1.3093102e+02   4.4103326e+01   6.0236923e+01   8.2562476e+01   6.2164414e+01   2.5644582e+01   1.1342918e+02   8.7059228e+01   8.7500000e+01   8.0113127e+01   7.4609716e+01   8.4834157e+01   4.2740384e+01   9.0699778e+01   1.0234547e+02   1.0562306e+01   1.0742170e+02   1.1450987e+02   1.1250893e+02   7.0423172e+01   7.1809186e+01   4.9336462e+01   1.1370777e+02   4.1688591e+01   1.4329317e+01
  7.1572146e+01   3.5000000e+01   1.0259922e+02   1.0717943e+02   0.0000000e+00   7.1651247e+01   1.2207405e+02   8.0000000e+01   1.4476538e+02   2.6306976e+01   1.3329025e+02   1.4900758e+02   9.8046143e+01   6.9336763e+01   1.2292242e+02   1.5050000e+02   1.1319982e+02   1.2608861e+02   4.5524993e+01   5.9083269e+00   1.4531022e+02   1.6968777e+02   1.9654719e+02   1.1175309e+02   3.0500000e+01   3.8541020e+00   1.4637837e+02   7.5993377e+01   1.5279987e+02   1.0550000e+02   2.0113026e+02   1.9977995e+02   1.7778579e+02   4.5898238e+01   2.7206741e+01   1.0953669e+02   1.4176305e+02   1.9852841e+02   6.8415389e+01   1.5279987e+02   1.5176963e+02   1.5943445e+01   1.0559638e+02   1.2857225e+02   1.9232414e+02   5.0000000e+00   7.5514999e+01   1.0700000e+02   7.2905110e+01   2.0219841e+02   1.5265206e+02   2.0443933e+02   2.3406209e+02   1.1611682e+02   1.7159208e+02   1.9441235e+02   1.4802712e+02   9.9204103e+01   1.5336759e+02   7.3493150e+01   1.8655443e+02   2.0000000e+00   4.2740384e+01   9.4904714e+01   2.0534201e+02   1.3626450e+02   9.9420423e+01   1.2651786e+02   1.0746378e+02   1.8321084e+02   1.3148187e+02   1.3329025e+02   3.4705263e+01   2.1353169e+02   1.0887435e+02   4.7096674e+01   2.4918231e+01   6.5486537e+01   5.7578893e+01   1.3860594e+02   1.6777522e+02   1.2622291e+02   1.4078008e+02   9.2282351e+01   1.9161907e+02   1.8521938e+02   1.2129425e+02   1.2339935e+02   1.3530820e+02   1.0885359e+02   1.6723632e+02   1.1724010e+02   5.2569665e+01   2.1382194e+02   1.4507697e+02   3.8000000e+01   8.2136389e+01   1.4864351e+02   2.1272747e+02   1.3652941e+02   9.3898340e+01
  9.0811959e+01   6.9058369e+01   4.4309246e+01   3.8683766e+01   7.1651247e+01   0.0000000e+00   6.7732804e+01   8.8847326e+01   8.6406926e+01   9.3765749e+01   1.1291997e+02   9.0399944e+01   9.9420423e+01   9.5000000e+00   6.6243821e+01   7.9446184e+01   8.0226094e+01   6.9565187e+01   9.7025903e+01   6.8465065e+01   8.3340208e+01   9.8770036e+01   1.2841403e+02   4.6513585e+01   9.7826769e+01   7.1254858e+01   8.5193565e+01   5.9083269e+00   9.0362395e+01   6.2164414e+01   1.3074976e+02   1.3229530e+02   1.1658294e+02   6.5986640e+01   9.7212202e+01   5.5695108e+01   8.1680355e+01   1.3117230e+02   3.0500000e+01   8.1680355e+01   8.0998447e+01   6.1171245e+01   4.6708765e+01   8.3475900e+01   1.2567588e+02   6.7397309e+01   2.2799103e+01   4.5524993e+01   7.2082039e+00   1.3765776e+02   9.5947630e+01   1.3453824e+02   1.6930832e+02   6.2000000e+01   1.0201355e+02   1.2779690e+02   7.6882262e+01   8.2384064e+01   9.3160671e+01   9.4150948e+01   1.2035929e+02   7.2139724e+01   3.7638255e+01   4.5524993e+01   1.4692490e+02   7.9332100e+01   4.3164388e+01   7.1302542e+01   9.1060753e+01   1.1271965e+02   1.1199552e+02   6.2655048e+01   6.8415389e+01   1.4453125e+02   1.1522794e+02   6.9320418e+01   9.4474731e+01   6.6846584e+00   2.2647235e+01   8.2067457e+01   1.0029228e+02   6.2073127e+01   1.0130179e+02   8.4204839e+01   1.2567588e+02   1.1827627e+02   8.9050833e+01   9.6932619e+01   7.6350181e+01   7.1619618e+01   1.0852083e+02   4.8335656e+01   7.0294341e+01   1.5202970e+02   1.0267632e+02   3.8000000e+01   6.7110810e+01   7.7629761e+01   1.5115855e+02   7.6305673e+01   2.8036340e+01
  1.5779272e+02   1.3209027e+02   2.3930749e+01   7.4061199e+01   1.2207405e+02   6.7732804e+01   0.0000000e+00   1.5606671e+02   1.2162906e+02   1.3550833e+02   1.7337134e+02   1.2423864e+02   1.6596299e+02   6.2510080e+01   5.2434165e+00   6.6517043e+01   1.3892326e+02   5.9083269e+00   1.2464709e+02   1.1717262e+02   1.1335943e+02   7.7058801e+01   1.3199620e+02   2.8960499e+01   1.3857335e+02   1.2014322e+02   2.7541635e+01   6.8415389e+01   1.1753846e+02   1.1865773e+02   1.2218504e+02   1.3762494e+02   1.4039460e+02   1.3148187e+02   1.4153191e+02   1.3316006e+01   1.1548261e+02   1.3712357e+02   5.4353969e+01   6.9857768e+01   8.0900560e+01   1.1774014e+02   2.1713203e+01   2.1553503e+01   1.3484005e+02   1.1763454e+02   5.0158836e+01   2.4217082e+01   6.1706617e+01   1.5075478e+02   3.1094117e+01   1.2871271e+02   1.7799507e+02   1.0970165e+02   1.0439057e+02   1.3670297e+02   7.0760231e+01   1.4667883e+02   1.2372845e+02   1.6111211e+02   7.0728199e+01   1.2184249e+02   7.9929214e+01   1.0289629e+02   1.7111799e+02   1.1846716e+02   9.5794281e+01   5.0000000e+00   1.5470117e+02   8.3231493e+01   1.7286299e+02   5.2288030e+01   9.9783684e+01   1.4204946e+02   1.8187599e+02   1.3483168e+02   1.3853260e+02   7.1651247e+01   6.7397309e+01   1.7068042e+01   1.1199552e+02   9.5225920e+01   4.0214607e+01   1.5014708e+02   1.3693405e+02   1.2784991e+02   1.4679422e+02   1.5641344e+02   1.1346902e+02   2.9157460e+01   4.5724440e+01   7.5829277e+01   8.8195496e+01   1.6938162e+02   3.8948017e+01   9.9817672e+01   1.3312070e+02   6.4580028e+01   1.6906824e+02   1.1146959e+02   7.7161594e+01
  1.3227922e+01   4.5500000e+01   1.3263629e+02   9.9647617e+01   8.0000000e+01   8.8847326e+01   1.5606671e+02   0.0000000e+00   1.0610895e+02   1.0211324e+02   5.9172822e+01   1.0967074e+02   1.8748288e+01   9.4904714e+01   1.5442368e+02   1.4930272e+02   5.5654329e+01   1.5771403e+02   1.2500904e+02   8.3122636e+01   1.1231793e+02   1.6791640e+02   1.6872084e+02   1.3280646e+02   1.0555356e+02   8.3013635e+01   1.7158550e+02   8.8400512e+01   1.1887652e+02   6.3660510e+01   1.8209915e+02   1.6968112e+02   1.3714004e+02   3.5517853e+01   9.8770036e+01   1.4400697e+02   1.0656602e+02   1.6820510e+02   1.1061471e+02   1.5003428e+02   1.4157179e+02   6.6924769e+01   1.3496561e+02   1.7126958e+02   1.6083169e+02   8.0127257e+01   1.0870813e+02   1.3340034e+02   9.5047607e+01   1.6472089e+02   1.8359833e+02   1.8250137e+02   1.9414529e+02   8.1555537e+01   1.5200000e+02   1.6259025e+02   1.4351224e+02   3.2706366e+01   1.1553152e+02   1.4650972e+01   2.0105174e+02   8.1500000e+01   9.4414855e+01   6.7582039e+01   1.5680259e+02   9.7907649e+01   7.6985293e+01   1.5956367e+02   3.6624784e+01   1.8353688e+02   5.7103887e+01   1.3814084e+02   1.0905068e+02   1.8696514e+02   3.0387288e+01   3.3636083e+01   9.8172924e+01   8.5379326e+01   9.5900472e+01   1.7000664e+02   1.4189042e+02   1.0267632e+02   1.8838361e+02   2.1338666e+01   1.5848497e+02   1.5537091e+02   5.9669249e+01   5.5817267e+01   1.0022462e+02   1.5702556e+02   1.9527487e+02   1.0709503e+02   1.2392001e+02   1.6988713e+02   1.9036113e+02   6.4912732e+01   2.9157460e+01   1.4824048e+02   1.6850670e+02   1.0303902e+02   8.7964278e+01
  1.1693131e+02   1.2325280e+02   1.0551071e+02   5.2288030e+01   1.4476538e+02   8.6406926e+01   1.2162906e+02   1.0610895e+02   0.0000000e+00   1.7021889e+02   7.7935457e+01   4.7426407e+00   1.0104477e+02   9.4654129e+01   1.1739418e+02   7.1651247e+01   5.3000000e+01   1.1936968e+02   1.7993035e+02   1.4372447e+02   1.1106602e+01   8.3258685e+01   6.3571388e+01   9.3801929e+01   1.7446120e+02   1.4581431e+02   1.1918024e+02   8.1068294e+01   1.4329317e+01   4.4232139e+01   7.9929214e+01   6.4139610e+01   3.3805405e+01   1.1268957e+02   1.7134862e+02   1.1608763e+02   6.6846584e+00   6.2655048e+01   1.1434200e+02   7.0100647e+01   5.5817267e+01   1.3005694e+02   1.0551071e+02   1.4264429e+02   5.5244863e+01   1.4157179e+02   1.0352063e+02   1.0104477e+02   9.0749654e+01   6.0218088e+01   1.3480655e+02   7.8859747e+01   9.1308865e+01   2.9314059e+01   5.2892748e+01   5.6984511e+01   6.4157286e+01   7.5739617e+01   9.9868330e+00   1.1946428e+02   1.2707903e+02   1.4581431e+02   1.2218504e+02   5.0452477e+01   6.1706617e+01   9.2464278e+00   4.6415684e+01   1.2232364e+02   7.7058801e+01   9.7490979e+01   7.8802299e+01   7.4061199e+01   1.5236343e+02   8.1721918e+01   1.1324972e+02   1.1458878e+02   1.6917498e+02   9.0412457e+01   1.0852083e+02   1.2640175e+02   3.9442265e+01   2.7541635e+01   1.6130112e+02   8.6642324e+01   5.2892748e+01   5.0090826e+01   5.3765843e+01   6.3802844e+01   1.0562306e+01   1.4153191e+02   1.3936144e+02   4.7000000e+01   1.5613178e+02   6.9646583e+01   1.5935843e+02   1.0767392e+02   7.9246428e+01   7.2061163e+01   6.8514704e+01   1.1106602e+01   5.9000000e+01
  9.2196510e+01   5.7991304e+01   1.1865773e+02   1.3073248e+02   2.6306976e+01   9.3765749e+01   1.3550833e+02   1.0211324e+02   1.7021889e+02   0.0000000e+00   1.5754219e+02   1.7446120e+02   1.2035929e+02   8.9923151e+01   1.3713180e+02   1.7152631e+02   1.3876876e+02   1.4007256e+02   2.8036340e+01   2.7037709e+01   1.7041763e+02   1.9029594e+02   2.2059657e+02   1.2968301e+02   4.7426407e+00   2.4918231e+01   1.6134309e+02   9.8552282e+01   1.7788729e+02   1.3130138e+02   2.2400503e+02   2.2404530e+02   2.0311108e+02   6.9760378e+01   8.0000000e+00   1.2364625e+02   1.6705405e+02   2.2282915e+02   8.4097249e+01   1.7404034e+02   1.7425414e+02   4.1688591e+01   1.2162906e+02   1.3838582e+02   2.1680187e+02   2.9157460e+01   9.3269877e+01   1.2380146e+02   9.3862198e+01   2.2713903e+02   1.6556135e+02   2.2767449e+02   2.5902708e+02   1.4166745e+02   1.9498008e+02   2.1890330e+02   1.6970771e+02   1.2392001e+02   1.7870354e+02   9.3548375e+01   2.0311108e+02   2.5101829e+01   5.9840121e+01   1.2047187e+02   2.3095878e+02   1.6177616e+02   1.2463803e+02   1.4000806e+02   1.3189349e+02   2.0308887e+02   1.5566846e+02   1.5377182e+02   3.6996575e+01   2.3726254e+02   1.2963946e+02   7.0358786e+01   5.9083269e+00   8.7771129e+01   7.6394664e+01   1.5200000e+02   1.9196018e+02   1.5089697e+02   1.4785162e+02   1.1630155e+02   2.1626028e+02   2.0960344e+02   1.4674038e+02   1.4842312e+02   1.6066320e+02   1.1763454e+02   1.8052500e+02   1.4073997e+02   5.3171150e+01   2.3916975e+02   1.5295491e+02   6.3087938e+01   1.0726376e+02   1.6958134e+02   2.3809735e+02   1.6177616e+02   1.1785523e+02
  7.1651247e+01   1.0011175e+02   1.5147185e+02   1.0193594e+02   1.3329025e+02   1.1291997e+02   1.7337134e+02   5.9172822e+01   7.7935457e+01   1.5754219e+02   0.0000000e+00   7.9716476e+01   4.2979407e+01   1.2148037e+02   1.7031166e+02   1.4271551e+02   3.5032593e+01   1.7318251e+02   1.7760167e+02   1.3523307e+02   8.7771129e+01   1.5777126e+02   1.3788723e+02   1.4569814e+02   1.6130812e+02   1.3586617e+02   1.8065618e+02   1.0970165e+02   9.1618055e+01   5.5429500e+01   1.5668018e+02   1.3690106e+02   9.9908249e+01   8.8285249e+01   1.5518193e+02   1.6355904e+02   8.1694212e+01   1.3541664e+02   1.4166745e+02   1.4210508e+02   1.2947383e+02   1.1846716e+02   1.5289587e+02   1.9241209e+02   1.2800000e+02   1.3229530e+02   1.3521637e+02   1.4971796e+02   1.1956826e+02   1.2653571e+02   1.9521132e+02   1.5475952e+02   1.5157614e+02   6.8415389e+01   1.3030851e+02   1.2926432e+02   1.3550000e+02   3.5130189e+01   8.5419079e+01   7.2202510e+01   1.9892001e+02   1.3474791e+02   1.3441228e+02   7.1015956e+01   1.1052272e+02   7.2951708e+01   7.8297815e+01   1.7571772e+02   2.6394015e+01   1.7286299e+02   2.6213203e+00   1.3838582e+02   1.5685297e+02   1.5514556e+02   4.6120719e+01   8.7784019e+01   1.5418962e+02   1.1258925e+02   1.2905446e+02   1.8359833e+02   1.1673790e+02   9.0224579e+01   2.1114722e+02   4.1770449e+01   1.2460177e+02   1.2464709e+02   2.8077164e+01   1.7602631e+01   7.7717226e+01   1.8350615e+02   2.0355480e+02   1.0446634e+02   1.6852678e+02   1.2608861e+02   2.1131805e+02   1.0701056e+02   5.3085644e+01   1.4246214e+02   1.2460177e+02   8.1068294e+01   9.6710706e+01
  1.2062181e+02   1.2739858e+02   1.0859371e+02   5.5817267e+01   1.4900758e+02   9.0399944e+01   1.2423864e+02   1.0967074e+02   4.7426407e+00   1.7446120e+02   7.9716476e+01   0.0000000e+00   1.0417377e+02   9.8586696e+01   1.1994559e+02   7.2531243e+01   5.6081022e+01   1.2184249e+02   1.8411985e+02   1.4796610e+02   1.1923660e+01   8.3258685e+01   6.0500000e+01   9.6605411e+01   1.7870354e+02   1.5005685e+02   1.2098651e+02   8.5047324e+01   1.2593387e+01   4.8170746e+01   7.7629761e+01   6.0799254e+01   2.9624732e+01   1.1678628e+02   1.7558926e+02   1.1900949e+02   9.6241438e+00   5.9306887e+01   1.1815203e+02   7.0808250e+01   5.6303226e+01   1.3429462e+02   1.0851042e+02   1.4527914e+02   5.1851728e+01   1.4581431e+02   1.0725322e+02   1.0400000e+02   9.4654129e+01   5.6242713e+01   1.3663688e+02   7.6231433e+01   8.7202076e+01   3.3534073e+01   5.1500000e+01   5.3533009e+01   6.5069730e+01   7.9017514e+01   6.5000000e+00   1.2311525e+02   1.2746948e+02   1.5005685e+02   1.2629448e+02   5.4687176e+01   5.7519733e+01   1.3403488e+01   5.0632325e+01   1.2481010e+02   8.0000000e+01   9.7165661e+01   8.0676368e+01   7.5933746e+01   1.5651442e+02   7.8557671e+01   1.1608763e+02   1.1865773e+02   1.7341689e+02   9.4474731e+01   1.1252901e+02   1.2856346e+02   3.7547267e+01   3.0835623e+01   1.6385544e+02   9.0023740e+01   4.9336462e+01   4.7000000e+01   5.6323382e+01   6.6106783e+01   1.4650972e+01   1.4462495e+02   1.4078008e+02   5.0090826e+01   1.6015666e+02   6.5417255e+01   1.6177616e+02   1.1191477e+02   8.3040899e+01   7.3060320e+01   6.4280875e+01   1.4730249e+01   6.2943975e+01
  3.0046573e+01   6.3571388e+01   1.4264429e+02   1.0382594e+02   9.8046143e+01   9.9420423e+01   1.6596299e+02   1.8748288e+01   1.0104477e+02   1.2035929e+02   4.2979407e+01   1.0417377e+02   0.0000000e+00   1.0640680e+02   1.6389676e+02   1.5202970e+02   4.8593659e+01   1.6710807e+02   1.4307103e+02   1.0101119e+02   1.0859371e+02   1.6984063e+02   1.6411005e+02   1.4108449e+02   1.2380146e+02   1.0101119e+02   1.7930227e+02   9.8103791e+01   1.1450000e+02   6.2000000e+01   1.7940291e+02   1.6443978e+02   1.2997007e+02   5.3085644e+01   1.1699893e+02   1.5438713e+02   1.0254411e+02   1.6294384e+02   1.2372845e+02   1.5236343e+02   1.4246214e+02   8.4620449e+01   1.4474978e+02   1.8239626e+02   1.5546532e+02   9.8011538e+01   1.2050000e+02   1.4269177e+02   1.0593837e+02   1.5760665e+02   1.9217159e+02   1.7905671e+02   1.8573634e+02   7.9929214e+01   1.5008693e+02   1.5708305e+02   1.4569814e+02   2.6175864e+01   1.1016426e+02   3.0084624e+01   2.0577542e+02   9.9545444e+01   1.0970165e+02   7.0278220e+01   1.4674808e+02   9.3512096e+01   7.9702273e+01   1.6917498e+02   2.5238634e+01   1.8549324e+02   4.0860872e+01   1.4273924e+02   1.2629448e+02   1.8222300e+02   1.6445219e+01   5.1500000e+01   1.1641807e+02   9.6804206e+01   1.0934048e+02   1.7900630e+02   1.3870365e+02   1.0236756e+02   2.0009021e+02   1.7270510e+01   1.5274076e+02   1.5061995e+02   4.9977268e+01   4.3453463e+01   9.6687317e+01   1.6946819e+02   2.0300000e+02   1.1001027e+02   1.4058747e+02   1.6085274e+02   2.0159513e+02   8.0211982e+01   3.3534073e+01   1.5119589e+02   1.5942215e+02   9.9783684e+01   9.3693347e+01
  9.5900472e+01   7.1191230e+01   3.9413365e+01   4.5500000e+01   6.9336763e+01   9.5000000e+00   6.2510080e+01   9.4904714e+01   9.4654129e+01   8.9923151e+01   1.2148037e+02   9.8586696e+01   1.0640680e+02   0.0000000e+00   6.1559397e+01   8.2136389e+01   8.9050833e+01   6.4912732e+01   9.0961318e+01   6.5624880e+01   9.1122845e+01   1.0107833e+02   1.3429462e+02   4.4411844e+01   9.3862198e+01   6.8531243e+01   8.2108823e+01   1.4329317e+01   9.8000000e+01   7.1143471e+01   1.3533323e+02   1.3840214e+02   1.2423864e+02   6.9597757e+01   9.3946509e+01   5.0022722e+01   8.9759453e+01   1.3732927e+02   2.1500000e+01   8.4620449e+01   8.5405830e+01   6.0500000e+01   4.2096274e+01   7.6867532e+01   1.3209027e+02   6.4930195e+01   1.4650972e+01   4.1770449e+01   4.7426407e+00   1.4457030e+02   9.1753767e+01   1.3948291e+02   1.7605127e+02   7.0808250e+01   1.0732696e+02   1.3421051e+02   8.0338900e+01   9.0399944e+01   1.0112306e+02   9.9204103e+01   1.1934128e+02   6.9646583e+01   3.1712978e+01   5.4520829e+01   1.5482514e+02   8.7784019e+01   5.2048521e+01   6.6363495e+01   9.9192705e+01   1.1439140e+02   1.2050937e+02   6.4580028e+01   6.2164414e+01   1.4995902e+02   1.2208330e+02   7.2951708e+01   9.1110430e+01   1.0104686e+01   1.5349242e+01   7.7644345e+01   1.0658723e+02   6.9711632e+01   9.4222996e+01   9.1618055e+01   1.3229530e+02   1.2463803e+02   9.7907649e+01   1.0563919e+02   8.4620449e+01   6.3785069e+01   1.0496291e+02   5.4687176e+01   6.2510080e+01   1.5942215e+02   9.5982983e+01   3.9064880e+01   7.4594534e+01   8.0211982e+01   1.5859175e+02   8.4419604e+01   3.6154593e+01
  1.5651442e+02   1.3169642e+02   2.2647235e+01   7.0423172e+01   1.2292242e+02   6.6243821e+01   5.2434165e+00   1.5442368e+02   1.1739418e+02   1.3713180e+02   1.7031166e+02   1.1994559e+02   1.6389676e+02   6.1559397e+01   0.0000000e+00   6.1780095e+01   1.3581630e+02   3.8541020e+00   1.2710569e+02   1.1811377e+02   1.0900922e+02   7.2515623e+01   1.2725666e+02   2.5329418e+01   1.4029002e+02   1.2109851e+02   2.4918231e+01   6.6568147e+01   1.1308996e+02   1.1549239e+02   1.1754807e+02   1.3288297e+02   1.3579967e+02   1.3065472e+02   1.4300789e+02   1.4000000e+01   1.1123617e+02   1.3238063e+02   5.5018346e+01   6.5121978e+01   7.6171990e+01   1.1800851e+02   2.0057607e+01   2.6000000e+01   1.3010035e+02   1.1845762e+02   4.9840653e+01   2.1713203e+01   6.0443724e+01   1.4602319e+02   3.0872685e+01   1.2404756e+02   1.7325416e+02   1.0607699e+02   9.9647617e+01   1.3196197e+02   6.6020989e+01   1.4416367e+02   1.1934128e+02   1.5984632e+02   6.7883232e+01   1.2274770e+02   8.0690398e+01   9.9930881e+01   1.6647891e+02   1.1439140e+02   9.2600489e+01   5.9083269e+00   1.5206682e+02   7.9017514e+01   1.6984728e+02   4.7600955e+01   1.0171388e+02   1.3736216e+02   1.7983000e+02   1.3400843e+02   1.4000806e+02   7.0471423e+01   6.7464543e+01   1.6655494e+01   1.0729537e+02   9.1122845e+01   4.4411844e+01   1.4793558e+02   1.3220137e+02   1.2311525e+02   1.4357516e+02   1.5330870e+02   1.0935082e+02   3.3534073e+01   4.4921279e+01   7.1809186e+01   9.0749654e+01   1.6466607e+02   4.2740384e+01   9.9386298e+01   1.3096551e+02   5.9840121e+01   1.6435741e+02   1.0729537e+02   7.4137626e+01
  1.5613178e+02   1.4469518e+02   6.3159796e+01   5.0564958e+01   1.5050000e+02   7.9446184e+01   6.6517043e+01   1.4930272e+02   7.1651247e+01   1.7152631e+02   1.4271551e+02   7.2531243e+01   1.5202970e+02   8.2136389e+01   6.1780095e+01   0.0000000e+00   1.1036924e+02   6.2164414e+01   1.7002655e+02   1.4707848e+02   6.1245370e+01   2.0057607e+01   6.5986640e+01   4.8241491e+01   1.7542856e+02   1.4993644e+02   5.3021424e+01   7.5514999e+01   6.2219122e+01   9.1741438e+01   5.7932569e+01   7.1651247e+01   7.9659649e+01   1.3853260e+02   1.7556356e+02   6.7916615e+01   6.5900688e+01   7.1191230e+01   9.1618055e+01   3.8541020e+00   1.7602631e+01   1.3994354e+02   6.1189785e+01   8.6013157e+01   6.9336763e+01   1.4618545e+02   8.0507812e+01   5.6804973e+01   7.8297815e+01   8.5577905e+01   6.8266142e+01   6.3802844e+01   1.1199552e+02   7.5394926e+01   3.8742646e+01   7.1111614e+01   8.0000000e+00   1.2737198e+02   6.9597757e+01   1.5935843e+02   5.6804973e+01   1.5092689e+02   1.1259929e+02   8.2562476e+01   1.0859371e+02   7.2749567e+01   7.3075822e+01   6.5017440e+01   1.3267886e+02   3.5130189e+01   1.4300000e+02   1.8809833e+01   1.4153191e+02   7.6661014e+01   1.6712833e+02   1.4157179e+02   1.7273893e+02   8.5630782e+01   9.5841491e+01   6.3944858e+01   4.8593659e+01   5.3000000e+01   1.0234547e+02   1.3533323e+02   7.1777626e+01   6.2655048e+01   1.1541410e+02   1.2622291e+02   6.7397309e+01   9.3765749e+01   6.9760378e+01   4.2740384e+01   1.3670297e+02   1.0469333e+02   9.8563755e+01   1.1615574e+02   1.2104252e+02   2.6213203e+00   1.0453125e+02   6.4280875e+01   6.3660510e+01
  6.7582039e+01   8.3908633e+01   1.1723046e+02   6.7531709e+01   1.1319982e+02   8.0226094e+01   1.3892326e+02   5.5654329e+01   5.3000000e+01   1.3876876e+02   3.5032593e+01   5.6081022e+01   4.8593659e+01   8.9050833e+01   1.3581630e+02   1.1036924e+02   0.0000000e+00   1.3867109e+02   1.5518193e+02   1.1396585e+02   6.0966933e+01   1.2661602e+02   1.1603895e+02   1.1117520e+02   1.4284202e+02   1.1522794e+02   1.4627808e+02   7.6542751e+01   6.6568147e+01   2.0902206e+01   1.3185924e+02   1.1635012e+02   8.2356582e+01   7.1951032e+01   1.3787904e+02   1.2929926e+02   5.4832311e+01   1.1485471e+02   1.0975315e+02   1.1009243e+02   9.8460451e+01   9.7768957e+01   1.1857201e+02   1.5814279e+02   1.0737961e+02   1.1123617e+02   1.0236756e+02   1.1530636e+02   8.6733694e+01   1.1001027e+02   1.6074044e+02   1.3121534e+02   1.3903700e+02   3.5485711e+01   1.0317059e+02   1.0900922e+02   1.0340044e+02   2.3786262e+01   6.2073127e+01   6.9646583e+01   1.6615325e+02   1.1453947e+02   1.0588501e+02   3.6749138e+01   1.0190266e+02   4.5724440e+01   4.3766615e+01   1.4122047e+02   2.4686773e+01   1.4205741e+02   3.4705263e+01   1.0463933e+02   1.3148187e+02   1.3413476e+02   6.0966933e+01   7.2749567e+01   1.3633078e+02   8.0690398e+01   9.8184441e+01   1.4906817e+02   9.1110430e+01   5.8206152e+01   1.7694617e+02   3.5130189e+01   1.0469333e+02   1.0254411e+02   9.5000000e+00   1.7992856e+01   4.9336462e+01   1.4993644e+02   1.6930832e+02   7.0632018e+01   1.4097242e+02   1.1473660e+02   1.7697167e+02   8.1277472e+01   3.3397568e+01   1.0991778e+02   1.1335943e+02   5.2569665e+01   6.2273781e+01
  1.5984632e+02   1.3504089e+02   2.6000000e+01   7.2998276e+01   1.2608861e+02   6.9565187e+01   5.9083269e+00   1.5771403e+02   1.1936968e+02   1.4007256e+02   1.7318251e+02   1.2184249e+02   1.6710807e+02   6.4912732e+01   3.8541020e+00   6.2164414e+01   1.3867109e+02   0.0000000e+00   1.2968301e+02   1.2125699e+02   1.1082905e+02   7.2061163e+01   1.2763772e+02   2.8036340e+01   1.4319723e+02   1.2423864e+02   2.2340330e+01   6.9841546e+01   1.1474644e+02   1.1832402e+02   1.1734605e+02   1.3331566e+02   1.3713180e+02   1.3400843e+02   1.4600000e+02   1.7068042e+01   1.1319982e+02   1.3284897e+02   5.8206152e+01   6.5486537e+01   7.6985293e+01   1.2128493e+02   2.3396506e+01   2.4686773e+01   1.3074976e+02   1.2162906e+02   5.3171150e+01   2.4918231e+01   6.3785069e+01   1.4677115e+02   2.7541635e+01   1.2394736e+02   1.7365095e+02   1.0863533e+02   1.0022462e+02   1.3258520e+02   6.6721220e+01   1.4725490e+02   1.2109851e+02   1.6317913e+02   6.5486537e+01   1.2590036e+02   8.3868159e+01   1.0286332e+02   1.6767431e+02   1.1655387e+02   9.5427604e+01   3.5000000e+00   1.5511646e+02   7.7935457e+01   1.7273893e+02   4.8710476e+01   1.0453125e+02   1.3735394e+02   1.8304452e+02   1.3736216e+02   1.4300000e+02   7.3816096e+01   7.0760231e+01   1.3316006e+01   1.0827059e+02   9.3269877e+01   4.2607007e+01   1.5111374e+02   1.3294244e+02   1.2383795e+02   1.4637066e+02   1.5616069e+02   1.1146959e+02   3.4441125e+01   4.1688591e+01   7.4061199e+01   9.3269877e+01   1.6553409e+02   4.0524992e+01   1.0273136e+02   1.3416002e+02   6.0274577e+01   1.6525436e+02   1.0935082e+02   7.7058801e+01
  1.1624325e+02   8.0014150e+01   1.1164180e+02   1.3520802e+02   4.5524993e+01   9.7025903e+01   1.2464709e+02   1.2500904e+02   1.7993035e+02   2.8036340e+01   1.7760167e+02   1.8411985e+02   1.4307103e+02   9.0961318e+01   1.2710569e+02   1.7002655e+02   1.5518193e+02   1.2968301e+02   0.0000000e+00   4.2926407e+01   1.7854564e+02   1.8773581e+02   2.2472366e+02   1.2464709e+02   2.7206741e+01   4.2607007e+01   1.5149421e+02   1.0232338e+02   1.8583348e+02   1.4472638e+02   2.2526488e+02   2.2874165e+02   2.1180310e+02   9.0811959e+01   3.5032593e+01   1.1403524e+02   1.7600641e+02   2.2763982e+02   7.9031841e+01   1.7286299e+02   1.7540926e+02   5.9688259e+01   1.1444077e+02   1.2358229e+02   2.2220081e+02   4.5898238e+01   9.0023740e+01   1.1750000e+02   9.5190285e+01   2.3399946e+02   1.5324980e+02   2.2970079e+02   2.6574140e+02   1.5236343e+02   1.9775428e+02   2.2432192e+02   1.6940826e+02   1.4318935e+02   1.8771178e+02   1.1797021e+02   1.9442395e+02   4.4025854e+01   5.9934838e+01   1.3169642e+02   2.4113666e+02   1.7192710e+02   1.3407582e+02   1.2905446e+02   1.5171012e+02   1.9913534e+02   1.7585250e+02   1.5176963e+02   2.9314059e+01   2.4039216e+02   1.5368371e+02   9.2110589e+01   3.3431748e+01   9.1741438e+01   7.6171990e+01   1.4057141e+02   1.9679378e+02   1.5783563e+02   1.3020447e+02   1.3690106e+02   2.2218051e+02   2.1479536e+02   1.6367629e+02   1.6679041e+02   1.7000664e+02   1.0259922e+02   1.6831910e+02   1.4481216e+02   3.6996575e+01   2.4767706e+02   1.3590772e+02   7.4988254e+01   1.2564891e+02   1.6797015e+02   2.4672398e+02   1.7060952e+02   1.2370106e+02
  7.5229512e+01   3.8269035e+01   9.8011538e+01   1.0469333e+02   5.9083269e+00   6.8465065e+01   1.1717262e+02   8.3122636e+01   1.4372447e+02   2.7037709e+01   1.3523307e+02   1.4796610e+02   1.0101119e+02   6.5624880e+01   1.1811377e+02   1.4707848e+02   1.1396585e+02   1.2125699e+02   4.2926407e+01   0.0000000e+00   1.4388148e+02   1.6616004e+02   1.9437174e+02   1.0751635e+02   3.1277427e+01   3.5000000e+00   1.4169933e+02   7.2998276e+01   1.5135258e+02   1.0533916e+02   1.9839202e+02   1.9773146e+02   1.7658237e+02   4.8523432e+01   2.9353076e+01   1.0469333e+02   1.4052321e+02   1.9650128e+02   6.3660510e+01   1.4944630e+02   1.4884841e+02   1.7270510e+01   1.0101119e+02   1.2336273e+02   1.9040853e+02   3.5000000e+00   7.1143471e+01   1.0254411e+02   6.9320418e+01   2.0062496e+02   1.4772941e+02   2.0185789e+02   2.3251078e+02   1.1522794e+02   1.6906824e+02   1.9250586e+02   1.4481216e+02   1.0091041e+02   1.5217811e+02   7.7293554e+01   1.8215489e+02   5.2434165e+00   3.8029988e+01   9.4054797e+01   2.0454411e+02   1.3530820e+02   9.8103791e+01   1.2162906e+02   1.0935082e+02   1.7949721e+02   1.3346804e+02   1.2969172e+02   2.9624732e+01   2.1118994e+02   1.1231793e+02   5.0022722e+01   2.6739284e+01   6.2346584e+01   5.3341745e+01   1.3372162e+02   1.6567037e+02   1.2442942e+02   1.3544165e+02   9.4474731e+01   1.8981521e+02   1.8324162e+02   1.2223126e+02   1.2479199e+02   1.3414318e+02   1.0356430e+02   1.6236800e+02   1.1473660e+02   4.7361498e+01   2.1264264e+02   1.3977401e+02   3.6562446e+01   8.3543663e+01   1.4519364e+02   2.1157404e+02   1.3524142e+02   9.1618055e+01
  1.2259115e+02   1.2597211e+02   9.8414504e+01   4.7024187e+01   1.4531022e+02   8.3340208e+01   1.1335943e+02   1.1231793e+02   1.1106602e+01   1.7041763e+02   8.7771129e+01   1.1923660e+01   1.0859371e+02   9.1122845e+01   1.0900922e+02   6.1245370e+01   6.0966933e+01   1.1082905e+02   1.7854564e+02   1.4388148e+02   0.0000000e+00   7.2656081e+01   5.6984511e+01   8.6000000e+01   1.7465510e+02   1.4612366e+02   1.0959858e+02   7.7935457e+01   8.0000000e+00   4.9336462e+01   7.1397814e+01   5.8400777e+01   3.3805405e+01   1.1595129e+02   1.7200583e+02   1.0854166e+02   6.6846584e+00   5.6964591e+01   1.1001027e+02   5.9612181e+01   4.5249302e+01   1.3100862e+02   9.8184441e+01   1.3441228e+02   4.9840653e+01   1.4189042e+02   9.8827260e+01   9.3608807e+01   8.7059228e+01   5.7519733e+01   1.2525276e+02   7.1000000e+01   8.9304561e+01   3.2284430e+01   4.3190748e+01   5.1764022e+01   5.3765843e+01   8.3013635e+01   1.1106602e+01   1.2527981e+02   1.1650539e+02   1.4627808e+02   1.1994559e+02   5.2222819e+01   6.4227937e+01   1.5797059e+01   4.6415684e+01   1.1380710e+02   8.5153706e+01   8.6942177e+01   8.8541184e+01   6.4580028e+01   1.5050000e+02   7.5229512e+01   1.2143387e+02   1.1808508e+02   1.6970771e+02   8.7874195e+01   1.0545713e+02   1.1731716e+02   3.0649627e+01   2.1976732e+01   1.5289587e+02   9.3548375e+01   4.8170746e+01   4.3792609e+01   6.2727406e+01   7.3075822e+01   1.2593387e+01   1.3441228e+02   1.2936039e+02   4.0214607e+01   1.5306556e+02   6.9646583e+01   1.5069487e+02   1.0788366e+02   8.4633822e+01   6.1724995e+01   6.8679909e+01   9.9868330e+00   5.5837600e+01
  1.7510026e+02   1.6424752e+02   7.8514422e+01   6.9760378e+01   1.6968777e+02   9.8770036e+01   7.7058801e+01   1.6791640e+02   8.3258685e+01   1.9029594e+02   1.5777126e+02   8.3258685e+01   1.6984063e+02   1.0107833e+02   7.2515623e+01   2.0057607e+01   1.2661602e+02   7.2061163e+01   1.8773581e+02   1.6616004e+02   7.2656081e+01   0.0000000e+00   6.0574953e+01   6.4157286e+01   1.9414529e+02   1.6904154e+02   5.7420998e+01   9.4952369e+01   7.1761841e+01   1.0885359e+02   4.6194639e+01   6.6568147e+01   8.3814164e+01   1.5800714e+02   1.9451095e+02   8.1138080e+01   7.8109600e+01   6.6517043e+01   1.0920603e+02   1.8562392e+01   2.8801943e+01   1.5935843e+02   7.6171990e+01   9.4414855e+01   6.6772166e+01   1.6534311e+02   9.8460451e+01   7.2202510e+01   9.7340074e+01   8.3217894e+01   7.0808250e+01   5.3171150e+01   1.0555356e+02   9.1753767e+01   3.8447332e+01   6.8149834e+01   2.4918231e+01   1.4481216e+02   7.9246428e+01   1.7829904e+02   4.5524993e+01   1.7007963e+02   1.3113786e+02   1.0091041e+02   1.0967074e+02   8.6013157e+01   9.1457408e+01   7.4594534e+01   1.4960483e+02   1.6160460e+01   1.5822841e+02   3.7027387e+01   1.5948585e+02   6.6907831e+01   1.8466433e+02   1.6102803e+02   1.9166027e+02   1.0495214e+02   1.1444077e+02   7.0423172e+01   5.2157526e+01   6.8926968e+01   1.0866654e+02   1.5324980e+02   7.0084481e+01   6.1411822e+01   1.3093102e+02   1.4173119e+02   8.0900560e+01   1.0550000e+02   6.8016665e+01   6.1411822e+01   1.5362495e+02   1.0277536e+02   1.0394564e+02   1.3564159e+02   1.3947482e+02   2.1713203e+01   1.0289629e+02   7.7600584e+01   8.3054527e+01
  1.7907561e+02   1.8073110e+02   1.2629448e+02   9.0500000e+01   1.9654719e+02   1.2841403e+02   1.3199620e+02   1.6872084e+02   6.3571388e+01   2.2059657e+02   1.3788723e+02   6.0500000e+01   1.6411005e+02   1.3429462e+02   1.2725666e+02   6.5986640e+01   1.1603895e+02   1.2763772e+02   2.2472366e+02   1.9437174e+02   5.6984511e+01   6.0574953e+01   0.0000000e+00   1.1138846e+02   2.2476881e+02   1.9688546e+02   1.1641807e+02   1.2325280e+02   5.0362310e+01   1.0582094e+02   2.3930749e+01   6.5000000e+00   4.0101136e+01   1.7132886e+02   2.2311233e+02   1.3265332e+02   6.2655048e+01   6.6846584e+00   1.4923466e+02   6.2655048e+01   5.2978567e+01   1.8320468e+02   1.2478294e+02   1.5136749e+02   1.1316654e+01   1.9274008e+02   1.3752646e+02   1.2013382e+02   1.3005694e+02   2.4733242e+01   1.3055095e+02   1.8809833e+01   4.6513585e+01   8.8541184e+01   2.8801943e+01   1.1106602e+01   6.2219122e+01   1.3879317e+02   5.4500000e+01   1.8175810e+02   1.0140218e+02   1.9734321e+02   1.6531581e+02   1.0725322e+02   5.4270345e+01   7.1397814e+01   9.9964818e+01   1.3047307e+02   1.4000000e+02   6.6106783e+01   1.3909383e+02   8.1680355e+01   1.9594948e+02   1.8748288e+01   1.7605768e+02   1.7365095e+02   2.2059146e+02   1.3403370e+02   1.4912873e+02   1.2856346e+02   2.9353076e+01   7.1635434e+01   1.6712833e+02   1.4961237e+02   1.5500000e+01   1.4000000e+01   1.1615574e+02   1.2557698e+02   6.9058369e+01   1.5890455e+02   1.2800882e+02   8.0620222e+01   1.9474276e+02   4.3792609e+01   1.6288842e+02   1.5922382e+02   1.4111650e+02   6.7916615e+01   4.4180659e+01   6.6397648e+01   1.0325821e+02
  1.3603228e+02   1.1473660e+02   1.5500000e+01   4.5624827e+01   1.1175309e+02   4.6513585e+01   2.8960499e+01   1.3280646e+02   9.3801929e+01   1.2968301e+02   1.4569814e+02   9.6605411e+01   1.4108449e+02   4.4411844e+01   2.5329418e+01   4.8241491e+01   1.1117520e+02   2.8036340e+01   1.2464709e+02   1.0751635e+02   8.6000000e+01   6.4157286e+01   1.1138846e+02   0.0000000e+00   1.3329025e+02   1.1050227e+02   3.9413365e+01   4.5449972e+01   9.0699778e+01   9.0811959e+01   1.0563919e+02   1.1662170e+02   1.1467749e+02   1.1199552e+02   1.3466408e+02   2.3199119e+01   8.7706651e+01   1.1591230e+02   4.6513585e+01   5.1455863e+01   5.8923026e+01   1.0417377e+02   1.3916408e+01   4.9635018e+01   1.1259929e+02   1.0726376e+02   3.6996575e+01   9.2464278e+00   4.1987950e+01   1.2779690e+02   5.1588159e+01   1.1131742e+02   1.5680259e+02   8.1277472e+01   8.3109019e+01   1.1458878e+02   5.0022722e+01   1.2039683e+02   9.6511718e+01   1.3938574e+02   7.5559976e+01   1.1186427e+02   7.0535705e+01   7.5500000e+01   1.4582206e+02   9.0262186e+01   6.7916615e+01   3.0686918e+01   1.2806175e+02   7.4988254e+01   1.4527914e+02   3.0500000e+01   9.6885943e+01   1.2380146e+02   1.5702556e+02   1.1532596e+02   1.3171357e+02   5.1807894e+01   5.4687176e+01   3.8742646e+01   8.8285249e+01   6.7110810e+01   6.8531243e+01   1.2481915e+02   1.1415408e+02   1.0528550e+02   1.1883850e+02   1.2866006e+02   8.5352814e+01   4.9635018e+01   6.3015998e+01   4.7600955e+01   9.0023740e+01   1.4565164e+02   6.7397309e+01   8.2877181e+01   1.0805115e+02   4.6120719e+01   1.4519364e+02   8.3489457e+01   4.9703658e+01
  9.5427604e+01   6.1706617e+01   1.2207405e+02   1.3488192e+02   3.0500000e+01   9.7826769e+01   1.3857335e+02   1.0555356e+02   1.7446120e+02   4.7426407e+00   1.6130812e+02   1.7870354e+02   1.2380146e+02   9.3862198e+01   1.4029002e+02   1.7542856e+02   1.4284202e+02   1.4319723e+02   2.7206741e+01   3.1277427e+01   1.7465510e+02   1.9414529e+02   2.2476881e+02   1.3329025e+02   0.0000000e+00   2.9157460e+01   1.6455639e+02   1.0264328e+02   1.8212392e+02   1.3550000e+02   2.2807526e+02   2.2823340e+02   2.0735321e+02   7.3554774e+01   8.5777472e+00   1.2682102e+02   1.7129593e+02   2.2701987e+02   8.7577552e+01   1.7796338e+02   1.7829904e+02   4.5848649e+01   1.2503614e+02   1.4097242e+02   2.2100510e+02   3.3397568e+01   9.6932619e+01   1.2729215e+02   9.7826769e+01   2.3136847e+02   1.6850670e+02   2.3177743e+02   2.6325702e+02   1.4590719e+02   1.9910136e+02   2.2310728e+02   1.7367693e+02   1.2779690e+02   1.8294588e+02   9.6687317e+01   2.0648119e+02   2.9314059e+01   6.3589223e+01   1.2471051e+02   2.3519608e+02   1.6601737e+02   1.2887932e+02   1.4307103e+02   1.3570817e+02   2.0685225e+02   1.5942215e+02   1.5762813e+02   3.9615214e+01   2.4140766e+02   1.3280646e+02   7.4061199e+01   8.0000000e+00   9.1852340e+01   8.0211982e+01   1.5502912e+02   1.9614509e+02   1.5511646e+02   1.5003428e+02   1.2004915e+02   2.2047386e+02   2.1380084e+02   1.5077724e+02   1.5235602e+02   1.6490575e+02   1.2014322e+02   1.8350000e+02   1.4488231e+02   5.5100824e+01   2.4341202e+02   1.5524010e+02   6.7330008e+01   1.1123617e+02   1.7347543e+02   2.4233982e+02   1.6601737e+02   1.2203703e+02
  7.4746212e+01   3.8029988e+01   1.0101119e+02   1.0729537e+02   3.8541020e+00   7.1254858e+01   1.2014322e+02   8.3013635e+01   1.4581431e+02   2.4918231e+01   1.3586617e+02   1.5005685e+02   1.0101119e+02   6.8531243e+01   1.2109851e+02   1.4993644e+02   1.1522794e+02   1.2423864e+02   4.2607007e+01   3.5000000e+00   1.4612366e+02   1.6904154e+02   1.9688546e+02   1.1050227e+02   2.9157460e+01   0.0000000e+00   1.4469518e+02   7.5739617e+01   1.5360291e+02   1.0704225e+02   2.0107978e+02   2.0020290e+02   1.7874141e+02   4.8710476e+01   2.6739284e+01   1.0767392e+02   1.4269177e+02   1.9896536e+02   6.6653231e+01   1.5228933e+02   1.5158359e+02   1.8057050e+01   1.0401087e+02   1.2622291e+02   1.9283369e+02   4.7426407e+00   7.4137626e+01   1.0554285e+02   7.2202510e+01   2.0292776e+02   1.5069487e+02   2.0450000e+02   2.3480749e+02   1.1724973e+02   1.7169068e+02   1.9492801e+02   1.4762240e+02   1.0166941e+02   1.5432864e+02   7.6705315e+01   1.8515238e+02   2.6213203e+00   4.1027768e+01   9.6053650e+01   2.0654126e+02   1.3736216e+02   1.0029228e+02   1.2460177e+02   1.1001027e+02   1.8241482e+02   1.3407582e+02   1.3258520e+02   3.1423292e+01   2.1375865e+02   1.1199552e+02   5.0022722e+01   2.4217082e+01   6.5121978e+01   5.6323382e+01   1.3669471e+02   1.6815813e+02   1.2680321e+02   1.3818170e+02   9.4952369e+01   1.9220094e+02   1.8568774e+02   1.2340850e+02   1.2572979e+02   1.3628107e+02   1.0636430e+02   1.6534311e+02   1.1734605e+02   4.9336462e+01   2.1479536e+02   1.4255721e+02   3.8742646e+01   8.4459812e+01   1.4805762e+02   2.1371644e+02   1.3742790e+02   9.4150948e+01
  1.7494555e+02   1.5279987e+02   4.4411844e+01   7.9246428e+01   1.4637837e+02   8.5193565e+01   2.7541635e+01   1.7158550e+02   1.1918024e+02   1.6134309e+02   1.8065618e+02   1.2098651e+02   1.7930227e+02   8.2108823e+01   2.4918231e+01   5.3021424e+01   1.4627808e+02   2.2340330e+01   1.5149421e+02   1.4169933e+02   1.0959858e+02   5.7420998e+01   1.1641807e+02   3.9413365e+01   1.6455639e+02   1.4469518e+02   0.0000000e+00   8.4352549e+01   1.1219714e+02   1.2594521e+02   1.0302804e+02   1.2232364e+02   1.3185924e+02   1.5063494e+02   1.6710807e+02   3.8269035e+01   1.1303999e+02   1.2207405e+02   7.8557671e+01   5.6000000e+01   6.9760378e+01   1.4057141e+02   4.1442032e+01   3.8918745e+01   1.2109851e+02   1.4189042e+02   7.2013985e+01   4.0888736e+01   8.0211982e+01   1.3752646e+02   1.6160460e+01   1.1008216e+02   1.6206191e+02   1.1367796e+02   9.0699778e+01   1.2274770e+02   5.9306887e+01   1.5770687e+02   1.1918024e+02   1.7829904e+02   4.3688540e+01   1.4627808e+02   1.0417377e+02   1.1187437e+02   1.6111211e+02   1.1794147e+02   1.0343323e+02   2.3347319e+01   1.6493312e+02   5.9991596e+01   1.8045624e+02   4.5624827e+01   1.2608861e+02   1.2382883e+02   1.9521132e+02   1.5397720e+02   1.6411005e+02   9.0212039e+01   9.0023740e+01   1.4329317e+01   1.0110070e+02   9.5095190e+01   5.1764022e+01   1.6284685e+02   1.2382883e+02   1.1474644e+02   1.5324243e+02   1.6355904e+02   1.1259929e+02   5.4583269e+01   2.4217082e+01   7.7469150e+01   1.1510039e+02   1.5685297e+02   4.7072524e+01   1.2062181e+02   1.4630123e+02   5.1588159e+01   1.5675940e+02   1.1001027e+02   8.6577000e+01
  9.1122845e+01   7.1397814e+01   4.5047727e+01   3.3397568e+01   7.5993377e+01   5.9083269e+00   6.8415389e+01   8.8400512e+01   8.1068294e+01   9.8552282e+01   1.0970165e+02   8.5047324e+01   9.8103791e+01   1.4329317e+01   6.6568147e+01   7.5514999e+01   7.6542751e+01   6.9841546e+01   1.0232338e+02   7.2998276e+01   7.7935457e+01   9.4952369e+01   1.2325280e+02   4.5449972e+01   1.0264328e+02   7.5739617e+01   8.4352549e+01   0.0000000e+00   8.4954130e+01   5.7991304e+01   1.2597211e+02   1.2707903e+02   1.1117520e+02   6.7464543e+01   1.0181387e+02   5.6804973e+01   7.6305673e+01   1.2594521e+02   3.5130189e+01   7.7629761e+01   7.6350181e+01   6.4930195e+01   4.7217235e+01   8.5100532e+01   1.2039683e+02   7.1809186e+01   2.6394015e+01   4.5500000e+01   1.1000000e+01   1.3229530e+02   9.5770667e+01   1.2963946e+02   1.6396559e+02   5.6984511e+01   9.7025903e+01   1.2251742e+02   7.2624892e+01   8.0000000e+01   8.7771129e+01   9.4474731e+01   1.1817115e+02   7.6542751e+01   4.2979407e+01   4.1249233e+01   1.4153191e+02   7.4061199e+01   3.8269035e+01   7.1761841e+01   8.8502841e+01   1.0916462e+02   1.0885359e+02   5.9172822e+01   7.3754693e+01   1.3948291e+02   1.1399559e+02   7.0760231e+01   9.9112879e+01   1.1316654e+01   2.8036340e+01   8.2108823e+01   9.5047607e+01   5.6664936e+01   1.0325821e+02   8.2507622e+01   1.2035929e+02   1.1301000e+02   8.5273227e+01   9.3475803e+01   7.1015956e+01   7.4366434e+01   1.0788366e+02   4.3138011e+01   7.5679785e+01   1.4662495e+02   1.0430390e+02   4.1249233e+01   6.5417255e+01   7.3754693e+01   1.4575237e+02   7.0936141e+01   2.2647235e+01
  1.2936039e+02   1.3338341e+02   1.0359704e+02   5.3511791e+01   1.5279987e+02   9.0362395e+01   1.1753846e+02   1.1887652e+02   1.4329317e+01   1.7788729e+02   9.1618055e+01   1.2593387e+01   1.1450000e+02   9.8000000e+01   1.1308996e+02   6.2219122e+01   6.6568147e+01   1.1474644e+02   1.8583348e+02   1.5135258e+02   8.0000000e+00   7.1761841e+01   5.0362310e+01   9.0699778e+01   1.8212392e+02   1.5360291e+02   1.1219714e+02   8.4954130e+01   0.0000000e+00   5.6161926e+01   6.6106783e+01   5.1433781e+01   2.6739284e+01   1.2328945e+02   1.7949721e+02   1.1335943e+02   1.2869317e+01   4.9977268e+01   1.1658294e+02   6.0236923e+01   4.5524993e+01   1.3850815e+02   1.0320346e+02   1.3857335e+02   4.2740384e+01   1.4937075e+02   1.0528550e+02   9.8563755e+01   9.3898340e+01   5.0022722e+01   1.2784991e+02   6.5156786e+01   8.1804981e+01   3.9500000e+01   3.9413365e+01   4.4616324e+01   5.4873707e+01   8.9050833e+01   8.0000000e+00   1.3199620e+02   1.1630155e+02   1.5376448e+02   1.2710569e+02   5.9669249e+01   5.7618298e+01   2.1553503e+01   5.3913481e+01   1.1774014e+02   9.0699778e+01   8.5379326e+01   9.2527170e+01   6.7582039e+01   1.5771403e+02   6.8597357e+01   1.2693674e+02   1.2538795e+02   1.7719465e+02   9.5011904e+01   1.1243860e+02   1.2059371e+02   2.5644582e+01   2.8801943e+01   1.5685297e+02   9.9783684e+01   4.0888736e+01   3.6996575e+01   6.7582039e+01   7.7629761e+01   1.9473666e+01   1.3948291e+02   1.3113786e+02   4.6046679e+01   1.5999451e+02   6.2346584e+01   1.5438713e+02   1.1536514e+02   9.1457408e+01   6.2943975e+01   6.1411822e+01   1.7270510e+01   6.2925956e+01
  7.3754693e+01   8.0620222e+01   9.7212202e+01   4.7217235e+01   1.0550000e+02   6.2164414e+01   1.1865773e+02   6.3660510e+01   4.4232139e+01   1.3130138e+02   5.5429500e+01   4.8170746e+01   6.2000000e+01   7.1143471e+01   1.1549239e+02   9.1741438e+01   2.0902206e+01   1.1832402e+02   1.4472638e+02   1.0533916e+02   4.9336462e+01   1.0885359e+02   1.0582094e+02   9.0811959e+01   1.3550000e+02   1.0704225e+02   1.2594521e+02   5.7991304e+01   5.6161926e+01   0.0000000e+00   1.1900949e+02   1.0709503e+02   7.7000000e+01   6.9565187e+01   1.3148187e+02   1.0924741e+02   4.3792609e+01   1.0563919e+02   9.2110589e+01   9.1753767e+01   8.1138080e+01   9.0224579e+01   9.8460451e+01   1.3805908e+02   9.8380029e+01   1.0286332e+02   8.3868159e+01   9.5095190e+01   6.8415389e+01   1.0391301e+02   1.4035439e+02   1.1934128e+02   1.3470600e+02   1.8562392e+01   8.9114333e+01   1.0022462e+02   8.5047324e+01   3.6562446e+01   5.3702444e+01   7.6453933e+01   1.4695562e+02   1.0670381e+02   9.1457408e+01   1.7270510e+01   1.0153588e+02   3.5614100e+01   2.3396506e+01   1.2089311e+02   4.1442032e+01   1.2445665e+02   5.5100824e+01   8.4834157e+01   1.1918024e+02   1.2406577e+02   7.6394664e+01   7.1254858e+01   1.2957846e+02   6.3517855e+01   8.1721918e+01   1.2866883e+02   7.8730429e+01   4.0888736e+01   1.5691771e+02   4.5898238e+01   9.6335797e+01   9.2588273e+01   2.8682441e+01   3.8358288e+01   3.7272952e+01   1.3052500e+02   1.4905302e+02   5.0900893e+01   1.2675866e+02   1.1199552e+02   1.5680259e+02   7.0294341e+01   3.5805807e+01   9.1122845e+01   1.1074745e+02   3.9958839e+01   4.2096274e+01
  1.9158964e+02   1.8902918e+02   1.2058435e+02   9.4654129e+01   2.0113026e+02   1.3074976e+02   1.2218504e+02   1.8209915e+02   7.9929214e+01   2.2400503e+02   1.5668018e+02   7.7629761e+01   1.7940291e+02   1.3533323e+02   1.1754807e+02   5.7932569e+01   1.3185924e+02   1.1734605e+02   2.2526488e+02   1.9839202e+02   7.1397814e+01   4.6194639e+01   2.3930749e+01   1.0563919e+02   2.2807526e+02   2.0107978e+02   1.0302804e+02   1.2597211e+02   6.6106783e+01   1.1900949e+02   0.0000000e+00   2.8801943e+01   6.2073127e+01   1.8061246e+02   2.2723829e+02   1.2500904e+02   7.7527592e+01   2.9624732e+01   1.4762240e+02   5.4687176e+01   5.0429951e+01   1.8880826e+02   1.1861964e+02   1.4005644e+02   3.4441125e+01   1.9706869e+02   1.3614015e+02   1.1423324e+02   1.3119813e+02   4.7577064e+01   1.1588306e+02   8.0000000e+00   6.2000000e+01   1.0104477e+02   3.1094117e+01   3.4507352e+01   5.6804973e+01   1.5376448e+02   7.1809186e+01   1.9447036e+02   8.1624904e+01   2.0177407e+02   1.6651280e+02   1.1739418e+02   7.7469150e+01   8.6642324e+01   1.0905068e+02   1.1997385e+02   1.5604501e+02   4.7096674e+01   1.5771403e+02   7.5814341e+01   1.9650128e+02   2.1713203e+01   1.9232414e+02   1.8321084e+02   2.2456305e+02   1.3673601e+02   1.4985361e+02   1.1611682e+02   4.1249233e+01   8.0900560e+01   1.5429207e+02   1.6406191e+02   3.8683766e+01   3.4208308e+01   1.3318855e+02   1.4318935e+02   8.3217894e+01   1.5028985e+02   1.1123617e+02   8.4620449e+01   1.9313761e+02   6.5693941e+01   1.4944630e+02   1.6457696e+02   1.5376448e+02   6.0048300e+01   6.6295137e+01   8.0127257e+01   1.0830190e+02
  1.8028112e+02   1.8311229e+02   1.3148187e+02   9.4222996e+01   1.9977995e+02   1.3229530e+02   1.3762494e+02   1.6968112e+02   6.4139610e+01   2.2404530e+02   1.3690106e+02   6.0799254e+01   1.6443978e+02   1.3840214e+02   1.3288297e+02   7.1651247e+01   1.1635012e+02   1.3331566e+02   2.2874165e+02   1.9773146e+02   5.8400777e+01   6.6568147e+01   6.5000000e+00   1.1662170e+02   2.2823340e+02   2.0020290e+02   1.2232364e+02   1.2707903e+02   5.1433781e+01   1.0709503e+02   2.8801943e+01   0.0000000e+00   3.8000000e+01   1.7347543e+02   2.2640319e+02   1.3805908e+02   6.3802844e+01   2.0000000e+00   1.5376448e+02   6.8332514e+01   5.8206152e+01   1.8623368e+02   1.3003088e+02   1.5710460e+02   9.5000000e+00   1.9603580e+02   1.4204946e+02   1.2536092e+02   1.3416002e+02   1.9294946e+01   1.3650460e+02   2.2799103e+01   4.0888736e+01   9.0161865e+01   3.4041020e+01   8.1485293e+00   6.7665840e+01   1.3931282e+02   5.4832311e+01   1.8289655e+02   1.0729537e+02   2.0060810e+02   1.6930832e+02   1.0942314e+02   4.9174942e+01   7.2280917e+01   1.0246691e+02   1.3616503e+02   1.4012897e+02   7.2013985e+01   1.3818170e+02   8.7046230e+01   2.0000564e+02   1.8748288e+01   1.7600641e+02   1.7571772e+02   2.2391945e+02   1.3782170e+02   1.5324980e+02   1.3440388e+02   3.2601402e+01   7.4366434e+01   1.7296739e+02   1.5027483e+02   1.2869317e+01   1.5273287e+01   1.1600000e+02   1.2514449e+02   7.0358786e+01   1.6437800e+02   1.3400843e+02   8.4459812e+01   1.9918631e+02   3.8000000e+01   1.6876764e+02   1.6236800e+02   1.4239080e+02   7.3554774e+01   3.8447332e+01   6.7883232e+01   1.0670381e+02
  1.4852196e+02   1.5651442e+02   1.2822040e+02   7.9659649e+01   1.7778579e+02   1.1658294e+02   1.4039460e+02   1.3714004e+02   3.3805405e+01   2.0311108e+02   9.9908249e+01   2.9624732e+01   1.2997007e+02   1.2423864e+02   1.3579967e+02   7.9659649e+01   8.2356582e+01   1.3713180e+02   2.1180310e+02   1.7658237e+02   3.3805405e+01   8.3814164e+01   4.0101136e+01   1.1467749e+02   2.0735321e+02   1.7874141e+02   1.3185924e+02   1.1117520e+02   2.6739284e+01   7.7000000e+01   6.2073127e+01   3.8000000e+01   0.0000000e+00   1.4584528e+02   2.0442278e+02   1.3736216e+02   3.6562446e+01   3.6562446e+01   1.4271551e+02   7.6985293e+01   6.2655048e+01   1.6319988e+02   1.2758462e+02   1.6125214e+02   2.9469812e+01   1.7450000e+02   1.3135297e+02   1.2287647e+02   1.2013382e+02   2.8158633e+01   1.4730089e+02   5.8206152e+01   5.8206152e+01   6.2600725e+01   4.6120719e+01   3.0387288e+01   7.3060320e+01   1.0563919e+02   2.4918231e+01   1.5086705e+02   1.2864250e+02   1.7880451e+02   1.5324980e+02   8.3665498e+01   3.1820920e+01   4.2526777e+01   7.8988853e+01   1.4012897e+02   1.0530697e+02   9.4654129e+01   1.0127946e+02   8.9012711e+01   1.8380098e+02   5.6161926e+01   1.4051518e+02   1.4766827e+02   2.0220399e+02   1.2117311e+02   1.3867109e+02   1.4162760e+02   3.2284430e+01   5.5038977e+01   1.7902521e+02   1.1693131e+02   2.5644582e+01   2.8401613e+01   8.0690398e+01   8.9114333e+01   4.2979407e+01   1.6377967e+02   1.4857515e+02   7.1809186e+01   1.8623368e+02   3.6562446e+01   1.7602564e+02   1.4052321e+02   1.1138846e+02   8.0900560e+01   3.5517853e+01   4.1879343e+01   8.9114333e+01
  3.0084624e+01   1.2593387e+01   1.0851042e+02   8.9114333e+01   4.5898238e+01   6.5986640e+01   1.3148187e+02   3.5517853e+01   1.1268957e+02   6.9760378e+01   8.8285249e+01   1.1678628e+02   5.3085644e+01   6.9597757e+01   1.3065472e+02   1.3853260e+02   7.1951032e+01   1.3400843e+02   9.0811959e+01   4.8523432e+01   1.1595129e+02   1.5800714e+02   1.7132886e+02   1.1199552e+02   7.3554774e+01   4.8710476e+01   1.5063494e+02   6.7464543e+01   1.2328945e+02   6.9565187e+01   1.8061246e+02   1.7347543e+02   1.4584528e+02   0.0000000e+00   6.7665840e+01   1.1883850e+02   1.1118536e+02   1.7208453e+02   8.1360992e+01   1.4000000e+02   1.3468085e+02   3.2035694e+01   1.1118536e+02   1.4420282e+02   1.6515874e+02   4.5524993e+01   8.2067457e+01   1.1061471e+02   7.1015956e+01   1.7229421e+02   1.6083169e+02   1.8244573e+02   2.0348830e+02   8.4352549e+01   1.5003428e+02   1.6712833e+02   1.3403370e+02   5.4873707e+01   1.2200926e+02   3.2949961e+01   1.8500000e+02   4.7385499e+01   6.1706617e+01   6.4580028e+01   1.7034478e+02   1.0394564e+02   7.2202510e+01   1.3541664e+02   6.2655048e+01   1.7310432e+02   8.6420021e+01   1.2423864e+02   7.4045904e+01   1.8929751e+02   6.5261099e+01   3.8541020e+00   6.6517043e+01   6.0966933e+01   6.6568147e+01   1.4674038e+02   1.4280249e+02   1.0064115e+02   1.6010733e+02   4.7072524e+01   1.6362112e+02   1.5871267e+02   7.9146360e+01   7.9659649e+01   1.0447716e+02   1.2793822e+02   1.7382628e+02   9.8414504e+01   8.9203157e+01   1.8105539e+02   1.6284685e+02   3.3397568e+01   3.9210464e+01   1.3707416e+02   1.7981118e+02   1.0652358e+02   7.5514999e+01
  8.8323687e+01   5.5654329e+01   1.2408398e+02   1.3352725e+02   2.7206741e+01   9.7212202e+01   1.4153191e+02   9.8770036e+01   1.7134862e+02   8.0000000e+00   1.5518193e+02   1.7558926e+02   1.1699893e+02   9.3946509e+01   1.4300789e+02   1.7556356e+02   1.3787904e+02   1.4600000e+02   3.5032593e+01   2.9353076e+01   1.7200583e+02   1.9451095e+02   2.2311233e+02   1.3466408e+02   8.5777472e+00   2.6739284e+01   1.6710807e+02   1.0181387e+02   1.7949721e+02   1.3148187e+02   2.2723829e+02   2.2640319e+02   2.0442278e+02   6.7665840e+01   0.0000000e+00   1.2950872e+02   1.6841962e+02   2.2515974e+02   8.9456450e+01   1.7799507e+02   1.7765883e+02   4.1879343e+01   1.2707014e+02   1.4500692e+02   2.1899085e+02   3.0872685e+01   9.8172924e+01   1.2906321e+02   9.7768957e+01   2.2890425e+02   1.7173668e+02   2.3070969e+02   2.6076621e+02   1.4264429e+02   1.9791391e+02   2.2108162e+02   1.7347543e+02   1.2203703e+02   1.8000557e+02   8.9456450e+01   2.0856249e+02   2.6306976e+01   6.4632675e+01   1.2143387e+02   2.3176284e+02   1.6281220e+02   1.2610653e+02   1.4603092e+02   1.2974396e+02   2.0757607e+02   1.5326452e+02   1.5799286e+02   4.3792609e+01   2.3999791e+02   1.2557698e+02   6.7916615e+01   3.5000000e+00   9.1122845e+01   8.0900560e+01   1.5806427e+02   1.9437174e+02   1.5291063e+02   1.5482514e+02   1.1391627e+02   2.1831012e+02   2.1186698e+02   1.4562064e+02   1.4676346e+02   1.6194349e+02   1.2434769e+02   1.8665115e+02   1.4357516e+02   6.0387394e+01   2.4044374e+02   1.5984632e+02   6.4702804e+01   1.0585298e+02   1.7365095e+02   2.3933938e+02   1.6319988e+02   1.2038745e+02
  1.4541118e+02   1.1930341e+02   1.2593387e+01   6.6397648e+01   1.0953669e+02   5.5695108e+01   1.3316006e+01   1.4400697e+02   1.1608763e+02   1.2364625e+02   1.6355904e+02   1.1900949e+02   1.5438713e+02   5.0022722e+01   1.4000000e+01   6.7916615e+01   1.2929926e+02   1.7068042e+01   1.1403524e+02   1.0469333e+02   1.0854166e+02   8.1138080e+01   1.3265332e+02   2.3199119e+01   1.2682102e+02   1.0767392e+02   3.8269035e+01   5.6804973e+01   1.1335943e+02   1.0924741e+02   1.2500904e+02   1.3805908e+02   1.3736216e+02   1.1883850e+02   1.2950872e+02   0.0000000e+00   1.1004109e+02   1.3742790e+02   4.1688591e+01   7.1254858e+01   8.0465618e+01   1.0496291e+02   1.1420165e+01   2.9353076e+01   1.3447948e+02   1.0508131e+02   3.7395122e+01   1.5574813e+01   4.9474483e+01   1.4993644e+02   4.3792609e+01   1.3113786e+02   1.7839393e+02   1.0166941e+02   1.0453125e+02   1.3643013e+02   7.0936141e+01   1.3581630e+02   1.1908541e+02   1.4871943e+02   8.0900560e+01   1.0934048e+02   6.7330008e+01   9.3075645e+01   1.6847991e+02   1.1214676e+02   8.6577000e+01   1.7602631e+01   1.4403832e+02   8.9304561e+01   1.6295076e+02   5.1522054e+01   8.8323687e+01   1.4407751e+02   1.7025865e+02   1.2218504e+02   1.2650893e+02   5.9306887e+01   5.4583269e+01   2.9624732e+01   1.1056362e+02   8.9203157e+01   4.8170746e+01   1.3879317e+02   1.3621477e+02   1.2725666e+02   1.3742790e+02   1.4674038e+02   1.0737961e+02   2.7080068e+01   5.8206152e+01   6.9646583e+01   7.7819144e+01   1.6802388e+02   4.8359168e+01   8.7046230e+01   1.2171262e+02   6.5849063e+01   1.6760027e+02   1.0567129e+02   6.7665840e+01
  1.1699893e+02   1.2143387e+02   9.9545444e+01   4.6708765e+01   1.4176305e+02   8.1680355e+01   1.1548261e+02   1.0656602e+02   6.6846584e+00   1.6705405e+02   8.1694212e+01   9.6241438e+00   1.0254411e+02   8.9759453e+01   1.1123617e+02   6.5900688e+01   5.4832311e+01   1.1319982e+02   1.7600641e+02   1.4052321e+02   6.6846584e+00   7.8109600e+01   6.2655048e+01   8.7706651e+01   1.7129593e+02   1.4269177e+02   1.1303999e+02   7.6305673e+01   1.2869317e+01   4.3792609e+01   7.7527592e+01   6.3802844e+01   3.6562446e+01   1.1118536e+02   1.6841962e+02   1.1004109e+02   0.0000000e+00   6.2346584e+01   1.0917497e+02   6.4457017e+01   5.0362310e+01   1.2725666e+02   9.9500000e+01   1.3650460e+02   5.5100824e+01   1.3845108e+02   9.8218985e+01   9.5011904e+01   8.5789214e+01   6.1724995e+01   1.2866006e+02   7.7014704e+01   9.3282003e+01   2.7332816e+01   4.9359492e+01   5.6964591e+01   5.8400777e+01   7.7000000e+01   1.2215375e+01   1.1964382e+02   1.2158262e+02   1.4277087e+02   1.1784564e+02   4.7934165e+01   6.5849063e+01   9.6241438e+00   4.2926407e+01   1.1615574e+02   7.9017514e+01   9.2600489e+01   8.2439002e+01   6.7916615e+01   1.4821002e+02   8.0900560e+01   1.1529656e+02   1.1322977e+02   1.6618042e+02   8.5907845e+01   1.0382594e+02   1.2021842e+02   3.6780160e+01   2.1713203e+01   1.5514556e+02   8.7616302e+01   5.3171150e+01   4.9336462e+01   5.6544625e+01   6.6907831e+01   7.2082039e+00   1.3557498e+02   1.3332413e+02   4.1027768e+01   1.5147185e+02   7.2624892e+01   1.5318350e+02   1.0446634e+02   7.9089121e+01   6.6243821e+01   7.1572146e+01   5.9083269e+00   5.4165631e+01
  1.7881713e+02   1.8174569e+02   1.3074976e+02   9.3075645e+01   1.9852841e+02   1.3117230e+02   1.3712357e+02   1.6820510e+02   6.2655048e+01   2.2282915e+02   1.3541664e+02   5.9306887e+01   1.6294384e+02   1.3732927e+02   1.3238063e+02   7.1191230e+01   1.1485471e+02   1.3284897e+02   2.2763982e+02   1.9650128e+02   5.6964591e+01   6.6517043e+01   6.6846584e+00   1.1591230e+02   2.2701987e+02   1.9896536e+02   1.2207405e+02   1.2594521e+02   4.9977268e+01   1.0563919e+02   2.9624732e+01   2.0000000e+00   3.6562446e+01   1.7208453e+02   2.2515974e+02   1.3742790e+02   6.2346584e+01   0.0000000e+00   1.5279987e+02   6.7883232e+01   5.7519733e+01   1.8495121e+02   1.2932546e+02   1.5668018e+02   8.0000000e+00   1.9479488e+02   1.4108449e+02   1.2464709e+02   1.3308676e+02   1.8624569e+01   1.3633078e+02   2.3834524e+01   4.1469501e+01   8.8732647e+01   3.3397568e+01   6.6846584e+00   6.7077023e+01   1.3782170e+02   5.3341745e+01   1.8142885e+02   1.0757941e+02   1.9936176e+02   1.6820510e+02   1.0804069e+02   4.8359168e+01   7.0808250e+01   1.0112306e+02   1.3570817e+02   1.3863037e+02   7.2280917e+01   1.3669471e+02   8.6406926e+01   1.9891434e+02   2.0229420e+01   1.7450647e+02   1.7431887e+02   2.2268236e+02   1.3667819e+02   1.5217811e+02   1.3407582e+02   3.1423292e+01   7.3060320e+01   1.7263440e+02   1.4878773e+02   1.1420165e+01   1.3916408e+01   1.1450000e+02   1.2364625e+02   6.8910526e+01   1.6377967e+02   1.3400000e+02   8.3340208e+01   1.9819294e+02   3.7607951e+01   1.6847991e+02   1.6110511e+02   1.4093237e+02   7.3075822e+01   3.8000000e+01   6.6448844e+01   1.0550000e+02
  1.0975315e+02   8.0000000e+01   3.5130189e+01   6.3571388e+01   6.8415389e+01   3.0500000e+01   5.4353969e+01   1.1061471e+02   1.1434200e+02   8.4097249e+01   1.4166745e+02   1.1815203e+02   1.2372845e+02   2.1500000e+01   5.5018346e+01   9.1618055e+01   1.0975315e+02   5.8206152e+01   7.9031841e+01   6.3660510e+01   1.1001027e+02   1.0920603e+02   1.4923466e+02   4.6513585e+01   8.7577552e+01   6.6653231e+01   7.8557671e+01   3.5130189e+01   1.1658294e+02   9.2110589e+01   1.4762240e+02   1.5376448e+02   1.4271551e+02   8.1360992e+01   8.9456450e+01   4.1688591e+01   1.0917497e+02   1.5279987e+02   0.0000000e+00   9.4522604e+01   9.8172924e+01   6.4068860e+01   3.8119809e+01   6.3785069e+01   1.4811098e+02   6.3944858e+01   1.2215375e+01   4.0214607e+01   2.4686773e+01   1.6150388e+02   8.4940808e+01   1.5247450e+02   1.9250586e+02   9.1506868e+01   1.2143387e+02   1.5021473e+02   9.1407920e+01   1.0970165e+02   1.2027479e+02   1.1292998e+02   1.1960605e+02   6.8266142e+01   2.6175864e+01   7.5514999e+01   1.7367693e+02   1.0785222e+02   7.2889571e+01   5.8749464e+01   1.1865773e+02   1.2084638e+02   1.4061156e+02   7.3323417e+01   5.0923209e+01   1.6385544e+02   1.3903700e+02   8.4620449e+01   8.6472379e+01   2.9624732e+01   1.5349242e+01   7.0808250e+01   1.2260037e+02   8.8541184e+01   7.9246428e+01   1.0984578e+02   1.4871943e+02   1.4061156e+02   1.1865773e+02   1.2611548e+02   1.0439057e+02   4.7169048e+01   9.9386298e+01   7.1761841e+01   4.6120719e+01   1.7725194e+02   8.2108823e+01   4.8523432e+01   9.3112094e+01   8.9544932e+01   1.7650568e+02   1.0392389e+02   5.6161926e+01
  1.5709023e+02   1.4637837e+02   6.6397648e+01   5.1698144e+01   1.5279987e+02   8.1680355e+01   6.9857768e+01   1.5003428e+02   7.0100647e+01   1.7404034e+02   1.4210508e+02   7.0808250e+01   1.5236343e+02   8.4620449e+01   6.5121978e+01   3.8541020e+00   1.1009243e+02   6.5486537e+01   1.7286299e+02   1.4944630e+02   5.9612181e+01   1.8562392e+01   6.2655048e+01   5.1455863e+01   1.7796338e+02   1.5228933e+02   5.6000000e+01   7.7629761e+01   6.0236923e+01   9.1753767e+01   5.4687176e+01   6.8332514e+01   7.6985293e+01   1.4000000e+02   1.7799507e+02   7.1254858e+01   6.4457017e+01   6.7883232e+01   9.4522604e+01   0.0000000e+00   1.5273287e+01   1.4204946e+02   6.4457017e+01   8.9304561e+01   6.6106783e+01   1.4850676e+02   8.3340208e+01   6.0048300e+01   8.0732475e+01   8.2384064e+01   7.1143471e+01   6.0500000e+01   1.0866654e+02   7.5108981e+01   3.5517853e+01   6.7866535e+01   7.2082039e+00   1.2754035e+02   6.7665840e+01   1.6029753e+02   5.7775649e+01   1.5324980e+02   1.1522794e+02   8.3122636e+01   1.0567129e+02   7.1572146e+01   7.3647112e+01   6.8332514e+01   1.3265332e+02   3.4041020e+01   1.4243837e+02   2.1819006e+01   1.4432020e+02   7.3323417e+01   1.6735098e+02   1.4300789e+02   1.7518400e+02   8.7861319e+01   9.8460451e+01   6.7110810e+01   4.5724440e+01   5.2504807e+01   1.0555356e+02   1.3570817e+02   6.8597357e+01   5.9478810e+01   1.1491372e+02   1.2572979e+02   6.6260931e+01   9.7119097e+01   7.2202510e+01   4.3453463e+01   1.3970129e+02   1.0154702e+02   1.0171388e+02   1.1817115e+02   1.2166621e+02   5.9083269e+00   1.0140218e+02   6.3087938e+01   6.5017440e+01
  1.4948406e+02   1.4204946e+02   7.3816096e+01   4.6391176e+01   1.5176963e+02   8.0998447e+01   8.0900560e+01   1.4157179e+02   5.5817267e+01   1.7425414e+02   1.2947383e+02   5.6303226e+01   1.4246214e+02   8.5405830e+01   7.6171990e+01   1.7602631e+01   9.8460451e+01   7.6985293e+01   1.7540926e+02   1.4884841e+02   4.5249302e+01   2.8801943e+01   5.2978567e+01   5.8923026e+01   1.7829904e+02   1.5158359e+02   6.9760378e+01   7.6350181e+01   4.5524993e+01   8.1138080e+01   5.0429951e+01   5.8206152e+01   6.2655048e+01   1.3468085e+02   1.7765883e+02   8.0465618e+01   5.0362310e+01   5.7519733e+01   9.8172924e+01   1.5273287e+01   0.0000000e+00   1.3995967e+02   7.2327919e+01   1.0112306e+02   5.4583269e+01   1.4763004e+02   8.6577000e+01   6.7665840e+01   8.1277472e+01   7.0358786e+01   8.5153706e+01   5.4853013e+01   9.8460451e+01   6.3731717e+01   2.4686773e+01   5.6504464e+01   1.1000000e+01   1.1719190e+02   5.2978567e+01   1.5260030e+02   7.1761841e+01   1.5235602e+02   1.1658294e+02   7.4548970e+01   9.2000000e+01   5.7932569e+01   6.5278469e+01   7.9929214e+01   1.2166621e+02   4.4103326e+01   1.2992662e+02   2.9469812e+01   1.4662495e+02   6.6295137e+01   1.5703274e+02   1.3752646e+02   1.7494555e+02   8.7046230e+01   9.9930881e+01   8.0056584e+01   3.2035694e+01   4.0888736e+01   1.1811377e+02   1.2601693e+02   5.6544625e+01   4.7481379e+01   1.0264328e+02   1.1343914e+02   5.2742224e+01   1.0690489e+02   8.6851028e+01   3.6780160e+01   1.4378730e+02   8.9050833e+01   1.1465779e+02   1.1576600e+02   1.1294999e+02   1.8748288e+01   8.8783634e+01   4.9474483e+01   6.0218088e+01
  5.9840121e+01   2.2799103e+01   9.6699012e+01   9.4654129e+01   1.5943445e+01   6.1171245e+01   1.1774014e+02   6.6924769e+01   1.3005694e+02   4.1688591e+01   1.1846716e+02   1.3429462e+02   8.4620449e+01   6.0500000e+01   1.1800851e+02   1.3994354e+02   9.7768957e+01   1.2128493e+02   5.9688259e+01   1.7270510e+01   1.3100862e+02   1.5935843e+02   1.8320468e+02   1.0417377e+02   4.5848649e+01   1.8057050e+01   1.4057141e+02   6.4930195e+01   1.3850815e+02   9.0224579e+01   1.8880826e+02   1.8623368e+02   1.6319988e+02   3.2035694e+01   4.1879343e+01   1.0496291e+02   1.2725666e+02   1.8495121e+02   6.4068860e+01   1.4204946e+02   1.3995967e+02   0.0000000e+00   9.9647617e+01   1.2664278e+02   1.7858986e+02   1.4329317e+01   6.9058369e+01   1.0041621e+02   6.3571388e+01   1.8800000e+02   1.4824048e+02   1.9180146e+02   2.1981313e+02   1.0131295e+02   1.5890455e+02   1.8066243e+02   1.3693405e+02   8.4177954e+01   1.3879317e+02   6.2164414e+01   1.7922675e+02   1.7270510e+01   3.9413365e+01   8.0113127e+01   1.9038483e+02   1.2148967e+02   8.5100532e+01   1.2206480e+02   9.2588273e+01   1.7339086e+02   1.1669918e+02   1.2332610e+02   4.3190748e+01   2.0044499e+02   9.6429662e+01   3.3805405e+01   3.9873214e+01   5.5018346e+01   5.1101383e+01   1.3403370e+02   1.5436520e+02   1.1243860e+02   1.4044285e+02   7.7717226e+01   1.7772867e+02   1.7158550e+02   1.0589568e+02   1.0817660e+02   1.2073415e+02   1.0804069e+02   1.6240275e+02   1.0469333e+02   5.9536006e+01   1.9918631e+02   1.4415584e+02   2.4733242e+01   6.6907831e+01   1.3817353e+02   1.9806771e+02   1.2208330e+02   8.1068294e+01
  1.3695878e+02   1.1250893e+02   3.5000000e+00   5.5511362e+01   1.0559638e+02   4.6708765e+01   2.1713203e+01   1.3496561e+02   1.0551071e+02   1.2162906e+02   1.5289587e+02   1.0851042e+02   1.4474978e+02   4.2096274e+01   2.0057607e+01   6.1189785e+01   1.1857201e+02   2.3396506e+01   1.1444077e+02   1.0101119e+02   9.8184441e+01   7.6171990e+01   1.2478294e+02   1.3916408e+01   1.2503614e+02   1.0401087e+02   4.1442032e+01   4.7217235e+01   1.0320346e+02   9.8460451e+01   1.1861964e+02   1.3003088e+02   1.2758462e+02   1.1118536e+02   1.2707014e+02   1.1420165e+01   9.9500000e+01   1.2932546e+02   3.8119809e+01   6.4457017e+01   7.2327919e+01   9.9647617e+01   0.0000000e+00   4.0101136e+01   1.2600797e+02   1.0110070e+02   3.1094117e+01   5.2434165e+00   4.0888736e+01   1.4116449e+02   5.0158836e+01   1.2442942e+02   1.7021889e+02   9.0749654e+01   9.6511718e+01   1.2800000e+02   6.3321175e+01   1.2561295e+02   1.0876010e+02   1.4029002e+02   8.1998466e+01   1.0554285e+02   6.3500000e+01   8.2384064e+01   1.5880509e+02   1.0140218e+02   7.5739617e+01   2.5101829e+01   1.3372162e+02   8.5907845e+01   1.5231897e+02   4.3766615e+01   8.7461198e+01   1.3703296e+02   1.6066320e+02   1.1453947e+02   1.2408398e+02   5.0923209e+01   4.9082404e+01   3.6059809e+01   1.0162492e+02   7.8557671e+01   5.9000000e+01   1.2894941e+02   1.2754035e+02   1.1868629e+02   1.2664278e+02   1.3603228e+02   9.6687317e+01   3.6780160e+01   6.3589223e+01   5.9019228e+01   7.8988853e+01   1.5893295e+02   5.8923026e+01   8.0211982e+01   1.1191477e+02   5.9076873e+01   1.5845648e+02   9.5047607e+01   5.6864883e+01
  1.7182207e+02   1.4328393e+02   4.1442032e+01   9.4462759e+01   1.2857225e+02   8.3475900e+01   2.1553503e+01   1.7126958e+02   1.4264429e+02   1.3838582e+02   1.9241209e+02   1.4527914e+02   1.8239626e+02   7.6867532e+01   2.6000000e+01   8.6013157e+01   1.5814279e+02   2.4686773e+01   1.2358229e+02   1.2336273e+02   1.3441228e+02   9.4414855e+01   1.5136749e+02   4.9635018e+01   1.4097242e+02   1.2622291e+02   3.8918745e+01   8.5100532e+01   1.3857335e+02   1.3805908e+02   1.4005644e+02   1.5710460e+02   1.6125214e+02   1.4420282e+02   1.4500692e+02   2.9353076e+01   1.3650460e+02   1.5668018e+02   6.3785069e+01   8.9304561e+01   1.0112306e+02   1.2664278e+02   4.0101136e+01   0.0000000e+00   1.5475952e+02   1.2431135e+02   6.3159796e+01   4.3688540e+01   7.6985293e+01   1.7084744e+02   3.2706366e+01   1.4686342e+02   1.9736607e+02   1.2999614e+02   1.2419317e+02   1.5657210e+02   9.0811959e+01   1.6443291e+02   1.4478098e+02   1.7508093e+02   7.9146360e+01   1.2810584e+02   8.7771129e+01   1.2192590e+02   1.9184850e+02   1.3936144e+02   1.1533575e+02   2.1713203e+01   1.7273893e+02   9.8322543e+01   1.9180146e+02   7.2889571e+01   1.0190266e+02   1.6043124e+02   1.9819294e+02   1.4750765e+02   1.4204946e+02   8.6420021e+01   7.8297815e+01   2.5101829e+01   1.3244885e+02   1.1615574e+02   1.9473666e+01   1.6706080e+02   1.5701837e+02   1.4790505e+02   1.6624152e+02   1.7558926e+02   1.3440388e+02   2.1500000e+01   4.7024187e+01   9.6699012e+01   8.7512930e+01   1.8967254e+02   1.9709373e+01   1.1159118e+02   1.4995902e+02   8.4177954e+01   1.8940474e+02   1.3244885e+02   9.6464837e+01
  1.7150658e+02   1.7494555e+02   1.2729215e+02   8.7500000e+01   1.9232414e+02   1.2567588e+02   1.3484005e+02   1.6083169e+02   5.5244863e+01   2.1680187e+02   1.2800000e+02   5.1851728e+01   1.5546532e+02   1.3209027e+02   1.3010035e+02   6.9336763e+01   1.0737961e+02   1.3074976e+02   2.2220081e+02   1.9040853e+02   4.9840653e+01   6.6772166e+01   1.1316654e+01   1.1259929e+02   2.2100510e+02   1.9283369e+02   1.2109851e+02   1.2039683e+02   4.2740384e+01   9.8380029e+01   3.4441125e+01   9.5000000e+00   2.9469812e+01   1.6515874e+02   2.1899085e+02   1.3447948e+02   5.5100824e+01   8.0000000e+00   1.4811098e+02   6.6106783e+01   5.4583269e+01   1.7858986e+02   1.2600797e+02   1.5475952e+02   0.0000000e+00   1.8864688e+02   1.3640530e+02   1.2129425e+02   1.2784991e+02   1.7000000e+01   1.3570817e+02   2.9624732e+01   4.5022466e+01   8.1624904e+01   3.1094117e+01   2.6213203e+00   6.4580028e+01   1.3036916e+02   4.5898238e+01   1.7409868e+02   1.0929913e+02   1.9318433e+02   1.6278447e+02   1.0117895e+02   4.4819860e+01   6.3464276e+01   9.4474731e+01   1.3365405e+02   1.3113786e+02   7.4061199e+01   1.2926432e+02   8.3543663e+01   1.9354015e+02   2.7666155e+01   1.6700676e+02   1.6735098e+02   2.1654687e+02   1.3106895e+02   1.4693258e+02   1.3267886e+02   2.6044080e+01   6.6653231e+01   1.7115755e+02   1.4135631e+02   4.7426407e+00   8.0000000e+00   1.0700000e+02   1.1615574e+02   6.1706617e+01   1.6096495e+02   1.3421051e+02   7.7935457e+01   1.9332440e+02   3.6531236e+01   1.6723632e+02   1.5485430e+02   1.3365405e+02   7.1111614e+01   3.6624784e+01   5.9326015e+01   9.9602220e+01
  7.2280917e+01   3.5292241e+01   9.8103791e+01   1.0321441e+02   5.0000000e+00   6.7397309e+01   1.1763454e+02   8.0127257e+01   1.4157179e+02   2.9157460e+01   1.3229530e+02   1.4581431e+02   9.8011538e+01   6.4930195e+01   1.1845762e+02   1.4618545e+02   1.1123617e+02   1.2162906e+02   4.5898238e+01   3.5000000e+00   1.4189042e+02   1.6534311e+02   1.9274008e+02   1.0726376e+02   3.3397568e+01   4.7426407e+00   1.4189042e+02   7.1809186e+01   1.4937075e+02   1.0286332e+02   1.9706869e+02   1.9603580e+02   1.7450000e+02   4.5524993e+01   3.0872685e+01   1.0508131e+02   1.3845108e+02   1.9479488e+02   6.3944858e+01   1.4850676e+02   1.4763004e+02   1.4329317e+01   1.0110070e+02   1.2431135e+02   1.8864688e+02   0.0000000e+00   7.1015956e+01   1.0250000e+02   6.8531243e+01   1.9870444e+02   1.4821764e+02   2.0044499e+02   2.3058259e+02   1.1301000e+02   1.6762047e+02   1.9073998e+02   1.4377945e+02   9.8000000e+01   1.5008693e+02   7.4366434e+01   1.8205578e+02   5.2434165e+00   3.8269035e+01   9.1815388e+01   2.0230436e+02   1.3312070e+02   9.6053650e+01   1.2207405e+02   1.0641742e+02   1.7881713e+02   1.3052500e+02   1.2892313e+02   3.2142535e+01   2.0964648e+02   1.0934048e+02   4.7024187e+01   2.8401613e+01   6.1245370e+01   5.3085644e+01   1.3416002e+02   1.6400000e+02   1.2260037e+02   1.3670297e+02   9.1506868e+01   1.8800000e+02   1.8150967e+02   1.1946428e+02   1.2193517e+02   1.3203897e+02   1.0469333e+02   1.6278447e+02   1.1326968e+02   4.9703658e+01   2.1055356e+02   1.4093237e+02   3.4507352e+01   8.0676368e+01   1.4432020e+02   2.0947428e+02   1.3318855e+02   9.0023740e+01
  1.0920603e+02   8.2439002e+01   2.8158633e+01   5.2309748e+01   7.5514999e+01   2.2799103e+01   5.0158836e+01   1.0870813e+02   1.0352063e+02   9.3269877e+01   1.3521637e+02   1.0725322e+02   1.2050000e+02   1.4650972e+01   4.9840653e+01   8.0507812e+01   1.0236756e+02   5.3171150e+01   9.0023740e+01   7.1143471e+01   9.8827260e+01   9.8460451e+01   1.3752646e+02   3.6996575e+01   9.6932619e+01   7.4137626e+01   7.2013985e+01   2.6394015e+01   1.0528550e+02   8.3868159e+01   1.3614015e+02   1.4204946e+02   1.3135297e+02   8.2067457e+01   9.8172924e+01   3.7395122e+01   9.8218985e+01   1.4108449e+02   1.2215375e+01   8.3340208e+01   8.6577000e+01   6.9058369e+01   3.1094117e+01   6.3159796e+01   1.3640530e+02   7.1015956e+01   0.0000000e+00   3.2035694e+01   1.6160460e+01   1.4985361e+02   8.0211982e+01   1.4090833e+02   1.8081223e+02   8.1721918e+01   1.0975315e+02   1.3850815e+02   8.0014150e+01   1.0447716e+02   1.0917497e+02   1.1247879e+02   1.1154053e+02   7.5559976e+01   3.4041020e+01   6.7110810e+01   1.6240275e+02   9.7305217e+01   6.3500000e+01   5.4270345e+01   1.1322977e+02   1.1058406e+02   1.3429462e+02   6.2273781e+01   6.1559397e+01   1.5220778e+02   1.3614015e+02   8.5405830e+01   9.5225920e+01   2.4217082e+01   1.8562392e+01   6.5986640e+01   1.1090041e+02   7.7396034e+01   8.0226094e+01   1.0576752e+02   1.3703296e+02   1.2890561e+02   1.1113453e+02   1.1918024e+02   9.3645048e+01   4.9635018e+01   9.4042771e+01   6.0236923e+01   5.7775649e+01   1.6571804e+02   8.2177720e+01   5.0158836e+01   8.8745396e+01   7.8456719e+01   1.6498784e+02   9.3027023e+01   4.5898238e+01
  1.3581630e+02   1.1244865e+02   6.8639610e+00   5.1433781e+01   1.0700000e+02   4.5524993e+01   2.4217082e+01   1.3340034e+02   1.0104477e+02   1.2380146e+02   1.4971796e+02   1.0400000e+02   1.4269177e+02   4.1770449e+01   2.1713203e+01   5.6804973e+01   1.1530636e+02   2.4918231e+01   1.1750000e+02   1.0254411e+02   9.3608807e+01   7.2202510e+01   1.2013382e+02   9.2464278e+00   1.2729215e+02   1.0554285e+02   4.0888736e+01   4.5500000e+01   9.8563755e+01   9.5095190e+01   1.1423324e+02   1.2536092e+02   1.2287647e+02   1.1061471e+02   1.2906321e+02   1.5574813e+01   9.5011904e+01   1.2464709e+02   4.0214607e+01   6.0048300e+01   6.7665840e+01   1.0041621e+02   5.2434165e+00   4.3688540e+01   1.2129425e+02   1.0250000e+02   3.2035694e+01   0.0000000e+00   4.0101136e+01   1.3643013e+02   5.0923209e+01   1.1997385e+02   1.6552727e+02   8.6851028e+01   9.1852340e+01   1.2328945e+02   5.8749464e+01   1.2303265e+02   1.0417377e+02   1.3915875e+02   8.0127257e+01   1.0701056e+02   6.5156786e+01   7.9217851e+01   1.5408711e+02   9.7072512e+01   7.2280917e+01   2.7037709e+01   1.3100862e+02   8.2384064e+01   1.4918927e+02   3.9210464e+01   9.0161865e+01   1.3250852e+02   1.5862732e+02   1.1396585e+02   1.2608861e+02   5.0158836e+01   5.0090826e+01   3.7119667e+01   9.6885943e+01   7.4137626e+01   6.2655048e+01   1.2672302e+02   1.2281210e+02   1.1396585e+02   1.2326196e+02   1.3278946e+02   9.2306862e+01   4.1442032e+01   6.3731717e+01   5.4583269e+01   8.2384064e+01   1.5418962e+02   6.2219122e+01   8.0240203e+01   1.0975315e+02   5.4687176e+01   1.5371309e+02   9.0612430e+01   5.3533009e+01
  9.6605411e+01   7.3261597e+01   3.8358288e+01   4.1304412e+01   7.2905110e+01   7.2082039e+00   6.1706617e+01   9.5047607e+01   9.0749654e+01   9.3862198e+01   1.1956826e+02   9.4654129e+01   1.0593837e+02   4.7426407e+00   6.0443724e+01   7.8297815e+01   8.6733694e+01   6.3785069e+01   9.5190285e+01   6.9320418e+01   8.7059228e+01   9.7340074e+01   1.3005694e+02   4.1987950e+01   9.7826769e+01   7.2202510e+01   8.0211982e+01   1.1000000e+01   9.3898340e+01   6.8415389e+01   1.3119813e+02   1.3416002e+02   1.2013382e+02   7.1015956e+01   9.7768957e+01   4.9474483e+01   8.5789214e+01   1.3308676e+02   2.4686773e+01   8.0732475e+01   8.1277472e+01   6.3571388e+01   4.0888736e+01   7.6985293e+01   1.2784991e+02   6.8531243e+01   1.6160460e+01   4.0101136e+01   0.0000000e+00   1.4035439e+02   9.0412457e+01   1.3530820e+02   1.7182207e+02   6.7330008e+01   1.0311579e+02   1.2997007e+02   7.6350181e+01   8.9088938e+01   9.7107453e+01   9.9930881e+01   1.1662170e+02   7.3261597e+01   3.5901271e+01   5.1698144e+01   1.5077724e+02   8.3989520e+01   4.8710476e+01   6.5399923e+01   9.7768957e+01   1.1081886e+02   1.1865773e+02   6.0892466e+01   6.6397648e+01   1.4574462e+02   1.2171262e+02   7.4366434e+01   9.4952369e+01   1.0562306e+01   1.9591883e+01   7.6409486e+01   1.0234547e+02   6.5624880e+01   9.4701911e+01   9.0824415e+01   1.2806175e+02   1.2039683e+02   9.5522366e+01   1.0352063e+02   8.0732475e+01   6.4912732e+01   1.0331294e+02   5.0452477e+01   6.6653231e+01   1.5526191e+02   9.6171312e+01   4.1442032e+01   7.3739334e+01   7.6394664e+01   1.5443830e+02   8.0465618e+01   3.2284430e+01
  1.7600641e+02   1.8264966e+02   1.4231149e+02   9.9602220e+01   2.0219841e+02   1.3765776e+02   1.5075478e+02   1.6472089e+02   6.0218088e+01   2.2713903e+02   1.2653571e+02   5.6242713e+01   1.5760665e+02   1.4457030e+02   1.4602319e+02   8.5577905e+01   1.1001027e+02   1.4677115e+02   2.3399946e+02   2.0062496e+02   5.7519733e+01   8.3217894e+01   2.4733242e+01   1.2779690e+02   2.3136847e+02   2.0292776e+02   1.3752646e+02   1.3229530e+02   5.0022722e+01   1.0391301e+02   4.7577064e+01   1.9294946e+01   2.8158633e+01   1.7229421e+02   2.2890425e+02   1.4993644e+02   6.1724995e+01   1.8624569e+01   1.6150388e+02   8.2384064e+01   7.0358786e+01   1.8800000e+02   1.4116449e+02   1.7084744e+02   1.7000000e+01   1.9870444e+02   1.4985361e+02   1.3643013e+02   1.4035439e+02   0.0000000e+00   1.5218553e+02   4.1304412e+01   3.2390437e+01   8.8502841e+01   4.7385499e+01   1.5574813e+01   8.0549984e+01   1.3329025e+02   5.0811529e+01   1.7839393e+02   1.2529784e+02   2.0313884e+02   1.7477134e+02   1.0910249e+02   3.0500000e+01   6.8926968e+01   1.0340044e+02   1.4969534e+02   1.3292545e+02   8.9998603e+01   1.2800882e+02   9.9204103e+01   2.0553963e+02   3.3805405e+01   1.6797015e+02   1.7425414e+02   2.2656747e+02   1.4277087e+02   1.5933718e+02   1.4899242e+02   4.0101136e+01   7.6896989e+01   1.8742311e+02   1.4457030e+02   1.4329317e+01   2.3445588e+01   1.0827059e+02   1.1647629e+02   6.8415389e+01   1.7648651e+02   1.5068738e+02   9.0500000e+01   2.0630087e+02   2.0057607e+01   1.8357990e+02   1.6472089e+02   1.3867109e+02   8.7305818e+01   2.0229420e+01   6.6653231e+01   1.1082905e+02
  1.8623368e+02   1.6205494e+02   5.2892748e+01   9.3801929e+01   1.5265206e+02   9.5947630e+01   3.1094117e+01   1.8359833e+02   1.3480655e+02   1.6556135e+02   1.9521132e+02   1.3663688e+02   1.9217159e+02   9.1753767e+01   3.0872685e+01   6.8266142e+01   1.6074044e+02   2.7541635e+01   1.5324980e+02   1.4772941e+02   1.2525276e+02   7.0808250e+01   1.3055095e+02   5.1588159e+01   1.6850670e+02   1.5069487e+02   1.6160460e+01   9.5770667e+01   1.2784991e+02   1.4035439e+02   1.1588306e+02   1.3650460e+02   1.4730089e+02   1.6083169e+02   1.7173668e+02   4.3792609e+01   1.2866006e+02   1.3633078e+02   8.4940808e+01   7.1143471e+01   8.5153706e+01   1.4824048e+02   5.0158836e+01   3.2706366e+01   1.3570817e+02   1.4821764e+02   8.0211982e+01   5.0923209e+01   9.0412457e+01   1.5218553e+02   0.0000000e+00   1.2311525e+02   1.7585250e+02   1.2866006e+02   1.0551071e+02   1.3729638e+02   7.4746212e+01   1.7126958e+02   1.3484005e+02   1.8957737e+02   4.7361498e+01   1.5240787e+02   1.1052272e+02   1.2581959e+02   1.7631382e+02   1.3345958e+02   1.1765375e+02   2.6696374e+01   1.7874141e+02   7.1015956e+01   1.9494537e+02   6.1245370e+01   1.2950872e+02   1.3693405e+02   2.0811322e+02   1.6418567e+02   1.6874090e+02   1.0047250e+02   9.7768957e+01   1.4730249e+01   1.1635012e+02   1.1052272e+02   4.0440581e+01   1.7589741e+02   1.3857335e+02   1.2953488e+02   1.6790968e+02   1.7810912e+02   1.2813228e+02   5.2222819e+01   1.5574813e+01   9.2600489e+01   1.1678628e+02   1.7160523e+02   3.4738137e+01   1.2974396e+02   1.5913874e+02   6.6924769e+01   1.7155920e+02   1.2557698e+02   1.0022462e+02
  1.9232414e+02   1.9119478e+02   1.2630342e+02   9.7768957e+01   2.0443933e+02   1.3453824e+02   1.2871271e+02   1.8250137e+02   7.8859747e+01   2.2767449e+02   1.5475952e+02   7.6231433e+01   1.7905671e+02   1.3948291e+02   1.2404756e+02   6.3802844e+01   1.3121534e+02   1.2394736e+02   2.2970079e+02   2.0185789e+02   7.1000000e+01   5.3171150e+01   1.8809833e+01   1.1131742e+02   2.3177743e+02   2.0450000e+02   1.1008216e+02   1.2963946e+02   6.5156786e+01   1.1934128e+02   8.0000000e+00   2.2799103e+01   5.8206152e+01   1.8244573e+02   2.3070969e+02   1.3113786e+02   7.7014704e+01   2.3834524e+01   1.5247450e+02   6.0500000e+01   5.4853013e+01   1.9180146e+02   1.2442942e+02   1.4686342e+02   2.9624732e+01   2.0044499e+02   1.4090833e+02   1.1997385e+02   1.3530820e+02   4.1304412e+01   1.2311525e+02   0.0000000e+00   5.4500000e+01   1.0154702e+02   3.3397568e+01   2.9314059e+01   6.2054854e+01   1.5350735e+02   7.0294341e+01   1.9513620e+02   8.9114333e+01   2.0512771e+02   1.7069548e+02   1.1878144e+02   7.1302542e+01   8.6052615e+01   1.1074745e+02   1.2661602e+02   1.5535639e+02   5.4583269e+01   1.5587857e+02   8.1360992e+01   2.0090022e+02   1.4329317e+01   1.9158964e+02   1.8495731e+02   2.2807526e+02   1.4044285e+02   1.5412373e+02   1.2306019e+02   4.1110959e+01   8.2356582e+01   1.6133610e+02   1.6402752e+02   3.3805405e+01   3.0872685e+01   1.3203897e+02   1.4180287e+02   8.3013635e+01   1.5665137e+02   1.1865773e+02   8.7706651e+01   1.9806771e+02   5.8865229e+01   1.5656489e+02   1.6760027e+02   1.5438713e+02   6.5900688e+01   5.9536006e+01   8.0056584e+01   1.1123617e+02
  2.0578639e+02   2.1403805e+02   1.7159208e+02   1.3117230e+02   2.3406209e+02   1.6930832e+02   1.7799507e+02   1.9414529e+02   9.1308865e+01   2.5902708e+02   1.5157614e+02   8.7202076e+01   1.8573634e+02   1.7605127e+02   1.7325416e+02   1.1199552e+02   1.3903700e+02   1.7365095e+02   2.6574140e+02   2.3251078e+02   8.9304561e+01   1.0555356e+02   4.6513585e+01   1.5680259e+02   2.6325702e+02   2.3480749e+02   1.6206191e+02   1.6396559e+02   8.1804981e+01   1.3470600e+02   6.2000000e+01   4.0888736e+01   5.8206152e+01   2.0348830e+02   2.6076621e+02   1.7839393e+02   9.3282003e+01   4.1469501e+01   1.9250586e+02   1.0866654e+02   9.8460451e+01   2.1981313e+02   1.7021889e+02   1.9736607e+02   4.5022466e+01   2.3058259e+02   1.8081223e+02   1.6552727e+02   1.7182207e+02   3.2390437e+01   1.7585250e+02   5.4500000e+01   0.0000000e+00   1.1991734e+02   7.4366434e+01   4.2952915e+01   1.0804069e+02   1.6225676e+02   8.2067457e+01   2.0802650e+02   1.4307103e+02   2.3500906e+02   2.0644295e+02   1.4071590e+02   4.2607007e+01   1.0005526e+02   1.3521637e+02   1.7648651e+02   1.6100701e+02   1.0854166e+02   1.5324980e+02   1.2737198e+02   2.3721977e+02   4.1110959e+01   1.9495115e+02   2.0534750e+02   2.5843895e+02   1.7450000e+02   1.9085821e+02   1.7442240e+02   7.0423172e+01   1.0877049e+02   2.1297647e+02   1.7365095e+02   4.4309246e+01   5.2504807e+01   1.3628107e+02   1.4351224e+02   9.9930881e+01   2.0474801e+02   1.7229421e+02   1.2187957e+02   2.3757594e+02   2.6044080e+01   2.0861115e+02   1.9659309e+02   1.6896142e+02   1.1391627e+02   2.7541635e+01   9.8322543e+01   1.4262846e+02
  9.1296476e+01   9.4654129e+01   8.9998603e+01   3.6154593e+01   1.1611682e+02   6.2000000e+01   1.0970165e+02   8.1555537e+01   2.9314059e+01   1.4166745e+02   6.8415389e+01   3.3534073e+01   7.9929214e+01   7.0808250e+01   1.0607699e+02   7.5394926e+01   3.5485711e+01   1.0863533e+02   1.5236343e+02   1.1522794e+02   3.2284430e+01   9.1753767e+01   8.8541184e+01   8.1277472e+01   1.4590719e+02   1.1724973e+02   1.1367796e+02   5.6984511e+01   3.9500000e+01   1.8562392e+01   1.0104477e+02   9.0161865e+01   6.2600725e+01   8.4352549e+01   1.4264429e+02   1.0166941e+02   2.7332816e+01   8.8732647e+01   9.1506868e+01   7.5108981e+01   6.3731717e+01   1.0131295e+02   9.0749654e+01   1.2999614e+02   8.1624904e+01   1.1301000e+02   8.1721918e+01   8.6851028e+01   6.7330008e+01   8.8502841e+01   1.2866006e+02   1.0154702e+02   1.1991734e+02   0.0000000e+00   7.1063801e+01   8.3543663e+01   6.8415389e+01   5.4353969e+01   3.8358288e+01   9.4090865e+01   1.3130138e+02   1.1719190e+02   9.5841491e+01   2.1713203e+01   8.9822450e+01   2.0680436e+01   1.9473666e+01   1.1138846e+02   5.8439624e+01   1.0726376e+02   6.8514704e+01   7.0535705e+01   1.2536092e+02   1.0674618e+02   9.4042771e+01   8.6406926e+01   1.4050714e+02   6.5017440e+01   8.3543663e+01   1.1794147e+02   6.0966933e+01   2.3347319e+01   1.4896969e+02   6.3944858e+01   7.9886712e+01   7.5500000e+01   4.0860872e+01   5.1588159e+01   2.0624612e+01   1.2503614e+02   1.3614015e+02   3.6811155e+01   1.3059420e+02   9.8448966e+01   1.4814908e+02   7.9246428e+01   5.3341745e+01   7.4973150e+01   9.7305217e+01   2.2799103e+01   3.6500000e+01
  1.6125214e+02   1.5854192e+02   9.8000000e+01   6.4912732e+01   1.7159208e+02   1.0201355e+02   1.0439057e+02   1.5200000e+02   5.2892748e+01   1.9498008e+02   1.3030851e+02   5.1500000e+01   1.5008693e+02   1.0732696e+02   9.9647617e+01   3.8742646e+01   1.0317059e+02   1.0022462e+02   1.9775428e+02   1.6906824e+02   4.3190748e+01   3.8447332e+01   2.8801943e+01   8.3109019e+01   1.9910136e+02   1.7169068e+02   9.0699778e+01   9.7025903e+01   3.9413365e+01   8.9114333e+01   3.1094117e+01   3.4041020e+01   4.6120719e+01   1.5003428e+02   1.9791391e+02   1.0453125e+02   4.9359492e+01   3.3397568e+01   1.2143387e+02   3.5517853e+01   2.4686773e+01   1.5890455e+02   9.6511718e+01   1.2419317e+02   3.1094117e+01   1.6762047e+02   1.0975315e+02   9.1852340e+01   1.0311579e+02   4.7385499e+01   1.0551071e+02   3.3397568e+01   7.4366434e+01   7.1063801e+01   0.0000000e+00   3.2880550e+01   3.4208308e+01   1.2441126e+02   4.6293013e+01   1.6417193e+02   8.3054527e+01   1.7229421e+02   1.3850815e+02   8.6837999e+01   7.2013985e+01   5.8400777e+01   7.8456719e+01   1.0311579e+02   1.2729215e+02   4.9174942e+01   1.3113786e+02   5.3511791e+01   1.6894138e+02   4.3138011e+01   1.6351074e+02   1.5262248e+02   1.9529797e+02   1.0784174e+02   1.2208330e+02   1.0211324e+02   1.5349242e+01   5.0362310e+01   1.4057141e+02   1.3441228e+02   3.3636083e+01   2.4546829e+01   1.0538208e+02   1.1576600e+02   5.4353969e+01   1.3088788e+02   1.0487672e+02   5.4853013e+01   1.6702702e+02   6.6653231e+01   1.3669471e+02   1.3470600e+02   1.2353658e+02   4.0524992e+01   6.6568147e+01   5.1101383e+01   7.8341184e+01
  1.7331276e+02   1.7694617e+02   1.2929926e+02   8.9620705e+01   1.9441235e+02   1.2779690e+02   1.3670297e+02   1.6259025e+02   5.6984511e+01   2.1890330e+02   1.2926432e+02   5.3533009e+01   1.5708305e+02   1.3421051e+02   1.3196197e+02   7.1111614e+01   1.0900922e+02   1.3258520e+02   2.2432192e+02   1.9250586e+02   5.1764022e+01   6.8149834e+01   1.1106602e+01   1.1458878e+02   2.2310728e+02   1.9492801e+02   1.2274770e+02   1.2251742e+02   4.4616324e+01   1.0022462e+02   3.4507352e+01   8.1485293e+00   3.0387288e+01   1.6712833e+02   2.2108162e+02   1.3643013e+02   5.6964591e+01   6.6846584e+00   1.5021473e+02   6.7866535e+01   5.6504464e+01   1.8066243e+02   1.2800000e+02   1.5657210e+02   2.6213203e+00   1.9073998e+02   1.3850815e+02   1.2328945e+02   1.2997007e+02   1.5574813e+01   1.3729638e+02   2.9314059e+01   4.2952915e+01   8.3543663e+01   3.2880550e+01   0.0000000e+00   6.6448844e+01   1.3203897e+02   4.7600955e+01   1.7589099e+02   1.1036924e+02   1.9527487e+02   1.6490575e+02   1.0317059e+02   4.4103326e+01   6.5261099e+01   9.6511718e+01   1.3548333e+02   1.3271290e+02   7.5093901e+01   1.3055095e+02   8.5472054e+01   1.9566147e+02   2.6394015e+01   1.6852678e+02   1.6930832e+02   2.1864044e+02   1.3318855e+02   1.4905302e+02   1.3440388e+02   2.8158633e+01   6.8729392e+01   1.7290215e+02   1.4305525e+02   5.2434165e+00   1.0104686e+01   1.0851042e+02   1.1758651e+02   6.3589223e+01   1.6290228e+02   1.3563327e+02   8.0056584e+01   1.9543653e+02   3.5130189e+01   1.6894138e+02   1.5693929e+02   1.3548333e+02   7.2905110e+01   3.5292241e+01   6.1245370e+01   1.0171388e+02
  1.5069487e+02   1.4065170e+02   6.5017440e+01   4.5524993e+01   1.4802712e+02   7.6882262e+01   7.0760231e+01   1.4351224e+02   6.4157286e+01   1.6970771e+02   1.3550000e+02   6.5069730e+01   1.4569814e+02   8.0338900e+01   6.6020989e+01   8.0000000e+00   1.0340044e+02   6.6721220e+01   1.6940826e+02   1.4481216e+02   5.3765843e+01   2.4918231e+01   6.2219122e+01   5.0022722e+01   1.7367693e+02   1.4762240e+02   5.9306887e+01   7.2624892e+01   5.4873707e+01   8.5047324e+01   5.6804973e+01   6.7665840e+01   7.3060320e+01   1.3403370e+02   1.7347543e+02   7.0936141e+01   5.8400777e+01   6.7077023e+01   9.1407920e+01   7.2082039e+00   1.1000000e+01   1.3693405e+02   6.3321175e+01   9.0811959e+01   6.4580028e+01   1.4377945e+02   8.0014150e+01   5.8749464e+01   7.6350181e+01   8.0549984e+01   7.4746212e+01   6.2054854e+01   1.0804069e+02   6.8415389e+01   3.4208308e+01   6.6448844e+01   0.0000000e+00   1.2084638e+02   6.2219122e+01   1.5388921e+02   6.4174956e+01   1.4852196e+02   1.1123617e+02   7.6542751e+01   1.0250000e+02   6.5278469e+01   6.7077023e+01   6.9646583e+01   1.2594521e+02   4.0524992e+01   1.3581630e+02   2.0057607e+01   1.4073997e+02   7.4305488e+01   1.6066320e+02   1.3700824e+02   1.7069548e+02   8.3040899e+01   9.4474731e+01   6.9565187e+01   4.2526777e+01   4.5848649e+01   1.0767392e+02   1.2905446e+02   6.6721220e+01   5.7618298e+01   1.0827059e+02   1.1908541e+02   5.9934838e+01   9.7212202e+01   7.6882262e+01   3.6996575e+01   1.3685982e+02   9.9386298e+01   1.0417377e+02   1.1292998e+02   1.1510039e+02   8.5777472e+00   9.9147098e+01   5.6804973e+01   5.9019228e+01
  4.5022466e+01   6.6924769e+01   1.2380146e+02   8.0381162e+01   9.9204103e+01   8.2384064e+01   1.4667883e+02   3.2706366e+01   7.5739617e+01   1.2392001e+02   3.5130189e+01   7.9017514e+01   2.6175864e+01   9.0399944e+01   1.4416367e+02   1.2737198e+02   2.3786262e+01   1.4725490e+02   1.4318935e+02   1.0091041e+02   8.3013635e+01   1.4481216e+02   1.3879317e+02   1.2039683e+02   1.2779690e+02   1.0166941e+02   1.5770687e+02   8.0000000e+01   8.9050833e+01   3.6562446e+01   1.5376448e+02   1.3931282e+02   1.0563919e+02   5.4873707e+01   1.2203703e+02   1.3581630e+02   7.7000000e+01   1.3782170e+02   1.0970165e+02   1.2754035e+02   1.1719190e+02   8.4177954e+01   1.2561295e+02   1.6443291e+02   1.3036916e+02   9.8000000e+01   1.0447716e+02   1.2303265e+02   8.9088938e+01   1.3329025e+02   1.7126958e+02   1.5350735e+02   1.6225676e+02   5.4353969e+01   1.2441126e+02   1.3203897e+02   1.2084638e+02   0.0000000e+00   8.4980767e+01   4.6830336e+01   1.8190080e+02   1.0064115e+02   1.0041621e+02   4.6708765e+01   1.2460177e+02   6.8016665e+01   5.5837600e+01   1.4953691e+02   9.6241438e+00   1.6043827e+02   3.3534073e+01   1.1911387e+02   1.2223126e+02   1.5696086e+02   4.0355991e+01   5.4853013e+01   1.2084638e+02   8.1068294e+01   9.6335797e+01   1.5862732e+02   1.1308996e+02   7.6941154e+01   1.8273611e+02   1.1923660e+01   1.2777922e+02   1.2532488e+02   2.7541635e+01   2.5464975e+01   7.1063801e+01   1.5350000e+02   1.8126089e+02   8.5736436e+01   1.3413476e+02   1.3782170e+02   1.8359833e+02   7.2515623e+01   1.8500000e+01   1.2664278e+02   1.3643013e+02   7.4137626e+01   7.1635434e+01
  1.2640175e+02   1.3247443e+02   1.0900922e+02   5.7420998e+01   1.5336759e+02   9.3160671e+01   1.2372845e+02   1.1553152e+02   9.9868330e+00   1.7870354e+02   8.5419079e+01   6.5000000e+00   1.1016426e+02   1.0112306e+02   1.1934128e+02   6.9597757e+01   6.2073127e+01   1.2109851e+02   1.8771178e+02   1.5217811e+02   1.1106602e+01   7.9246428e+01   5.4500000e+01   9.6511718e+01   1.8294588e+02   1.5432864e+02   1.1918024e+02   8.7771129e+01   8.0000000e+00   5.3702444e+01   7.1809186e+01   5.4832311e+01   2.4918231e+01   1.2200926e+02   1.8000557e+02   1.1908541e+02   1.2215375e+01   5.3341745e+01   1.2027479e+02   6.7665840e+01   5.2978567e+01   1.3879317e+02   1.0876010e+02   1.4478098e+02   4.5898238e+01   1.5008693e+02   1.0917497e+02   1.0417377e+02   9.7107453e+01   5.0811529e+01   1.3484005e+02   7.0294341e+01   8.2067457e+01   3.8358288e+01   4.6293013e+01   4.7600955e+01   6.2219122e+01   8.4980767e+01   0.0000000e+00   1.2892313e+02   1.2380146e+02   1.5438713e+02   1.2947383e+02   5.9306887e+01   5.4270345e+01   1.8624569e+01   5.4604066e+01   1.2408398e+02   8.6000000e+01   9.2783530e+01   8.6420021e+01   7.4366434e+01   1.5988162e+02   7.2562473e+01   1.2208330e+02   1.2394736e+02   1.7778579e+02   9.7490979e+01   1.1530636e+02   1.2729215e+02   3.2035694e+01   3.2284430e+01   1.6319296e+02   9.5959415e+01   4.3453463e+01   4.1000000e+01   6.2291990e+01   7.2013985e+01   1.8562392e+01   1.4499913e+02   1.3838582e+02   5.0811529e+01   1.6295076e+02   6.0966933e+01   1.6088080e+02   1.1611682e+02   8.8732647e+01   7.0278220e+01   5.9896970e+01   1.7602631e+01   6.5624880e+01
  3.8541020e+00   3.9873214e+01   1.3778893e+02   1.0935082e+02   7.3493150e+01   9.4150948e+01   1.6111211e+02   1.4650972e+01   1.1946428e+02   9.3548375e+01   7.2202510e+01   1.2311525e+02   3.0084624e+01   9.9204103e+01   1.5984632e+02   1.5935843e+02   6.9646583e+01   1.6317913e+02   1.1797021e+02   7.7293554e+01   1.2527981e+02   1.7829904e+02   1.8175810e+02   1.3938574e+02   9.6687317e+01   7.6705315e+01   1.7829904e+02   9.4474731e+01   1.3199620e+02   7.6453933e+01   1.9447036e+02   1.8289655e+02   1.5086705e+02   3.2949961e+01   8.9456450e+01   1.4871943e+02   1.1964382e+02   1.8142885e+02   1.1292998e+02   1.6029753e+02   1.5260030e+02   6.2164414e+01   1.4029002e+02   1.7508093e+02   1.7409868e+02   7.4366434e+01   1.1247879e+02   1.3915875e+02   9.9930881e+01   1.7839393e+02   1.8957737e+02   1.9513620e+02   2.0802650e+02   9.4090865e+01   1.6417193e+02   1.7589099e+02   1.5388921e+02   4.6830336e+01   1.2892313e+02   0.0000000e+00   2.0968951e+02   7.4973150e+01   9.4138934e+01   7.8629700e+01   1.7090026e+02   1.1113453e+02   8.7822677e+01   1.6483046e+02   5.0632325e+01   1.9383714e+02   7.0100647e+01   1.4720123e+02   1.0485516e+02   2.0000564e+02   3.6624784e+01   3.0084624e+01   8.9203157e+01   8.9960885e+01   9.8080736e+01   1.7571772e+02   1.5455518e+02   1.1450987e+02   1.9152487e+02   3.5485711e+01   1.7185489e+02   1.6847991e+02   7.3816096e+01   6.9841546e+01   1.1319982e+02   1.5959903e+02   2.0185789e+02   1.1739418e+02   1.2084638e+02   1.8387462e+02   1.9395930e+02   6.5417255e+01   4.1249233e+01   1.5817847e+02   1.8250137e+02   1.1591230e+02   9.6932619e+01
  2.0636646e+02   1.8890382e+02   8.4980767e+01   1.0246691e+02   1.8655443e+02   1.2035929e+02   7.0728199e+01   2.0105174e+02   1.2707903e+02   2.0311108e+02   1.9892001e+02   1.2746948e+02   2.0577542e+02   1.1934128e+02   6.7883232e+01   5.6804973e+01   1.6615325e+02   6.5486537e+01   1.9442395e+02   1.8215489e+02   1.1650539e+02   4.5524993e+01   1.0140218e+02   7.5559976e+01   2.0648119e+02   1.8515238e+02   4.3688540e+01   1.1817115e+02   1.1630155e+02   1.4695562e+02   8.1624904e+01   1.0729537e+02   1.2864250e+02   1.8500000e+02   2.0856249e+02   8.0900560e+01   1.2158262e+02   1.0757941e+02   1.1960605e+02   5.7775649e+01   7.1761841e+01   1.7922675e+02   8.1998466e+01   7.9146360e+01   1.0929913e+02   1.8205578e+02   1.1154053e+02   8.0127257e+01   1.1662170e+02   1.2529784e+02   4.7361498e+01   8.9114333e+01   1.4307103e+02   1.3130138e+02   8.3054527e+01   1.1036924e+02   6.4174956e+01   1.8190080e+02   1.2380146e+02   2.0968951e+02   0.0000000e+00   1.8659675e+02   1.4478098e+02   1.3603228e+02   1.5324980e+02   1.2884426e+02   1.2667845e+02   6.6517043e+01   1.8780190e+02   3.5805807e+01   1.9915800e+02   6.3571388e+01   1.6847991e+02   1.0251103e+02   2.2126515e+02   1.8825782e+02   2.0557803e+02   1.2608861e+02   1.2950872e+02   5.6182134e+01   9.7119097e+01   1.0920603e+02   8.6472379e+01   1.8900530e+02   1.1300000e+02   1.0485516e+02   1.7152631e+02   1.8231584e+02   1.2353658e+02   9.7119097e+01   3.5901271e+01   9.6710706e+01   1.5812138e+02   1.4465617e+02   8.0226094e+01   1.5753503e+02   1.7367693e+02   5.6964591e+01   1.4497578e+02   1.2035929e+02   1.1358846e+02
  7.3060320e+01   3.6500000e+01   1.0254411e+02   1.0788366e+02   2.0000000e+00   7.2139724e+01   1.2184249e+02   8.1500000e+01   1.4581431e+02   2.5101829e+01   1.3474791e+02   1.5005685e+02   9.9545444e+01   6.9646583e+01   1.2274770e+02   1.5092689e+02   1.1453947e+02   1.2590036e+02   4.4025854e+01   5.2434165e+00   1.4627808e+02   1.7007963e+02   1.9734321e+02   1.1186427e+02   2.9314059e+01   2.6213203e+00   1.4627808e+02   7.6542751e+01   1.5376448e+02   1.0670381e+02   2.0177407e+02   2.0060810e+02   1.7880451e+02   4.7385499e+01   2.6306976e+01   1.0934048e+02   1.4277087e+02   1.9936176e+02   6.8266142e+01   1.5324980e+02   1.5235602e+02   1.7270510e+01   1.0554285e+02   1.2810584e+02   1.9318433e+02   5.2434165e+00   7.5559976e+01   1.0701056e+02   7.3261597e+01   2.0313884e+02   1.5240787e+02   2.0512771e+02   2.3500906e+02   1.1719190e+02   1.7229421e+02   1.9527487e+02   1.4852196e+02   1.0064115e+02   1.5438713e+02   7.4973150e+01   1.8659675e+02   0.0000000e+00   4.2607007e+01   9.5982983e+01   2.0644295e+02   1.3732927e+02   1.0040495e+02   1.2629448e+02   1.0891587e+02   1.8353688e+02   1.3294244e+02   1.3365405e+02   3.3534073e+01   2.1428552e+02   1.1036924e+02   4.8593659e+01   2.3930749e+01   6.5986640e+01   5.7677356e+01   1.3838582e+02   1.6858703e+02   1.2710569e+02   1.4016120e+02   9.3753686e+01   1.9250586e+02   1.8606401e+02   1.2265564e+02   1.2481010e+02   1.3633078e+02   1.0830190e+02   1.6702702e+02   1.1794147e+02   5.1455863e+01   2.1484785e+02   1.4450781e+02   3.8918745e+01   8.3543663e+01   1.4906059e+02   2.1375865e+02   1.3752646e+02   9.4654129e+01
  9.1197299e+01   5.7814920e+01   6.0500000e+01   7.5814341e+01   4.2740384e+01   3.7638255e+01   7.9929214e+01   9.4414855e+01   1.2218504e+02   5.9840121e+01   1.3441228e+02   1.2629448e+02   1.0970165e+02   3.1712978e+01   8.0690398e+01   1.1259929e+02   1.0588501e+02   8.3868159e+01   5.9934838e+01   3.8029988e+01   1.1994559e+02   1.3113786e+02   1.6531581e+02   7.0535705e+01   6.3589223e+01   4.1027768e+01   1.0417377e+02   4.2979407e+01   1.2710569e+02   9.1457408e+01   1.6651280e+02   1.6930832e+02   1.5324980e+02   6.1706617e+01   6.4632675e+01   6.7330008e+01   1.1784564e+02   1.6820510e+02   2.6175864e+01   1.1522794e+02   1.1658294e+02   3.9413365e+01   6.3500000e+01   8.7771129e+01   1.6278447e+02   3.8269035e+01   3.4041020e+01   6.5156786e+01   3.5901271e+01   1.7477134e+02   1.1052272e+02   1.7069548e+02   2.0644295e+02   9.5841491e+01   1.3850815e+02   1.6490575e+02   1.1123617e+02   1.0041621e+02   1.2947383e+02   9.4138934e+01   1.4478098e+02   4.2607007e+01   0.0000000e+00   7.6394664e+01   1.8319236e+02   1.1458878e+02   7.6985293e+01   8.4352549e+01   1.0953669e+02   1.4376374e+02   1.3304433e+02   9.4654129e+01   3.1277427e+01   1.8113015e+02   1.2402024e+02   6.4702804e+01   6.1688234e+01   3.2601402e+01   1.7270510e+01   9.6429662e+01   1.3736216e+02   9.8907317e+01   1.0162492e+02   9.8000000e+01   1.6281220e+02   1.5537091e+02   1.1485471e+02   1.2050000e+02   1.1214676e+02   6.9189519e+01   1.2503614e+02   8.5379326e+01   3.5805807e+01   1.8890382e+02   1.0525328e+02   3.0046573e+01   8.2617294e+01   1.1061471e+02   1.8800000e+02   1.1243860e+02   6.4702804e+01
  7.5559976e+01   7.4290243e+01   8.0998447e+01   3.4208308e+01   9.4904714e+01   4.5524993e+01   1.0289629e+02   6.7582039e+01   5.0452477e+01   1.2047187e+02   7.1015956e+01   5.4687176e+01   7.0278220e+01   5.4520829e+01   9.9930881e+01   8.2562476e+01   3.6749138e+01   1.0286332e+02   1.3169642e+02   9.4054797e+01   5.2222819e+01   1.0091041e+02   1.0725322e+02   7.5500000e+01   1.2471051e+02   9.6053650e+01   1.1187437e+02   4.1249233e+01   5.9669249e+01   1.7270510e+01   1.1739418e+02   1.0942314e+02   8.3665498e+01   6.4580028e+01   1.2143387e+02   9.3075645e+01   4.7934165e+01   1.0804069e+02   7.5514999e+01   8.3122636e+01   7.4548970e+01   8.0113127e+01   8.2384064e+01   1.2192590e+02   1.0117895e+02   9.1815388e+01   6.7110810e+01   7.9217851e+01   5.1698144e+01   1.0910249e+02   1.2581959e+02   1.1878144e+02   1.4071590e+02   2.1713203e+01   8.6837999e+01   1.0317059e+02   7.6542751e+01   4.6708765e+01   5.9306887e+01   7.8629700e+01   1.3603228e+02   9.5982983e+01   7.6394664e+01   0.0000000e+00   1.1099208e+02   4.1879343e+01   9.9868330e+00   1.0533916e+02   5.3575418e+01   1.1655387e+02   7.0471423e+01   7.3060320e+01   1.0516733e+02   1.2525276e+02   8.5736436e+01   6.6907831e+01   1.1929394e+02   4.7217235e+01   6.5624880e+01   1.1364813e+02   7.8802299e+01   3.6996575e+01   1.4070788e+02   5.3511791e+01   9.9783684e+01   9.4654129e+01   4.5098206e+01   5.4165631e+01   4.1304412e+01   1.1387658e+02   1.3530820e+02   4.0355991e+01   1.1156079e+02   1.1959660e+02   1.4080413e+02   5.8128118e+01   3.9064880e+01   8.1624904e+01   1.1846716e+02   4.2952915e+01   2.6306976e+01
  1.6894138e+02   1.8160908e+02   1.5948585e+02   1.1061471e+02   2.0534201e+02   1.4692490e+02   1.7111799e+02   1.5680259e+02   6.1706617e+01   2.3095878e+02   1.1052272e+02   5.7519733e+01   1.4674808e+02   1.5482514e+02   1.6647891e+02   1.0859371e+02   1.0190266e+02   1.6767431e+02   2.4113666e+02   2.0454411e+02   6.4227937e+01   1.0967074e+02   5.4270345e+01   1.4582206e+02   2.3519608e+02   2.0654126e+02   1.6111211e+02   1.4153191e+02   5.7618298e+01   1.0153588e+02   7.7469150e+01   4.9174942e+01   3.1820920e+01   1.7034478e+02   2.3176284e+02   1.6847991e+02   6.5849063e+01   4.8359168e+01   1.7367693e+02   1.0567129e+02   9.2000000e+01   1.9038483e+02   1.5880509e+02   1.9184850e+02   4.4819860e+01   2.0230436e+02   1.6240275e+02   1.5408711e+02   1.5077724e+02   3.0500000e+01   1.7631382e+02   7.1302542e+01   4.2607007e+01   8.9822450e+01   7.2013985e+01   4.4103326e+01   1.0250000e+02   1.2460177e+02   5.4270345e+01   1.7090026e+02   1.5324980e+02   2.0644295e+02   1.8319236e+02   1.1099208e+02   0.0000000e+00   6.9841546e+01   1.0760042e+02   1.7066242e+02   1.2223126e+02   1.1815203e+02   1.1228775e+02   1.1946428e+02   2.1350528e+02   6.3087938e+01   1.5482514e+02   1.7180236e+02   2.2969097e+02   1.5124813e+02   1.6906824e+02   1.7152631e+02   6.0518747e+01   8.5696831e+01   2.0934504e+02   1.3600738e+02   4.0888736e+01   4.8920037e+01   9.7826769e+01   1.0392389e+02   7.1651247e+01   1.9495115e+02   1.7635861e+02   1.0302804e+02   2.1670823e+02   1.7602631e+01   2.0608757e+02   1.6856695e+02   1.3362870e+02   1.1004109e+02   1.6160460e+01   7.1254858e+01   1.1938860e+02
  1.0855207e+02   1.1450987e+02   1.0117895e+02   4.7024187e+01   1.3626450e+02   7.9332100e+01   1.1846716e+02   9.7907649e+01   9.2464278e+00   1.6177616e+02   7.2951708e+01   1.3403488e+01   9.3512096e+01   8.7784019e+01   1.1439140e+02   7.2749567e+01   4.5724440e+01   1.1655387e+02   1.7192710e+02   1.3530820e+02   1.5797059e+01   8.6013157e+01   7.1397814e+01   9.0262186e+01   1.6601737e+02   1.3736216e+02   1.1794147e+02   7.4061199e+01   2.1553503e+01   3.5614100e+01   8.6642324e+01   7.2280917e+01   4.2526777e+01   1.0394564e+02   1.6281220e+02   1.1214676e+02   9.6241438e+00   7.0808250e+01   1.0785222e+02   7.1572146e+01   5.7932569e+01   1.2148967e+02   1.0140218e+02   1.3936144e+02   6.3464276e+01   1.3312070e+02   9.7305217e+01   9.7072512e+01   8.3989520e+01   6.8926968e+01   1.3345958e+02   8.6052615e+01   1.0005526e+02   2.0680436e+01   5.8400777e+01   6.5261099e+01   6.5278469e+01   6.8016665e+01   1.8624569e+01   1.1113453e+02   1.2884426e+02   1.3732927e+02   1.1458878e+02   4.1879343e+01   6.9841546e+01   0.0000000e+00   3.8358288e+01   1.1946428e+02   6.9906412e+01   1.0077587e+02   7.3631730e+01   7.2951708e+01   1.4456249e+02   8.9620705e+01   1.0618349e+02   1.0585298e+02   1.6066320e+02   8.3054527e+01   1.0134642e+02   1.2431135e+02   4.5898238e+01   2.3786262e+01   1.5817847e+02   7.8730429e+01   6.1282399e+01   5.7991304e+01   4.7481379e+01   5.7912978e+01   5.9083269e+00   1.3707416e+02   1.3892326e+02   4.3164388e+01   1.4884841e+02   7.8283353e+01   1.5657210e+02   9.9283855e+01   7.0760231e+01   7.2905110e+01   7.7132239e+01   8.9852814e+00   5.2222819e+01
  8.4714013e+01   8.1277472e+01   7.4594534e+01   2.5101829e+01   9.9420423e+01   4.3164388e+01   9.5794281e+01   7.6985293e+01   4.6415684e+01   1.2463803e+02   7.8297815e+01   5.0632325e+01   7.9702273e+01   5.2048521e+01   9.2600489e+01   7.3075822e+01   4.3766615e+01   9.5427604e+01   1.3407582e+02   9.8103791e+01   4.6415684e+01   9.1457408e+01   9.9964818e+01   6.7916615e+01   1.2887932e+02   1.0029228e+02   1.0343323e+02   3.8269035e+01   5.3913481e+01   2.3396506e+01   1.0905068e+02   1.0246691e+02   7.8988853e+01   7.2202510e+01   1.2610653e+02   8.6577000e+01   4.2926407e+01   1.0112306e+02   7.2889571e+01   7.3647112e+01   6.5278469e+01   8.5100532e+01   7.5739617e+01   1.1533575e+02   9.4474731e+01   9.6053650e+01   6.3500000e+01   7.2280917e+01   4.8710476e+01   1.0340044e+02   1.1765375e+02   1.1074745e+02   1.3521637e+02   1.9473666e+01   7.8456719e+01   9.6511718e+01   6.7077023e+01   5.5837600e+01   5.4604066e+01   8.7822677e+01   1.2667845e+02   1.0040495e+02   7.6985293e+01   9.9868330e+00   1.0760042e+02   3.8358288e+01   0.0000000e+00   9.8000000e+01   6.2346584e+01   1.0709503e+02   7.7920927e+01   6.3785069e+01   1.0674618e+02   1.1777851e+02   9.5095190e+01   7.4715901e+01   1.2382883e+02   4.6046679e+01   6.4580028e+01   1.0582094e+02   7.1254858e+01   2.8960499e+01   1.3423575e+02   6.2943975e+01   9.3366840e+01   8.7706651e+01   5.1500000e+01   6.1245370e+01   3.6624784e+01   1.0855207e+02   1.2672302e+02   3.0872685e+01   1.1164180e+02   1.1505130e+02   1.3400000e+02   6.2054854e+01   4.8523432e+01   7.2139724e+01   1.1399559e+02   3.7638255e+01   1.9473666e+01
  1.6150388e+02   1.3620648e+02   2.7541635e+01   7.5739617e+01   1.2651786e+02   7.1302542e+01   5.0000000e+00   1.5956367e+02   1.2232364e+02   1.4000806e+02   1.7571772e+02   1.2481010e+02   1.6917498e+02   6.6363495e+01   5.9083269e+00   6.5017440e+01   1.4122047e+02   3.5000000e+00   1.2905446e+02   1.2162906e+02   1.1380710e+02   7.4594534e+01   1.3047307e+02   3.0686918e+01   1.4307103e+02   1.2460177e+02   2.3347319e+01   7.1761841e+01   1.1774014e+02   1.2089311e+02   1.1997385e+02   1.3616503e+02   1.4012897e+02   1.3541664e+02   1.4603092e+02   1.7602631e+01   1.1615574e+02   1.3570817e+02   5.8749464e+01   6.8332514e+01   7.9929214e+01   1.2206480e+02   2.5101829e+01   2.1713203e+01   1.3365405e+02   1.2207405e+02   5.4270345e+01   2.7037709e+01   6.5399923e+01   1.4969534e+02   2.6696374e+01   1.2661602e+02   1.7648651e+02   1.1138846e+02   1.0311579e+02   1.3548333e+02   6.9646583e+01   1.4953691e+02   1.2408398e+02   1.6483046e+02   6.6517043e+01   1.2629448e+02   8.4352549e+01   1.0533916e+02   1.7066242e+02   1.1946428e+02   9.8000000e+01   0.0000000e+00   1.5745620e+02   8.0113127e+01   1.7525483e+02   5.1698144e+01   1.0427138e+02   1.4005644e+02   1.8510363e+02   1.3876876e+02   1.4303158e+02   7.5394926e+01   7.1651247e+01   1.2593387e+01   1.1123617e+02   9.6183071e+01   3.9615214e+01   1.5324980e+02   1.3586617e+02   1.2675866e+02   1.4896969e+02   1.5871267e+02   1.1439140e+02   3.2390437e+01   4.1249233e+01   7.6941154e+01   9.2588273e+01   1.6847991e+02   3.7607951e+01   1.0391301e+02   1.3626450e+02   6.3141839e+01   1.6820510e+02   1.1228775e+02   7.9545873e+01
  4.9336462e+01   7.4594534e+01   1.3198764e+02   8.6942177e+01   1.0746378e+02   9.1060753e+01   1.5470117e+02   3.6624784e+01   7.7058801e+01   1.3189349e+02   2.6394015e+01   8.0000000e+01   2.5238634e+01   9.9192705e+01   1.5206682e+02   1.3267886e+02   2.4686773e+01   1.5511646e+02   1.5171012e+02   1.0935082e+02   8.5153706e+01   1.4960483e+02   1.4000000e+02   1.2806175e+02   1.3570817e+02   1.1001027e+02   1.6493312e+02   8.8502841e+01   9.0699778e+01   4.1442032e+01   1.5604501e+02   1.4012897e+02   1.0530697e+02   6.2655048e+01   1.2974396e+02   1.4403832e+02   7.9017514e+01   1.3863037e+02   1.1865773e+02   1.3265332e+02   1.2166621e+02   9.2588273e+01   1.3372162e+02   1.7273893e+02   1.3113786e+02   1.0641742e+02   1.1322977e+02   1.3100862e+02   9.7768957e+01   1.3292545e+02   1.7874141e+02   1.5535639e+02   1.6100701e+02   5.8439624e+01   1.2729215e+02   1.3271290e+02   1.2594521e+02   9.6241438e+00   8.6000000e+01   5.0632325e+01   1.8780190e+02   1.0891587e+02   1.0953669e+02   5.3575418e+01   1.2223126e+02   6.9906412e+01   6.2346584e+01   1.5745620e+02   0.0000000e+00   1.6515874e+02   2.4686773e+01   1.2535191e+02   1.3113786e+02   1.5802857e+02   3.6780160e+01   6.2346584e+01   1.2866006e+02   8.9923151e+01   1.0538208e+02   1.6630259e+02   1.1529656e+02   8.1277472e+01   1.9114168e+02   1.6724981e+01   1.2831725e+02   1.2650000e+02   2.5238634e+01   1.9709373e+01   7.3493150e+01   1.6217328e+02   1.8838361e+02   9.1618055e+01   1.4319723e+02   1.3616503e+02   1.9187202e+02   8.1555537e+01   2.7541635e+01   1.3206462e+02   1.3473952e+02   7.6705315e+01   7.9017514e+01
  1.9062759e+02   1.7905671e+02   8.8502841e+01   8.5153706e+01   1.8321084e+02   1.1271965e+02   8.3231493e+01   1.8353688e+02   9.7490979e+01   2.0308887e+02   1.7286299e+02   9.7165661e+01   1.8549324e+02   1.1439140e+02   7.9017514e+01   3.5130189e+01   1.4205741e+02   7.7935457e+01   1.9913534e+02   1.7949721e+02   8.6942177e+01   1.6160460e+01   6.6106783e+01   7.4988254e+01   2.0685225e+02   1.8241482e+02   5.9991596e+01   1.0916462e+02   8.5379326e+01   1.2445665e+02   4.7096674e+01   7.2013985e+01   9.4654129e+01   1.7310432e+02   2.0757607e+02   8.9304561e+01   9.2600489e+01   7.2280917e+01   1.2084638e+02   3.4041020e+01   4.4103326e+01   1.7339086e+02   8.5907845e+01   9.8322543e+01   7.4061199e+01   1.7881713e+02   1.1058406e+02   8.2384064e+01   1.1081886e+02   8.9998603e+01   7.1015956e+01   5.4583269e+01   1.0854166e+02   1.0726376e+02   4.9174942e+01   7.5093901e+01   4.0524992e+01   1.6043827e+02   9.2783530e+01   1.9383714e+02   3.5805807e+01   1.8353688e+02   1.4376374e+02   1.1655387e+02   1.1815203e+02   1.0077587e+02   1.0709503e+02   8.0113127e+01   1.6515874e+02   0.0000000e+00   1.7337134e+02   5.0564958e+01   1.7126958e+02   6.8266142e+01   2.0029302e+02   1.7616018e+02   2.0468741e+02   1.1887652e+02   1.2722115e+02   7.3739334e+01   6.3802844e+01   8.4419604e+01   1.1053295e+02   1.6890799e+02   7.7819144e+01   6.9857768e+01   1.4619317e+02   1.5697524e+02   9.5770667e+01   1.1187437e+02   6.4930195e+01   7.6985293e+01   1.6426813e+02   1.0935082e+02   1.0516733e+02   1.4991385e+02   1.5511646e+02   3.6531236e+01   1.0967074e+02   9.2441558e+01   9.8288036e+01
  6.9565187e+01   9.8218985e+01   1.5085957e+02   1.0171388e+02   1.3148187e+02   1.1199552e+02   1.7286299e+02   5.7103887e+01   7.8802299e+01   1.5566846e+02   2.6213203e+00   8.0676368e+01   4.0860872e+01   1.2050937e+02   1.6984728e+02   1.4300000e+02   3.4705263e+01   1.7273893e+02   1.7585250e+02   1.3346804e+02   8.8541184e+01   1.5822841e+02   1.3909383e+02   1.4527914e+02   1.5942215e+02   1.3407582e+02   1.8045624e+02   1.0885359e+02   9.2527170e+01   5.5100824e+01   1.5771403e+02   1.3818170e+02   1.0127946e+02   8.6420021e+01   1.5326452e+02   1.6295076e+02   8.2439002e+01   1.3669471e+02   1.4061156e+02   1.4243837e+02   1.2992662e+02   1.1669918e+02   1.5231897e+02   1.9180146e+02   1.2926432e+02   1.3052500e+02   1.3429462e+02   1.4918927e+02   1.1865773e+02   1.2800882e+02   1.9494537e+02   1.5587857e+02   1.5324980e+02   6.8514704e+01   1.3113786e+02   1.3055095e+02   1.3581630e+02   3.3534073e+01   8.6420021e+01   7.0100647e+01   1.9915800e+02   1.3294244e+02   1.3304433e+02   7.0471423e+01   1.1228775e+02   7.3631730e+01   7.7920927e+01   1.7525483e+02   2.4686773e+01   1.7337134e+02   0.0000000e+00   1.3840214e+02   1.5526191e+02   1.5642065e+02   4.4103326e+01   8.5881497e+01   1.5228933e+02   1.1156079e+02   1.2789407e+02   1.8324162e+02   1.1766335e+02   9.0500000e+01   2.1050536e+02   3.9873214e+01   1.2590036e+02   1.2581959e+02   2.8158633e+01   1.7470563e+01   7.8326731e+01   1.8269289e+02   2.0342178e+02   1.0444470e+02   1.6706080e+02   1.2777922e+02   2.1074093e+02   1.0550000e+02   5.1522054e+01   1.4271551e+02   1.2629448e+02   8.1680355e+01   9.6218337e+01
  1.4390502e+02   1.2953488e+02   4.5500000e+01   3.9413365e+01   1.3329025e+02   6.2655048e+01   5.2288030e+01   1.3814084e+02   7.4061199e+01   1.5377182e+02   1.3838582e+02   7.5933746e+01   1.4273924e+02   6.4580028e+01   4.7600955e+01   1.8809833e+01   1.0463933e+02   4.8710476e+01   1.5176963e+02   1.2969172e+02   6.4580028e+01   3.7027387e+01   8.1680355e+01   3.0500000e+01   1.5762813e+02   1.3258520e+02   4.5624827e+01   5.9172822e+01   6.7582039e+01   8.4834157e+01   7.5814341e+01   8.7046230e+01   8.9012711e+01   1.2423864e+02   1.5799286e+02   5.1522054e+01   6.7916615e+01   8.6406926e+01   7.3323417e+01   2.1819006e+01   2.9469812e+01   1.2332610e+02   4.3766615e+01   7.2889571e+01   8.3543663e+01   1.2892313e+02   6.2273781e+01   3.9210464e+01   6.0892466e+01   9.9204103e+01   6.1245370e+01   8.1360992e+01   1.2737198e+02   7.0535705e+01   5.3511791e+01   8.5472054e+01   2.0057607e+01   1.1911387e+02   7.4366434e+01   1.4720123e+02   6.3571388e+01   1.3365405e+02   9.4654129e+01   7.3060320e+01   1.1946428e+02   7.2951708e+01   6.3785069e+01   5.1698144e+01   1.2535191e+02   5.0564958e+01   1.3840214e+02   0.0000000e+00   1.2332610e+02   9.3801929e+01   1.5828546e+02   1.2738972e+02   1.5513829e+02   6.8811785e+01   7.7935457e+01   5.3533009e+01   6.0218088e+01   5.0429951e+01   9.0512499e+01   1.2597211e+02   8.5419079e+01   7.6394664e+01   1.1080866e+02   1.2143387e+02   6.7582039e+01   7.7935457e+01   6.6653231e+01   3.4507352e+01   1.1840038e+02   1.1765375e+02   8.7616302e+01   9.9908249e+01   1.1061471e+02   1.6724981e+01   1.1731716e+02   6.4930195e+01   5.0789164e+01
  1.0251103e+02   6.5486537e+01   8.4566938e+01   1.0658723e+02   3.4705263e+01   6.8415389e+01   9.9783684e+01   1.0905068e+02   1.5236343e+02   3.6996575e+01   1.5685297e+02   1.5651442e+02   1.2629448e+02   6.2164414e+01   1.0171388e+02   1.4153191e+02   1.3148187e+02   1.0453125e+02   2.9314059e+01   2.9624732e+01   1.5050000e+02   1.5948585e+02   1.9594948e+02   9.6885943e+01   3.9615214e+01   3.1423292e+01   1.2608861e+02   7.3754693e+01   1.5771403e+02   1.1918024e+02   1.9650128e+02   2.0000564e+02   1.8380098e+02   7.4045904e+01   4.3792609e+01   8.8323687e+01   1.4821002e+02   1.9891434e+02   5.0923209e+01   1.4432020e+02   1.4662495e+02   4.3190748e+01   8.7461198e+01   1.0190266e+02   1.9354015e+02   3.2142535e+01   6.1559397e+01   9.0161865e+01   6.6397648e+01   2.0553963e+02   1.2950872e+02   2.0090022e+02   2.3721977e+02   1.2536092e+02   1.6894138e+02   1.9566147e+02   1.4073997e+02   1.2223126e+02   1.5988162e+02   1.0485516e+02   1.6847991e+02   3.3534073e+01   3.1277427e+01   1.0516733e+02   2.1350528e+02   1.4456249e+02   1.0674618e+02   1.0427138e+02   1.3113786e+02   1.7126958e+02   1.5526191e+02   1.2332610e+02   0.0000000e+00   2.1157937e+02   1.3879317e+02   7.6171990e+01   4.0888736e+01   6.3303264e+01   4.7361498e+01   1.1615574e+02   1.6809773e+02   1.2957846e+02   1.1156079e+02   1.1753846e+02   1.9358677e+02   1.8611856e+02   1.4025783e+02   1.4453906e+02   1.4236702e+02   8.1138080e+01   1.4453125e+02   1.1611682e+02   1.8562392e+01   2.1954623e+02   1.1655387e+02   5.0811529e+01   1.0427138e+02   1.3949101e+02   2.1862496e+02   1.4280249e+02   9.5380188e+01
  1.9732035e+02   1.9855113e+02   1.3880130e+02   1.0703169e+02   2.1353169e+02   1.4453125e+02   1.4204946e+02   1.8696514e+02   8.1721918e+01   2.3726254e+02   1.5514556e+02   7.8557671e+01   1.8222300e+02   1.4995902e+02   1.3736216e+02   7.6661014e+01   1.3413476e+02   1.3735394e+02   2.4039216e+02   2.1118994e+02   7.5229512e+01   6.6907831e+01   1.8748288e+01   1.2380146e+02   2.4140766e+02   2.1375865e+02   1.2382883e+02   1.3948291e+02   6.8597357e+01   1.2406577e+02   2.1713203e+01   1.8748288e+01   5.6161926e+01   1.8929751e+02   2.3999791e+02   1.4407751e+02   8.0900560e+01   2.0229420e+01   1.6385544e+02   7.3323417e+01   6.6295137e+01   2.0044499e+02   1.3703296e+02   1.6043124e+02   2.7666155e+01   2.0964648e+02   1.5220778e+02   1.3250852e+02   1.4574462e+02   3.3805405e+01   1.3693405e+02   1.4329317e+01   4.1110959e+01   1.0674618e+02   4.3138011e+01   2.6394015e+01   7.4305488e+01   1.5696086e+02   7.2562473e+01   2.0000564e+02   1.0251103e+02   2.1428552e+02   1.8113015e+02   1.2525276e+02   6.3087938e+01   8.9620705e+01   1.1777851e+02   1.4005644e+02   1.5802857e+02   6.8266142e+01   1.5642065e+02   9.3801929e+01   2.1157937e+02   0.0000000e+00   1.9400581e+02   1.9166027e+02   2.3742879e+02   1.5029736e+02   1.6472089e+02   1.3673601e+02   4.7024187e+01   8.9355219e+01   1.7506804e+02   1.6781557e+02   3.1094117e+01   3.2142535e+01   1.3403370e+02   1.4328393e+02   8.7305818e+01   1.6980741e+02   1.3244885e+02   9.7025903e+01   2.0947428e+02   4.8803727e+01   1.7033816e+02   1.7635861e+02   1.5935843e+02   7.8730429e+01   4.9703658e+01   8.4633822e+01   1.2013382e+02
  3.8000000e+01   7.4548970e+01   1.5854192e+02   1.1938860e+02   1.0887435e+02   1.1522794e+02   1.8187599e+02   3.0387288e+01   1.1324972e+02   1.2963946e+02   4.6120719e+01   1.1608763e+02   1.6445219e+01   1.2208330e+02   1.7983000e+02   1.6712833e+02   6.0966933e+01   1.8304452e+02   1.5368371e+02   1.1231793e+02   1.2143387e+02   1.8466433e+02   1.7605768e+02   1.5702556e+02   1.3280646e+02   1.1199552e+02   1.9521132e+02   1.1399559e+02   1.2693674e+02   7.6394664e+01   1.9232414e+02   1.7600641e+02   1.4051518e+02   6.5261099e+01   1.2557698e+02   1.7025865e+02   1.1529656e+02   1.7450647e+02   1.3903700e+02   1.6735098e+02   1.5703274e+02   9.6429662e+01   1.6066320e+02   1.9819294e+02   1.6700676e+02   1.0934048e+02   1.3614015e+02   1.5862732e+02   1.2171262e+02   1.6797015e+02   2.0811322e+02   1.9158964e+02   1.9495115e+02   9.4042771e+01   1.6351074e+02   1.6852678e+02   1.6066320e+02   4.0355991e+01   1.2208330e+02   3.6624784e+01   2.2126515e+02   1.1036924e+02   1.2402024e+02   8.5736436e+01   1.5482514e+02   1.0618349e+02   9.5095190e+01   1.8510363e+02   3.6780160e+01   2.0029302e+02   4.4103326e+01   1.5828546e+02   1.3879317e+02   1.9400581e+02   0.0000000e+00   6.3159796e+01   1.2532488e+02   1.1247879e+02   1.2452016e+02   1.9495115e+02   1.5157614e+02   1.1673790e+02   2.1580095e+02   3.2949961e+01   1.6406191e+02   1.6256249e+02   6.0518747e+01   5.2048521e+01   1.0975315e+02   1.8500610e+02   2.1890330e+02   1.2528882e+02   1.5380117e+02   1.6970771e+02   2.1738361e+02   9.4474731e+01   4.9474483e+01   1.6635687e+02   1.6824534e+02   1.1294999e+02   1.0950573e+02
  2.7332816e+01   1.2869317e+01   1.1186427e+02   9.2049167e+01   4.7096674e+01   6.9320418e+01   1.3483168e+02   3.3636083e+01   1.1458878e+02   7.0358786e+01   8.7784019e+01   1.1865773e+02   5.1500000e+01   7.2951708e+01   1.3400843e+02   1.4157179e+02   7.2749567e+01   1.3736216e+02   9.2110589e+01   5.0022722e+01   1.1808508e+02   1.6102803e+02   1.7365095e+02   1.1532596e+02   7.4061199e+01   5.0022722e+01   1.5397720e+02   7.0760231e+01   1.2538795e+02   7.1254858e+01   1.8321084e+02   1.7571772e+02   1.4766827e+02   3.8541020e+00   6.7916615e+01   1.2218504e+02   1.1322977e+02   1.7431887e+02   8.4620449e+01   1.4300789e+02   1.3752646e+02   3.3805405e+01   1.1453947e+02   1.4750765e+02   1.6735098e+02   4.7024187e+01   8.5405830e+01   1.1396585e+02   7.4366434e+01   1.7425414e+02   1.6418567e+02   1.8495731e+02   2.0534750e+02   8.6406926e+01   1.5262248e+02   1.6930832e+02   1.3700824e+02   5.4853013e+01   1.2394736e+02   3.0084624e+01   1.8825782e+02   4.8593659e+01   6.4702804e+01   6.6907831e+01   1.7180236e+02   1.0585298e+02   7.4715901e+01   1.3876876e+02   6.2346584e+01   1.7616018e+02   8.5881497e+01   1.2738972e+02   7.6171990e+01   1.9166027e+02   6.3159796e+01   0.0000000e+00   6.6907831e+01   6.4316142e+01   6.9841546e+01   1.5009445e+02   1.4519364e+02   1.0311579e+02   1.6336574e+02   4.6513585e+01   1.6575208e+02   1.6096495e+02   7.9702273e+01   7.9759069e+01   1.0652358e+02   1.3117230e+02   1.7717555e+02   1.0127946e+02   9.1618055e+01   1.8273611e+02   1.6613288e+02   3.6624784e+01   3.9873214e+01   1.4012897e+02   1.8147859e+02   1.0863533e+02   7.8500000e+01
  8.7964278e+01   5.4583269e+01   1.2109851e+02   1.3093102e+02   2.4918231e+01   9.4474731e+01   1.3853260e+02   9.8172924e+01   1.6917498e+02   5.9083269e+00   1.5418962e+02   1.7341689e+02   1.1641807e+02   9.1110430e+01   1.4000806e+02   1.7273893e+02   1.3633078e+02   1.4300000e+02   3.3431748e+01   2.6739284e+01   1.6970771e+02   1.9166027e+02   2.2059146e+02   1.3171357e+02   8.0000000e+00   2.4217082e+01   1.6411005e+02   9.9112879e+01   1.7719465e+02   1.2957846e+02   2.2456305e+02   2.2391945e+02   2.0220399e+02   6.6517043e+01   3.5000000e+00   1.2650893e+02   1.6618042e+02   2.2268236e+02   8.6472379e+01   1.7518400e+02   1.7494555e+02   3.9873214e+01   1.2408398e+02   1.4204946e+02   2.1654687e+02   2.8401613e+01   9.5225920e+01   1.2608861e+02   9.4952369e+01   2.2656747e+02   1.6874090e+02   2.2807526e+02   2.5843895e+02   1.4050714e+02   1.9529797e+02   2.1864044e+02   1.7069548e+02   1.2084638e+02   1.7778579e+02   8.9203157e+01   2.0557803e+02   2.3930749e+01   6.1688234e+01   1.1929394e+02   2.2969097e+02   1.6066320e+02   1.2382883e+02   1.4303158e+02   1.2866006e+02   2.0468741e+02   1.5228933e+02   1.5513829e+02   4.0888736e+01   2.3742879e+02   1.2532488e+02   6.6907831e+01   0.0000000e+00   8.8400512e+01   7.7993548e+01   1.5506552e+02   1.9187202e+02   1.5050000e+02   1.5194058e+02   1.1291997e+02   2.1590021e+02   2.0940428e+02   1.4415584e+02   1.4549655e+02   1.5972625e+02   1.2140596e+02   1.8365362e+02   1.4097242e+02   5.7618298e+01   2.3823935e+02   1.5693929e+02   6.2346584e+01   1.0447716e+02   1.7082102e+02   2.3714372e+02   1.6094392e+02   1.1784564e+02
  8.6642324e+01   6.3464276e+01   4.8359168e+01   4.4103326e+01   6.5486537e+01   6.6846584e+00   7.1651247e+01   8.5379326e+01   9.0412457e+01   8.7771129e+01   1.1258925e+02   9.4474731e+01   9.6804206e+01   1.0104686e+01   7.0471423e+01   8.5630782e+01   8.0690398e+01   7.3816096e+01   9.1741438e+01   6.2346584e+01   8.7874195e+01   1.0495214e+02   1.3403370e+02   5.1807894e+01   9.1852340e+01   6.5121978e+01   9.0212039e+01   1.1316654e+01   9.5011904e+01   6.3517855e+01   1.3673601e+02   1.3782170e+02   1.2117311e+02   6.0966933e+01   9.1122845e+01   5.9306887e+01   8.5907845e+01   1.3667819e+02   2.9624732e+01   8.7861319e+01   8.7046230e+01   5.5018346e+01   5.0923209e+01   8.6420021e+01   1.3106895e+02   6.1245370e+01   2.4217082e+01   5.0158836e+01   1.0562306e+01   1.4277087e+02   1.0047250e+02   1.4044285e+02   1.7450000e+02   6.5017440e+01   1.0784174e+02   1.3318855e+02   8.3040899e+01   8.1068294e+01   9.7490979e+01   8.9960885e+01   1.2608861e+02   6.5986640e+01   3.2601402e+01   4.7217235e+01   1.5124813e+02   8.3054527e+01   4.6046679e+01   7.5394926e+01   8.9923151e+01   1.1887652e+02   1.1156079e+02   6.8811785e+01   6.3303264e+01   1.5029736e+02   1.1247879e+02   6.4316142e+01   8.8400512e+01   0.0000000e+00   1.9053975e+01   8.6459293e+01   1.0576752e+02   6.6806108e+01   1.0382594e+02   8.2067457e+01   1.3096551e+02   1.2370106e+02   8.9620705e+01   9.6990932e+01   8.0352990e+01   7.3323417e+01   1.1335943e+02   5.3913481e+01   6.6295137e+01   1.5680259e+02   1.0555356e+02   3.2035694e+01   6.5069730e+01   8.3814164e+01   1.5590029e+02   8.0507812e+01   3.2601402e+01
  9.4904714e+01   6.5624880e+01   4.6120719e+01   6.0236923e+01   5.7578893e+01   2.2647235e+01   6.7397309e+01   9.5900472e+01   1.0852083e+02   7.6394664e+01   1.2905446e+02   1.1252901e+02   1.0934048e+02   1.5349242e+01   6.7464543e+01   9.5841491e+01   9.8184441e+01   7.0760231e+01   7.6171990e+01   5.3341745e+01   1.0545713e+02   1.1444077e+02   1.4912873e+02   5.4687176e+01   8.0211982e+01   5.6323382e+01   9.0023740e+01   2.8036340e+01   1.1243860e+02   8.1721918e+01   1.4985361e+02   1.5324980e+02   1.3867109e+02   6.6568147e+01   8.0900560e+01   5.4583269e+01   1.0382594e+02   1.5217811e+02   1.5349242e+01   9.8460451e+01   9.9930881e+01   5.1101383e+01   4.9082404e+01   7.8297815e+01   1.4693258e+02   5.3085644e+01   1.8562392e+01   5.0090826e+01   1.9591883e+01   1.5933718e+02   9.7768957e+01   1.5412373e+02   1.9085821e+02   8.3543663e+01   1.2208330e+02   1.4905302e+02   9.4474731e+01   9.6335797e+01   1.1530636e+02   9.8080736e+01   1.2950872e+02   5.7677356e+01   1.7270510e+01   6.5624880e+01   1.6906824e+02   1.0134642e+02   6.4580028e+01   7.1651247e+01   1.0538208e+02   1.2722115e+02   1.2789407e+02   7.7935457e+01   4.7361498e+01   1.6472089e+02   1.2452016e+02   6.9841546e+01   7.7993548e+01   1.9053975e+01   0.0000000e+00   8.3543663e+01   1.2143387e+02   8.4137611e+01   9.4054797e+01   9.5841491e+01   1.4711685e+02   1.3948291e+02   1.0716888e+02   1.1399559e+02   9.8460451e+01   6.2018290e+01   1.1182385e+02   6.9516302e+01   4.8147141e+01   1.7401441e+02   9.6804206e+01   3.3805405e+01   7.9332100e+01   9.3862198e+01   1.7316297e+02   9.8448966e+01   5.0181485e+01
  1.7237932e+02   1.4785162e+02   3.8742646e+01   8.2562476e+01   1.3860594e+02   8.2067457e+01   1.7068042e+01   1.7000664e+02   1.2640175e+02   1.5200000e+02   1.8359833e+02   1.2856346e+02   1.7900630e+02   7.7644345e+01   1.6655494e+01   6.3944858e+01   1.4906817e+02   1.3316006e+01   1.4057141e+02   1.3372162e+02   1.1731716e+02   7.0423172e+01   1.2856346e+02   3.8742646e+01   1.5502912e+02   1.3669471e+02   1.4329317e+01   8.2108823e+01   1.2059371e+02   1.2866883e+02   1.1611682e+02   1.3440388e+02   1.4162760e+02   1.4674038e+02   1.5806427e+02   2.9624732e+01   1.2021842e+02   1.3407582e+02   7.0808250e+01   6.7110810e+01   8.0056584e+01   1.3403370e+02   3.6059809e+01   2.5101829e+01   1.3267886e+02   1.3416002e+02   6.5986640e+01   3.7119667e+01   7.6409486e+01   1.4899242e+02   1.4730249e+01   1.2306019e+02   1.7442240e+02   1.1794147e+02   1.0211324e+02   1.3440388e+02   6.9565187e+01   1.5862732e+02   1.2729215e+02   1.7571772e+02   5.6182134e+01   1.3838582e+02   9.6429662e+01   1.1364813e+02   1.7152631e+02   1.2431135e+02   1.0582094e+02   1.2593387e+01   1.6630259e+02   7.3739334e+01   1.8324162e+02   5.3533009e+01   1.1615574e+02   1.3673601e+02   1.9495115e+02   1.5009445e+02   1.5506552e+02   8.6459293e+01   8.3543663e+01   0.0000000e+00   1.1159118e+02   1.0110070e+02   3.9064880e+01   1.6286764e+02   1.3520802e+02   1.2608861e+02   1.5651442e+02   1.6651958e+02   1.1908541e+02   4.1442032e+01   2.9157460e+01   8.2439002e+01   1.0407606e+02   1.6813800e+02   3.5130189e+01   1.1554130e+02   1.4600000e+02   6.2291990e+01   1.6797015e+02   1.1673790e+02   8.7887070e+01
  1.5176219e+02   1.5202970e+02   1.0273136e+02   6.2164414e+01   1.6777522e+02   1.0029228e+02   1.1199552e+02   1.4189042e+02   3.9442265e+01   1.9196018e+02   1.1673790e+02   3.7547267e+01   1.3870365e+02   1.0658723e+02   1.0729537e+02   4.8593659e+01   9.1110430e+01   1.0827059e+02   1.9679378e+02   1.6567037e+02   3.0649627e+01   5.2157526e+01   2.9353076e+01   8.8285249e+01   1.9614509e+02   1.6815813e+02   1.0110070e+02   9.5047607e+01   2.5644582e+01   7.8730429e+01   4.1249233e+01   3.2601402e+01   3.2284430e+01   1.4280249e+02   1.9437174e+02   1.1056362e+02   3.6780160e+01   3.1423292e+01   1.2260037e+02   4.5724440e+01   3.2035694e+01   1.5436520e+02   1.0162492e+02   1.3244885e+02   2.6044080e+01   1.6400000e+02   1.1090041e+02   9.6885943e+01   1.0234547e+02   4.0101136e+01   1.1635012e+02   4.1110959e+01   7.0423172e+01   6.0966933e+01   1.5349242e+01   2.8158633e+01   4.2526777e+01   1.1308996e+02   3.2035694e+01   1.5455518e+02   9.7119097e+01   1.6858703e+02   1.3736216e+02   7.8802299e+01   6.0518747e+01   4.5898238e+01   7.1254858e+01   1.1123617e+02   1.1529656e+02   6.3802844e+01   1.1766335e+02   6.0218088e+01   1.6809773e+02   4.7024187e+01   1.5157614e+02   1.4519364e+02   1.9187202e+02   1.0576752e+02   1.2143387e+02   1.1159118e+02   0.0000000e+00   4.2846783e+01   1.4961237e+02   1.2350000e+02   2.6739284e+01   1.8562392e+01   9.2588273e+01   1.0273136e+02   4.2526777e+01   1.3714004e+02   1.1699893e+02   5.2483170e+01   1.6778195e+02   5.7991304e+01   1.4619317e+02   1.3041247e+02   1.1380710e+02   5.0022722e+01   5.7618298e+01   3.9500000e+01   7.4609716e+01
  1.1154053e+02   1.0970165e+02   7.8500000e+01   2.5644582e+01   1.2622291e+02   6.2073127e+01   9.5225920e+01   1.0267632e+02   2.7541635e+01   1.5089697e+02   9.0224579e+01   3.0835623e+01   1.0236756e+02   6.9711632e+01   9.1122845e+01   5.3000000e+01   5.8206152e+01   9.3269877e+01   1.5783563e+02   1.2442942e+02   2.1976732e+01   6.8926968e+01   7.1635434e+01   6.7110810e+01   1.5511646e+02   1.2680321e+02   9.5095190e+01   5.6664936e+01   2.8801943e+01   4.0888736e+01   8.0900560e+01   7.4366434e+01   5.5038977e+01   1.0064115e+02   1.5291063e+02   8.9203157e+01   2.1713203e+01   7.3060320e+01   8.8541184e+01   5.2504807e+01   4.0888736e+01   1.1243860e+02   7.8557671e+01   1.1615574e+02   6.6653231e+01   1.2260037e+02   7.7396034e+01   7.4137626e+01   6.5624880e+01   7.6896989e+01   1.1052272e+02   8.2356582e+01   1.0877049e+02   2.3347319e+01   5.0362310e+01   6.8729392e+01   4.5848649e+01   7.6941154e+01   3.2284430e+01   1.1450987e+02   1.0920603e+02   1.2710569e+02   9.8907317e+01   3.6996575e+01   8.5696831e+01   2.3786262e+01   2.8960499e+01   9.6183071e+01   8.1277472e+01   8.4419604e+01   9.0500000e+01   5.0429951e+01   1.2957846e+02   8.9355219e+01   1.1673790e+02   1.0311579e+02   1.5050000e+02   6.6806108e+01   8.4137611e+01   1.0110070e+02   4.2846783e+01   0.0000000e+00   1.3494051e+02   8.6105198e+01   6.5900688e+01   5.9669249e+01   6.2925956e+01   7.3739334e+01   1.8748288e+01   1.1450987e+02   1.1658294e+02   2.0057607e+01   1.3169642e+02   9.0500000e+01   1.3329025e+02   8.8732647e+01   7.4061199e+01   5.2742224e+01   8.9608080e+01   1.7000000e+01   3.4705263e+01
  1.8831174e+02   1.5831397e+02   6.0218088e+01   1.1342918e+02   1.4078008e+02   1.0130179e+02   4.0214607e+01   1.8838361e+02   1.6130112e+02   1.4785162e+02   2.1114722e+02   1.6385544e+02   2.0009021e+02   9.4222996e+01   4.4411844e+01   1.0234547e+02   1.7694617e+02   4.2607007e+01   1.3020447e+02   1.3544165e+02   1.5289587e+02   1.0866654e+02   1.6712833e+02   6.8531243e+01   1.5003428e+02   1.3818170e+02   5.1764022e+01   1.0325821e+02   1.5685297e+02   1.5691771e+02   1.5429207e+02   1.7296739e+02   1.7902521e+02   1.6010733e+02   1.5482514e+02   4.8170746e+01   1.5514556e+02   1.7263440e+02   7.9246428e+01   1.0555356e+02   1.1811377e+02   1.4044285e+02   5.9000000e+01   1.9473666e+01   1.7115755e+02   1.3670297e+02   8.0226094e+01   6.2655048e+01   9.4701911e+01   1.8742311e+02   4.0440581e+01   1.6133610e+02   2.1297647e+02   1.4896969e+02   1.4057141e+02   1.7290215e+02   1.0767392e+02   1.8273611e+02   1.6319296e+02   1.9152487e+02   8.6472379e+01   1.4016120e+02   1.0162492e+02   1.4070788e+02   2.0934504e+02   1.5817847e+02   1.3423575e+02   3.9615214e+01   1.9114168e+02   1.1053295e+02   2.1050536e+02   9.0512499e+01   1.1156079e+02   1.7506804e+02   2.1580095e+02   1.6336574e+02   1.5194058e+02   1.0382594e+02   9.4054797e+01   3.9064880e+01   1.4961237e+02   1.3494051e+02   0.0000000e+00   1.8500610e+02   1.7361846e+02   1.6449466e+02   1.8509754e+02   1.9437174e+02   1.5318350e+02   3.2949961e+01   5.1455863e+01   1.1553152e+02   9.5522366e+01   2.0648119e+02   7.2082039e+00   1.2725666e+02   1.6790968e+02   1.0062992e+02   2.0627901e+02   1.5117349e+02   1.1533575e+02
  3.3805405e+01   5.8845951e+01   1.2693674e+02   8.7059228e+01   9.2282351e+01   8.4204839e+01   1.5014708e+02   2.1338666e+01   8.6642324e+01   1.1630155e+02   4.1770449e+01   9.0023740e+01   1.7270510e+01   9.1618055e+01   1.4793558e+02   1.3533323e+02   3.5130189e+01   1.5111374e+02   1.3690106e+02   9.4474731e+01   9.3548375e+01   1.5324980e+02   1.4961237e+02   1.2481915e+02   1.2004915e+02   9.4952369e+01   1.6284685e+02   8.2507622e+01   9.9783684e+01   4.5898238e+01   1.6406191e+02   1.5027483e+02   1.1693131e+02   4.7072524e+01   1.1391627e+02   1.3879317e+02   8.7616302e+01   1.4878773e+02   1.0984578e+02   1.3570817e+02   1.2601693e+02   7.7717226e+01   1.2894941e+02   1.6706080e+02   1.4135631e+02   9.1506868e+01   1.0576752e+02   1.2672302e+02   9.0824415e+01   1.4457030e+02   1.7589741e+02   1.6402752e+02   1.7365095e+02   6.3944858e+01   1.3441228e+02   1.4305525e+02   1.2905446e+02   1.1923660e+01   9.5959415e+01   3.5485711e+01   1.8900530e+02   9.3753686e+01   9.8000000e+01   5.3511791e+01   1.3600738e+02   7.8730429e+01   6.2943975e+01   1.5324980e+02   1.6724981e+01   1.6890799e+02   3.9873214e+01   1.2597211e+02   1.1753846e+02   1.6781557e+02   3.2949961e+01   4.6513585e+01   1.1291997e+02   8.2067457e+01   9.5841491e+01   1.6286764e+02   1.2350000e+02   8.6105198e+01   1.8500610e+02   0.0000000e+00   1.3884197e+02   1.3617332e+02   3.8830797e+01   3.5517853e+01   8.1513888e+01   1.5489074e+02   1.8652419e+02   9.3269877e+01   1.3055095e+02   1.4924223e+02   1.8627002e+02   6.9058369e+01   1.7602631e+01   1.3447948e+02   1.4785162e+02   8.4500000e+01   7.7058801e+01
  1.6930832e+02   1.7357296e+02   1.2873903e+02   8.7500000e+01   1.9161907e+02   1.2567588e+02   1.3693405e+02   1.5848497e+02   5.2892748e+01   2.1626028e+02   1.2460177e+02   4.9336462e+01   1.5274076e+02   1.3229530e+02   1.3220137e+02   7.1777626e+01   1.0469333e+02   1.3294244e+02   2.2218051e+02   1.8981521e+02   4.8170746e+01   7.0084481e+01   1.5500000e+01   1.1415408e+02   2.2047386e+02   1.9220094e+02   1.2382883e+02   1.2035929e+02   4.0888736e+01   9.6335797e+01   3.8683766e+01   1.2869317e+01   2.5644582e+01   1.6362112e+02   2.1831012e+02   1.3621477e+02   5.3171150e+01   1.1420165e+01   1.4871943e+02   6.8597357e+01   5.6544625e+01   1.7772867e+02   1.2754035e+02   1.5701837e+02   4.7426407e+00   1.8800000e+02   1.3703296e+02   1.2281210e+02   1.2806175e+02   1.4329317e+01   1.3857335e+02   3.3805405e+01   4.4309246e+01   7.9886712e+01   3.3636083e+01   5.2434165e+00   6.6721220e+01   1.2777922e+02   4.3453463e+01   1.7185489e+02   1.1300000e+02   1.9250586e+02   1.6281220e+02   9.9783684e+01   4.0888736e+01   6.1282399e+01   9.3366840e+01   1.3586617e+02   1.2831725e+02   7.7819144e+01   1.2590036e+02   8.5419079e+01   1.9358677e+02   3.1094117e+01   1.6406191e+02   1.6575208e+02   2.1590021e+02   1.3096551e+02   1.4711685e+02   1.3520802e+02   2.6739284e+01   6.5900688e+01   1.7361846e+02   1.3884197e+02   0.0000000e+00   9.6241438e+00   1.0404347e+02   1.1303999e+02   5.9840121e+01   1.6274981e+02   1.3740325e+02   7.8109600e+01   1.9376730e+02   3.3534073e+01   1.6980741e+02   1.5412373e+02   1.3154198e+02   7.3493150e+01   3.3500000e+01   5.7618298e+01   9.9283855e+01
  1.6582695e+02   1.6833921e+02   1.1993618e+02   8.0113127e+01   1.8521938e+02   1.1827627e+02   1.2784991e+02   1.5537091e+02   5.0090826e+01   2.0960344e+02   1.2464709e+02   4.7000000e+01   1.5061995e+02   1.2463803e+02   1.2311525e+02   6.2655048e+01   1.0254411e+02   1.2383795e+02   2.1479536e+02   1.8324162e+02   4.3792609e+01   6.1411822e+01   1.4000000e+01   1.0528550e+02   2.1380084e+02   1.8568774e+02   1.1474644e+02   1.1301000e+02   3.6996575e+01   9.2588273e+01   3.4208308e+01   1.5273287e+01   2.8401613e+01   1.5871267e+02   2.1186698e+02   1.2725666e+02   4.9336462e+01   1.3916408e+01   1.4061156e+02   5.9478810e+01   4.7481379e+01   1.7158550e+02   1.1868629e+02   1.4790505e+02   8.0000000e+00   1.8150967e+02   1.2890561e+02   1.1396585e+02   1.2039683e+02   2.3445588e+01   1.2953488e+02   3.0872685e+01   5.2504807e+01   7.5500000e+01   2.4546829e+01   1.0104686e+01   5.7618298e+01   1.2532488e+02   4.1000000e+01   1.6847991e+02   1.0485516e+02   1.8606401e+02   1.5537091e+02   9.4654129e+01   4.8920037e+01   5.7991304e+01   8.7706651e+01   1.2675866e+02   1.2650000e+02   6.9857768e+01   1.2581959e+02   7.6394664e+01   1.8611856e+02   3.2142535e+01   1.6256249e+02   1.6096495e+02   2.0940428e+02   1.2370106e+02   1.3948291e+02   1.2608861e+02   1.8562392e+01   5.9669249e+01   1.6449466e+02   1.3617332e+02   9.6241438e+00   0.0000000e+00   1.0267632e+02   1.1214676e+02   5.5817267e+01   1.5377182e+02   1.2856346e+02   7.0503571e+01   1.8583348e+02   4.2607007e+01   1.6069129e+02   1.4777525e+02   1.2789407e+02   6.4369007e+01   4.2526777e+01   5.3256516e+01   9.2331367e+01
  7.2061163e+01   9.1197299e+01   1.2538795e+02   7.4609716e+01   1.2129425e+02   8.9050833e+01   1.4679422e+02   5.9669249e+01   5.3765843e+01   1.4674038e+02   2.8077164e+01   5.6323382e+01   4.9977268e+01   9.7907649e+01   1.4357516e+02   1.1541410e+02   9.5000000e+00   1.4637066e+02   1.6367629e+02   1.2223126e+02   6.2727406e+01   1.3093102e+02   1.1615574e+02   1.1883850e+02   1.5077724e+02   1.2340850e+02   1.5324243e+02   8.5273227e+01   6.7582039e+01   2.8682441e+01   1.3318855e+02   1.1600000e+02   8.0690398e+01   7.9146360e+01   1.4562064e+02   1.3742790e+02   5.6544625e+01   1.1450000e+02   1.1865773e+02   1.1491372e+02   1.0264328e+02   1.0589568e+02   1.2664278e+02   1.6624152e+02   1.0700000e+02   1.1946428e+02   1.1113453e+02   1.2326196e+02   9.5522366e+01   1.0827059e+02   1.6790968e+02   1.3203897e+02   1.3628107e+02   4.0860872e+01   1.0538208e+02   1.0851042e+02   1.0827059e+02   2.7541635e+01   6.2291990e+01   7.3816096e+01   1.7152631e+02   1.2265564e+02   1.1485471e+02   4.5098206e+01   9.7826769e+01   4.7481379e+01   5.1500000e+01   1.4896969e+02   2.5238634e+01   1.4619317e+02   2.8158633e+01   1.1080866e+02   1.4025783e+02   1.3403370e+02   6.0518747e+01   7.9702273e+01   1.4415584e+02   8.9620705e+01   1.0716888e+02   1.5651442e+02   9.2588273e+01   6.2925956e+01   1.8509754e+02   3.8830797e+01   1.0404347e+02   1.0267632e+02   0.0000000e+00   1.1316654e+01   5.1764022e+01   1.5845648e+02   1.7605127e+02   7.6896989e+01   1.4991385e+02   1.1150000e+02   1.8497561e+02   8.9998603e+01   4.0440581e+01   1.1510039e+02   1.1008216e+02   5.5100824e+01   7.0278220e+01
  6.8514704e+01   9.1741438e+01   1.3466408e+02   8.4834157e+01   1.2339935e+02   9.6932619e+01   1.5641344e+02   5.5817267e+01   6.3802844e+01   1.4842312e+02   1.7602631e+01   6.6106783e+01   4.3453463e+01   1.0563919e+02   1.5330870e+02   1.2622291e+02   1.7992856e+01   1.5616069e+02   1.6679041e+02   1.2479199e+02   7.3075822e+01   1.4173119e+02   1.2557698e+02   1.2866006e+02   1.5235602e+02   1.2572979e+02   1.6355904e+02   9.3475803e+01   7.7629761e+01   3.8358288e+01   1.4318935e+02   1.2514449e+02   8.9114333e+01   7.9659649e+01   1.4676346e+02   1.4674038e+02   6.6907831e+01   1.2364625e+02   1.2611548e+02   1.2572979e+02   1.1343914e+02   1.0817660e+02   1.3603228e+02   1.7558926e+02   1.1615574e+02   1.2193517e+02   1.1918024e+02   1.3278946e+02   1.0352063e+02   1.1647629e+02   1.7810912e+02   1.4180287e+02   1.4351224e+02   5.1588159e+01   1.1576600e+02   1.1758651e+02   1.1908541e+02   2.5464975e+01   7.2013985e+01   6.9841546e+01   1.8231584e+02   1.2481010e+02   1.2050000e+02   5.4165631e+01   1.0392389e+02   5.7912978e+01   6.1245370e+01   1.5871267e+02   1.9709373e+01   1.5697524e+02   1.7470563e+01   1.2143387e+02   1.4453906e+02   1.4328393e+02   5.2048521e+01   7.9759069e+01   1.4549655e+02   9.6990932e+01   1.1399559e+02   1.6651958e+02   1.0273136e+02   7.3739334e+01   1.9437174e+02   3.5517853e+01   1.1303999e+02   1.1214676e+02   1.1316654e+01   0.0000000e+00   6.2346584e+01   1.6710807e+02   1.8648185e+02   8.7474134e+01   1.5518193e+02   1.1838130e+02   1.9444136e+02   9.4270998e+01   4.1770449e+01   1.2590036e+02   1.1693131e+02   6.5693941e+01   7.9759069e+01
  1.1052272e+02   1.1473660e+02   9.6546864e+01   4.2740384e+01   1.3530820e+02   7.6350181e+01   1.1346902e+02   1.0022462e+02   1.0562306e+01   1.6066320e+02   7.7717226e+01   1.4650972e+01   9.6687317e+01   8.4620449e+01   1.0935082e+02   6.7397309e+01   4.9336462e+01   1.1146959e+02   1.7000664e+02   1.3414318e+02   1.2593387e+01   8.0900560e+01   6.9058369e+01   8.5352814e+01   1.6490575e+02   1.3628107e+02   1.1259929e+02   7.1015956e+01   1.9473666e+01   3.7272952e+01   8.3217894e+01   7.0358786e+01   4.2979407e+01   1.0447716e+02   1.6194349e+02   1.0737961e+02   7.2082039e+00   6.8910526e+01   1.0439057e+02   6.6260931e+01   5.2742224e+01   1.2073415e+02   9.6687317e+01   1.3440388e+02   6.1706617e+01   1.3203897e+02   9.3645048e+01   9.2306862e+01   8.0732475e+01   6.8415389e+01   1.2813228e+02   8.3013635e+01   9.9930881e+01   2.0624612e+01   5.4353969e+01   6.3589223e+01   5.9934838e+01   7.1063801e+01   1.8562392e+01   1.1319982e+02   1.2353658e+02   1.3633078e+02   1.1214676e+02   4.1304412e+01   7.1651247e+01   5.9083269e+00   3.6624784e+01   1.1439140e+02   7.3493150e+01   9.5770667e+01   7.8326731e+01   6.7582039e+01   1.4236702e+02   8.7305818e+01   1.0975315e+02   1.0652358e+02   1.5972625e+02   8.0352990e+01   9.8460451e+01   1.1908541e+02   4.2526777e+01   1.8748288e+01   1.5318350e+02   8.1513888e+01   5.9840121e+01   5.5817267e+01   5.1764022e+01   6.2346584e+01   0.0000000e+00   1.3250852e+02   1.3352725e+02   3.8269035e+01   1.4606957e+02   7.9017514e+01   1.5149421e+02   9.8080736e+01   7.2578083e+01   6.7531709e+01   7.7935457e+01   3.8541020e+00   4.8966483e+01
  1.5642065e+02   1.2590036e+02   3.6531236e+01   9.0699778e+01   1.0885359e+02   7.1619618e+01   2.9157460e+01   1.5702556e+02   1.4153191e+02   1.1763454e+02   1.8350615e+02   1.4462495e+02   1.6946819e+02   6.3785069e+01   3.3534073e+01   9.3765749e+01   1.4993644e+02   3.4441125e+01   1.0259922e+02   1.0356430e+02   1.3441228e+02   1.0550000e+02   1.5890455e+02   4.9635018e+01   1.2014322e+02   1.0636430e+02   5.4583269e+01   7.4366434e+01   1.3948291e+02   1.3052500e+02   1.5028985e+02   1.6437800e+02   1.6377967e+02   1.2793822e+02   1.2434769e+02   2.7080068e+01   1.3557498e+02   1.6377967e+02   4.7169048e+01   9.7119097e+01   1.0690489e+02   1.0804069e+02   3.6780160e+01   2.1500000e+01   1.6096495e+02   1.0469333e+02   4.9635018e+01   4.1442032e+01   6.4912732e+01   1.7648651e+02   5.2222819e+01   1.5665137e+02   2.0474801e+02   1.2503614e+02   1.3088788e+02   1.6290228e+02   9.7212202e+01   1.5350000e+02   1.4499913e+02   1.5959903e+02   9.7119097e+01   1.0830190e+02   6.9189519e+01   1.1387658e+02   1.9495115e+02   1.3707416e+02   1.0855207e+02   3.2390437e+01   1.6217328e+02   1.1187437e+02   1.8269289e+02   7.7935457e+01   8.1138080e+01   1.6980741e+02   1.8500610e+02   1.3117230e+02   1.2140596e+02   7.3323417e+01   6.2018290e+01   4.1442032e+01   1.3714004e+02   1.1450987e+02   3.2949961e+01   1.5489074e+02   1.6274981e+02   1.5377182e+02   1.5845648e+02   1.6710807e+02   1.3250852e+02   0.0000000e+00   6.7077023e+01   9.5047607e+01   6.6517043e+01   1.9460371e+02   3.6749138e+01   9.5047607e+01   1.3787904e+02   9.1741438e+01   1.9418015e+02   1.3100862e+02   8.9658567e+01
  1.9850568e+02   1.7556356e+02   6.6448844e+01   1.0234547e+02   1.6723632e+02   1.0852083e+02   4.5724440e+01   1.9527487e+02   1.3936144e+02   1.8052500e+02   2.0355480e+02   1.4078008e+02   2.0300000e+02   1.0496291e+02   4.4921279e+01   6.9760378e+01   1.6930832e+02   4.1688591e+01   1.6831910e+02   1.6236800e+02   1.2936039e+02   6.8016665e+01   1.2800882e+02   6.3015998e+01   1.8350000e+02   1.6534311e+02   2.4217082e+01   1.0788366e+02   1.3113786e+02   1.4905302e+02   1.1123617e+02   1.3400843e+02   1.4857515e+02   1.7382628e+02   1.8665115e+02   5.8206152e+01   1.3332413e+02   1.3400000e+02   9.9386298e+01   7.2202510e+01   8.6851028e+01   1.6240275e+02   6.3589223e+01   4.7024187e+01   1.3421051e+02   1.6278447e+02   9.4042771e+01   6.3731717e+01   1.0331294e+02   1.5068738e+02   1.5574813e+01   1.1865773e+02   1.7229421e+02   1.3614015e+02   1.0487672e+02   1.3563327e+02   7.6882262e+01   1.8126089e+02   1.3838582e+02   2.0185789e+02   3.5901271e+01   1.6702702e+02   1.2503614e+02   1.3530820e+02   1.7635861e+02   1.3892326e+02   1.2672302e+02   4.1249233e+01   1.8838361e+02   6.4930195e+01   2.0342178e+02   6.6653231e+01   1.4453125e+02   1.3244885e+02   2.1890330e+02   1.7717555e+02   1.8365362e+02   1.1335943e+02   1.1182385e+02   2.9157460e+01   1.1699893e+02   1.1658294e+02   5.1455863e+01   1.8652419e+02   1.3740325e+02   1.2856346e+02   1.7605127e+02   1.8648185e+02   1.3352725e+02   6.7077023e+01   0.0000000e+00   9.9828999e+01   1.3185924e+02   1.7023877e+02   4.5047727e+01   1.4328393e+02   1.7000664e+02   6.8811785e+01   1.7032491e+02   1.3074976e+02   1.1016426e+02
  1.1420356e+02   1.0582094e+02   5.9019228e+01   1.0562306e+01   1.1724010e+02   4.8335656e+01   7.5829277e+01   1.0709503e+02   4.7000000e+01   1.4073997e+02   1.0446634e+02   5.0090826e+01   1.1001027e+02   5.4687176e+01   7.1809186e+01   4.2740384e+01   7.0632018e+01   7.4061199e+01   1.4481216e+02   1.1473660e+02   4.0214607e+01   6.1411822e+01   8.0620222e+01   4.7600955e+01   1.4488231e+02   1.1734605e+02   7.7469150e+01   4.3138011e+01   4.6046679e+01   5.0900893e+01   8.4620449e+01   8.4459812e+01   7.1809186e+01   9.8414504e+01   1.4357516e+02   6.9646583e+01   4.1027768e+01   8.3340208e+01   7.1761841e+01   4.3453463e+01   3.6780160e+01   1.0469333e+02   5.9019228e+01   9.6699012e+01   7.7935457e+01   1.1326968e+02   6.0236923e+01   5.4583269e+01   5.0452477e+01   9.0500000e+01   9.2600489e+01   8.7706651e+01   1.2187957e+02   3.6811155e+01   5.4853013e+01   8.0056584e+01   3.6996575e+01   8.5736436e+01   5.0811529e+01   1.1739418e+02   9.6710706e+01   1.1794147e+02   8.5379326e+01   4.0355991e+01   1.0302804e+02   4.3164388e+01   3.0872685e+01   7.6941154e+01   9.1618055e+01   7.6985293e+01   1.0444470e+02   3.4507352e+01   1.1611682e+02   9.7025903e+01   1.2528882e+02   1.0127946e+02   1.4097242e+02   5.3913481e+01   6.9516302e+01   8.2439002e+01   5.2483170e+01   2.0057607e+01   1.1553152e+02   9.3269877e+01   7.8109600e+01   7.0503571e+01   7.6896989e+01   8.7474134e+01   3.8269035e+01   9.5047607e+01   9.9828999e+01   0.0000000e+00   1.1630155e+02   1.0599171e+02   1.1403524e+02   8.0465618e+01   7.8802299e+01   4.1770449e+01   1.0525328e+02   3.6531236e+01   2.4217082e+01
  1.1832402e+02   8.1694212e+01   7.6305673e+01   1.0742170e+02   5.2569665e+01   7.0294341e+01   8.8195496e+01   1.2392001e+02   1.5613178e+02   5.3171150e+01   1.6852678e+02   1.6015666e+02   1.4058747e+02   6.2510080e+01   9.0749654e+01   1.3670297e+02   1.4097242e+02   9.3269877e+01   3.6996575e+01   4.7361498e+01   1.5306556e+02   1.5362495e+02   1.9474276e+02   9.0023740e+01   5.5100824e+01   4.9336462e+01   1.1510039e+02   7.5679785e+01   1.5999451e+02   1.2675866e+02   1.9313761e+02   1.9918631e+02   1.8623368e+02   8.9203157e+01   6.0387394e+01   7.7819144e+01   1.5147185e+02   1.9819294e+02   4.6120719e+01   1.3970129e+02   1.4378730e+02   5.9536006e+01   7.8988853e+01   8.7512930e+01   1.9332440e+02   4.9703658e+01   5.7775649e+01   8.2384064e+01   6.6653231e+01   2.0630087e+02   1.1678628e+02   1.9806771e+02   2.3757594e+02   1.3059420e+02   1.6702702e+02   1.9543653e+02   1.3685982e+02   1.3413476e+02   1.6295076e+02   1.2084638e+02   1.5812138e+02   5.1455863e+01   3.5805807e+01   1.1156079e+02   2.1670823e+02   1.4884841e+02   1.1164180e+02   9.2588273e+01   1.4319723e+02   1.6426813e+02   1.6706080e+02   1.1840038e+02   1.8562392e+01   2.0947428e+02   1.5380117e+02   9.1618055e+01   5.7618298e+01   6.6295137e+01   4.8147141e+01   1.0407606e+02   1.6778195e+02   1.3169642e+02   9.5522366e+01   1.3055095e+02   1.9376730e+02   1.8583348e+02   1.4991385e+02   1.5518193e+02   1.4606957e+02   6.6517043e+01   1.3185924e+02   1.1630155e+02   0.0000000e+00   2.2141288e+02   1.0086558e+02   6.2164414e+01   1.1615574e+02   1.3460537e+02   2.2059146e+02   1.4609275e+02   9.7826769e+01
  1.8174569e+02   1.9196018e+02   1.5992396e+02   1.1450987e+02   2.1382194e+02   1.5202970e+02   1.6938162e+02   1.6988713e+02   6.9646583e+01   2.3916975e+02   1.2608861e+02   6.5417255e+01   1.6085274e+02   1.5942215e+02   1.6466607e+02   1.0469333e+02   1.1473660e+02   1.6553409e+02   2.4767706e+02   2.1264264e+02   6.9646583e+01   1.0277536e+02   4.3792609e+01   1.4565164e+02   2.4341202e+02   2.1479536e+02   1.5685297e+02   1.4662495e+02   6.2346584e+01   1.1199552e+02   6.5693941e+01   3.8000000e+01   3.6562446e+01   1.8105539e+02   2.4044374e+02   1.6802388e+02   7.2624892e+01   3.7607951e+01   1.7725194e+02   1.0154702e+02   8.9050833e+01   1.9918631e+02   1.5893295e+02   1.8967254e+02   3.6531236e+01   2.1055356e+02   1.6571804e+02   1.5418962e+02   1.5526191e+02   2.0057607e+01   1.7160523e+02   5.8865229e+01   2.6044080e+01   9.8448966e+01   6.6653231e+01   3.5130189e+01   9.9386298e+01   1.3782170e+02   6.0966933e+01   1.8387462e+02   1.4465617e+02   2.1484785e+02   1.8890382e+02   1.1959660e+02   1.7602631e+01   7.8283353e+01   1.1505130e+02   1.6847991e+02   1.3616503e+02   1.0935082e+02   1.2777922e+02   1.1765375e+02   2.1954623e+02   4.8803727e+01   1.6970771e+02   1.8273611e+02   2.3823935e+02   1.5680259e+02   1.7401441e+02   1.6813800e+02   5.7991304e+01   9.0500000e+01   2.0648119e+02   1.4924223e+02   3.3534073e+01   4.2607007e+01   1.1150000e+02   1.1838130e+02   7.9017514e+01   1.9460371e+02   1.7023877e+02   1.0599171e+02   2.2141288e+02   0.0000000e+00   2.0275541e+02   1.7658237e+02   1.4547327e+02   1.0636430e+02   2.0000000e+00   7.7935457e+01   1.2470145e+02
  1.9071632e+02   1.6150388e+02   6.0443724e+01   1.1250893e+02   1.4507697e+02   1.0267632e+02   3.8948017e+01   1.9036113e+02   1.5935843e+02   1.5295491e+02   2.1131805e+02   1.6177616e+02   2.0159513e+02   9.5982983e+01   4.2740384e+01   9.8563755e+01   1.7697167e+02   4.0524992e+01   1.3590772e+02   1.3977401e+02   1.5069487e+02   1.0394564e+02   1.6288842e+02   6.7397309e+01   1.5524010e+02   1.4255721e+02   4.7072524e+01   1.0430390e+02   1.5438713e+02   1.5680259e+02   1.4944630e+02   1.6876764e+02   1.7602564e+02   1.6284685e+02   1.5984632e+02   4.8359168e+01   1.5318350e+02   1.6847991e+02   8.2108823e+01   1.0171388e+02   1.1465779e+02   1.4415584e+02   5.8923026e+01   1.9709373e+01   1.6723632e+02   1.4093237e+02   8.2177720e+01   6.2219122e+01   9.6171312e+01   1.8357990e+02   3.4738137e+01   1.5656489e+02   2.0861115e+02   1.4814908e+02   1.3669471e+02   1.6894138e+02   1.0417377e+02   1.8359833e+02   1.6088080e+02   1.9395930e+02   8.0226094e+01   1.4450781e+02   1.0525328e+02   1.4080413e+02   2.0608757e+02   1.5657210e+02   1.3400000e+02   3.7607951e+01   1.9187202e+02   1.0516733e+02   2.1074093e+02   8.7616302e+01   1.1655387e+02   1.7033816e+02   2.1738361e+02   1.6613288e+02   1.5693929e+02   1.0555356e+02   9.6804206e+01   3.5130189e+01   1.4619317e+02   1.3329025e+02   7.2082039e+00   1.8627002e+02   1.6980741e+02   1.6069129e+02   1.8497561e+02   1.9444136e+02   1.5149421e+02   3.6749138e+01   4.5047727e+01   1.1403524e+02   1.0086558e+02   2.0275541e+02   0.0000000e+00   1.3010035e+02   1.6916831e+02   9.6920952e+01   2.0259404e+02   1.4937075e+02   1.1521813e+02
  6.2346584e+01   3.2810989e+01   7.7396034e+01   7.0423172e+01   3.8000000e+01   3.8000000e+01   9.9817672e+01   6.4912732e+01   1.0767392e+02   6.3087938e+01   1.0701056e+02   1.1191477e+02   8.0211982e+01   3.9064880e+01   9.9386298e+01   1.1615574e+02   8.1277472e+01   1.0273136e+02   7.4988254e+01   3.6562446e+01   1.0788366e+02   1.3564159e+02   1.5922382e+02   8.2877181e+01   6.7330008e+01   3.8742646e+01   1.2062181e+02   4.1249233e+01   1.1536514e+02   7.0294341e+01   1.6457696e+02   1.6236800e+02   1.4052321e+02   3.3397568e+01   6.4702804e+01   8.7046230e+01   1.0446634e+02   1.6110511e+02   4.8523432e+01   1.1817115e+02   1.1576600e+02   2.4733242e+01   8.0211982e+01   1.1159118e+02   1.5485430e+02   3.4507352e+01   5.0158836e+01   8.0240203e+01   4.1442032e+01   1.6472089e+02   1.2974396e+02   1.6760027e+02   1.9659309e+02   7.9246428e+01   1.3470600e+02   1.5693929e+02   1.1292998e+02   7.2515623e+01   1.1611682e+02   6.5417255e+01   1.5753503e+02   3.8918745e+01   3.0046573e+01   5.8128118e+01   1.6856695e+02   9.9283855e+01   6.2054854e+01   1.0391301e+02   8.1555537e+01   1.4991385e+02   1.0550000e+02   9.9908249e+01   5.0811529e+01   1.7635861e+02   9.4474731e+01   3.6624784e+01   6.2346584e+01   3.2035694e+01   3.3805405e+01   1.1554130e+02   1.3041247e+02   8.8732647e+01   1.2725666e+02   6.9058369e+01   1.5412373e+02   1.4777525e+02   8.9998603e+01   9.4270998e+01   9.8080736e+01   9.5047607e+01   1.4328393e+02   8.0465618e+01   6.2164414e+01   1.7658237e+02   1.3010035e+02   0.0000000e+00   5.4520829e+01   1.1443090e+02   1.7551214e+02   9.9192705e+01   5.6864883e+01
  3.8476967e+01   5.1256773e+01   1.0987664e+02   7.1809186e+01   8.2136389e+01   6.7110810e+01   1.3312070e+02   2.9157460e+01   7.9246428e+01   1.0726376e+02   5.3085644e+01   8.3040899e+01   3.3534073e+01   7.4594534e+01   1.3096551e+02   1.2104252e+02   3.3397568e+01   1.3416002e+02   1.2564891e+02   8.3543663e+01   8.4633822e+01   1.3947482e+02   1.4111650e+02   1.0805115e+02   1.1123617e+02   8.4459812e+01   1.4630123e+02   6.5417255e+01   9.1457408e+01   3.5805807e+01   1.5376448e+02   1.4239080e+02   1.1138846e+02   3.9210464e+01   1.0585298e+02   1.2171262e+02   7.9089121e+01   1.4093237e+02   9.3112094e+01   1.2166621e+02   1.1294999e+02   6.6907831e+01   1.1191477e+02   1.4995902e+02   1.3365405e+02   8.0676368e+01   8.8745396e+01   1.0975315e+02   7.3739334e+01   1.3867109e+02   1.5913874e+02   1.5438713e+02   1.6896142e+02   5.3341745e+01   1.2353658e+02   1.3548333e+02   1.1510039e+02   1.8500000e+01   8.8732647e+01   4.1249233e+01   1.7367693e+02   8.3543663e+01   8.2617294e+01   3.9064880e+01   1.3362870e+02   7.0760231e+01   4.8523432e+01   1.3626450e+02   2.7541635e+01   1.5511646e+02   5.1522054e+01   1.1061471e+02   1.0427138e+02   1.5935843e+02   4.9474483e+01   3.9873214e+01   1.0447716e+02   6.5069730e+01   7.9332100e+01   1.4600000e+02   1.1380710e+02   7.4061199e+01   1.6790968e+02   1.7602631e+01   1.3154198e+02   1.2789407e+02   4.0440581e+01   4.1770449e+01   7.2578083e+01   1.3787904e+02   1.7000664e+02   7.8802299e+01   1.1615574e+02   1.4547327e+02   1.6916831e+02   5.4520829e+01   0.0000000e+00   1.2004915e+02   1.4415584e+02   7.5229512e+01   6.0966933e+01
  1.5494174e+02   1.4312626e+02   6.1041308e+01   4.9336462e+01   1.4864351e+02   7.7629761e+01   6.4580028e+01   1.4824048e+02   7.2061163e+01   1.6958134e+02   1.4246214e+02   7.3060320e+01   1.5119589e+02   8.0211982e+01   5.9840121e+01   2.6213203e+00   1.0991778e+02   6.0274577e+01   1.6797015e+02   1.4519364e+02   6.1724995e+01   2.1713203e+01   6.7916615e+01   4.6120719e+01   1.7347543e+02   1.4805762e+02   5.1588159e+01   7.3754693e+01   6.2943975e+01   9.1122845e+01   6.0048300e+01   7.3554774e+01   8.0900560e+01   1.3707416e+02   1.7365095e+02   6.5849063e+01   6.6243821e+01   7.3075822e+01   8.9544932e+01   5.9083269e+00   1.8748288e+01   1.3817353e+02   5.9076873e+01   8.4177954e+01   7.1111614e+01   1.4432020e+02   7.8456719e+01   5.4687176e+01   7.6394664e+01   8.7305818e+01   6.6924769e+01   6.5900688e+01   1.1391627e+02   7.4973150e+01   4.0524992e+01   7.2905110e+01   8.5777472e+00   1.2664278e+02   7.0278220e+01   1.5817847e+02   5.6964591e+01   1.4906059e+02   1.1061471e+02   8.1624904e+01   1.1004109e+02   7.2905110e+01   7.2139724e+01   6.3141839e+01   1.3206462e+02   3.6531236e+01   1.4271551e+02   1.6724981e+01   1.3949101e+02   7.8730429e+01   1.6635687e+02   1.4012897e+02   1.7082102e+02   8.3814164e+01   9.3862198e+01   6.2291990e+01   5.0022722e+01   5.2742224e+01   1.0062992e+02   1.3447948e+02   7.3493150e+01   6.4369007e+01   1.1510039e+02   1.2590036e+02   6.7531709e+01   9.1741438e+01   6.8811785e+01   4.1770449e+01   1.3460537e+02   1.0636430e+02   9.6920952e+01   1.1443090e+02   1.2004915e+02   0.0000000e+00   1.0618349e+02   6.4457017e+01   6.2291990e+01
  1.8038121e+02   1.9073998e+02   1.5942215e+02   1.1370777e+02   2.1272747e+02   1.5115855e+02   1.6906824e+02   1.6850670e+02   6.8514704e+01   2.3809735e+02   1.2460177e+02   6.4280875e+01   1.5942215e+02   1.5859175e+02   1.6435741e+02   1.0453125e+02   1.1335943e+02   1.6525436e+02   2.4672398e+02   2.1157404e+02   6.8679909e+01   1.0289629e+02   4.4180659e+01   1.4519364e+02   2.4233982e+02   2.1371644e+02   1.5675940e+02   1.4575237e+02   6.1411822e+01   1.1074745e+02   6.6295137e+01   3.8447332e+01   3.5517853e+01   1.7981118e+02   2.3933938e+02   1.6760027e+02   7.1572146e+01   3.8000000e+01   1.7650568e+02   1.0140218e+02   8.8783634e+01   1.9806771e+02   1.5845648e+02   1.8940474e+02   3.6624784e+01   2.0947428e+02   1.6498784e+02   1.5371309e+02   1.5443830e+02   2.0229420e+01   1.7155920e+02   5.9536006e+01   2.7541635e+01   9.7305217e+01   6.6568147e+01   3.5292241e+01   9.9147098e+01   1.3643013e+02   5.9896970e+01   1.8250137e+02   1.4497578e+02   2.1375865e+02   1.8800000e+02   1.1846716e+02   1.6160460e+01   7.7132239e+01   1.1399559e+02   1.6820510e+02   1.3473952e+02   1.0967074e+02   1.2629448e+02   1.1731716e+02   2.1862496e+02   4.9703658e+01   1.6824534e+02   1.8147859e+02   2.3714372e+02   1.5590029e+02   1.7316297e+02   1.6797015e+02   5.7618298e+01   8.9608080e+01   2.0627901e+02   1.4785162e+02   3.3500000e+01   4.2526777e+01   1.1008216e+02   1.1693131e+02   7.7935457e+01   1.9418015e+02   1.7032491e+02   1.0525328e+02   2.2059146e+02   2.0000000e+00   2.0259404e+02   1.7551214e+02   1.4415584e+02   1.0618349e+02   0.0000000e+00   7.6896989e+01   1.2380146e+02
  1.1319982e+02   1.1662170e+02   9.5000000e+01   4.1688591e+01   1.3652941e+02   7.6305673e+01   1.1146959e+02   1.0303902e+02   1.1106602e+01   1.6177616e+02   8.1068294e+01   1.4730249e+01   9.9783684e+01   8.4419604e+01   1.0729537e+02   6.4280875e+01   5.2569665e+01   1.0935082e+02   1.7060952e+02   1.3524142e+02   9.9868330e+00   7.7600584e+01   6.6397648e+01   8.3489457e+01   1.6601737e+02   1.3742790e+02   1.1001027e+02   7.0936141e+01   1.7270510e+01   3.9958839e+01   8.0127257e+01   6.7883232e+01   4.1879343e+01   1.0652358e+02   1.6319988e+02   1.0567129e+02   5.9083269e+00   6.6448844e+01   1.0392389e+02   6.3087938e+01   4.9474483e+01   1.2208330e+02   9.5047607e+01   1.3244885e+02   5.9326015e+01   1.3318855e+02   9.3027023e+01   9.0612430e+01   8.0465618e+01   6.6653231e+01   1.2557698e+02   8.0056584e+01   9.8322543e+01   2.2799103e+01   5.1101383e+01   6.1245370e+01   5.6804973e+01   7.4137626e+01   1.7602631e+01   1.1591230e+02   1.2035929e+02   1.3752646e+02   1.1243860e+02   4.2952915e+01   7.1254858e+01   8.9852814e+00   3.7638255e+01   1.1228775e+02   7.6705315e+01   9.2441558e+01   8.1680355e+01   6.4930195e+01   1.4280249e+02   8.4633822e+01   1.1294999e+02   1.0863533e+02   1.6094392e+02   8.0507812e+01   9.8448966e+01   1.1673790e+02   3.9500000e+01   1.7000000e+01   1.5117349e+02   8.4500000e+01   5.7618298e+01   5.3256516e+01   5.5100824e+01   6.5693941e+01   3.8541020e+00   1.3100862e+02   1.3074976e+02   3.6531236e+01   1.4609275e+02   7.7935457e+01   1.4937075e+02   9.9192705e+01   7.5229512e+01   6.4457017e+01   7.6896989e+01   0.0000000e+00   4.8803727e+01
  9.3645048e+01   8.2384064e+01   5.5654329e+01   1.4329317e+01   9.3898340e+01   2.8036340e+01   7.7161594e+01   8.7964278e+01   5.9000000e+01   1.1785523e+02   9.6710706e+01   6.2943975e+01   9.3693347e+01   3.6154593e+01   7.4137626e+01   6.3660510e+01   6.2273781e+01   7.7058801e+01   1.2370106e+02   9.1618055e+01   5.5837600e+01   8.3054527e+01   1.0325821e+02   4.9703658e+01   1.2203703e+02   9.4150948e+01   8.6577000e+01   2.2647235e+01   6.2925956e+01   4.2096274e+01   1.0830190e+02   1.0670381e+02   8.9114333e+01   7.5514999e+01   1.2038745e+02   6.7665840e+01   5.4165631e+01   1.0550000e+02   5.6161926e+01   6.5017440e+01   6.0218088e+01   8.1068294e+01   5.6864883e+01   9.6464837e+01   9.9602220e+01   9.0023740e+01   4.5898238e+01   5.3533009e+01   3.2284430e+01   1.1082905e+02   1.0022462e+02   1.1123617e+02   1.4262846e+02   3.6500000e+01   7.8341184e+01   1.0171388e+02   5.9019228e+01   7.1635434e+01   6.5624880e+01   9.6932619e+01   1.1358846e+02   9.4654129e+01   6.4702804e+01   2.6306976e+01   1.1938860e+02   5.2222819e+01   1.9473666e+01   7.9545873e+01   7.9017514e+01   9.8288036e+01   9.6218337e+01   5.0789164e+01   9.5380188e+01   1.2013382e+02   1.0950573e+02   7.8500000e+01   1.1784564e+02   3.2601402e+01   5.0181485e+01   8.7887070e+01   7.4609716e+01   3.4705263e+01   1.1533575e+02   7.7058801e+01   9.9283855e+01   9.2331367e+01   7.0278220e+01   7.9759069e+01   4.8966483e+01   8.9658567e+01   1.1016426e+02   2.4217082e+01   9.7826769e+01   1.2470145e+02   1.1521813e+02   5.6864883e+01   6.0966933e+01   6.2291990e+01   1.2380146e+02   4.8803727e+01   0.0000000e+00
