   0.0000000e+00   4.8011626e+00   6.3309519e+00   6.5207973e+00   7.5710678e+00   2.4918231e+01   4.4051248e+00   1.2215375e+01   1.2757651e+01   1.0117692e+01   9.5138782e+00   1.4896180e+01   1.5500000e+01   1.6311388e+01   1.6694135e+01   1.7263055e+01   1.7500000e+01   1.9000000e+01   1.9168155e+01   1.7150826e+01   1.5034442e+01   1.7120770e+01   2.0025624e+01   1.8898369e+01   1.6160460e+01   2.3440139e+01   1.9006756e+01   2.6500000e+01   2.0803941e+01   1.9367962e+01   2.9500000e+01   2.7835874e+01   2.8611386e+01   2.7127054e+01   3.1358548e+01   2.8379204e+01   3.1016389e+01   3.1840868e+01   3.0516662e+01   3.0101520e+01   2.3619256e+01   2.4005319e+01   2.2641590e+01   2.9761750e+01   2.5544960e+01   2.7070661e+01   2.3325424e+01   1.9741881e+01   2.8072631e+01   2.5624689e+01   2.6739284e+01   2.4629857e+01   3.5727830e+01   3.3382366e+01   3.0913813e+01   3.6010562e+01   3.1305844e+01   3.6193137e+01   3.3745300e+01   3.6517357e+01   2.3022211e+01   2.0524984e+01   1.8028548e+01   2.3088714e+01   2.5817978e+01   2.0655644e+01   1.8177670e+01   2.3548861e+01   2.0803941e+01   3.1620733e+01   2.9864094e+01   2.3005555e+01   3.0603986e+01   2.0506249e+01   6.6032778e+00   2.8086228e+01   1.8527756e+01   2.2300229e+01   2.9004386e+01   3.0454132e+01   2.6427784e+01   1.5739751e+01   1.4642136e+01   1.2879418e+01   2.2843903e+01   1.2706556e+01   1.6192355e+01   1.0424717e+01   6.3523500e+00   1.1270330e+01   9.0000000e+00   9.5138782e+00   1.0361541e+01   7.8824115e+00   6.0901699e+00   1.8700275e+01   6.9031242e+00   3.5000000e+00   3.4154759e+00   5.7201533e+00   1.4365425e+01
   4.8011626e+00   0.0000000e+00   9.0146932e+00   8.2620873e+00   3.4154759e+00   2.0655644e+01   7.0000000e+00   7.9330344e+00   9.0000000e+00   5.8851648e+00   5.5249378e+00   1.3000000e+01   1.2268602e+01   1.4229530e+01   1.3962912e+01   1.5077380e+01   1.4229530e+01   1.5706906e+01   1.6311388e+01   1.3000000e+01   1.0759142e+01   1.2879418e+01   1.6128500e+01   1.4642136e+01   1.2172618e+01   1.9427493e+01   1.4712670e+01   2.2328880e+01   1.6507811e+01   1.5077380e+01   2.5248737e+01   2.3548861e+01   2.4317011e+01   2.2827114e+01   2.7075365e+01   2.4084953e+01   2.6715453e+01   2.7541635e+01   2.6239075e+01   2.6886550e+01   2.0146883e+01   2.0424859e+01   1.9000000e+01   2.6331183e+01   2.1860009e+01   2.3662470e+01   1.9539433e+01   1.6160460e+01   2.5544960e+01   2.1742646e+01   2.2860680e+01   2.0655644e+01   3.3003846e+01   3.0537477e+01   2.8040879e+01   3.3096012e+01   2.8221833e+01   3.3187918e+01   3.0703477e+01   3.3382366e+01   2.0655644e+01   1.8177670e+01   1.5706906e+01   2.0556171e+01   2.3005555e+01   1.8028548e+01   1.5533296e+01   2.0556171e+01   1.8000000e+01   3.2515621e+01   3.1016389e+01   2.0896078e+01   3.1358548e+01   1.8451323e+01   3.0000000e+00   2.9004386e+01   1.8898369e+01   2.2799103e+01   2.9500000e+01   3.0603986e+01   2.7075365e+01   1.7270510e+01   1.5943445e+01   1.4365425e+01   2.4253947e+01   1.3403488e+01   1.5805228e+01   1.1680340e+01   6.7649820e+00   1.1106602e+01   9.5138782e+00   1.3813527e+01   6.6846584e+00   1.2161904e+01   1.0361541e+01   1.7740940e+01   1.1106602e+01   7.4641941e+00   7.5710678e+00   9.5138782e+00   1.0807764e+01
   6.3309519e+00   9.0146932e+00   0.0000000e+00   2.3027756e+00   1.0698039e+01   2.7169271e+01   2.5615528e+00   1.5205441e+01   1.7507351e+01   1.4083078e+01   1.4000000e+01   2.0655644e+01   2.0723748e+01   2.2040659e+01   2.2208293e+01   2.2972205e+01   2.2703603e+01   2.4190715e+01   2.4635037e+01   1.9107794e+01   1.7769916e+01   1.9506578e+01   2.4546829e+01   2.1296634e+01   2.0556171e+01   2.7725907e+01   2.1772047e+01   3.0332868e+01   2.3548861e+01   2.2635944e+01   3.1564449e+01   3.0269951e+01   3.1147186e+01   3.0046573e+01   3.3685087e+01   3.1423292e+01   3.3820414e+01   3.4723530e+01   3.3741540e+01   2.9122544e+01   2.3401965e+01   2.4005319e+01   2.2843903e+01   2.9227165e+01   2.5723997e+01   2.6576810e+01   2.3845235e+01   1.9974342e+01   2.5980385e+01   2.6311819e+01   2.7379360e+01   2.5624689e+01   3.3741540e+01   3.1648836e+01   2.9292360e+01   3.4337849e+01   3.0046573e+01   3.4676015e+01   3.2347292e+01   3.5231110e+01   2.0902206e+01   1.8527756e+01   1.6192355e+01   2.1218349e+01   2.4269729e+01   1.9080904e+01   1.6824828e+01   2.2414607e+01   1.9506578e+01   2.6044080e+01   2.4190715e+01   2.0512496e+01   2.5101829e+01   1.8085505e+01   9.2321246e+00   2.2522716e+01   1.3500000e+01   1.7060495e+01   2.3662470e+01   2.5324383e+01   2.1024376e+01   1.0052487e+01   9.1023253e+00   7.3007353e+00   1.7120770e+01   7.7801099e+00   1.2043396e+01   5.2434165e+00   4.4051248e+00   7.5710678e+00   5.1097722e+00   8.8815273e+00   1.1912712e+01   7.1708320e+00   6.0000000e+00   1.5000000e+01   8.5622577e+00   4.1055513e+00   7.0192024e+00   9.2321246e+00   1.5034442e+01
   6.5207973e+00   8.2620873e+00   2.3027756e+00   0.0000000e+00   9.5138782e+00   2.5559928e+01   2.7360680e+00   1.3841664e+01   1.6624515e+01   1.3000000e+01   1.3089678e+01   2.0412308e+01   2.0025624e+01   2.1742646e+01   2.1689620e+01   2.2641590e+01   2.1976732e+01   2.3445588e+01   2.4063743e+01   1.7500000e+01   1.6311388e+01   1.7964249e+01   2.3500000e+01   1.9741881e+01   1.9500000e+01   2.6576810e+01   2.0280040e+01   2.9035066e+01   2.2040659e+01   2.1242469e+01   2.9915132e+01   2.8678006e+01   2.9568884e+01   2.8540150e+01   3.2067388e+01   2.9936372e+01   3.2280497e+01   3.3195565e+01   3.2284430e+01   2.7332816e+01   2.1600948e+01   2.2208293e+01   2.1054805e+01   2.7425824e+01   2.3930749e+01   2.4774472e+01   2.2069655e+01   1.8191806e+01   2.4269729e+01   2.4541631e+01   2.5604780e+01   2.3877339e+01   3.2031730e+01   2.9910882e+01   2.7541635e+01   3.2597508e+01   2.8271388e+01   3.2922986e+01   3.0583218e+01   3.3462099e+01   1.9181542e+01   1.6786497e+01   1.4428388e+01   1.9473666e+01   2.2505681e+01   1.7307736e+01   1.5034442e+01   2.0624612e+01   1.7719175e+01   2.5604780e+01   2.3877339e+01   1.8837121e+01   2.4583189e+01   1.6390249e+01   8.0166482e+00   2.2069655e+01   1.2593387e+01   1.6311388e+01   2.3000000e+01   2.4510414e+01   2.0412308e+01   9.8005376e+00   8.6394103e+00   6.9031242e+00   1.6901219e+01   6.7649820e+00   1.0698039e+01   4.4051248e+00   2.7360680e+00   6.0000000e+00   3.5000000e+00   1.0624228e+01   1.0348858e+01   8.8815273e+00   7.5710678e+00   1.3538405e+01   1.0000000e+01   5.1097722e+00   7.9330344e+00   1.0323441e+01   1.3306248e+01
   7.5710678e+00   3.4154759e+00   1.0698039e+01   9.5138782e+00   0.0000000e+00   1.7856555e+01   8.8815273e+00   5.2169906e+00   7.9330344e+00   4.0355339e+00   4.5311289e+00   1.3624405e+01   1.1680340e+01   1.4642136e+01   1.3813527e+01   1.5366069e+01   1.3500000e+01   1.4896180e+01   1.5943445e+01   1.0104686e+01   8.0000000e+00   1.0052487e+01   1.4508926e+01   1.1835784e+01   1.0512492e+01   1.7566048e+01   1.2010864e+01   2.0146883e+01   1.3813527e+01   1.2583046e+01   2.2431712e+01   2.0803941e+01   2.1600948e+01   2.0223083e+01   2.4317011e+01   2.1529741e+01   2.4084953e+01   2.4938699e+01   2.3759407e+01   2.4190715e+01   1.7367128e+01   1.7602631e+01   1.6160460e+01   2.3548861e+01   1.9000000e+01   2.0896078e+01   1.6655494e+01   1.3354960e+01   2.3199119e+01   1.8837121e+01   1.9955076e+01   1.7740940e+01   3.0516662e+01   2.8000000e+01   2.5500000e+01   3.0516662e+01   2.5579872e+01   3.0566593e+01   2.8072631e+01   3.0703477e+01   1.8451323e+01   1.6024175e+01   1.3624405e+01   1.8255281e+01   2.0524984e+01   1.5706906e+01   1.3247549e+01   1.8000000e+01   1.5574813e+01   3.2256889e+01   3.0950780e+01   1.8843936e+01   3.1016389e+01   1.6476545e+01   2.0000000e+00   2.8801943e+01   1.8527756e+01   2.2414607e+01   2.9004386e+01   2.9864094e+01   2.6715453e+01   1.7740940e+01   1.6311388e+01   1.4930870e+01   2.4463514e+01   1.3500000e+01   1.5034442e+01   1.2268602e+01   7.5178344e+00   1.0795630e+01   9.8407708e+00   1.6507811e+01   4.0000000e+00   1.4800350e+01   1.3000000e+01   1.6507811e+01   1.3953624e+01   9.9339811e+00   1.0424717e+01   1.2426860e+01   8.0663730e+00
   2.4918231e+01   2.0655644e+01   2.7169271e+01   2.5559928e+01   1.7856555e+01   0.0000000e+00   2.5738859e+01   1.3227922e+01   1.5731546e+01   1.5805228e+01   1.7007574e+01   2.2465883e+01   1.7270510e+01   2.2208293e+01   1.9604973e+01   2.2092823e+01   1.7030275e+01   1.7007574e+01   1.9506578e+01   8.5622577e+00   1.0399495e+01   8.3102497e+00   1.2541595e+01   6.5207973e+00   1.2869317e+01   1.1270330e+01   6.6032778e+00   9.3459030e+00   4.9721360e+00   7.3007353e+00   5.1097722e+00   3.6622777e+00   4.6231056e+00   4.7720019e+00   7.0192024e+00   6.2008771e+00   7.5710678e+00   8.5622577e+00   8.6394103e+00   1.6120499e+01   1.1235455e+01   1.0361541e+01   9.6923882e+00   1.4101471e+01   9.7195445e+00   1.2879418e+01   8.3262379e+00   1.0549876e+01   1.9916488e+01   7.5710678e+00   8.0000000e+00   6.2008771e+00   2.3700216e+01   2.1115528e+01   1.9241665e+01   2.2551077e+01   1.7914075e+01   2.2023243e+01   1.9916488e+01   2.1296634e+01   1.8527756e+01   1.7856555e+01   1.7529386e+01   1.7588007e+01   1.6878339e+01   1.6390249e+01   1.6032225e+01   1.4817821e+01   1.5416434e+01   4.0453098e+01   4.0154760e+01   1.9948650e+01   3.8970768e+01   1.9328170e+01   1.9006756e+01   3.7665172e+01   2.8540150e+01   3.1516125e+01   3.6503472e+01   3.6031676e+01   3.5177082e+01   3.0707615e+01   2.9244565e+01   2.8660256e+01   3.5557096e+01   2.6331183e+01   2.4583189e+01   2.6600766e+01   2.3325424e+01   2.3440139e+01   2.4269729e+01   3.3854160e+01   1.5764338e+01   3.2126729e+01   3.0332868e+01   2.3521729e+01   3.1261177e+01   2.7206741e+01   2.7725907e+01   2.9525851e+01   1.3149111e+01
   4.4051248e+00   7.0000000e+00   2.5615528e+00   2.7360680e+00   8.8815273e+00   2.5738859e+01   0.0000000e+00   1.3500000e+01   1.5500000e+01   1.2172618e+01   1.2010864e+01   1.8624569e+01   1.8672782e+01   2.0000000e+01   2.0146883e+01   2.0926698e+01   2.0655644e+01   2.2144861e+01   2.2573740e+01   1.7704651e+01   1.6152476e+01   1.7992856e+01   2.2590722e+01   1.9793781e+01   1.8610770e+01   2.5817978e+01   2.0178669e+01   2.8522313e+01   2.1970911e+01   2.0926698e+01   3.0202693e+01   2.8801943e+01   2.9654759e+01   2.8450850e+01   3.2256889e+01   2.9800171e+01   3.2264760e+01   3.3149655e+01   3.2079265e+01   2.8731188e+01   2.2709232e+01   2.3243131e+01   2.2005813e+01   2.8678006e+01   2.4913111e+01   2.6000000e+01   2.2910935e+01   1.9101075e+01   2.5995098e+01   2.5339485e+01   2.6427784e+01   2.4552027e+01   3.3745300e+01   3.1548349e+01   2.9140007e+01   3.4223137e+01   2.9761750e+01   3.4503676e+01   3.2122777e+01   3.4974628e+01   2.0896078e+01   1.8451323e+01   1.6024175e+01   2.1115528e+01   2.4063743e+01   1.8843936e+01   1.6476545e+01   2.2040659e+01   1.9168155e+01   2.7744265e+01   2.5965663e+01   2.0655644e+01   2.6748809e+01   1.8177670e+01   7.4641941e+00   2.4211811e+01   1.4826549e+01   1.8527756e+01   2.5203239e+01   2.6739284e+01   2.2602036e+01   1.1835784e+01   1.0759142e+01   8.9852814e+00   1.8939089e+01   9.0000000e+00   1.2869317e+01   6.6032778e+00   3.6622777e+00   8.0663730e+00   5.5990195e+00   9.2464278e+00   1.0500000e+01   7.4462220e+00   5.8851648e+00   1.5632746e+01   8.0663730e+00   3.0000000e+00   5.7201533e+00   8.1485293e+00   1.3953624e+01
   1.2215375e+01   7.9330344e+00   1.5205441e+01   1.3841664e+01   5.2169906e+00   1.3227922e+01   1.3500000e+01   0.0000000e+00   6.3309519e+00   3.5413813e+00   5.0276926e+00   1.3785330e+01   1.0104686e+01   1.4365425e+01   1.2706556e+01   1.4826549e+01   1.1465856e+01   1.2603718e+01   1.4293114e+01   5.8851648e+00   3.3284271e+00   5.5000000e+00   1.0940307e+01   7.2268120e+00   7.2082039e+00   1.3538405e+01   7.3007353e+00   1.5706906e+01   9.1023253e+00   7.9330344e+00   1.7827723e+01   1.6120499e+01   1.6901219e+01   1.5508331e+01   1.9644190e+01   1.6824828e+01   1.9367962e+01   2.0223083e+01   1.9080904e+01   2.1523796e+01   1.4508926e+01   1.4508926e+01   1.3009996e+01   2.0524984e+01   1.5632746e+01   1.8000000e+01   1.3158989e+01   1.0549876e+01   2.1689620e+01   1.5060220e+01   1.6160460e+01   1.3785330e+01   2.8450850e+01   2.5817978e+01   2.3352790e+01   2.8163152e+01   2.3088714e+01   2.8072631e+01   2.5579872e+01   2.8004545e+01   1.7500000e+01   1.5340822e+01   1.3306248e+01   1.7052945e+01   1.8700275e+01   1.4589003e+01   1.2426860e+01   1.6024175e+01   1.4156500e+01   3.4488969e+01   3.3462099e+01   1.8255281e+01   3.3149655e+01   1.6200318e+01   6.5415230e+00   3.1163496e+01   2.0926698e+01   2.4666092e+01   3.0950780e+01   3.1427334e+01   2.8898944e+01   2.1151876e+01   1.9663768e+01   1.8527756e+01   2.7425824e+01   1.6694135e+01   1.7052945e+01   1.6000000e+01   1.1680340e+01   1.3738202e+01   1.3500000e+01   2.1200242e+01   4.6231056e+00   1.9506578e+01   1.7704651e+01   1.7704651e+01   1.8534689e+01   1.4650972e+01   1.5000000e+01   1.6824828e+01   6.3309519e+00
   1.2757651e+01   9.0000000e+00   1.7507351e+01   1.6624515e+01   7.9330344e+00   1.5731546e+01   1.5500000e+01   6.3309519e+00   0.0000000e+00   4.5311289e+00   4.0355339e+00   8.1485293e+00   4.4051248e+00   8.5777472e+00   6.9031242e+00   9.0000000e+00   6.0901699e+00   7.4641941e+00   8.7006097e+00   1.0549876e+01   7.5710678e+00   9.5000000e+00   7.7801099e+00   1.0611874e+01   4.1055513e+00   1.1270330e+01   9.8407708e+00   1.4650972e+01   1.1270330e+01   9.0000000e+00   2.0178669e+01   1.7992856e+01   1.8527756e+01   1.6507811e+01   2.1440392e+01   1.7485288e+01   2.0349433e+01   2.1018285e+01   1.9268324e+01   2.6805893e+01   1.9819679e+01   1.9663768e+01   1.8177670e+01   2.5579872e+01   2.0524984e+01   2.3199119e+01   1.8028548e+01   1.6024175e+01   2.7425824e+01   1.9526298e+01   2.0556171e+01   1.8064168e+01   3.3970136e+01   3.1305844e+01   2.8876927e+01   3.3549206e+01   2.8450850e+01   3.3382366e+01   3.0913813e+01   3.3187918e+01   2.3325424e+01   2.1170027e+01   1.9101075e+01   2.2860680e+01   2.4379908e+01   2.0412308e+01   1.8255281e+01   2.1689620e+01   1.9955076e+01   3.9516022e+01   3.8295502e+01   2.4084953e+01   3.8235925e+01   2.2005813e+01   9.3600226e+00   3.6098455e+01   2.5803162e+01   2.9654759e+01   3.6140567e+01   3.6811155e+01   3.3943983e+01   2.5167793e+01   2.3743279e+01   2.2340330e+01   3.1884710e+01   2.0926698e+01   2.2133308e+01   1.9663768e+01   1.4817821e+01   1.8170597e+01   1.7263055e+01   2.1392582e+01   9.7195445e+00   1.9948650e+01   1.8220045e+01   2.3171568e+01   1.8170597e+01   1.5706906e+01   1.4896180e+01   1.5943445e+01   1.2161904e+01
   1.0117692e+01   5.8851648e+00   1.4083078e+01   1.3000000e+01   4.0355339e+00   1.5805228e+01   1.2172618e+01   3.5413813e+00   4.5311289e+00   0.0000000e+00   2.0000000e+00   1.1235455e+01   8.4056942e+00   1.2010864e+01   1.0759142e+01   1.2603718e+01   1.0117692e+01   1.1465856e+01   1.2706556e+01   8.8815273e+00   6.0901699e+00   8.3262379e+00   1.1000000e+01   9.9339811e+00   7.0000000e+00   1.4147344e+01   9.7195445e+00   1.6946884e+01   1.1465856e+01   9.8005376e+00   2.0412308e+01   1.8534689e+01   1.9241665e+01   1.7602631e+01   2.2069655e+01   1.8809833e+01   2.1505952e+01   2.2300229e+01   2.0908332e+01   2.4505208e+01   1.7500000e+01   1.7529386e+01   1.6032225e+01   2.3548861e+01   1.8672782e+01   2.1006097e+01   1.6200318e+01   1.3509612e+01   2.4400837e+01   1.8085505e+01   1.9181542e+01   1.6786497e+01   3.1330180e+01   2.8717902e+01   2.6239075e+01   3.1102287e+01   2.6044080e+01   3.1036863e+01   2.8540150e+01   3.1000000e+01   2.0000000e+01   1.7719175e+01   1.5508331e+01   1.9637659e+01   2.1488092e+01   1.7120770e+01   1.4817821e+01   1.8837121e+01   1.6786497e+01   3.5485711e+01   3.4267588e+01   2.0624612e+01   3.4208308e+01   1.8423448e+01   5.5249378e+00   3.2067388e+01   2.1772047e+01   2.5624689e+01   3.2122777e+01   3.2830326e+01   2.9915132e+01   2.1242469e+01   1.9800259e+01   1.8451323e+01   2.7890692e+01   1.6946884e+01   1.8113915e+01   1.5797059e+01   1.1047512e+01   1.4156500e+01   1.3354960e+01   1.9107794e+01   5.8150729e+00   1.7500000e+01   1.5706906e+01   1.9241665e+01   1.6200318e+01   1.2849089e+01   1.2706556e+01   1.4293114e+01   8.8815273e+00
   9.5138782e+00   5.5249378e+00   1.4000000e+01   1.3089678e+01   4.5311289e+00   1.7007574e+01   1.2010864e+01   5.0276926e+00   4.0355339e+00   2.0000000e+00   0.0000000e+00   9.9339811e+00   7.6589105e+00   1.0807764e+01   9.8005376e+00   1.1465856e+01   9.5138782e+00   1.0940307e+01   1.1912712e+01   1.0323441e+01   7.4641941e+00   9.6923882e+00   1.1106602e+01   1.1235455e+01   7.1708320e+00   1.4446326e+01   1.0904326e+01   1.7507351e+01   1.2603718e+01   1.0759142e+01   2.1600948e+01   1.9644190e+01   2.0311613e+01   1.8562392e+01   2.3171568e+01   1.9709373e+01   2.2465883e+01   2.3226636e+01   2.1719095e+01   2.6004901e+01   1.9000000e+01   1.9027007e+01   1.7529386e+01   2.5045875e+01   2.0159603e+01   2.2505681e+01   1.7682840e+01   1.5008618e+01   2.5847584e+01   1.9539433e+01   2.0630822e+01   1.8220045e+01   3.2814857e+01   3.0206902e+01   2.7725907e+01   3.2597508e+01   2.7541635e+01   3.2535137e+01   3.0038111e+01   3.2500000e+01   2.1392582e+01   1.9080904e+01   1.6824828e+01   2.1054805e+01   2.2955512e+01   1.8527756e+01   1.6192355e+01   2.0311613e+01   1.8220045e+01   3.6280581e+01   3.4981879e+01   2.1976732e+01   3.5032593e+01   1.9735384e+01   5.8851648e+00   3.2830326e+01   2.2551077e+01   2.6432605e+01   3.3000000e+01   3.3801652e+01   3.0732433e+01   2.1689620e+01   2.0280040e+01   1.8843936e+01   2.8473201e+01   1.7507351e+01   1.9006756e+01   1.6160460e+01   1.1293517e+01   1.4826549e+01   1.3785330e+01   1.8388544e+01   7.0192024e+00   1.6847783e+01   1.5077380e+01   2.0311613e+01   1.5340822e+01   1.2384864e+01   1.1912712e+01   1.3306248e+01   1.0323441e+01
   1.4896180e+01   1.3000000e+01   2.0655644e+01   2.0412308e+01   1.3624405e+01   2.2465883e+01   1.8624569e+01   1.3785330e+01   8.1485293e+00   1.1235455e+01   9.9339811e+00   0.0000000e+00   5.7201533e+00   2.0000000e+00   4.0355339e+00   3.0000000e+00   6.6032778e+00   7.5710678e+00   6.0901699e+00   1.8177670e+01   1.5213939e+01   1.7068042e+01   1.1477249e+01   1.8000000e+01   1.0117692e+01   1.4800350e+01   1.7030275e+01   1.8809833e+01   1.8177670e+01   1.5706906e+01   2.6600766e+01   2.4217082e+01   2.4552027e+01   2.2231314e+01   2.7425824e+01   2.2860680e+01   2.5768558e+01   2.6239075e+01   2.4084953e+01   3.4448490e+01   2.7467573e+01   2.7300187e+01   2.5817978e+01   3.3187918e+01   2.8113403e+01   3.0835623e+01   2.5624689e+01   2.3662470e+01   3.4974628e+01   2.7004717e+01   2.8000000e+01   2.5500000e+01   4.1612650e+01   3.8951268e+01   3.6517357e+01   4.1197051e+01   3.6098455e+01   4.1024684e+01   3.8559164e+01   4.0811289e+01   3.0707615e+01   2.8450850e+01   2.6239075e+01   3.0307717e+01   3.1968238e+01   2.7813001e+01   2.5544960e+01   2.9283676e+01   2.7425824e+01   4.5011235e+01   4.3511626e+01   3.1358548e+01   4.3841666e+01   2.9153098e+01   1.4642136e+01   4.1503049e+01   3.1358548e+01   3.5263487e+01   4.1939715e+01   4.2926407e+01   3.9551248e+01   2.9654759e+01   2.8379204e+01   2.6739284e+01   3.6700829e+01   2.5901772e+01   2.8077164e+01   2.4084953e+01   1.9221645e+01   2.3548861e+01   2.2005813e+01   2.1500000e+01   1.6453056e+01   2.0556171e+01   1.9168155e+01   2.9629023e+01   1.8000000e+01   1.7740940e+01   1.5706906e+01   1.5500000e+01   1.9539433e+01
   1.5500000e+01   1.2268602e+01   2.0723748e+01   2.0025624e+01   1.1680340e+01   1.7270510e+01   1.8672782e+01   1.0104686e+01   4.4051248e+00   8.4056942e+00   7.6589105e+00   5.7201533e+00   0.0000000e+00   5.5000000e+00   3.1925824e+00   5.5990195e+00   2.5000000e+00   4.0000000e+00   4.8011626e+00   1.3624405e+01   1.0807764e+01   1.2384864e+01   6.5207973e+00   1.3089678e+01   5.0000000e+00   1.0052487e+01   1.2010864e+01   1.3953624e+01   1.3039936e+01   1.0549876e+01   2.1380613e+01   1.9000000e+01   1.9348077e+01   1.7052945e+01   2.2231314e+01   1.7740940e+01   2.0655644e+01   2.1170027e+01   1.9101075e+01   2.9847061e+01   2.2961077e+01   2.2692341e+01   2.1242469e+01   2.8450850e+01   2.3352790e+01   2.6209920e+01   2.0896078e+01   1.9348077e+01   3.0917922e+01   2.2092823e+01   2.3049945e+01   2.0556171e+01   3.7187873e+01   3.4503676e+01   3.2122777e+01   3.6638622e+01   3.1548349e+01   3.6402646e+01   3.3970136e+01   3.6098455e+01   2.7000000e+01   2.4913111e+01   2.2910935e+01   2.6485573e+01   2.7813001e+01   2.4084953e+01   2.2005813e+01   2.5122145e+01   2.3570544e+01   4.3377733e+01   4.2120308e+01   2.7822152e+01   4.2108292e+01   2.5803162e+01   1.3039936e+01   3.9946166e+01   2.9654759e+01   3.3518934e+01   4.0028471e+01   4.0715047e+01   3.7812866e+01   2.8824018e+01   2.7425824e+01   2.5960754e+01   3.5631894e+01   2.4666092e+01   2.6019600e+01   2.3270595e+01   1.8367568e+01   2.1970911e+01   2.0926698e+01   2.3548861e+01   1.3624405e+01   2.2283021e+01   2.0655644e+01   2.7075365e+01   2.0146883e+01   1.8500000e+01   1.7188319e+01   1.7740940e+01   1.5902922e+01
   1.6311388e+01   1.4229530e+01   2.2040659e+01   2.1742646e+01   1.4642136e+01   2.2208293e+01   2.0000000e+01   1.4365425e+01   8.5777472e+00   1.2010864e+01   1.0807764e+01   2.0000000e+00   5.5000000e+00   0.0000000e+00   3.1925824e+00   1.5000000e+00   5.8851648e+00   6.6032778e+00   4.8011626e+00   1.8451323e+01   1.5541609e+01   1.7270510e+01   1.0807764e+01   1.8064168e+01   1.0000000e+01   1.3962912e+01   1.7007574e+01   1.7992856e+01   1.8028548e+01   1.5533296e+01   2.6209920e+01   2.3786262e+01   2.4063743e+01   2.1689620e+01   2.6905492e+01   2.2231314e+01   2.5122145e+01   2.5544960e+01   2.3325424e+01   3.4723530e+01   2.7785527e+01   2.7564737e+01   2.6097851e+01   3.3382366e+01   2.8289386e+01   3.1094117e+01   2.5817978e+01   2.4063743e+01   3.5503571e+01   2.7075365e+01   2.8040879e+01   2.5544960e+01   4.1984937e+01   3.9310437e+01   3.6900549e+01   4.1500000e+01   3.6402646e+01   4.1292156e+01   3.8843839e+01   4.1024684e+01   3.1358548e+01   2.9153098e+01   2.7000000e+01   3.0917922e+01   3.2453091e+01   2.8450850e+01   2.6239075e+01   2.9761750e+01   2.8018176e+01   4.6200109e+01   4.4740818e+01   3.2067388e+01   4.5011235e+01   2.9915132e+01   1.5739751e+01   4.2701896e+01   3.2515621e+01   3.6420050e+01   4.3073466e+01   4.4000000e+01   4.0715047e+01   3.0950780e+01   2.9654759e+01   2.8036340e+01   3.7973324e+01   2.7127054e+01   2.9157460e+01   2.5369660e+01   2.0481241e+01   2.4707437e+01   2.3243131e+01   2.3000000e+01   1.7300298e+01   2.2052262e+01   2.0655644e+01   3.0603986e+01   1.9500000e+01   1.9181542e+01   1.7188319e+01   1.7000000e+01   2.0178669e+01
   1.6694135e+01   1.3962912e+01   2.2208293e+01   2.1689620e+01   1.3813527e+01   1.9604973e+01   2.0146883e+01   1.2706556e+01   6.9031242e+00   1.0759142e+01   9.8005376e+00   4.0355339e+00   3.1925824e+00   3.1925824e+00   0.0000000e+00   3.0000000e+00   3.1925824e+00   4.0355339e+00   3.0000000e+00   1.6311388e+01   1.3500000e+01   1.5060220e+01   8.1157731e+00   1.5706906e+01   7.5710678e+00   1.1316654e+01   1.4580128e+01   1.5340822e+01   1.5500000e+01   1.3000000e+01   2.3548861e+01   2.1115528e+01   2.1380613e+01   1.9000000e+01   2.4217082e+01   1.9539433e+01   2.2431712e+01   2.2860680e+01   2.0655644e+01   3.2515621e+01   2.5644582e+01   2.5364634e+01   2.3920077e+01   3.1094117e+01   2.5995098e+01   2.8876927e+01   2.3548861e+01   2.2040659e+01   3.3605891e+01   2.4686773e+01   2.5624689e+01   2.3138463e+01   3.9873214e+01   3.7187873e+01   3.4811077e+01   3.9310437e+01   3.4223137e+01   3.9064880e+01   3.6638622e+01   3.8742646e+01   2.9654759e+01   2.7541635e+01   2.5500000e+01   2.9153098e+01   3.0504166e+01   2.6739284e+01   2.4629857e+01   2.7813001e+01   2.6239075e+01   4.5569391e+01   4.4232139e+01   3.0454132e+01   4.4329214e+01   2.8401613e+01   1.5077380e+01   4.2108292e+01   3.1840868e+01   3.5727830e+01   4.2300120e+01   4.3073466e+01   4.0028471e+01   3.0707615e+01   2.9348743e+01   2.7813001e+01   3.7621422e+01   2.6677280e+01   2.8302878e+01   2.5122145e+01   2.0197716e+01   2.4084953e+01   2.2860680e+01   2.4132605e+01   1.6056349e+01   2.3022211e+01   2.1500000e+01   2.9500000e+01   2.0655644e+01   1.9663768e+01   1.8000000e+01   1.8177670e+01   1.8527756e+01
   1.7263055e+01   1.5077380e+01   2.2972205e+01   2.2641590e+01   1.5366069e+01   2.2092823e+01   2.0926698e+01   1.4826549e+01   9.0000000e+00   1.2603718e+01   1.1465856e+01   3.0000000e+00   5.5990195e+00   1.5000000e+00   3.0000000e+00   0.0000000e+00   5.5990195e+00   6.0901699e+00   4.0355339e+00   1.8700275e+01   1.5837862e+01   1.7477927e+01   1.0462429e+01   1.8177670e+01   1.0052487e+01   1.3471122e+01   1.7068042e+01   1.7500000e+01   1.8000000e+01   1.5500000e+01   2.5995098e+01   2.3548861e+01   2.3786262e+01   2.1380613e+01   2.6600766e+01   2.1860009e+01   2.4733242e+01   2.5122145e+01   2.2860680e+01   3.4941980e+01   2.8040879e+01   2.7785527e+01   2.6331183e+01   3.3549206e+01   2.8450850e+01   3.1305844e+01   2.5995098e+01   2.4379908e+01   3.5887145e+01   2.7169271e+01   2.8113403e+01   2.5624689e+01   4.2261226e+01   3.9580046e+01   3.7187873e+01   4.1731056e+01   3.6638622e+01   4.1500000e+01   3.9064880e+01   4.1197051e+01   3.1824910e+01   2.9654759e+01   2.7541635e+01   3.1358548e+01   3.2810989e+01   2.8912145e+01   2.6739284e+01   3.0118406e+01   2.8450850e+01   4.7002688e+01   4.5569391e+01   3.2570235e+01   4.5801766e+01   3.0454132e+01   1.6507811e+01   4.3511626e+01   3.3302439e+01   3.7204904e+01   4.3841666e+01   4.4729515e+01   4.1503049e+01   3.1824910e+01   3.0516662e+01   2.8912145e+01   3.8830797e+01   2.7959060e+01   2.9898129e+01   2.6239075e+01   2.1338666e+01   2.5500000e+01   2.4084953e+01   2.4000000e+01   1.7914075e+01   2.3049945e+01   2.1648286e+01   3.1277427e+01   2.0500000e+01   2.0146883e+01   1.8177670e+01   1.8000000e+01   2.0655644e+01
   1.7500000e+01   1.4229530e+01   2.2703603e+01   2.1976732e+01   1.3500000e+01   1.7030275e+01   2.0655644e+01   1.1465856e+01   6.0901699e+00   1.0117692e+01   9.5138782e+00   6.6032778e+00   2.5000000e+00   5.8851648e+00   3.1925824e+00   5.5990195e+00   0.0000000e+00   2.0000000e+00   3.4154759e+00   1.4365425e+01   1.1736103e+01   1.3039936e+01   5.4244289e+00   1.3480755e+01   5.4244289e+00   8.7006097e+00   1.2268602e+01   1.2706556e+01   1.3039936e+01   1.0549876e+01   2.0896078e+01   1.8451323e+01   1.8700275e+01   1.6311388e+01   2.1529741e+01   1.6847783e+01   1.9741881e+01   2.0178669e+01   1.7992856e+01   3.0387288e+01   2.3619256e+01   2.3270595e+01   2.1860009e+01   2.8876927e+01   2.3786262e+01   2.6748809e+01   2.1380613e+01   2.0178669e+01   3.1824910e+01   2.2368928e+01   2.3270595e+01   2.0803941e+01   3.7836309e+01   3.5144624e+01   3.2810989e+01   3.7187873e+01   3.2122777e+01   3.6900549e+01   3.4503676e+01   3.6517357e+01   2.8108875e+01   2.6112497e+01   2.4211811e+01   2.7541635e+01   2.8678006e+01   2.5203239e+01   2.3226636e+01   2.6000000e+01   2.4629857e+01   4.5092600e+01   4.3884905e+01   2.9004386e+01   4.3804157e+01   2.7075365e+01   1.4896180e+01   4.1682521e+01   3.1386890e+01   3.5231110e+01   4.1688591e+01   4.2300120e+01   3.9516022e+01   3.0703477e+01   2.9292360e+01   2.7854159e+01   3.7462819e+01   2.6500000e+01   2.7689152e+01   2.5167793e+01   2.0280040e+01   2.3759407e+01   2.2799103e+01   2.5505000e+01   1.5205441e+01   2.4259209e+01   2.2641590e+01   2.8611386e+01   2.2087033e+01   2.0500000e+01   1.9168155e+01   1.9663768e+01   1.7150826e+01
   1.9000000e+01   1.5706906e+01   2.4190715e+01   2.3445588e+01   1.4896180e+01   1.7007574e+01   2.2144861e+01   1.2603718e+01   7.4641941e+00   1.1465856e+01   1.0940307e+01   7.5710678e+00   4.0000000e+00   6.6032778e+00   4.0355339e+00   6.0901699e+00   2.0000000e+00   0.0000000e+00   3.0000000e+00   1.5077380e+01   1.2603718e+01   1.3709845e+01   5.0276926e+00   1.3962912e+01   6.2008771e+00   7.8824115e+00   1.2675796e+01   1.1912712e+01   1.3247549e+01   1.0807764e+01   2.0655644e+01   1.8177670e+01   1.8346568e+01   1.5902922e+01   2.1115528e+01   1.6311388e+01   1.9168155e+01   1.9539433e+01   1.7270510e+01   3.0872685e+01   2.4211811e+01   2.3807724e+01   2.2431712e+01   2.9283676e+01   2.4217082e+01   2.7244158e+01   2.1860009e+01   2.0908332e+01   3.2570235e+01   2.2692341e+01   2.3548861e+01   2.1115528e+01   3.8384693e+01   3.5692329e+01   3.3397568e+01   3.7665172e+01   3.2628648e+01   3.7340874e+01   3.4974628e+01   3.6900549e+01   2.9004386e+01   2.7075365e+01   2.5248737e+01   2.8401613e+01   2.9400692e+01   2.6112497e+01   2.4211811e+01   2.6739284e+01   2.5500000e+01   4.6393899e+01   4.5221360e+01   2.9949109e+01   4.5092600e+01   2.8086228e+01   1.6311388e+01   4.3000000e+01   3.2706366e+01   3.6534705e+01   4.2952915e+01   4.3511626e+01   4.0811289e+01   3.2122777e+01   3.0703477e+01   2.9283676e+01   3.8847099e+01   2.7890692e+01   2.8969282e+01   2.6600766e+01   2.1724985e+01   2.5122145e+01   2.4217082e+01   2.6976405e+01   1.6453056e+01   2.5743811e+01   2.4132605e+01   2.9800171e+01   2.3548861e+01   2.2000000e+01   2.0655644e+01   2.1115528e+01   1.8177670e+01
   1.9168155e+01   1.6311388e+01   2.4635037e+01   2.4063743e+01   1.5943445e+01   1.9506578e+01   2.2573740e+01   1.4293114e+01   8.7006097e+00   1.2706556e+01   1.1912712e+01   6.0901699e+00   4.8011626e+00   4.8011626e+00   3.0000000e+00   4.0355339e+00   3.4154759e+00   3.0000000e+00   0.0000000e+00   1.7270510e+01   1.4650972e+01   1.5935349e+01   7.5178344e+00   1.6311388e+01   8.3262379e+00   1.0156604e+01   1.5060220e+01   1.4156500e+01   1.5706906e+01   1.3247549e+01   2.3138463e+01   2.0655644e+01   2.0803941e+01   1.8346568e+01   2.3548861e+01   1.8700275e+01   2.1529741e+01   2.1860009e+01   1.9539433e+01   3.3229956e+01   2.6500000e+01   2.6132011e+01   2.4733242e+01   3.1680924e+01   2.6600766e+01   2.9594673e+01   2.4217082e+01   2.3088714e+01   3.4738137e+01   2.5122145e+01   2.5995098e+01   2.3548861e+01   4.0705721e+01   3.8013331e+01   3.5692329e+01   4.0028471e+01   3.4974628e+01   3.9723717e+01   3.7340874e+01   3.9310437e+01   3.1016389e+01   2.9004386e+01   2.7075365e+01   3.0454132e+01   3.1588583e+01   2.8108875e+01   2.6112497e+01   2.8912145e+01   2.7541635e+01   4.7669906e+01   4.6393899e+01   3.1900637e+01   4.6404793e+01   2.9949109e+01   1.7270510e+01   4.4232139e+01   3.3943983e+01   3.7812866e+01   4.4329214e+01   4.5011235e+01   4.2108292e+01   3.3000000e+01   3.1620733e+01   3.0118406e+01   3.9860513e+01   2.8898944e+01   3.0320295e+01   2.7425824e+01   2.2505681e+01   2.6239075e+01   2.5122145e+01   2.6619916e+01   1.7914075e+01   2.5519992e+01   2.4000000e+01   3.1358548e+01   2.3138463e+01   2.2144861e+01   2.0500000e+01   2.0655644e+01   2.0025624e+01
   1.7150826e+01   1.3000000e+01   1.9107794e+01   1.7500000e+01   1.0104686e+01   8.5622577e+00   1.7704651e+01   5.8851648e+00   1.0549876e+01   8.8815273e+00   1.0323441e+01   1.8177670e+01   1.3624405e+01   1.8451323e+01   1.6311388e+01   1.8700275e+01   1.4365425e+01   1.5077380e+01   1.7270510e+01   0.0000000e+00   3.5000000e+00   1.9142136e+00   1.1813708e+01   3.0000000e+00   9.4442719e+00   1.3029964e+01   4.1400549e+00   1.3738202e+01   5.5000000e+00   6.0901699e+00   1.3000000e+01   1.1680340e+01   1.2583046e+01   1.1780514e+01   1.5077380e+01   1.3247549e+01   1.5366069e+01   1.6311388e+01   1.5706906e+01   1.6778821e+01   9.8407708e+00   9.6241438e+00   8.1485293e+00   1.5533296e+01   1.0500000e+01   1.3158989e+01   8.0000000e+00   6.3309519e+00   1.7992856e+01   9.7195445e+00   1.0807764e+01   8.4056942e+00   2.4063743e+01   2.1380613e+01   1.9000000e+01   2.3548861e+01   1.8451323e+01   2.3352790e+01   2.0896078e+01   2.3138463e+01   1.4642136e+01   1.3000000e+01   1.1680340e+01   1.3953624e+01   1.4826549e+01   1.1835784e+01   1.0361541e+01   1.2161904e+01   1.1106602e+01   3.4503676e+01   3.3854160e+01   1.5739751e+01   3.3072995e+01   1.4229530e+01   1.1106602e+01   3.1423292e+01   2.1648286e+01   2.5015301e+01   3.0703477e+01   3.0707615e+01   2.9004386e+01   2.3138463e+01   2.1648286e+01   2.0896078e+01   2.8571338e+01   1.8672782e+01   1.7617243e+01   1.8700275e+01   1.5264823e+01   1.5706906e+01   1.6311388e+01   2.5965663e+01   7.7111026e+00   2.4211811e+01   2.2431712e+01   1.7263055e+01   2.3548861e+01   1.9268324e+01   2.0025624e+01   2.2005813e+01   5.5000000e+00
   1.5034442e+01   1.0759142e+01   1.7769916e+01   1.6311388e+01   8.0000000e+00   1.0399495e+01   1.6152476e+01   3.3284271e+00   7.5710678e+00   6.0901699e+00   7.4641941e+00   1.5213939e+01   1.0807764e+01   1.5541609e+01   1.3500000e+01   1.5837862e+01   1.1736103e+01   1.2603718e+01   1.4650972e+01   3.5000000e+00   0.0000000e+00   2.7360680e+00   9.9339811e+00   4.4051248e+00   6.9031242e+00   1.1901754e+01   4.5311289e+00   1.3509612e+01   6.3309519e+00   5.5249378e+00   1.5000000e+01   1.3306248e+01   1.4101471e+01   1.2798374e+01   1.6824828e+01   1.4156500e+01   1.6624515e+01   1.7500000e+01   1.6476545e+01   1.9735384e+01   1.2757651e+01   1.2593387e+01   1.1106602e+01   1.8527756e+01   1.3500000e+01   1.6128500e+01   1.1000000e+01   9.0440037e+00   2.0624612e+01   1.2665525e+01   1.3738202e+01   1.1293517e+01   2.6943336e+01   2.4269729e+01   2.1860009e+01   2.6485573e+01   2.1386599e+01   2.6311819e+01   2.3845235e+01   2.6122256e+01   1.6901219e+01   1.5000000e+01   1.3306248e+01   1.6311388e+01   1.7507351e+01   1.4009256e+01   1.2172618e+01   1.4817821e+01   1.3403488e+01   3.5503571e+01   3.4654063e+01   1.7856555e+01   3.4115473e+01   1.6072412e+01   9.2464278e+00   3.2284430e+01   2.2208293e+01   2.5798221e+01   3.1824910e+01   3.2067388e+01   2.9936372e+01   2.3005555e+01   2.1505952e+01   2.0524984e+01   2.8942925e+01   1.8506943e+01   1.8220045e+01   1.8113915e+01   1.4101471e+01   1.5508331e+01   1.5632746e+01   2.4005319e+01   6.5827625e+00   2.2300229e+01   2.0500000e+01   1.8388544e+01   2.1362646e+01   1.7418924e+01   1.7827723e+01   1.9644190e+01   6.3309519e+00
   1.7120770e+01   1.2879418e+01   1.9506578e+01   1.7964249e+01   1.0052487e+01   8.3102497e+00   1.7992856e+01   5.5000000e+00   9.5000000e+00   8.3262379e+00   9.6923882e+00   1.7068042e+01   1.2384864e+01   1.7270510e+01   1.5060220e+01   1.7477927e+01   1.3039936e+01   1.3709845e+01   1.5935349e+01   1.9142136e+00   2.7360680e+00   0.0000000e+00   1.0399495e+01   2.3027756e+00   8.1157731e+00   1.1680340e+01   3.0000000e+00   1.2593387e+01   4.6231056e+00   4.7720019e+00   1.2879418e+01   1.1316654e+01   1.2161904e+01   1.1094810e+01   1.4800350e+01   1.2520815e+01   1.4817821e+01   1.5731546e+01   1.4930870e+01   1.7964249e+01   1.1094810e+01   1.0807764e+01   9.3600226e+00   1.6624515e+01   1.1545361e+01   1.4329317e+01   9.0586214e+00   7.7111026e+00   1.9367962e+01   1.0549876e+01   1.1601802e+01   9.1313383e+00   2.5324383e+01   2.2635944e+01   2.0280040e+01   2.4753866e+01   1.9663768e+01   2.4526028e+01   2.2087033e+01   2.4259209e+01   1.6056349e+01   1.4401439e+01   1.3029964e+01   1.5366069e+01   1.6192355e+01   1.3247549e+01   1.1736103e+01   1.3538405e+01   1.2520815e+01   3.5759750e+01   3.5061539e+01   1.7150826e+01   3.4337849e+01   1.5616216e+01   1.1200467e+01   3.2644206e+01   2.2776669e+01   2.6209920e+01   3.1984123e+01   3.2035694e+01   3.0240545e+01   2.4047824e+01   2.2551077e+01   2.1713203e+01   2.9654759e+01   1.9559119e+01   1.8748288e+01   1.9427493e+01   1.5731546e+01   1.6570159e+01   1.6992423e+01   2.6044080e+01   8.1157731e+00   2.4317011e+01   2.2522716e+01   1.8527756e+01   2.3483690e+01   1.9401058e+01   1.9948650e+01   2.1819006e+01   6.5827625e+00
   2.0025624e+01   1.6128500e+01   2.4546829e+01   2.3500000e+01   1.4508926e+01   1.2541595e+01   2.2590722e+01   1.0940307e+01   7.7801099e+00   1.1000000e+01   1.1106602e+01   1.1477249e+01   6.5207973e+00   1.0807764e+01   8.1157731e+00   1.0462429e+01   5.4244289e+00   5.0276926e+00   7.5178344e+00   1.1813708e+01   9.9339811e+00   1.0399495e+01   0.0000000e+00   1.0208244e+01   4.5000000e+00   4.1055513e+00   8.8216585e+00   7.9330344e+00   9.0440037e+00   6.7649820e+00   1.6128500e+01   1.3652946e+01   1.3841664e+01   1.1420165e+01   1.6640012e+01   1.1923660e+01   1.4817821e+01   1.5264823e+01   1.3119429e+01   2.6900758e+01   2.0481241e+01   1.9974342e+01   1.8679659e+01   2.5198178e+01   2.0197716e+01   2.3308989e+01   1.7942764e+01   1.7529386e+01   2.9100699e+01   1.8527756e+01   1.9321530e+01   1.6946884e+01   3.4488969e+01   3.1804952e+01   2.9590376e+01   3.3654939e+01   2.8682441e+01   3.3275753e+01   3.0963092e+01   3.2756782e+01   2.5955844e+01   2.4253947e+01   2.2703603e+01   2.5258837e+01   2.5901772e+01   2.3138463e+01   2.1505952e+01   2.3303509e+01   2.2420310e+01   4.4819860e+01   4.3864732e+01   2.7037709e+01   4.3453463e+01   2.5409837e+01   1.6008062e+01   4.1539615e+01   3.1342341e+01   3.5039832e+01   4.1197051e+01   4.1493902e+01   3.9236288e+01   3.1491934e+01   3.0016944e+01   2.8784271e+01   3.7863083e+01   2.7075365e+01   2.7425824e+01   2.6175864e+01   2.1523796e+01   2.4148467e+01   2.3694827e+01   2.8651377e+01   1.5060220e+01   2.7225456e+01   2.5500000e+01   2.7794688e+01   2.5384734e+01   2.2955512e+01   2.2162179e+01   2.3094247e+01   1.5764338e+01
   1.8898369e+01   1.4642136e+01   2.1296634e+01   1.9741881e+01   1.1835784e+01   6.5207973e+00   1.9793781e+01   7.2268120e+00   1.0611874e+01   9.9339811e+00   1.1235455e+01   1.8000000e+01   1.3089678e+01   1.8064168e+01   1.5706906e+01   1.8177670e+01   1.3480755e+01   1.3962912e+01   1.6311388e+01   3.0000000e+00   4.4051248e+00   2.3027756e+00   1.0208244e+01   0.0000000e+00   8.6394103e+00   1.0904326e+01   1.9142136e+00   1.1293517e+01   3.0000000e+00   4.0355339e+00   1.1106602e+01   9.5138782e+00   1.0361541e+01   9.3600226e+00   1.3000000e+01   1.0807764e+01   1.3039936e+01   1.3962912e+01   1.3247549e+01   1.7418924e+01   1.0795630e+01   1.0348858e+01   9.0000000e+00   1.5902922e+01   1.0807764e+01   1.3785330e+01   8.4056942e+00   7.9330344e+00   1.9401058e+01   9.5138782e+00   1.0500000e+01   8.0000000e+00   2.4923349e+01   2.2231314e+01   1.9955076e+01   2.4217082e+01   1.9168155e+01   2.3920077e+01   2.1529741e+01   2.3548861e+01   1.6507811e+01   1.5077380e+01   1.3962912e+01   1.5739751e+01   1.6200318e+01   1.3813527e+01   1.2583046e+01   1.3624405e+01   1.3000000e+01   3.6900549e+01   3.6294553e+01   1.7704651e+01   3.5460692e+01   1.6382380e+01   1.3000000e+01   3.3854160e+01   2.4132605e+01   2.7467573e+01   3.3072995e+01   3.3000000e+01   3.1423292e+01   2.5624689e+01   2.4132605e+01   2.3352790e+01   3.1065503e+01   2.1151876e+01   2.0102296e+01   2.1115528e+01   1.7507351e+01   1.8177670e+01   1.8700275e+01   2.7835874e+01   9.8941471e+00   2.6112497e+01   2.4317011e+01   1.9663768e+01   2.5248737e+01   2.1200242e+01   2.1713203e+01   2.3548861e+01   8.0000000e+00
   1.6160460e+01   1.2172618e+01   2.0556171e+01   1.9500000e+01   1.0512492e+01   1.2869317e+01   1.8610770e+01   7.2082039e+00   4.1055513e+00   7.0000000e+00   7.1708320e+00   1.0117692e+01   5.0000000e+00   1.0000000e+01   7.5710678e+00   1.0052487e+01   5.4244289e+00   6.2008771e+00   8.3262379e+00   9.4442719e+00   6.9031242e+00   8.1157731e+00   4.5000000e+00   8.6394103e+00   0.0000000e+00   7.7801099e+00   7.5178344e+00   1.1047512e+01   8.5622577e+00   6.0901699e+00   1.7120770e+01   1.4817821e+01   1.5264823e+01   1.3119429e+01   1.8177670e+01   1.4009256e+01   1.6901219e+01   1.7529386e+01   1.5706906e+01   2.5500000e+01   1.8700275e+01   1.8367568e+01   1.6946884e+01   2.4037205e+01   1.8939089e+01   2.1860009e+01   1.6507811e+01   1.5264823e+01   2.6919690e+01   1.7617243e+01   1.8562392e+01   1.6072412e+01   3.2922986e+01   3.0232137e+01   2.7890692e+01   3.2300157e+01   2.7225456e+01   3.2031730e+01   2.9620440e+01   3.1684932e+01   2.3303509e+01   2.1386599e+01   1.9604973e+01   2.2703603e+01   2.3764780e+01   2.0412308e+01   1.8534689e+01   2.1091260e+01   1.9800259e+01   4.1197051e+01   4.0154760e+01   2.4253947e+01   3.9857337e+01   2.2420310e+01   1.2010864e+01   3.7866429e+01   2.7615494e+01   3.1370698e+01   3.7651716e+01   3.8083241e+01   3.5606979e+01   2.7564737e+01   2.6097851e+01   2.4831050e+01   3.4026109e+01   2.3177081e+01   2.3759407e+01   2.2208293e+01   1.7529386e+01   2.0280040e+01   1.9735384e+01   2.4923349e+01   1.1270330e+01   2.3440139e+01   2.1689620e+01   2.4353721e+01   2.1742646e+01   1.9053975e+01   1.8423448e+01   1.9539433e+01   1.2541595e+01
   2.3440139e+01   1.9427493e+01   2.7725907e+01   2.6576810e+01   1.7566048e+01   1.1270330e+01   2.5817978e+01   1.3538405e+01   1.1270330e+01   1.4147344e+01   1.4446326e+01   1.4800350e+01   1.0052487e+01   1.3962912e+01   1.1316654e+01   1.3471122e+01   8.7006097e+00   7.8824115e+00   1.0156604e+01   1.3029964e+01   1.1901754e+01   1.1680340e+01   4.1055513e+00   1.0904326e+01   7.7801099e+00   0.0000000e+00   9.5138782e+00   4.5311289e+00   8.9852814e+00   7.4462220e+00   1.4036986e+01   1.1545361e+01   1.1500000e+01   9.0000000e+00   1.4083078e+01   9.1313383e+00   1.1901754e+01   1.2204700e+01   9.8941471e+00   2.6576810e+01   2.0680436e+01   2.0025624e+01   1.8898369e+01   2.4686773e+01   1.9916488e+01   2.3110838e+01   1.7914075e+01   1.8304494e+01   2.9500000e+01   1.7992856e+01   1.8617671e+01   1.6453056e+01   3.4208308e+01   3.1564449e+01   2.9504310e+01   3.3184094e+01   2.8379204e+01   3.2706366e+01   3.0516662e+01   3.2035694e+01   2.6900758e+01   2.5464975e+01   2.4206539e+01   2.6112497e+01   2.6311819e+01   2.4217082e+01   2.2888613e+01   2.3845235e+01   2.3401965e+01   4.6849218e+01   4.6046679e+01   2.8108875e+01   4.5444410e+01   2.6739284e+01   1.9060711e+01   4.3665380e+01   3.3609666e+01   3.7187873e+01   4.3117485e+01   4.3214166e+01   4.1298284e+01   3.4182340e+01   3.2690837e+01   3.1564449e+01   4.0312058e+01   2.9710443e+01   2.9620440e+01   2.9017538e+01   2.4520824e+01   2.6734519e+01   2.6519224e+01   3.2162280e+01   1.7617243e+01   3.0703477e+01   2.8960499e+01   2.9654759e+01   2.8929738e+01   2.6331183e+01   2.5664459e+01   2.6662951e+01   1.7588007e+01
   1.9006756e+01   1.4712670e+01   2.1772047e+01   2.0280040e+01   1.2010864e+01   6.6032778e+00   2.0178669e+01   7.3007353e+00   9.8407708e+00   9.7195445e+00   1.0904326e+01   1.7030275e+01   1.2010864e+01   1.7007574e+01   1.4580128e+01   1.7068042e+01   1.2268602e+01   1.2675796e+01   1.5060220e+01   4.1400549e+00   4.5311289e+00   3.0000000e+00   8.8216585e+00   1.9142136e+00   7.5178344e+00   9.5138782e+00   0.0000000e+00   1.0117692e+01   2.3027756e+00   2.6213203e+00   1.1200467e+01   9.3459030e+00   1.0104686e+01   8.7764727e+00   1.2879418e+01   1.0156604e+01   1.2593387e+01   1.3471122e+01   1.2520815e+01   1.8700275e+01   1.2161904e+01   1.1680340e+01   1.0361541e+01   1.7120770e+01   1.2043396e+01   1.5077380e+01   9.6923882e+00   9.3459030e+00   2.0803941e+01   1.0611874e+01   1.1545361e+01   9.0586214e+00   2.6239075e+01   2.3548861e+01   2.1296634e+01   2.5489998e+01   2.0462465e+01   2.5167793e+01   2.2799103e+01   2.4753866e+01   1.7914075e+01   1.6453056e+01   1.5273287e+01   1.7150826e+01   1.7602631e+01   1.5205441e+01   1.3916408e+01   1.5034442e+01   1.4401439e+01   3.8143060e+01   3.7489863e+01   1.9101075e+01   3.6711186e+01   1.7740940e+01   1.3276932e+01   3.5061539e+01   2.5248737e+01   2.8646936e+01   3.4337849e+01   3.4311980e+01   3.2644206e+01   2.6543233e+01   2.5045875e+01   2.4190715e+01   3.2142535e+01   2.2052262e+01   2.1218349e+01   2.1877558e+01   1.8057050e+01   1.9060711e+01   1.9427493e+01   2.8000000e+01   1.0462429e+01   2.6306976e+01   2.4505208e+01   2.0902206e+01   2.5289111e+01   2.1440392e+01   2.1760292e+01   2.3483690e+01   9.0586214e+00
   2.6500000e+01   2.2328880e+01   3.0332868e+01   2.9035066e+01   2.0146883e+01   9.3459030e+00   2.8522313e+01   1.5706906e+01   1.4650972e+01   1.6946884e+01   1.7507351e+01   1.8809833e+01   1.3953624e+01   1.7992856e+01   1.5340822e+01   1.7500000e+01   1.2706556e+01   1.1912712e+01   1.4156500e+01   1.3738202e+01   1.3509612e+01   1.2593387e+01   7.9330344e+00   1.1293517e+01   1.1047512e+01   4.5311289e+00   1.0117692e+01   0.0000000e+00   8.8815273e+00   8.5000000e+00   1.0940307e+01   8.5777472e+00   8.2620873e+00   5.8851648e+00   1.0512492e+01   5.5249378e+00   8.0663730e+00   8.2620873e+00   5.8851648e+00   2.4959150e+01   1.9800259e+01   1.9006756e+01   1.8113915e+01   2.2910935e+01   1.8534689e+01   2.1713203e+01   1.6901219e+01   1.8170597e+01   2.8611386e+01   1.6413830e+01   1.6824828e+01   1.5000000e+01   3.2515621e+01   2.9949109e+01   2.8086228e+01   3.1305844e+01   2.6748809e+01   3.0732433e+01   2.8700177e+01   2.9915132e+01   2.6677280e+01   2.5579872e+01   2.4691941e+01   2.5803162e+01   2.5500000e+01   2.4211811e+01   2.3270595e+01   2.3243131e+01   2.3308989e+01   4.7685803e+01   4.7085942e+01   2.8004545e+01   4.6241119e+01   2.6962237e+01   2.1600948e+01   4.4647480e+01   3.4865681e+01   3.8252483e+01   4.3841666e+01   4.3688540e+01   4.2216304e+01   3.6000000e+01   3.4500000e+01   3.3534073e+01   4.1746212e+01   3.1500000e+01   3.0835623e+01   3.1102287e+01   2.6886550e+01   2.8500000e+01   2.8611386e+01   3.5389110e+01   1.9559119e+01   3.3854160e+01   3.2079265e+01   3.0454132e+01   3.2264760e+01   2.9292360e+01   2.8898944e+01   3.0084624e+01   1.8672782e+01
   2.0803941e+01   1.6507811e+01   2.3548861e+01   2.2040659e+01   1.3813527e+01   4.9721360e+00   2.1970911e+01   9.1023253e+00   1.1270330e+01   1.1465856e+01   1.2603718e+01   1.8177670e+01   1.3039936e+01   1.8028548e+01   1.5500000e+01   1.8000000e+01   1.3039936e+01   1.3247549e+01   1.5706906e+01   5.5000000e+00   6.3309519e+00   4.6231056e+00   9.0440037e+00   3.0000000e+00   8.5622577e+00   8.9852814e+00   2.3027756e+00   8.8815273e+00   0.0000000e+00   3.0000000e+00   9.5138782e+00   7.5710678e+00   8.3102497e+00   7.0000000e+00   1.1106602e+01   8.4056942e+00   1.0795630e+01   1.1680340e+01   1.0807764e+01   1.8388544e+01   1.2215375e+01   1.1601802e+01   1.0424717e+01   1.6655494e+01   1.1680340e+01   1.4826549e+01   9.5138782e+00   9.9339811e+00   2.1018285e+01   9.9868330e+00   1.0807764e+01   8.4056942e+00   2.6000000e+01   2.3325424e+01   2.1170027e+01   2.5122145e+01   2.0178669e+01   2.4733242e+01   2.2431712e+01   2.4217082e+01   1.8527756e+01   1.7270510e+01   1.6311388e+01   1.7704651e+01   1.7827723e+01   1.5943445e+01   1.4896180e+01   1.5366069e+01   1.5077380e+01   3.9310437e+01   3.8742646e+01   1.9793781e+01   3.7863083e+01   1.8624569e+01   1.5077380e+01   3.6294553e+01   2.6619916e+01   2.9927878e+01   3.5460692e+01   3.5320971e+01   3.3854160e+01   2.8113403e+01   2.6619916e+01   2.5817978e+01   3.3560551e+01   2.3635471e+01   2.2590722e+01   2.3548861e+01   1.9813208e+01   2.0655644e+01   2.1115528e+01   2.9800171e+01   1.2204700e+01   2.8108875e+01   2.6306976e+01   2.2087033e+01   2.7075365e+01   2.3243131e+01   2.3548861e+01   2.5248737e+01   1.0500000e+01
   1.9367962e+01   1.5077380e+01   2.2635944e+01   2.1242469e+01   1.2583046e+01   7.3007353e+00   2.0926698e+01   7.9330344e+00   9.0000000e+00   9.8005376e+00   1.0759142e+01   1.5706906e+01   1.0549876e+01   1.5533296e+01   1.3000000e+01   1.5500000e+01   1.0549876e+01   1.0807764e+01   1.3247549e+01   6.0901699e+00   5.5249378e+00   4.7720019e+00   6.7649820e+00   4.0355339e+00   6.0901699e+00   7.4462220e+00   2.6213203e+00   8.5000000e+00   3.0000000e+00   0.0000000e+00   1.1680340e+01   9.5138782e+00   1.0104686e+01   8.3102497e+00   1.3000000e+01   9.5138782e+00   1.2215375e+01   1.3000000e+01   1.1680340e+01   2.0655644e+01   1.4229530e+01   1.3709845e+01   1.2426860e+01   1.9000000e+01   1.3962912e+01   1.7052945e+01   1.1680340e+01   1.1465856e+01   2.2910935e+01   1.2384864e+01   1.3247549e+01   1.0807764e+01   2.8230849e+01   2.5544960e+01   2.3325424e+01   2.7425824e+01   2.2431712e+01   2.7070661e+01   2.4733242e+01   2.6600766e+01   2.0025624e+01   1.8527756e+01   1.7270510e+01   1.9268324e+01   1.9709373e+01   1.7300298e+01   1.5943445e+01   1.7150826e+01   1.6507811e+01   4.0028471e+01   3.9310437e+01   2.1200242e+01   3.8608398e+01   1.9793781e+01   1.3962912e+01   3.6900549e+01   2.6976405e+01   3.0454132e+01   3.6256118e+01   3.6294553e+01   3.4503676e+01   2.8000000e+01   2.6500000e+01   2.5544960e+01   3.3805405e+01   2.3500000e+01   2.2955512e+01   2.3138463e+01   1.9053975e+01   2.0500000e+01   2.0655644e+01   2.8379204e+01   1.1601802e+01   2.6739284e+01   2.4938699e+01   2.2799103e+01   2.5500000e+01   2.1970911e+01   2.2005813e+01   2.3548861e+01   1.0807764e+01
   2.9500000e+01   2.5248737e+01   3.1564449e+01   2.9915132e+01   2.2431712e+01   5.1097722e+00   3.0202693e+01   1.7827723e+01   2.0178669e+01   2.0412308e+01   2.1600948e+01   2.6600766e+01   2.1380613e+01   2.6209920e+01   2.3548861e+01   2.5995098e+01   2.0896078e+01   2.0655644e+01   2.3138463e+01   1.3000000e+01   1.5000000e+01   1.2879418e+01   1.6128500e+01   1.1106602e+01   1.7120770e+01   1.4036986e+01   1.1200467e+01   1.0940307e+01   9.5138782e+00   1.1680340e+01   0.0000000e+00   3.0000000e+00   3.1925824e+00   5.5990195e+00   3.0000000e+00   6.0901699e+00   5.2169906e+00   6.0901699e+00   7.5710678e+00   1.6032225e+01   1.3089678e+01   1.2097414e+01   1.2000000e+01   1.3813527e+01   1.0807764e+01   1.3500000e+01   1.0500000e+01   1.3738202e+01   2.0926698e+01   8.6394103e+00   8.4056942e+00   8.0000000e+00   2.3171568e+01   2.0803941e+01   1.9367962e+01   2.1713203e+01   1.7704651e+01   2.1018285e+01   1.9268324e+01   2.0025624e+01   2.0655644e+01   2.0500000e+01   2.0655644e+01   1.9663768e+01   1.8220045e+01   1.9000000e+01   1.9168155e+01   1.6694135e+01   1.8000000e+01   4.3073466e+01   4.3000000e+01   2.2144861e+01   4.1576149e+01   2.2000000e+01   2.3548861e+01   4.0500000e+01   3.1900637e+01   3.4591788e+01   3.9081083e+01   3.8331865e+01   3.8000000e+01   3.4503676e+01   3.3072995e+01   3.2628648e+01   3.8895963e+01   3.0232137e+01   2.8054491e+01   3.0707615e+01   2.7689152e+01   2.7425824e+01   2.8450850e+01   3.8411080e+01   2.0204060e+01   3.6673194e+01   3.4883862e+01   2.6619916e+01   3.5855339e+01   3.1740999e+01   3.2319805e+01   3.4134060e+01   1.7270510e+01
   2.7835874e+01   2.3548861e+01   3.0269951e+01   2.8678006e+01   2.0803941e+01   3.6622777e+00   2.8801943e+01   1.6120499e+01   1.7992856e+01   1.8534689e+01   1.9644190e+01   2.4217082e+01   1.9000000e+01   2.3786262e+01   2.1115528e+01   2.3548861e+01   1.8451323e+01   1.8177670e+01   2.0655644e+01   1.1680340e+01   1.3306248e+01   1.1316654e+01   1.3652946e+01   9.5138782e+00   1.4817821e+01   1.1545361e+01   9.3459030e+00   8.5777472e+00   7.5710678e+00   9.5138782e+00   3.0000000e+00   0.0000000e+00   1.5000000e+00   3.1925824e+00   4.0355339e+00   4.0355339e+00   4.5000000e+00   5.5000000e+00   6.0901699e+00   1.7529386e+01   1.3624405e+01   1.2675796e+01   1.2268602e+01   1.5366069e+01   1.1680340e+01   1.4650972e+01   1.0807764e+01   1.3500000e+01   2.1970911e+01   9.4442719e+00   9.5138782e+00   8.4056942e+00   2.4897746e+01   2.2431712e+01   2.0803941e+01   2.3548861e+01   1.9268324e+01   2.2910935e+01   2.1018285e+01   2.2005813e+01   2.1115528e+01   2.0655644e+01   2.0500000e+01   2.0146883e+01   1.9080904e+01   1.9168155e+01   1.9000000e+01   1.7263055e+01   1.8177670e+01   4.3293107e+01   4.3073466e+01   2.2573740e+01   4.1803753e+01   2.2144861e+01   2.2005813e+01   4.0578049e+01   3.1600643e+01   3.4500000e+01   3.9323318e+01   3.8742646e+01   3.8083241e+01   3.3854160e+01   3.2394357e+01   3.1820920e+01   3.8618237e+01   2.9487066e+01   2.7666155e+01   2.9761750e+01   2.6442244e+01   2.6600766e+01   2.7425824e+01   3.6811155e+01   1.8857560e+01   3.5101301e+01   3.3302439e+01   2.6500000e+01   3.4134060e+01   3.0202693e+01   3.0603986e+01   3.2319805e+01   1.6311388e+01
   2.8611386e+01   2.4317011e+01   3.1147186e+01   2.9568884e+01   2.1600948e+01   4.6231056e+00   2.9654759e+01   1.6901219e+01   1.8527756e+01   1.9241665e+01   2.0311613e+01   2.4552027e+01   1.9348077e+01   2.4063743e+01   2.1380613e+01   2.3786262e+01   1.8700275e+01   1.8346568e+01   2.0803941e+01   1.2583046e+01   1.4101471e+01   1.2161904e+01   1.3841664e+01   1.0361541e+01   1.5264823e+01   1.1500000e+01   1.0104686e+01   8.2620873e+00   8.3102497e+00   1.0104686e+01   3.1925824e+00   1.5000000e+00   0.0000000e+00   3.0000000e+00   3.4154759e+00   3.4154759e+00   3.5000000e+00   4.5000000e+00   5.2169906e+00   1.8304494e+01   1.4580128e+01   1.3624405e+01   1.3247549e+01   1.6120499e+01   1.2583046e+01   1.5508331e+01   1.1780514e+01   1.4500000e+01   2.2860680e+01   1.0348858e+01   1.0361541e+01   9.3600226e+00   2.5604780e+01   2.3171568e+01   2.1600948e+01   2.4211811e+01   2.0025624e+01   2.3548861e+01   2.1713203e+01   2.2602036e+01   2.2087033e+01   2.1648286e+01   2.1500000e+01   2.1115528e+01   2.0000000e+01   2.0159603e+01   2.0000000e+01   1.8220045e+01   1.9168155e+01   4.4286413e+01   4.4071780e+01   2.3548861e+01   4.2796572e+01   2.3138463e+01   2.2827114e+01   4.1576149e+01   3.2597508e+01   3.5500000e+01   4.0315198e+01   3.9723717e+01   3.9081083e+01   3.4829288e+01   3.3367157e+01   3.2780025e+01   3.9615214e+01   3.0454132e+01   2.8660256e+01   3.0703477e+01   2.7332816e+01   2.7560118e+01   2.8356777e+01   3.7601213e+01   1.9735384e+01   3.5901271e+01   3.4100595e+01   2.7500000e+01   3.4883862e+01   3.1016389e+01   3.1358548e+01   3.3034597e+01   1.7263055e+01
   2.7127054e+01   2.2827114e+01   3.0046573e+01   2.8540150e+01   2.0223083e+01   4.7720019e+00   2.8450850e+01   1.5508331e+01   1.6507811e+01   1.7602631e+01   1.8562392e+01   2.2231314e+01   1.7052945e+01   2.1689620e+01   1.9000000e+01   2.1380613e+01   1.6311388e+01   1.5902922e+01   1.8346568e+01   1.1780514e+01   1.2798374e+01   1.1094810e+01   1.1420165e+01   9.3600226e+00   1.3119429e+01   9.0000000e+00   8.7764727e+00   5.8851648e+00   7.0000000e+00   8.3102497e+00   5.5990195e+00   3.1925824e+00   3.0000000e+00   0.0000000e+00   5.7201533e+00   2.0000000e+00   4.4051248e+00   5.2169906e+00   4.5000000e+00   1.9948650e+01   1.5483324e+01   1.4589003e+01   1.3962912e+01   1.7827723e+01   1.3813527e+01   1.6901219e+01   1.2583046e+01   1.4721463e+01   2.4084953e+01   1.1601802e+01   1.1835784e+01   1.0361541e+01   2.7407248e+01   2.4897746e+01   2.3171568e+01   2.6112497e+01   2.1713203e+01   2.5500000e+01   2.3548861e+01   2.4629857e+01   2.2799103e+01   2.2087033e+01   2.1648286e+01   2.1860009e+01   2.1091260e+01   2.0630822e+01   2.0159603e+01   1.9080904e+01   1.9663768e+01   4.4641817e+01   4.4286413e+01   2.4217082e+01   4.3164388e+01   2.3548861e+01   2.1529741e+01   4.1803753e+01   3.2500000e+01   3.5589172e+01   4.0705721e+01   4.0277506e+01   3.9323318e+01   3.4371079e+01   3.2888269e+01   3.2174122e+01   3.9503205e+01   2.9927878e+01   2.8504464e+01   2.9970324e+01   2.6311819e+01   2.6976405e+01   2.7560118e+01   3.6140567e+01   1.8700275e+01   3.4477934e+01   3.2675301e+01   2.7615494e+01   3.3302439e+01   2.9654759e+01   2.9800171e+01   3.1358548e+01   1.6694135e+01
   3.1358548e+01   2.7075365e+01   3.3685087e+01   3.2067388e+01   2.4317011e+01   7.0192024e+00   3.2256889e+01   1.9644190e+01   2.1440392e+01   2.2069655e+01   2.3171568e+01   2.7425824e+01   2.2231314e+01   2.6905492e+01   2.4217082e+01   2.6600766e+01   2.1529741e+01   2.1115528e+01   2.3548861e+01   1.5077380e+01   1.6824828e+01   1.4800350e+01   1.6640012e+01   1.3000000e+01   1.8177670e+01   1.4083078e+01   1.2879418e+01   1.0512492e+01   1.1106602e+01   1.3000000e+01   3.0000000e+00   4.0355339e+00   3.4154759e+00   5.7201533e+00   0.0000000e+00   5.5000000e+00   3.4154759e+00   4.0355339e+00   6.0901699e+00   1.8177670e+01   1.5574813e+01   1.4580128e+01   1.4500000e+01   1.5943445e+01   1.3247549e+01   1.5837862e+01   1.3000000e+01   1.6200318e+01   2.3270595e+01   1.1106602e+01   1.0807764e+01   1.0500000e+01   2.5101829e+01   2.2827114e+01   2.1529741e+01   2.3548861e+01   1.9793781e+01   2.2799103e+01   2.1200242e+01   2.1713203e+01   2.3138463e+01   2.3000000e+01   2.3138463e+01   2.2144861e+01   2.0630822e+01   2.1500000e+01   2.1648286e+01   1.9168155e+01   2.0500000e+01   4.5569391e+01   4.5500000e+01   2.4629857e+01   4.4071780e+01   2.4500000e+01   2.5500000e+01   4.3000000e+01   3.4371079e+01   3.7085516e+01   4.1576149e+01   4.0811289e+01   4.0500000e+01   3.6900549e+01   3.5460692e+01   3.4974628e+01   4.1371751e+01   3.2597508e+01   3.0508332e+01   3.3000000e+01   2.9834280e+01   2.9761750e+01   3.0707615e+01   4.0324616e+01   2.2283021e+01   3.8608398e+01   3.6811155e+01   2.9109439e+01   3.7665172e+01   3.3700151e+01   3.4134060e+01   3.5855339e+01   1.9539433e+01
   2.8379204e+01   2.4084953e+01   3.1423292e+01   2.9936372e+01   2.1529741e+01   6.2008771e+00   2.9800171e+01   1.6824828e+01   1.7485288e+01   1.8809833e+01   1.9709373e+01   2.2860680e+01   1.7740940e+01   2.2231314e+01   1.9539433e+01   2.1860009e+01   1.6847783e+01   1.6311388e+01   1.8700275e+01   1.3247549e+01   1.4156500e+01   1.2520815e+01   1.1923660e+01   1.0807764e+01   1.4009256e+01   9.1313383e+00   1.0156604e+01   5.5249378e+00   8.4056942e+00   9.5138782e+00   6.0901699e+00   4.0355339e+00   3.4154759e+00   2.0000000e+00   5.5000000e+00   0.0000000e+00   3.4154759e+00   4.0355339e+00   3.0000000e+00   2.1054805e+01   1.6847783e+01   1.5935349e+01   1.5366069e+01   1.8898369e+01   1.5077380e+01   1.8113915e+01   1.3962912e+01   1.6200318e+01   2.5369660e+01   1.2849089e+01   1.3000000e+01   1.1680340e+01   2.8432955e+01   2.5965663e+01   2.4317011e+01   2.7075365e+01   2.2799103e+01   2.6427784e+01   2.4552027e+01   2.5500000e+01   2.4217082e+01   2.3548861e+01   2.3138463e+01   2.3270595e+01   2.2414607e+01   2.2087033e+01   2.1648286e+01   2.0462465e+01   2.1115528e+01   4.6120719e+01   4.5776926e+01   2.5644582e+01   4.4641817e+01   2.5015301e+01   2.2860680e+01   4.3293107e+01   3.4000000e+01   3.7085516e+01   4.2180331e+01   4.1731056e+01   4.0811289e+01   3.5855339e+01   3.4371079e+01   3.3643627e+01   4.1003086e+01   3.1407119e+01   3.0004237e+01   3.1423292e+01   2.7712130e+01   2.8450850e+01   2.9004386e+01   3.7391733e+01   2.0108672e+01   3.5745567e+01   3.3943983e+01   2.9109439e+01   3.4503676e+01   3.0950780e+01   3.1016389e+01   3.2515621e+01   1.8177670e+01
   3.1016389e+01   2.6715453e+01   3.3820414e+01   3.2280497e+01   2.4084953e+01   7.5710678e+00   3.2264760e+01   1.9367962e+01   2.0349433e+01   2.1505952e+01   2.2465883e+01   2.5768558e+01   2.0655644e+01   2.5122145e+01   2.2431712e+01   2.4733242e+01   1.9741881e+01   1.9168155e+01   2.1529741e+01   1.5366069e+01   1.6624515e+01   1.4817821e+01   1.4817821e+01   1.3039936e+01   1.6901219e+01   1.1901754e+01   1.2593387e+01   8.0663730e+00   1.0795630e+01   1.2215375e+01   5.2169906e+00   4.5000000e+00   3.5000000e+00   4.4051248e+00   3.4154759e+00   3.4154759e+00   0.0000000e+00   1.5000000e+00   3.1925824e+00   2.0748457e+01   1.7477927e+01   1.6507811e+01   1.6200318e+01   1.8527756e+01   1.5366069e+01   1.8170597e+01   1.4721463e+01   1.7500000e+01   2.5579872e+01   1.3149111e+01   1.3039936e+01   1.2268602e+01   2.7835874e+01   2.5500000e+01   2.4084953e+01   2.6331183e+01   2.2414607e+01   2.5604780e+01   2.3930749e+01   2.4552027e+01   2.5015301e+01   2.4629857e+01   2.4500000e+01   2.4037205e+01   2.2799103e+01   2.3138463e+01   2.3000000e+01   2.1115528e+01   2.2144861e+01   4.7268045e+01   4.7067156e+01   2.6485573e+01   4.5776926e+01   2.6122256e+01   2.5369660e+01   4.4570965e+01   3.5589172e+01   3.8500000e+01   4.3293107e+01   4.2672266e+01   4.2075233e+01   3.7762582e+01   3.6294553e+01   3.5671011e+01   4.2607007e+01   3.3367157e+01   3.1644823e+01   3.3549206e+01   3.0046573e+01   3.0454132e+01   3.1175723e+01   4.0028471e+01   2.2431712e+01   3.8358288e+01   3.6555513e+01   3.0500000e+01   3.7204904e+01   3.3518934e+01   3.3700151e+01   3.5263487e+01   2.0146883e+01
   3.1840868e+01   2.7541635e+01   3.4723530e+01   3.3195565e+01   2.4938699e+01   8.5622577e+00   3.3149655e+01   2.0223083e+01   2.1018285e+01   2.2300229e+01   2.3226636e+01   2.6239075e+01   2.1170027e+01   2.5544960e+01   2.2860680e+01   2.5122145e+01   2.0178669e+01   1.9539433e+01   2.1860009e+01   1.6311388e+01   1.7500000e+01   1.5731546e+01   1.5264823e+01   1.3962912e+01   1.7529386e+01   1.2204700e+01   1.3471122e+01   8.2620873e+00   1.1680340e+01   1.3000000e+01   6.0901699e+00   5.5000000e+00   4.5000000e+00   5.2169906e+00   4.0355339e+00   4.0355339e+00   1.5000000e+00   0.0000000e+00   3.0000000e+00   2.1595023e+01   1.8451323e+01   1.7477927e+01   1.7188319e+01   1.9367962e+01   1.6311388e+01   1.9080904e+01   1.5706906e+01   1.8500000e+01   2.6500000e+01   1.4101471e+01   1.3962912e+01   1.3247549e+01   2.8611386e+01   2.6306976e+01   2.4938699e+01   2.7075365e+01   2.3243131e+01   2.6331183e+01   2.4707437e+01   2.5248737e+01   2.5995098e+01   2.5624689e+01   2.5500000e+01   2.5015301e+01   2.3743279e+01   2.4132605e+01   2.4000000e+01   2.2087033e+01   2.3138463e+01   4.8262433e+01   4.8065744e+01   2.7467573e+01   4.6770941e+01   2.7117663e+01   2.6239075e+01   4.5569391e+01   3.6586701e+01   3.9500000e+01   4.4286413e+01   4.3656691e+01   4.3073466e+01   3.8742646e+01   3.7272952e+01   3.6638622e+01   4.3604524e+01   3.4341543e+01   3.2640317e+01   3.4503676e+01   3.0963092e+01   3.1423292e+01   3.2122777e+01   4.0854678e+01   2.3347319e+01   3.9194315e+01   3.7391733e+01   3.1500000e+01   3.8000000e+01   3.4371079e+01   3.4503676e+01   3.6031676e+01   2.1115528e+01
   3.0516662e+01   2.6239075e+01   3.3741540e+01   3.2284430e+01   2.3759407e+01   8.6394103e+00   3.2079265e+01   1.9080904e+01   1.9268324e+01   2.0908332e+01   2.1719095e+01   2.4084953e+01   1.9101075e+01   2.3325424e+01   2.0655644e+01   2.2860680e+01   1.7992856e+01   1.7270510e+01   1.9539433e+01   1.5706906e+01   1.6476545e+01   1.4930870e+01   1.3119429e+01   1.3247549e+01   1.5706906e+01   9.8941471e+00   1.2520815e+01   5.8851648e+00   1.0807764e+01   1.1680340e+01   7.5710678e+00   6.0901699e+00   5.2169906e+00   4.5000000e+00   6.0901699e+00   3.0000000e+00   3.1925824e+00   3.0000000e+00   0.0000000e+00   2.3000000e+01   1.9168155e+01   1.8234148e+01   1.7740940e+01   2.0803941e+01   1.7270510e+01   2.0223083e+01   1.6311388e+01   1.8672782e+01   2.7560118e+01   1.5034442e+01   1.5077380e+01   1.3962912e+01   3.0232137e+01   2.7835874e+01   2.6306976e+01   2.8784271e+01   2.4707437e+01   2.8086228e+01   2.6331183e+01   2.7075365e+01   2.6600766e+01   2.5995098e+01   2.5624689e+01   2.5644582e+01   2.4666092e+01   2.4526028e+01   2.4132605e+01   2.2799103e+01   2.3548861e+01   4.8588460e+01   4.8262433e+01   2.8040879e+01   4.7107403e+01   2.7467573e+01   2.5122145e+01   4.5776926e+01   3.6500000e+01   3.9580046e+01   4.4641817e+01   4.4160623e+01   4.3293107e+01   3.8331865e+01   3.6845564e+01   3.6098455e+01   4.3502907e+01   3.3876639e+01   3.2503906e+01   3.3854160e+01   3.0067719e+01   3.0913813e+01   3.1423292e+01   3.9516022e+01   2.2482948e+01   3.7896524e+01   3.6098455e+01   3.1600643e+01   3.6555513e+01   3.3149655e+01   3.3096012e+01   3.4503676e+01   2.0655644e+01
   3.0101520e+01   2.6886550e+01   2.9122544e+01   2.7332816e+01   2.4190715e+01   1.6120499e+01   2.8731188e+01   2.1523796e+01   2.6805893e+01   2.4505208e+01   2.6004901e+01   3.4448490e+01   2.9847061e+01   3.4723530e+01   3.2515621e+01   3.4941980e+01   3.0387288e+01   3.0872685e+01   3.3229956e+01   1.6778821e+01   1.9735384e+01   1.7964249e+01   2.6900758e+01   1.7418924e+01   2.5500000e+01   2.6576810e+01   1.8700275e+01   2.4959150e+01   1.8388544e+01   2.0655644e+01   1.6032225e+01   1.7529386e+01   1.8304494e+01   1.9948650e+01   1.8177670e+01   2.1054805e+01   2.0748457e+01   2.1595023e+01   2.3000000e+01   0.0000000e+00   7.5178344e+00   7.6589105e+00   9.1313383e+00   2.7360680e+00   7.2082039e+00   4.1400549e+00   9.5138782e+00   1.1500000e+01   6.5827625e+00   9.1023253e+00   8.6394103e+00   1.0624228e+01   8.1321688e+00   5.5000000e+00   3.8541020e+00   7.3007353e+00   2.3027756e+00   7.0764732e+00   4.6231056e+00   7.0192024e+00   9.7195445e+00   1.1511358e+01   1.3538405e+01   8.9852814e+00   5.8150729e+00   1.0624228e+01   1.2798374e+01   7.2082039e+00   1.0117692e+01   3.0603986e+01   3.1200163e+01   1.0904326e+01   2.9135642e+01   1.2520815e+01   2.4426972e+01   2.8806360e+01   2.3000000e+01   2.4206539e+01   2.6696374e+01   2.5248737e+01   2.6432605e+01   2.7379360e+01   2.6311819e+01   2.6748809e+01   2.9153098e+01   2.4317011e+01   2.0298990e+01   2.6019600e+01   2.5579872e+01   2.2551077e+01   2.4686773e+01   3.7412058e+01   2.0723748e+01   3.5631894e+01   3.4115473e+01   1.7529386e+01   3.6084407e+01   3.1049141e+01   3.2922986e+01   3.5320971e+01   1.6624515e+01
   2.3619256e+01   2.0146883e+01   2.3401965e+01   2.1600948e+01   1.7367128e+01   1.1235455e+01   2.2709232e+01   1.4508926e+01   1.9819679e+01   1.7500000e+01   1.9000000e+01   2.7467573e+01   2.2961077e+01   2.7785527e+01   2.5644582e+01   2.8040879e+01   2.3619256e+01   2.4211811e+01   2.6500000e+01   9.8407708e+00   1.2757651e+01   1.1094810e+01   2.0481241e+01   1.0795630e+01   1.8700275e+01   2.0680436e+01   1.2161904e+01   1.9800259e+01   1.2215375e+01   1.4229530e+01   1.3089678e+01   1.3624405e+01   1.4580128e+01   1.5483324e+01   1.5574813e+01   1.6847783e+01   1.7477927e+01   1.8451323e+01   1.9168155e+01   7.5178344e+00   0.0000000e+00   1.5000000e+00   2.3027756e+00   6.6846584e+00   3.1925824e+00   4.0355339e+00   3.4154759e+00   4.5311289e+00   9.3459030e+00   5.0000000e+00   5.5990195e+00   5.7201533e+00   1.4730249e+01   1.2043396e+01   9.6923882e+00   1.4229530e+01   9.1313383e+00   1.4083078e+01   1.1601802e+01   1.4000000e+01   8.0663730e+00   8.1485293e+00   9.0000000e+00   7.0764732e+00   6.2008771e+00   6.6846584e+00   7.7111026e+00   4.1400549e+00   5.7201533e+00   3.0516662e+01   3.0537477e+01   9.5553851e+00   2.9017538e+01   9.6241438e+00   1.7740940e+01   2.8040879e+01   2.0108672e+01   2.2368928e+01   2.6519224e+01   2.5743811e+01   2.5544960e+01   2.3570544e+01   2.2283021e+01   2.2300229e+01   2.6943336e+01   1.9800259e+01   1.6601242e+01   2.1018285e+01   1.9637659e+01   1.7485288e+01   1.9268324e+01   3.1455613e+01   1.3962912e+01   2.9654759e+01   2.8036340e+01   1.4580128e+01   2.9800171e+01   2.4882371e+01   2.6500000e+01   2.8824018e+01   9.8407708e+00
   2.4005319e+01   2.0424859e+01   2.4005319e+01   2.2208293e+01   1.7602631e+01   1.0361541e+01   2.3243131e+01   1.4508926e+01   1.9663768e+01   1.7529386e+01   1.9027007e+01   2.7300187e+01   2.2692341e+01   2.7564737e+01   2.5364634e+01   2.7785527e+01   2.3270595e+01   2.3807724e+01   2.6132011e+01   9.6241438e+00   1.2593387e+01   1.0807764e+01   1.9974342e+01   1.0348858e+01   1.8367568e+01   2.0025624e+01   1.1680340e+01   1.9006756e+01   1.1601802e+01   1.3709845e+01   1.2097414e+01   1.2675796e+01   1.3624405e+01   1.4589003e+01   1.4580128e+01   1.5935349e+01   1.6507811e+01   1.7477927e+01   1.8234148e+01   7.6589105e+00   1.5000000e+00   0.0000000e+00   2.0000000e+00   6.5207973e+00   2.3027756e+00   4.0355339e+00   2.6213203e+00   4.7720019e+00   1.0104686e+01   4.0000000e+00   4.6231056e+00   4.7720019e+00   1.5077380e+01   1.2384864e+01   1.0117692e+01   1.4446326e+01   9.3600226e+00   1.4229530e+01   1.1780514e+01   1.4036986e+01   9.0586214e+00   9.1313383e+00   9.8941471e+00   8.0663730e+00   7.0192024e+00   7.6589105e+00   8.5622577e+00   5.1097722e+00   6.6846584e+00   3.1516125e+01   3.1536269e+01   1.0549876e+01   3.0016944e+01   1.0611874e+01   1.8057050e+01   2.9039446e+01   2.1054805e+01   2.3352790e+01   2.7518512e+01   2.6734519e+01   2.6543233e+01   2.4442640e+01   2.3138463e+01   2.3110838e+01   2.7908940e+01   2.0612185e+01   1.7507351e+01   2.1760292e+01   2.0204060e+01   1.8234148e+01   1.9948650e+01   3.1984123e+01   1.4256816e+01   3.0181644e+01   2.8540150e+01   1.5541609e+01   3.0240545e+01   2.5369660e+01   2.6900758e+01   2.9192333e+01   1.0156604e+01
   2.2641590e+01   1.9000000e+01   2.2843903e+01   2.1054805e+01   1.6160460e+01   9.6923882e+00   2.2005813e+01   1.3009996e+01   1.8177670e+01   1.6032225e+01   1.7529386e+01   2.5817978e+01   2.1242469e+01   2.6097851e+01   2.3920077e+01   2.6331183e+01   2.1860009e+01   2.2431712e+01   2.4733242e+01   8.1485293e+00   1.1106602e+01   9.3600226e+00   1.8679659e+01   9.0000000e+00   1.6946884e+01   1.8898369e+01   1.0361541e+01   1.8113915e+01   1.0424717e+01   1.2426860e+01   1.2000000e+01   1.2268602e+01   1.3247549e+01   1.3962912e+01   1.4500000e+01   1.5366069e+01   1.6200318e+01   1.7188319e+01   1.7740940e+01   9.1313383e+00   2.3027756e+00   2.0000000e+00   0.0000000e+00   8.0166482e+00   3.4154759e+00   5.5249378e+00   2.0000000e+00   3.4154759e+00   1.1106602e+01   4.3078866e+00   5.2169906e+00   4.5000000e+00   1.6476545e+01   1.3785330e+01   1.1465856e+01   1.5902922e+01   1.0807764e+01   1.5706906e+01   1.3247549e+01   1.5533296e+01   9.3600226e+00   9.0000000e+00   9.3600226e+00   8.4056942e+00   7.9330344e+00   7.5000000e+00   7.9330344e+00   5.6478151e+00   6.5000000e+00   3.1600643e+01   3.1500000e+01   1.0807764e+01   3.0105743e+01   1.0500000e+01   1.6655494e+01   2.9000000e+01   2.0630822e+01   2.3138463e+01   2.7615494e+01   2.6976405e+01   2.6500000e+01   2.3759407e+01   2.2414607e+01   2.2283021e+01   2.7564737e+01   1.9793781e+01   1.6946884e+01   2.0803941e+01   1.9006756e+01   1.7300298e+01   1.8898369e+01   3.0732433e+01   1.2849089e+01   2.8929738e+01   2.7267518e+01   1.5213939e+01   2.8912145e+01   2.4084953e+01   2.5544960e+01   2.7813001e+01   8.7764727e+00
   2.9761750e+01   2.6331183e+01   2.9227165e+01   2.7425824e+01   2.3548861e+01   1.4101471e+01   2.8678006e+01   2.0524984e+01   2.5579872e+01   2.3548861e+01   2.5045875e+01   3.3187918e+01   2.8450850e+01   3.3382366e+01   3.1094117e+01   3.3549206e+01   2.8876927e+01   2.9283676e+01   3.1680924e+01   1.5533296e+01   1.8527756e+01   1.6624515e+01   2.5198178e+01   1.5902922e+01   2.4037205e+01   2.4686773e+01   1.7120770e+01   2.2910935e+01   1.6655494e+01   1.9000000e+01   1.3813527e+01   1.5366069e+01   1.6120499e+01   1.7827723e+01   1.5943445e+01   1.8898369e+01   1.8527756e+01   1.9367962e+01   2.0803941e+01   2.7360680e+00   6.6846584e+00   6.5207973e+00   8.0166482e+00   0.0000000e+00   5.5990195e+00   3.1925824e+00   8.0663730e+00   1.0698039e+01   8.5000000e+00   7.2082039e+00   6.6032778e+00   8.7764727e+00   1.0104686e+01   7.5710678e+00   6.0901699e+00   9.0000000e+00   4.4051248e+00   8.5777472e+00   6.3309519e+00   8.1485293e+00   1.0795630e+01   1.2215375e+01   1.3953624e+01   9.9339811e+00   7.0000000e+00   1.1106602e+01   1.3000000e+01   7.5710678e+00   1.0424717e+01   3.2394357e+01   3.2880550e+01   1.2129703e+01   3.0913813e+01   1.3403488e+01   2.3920077e+01   3.0454132e+01   2.4084953e+01   2.5579872e+01   2.8450850e+01   2.7117663e+01   2.8040879e+01   2.8221833e+01   2.7075365e+01   2.7370058e+01   3.0466648e+01   2.4897746e+01   2.1115528e+01   2.6427784e+01   2.5559928e+01   2.2910935e+01   2.4913111e+01   3.7412058e+01   2.0146883e+01   3.5617659e+01   3.4041020e+01   1.8527756e+01   3.5887145e+01   3.0917922e+01   3.2628648e+01   3.4974628e+01   1.6024175e+01
   2.5544960e+01   2.1860009e+01   2.5723997e+01   2.3930749e+01   1.9000000e+01   9.7195445e+00   2.4913111e+01   1.5632746e+01   2.0524984e+01   1.8672782e+01   2.0159603e+01   2.8113403e+01   2.3352790e+01   2.8289386e+01   2.5995098e+01   2.8450850e+01   2.3786262e+01   2.4217082e+01   2.6600766e+01   1.0500000e+01   1.3500000e+01   1.1545361e+01   2.0197716e+01   1.0807764e+01   1.8939089e+01   1.9916488e+01   1.2043396e+01   1.8534689e+01   1.1680340e+01   1.3962912e+01   1.0807764e+01   1.1680340e+01   1.2583046e+01   1.3813527e+01   1.3247549e+01   1.5077380e+01   1.5366069e+01   1.6311388e+01   1.7270510e+01   7.2082039e+00   3.1925824e+00   2.3027756e+00   3.4154759e+00   5.5990195e+00   0.0000000e+00   3.7015621e+00   3.0000000e+00   6.3309519e+00   1.0795630e+01   2.7360680e+00   3.0000000e+00   4.0355339e+00   1.4826549e+01   1.2161904e+01   1.0104686e+01   1.3962912e+01   9.0000000e+00   1.3624405e+01   1.1270330e+01   1.3247549e+01   1.0500000e+01   1.0807764e+01   1.1680340e+01   9.5000000e+00   7.9330344e+00   9.3600226e+00   1.0361541e+01   6.5000000e+00   8.4056942e+00   3.3000000e+01   3.3096012e+01   1.2000000e+01   3.1500000e+01   1.2268602e+01   1.9539433e+01   3.0603986e+01   2.2799103e+01   2.5015301e+01   2.9000000e+01   2.8113403e+01   2.8113403e+01   2.6239075e+01   2.4938699e+01   2.4913111e+01   2.9620440e+01   2.2414607e+01   1.9288294e+01   2.3548861e+01   2.1900935e+01   2.0025624e+01   2.1713203e+01   3.3643627e+01   1.5731546e+01   3.1840868e+01   3.0181644e+01   1.7263055e+01   3.1824910e+01   2.7000000e+01   2.8450850e+01   3.0707615e+01   1.1680340e+01
   2.7070661e+01   2.3662470e+01   2.6576810e+01   2.4774472e+01   2.0896078e+01   1.2879418e+01   2.6000000e+01   1.8000000e+01   2.3199119e+01   2.1006097e+01   2.2505681e+01   3.0835623e+01   2.6209920e+01   3.1094117e+01   2.8876927e+01   3.1305844e+01   2.6748809e+01   2.7244158e+01   2.9594673e+01   1.3158989e+01   1.6128500e+01   1.4329317e+01   2.3308989e+01   1.3785330e+01   2.1860009e+01   2.3110838e+01   1.5077380e+01   2.1713203e+01   1.4826549e+01   1.7052945e+01   1.3500000e+01   1.4650972e+01   1.5508331e+01   1.6901219e+01   1.5837862e+01   1.8113915e+01   1.8170597e+01   1.9080904e+01   2.0223083e+01   4.1400549e+00   4.0355339e+00   4.0355339e+00   5.5249378e+00   3.1925824e+00   3.7015621e+00   0.0000000e+00   5.8851648e+00   8.0663730e+00   7.9330344e+00   5.8150729e+00   5.6478151e+00   7.2268120e+00   1.1680340e+01   9.0000000e+00   6.9031242e+00   1.0940307e+01   5.8851648e+00   1.0698039e+01   8.2620873e+00   1.0512492e+01   8.8815273e+00   9.9339811e+00   1.1465856e+01   7.9330344e+00   5.5000000e+00   8.7006097e+00   1.0424717e+01   5.2169906e+00   7.9330344e+00   3.1102287e+01   3.1407119e+01   1.0323441e+01   2.9607559e+01   1.1235455e+01   2.1242469e+01   2.8942925e+01   2.1970911e+01   2.3743279e+01   2.7117663e+01   2.6000000e+01   2.6485573e+01   2.5901772e+01   2.4707437e+01   2.4918231e+01   2.8540150e+01   2.2431712e+01   1.8809833e+01   2.3877339e+01   2.2888613e+01   2.0349433e+01   2.2300229e+01   3.4738137e+01   1.7477927e+01   3.2942256e+01   3.1358548e+01   1.6382380e+01   3.3195565e+01   2.8230849e+01   2.9936372e+01   3.2284430e+01   1.3354960e+01
   2.3325424e+01   1.9539433e+01   2.3845235e+01   2.2069655e+01   1.6655494e+01   8.3262379e+00   2.2910935e+01   1.3158989e+01   1.8028548e+01   1.6200318e+01   1.7682840e+01   2.5624689e+01   2.0896078e+01   2.5817978e+01   2.3548861e+01   2.5995098e+01   2.1380613e+01   2.1860009e+01   2.4217082e+01   8.0000000e+00   1.1000000e+01   9.0586214e+00   1.7942764e+01   8.4056942e+00   1.6507811e+01   1.7914075e+01   9.6923882e+00   1.6901219e+01   9.5138782e+00   1.1680340e+01   1.0500000e+01   1.0807764e+01   1.1780514e+01   1.2583046e+01   1.3000000e+01   1.3962912e+01   1.4721463e+01   1.5706906e+01   1.6311388e+01   9.5138782e+00   3.4154759e+00   2.6213203e+00   2.0000000e+00   8.0663730e+00   3.0000000e+00   5.8851648e+00   0.0000000e+00   4.4051248e+00   1.2215375e+01   3.0000000e+00   4.0355339e+00   3.0000000e+00   1.7052945e+01   1.4365425e+01   1.2161904e+01   1.6311388e+01   1.1270330e+01   1.6024175e+01   1.3624405e+01   1.5706906e+01   1.0807764e+01   1.0500000e+01   1.0807764e+01   9.8407708e+00   9.1023253e+00   9.0000000e+00   9.3600226e+00   7.0000000e+00   8.0000000e+00   3.3096012e+01   3.3000000e+01   1.2268602e+01   3.1600643e+01   1.2000000e+01   1.7270510e+01   3.0500000e+01   2.2087033e+01   2.4629857e+01   2.9109439e+01   2.8450850e+01   2.8000000e+01   2.5122145e+01   2.3759407e+01   2.3570544e+01   2.9035066e+01   2.1091260e+01   1.8367568e+01   2.2005813e+01   1.9974342e+01   1.8527756e+01   2.0025624e+01   3.1600643e+01   1.3471122e+01   2.9800171e+01   2.8108875e+01   1.6694135e+01   2.9654759e+01   2.4913111e+01   2.6239075e+01   2.8450850e+01   9.5138782e+00
   1.9741881e+01   1.6160460e+01   1.9974342e+01   1.8191806e+01   1.3354960e+01   1.0549876e+01   1.9101075e+01   1.0549876e+01   1.6024175e+01   1.3509612e+01   1.5008618e+01   2.3662470e+01   1.9348077e+01   2.4063743e+01   2.2040659e+01   2.4379908e+01   2.0178669e+01   2.0908332e+01   2.3088714e+01   6.3309519e+00   9.0440037e+00   7.7111026e+00   1.7529386e+01   7.9330344e+00   1.5264823e+01   1.8304494e+01   9.3459030e+00   1.8170597e+01   9.9339811e+00   1.1465856e+01   1.3738202e+01   1.3500000e+01   1.4500000e+01   1.4721463e+01   1.6200318e+01   1.6200318e+01   1.7500000e+01   1.8500000e+01   1.8672782e+01   1.1500000e+01   4.5311289e+00   4.7720019e+00   3.4154759e+00   1.0698039e+01   6.3309519e+00   8.0663730e+00   4.4051248e+00   0.0000000e+00   1.2161904e+01   6.9031242e+00   7.9330344e+00   6.5415230e+00   1.8451323e+01   1.5797059e+01   1.3354960e+01   1.8113915e+01   1.3039936e+01   1.8028548e+01   1.5533296e+01   1.8007141e+01   9.1023253e+00   7.9330344e+00   7.5000000e+00   8.3102497e+00   9.0000000e+00   6.5415230e+00   6.0000000e+00   6.3309519e+00   5.6478151e+00   3.0420729e+01   3.0105743e+01   1.0361541e+01   2.8942925e+01   9.3600226e+00   1.3785330e+01   2.7615494e+01   1.8672782e+01   2.1500000e+01   2.6485573e+01   2.6122256e+01   2.5127221e+01   2.1392582e+01   2.0000000e+01   1.9735384e+01   2.5679357e+01   1.7270510e+01   1.4817821e+01   1.8113915e+01   1.6120499e+01   1.4650972e+01   1.6120499e+01   2.7822152e+01   9.9868330e+00   2.6019600e+01   2.4353721e+01   1.3500000e+01   2.6000000e+01   2.1170027e+01   2.2641590e+01   2.4923349e+01   5.8851648e+00
   2.8072631e+01   2.5544960e+01   2.5980385e+01   2.4269729e+01   2.3199119e+01   1.9916488e+01   2.5995098e+01   2.1689620e+01   2.7425824e+01   2.4400837e+01   2.5847584e+01   3.4974628e+01   3.0917922e+01   3.5503571e+01   3.3605891e+01   3.5887145e+01   3.1824910e+01   3.2570235e+01   3.4738137e+01   1.7992856e+01   2.0624612e+01   1.9367962e+01   2.9100699e+01   1.9401058e+01   2.6919690e+01   2.9500000e+01   2.0803941e+01   2.8611386e+01   2.1018285e+01   2.2910935e+01   2.0926698e+01   2.1970911e+01   2.2860680e+01   2.4084953e+01   2.3270595e+01   2.5369660e+01   2.5579872e+01   2.6500000e+01   2.7560118e+01   6.5827625e+00   9.3459030e+00   1.0104686e+01   1.1106602e+01   8.5000000e+00   1.0795630e+01   7.9330344e+00   1.2215375e+01   1.2161904e+01   0.0000000e+00   1.3029964e+01   1.3039936e+01   1.4229530e+01   8.2620873e+00   6.3309519e+00   4.4051248e+00   9.0000000e+00   6.0901699e+00   9.5138782e+00   7.5710678e+00   1.0424717e+01   5.5990195e+00   8.0663730e+00   1.0549876e+01   5.5000000e+00   3.7015621e+00   8.0166482e+00   1.0512492e+01   6.3309519e+00   8.1485293e+00   2.4526028e+01   2.5167793e+01   6.0901699e+00   2.3061028e+01   8.4056942e+00   2.3049945e+01   2.2799103e+01   1.7827723e+01   1.8527756e+01   2.0630822e+01   1.9168155e+01   2.0462465e+01   2.2602036e+01   2.1719095e+01   2.2454498e+01   2.3521729e+01   2.0178669e+01   1.5764338e+01   2.2231314e+01   2.2860680e+01   1.9000000e+01   2.1380613e+01   3.4360006e+01   1.9735384e+01   3.2644206e+01   3.1305844e+01   1.2706556e+01   3.3549206e+01   2.8450850e+01   3.0703477e+01   3.3187918e+01   1.6024175e+01
   2.5624689e+01   2.1742646e+01   2.6311819e+01   2.4541631e+01   1.8837121e+01   7.5710678e+00   2.5339485e+01   1.5060220e+01   1.9526298e+01   1.8085505e+01   1.9539433e+01   2.7004717e+01   2.2092823e+01   2.7075365e+01   2.4686773e+01   2.7169271e+01   2.2368928e+01   2.2692341e+01   2.5122145e+01   9.7195445e+00   1.2665525e+01   1.0549876e+01   1.8527756e+01   9.5138782e+00   1.7617243e+01   1.7992856e+01   1.0611874e+01   1.6413830e+01   9.9868330e+00   1.2384864e+01   8.6394103e+00   9.4442719e+00   1.0348858e+01   1.1601802e+01   1.1106602e+01   1.2849089e+01   1.3149111e+01   1.4101471e+01   1.5034442e+01   9.1023253e+00   5.0000000e+00   4.0000000e+00   4.3078866e+00   7.2082039e+00   2.7360680e+00   5.8150729e+00   3.0000000e+00   6.9031242e+00   1.3029964e+01   0.0000000e+00   1.6180340e+00   2.0811388e+00   1.6724981e+01   1.4101471e+01   1.2172618e+01   1.5706906e+01   1.0904326e+01   1.5273287e+01   1.3029964e+01   1.4730249e+01   1.2541595e+01   1.2593387e+01   1.3149111e+01   1.1545361e+01   1.0156604e+01   1.1106602e+01   1.1736103e+01   8.5622577e+00   1.0117692e+01   3.5014490e+01   3.5032593e+01   1.4036986e+01   3.3515148e+01   1.4083078e+01   1.9539433e+01   3.2535137e+01   2.4400837e+01   2.6805893e+01   3.1016389e+01   3.0206902e+01   3.0038111e+01   2.7564737e+01   2.6214782e+01   2.6053865e+01   3.1305844e+01   2.3570544e+01   2.0748457e+01   2.4505208e+01   2.2431712e+01   2.1024376e+01   2.2522716e+01   3.4003731e+01   1.5764338e+01   3.2205678e+01   3.0500000e+01   1.8939089e+01   3.1984123e+01   2.7300187e+01   2.8540150e+01   3.0707615e+01   1.1901754e+01
   2.6739284e+01   2.2860680e+01   2.7379360e+01   2.5604780e+01   1.9955076e+01   8.0000000e+00   2.6427784e+01   1.6160460e+01   2.0556171e+01   1.9181542e+01   2.0630822e+01   2.8000000e+01   2.3049945e+01   2.8040879e+01   2.5624689e+01   2.8113403e+01   2.3270595e+01   2.3548861e+01   2.5995098e+01   1.0807764e+01   1.3738202e+01   1.1601802e+01   1.9321530e+01   1.0500000e+01   1.8562392e+01   1.8617671e+01   1.1545361e+01   1.6824828e+01   1.0807764e+01   1.3247549e+01   8.4056942e+00   9.5138782e+00   1.0361541e+01   1.1835784e+01   1.0807764e+01   1.3000000e+01   1.3039936e+01   1.3962912e+01   1.5077380e+01   8.6394103e+00   5.5990195e+00   4.6231056e+00   5.2169906e+00   6.6032778e+00   3.0000000e+00   5.6478151e+00   4.0355339e+00   7.9330344e+00   1.3039936e+01   1.6180340e+00   0.0000000e+00   3.0000000e+00   1.6200318e+01   1.3624405e+01   1.1835784e+01   1.5077380e+01   1.0424717e+01   1.4589003e+01   1.2426860e+01   1.3962912e+01   1.3000000e+01   1.3247549e+01   1.3962912e+01   1.2000000e+01   1.0323441e+01   1.1780514e+01   1.2583046e+01   9.0000000e+00   1.0807764e+01   3.5500000e+01   3.5589172e+01   1.4500000e+01   3.4000000e+01   1.4721463e+01   2.0655644e+01   3.3096012e+01   2.5167793e+01   2.7467573e+01   3.1500000e+01   3.0603986e+01   3.0603986e+01   2.8450850e+01   2.7117663e+01   2.7000000e+01   3.2031730e+01   2.4510414e+01   2.1577239e+01   2.5500000e+01   2.3505434e+01   2.2005813e+01   2.3548861e+01   3.5101301e+01   1.6878339e+01   3.3302439e+01   3.1600643e+01   1.9663768e+01   3.3096012e+01   2.8401613e+01   2.9654759e+01   3.1824910e+01   1.3000000e+01
   2.4629857e+01   2.0655644e+01   2.5624689e+01   2.3877339e+01   1.7740940e+01   6.2008771e+00   2.4552027e+01   1.3785330e+01   1.8064168e+01   1.6786497e+01   1.8220045e+01   2.5500000e+01   2.0556171e+01   2.5544960e+01   2.3138463e+01   2.5624689e+01   2.0803941e+01   2.1115528e+01   2.3548861e+01   8.4056942e+00   1.1293517e+01   9.1313383e+00   1.6946884e+01   8.0000000e+00   1.6072412e+01   1.6453056e+01   9.0586214e+00   1.5000000e+01   8.4056942e+00   1.0807764e+01   8.0000000e+00   8.4056942e+00   9.3600226e+00   1.0361541e+01   1.0500000e+01   1.1680340e+01   1.2268602e+01   1.3247549e+01   1.3962912e+01   1.0624228e+01   5.7201533e+00   4.7720019e+00   4.5000000e+00   8.7764727e+00   4.0355339e+00   7.2268120e+00   3.0000000e+00   6.5415230e+00   1.4229530e+01   2.0811388e+00   3.0000000e+00   0.0000000e+00   1.8255281e+01   1.5616216e+01   1.3624405e+01   1.7270510e+01   1.2426860e+01   1.6847783e+01   1.4589003e+01   1.6311388e+01   1.3247549e+01   1.3000000e+01   1.3247549e+01   1.2268602e+01   1.1235455e+01   1.1500000e+01   1.1780514e+01   9.3600226e+00   1.0500000e+01   3.5589172e+01   3.5500000e+01   1.4721463e+01   3.4093154e+01   1.4500000e+01   1.8527756e+01   3.3000000e+01   2.4526028e+01   2.7117663e+01   3.1600643e+01   3.0913813e+01   3.0500000e+01   2.7425824e+01   2.6039186e+01   2.5768558e+01   3.1491934e+01   2.3308989e+01   2.0760800e+01   2.4084953e+01   2.1724985e+01   2.0655644e+01   2.2005813e+01   3.3149655e+01   1.4800350e+01   3.1358548e+01   2.9629023e+01   1.9168155e+01   3.1016389e+01   2.6427784e+01   2.7541635e+01   2.9654759e+01   1.1106602e+01
   3.5727830e+01   3.3003846e+01   3.3741540e+01   3.2031730e+01   3.0516662e+01   2.3700216e+01   3.3745300e+01   2.8450850e+01   3.3970136e+01   3.1330180e+01   3.2814857e+01   4.1612650e+01   3.7187873e+01   4.1984937e+01   3.9873214e+01   4.2261226e+01   3.7836309e+01   3.8384693e+01   4.0705721e+01   2.4063743e+01   2.6943336e+01   2.5324383e+01   3.4488969e+01   2.4923349e+01   3.2922986e+01   3.4208308e+01   2.6239075e+01   3.2515621e+01   2.6000000e+01   2.8230849e+01   2.3171568e+01   2.4897746e+01   2.5604780e+01   2.7407248e+01   2.5101829e+01   2.8432955e+01   2.7835874e+01   2.8611386e+01   3.0232137e+01   8.1321688e+00   1.4730249e+01   1.5077380e+01   1.6476545e+01   1.0104686e+01   1.4826549e+01   1.1680340e+01   1.7052945e+01   1.8451323e+01   8.2620873e+00   1.6724981e+01   1.6200318e+01   1.8255281e+01   0.0000000e+00   3.1925824e+00   5.5990195e+00   2.5000000e+00   6.3309519e+00   3.5000000e+00   4.4051248e+00   5.0000000e+00   1.3354960e+01   1.5797059e+01   1.8255281e+01   1.3158989e+01   1.0500000e+01   1.5574813e+01   1.8064168e+01   1.3039936e+01   1.5508331e+01   2.8898944e+01   3.0084624e+01   1.3785330e+01   2.7560118e+01   1.6160460e+01   3.0504166e+01   2.7959060e+01   2.4913111e+01   2.4897746e+01   2.5369660e+01   2.3308989e+01   2.5901772e+01   2.9915132e+01   2.9153098e+01   3.0016944e+01   2.9847061e+01   2.7813001e+01   2.3308989e+01   2.9936372e+01   3.0603986e+01   2.6748809e+01   2.9140007e+01   4.2120308e+01   2.7018861e+01   4.0406140e+01   3.9064880e+01   2.0178669e+01   4.1292156e+01   3.6193137e+01   3.8401187e+01   4.0876354e+01   2.3088714e+01
   3.3382366e+01   3.0537477e+01   3.1648836e+01   2.9910882e+01   2.8000000e+01   2.1115528e+01   3.1548349e+01   2.5817978e+01   3.1305844e+01   2.8717902e+01   3.0206902e+01   3.8951268e+01   3.4503676e+01   3.9310437e+01   3.7187873e+01   3.9580046e+01   3.5144624e+01   3.5692329e+01   3.8013331e+01   2.1380613e+01   2.4269729e+01   2.2635944e+01   3.1804952e+01   2.2231314e+01   3.0232137e+01   3.1564449e+01   2.3548861e+01   2.9949109e+01   2.3325424e+01   2.5544960e+01   2.0803941e+01   2.2431712e+01   2.3171568e+01   2.4897746e+01   2.2827114e+01   2.5965663e+01   2.5500000e+01   2.6306976e+01   2.7835874e+01   5.5000000e+00   1.2043396e+01   1.2384864e+01   1.3785330e+01   7.5710678e+00   1.2161904e+01   9.0000000e+00   1.4365425e+01   1.5797059e+01   6.3309519e+00   1.4101471e+01   1.3624405e+01   1.5616216e+01   3.1925824e+00   0.0000000e+00   3.0000000e+00   3.1925824e+00   3.7015621e+00   3.7015621e+00   2.5000000e+00   4.8011626e+00   1.1270330e+01   1.3624405e+01   1.6024175e+01   1.0940307e+01   8.0663730e+00   1.3247549e+01   1.5706906e+01   1.0500000e+01   1.3089678e+01   2.8824018e+01   2.9800171e+01   1.1912712e+01   2.7425824e+01   1.4156500e+01   2.8040879e+01   2.7560118e+01   2.3548861e+01   2.3930749e+01   2.5122145e+01   2.3270595e+01   2.5369660e+01   2.8401613e+01   2.7541635e+01   2.8284888e+01   2.8925341e+01   2.6000000e+01   2.1595023e+01   2.8018176e+01   2.8392651e+01   2.4733242e+01   2.7070661e+01   4.0028471e+01   2.4500000e+01   3.8292195e+01   3.6900549e+01   1.8527756e+01   3.9064880e+01   3.3970136e+01   3.6098455e+01   3.8559164e+01   2.0524984e+01
   3.0913813e+01   2.8040879e+01   2.9292360e+01   2.7541635e+01   2.5500000e+01   1.9241665e+01   2.9140007e+01   2.3352790e+01   2.8876927e+01   2.6239075e+01   2.7725907e+01   3.6517357e+01   3.2122777e+01   3.6900549e+01   3.4811077e+01   3.7187873e+01   3.2810989e+01   3.3397568e+01   3.5692329e+01   1.9000000e+01   2.1860009e+01   2.0280040e+01   2.9590376e+01   1.9955076e+01   2.7890692e+01   2.9504310e+01   2.1296634e+01   2.8086228e+01   2.1170027e+01   2.3325424e+01   1.9367962e+01   2.0803941e+01   2.1600948e+01   2.3171568e+01   2.1529741e+01   2.4317011e+01   2.4084953e+01   2.4938699e+01   2.6306976e+01   3.8541020e+00   9.6923882e+00   1.0117692e+01   1.1465856e+01   6.0901699e+00   1.0104686e+01   6.9031242e+00   1.2161904e+01   1.3354960e+01   4.4051248e+00   1.2172618e+01   1.1835784e+01   1.3624405e+01   5.5990195e+00   3.0000000e+00   0.0000000e+00   5.5990195e+00   2.5000000e+00   5.8851648e+00   3.7015621e+00   6.6032778e+00   9.0000000e+00   1.1270330e+01   1.3624405e+01   8.5777472e+00   5.5990195e+00   1.0807764e+01   1.3247549e+01   8.0000000e+00   1.0611874e+01   2.8040879e+01   2.8824018e+01   9.8005376e+00   2.6600766e+01   1.1912712e+01   2.5544960e+01   2.6500000e+01   2.1713203e+01   2.2414607e+01   2.4217082e+01   2.2573740e+01   2.4211811e+01   2.6427784e+01   2.5500000e+01   2.6156383e+01   2.7411893e+01   2.3823808e+01   1.9506578e+01   2.5768558e+01   2.5980385e+01   2.2431712e+01   2.4733242e+01   3.7665172e+01   2.2000000e+01   3.5918921e+01   3.4503676e+01   1.6507811e+01   3.6638622e+01   3.1548349e+01   3.3643627e+01   3.6098455e+01   1.8028548e+01
   3.6010562e+01   3.3096012e+01   3.4337849e+01   3.2597508e+01   3.0516662e+01   2.2551077e+01   3.4223137e+01   2.8163152e+01   3.3549206e+01   3.1102287e+01   3.2597508e+01   4.1197051e+01   3.6638622e+01   4.1500000e+01   3.9310437e+01   4.1731056e+01   3.7187873e+01   3.7665172e+01   4.0028471e+01   2.3548861e+01   2.6485573e+01   2.4753866e+01   3.3654939e+01   2.4217082e+01   3.2300157e+01   3.3184094e+01   2.5489998e+01   3.1305844e+01   2.5122145e+01   2.7425824e+01   2.1713203e+01   2.3548861e+01   2.4211811e+01   2.6112497e+01   2.3548861e+01   2.7075365e+01   2.6331183e+01   2.7075365e+01   2.8784271e+01   7.3007353e+00   1.4229530e+01   1.4446326e+01   1.5902922e+01   9.0000000e+00   1.3962912e+01   1.0940307e+01   1.6311388e+01   1.8113915e+01   9.0000000e+00   1.5706906e+01   1.5077380e+01   1.7270510e+01   2.5000000e+00   3.1925824e+00   5.5990195e+00   0.0000000e+00   5.5990195e+00   1.5000000e+00   3.1925824e+00   3.0000000e+00   1.3962912e+01   1.6311388e+01   1.8700275e+01   1.3624405e+01   1.0698039e+01   1.5902922e+01   1.8346568e+01   1.3039936e+01   1.5706906e+01   3.0707615e+01   3.1824910e+01   1.4589003e+01   2.9348743e+01   1.6847783e+01   3.0603986e+01   2.9654759e+01   2.6112497e+01   2.6331183e+01   2.7117663e+01   2.5122145e+01   2.7541635e+01   3.1016389e+01   3.0181644e+01   3.0950780e+01   3.1309901e+01   2.8678006e+01   2.4253947e+01   3.0707615e+01   3.1065503e+01   2.7425824e+01   2.9761750e+01   4.2716703e+01   2.7018861e+01   4.0978389e+01   3.9580046e+01   2.1170027e+01   4.1731056e+01   3.6638622e+01   3.8742646e+01   4.1197051e+01   2.3000000e+01
   3.1305844e+01   2.8221833e+01   3.0046573e+01   2.8271388e+01   2.5579872e+01   1.7914075e+01   2.9761750e+01   2.3088714e+01   2.8450850e+01   2.6044080e+01   2.7541635e+01   3.6098455e+01   3.1548349e+01   3.6402646e+01   3.4223137e+01   3.6638622e+01   3.2122777e+01   3.2628648e+01   3.4974628e+01   1.8451323e+01   2.1386599e+01   1.9663768e+01   2.8682441e+01   1.9168155e+01   2.7225456e+01   2.8379204e+01   2.0462465e+01   2.6748809e+01   2.0178669e+01   2.2431712e+01   1.7704651e+01   1.9268324e+01   2.0025624e+01   2.1713203e+01   1.9793781e+01   2.2799103e+01   2.2414607e+01   2.3243131e+01   2.4707437e+01   2.3027756e+00   9.1313383e+00   9.3600226e+00   1.0807764e+01   4.4051248e+00   9.0000000e+00   5.8851648e+00   1.1270330e+01   1.3039936e+01   6.0901699e+00   1.0904326e+01   1.0424717e+01   1.2426860e+01   6.3309519e+00   3.7015621e+00   2.5000000e+00   5.5990195e+00   0.0000000e+00   5.5000000e+00   3.0000000e+00   5.7201533e+00   1.0104686e+01   1.2161904e+01   1.4365425e+01   9.5138782e+00   6.3309519e+00   1.1465856e+01   1.3785330e+01   8.2620873e+00   1.1094810e+01   2.9970324e+01   3.0703477e+01   1.1106602e+01   2.8522313e+01   1.3000000e+01   2.5743811e+01   2.8356777e+01   2.3171568e+01   2.4084953e+01   2.6122256e+01   2.4526028e+01   2.6039186e+01   2.7744265e+01   2.6748809e+01   2.7300187e+01   2.9070089e+01   2.4913111e+01   2.0729928e+01   2.6739284e+01   2.6600766e+01   2.3325424e+01   2.5544960e+01   3.8384693e+01   2.2092823e+01   3.6617863e+01   3.5144624e+01   1.7827723e+01   3.7187873e+01   3.2122777e+01   3.4093154e+01   3.6517357e+01   1.8028548e+01
   3.6193137e+01   3.3187918e+01   3.4676015e+01   3.2922986e+01   3.0566593e+01   2.2023243e+01   3.4503676e+01   2.8072631e+01   3.3382366e+01   3.1036863e+01   3.2535137e+01   4.1024684e+01   3.6402646e+01   4.1292156e+01   3.9064880e+01   4.1500000e+01   3.6900549e+01   3.7340874e+01   3.9723717e+01   2.3352790e+01   2.6311819e+01   2.4526028e+01   3.3275753e+01   2.3920077e+01   3.2031730e+01   3.2706366e+01   2.5167793e+01   3.0732433e+01   2.4733242e+01   2.7070661e+01   2.1018285e+01   2.2910935e+01   2.3548861e+01   2.5500000e+01   2.2799103e+01   2.6427784e+01   2.5604780e+01   2.6331183e+01   2.8086228e+01   7.0764732e+00   1.4083078e+01   1.4229530e+01   1.5706906e+01   8.5777472e+00   1.3624405e+01   1.0698039e+01   1.6024175e+01   1.8028548e+01   9.5138782e+00   1.5273287e+01   1.4589003e+01   1.6847783e+01   3.5000000e+00   3.7015621e+00   5.8851648e+00   1.5000000e+00   5.5000000e+00   0.0000000e+00   3.0000000e+00   2.0000000e+00   1.4365425e+01   1.6655494e+01   1.9000000e+01   1.3962912e+01   1.0940307e+01   1.6160460e+01   1.8569311e+01   1.3158989e+01   1.5902922e+01   3.1620733e+01   3.2706366e+01   1.5077380e+01   3.0253151e+01   1.7270510e+01   3.0703477e+01   3.0516662e+01   2.6748809e+01   2.7075365e+01   2.8004545e+01   2.6039186e+01   2.8379204e+01   3.1600643e+01   3.0732433e+01   3.1455613e+01   3.2063428e+01   2.9153098e+01   2.4774472e+01   3.1134947e+01   3.1342341e+01   2.7813001e+01   3.0118406e+01   4.3047033e+01   2.7075365e+01   4.1298284e+01   3.9873214e+01   2.1719095e+01   4.1984937e+01   3.6900549e+01   3.8951268e+01   4.1393153e+01   2.3022211e+01
   3.3745300e+01   3.0703477e+01   3.2347292e+01   3.0583218e+01   2.8072631e+01   1.9916488e+01   3.2122777e+01   2.5579872e+01   3.0913813e+01   2.8540150e+01   3.0038111e+01   3.8559164e+01   3.3970136e+01   3.8843839e+01   3.6638622e+01   3.9064880e+01   3.4503676e+01   3.4974628e+01   3.7340874e+01   2.0896078e+01   2.3845235e+01   2.2087033e+01   3.0963092e+01   2.1529741e+01   2.9620440e+01   3.0516662e+01   2.2799103e+01   2.8700177e+01   2.2431712e+01   2.4733242e+01   1.9268324e+01   2.1018285e+01   2.1713203e+01   2.3548861e+01   2.1200242e+01   2.4552027e+01   2.3930749e+01   2.4707437e+01   2.6331183e+01   4.6231056e+00   1.1601802e+01   1.1780514e+01   1.3247549e+01   6.3309519e+00   1.1270330e+01   8.2620873e+00   1.3624405e+01   1.5533296e+01   7.5710678e+00   1.3029964e+01   1.2426860e+01   1.4589003e+01   4.4051248e+00   2.5000000e+00   3.7015621e+00   3.1925824e+00   3.0000000e+00   3.0000000e+00   0.0000000e+00   3.4154759e+00   1.2161904e+01   1.4365425e+01   1.6655494e+01   1.1680340e+01   8.5777472e+00   1.3785330e+01   1.6160460e+01   1.0698039e+01   1.3480755e+01   3.0703477e+01   3.1620733e+01   1.3000000e+01   2.9292360e+01   1.5077380e+01   2.8221833e+01   2.9348743e+01   2.4897746e+01   2.5500000e+01   2.6962237e+01   2.5167793e+01   2.7117663e+01   2.9629023e+01   2.8700177e+01   2.9344410e+01   3.0500000e+01   2.7000000e+01   2.2703603e+01   2.8912145e+01   2.8960499e+01   2.5544960e+01   2.7813001e+01   4.0705721e+01   2.4583189e+01   3.8948017e+01   3.7500000e+01   1.9709373e+01   3.9580046e+01   3.4503676e+01   3.6517357e+01   3.8951268e+01   2.0524984e+01
   3.6517357e+01   3.3382366e+01   3.5231110e+01   3.3462099e+01   3.0703477e+01   2.1296634e+01   3.4974628e+01   2.8004545e+01   3.3187918e+01   3.1000000e+01   3.2500000e+01   4.0811289e+01   3.6098455e+01   4.1024684e+01   3.8742646e+01   4.1197051e+01   3.6517357e+01   3.6900549e+01   3.9310437e+01   2.3138463e+01   2.6122256e+01   2.4259209e+01   3.2756782e+01   2.3548861e+01   3.1684932e+01   3.2035694e+01   2.4753866e+01   2.9915132e+01   2.4217082e+01   2.6600766e+01   2.0025624e+01   2.2005813e+01   2.2602036e+01   2.4629857e+01   2.1713203e+01   2.5500000e+01   2.4552027e+01   2.5248737e+01   2.7075365e+01   7.0192024e+00   1.4000000e+01   1.4036986e+01   1.5533296e+01   8.1485293e+00   1.3247549e+01   1.0512492e+01   1.5706906e+01   1.8007141e+01   1.0424717e+01   1.4730249e+01   1.3962912e+01   1.6311388e+01   5.0000000e+00   4.8011626e+00   6.6032778e+00   3.0000000e+00   5.7201533e+00   2.0000000e+00   3.4154759e+00   0.0000000e+00   1.5077380e+01   1.7270510e+01   1.9539433e+01   1.4589003e+01   1.1465856e+01   1.6655494e+01   1.9000000e+01   1.3480755e+01   1.6311388e+01   3.3000000e+01   3.4041020e+01   1.5902922e+01   3.1620733e+01   1.7992856e+01   3.0913813e+01   3.1824910e+01   2.7744265e+01   2.8221833e+01   2.9348743e+01   2.7425824e+01   2.9654759e+01   3.2515621e+01   3.1600643e+01   3.2256889e+01   3.3218496e+01   2.9915132e+01   2.5609759e+01   3.1824910e+01   3.1812937e+01   2.8450850e+01   3.0707615e+01   4.3581318e+01   2.7230133e+01   4.1818882e+01   4.0355991e+01   2.2602036e+01   4.2407637e+01   3.7340874e+01   3.9310437e+01   4.1731056e+01   2.3138463e+01
   2.3022211e+01   2.0655644e+01   2.0902206e+01   1.9181542e+01   1.8451323e+01   1.8527756e+01   2.0896078e+01   1.7500000e+01   2.3325424e+01   2.0000000e+01   2.1392582e+01   3.0707615e+01   2.7000000e+01   3.1358548e+01   2.9654759e+01   3.1824910e+01   2.8108875e+01   2.9004386e+01   3.1016389e+01   1.4642136e+01   1.6901219e+01   1.6056349e+01   2.5955844e+01   1.6507811e+01   2.3303509e+01   2.6900758e+01   1.7914075e+01   2.6677280e+01   1.8527756e+01   2.0025624e+01   2.0655644e+01   2.1115528e+01   2.2087033e+01   2.2799103e+01   2.3138463e+01   2.4217082e+01   2.5015301e+01   2.5995098e+01   2.6600766e+01   9.7195445e+00   8.0663730e+00   9.0586214e+00   9.3600226e+00   1.0795630e+01   1.0500000e+01   8.8815273e+00   1.0807764e+01   9.1023253e+00   5.5990195e+00   1.2541595e+01   1.3000000e+01   1.3247549e+01   1.3354960e+01   1.1270330e+01   9.0000000e+00   1.3962912e+01   1.0104686e+01   1.4365425e+01   1.2161904e+01   1.5077380e+01   0.0000000e+00   3.0000000e+00   5.5000000e+00   1.5000000e+00   4.4051248e+00   3.4154759e+00   5.7201533e+00   4.5000000e+00   4.0355339e+00   2.3000000e+01   2.3138463e+01   2.0000000e+00   2.1500000e+01   3.4154759e+00   1.8177670e+01   2.0655644e+01   1.3813527e+01   1.5366069e+01   1.9000000e+01   1.8177670e+01   1.8177670e+01   1.8177670e+01   1.7150826e+01   1.7704651e+01   2.0197716e+01   1.5340822e+01   1.1130146e+01   1.7270510e+01   1.7762677e+01   1.3962912e+01   1.6311388e+01   2.9283676e+01   1.5060220e+01   2.7560118e+01   2.6209920e+01   8.3102497e+00   2.8450850e+01   2.3352790e+01   2.5624689e+01   2.8113403e+01   1.1680340e+01
   2.0524984e+01   1.8177670e+01   1.8527756e+01   1.6786497e+01   1.6024175e+01   1.7856555e+01   1.8451323e+01   1.5340822e+01   2.1170027e+01   1.7719175e+01   1.9080904e+01   2.8450850e+01   2.4913111e+01   2.9153098e+01   2.7541635e+01   2.9654759e+01   2.6112497e+01   2.7075365e+01   2.9004386e+01   1.3000000e+01   1.5000000e+01   1.4401439e+01   2.4253947e+01   1.5077380e+01   2.1386599e+01   2.5464975e+01   1.6453056e+01   2.5579872e+01   1.7270510e+01   1.8527756e+01   2.0500000e+01   2.0655644e+01   2.1648286e+01   2.2087033e+01   2.3000000e+01   2.3548861e+01   2.4629857e+01   2.5624689e+01   2.5995098e+01   1.1511358e+01   8.1485293e+00   9.1313383e+00   9.0000000e+00   1.2215375e+01   1.0807764e+01   9.9339811e+00   1.0500000e+01   7.9330344e+00   8.0663730e+00   1.2593387e+01   1.3247549e+01   1.3000000e+01   1.5797059e+01   1.3624405e+01   1.1270330e+01   1.6311388e+01   1.2161904e+01   1.6655494e+01   1.4365425e+01   1.7270510e+01   3.0000000e+00   0.0000000e+00   3.0000000e+00   3.1925824e+00   6.3309519e+00   2.0000000e+00   3.4154759e+00   5.2169906e+00   3.0000000e+00   2.3138463e+01   2.3000000e+01   3.4154759e+00   2.1648286e+01   2.0000000e+00   1.5706906e+01   2.0500000e+01   1.2583046e+01   1.4721463e+01   1.9168155e+01   1.8700275e+01   1.8000000e+01   1.6507811e+01   1.5366069e+01   1.5739751e+01   1.9321530e+01   1.3306248e+01   9.4022469e+00   1.5077380e+01   1.5307093e+01   1.1680340e+01   1.3962912e+01   2.6905492e+01   1.2675796e+01   2.5167793e+01   2.3786262e+01   7.0000000e+00   2.5995098e+01   2.0896078e+01   2.3138463e+01   2.5624689e+01   9.5138782e+00
   1.8028548e+01   1.5706906e+01   1.6192355e+01   1.4428388e+01   1.3624405e+01   1.7529386e+01   1.6024175e+01   1.3306248e+01   1.9101075e+01   1.5508331e+01   1.6824828e+01   2.6239075e+01   2.2910935e+01   2.7000000e+01   2.5500000e+01   2.7541635e+01   2.4211811e+01   2.5248737e+01   2.7075365e+01   1.1680340e+01   1.3306248e+01   1.3029964e+01   2.2703603e+01   1.3962912e+01   1.9604973e+01   2.4206539e+01   1.5273287e+01   2.4691941e+01   1.6311388e+01   1.7270510e+01   2.0655644e+01   2.0500000e+01   2.1500000e+01   2.1648286e+01   2.3138463e+01   2.3138463e+01   2.4500000e+01   2.5500000e+01   2.5624689e+01   1.3538405e+01   9.0000000e+00   9.8941471e+00   9.3600226e+00   1.3953624e+01   1.1680340e+01   1.1465856e+01   1.0807764e+01   7.5000000e+00   1.0549876e+01   1.3149111e+01   1.3962912e+01   1.3247549e+01   1.8255281e+01   1.6024175e+01   1.3624405e+01   1.8700275e+01   1.4365425e+01   1.9000000e+01   1.6655494e+01   1.9539433e+01   5.5000000e+00   3.0000000e+00   0.0000000e+00   5.5990195e+00   8.5777472e+00   3.4154759e+00   2.0000000e+00   6.9031242e+00   4.0355339e+00   2.3548861e+01   2.3138463e+01   5.7201533e+00   2.2087033e+01   3.4154759e+00   1.3247549e+01   2.0655644e+01   1.1780514e+01   1.4500000e+01   1.9663768e+01   1.9539433e+01   1.8177670e+01   1.5077380e+01   1.3813527e+01   1.3953624e+01   1.8748288e+01   1.1465856e+01   8.1157731e+00   1.3000000e+01   1.2869317e+01   9.5138782e+00   1.1680340e+01   2.4552027e+01   1.0348858e+01   2.2799103e+01   2.1380613e+01   6.5000000e+00   2.3548861e+01   1.8451323e+01   2.0655644e+01   2.3138463e+01   7.5710678e+00
   2.3088714e+01   2.0556171e+01   2.1218349e+01   1.9473666e+01   1.8255281e+01   1.7588007e+01   2.1115528e+01   1.7052945e+01   2.2860680e+01   1.9637659e+01   2.1054805e+01   3.0307717e+01   2.6485573e+01   3.0917922e+01   2.9153098e+01   3.1358548e+01   2.7541635e+01   2.8401613e+01   3.0454132e+01   1.3953624e+01   1.6311388e+01   1.5366069e+01   2.5258837e+01   1.5739751e+01   2.2703603e+01   2.6112497e+01   1.7150826e+01   2.5803162e+01   1.7704651e+01   1.9268324e+01   1.9663768e+01   2.0146883e+01   2.1115528e+01   2.1860009e+01   2.2144861e+01   2.3270595e+01   2.4037205e+01   2.5015301e+01   2.5644582e+01   8.9852814e+00   7.0764732e+00   8.0663730e+00   8.4056942e+00   9.9339811e+00   9.5000000e+00   7.9330344e+00   9.8407708e+00   8.3102497e+00   5.5000000e+00   1.1545361e+01   1.2000000e+01   1.2268602e+01   1.3158989e+01   1.0940307e+01   8.5777472e+00   1.3624405e+01   9.5138782e+00   1.3962912e+01   1.1680340e+01   1.4589003e+01   1.5000000e+00   3.1925824e+00   5.5990195e+00   0.0000000e+00   3.7015621e+00   3.0495098e+00   5.5249378e+00   3.5000000e+00   3.4154759e+00   2.4000000e+01   2.4132605e+01   3.0000000e+00   2.2500000e+01   4.0355339e+00   1.8064168e+01   2.1648286e+01   1.4650972e+01   1.6311388e+01   2.0000000e+01   1.9168155e+01   1.9168155e+01   1.8898369e+01   1.7827723e+01   1.8304494e+01   2.1115528e+01   1.5902922e+01   1.1813708e+01   1.7740940e+01   1.7964249e+01   1.4365425e+01   1.6655494e+01   2.9594673e+01   1.4817821e+01   2.7854159e+01   2.6461510e+01   9.1023253e+00   2.8646936e+01   2.3548861e+01   2.5743811e+01   2.8221833e+01   1.1270330e+01
   2.5817978e+01   2.3005555e+01   2.4269729e+01   2.2505681e+01   2.0524984e+01   1.6878339e+01   2.4063743e+01   1.8700275e+01   2.4379908e+01   2.1488092e+01   2.2955512e+01   3.1968238e+01   2.7813001e+01   3.2453091e+01   3.0504166e+01   3.2810989e+01   2.8678006e+01   2.9400692e+01   3.1588583e+01   1.4826549e+01   1.7507351e+01   1.6192355e+01   2.5901772e+01   1.6200318e+01   2.3764780e+01   2.6311819e+01   1.7602631e+01   2.5500000e+01   1.7827723e+01   1.9709373e+01   1.8220045e+01   1.9080904e+01   2.0000000e+01   2.1091260e+01   2.0630822e+01   2.2414607e+01   2.2799103e+01   2.3743279e+01   2.4666092e+01   5.8150729e+00   6.2008771e+00   7.0192024e+00   7.9330344e+00   7.0000000e+00   7.9330344e+00   5.5000000e+00   9.1023253e+00   9.0000000e+00   3.7015621e+00   1.0156604e+01   1.0323441e+01   1.1235455e+01   1.0500000e+01   8.0663730e+00   5.5990195e+00   1.0698039e+01   6.3309519e+00   1.0940307e+01   8.5777472e+00   1.1465856e+01   4.4051248e+00   6.3309519e+00   8.5777472e+00   3.7015621e+00   0.0000000e+00   5.7201533e+00   8.1485293e+00   3.1925824e+00   5.5249378e+00   2.6122256e+01   2.6485573e+01   5.6478151e+00   2.4629857e+01   7.2268120e+00   2.0506249e+01   2.4037205e+01   1.7704651e+01   1.9080904e+01   2.2144861e+01   2.1000000e+01   2.1600948e+01   2.2069655e+01   2.1018285e+01   2.1505952e+01   2.3978714e+01   1.9101075e+01   1.5000000e+01   2.0908332e+01   2.0902206e+01   1.7500000e+01   1.9741881e+01   3.2628648e+01   1.7030275e+01   3.0872685e+01   2.9435273e+01   1.2215375e+01   3.1548349e+01   2.6461510e+01   2.8544607e+01   3.1000000e+01   1.3158989e+01
   2.0655644e+01   1.8028548e+01   1.9080904e+01   1.7307736e+01   1.5706906e+01   1.6390249e+01   1.8843936e+01   1.4589003e+01   2.0412308e+01   1.7120770e+01   1.8527756e+01   2.7813001e+01   2.4084953e+01   2.8450850e+01   2.6739284e+01   2.8912145e+01   2.5203239e+01   2.6112497e+01   2.8108875e+01   1.1835784e+01   1.4009256e+01   1.3247549e+01   2.3138463e+01   1.3813527e+01   2.0412308e+01   2.4217082e+01   1.5205441e+01   2.4211811e+01   1.5943445e+01   1.7300298e+01   1.9000000e+01   1.9168155e+01   2.0159603e+01   2.0630822e+01   2.1500000e+01   2.2087033e+01   2.3138463e+01   2.4132605e+01   2.4526028e+01   1.0624228e+01   6.6846584e+00   7.6589105e+00   7.5000000e+00   1.1106602e+01   9.3600226e+00   8.7006097e+00   9.0000000e+00   6.5415230e+00   8.0166482e+00   1.1106602e+01   1.1780514e+01   1.1500000e+01   1.5574813e+01   1.3247549e+01   1.0807764e+01   1.5902922e+01   1.1465856e+01   1.6160460e+01   1.3785330e+01   1.6655494e+01   3.4154759e+00   2.0000000e+00   3.4154759e+00   3.0495098e+00   5.7201533e+00   0.0000000e+00   3.0000000e+00   4.0355339e+00   1.5000000e+00   2.4629857e+01   2.4500000e+01   4.4051248e+00   2.3138463e+01   3.5000000e+00   1.5533296e+01   2.2000000e+01   1.3962912e+01   1.6200318e+01   2.0655644e+01   2.0146883e+01   1.9500000e+01   1.7704651e+01   1.6507811e+01   1.6763456e+01   2.0760800e+01   1.4293114e+01   1.0624228e+01   1.5902922e+01   1.5682226e+01   1.2426860e+01   1.4589003e+01   2.7425824e+01   1.2268602e+01   2.5664459e+01   2.4217082e+01   8.4056942e+00   2.6331183e+01   2.1242469e+01   2.3352790e+01   2.5817978e+01   8.7764727e+00
   1.8177670e+01   1.5533296e+01   1.6824828e+01   1.5034442e+01   1.3247549e+01   1.6032225e+01   1.6476545e+01   1.2426860e+01   1.8255281e+01   1.4817821e+01   1.6192355e+01   2.5544960e+01   2.2005813e+01   2.6239075e+01   2.4629857e+01   2.6739284e+01   2.3226636e+01   2.4211811e+01   2.6112497e+01   1.0361541e+01   1.2172618e+01   1.1736103e+01   2.1505952e+01   1.2583046e+01   1.8534689e+01   2.2888613e+01   1.3916408e+01   2.3270595e+01   1.4896180e+01   1.5943445e+01   1.9168155e+01   1.9000000e+01   2.0000000e+01   2.0159603e+01   2.1648286e+01   2.1648286e+01   2.3000000e+01   2.4000000e+01   2.4132605e+01   1.2798374e+01   7.7111026e+00   8.5622577e+00   7.9330344e+00   1.3000000e+01   1.0361541e+01   1.0424717e+01   9.3600226e+00   6.0000000e+00   1.0512492e+01   1.1736103e+01   1.2583046e+01   1.1780514e+01   1.8064168e+01   1.5706906e+01   1.3247549e+01   1.8346568e+01   1.3785330e+01   1.8569311e+01   1.6160460e+01   1.9000000e+01   5.7201533e+00   3.4154759e+00   2.0000000e+00   5.5249378e+00   8.1485293e+00   3.0000000e+00   0.0000000e+00   6.0901699e+00   3.1925824e+00   2.5015301e+01   2.4629857e+01   6.3309519e+00   2.3548861e+01   4.4051248e+00   1.3039936e+01   2.2144861e+01   1.3247549e+01   1.6000000e+01   2.1115528e+01   2.0926698e+01   1.9663768e+01   1.6382380e+01   1.5077380e+01   1.5103082e+01   2.0229420e+01   1.2603718e+01   9.5138782e+00   1.3953624e+01   1.3316006e+01   1.0424717e+01   1.2426860e+01   2.5122145e+01   9.8407708e+00   2.3347319e+01   2.1860009e+01   8.0000000e+00   2.3920077e+01   1.8843936e+01   2.0896078e+01   2.3352790e+01   6.6032778e+00
   2.3548861e+01   2.0556171e+01   2.2414607e+01   2.0624612e+01   1.8000000e+01   1.4817821e+01   2.2040659e+01   1.6024175e+01   2.1689620e+01   1.8837121e+01   2.0311613e+01   2.9283676e+01   2.5122145e+01   2.9761750e+01   2.7813001e+01   3.0118406e+01   2.6000000e+01   2.6739284e+01   2.8912145e+01   1.2161904e+01   1.4817821e+01   1.3538405e+01   2.3303509e+01   1.3624405e+01   2.1091260e+01   2.3845235e+01   1.5034442e+01   2.3243131e+01   1.5366069e+01   1.7150826e+01   1.6694135e+01   1.7263055e+01   1.8220045e+01   1.9080904e+01   1.9168155e+01   2.0462465e+01   2.1115528e+01   2.2087033e+01   2.2799103e+01   7.2082039e+00   4.1400549e+00   5.1097722e+00   5.6478151e+00   7.5710678e+00   6.5000000e+00   5.2169906e+00   7.0000000e+00   6.3309519e+00   6.3309519e+00   8.5622577e+00   9.0000000e+00   9.3600226e+00   1.3039936e+01   1.0500000e+01   8.0000000e+00   1.3039936e+01   8.2620873e+00   1.3158989e+01   1.0698039e+01   1.3480755e+01   4.5000000e+00   5.2169906e+00   6.9031242e+00   3.5000000e+00   3.1925824e+00   4.0355339e+00   6.0901699e+00   0.0000000e+00   3.4154759e+00   2.7000000e+01   2.7117663e+01   6.0000000e+00   2.5500000e+01   6.5415230e+00   1.8064168e+01   2.4629857e+01   1.7270510e+01   1.9181542e+01   2.3000000e+01   2.2144861e+01   2.2144861e+01   2.1200242e+01   2.0025624e+01   2.0298990e+01   2.3909400e+01   1.7827723e+01   1.4101471e+01   1.9401058e+01   1.8884776e+01   1.5902922e+01   1.7992856e+01   3.0707615e+01   1.4500000e+01   2.8929738e+01   2.7425824e+01   1.1680340e+01   2.9435273e+01   2.4379908e+01   2.6331183e+01   2.8757742e+01   1.0549876e+01
   2.0803941e+01   1.8000000e+01   1.9506578e+01   1.7719175e+01   1.5574813e+01   1.5416434e+01   1.9168155e+01   1.4156500e+01   1.9955076e+01   1.6786497e+01   1.8220045e+01   2.7425824e+01   2.3570544e+01   2.8018176e+01   2.6239075e+01   2.8450850e+01   2.4629857e+01   2.5500000e+01   2.7541635e+01   1.1106602e+01   1.3403488e+01   1.2520815e+01   2.2420310e+01   1.3000000e+01   1.9800259e+01   2.3401965e+01   1.4401439e+01   2.3308989e+01   1.5077380e+01   1.6507811e+01   1.8000000e+01   1.8177670e+01   1.9168155e+01   1.9663768e+01   2.0500000e+01   2.1115528e+01   2.2144861e+01   2.3138463e+01   2.3548861e+01   1.0117692e+01   5.7201533e+00   6.6846584e+00   6.5000000e+00   1.0424717e+01   8.4056942e+00   7.9330344e+00   8.0000000e+00   5.6478151e+00   8.1485293e+00   1.0117692e+01   1.0807764e+01   1.0500000e+01   1.5508331e+01   1.3089678e+01   1.0611874e+01   1.5706906e+01   1.1094810e+01   1.5902922e+01   1.3480755e+01   1.6311388e+01   4.0355339e+00   3.0000000e+00   4.0355339e+00   3.4154759e+00   5.5249378e+00   1.5000000e+00   3.1925824e+00   3.4154759e+00   0.0000000e+00   2.5624689e+01   2.5500000e+01   5.2169906e+00   2.4132605e+01   4.5000000e+00   1.5500000e+01   2.3000000e+01   1.4896180e+01   1.7188319e+01   2.1648286e+01   2.1115528e+01   2.0500000e+01   1.8527756e+01   1.7300298e+01   1.7485288e+01   2.1724985e+01   1.5000000e+01   1.1477249e+01   1.6507811e+01   1.6008062e+01   1.3000000e+01   1.5077380e+01   2.7813001e+01   1.2097414e+01   2.6039186e+01   2.4552027e+01   9.3600226e+00   2.6600766e+01   2.1529741e+01   2.3548861e+01   2.5995098e+01   8.4056942e+00
   3.1620733e+01   3.2515621e+01   2.6044080e+01   2.5604780e+01   3.2256889e+01   4.0453098e+01   2.7744265e+01   3.4488969e+01   3.9516022e+01   3.5485711e+01   3.6280581e+01   4.5011235e+01   4.3377733e+01   4.6200109e+01   4.5569391e+01   4.7002688e+01   4.5092600e+01   4.6393899e+01   4.7669906e+01   3.4503676e+01   3.5503571e+01   3.5759750e+01   4.4819860e+01   3.6900549e+01   4.1197051e+01   4.6849218e+01   3.8143060e+01   4.7685803e+01   3.9310437e+01   4.0028471e+01   4.3073466e+01   4.3293107e+01   4.4286413e+01   4.4641817e+01   4.5569391e+01   4.6120719e+01   4.7268045e+01   4.8262433e+01   4.8588460e+01   3.0603986e+01   3.0516662e+01   3.1516125e+01   3.1600643e+01   3.2394357e+01   3.3000000e+01   3.1102287e+01   3.3096012e+01   3.0420729e+01   2.4526028e+01   3.5014490e+01   3.5500000e+01   3.5589172e+01   2.8898944e+01   2.8824018e+01   2.8040879e+01   3.0707615e+01   2.9970324e+01   3.1620733e+01   3.0703477e+01   3.3000000e+01   2.3000000e+01   2.3138463e+01   2.3548861e+01   2.4000000e+01   2.6122256e+01   2.4629857e+01   2.5015301e+01   2.7000000e+01   2.5624689e+01   0.0000000e+00   3.0000000e+00   2.1500000e+01   2.0000000e+00   2.1648286e+01   3.1016389e+01   4.0355339e+00   1.4229530e+01   1.0361541e+01   4.5000000e+00   6.0901699e+00   6.0901699e+00   1.6507811e+01   1.7485288e+01   1.9268324e+01   9.6787799e+00   1.9644190e+01   1.7942764e+01   2.1713203e+01   2.6369867e+01   2.2005813e+01   2.3548861e+01   3.1358548e+01   3.0470819e+01   3.0516662e+01   3.0454132e+01   1.7740940e+01   3.3096012e+01   2.9629023e+01   3.2515621e+01   3.4503676e+01   2.9761750e+01
   2.9864094e+01   3.1016389e+01   2.4190715e+01   2.3877339e+01   3.0950780e+01   4.0154760e+01   2.5965663e+01   3.3462099e+01   3.8295502e+01   3.4267588e+01   3.4981879e+01   4.3511626e+01   4.2120308e+01   4.4740818e+01   4.4232139e+01   4.5569391e+01   4.3884905e+01   4.5221360e+01   4.6393899e+01   3.3854160e+01   3.4654063e+01   3.5061539e+01   4.3864732e+01   3.6294553e+01   4.0154760e+01   4.6046679e+01   3.7489863e+01   4.7085942e+01   3.8742646e+01   3.9310437e+01   4.3000000e+01   4.3073466e+01   4.4071780e+01   4.4286413e+01   4.5500000e+01   4.5776926e+01   4.7067156e+01   4.8065744e+01   4.8262433e+01   3.1200163e+01   3.0537477e+01   3.1536269e+01   3.1500000e+01   3.2880550e+01   3.3096012e+01   3.1407119e+01   3.3000000e+01   3.0105743e+01   2.5167793e+01   3.5032593e+01   3.5589172e+01   3.5500000e+01   3.0084624e+01   2.9800171e+01   2.8824018e+01   3.1824910e+01   3.0703477e+01   3.2706366e+01   3.1620733e+01   3.4041020e+01   2.3138463e+01   2.3000000e+01   2.3138463e+01   2.4132605e+01   2.6485573e+01   2.4500000e+01   2.4629857e+01   2.7117663e+01   2.5500000e+01   3.0000000e+00   0.0000000e+00   2.1648286e+01   3.4154759e+00   2.1500000e+01   2.9654759e+01   3.0000000e+00   1.3039936e+01   9.3600226e+00   5.2169906e+00   7.5710678e+00   5.5000000e+00   1.4642136e+01   1.5739751e+01   1.7485288e+01   7.6063352e+00   1.8113915e+01   1.6946884e+01   2.0025624e+01   2.4800206e+01   2.0655644e+01   2.2005813e+01   2.9153098e+01   2.9387714e+01   2.8379204e+01   2.8401613e+01   1.7188319e+01   3.1016389e+01   2.7744265e+01   3.0603986e+01   3.2515621e+01   2.9004386e+01
   2.3005555e+01   2.0896078e+01   2.0512496e+01   1.8837121e+01   1.8843936e+01   1.9948650e+01   2.0655644e+01   1.8255281e+01   2.4084953e+01   2.0624612e+01   2.1976732e+01   3.1358548e+01   2.7822152e+01   3.2067388e+01   3.0454132e+01   3.2570235e+01   2.9004386e+01   2.9949109e+01   3.1900637e+01   1.5739751e+01   1.7856555e+01   1.7150826e+01   2.7037709e+01   1.7704651e+01   2.4253947e+01   2.8108875e+01   1.9101075e+01   2.8004545e+01   1.9793781e+01   2.1200242e+01   2.2144861e+01   2.2573740e+01   2.3548861e+01   2.4217082e+01   2.4629857e+01   2.5644582e+01   2.6485573e+01   2.7467573e+01   2.8040879e+01   1.0904326e+01   9.5553851e+00   1.0549876e+01   1.0807764e+01   1.2129703e+01   1.2000000e+01   1.0323441e+01   1.2268602e+01   1.0361541e+01   6.0901699e+00   1.4036986e+01   1.4500000e+01   1.4721463e+01   1.3785330e+01   1.1912712e+01   9.8005376e+00   1.4589003e+01   1.1106602e+01   1.5077380e+01   1.3000000e+01   1.5902922e+01   2.0000000e+00   3.4154759e+00   5.7201533e+00   3.0000000e+00   5.6478151e+00   4.4051248e+00   6.3309519e+00   6.0000000e+00   5.2169906e+00   2.1500000e+01   2.1648286e+01   0.0000000e+00   2.0000000e+01   3.0000000e+00   1.8451323e+01   1.9168155e+01   1.2603718e+01   1.3962912e+01   1.7500000e+01   1.6694135e+01   1.6694135e+01   1.7150826e+01   1.6200318e+01   1.6878339e+01   1.8837121e+01   1.4589003e+01   1.0208244e+01   1.6655494e+01   1.7566048e+01   1.3480755e+01   1.5902922e+01   2.8876927e+01   1.5541609e+01   2.7183328e+01   2.5901772e+01   7.2268120e+00   2.8221833e+01   2.3138463e+01   2.5519992e+01   2.8018176e+01   1.2426860e+01
   3.0603986e+01   3.1358548e+01   2.5101829e+01   2.4583189e+01   3.1016389e+01   3.8970768e+01   2.6748809e+01   3.3149655e+01   3.8235925e+01   3.4208308e+01   3.5032593e+01   4.3841666e+01   4.2108292e+01   4.5011235e+01   4.4329214e+01   4.5801766e+01   4.3804157e+01   4.5092600e+01   4.6404793e+01   3.3072995e+01   3.4115473e+01   3.4337849e+01   4.3453463e+01   3.5460692e+01   3.9857337e+01   4.5444410e+01   3.6711186e+01   4.6241119e+01   3.7863083e+01   3.8608398e+01   4.1576149e+01   4.1803753e+01   4.2796572e+01   4.3164388e+01   4.4071780e+01   4.4641817e+01   4.5776926e+01   4.6770941e+01   4.7107403e+01   2.9135642e+01   2.9017538e+01   3.0016944e+01   3.0105743e+01   3.0913813e+01   3.1500000e+01   2.9607559e+01   3.1600643e+01   2.8942925e+01   2.3061028e+01   3.3515148e+01   3.4000000e+01   3.4093154e+01   2.7560118e+01   2.7425824e+01   2.6600766e+01   2.9348743e+01   2.8522313e+01   3.0253151e+01   2.9292360e+01   3.1620733e+01   2.1500000e+01   2.1648286e+01   2.2087033e+01   2.2500000e+01   2.4629857e+01   2.3138463e+01   2.3548861e+01   2.5500000e+01   2.4132605e+01   2.0000000e+00   3.4154759e+00   2.0000000e+01   0.0000000e+00   2.0159603e+01   2.9800171e+01   3.1925824e+00   1.3000000e+01   9.1023253e+00   3.0000000e+00   4.8011626e+00   4.8011626e+00   1.5616216e+01   1.6507811e+01   1.8304494e+01   9.0440037e+00   1.8534689e+01   1.6624515e+01   2.0680436e+01   2.5258837e+01   2.0803941e+01   2.2431712e+01   3.0707615e+01   2.9153098e+01   2.9795904e+01   2.9654759e+01   1.6311388e+01   3.2315877e+01   2.8700177e+01   3.1600643e+01   3.3643627e+01   2.8356777e+01
   2.0506249e+01   1.8451323e+01   1.8085505e+01   1.6390249e+01   1.6476545e+01   1.9328170e+01   1.8177670e+01   1.6200318e+01   2.2005813e+01   1.8423448e+01   1.9735384e+01   2.9153098e+01   2.5803162e+01   2.9915132e+01   2.8401613e+01   3.0454132e+01   2.7075365e+01   2.8086228e+01   2.9949109e+01   1.4229530e+01   1.6072412e+01   1.5616216e+01   2.5409837e+01   1.6382380e+01   2.2420310e+01   2.6739284e+01   1.7740940e+01   2.6962237e+01   1.8624569e+01   1.9793781e+01   2.2000000e+01   2.2144861e+01   2.3138463e+01   2.3548861e+01   2.4500000e+01   2.5015301e+01   2.6122256e+01   2.7117663e+01   2.7467573e+01   1.2520815e+01   9.6241438e+00   1.0611874e+01   1.0500000e+01   1.3403488e+01   1.2268602e+01   1.1235455e+01   1.2000000e+01   9.3600226e+00   8.4056942e+00   1.4083078e+01   1.4721463e+01   1.4500000e+01   1.6160460e+01   1.4156500e+01   1.1912712e+01   1.6847783e+01   1.3000000e+01   1.7270510e+01   1.5077380e+01   1.7992856e+01   3.4154759e+00   2.0000000e+00   3.4154759e+00   4.0355339e+00   7.2268120e+00   3.5000000e+00   4.4051248e+00   6.5415230e+00   4.5000000e+00   2.1648286e+01   2.1500000e+01   3.0000000e+00   2.0159603e+01   0.0000000e+00   1.6024175e+01   1.9000000e+01   1.1235455e+01   1.3247549e+01   1.7682840e+01   1.7263055e+01   1.6500000e+01   1.5366069e+01   1.4293114e+01   1.4800350e+01   1.7892527e+01   1.2426860e+01   8.2781746e+00   1.4365425e+01   1.5077380e+01   1.1094810e+01   1.3480755e+01   2.6461510e+01   1.3247549e+01   2.4753866e+01   2.3445588e+01   5.6478151e+00   2.5743811e+01   2.0655644e+01   2.3022211e+01   2.5519992e+01   1.0424717e+01
   6.6032778e+00   3.0000000e+00   9.2321246e+00   8.0166482e+00   2.0000000e+00   1.9006756e+01   7.4641941e+00   6.5415230e+00   9.3600226e+00   5.5249378e+00   5.8851648e+00   1.4642136e+01   1.3039936e+01   1.5739751e+01   1.5077380e+01   1.6507811e+01   1.4896180e+01   1.6311388e+01   1.7270510e+01   1.1106602e+01   9.2464278e+00   1.1200467e+01   1.6008062e+01   1.3000000e+01   1.2010864e+01   1.9060711e+01   1.3276932e+01   2.1600948e+01   1.5077380e+01   1.3962912e+01   2.3548861e+01   2.2005813e+01   2.2827114e+01   2.1529741e+01   2.5500000e+01   2.2860680e+01   2.5369660e+01   2.6239075e+01   2.5122145e+01   2.4426972e+01   1.7740940e+01   1.8057050e+01   1.6655494e+01   2.3920077e+01   1.9539433e+01   2.1242469e+01   1.7270510e+01   1.3785330e+01   2.3049945e+01   1.9539433e+01   2.0655644e+01   1.8527756e+01   3.0504166e+01   2.8040879e+01   2.5544960e+01   3.0603986e+01   2.5743811e+01   3.0703477e+01   2.8221833e+01   3.0913813e+01   1.8177670e+01   1.5706906e+01   1.3247549e+01   1.8064168e+01   2.0506249e+01   1.5533296e+01   1.3039936e+01   1.8064168e+01   1.5500000e+01   3.1016389e+01   2.9654759e+01   1.8451323e+01   2.9800171e+01   1.6024175e+01   0.0000000e+00   2.7541635e+01   1.7300298e+01   2.1200242e+01   2.7835874e+01   2.8784271e+01   2.5500000e+01   1.6311388e+01   1.4896180e+01   1.3480755e+01   2.3094247e+01   1.2129703e+01   1.3935029e+01   1.0807764e+01   6.0226805e+00   9.5138782e+00   8.4056942e+00   1.5366069e+01   4.3078866e+00   1.3624405e+01   1.1835784e+01   1.5616216e+01   1.3000000e+01   8.7006097e+00   9.5138782e+00   1.1680340e+01   8.4056942e+00
   2.8086228e+01   2.9004386e+01   2.2522716e+01   2.2069655e+01   2.8801943e+01   3.7665172e+01   2.4211811e+01   3.1163496e+01   3.6098455e+01   3.2067388e+01   3.2830326e+01   4.1503049e+01   3.9946166e+01   4.2701896e+01   4.2108292e+01   4.3511626e+01   4.1682521e+01   4.3000000e+01   4.4232139e+01   3.1423292e+01   3.2284430e+01   3.2644206e+01   4.1539615e+01   3.3854160e+01   3.7866429e+01   4.3665380e+01   3.5061539e+01   4.4647480e+01   3.6294553e+01   3.6900549e+01   4.0500000e+01   4.0578049e+01   4.1576149e+01   4.1803753e+01   4.3000000e+01   4.3293107e+01   4.4570965e+01   4.5569391e+01   4.5776926e+01   2.8806360e+01   2.8040879e+01   2.9039446e+01   2.9000000e+01   3.0454132e+01   3.0603986e+01   2.8942925e+01   3.0500000e+01   2.7615494e+01   2.2799103e+01   3.2535137e+01   3.3096012e+01   3.3000000e+01   2.7959060e+01   2.7560118e+01   2.6500000e+01   2.9654759e+01   2.8356777e+01   3.0516662e+01   2.9348743e+01   3.1824910e+01   2.0655644e+01   2.0500000e+01   2.0655644e+01   2.1648286e+01   2.4037205e+01   2.2000000e+01   2.2144861e+01   2.4629857e+01   2.3000000e+01   4.0355339e+00   3.0000000e+00   1.9168155e+01   3.1925824e+00   1.9000000e+01   2.7541635e+01   0.0000000e+00   1.0795630e+01   7.0000000e+00   3.4154759e+00   6.0901699e+00   3.0000000e+00   1.3000000e+01   1.3953624e+01   1.5739751e+01   6.3523500e+00   1.6120499e+01   1.4615594e+01   1.8177670e+01   2.2843903e+01   1.8527756e+01   2.0025624e+01   2.8018176e+01   2.7112967e+01   2.7117663e+01   2.7000000e+01   1.4721463e+01   2.9654759e+01   2.6112497e+01   2.9004386e+01   3.1016389e+01   2.6600766e+01
   1.8527756e+01   1.8898369e+01   1.3500000e+01   1.2593387e+01   1.8527756e+01   2.8540150e+01   1.4826549e+01   2.0926698e+01   2.5803162e+01   2.1772047e+01   2.2551077e+01   3.1358548e+01   2.9654759e+01   3.2515621e+01   3.1840868e+01   3.3302439e+01   3.1386890e+01   3.2706366e+01   3.3943983e+01   2.1648286e+01   2.2208293e+01   2.2776669e+01   3.1342341e+01   2.4132605e+01   2.7615494e+01   3.3609666e+01   2.5248737e+01   3.4865681e+01   2.6619916e+01   2.6976405e+01   3.1900637e+01   3.1600643e+01   3.2597508e+01   3.2500000e+01   3.4371079e+01   3.4000000e+01   3.5589172e+01   3.6586701e+01   3.6500000e+01   2.3000000e+01   2.0108672e+01   2.1054805e+01   2.0630822e+01   2.4084953e+01   2.2799103e+01   2.1970911e+01   2.2087033e+01   1.8672782e+01   1.7827723e+01   2.4400837e+01   2.5167793e+01   2.4526028e+01   2.4913111e+01   2.3548861e+01   2.1713203e+01   2.6112497e+01   2.3171568e+01   2.6748809e+01   2.4897746e+01   2.7744265e+01   1.3813527e+01   1.2583046e+01   1.1780514e+01   1.4650972e+01   1.7704651e+01   1.3962912e+01   1.3247549e+01   1.7270510e+01   1.4896180e+01   1.4229530e+01   1.3039936e+01   1.2603718e+01   1.3000000e+01   1.1235455e+01   1.7300298e+01   1.0795630e+01   0.0000000e+00   4.4051248e+00   1.1106602e+01   1.2426860e+01   8.7006097e+00   5.7201533e+00   5.5000000e+00   7.0764732e+00   7.5178344e+00   6.3309519e+00   4.5311289e+00   8.7764727e+00   1.2919742e+01   8.3102497e+00   1.0104686e+01   2.0655644e+01   1.6847783e+01   1.9328170e+01   1.8700275e+01   6.0901699e+00   2.1380613e+01   1.7052945e+01   1.9955076e+01   2.2231314e+01   1.6694135e+01
   2.2300229e+01   2.2799103e+01   1.7060495e+01   1.6311388e+01   2.2414607e+01   3.1516125e+01   1.8527756e+01   2.4666092e+01   2.9654759e+01   2.5624689e+01   2.6432605e+01   3.5263487e+01   3.3518934e+01   3.6420050e+01   3.5727830e+01   3.7204904e+01   3.5231110e+01   3.6534705e+01   3.7812866e+01   2.5015301e+01   2.5798221e+01   2.6209920e+01   3.5039832e+01   2.7467573e+01   3.1370698e+01   3.7187873e+01   2.8646936e+01   3.8252483e+01   2.9927878e+01   3.0454132e+01   3.4591788e+01   3.4500000e+01   3.5500000e+01   3.5589172e+01   3.7085516e+01   3.7085516e+01   3.8500000e+01   3.9500000e+01   3.9580046e+01   2.4206539e+01   2.2368928e+01   2.3352790e+01   2.3138463e+01   2.5579872e+01   2.5015301e+01   2.3743279e+01   2.4629857e+01   2.1500000e+01   1.8527756e+01   2.6805893e+01   2.7467573e+01   2.7117663e+01   2.4897746e+01   2.3930749e+01   2.2414607e+01   2.6331183e+01   2.4084953e+01   2.7075365e+01   2.5500000e+01   2.8221833e+01   1.5366069e+01   1.4721463e+01   1.4500000e+01   1.6311388e+01   1.9080904e+01   1.6200318e+01   1.6000000e+01   1.9181542e+01   1.7188319e+01   1.0361541e+01   9.3600226e+00   1.3962912e+01   9.1023253e+00   1.3247549e+01   2.1200242e+01   7.0000000e+00   4.4051248e+00   0.0000000e+00   7.2268120e+00   8.7764727e+00   4.8011626e+00   8.1485293e+00   8.5777472e+00   1.0348858e+01   5.5000000e+00   1.0104686e+01   8.1157731e+00   1.2426860e+01   1.6778821e+01   1.2215375e+01   1.3953624e+01   2.3662470e+01   2.0624612e+01   2.2482948e+01   2.2040659e+01   8.5000000e+00   2.4733242e+01   2.0655644e+01   2.3570544e+01   2.5768558e+01   2.0146883e+01
   2.9004386e+01   2.9500000e+01   2.3662470e+01   2.3000000e+01   2.9004386e+01   3.6503472e+01   2.5203239e+01   3.0950780e+01   3.6140567e+01   3.2122777e+01   3.3000000e+01   4.1939715e+01   4.0028471e+01   4.3073466e+01   4.2300120e+01   4.3841666e+01   4.1688591e+01   4.2952915e+01   4.4329214e+01   3.0703477e+01   3.1824910e+01   3.1984123e+01   4.1197051e+01   3.3072995e+01   3.7651716e+01   4.3117485e+01   3.4337849e+01   4.3841666e+01   3.5460692e+01   3.6256118e+01   3.9081083e+01   3.9323318e+01   4.0315198e+01   4.0705721e+01   4.1576149e+01   4.2180331e+01   4.3293107e+01   4.4286413e+01   4.4641817e+01   2.6696374e+01   2.6519224e+01   2.7518512e+01   2.7615494e+01   2.8450850e+01   2.9000000e+01   2.7117663e+01   2.9109439e+01   2.6485573e+01   2.0630822e+01   3.1016389e+01   3.1500000e+01   3.1600643e+01   2.5369660e+01   2.5122145e+01   2.4217082e+01   2.7117663e+01   2.6122256e+01   2.8004545e+01   2.6962237e+01   2.9348743e+01   1.9000000e+01   1.9168155e+01   1.9663768e+01   2.0000000e+01   2.2144861e+01   2.0655644e+01   2.1115528e+01   2.3000000e+01   2.1648286e+01   4.5000000e+00   5.2169906e+00   1.7500000e+01   3.0000000e+00   1.7682840e+01   2.7835874e+01   3.4154759e+00   1.1106602e+01   7.2268120e+00   0.0000000e+00   3.1925824e+00   3.1925824e+00   1.4365425e+01   1.5077380e+01   1.6878339e+01   8.5156098e+00   1.6824828e+01   1.4508926e+01   1.9101075e+01   2.3505434e+01   1.8898369e+01   2.0680436e+01   2.9761750e+01   2.7000000e+01   2.8731188e+01   2.8450850e+01   1.3962912e+01   3.1134947e+01   2.7267518e+01   3.0181644e+01   3.2315877e+01   2.6039186e+01
   3.0454132e+01   3.0603986e+01   2.5324383e+01   2.4510414e+01   2.9864094e+01   3.6031676e+01   2.6739284e+01   3.1427334e+01   3.6811155e+01   3.2830326e+01   3.3801652e+01   4.2926407e+01   4.0715047e+01   4.4000000e+01   4.3073466e+01   4.4729515e+01   4.2300120e+01   4.3511626e+01   4.5011235e+01   3.0707615e+01   3.2067388e+01   3.2035694e+01   4.1493902e+01   3.3000000e+01   3.8083241e+01   4.3214166e+01   3.4311980e+01   4.3688540e+01   3.5320971e+01   3.6294553e+01   3.8331865e+01   3.8742646e+01   3.9723717e+01   4.0277506e+01   4.0811289e+01   4.1731056e+01   4.2672266e+01   4.3656691e+01   4.4160623e+01   2.5248737e+01   2.5743811e+01   2.6734519e+01   2.6976405e+01   2.7117663e+01   2.8113403e+01   2.6000000e+01   2.8450850e+01   2.6122256e+01   1.9168155e+01   3.0206902e+01   3.0603986e+01   3.0913813e+01   2.3308989e+01   2.3270595e+01   2.2573740e+01   2.5122145e+01   2.4526028e+01   2.6039186e+01   2.5167793e+01   2.7425824e+01   1.8177670e+01   1.8700275e+01   1.9539433e+01   1.9168155e+01   2.1000000e+01   2.0146883e+01   2.0926698e+01   2.2144861e+01   2.1115528e+01   6.0901699e+00   7.5710678e+00   1.6694135e+01   4.8011626e+00   1.7263055e+01   2.8784271e+01   6.0901699e+00   1.2426860e+01   8.7764727e+00   3.1925824e+00   0.0000000e+00   5.5000000e+00   1.6311388e+01   1.6847783e+01   1.8624569e+01   1.1011898e+01   1.8255281e+01   1.5349242e+01   2.0655644e+01   2.4800206e+01   2.0025624e+01   2.2005813e+01   3.1820920e+01   2.7601660e+01   3.0703477e+01   3.0307717e+01   1.4229530e+01   3.3000000e+01   2.8912145e+01   3.1824910e+01   3.4041020e+01   2.6239075e+01
   2.6427784e+01   2.7075365e+01   2.1024376e+01   2.0412308e+01   2.6715453e+01   3.5177082e+01   2.2602036e+01   2.8898944e+01   3.3943983e+01   2.9915132e+01   3.0732433e+01   3.9551248e+01   3.7812866e+01   4.0715047e+01   4.0028471e+01   4.1503049e+01   3.9516022e+01   4.0811289e+01   4.2108292e+01   2.9004386e+01   2.9936372e+01   3.0240545e+01   3.9236288e+01   3.1423292e+01   3.5606979e+01   4.1298284e+01   3.2644206e+01   4.2216304e+01   3.3854160e+01   3.4503676e+01   3.8000000e+01   3.8083241e+01   3.9081083e+01   3.9323318e+01   4.0500000e+01   4.0811289e+01   4.2075233e+01   4.3073466e+01   4.3293107e+01   2.6432605e+01   2.5544960e+01   2.6543233e+01   2.6500000e+01   2.8040879e+01   2.8113403e+01   2.6485573e+01   2.8000000e+01   2.5127221e+01   2.0462465e+01   3.0038111e+01   3.0603986e+01   3.0500000e+01   2.5901772e+01   2.5369660e+01   2.4211811e+01   2.7541635e+01   2.6039186e+01   2.8379204e+01   2.7117663e+01   2.9654759e+01   1.8177670e+01   1.8000000e+01   1.8177670e+01   1.9168155e+01   2.1600948e+01   1.9500000e+01   1.9663768e+01   2.2144861e+01   2.0500000e+01   6.0901699e+00   5.5000000e+00   1.6694135e+01   4.8011626e+00   1.6500000e+01   2.5500000e+01   3.0000000e+00   8.7006097e+00   4.8011626e+00   3.1925824e+00   5.5000000e+00   0.0000000e+00   1.1680340e+01   1.2426860e+01   1.4229530e+01   6.0226805e+00   1.4293114e+01   1.2353270e+01   1.6507811e+01   2.1006097e+01   1.6507811e+01   1.8177670e+01   2.7070661e+01   2.4882371e+01   2.6039186e+01   2.5768558e+01   1.2268602e+01   2.8450850e+01   2.4629857e+01   2.7541635e+01   2.9654759e+01   2.4217082e+01
   1.5739751e+01   1.7270510e+01   1.0052487e+01   9.8005376e+00   1.7740940e+01   3.0707615e+01   1.1835784e+01   2.1151876e+01   2.5167793e+01   2.1242469e+01   2.1689620e+01   2.9654759e+01   2.8824018e+01   3.0950780e+01   3.0707615e+01   3.1824910e+01   3.0703477e+01   3.2122777e+01   3.3000000e+01   2.3138463e+01   2.3005555e+01   2.4047824e+01   3.1491934e+01   2.5624689e+01   2.7564737e+01   3.4182340e+01   2.6543233e+01   3.6000000e+01   2.8113403e+01   2.8000000e+01   3.4503676e+01   3.3854160e+01   3.4829288e+01   3.4371079e+01   3.6900549e+01   3.5855339e+01   3.7762582e+01   3.8742646e+01   3.8331865e+01   2.7379360e+01   2.3570544e+01   2.4442640e+01   2.3759407e+01   2.8221833e+01   2.6239075e+01   2.5901772e+01   2.5122145e+01   2.1392582e+01   2.2602036e+01   2.7564737e+01   2.8450850e+01   2.7425824e+01   2.9915132e+01   2.8401613e+01   2.6427784e+01   3.1016389e+01   2.7744265e+01   3.1600643e+01   2.9629023e+01   3.2515621e+01   1.8177670e+01   1.6507811e+01   1.5077380e+01   1.8898369e+01   2.2069655e+01   1.7704651e+01   1.6382380e+01   2.1200242e+01   1.8527756e+01   1.6507811e+01   1.4642136e+01   1.7150826e+01   1.5616216e+01   1.5366069e+01   1.6311388e+01   1.3000000e+01   5.7201533e+00   8.1485293e+00   1.4365425e+01   1.6311388e+01   1.1680340e+01   0.0000000e+00   2.0000000e+00   3.4154759e+00   7.6063352e+00   5.0000000e+00   7.6063352e+00   6.0901699e+00   1.1011898e+01   8.0000000e+00   8.4056942e+00   1.6024175e+01   1.7068042e+01   1.4896180e+01   1.4589003e+01   1.0424717e+01   1.7270510e+01   1.3624405e+01   1.6507811e+01   1.8527756e+01   1.8177670e+01
   1.4642136e+01   1.5943445e+01   9.1023253e+00   8.6394103e+00   1.6311388e+01   2.9244565e+01   1.0759142e+01   1.9663768e+01   2.3743279e+01   1.9800259e+01   2.0280040e+01   2.8379204e+01   2.7425824e+01   2.9654759e+01   2.9348743e+01   3.0516662e+01   2.9292360e+01   3.0703477e+01   3.1620733e+01   2.1648286e+01   2.1505952e+01   2.2551077e+01   3.0016944e+01   2.4132605e+01   2.6097851e+01   3.2690837e+01   2.5045875e+01   3.4500000e+01   2.6619916e+01   2.6500000e+01   3.3072995e+01   3.2394357e+01   3.3367157e+01   3.2888269e+01   3.5460692e+01   3.4371079e+01   3.6294553e+01   3.7272952e+01   3.6845564e+01   2.6311819e+01   2.2283021e+01   2.3138463e+01   2.2414607e+01   2.7075365e+01   2.4938699e+01   2.4707437e+01   2.3759407e+01   2.0000000e+01   2.1719095e+01   2.6214782e+01   2.7117663e+01   2.6039186e+01   2.9153098e+01   2.7541635e+01   2.5500000e+01   3.0181644e+01   2.6748809e+01   3.0732433e+01   2.8700177e+01   3.1600643e+01   1.7150826e+01   1.5366069e+01   1.3813527e+01   1.7827723e+01   2.1018285e+01   1.6507811e+01   1.5077380e+01   2.0025624e+01   1.7300298e+01   1.7485288e+01   1.5739751e+01   1.6200318e+01   1.6507811e+01   1.4293114e+01   1.4896180e+01   1.3953624e+01   5.5000000e+00   8.5777472e+00   1.5077380e+01   1.6847783e+01   1.2426860e+01   2.0000000e+00   0.0000000e+00   2.3027756e+00   8.8216585e+00   3.5000000e+00   6.5207973e+00   4.8011626e+00   9.6787799e+00   6.5000000e+00   7.0000000e+00   1.5706906e+01   1.5574813e+01   1.4446326e+01   1.3962912e+01   9.5138782e+00   1.6655494e+01   1.2706556e+01   1.5616216e+01   1.7740940e+01   1.6694135e+01
   1.2879418e+01   1.4365425e+01   7.3007353e+00   6.9031242e+00   1.4930870e+01   2.8660256e+01   8.9852814e+00   1.8527756e+01   2.2340330e+01   1.8451323e+01   1.8843936e+01   2.6739284e+01   2.5960754e+01   2.8036340e+01   2.7813001e+01   2.8912145e+01   2.7854159e+01   2.9283676e+01   3.0118406e+01   2.0896078e+01   2.0524984e+01   2.1713203e+01   2.8784271e+01   2.3352790e+01   2.4831050e+01   3.1564449e+01   2.4190715e+01   3.3534073e+01   2.5817978e+01   2.5544960e+01   3.2628648e+01   3.1820920e+01   3.2780025e+01   3.2174122e+01   3.4974628e+01   3.3643627e+01   3.5671011e+01   3.6638622e+01   3.6098455e+01   2.6748809e+01   2.2300229e+01   2.3110838e+01   2.2283021e+01   2.7370058e+01   2.4913111e+01   2.4918231e+01   2.3570544e+01   1.9735384e+01   2.2454498e+01   2.6053865e+01   2.7000000e+01   2.5768558e+01   3.0016944e+01   2.8284888e+01   2.6156383e+01   3.0950780e+01   2.7300187e+01   3.1455613e+01   2.9344410e+01   3.2256889e+01   1.7704651e+01   1.5739751e+01   1.3953624e+01   1.8304494e+01   2.1505952e+01   1.6763456e+01   1.5103082e+01   2.0298990e+01   1.7485288e+01   1.9268324e+01   1.7485288e+01   1.6878339e+01   1.8304494e+01   1.4800350e+01   1.3480755e+01   1.5739751e+01   7.0764732e+00   1.0348858e+01   1.6878339e+01   1.8624569e+01   1.4229530e+01   3.4154759e+00   2.3027756e+00   0.0000000e+00   1.0500000e+01   3.0000000e+00   7.2082039e+00   3.1925824e+00   8.1157731e+00   5.7201533e+00   5.5990195e+00   1.4083078e+01   1.4500000e+01   1.2757651e+01   1.2204700e+01   1.0348858e+01   1.4896180e+01   1.0904326e+01   1.3813527e+01   1.5943445e+01   1.6024175e+01
   2.2843903e+01   2.4253947e+01   1.7120770e+01   1.6901219e+01   2.4463514e+01   3.5557096e+01   1.8939089e+01   2.7425824e+01   3.1884710e+01   2.7890692e+01   2.8473201e+01   3.6700829e+01   3.5631894e+01   3.7973324e+01   3.7621422e+01   3.8830797e+01   3.7462819e+01   3.8847099e+01   3.9860513e+01   2.8571338e+01   2.8942925e+01   2.9654759e+01   3.7863083e+01   3.1065503e+01   3.4026109e+01   4.0312058e+01   3.2142535e+01   4.1746212e+01   3.3560551e+01   3.3805405e+01   3.8895963e+01   3.8618237e+01   3.9615214e+01   3.9503205e+01   4.1371751e+01   4.1003086e+01   4.2607007e+01   4.3604524e+01   4.3502907e+01   2.9153098e+01   2.6943336e+01   2.7908940e+01   2.7564737e+01   3.0466648e+01   2.9620440e+01   2.8540150e+01   2.9035066e+01   2.5679357e+01   2.3521729e+01   3.1305844e+01   3.2031730e+01   3.1491934e+01   2.9847061e+01   2.8925341e+01   2.7411893e+01   3.1309901e+01   2.9070089e+01   3.2063428e+01   3.0500000e+01   3.3218496e+01   2.0197716e+01   1.9321530e+01   1.8748288e+01   2.1115528e+01   2.3978714e+01   2.0760800e+01   2.0229420e+01   2.3909400e+01   2.1724985e+01   9.6787799e+00   7.6063352e+00   1.8837121e+01   9.0440037e+00   1.7892527e+01   2.3094247e+01   6.3523500e+00   7.5178344e+00   5.5000000e+00   8.5156098e+00   1.1011898e+01   6.0226805e+00   7.6063352e+00   8.8216585e+00   1.0500000e+01   0.0000000e+00   1.1465856e+01   1.1500000e+01   1.3119429e+01   1.7992856e+01   1.4256816e+01   1.5264823e+01   2.2191012e+01   2.3303509e+01   2.1338666e+01   2.1308652e+01   1.2869317e+01   2.3936083e+01   2.0655644e+01   2.3505434e+01   2.5409837e+01   2.3586793e+01
   1.2706556e+01   1.3403488e+01   7.7801099e+00   6.7649820e+00   1.3500000e+01   2.6331183e+01   9.0000000e+00   1.6694135e+01   2.0926698e+01   1.6946884e+01   1.7507351e+01   2.5901772e+01   2.4666092e+01   2.7127054e+01   2.6677280e+01   2.7959060e+01   2.6500000e+01   2.7890692e+01   2.8898944e+01   1.8672782e+01   1.8506943e+01   1.9559119e+01   2.7075365e+01   2.1151876e+01   2.3177081e+01   2.9710443e+01   2.2052262e+01   3.1500000e+01   2.3635471e+01   2.3500000e+01   3.0232137e+01   2.9487066e+01   3.0454132e+01   2.9927878e+01   3.2597508e+01   3.1407119e+01   3.3367157e+01   3.4341543e+01   3.3876639e+01   2.4317011e+01   1.9800259e+01   2.0612185e+01   1.9793781e+01   2.4897746e+01   2.2414607e+01   2.2431712e+01   2.1091260e+01   1.7270510e+01   2.0178669e+01   2.3570544e+01   2.4510414e+01   2.3308989e+01   2.7813001e+01   2.6000000e+01   2.3823808e+01   2.8678006e+01   2.4913111e+01   2.9153098e+01   2.7000000e+01   2.9915132e+01   1.5340822e+01   1.3306248e+01   1.1465856e+01   1.5902922e+01   1.9101075e+01   1.4293114e+01   1.2603718e+01   1.7827723e+01   1.5000000e+01   1.9644190e+01   1.8113915e+01   1.4589003e+01   1.8534689e+01   1.2426860e+01   1.2129703e+01   1.6120499e+01   6.3309519e+00   1.0104686e+01   1.6824828e+01   1.8255281e+01   1.4293114e+01   5.0000000e+00   3.5000000e+00   3.0000000e+00   1.1465856e+01   0.0000000e+00   5.1097722e+00   3.0495098e+00   7.2268120e+00   3.5000000e+00   4.4051248e+00   1.5508331e+01   1.2593387e+01   1.4009256e+01   1.3158989e+01   8.2620873e+00   1.5797059e+01   1.1270330e+01   1.4156500e+01   1.6476545e+01   1.3738202e+01
   1.6192355e+01   1.5805228e+01   1.2043396e+01   1.0698039e+01   1.5034442e+01   2.4583189e+01   1.2869317e+01   1.7052945e+01   2.2133308e+01   1.8113915e+01   1.9006756e+01   2.8077164e+01   2.6019600e+01   2.9157460e+01   2.8302878e+01   2.9898129e+01   2.7689152e+01   2.8969282e+01   3.0320295e+01   1.7617243e+01   1.8220045e+01   1.8748288e+01   2.7425824e+01   2.0102296e+01   2.3759407e+01   2.9620440e+01   2.1218349e+01   3.0835623e+01   2.2590722e+01   2.2955512e+01   2.8054491e+01   2.7666155e+01   2.8660256e+01   2.8504464e+01   3.0508332e+01   3.0004237e+01   3.1644823e+01   3.2640317e+01   3.2503906e+01   2.0298990e+01   1.6601242e+01   1.7507351e+01   1.6946884e+01   2.1115528e+01   1.9288294e+01   1.8809833e+01   1.8367568e+01   1.4817821e+01   1.5764338e+01   2.0748457e+01   2.1577239e+01   2.0760800e+01   2.3308989e+01   2.1595023e+01   1.9506578e+01   2.4253947e+01   2.0729928e+01   2.4774472e+01   2.2703603e+01   2.5609759e+01   1.1130146e+01   9.4022469e+00   8.1157731e+00   1.1813708e+01   1.5000000e+01   1.0624228e+01   9.5138782e+00   1.4101471e+01   1.1477249e+01   1.7942764e+01   1.6946884e+01   1.0208244e+01   1.6624515e+01   8.2781746e+00   1.3935029e+01   1.4615594e+01   4.5311289e+00   8.1157731e+00   1.4508926e+01   1.5349242e+01   1.2353270e+01   7.6063352e+00   6.5207973e+00   7.2082039e+00   1.1500000e+01   5.1097722e+00   0.0000000e+00   7.5178344e+00   1.0348858e+01   5.4244289e+00   7.7801099e+00   2.0057607e+01   1.3029964e+01   1.8506943e+01   1.7529386e+01   3.6622777e+00   2.0102296e+01   1.5307093e+01   1.8085505e+01   2.0512496e+01   1.2665525e+01
   1.0424717e+01   1.1680340e+01   5.2434165e+00   4.4051248e+00   1.2268602e+01   2.6600766e+01   6.6032778e+00   1.6000000e+01   1.9663768e+01   1.5797059e+01   1.6160460e+01   2.4084953e+01   2.3270595e+01   2.5369660e+01   2.5122145e+01   2.6239075e+01   2.5167793e+01   2.6600766e+01   2.7425824e+01   1.8700275e+01   1.8113915e+01   1.9427493e+01   2.6175864e+01   2.1115528e+01   2.2208293e+01   2.9017538e+01   2.1877558e+01   3.1102287e+01   2.3548861e+01   2.3138463e+01   3.0707615e+01   2.9761750e+01   3.0703477e+01   2.9970324e+01   3.3000000e+01   3.1423292e+01   3.3549206e+01   3.4503676e+01   3.3854160e+01   2.6019600e+01   2.1018285e+01   2.1760292e+01   2.0803941e+01   2.6427784e+01   2.3548861e+01   2.3877339e+01   2.2005813e+01   1.8113915e+01   2.2231314e+01   2.4505208e+01   2.5500000e+01   2.4084953e+01   2.9936372e+01   2.8018176e+01   2.5768558e+01   3.0707615e+01   2.6739284e+01   3.1134947e+01   2.8912145e+01   3.1824910e+01   1.7270510e+01   1.5077380e+01   1.3000000e+01   1.7740940e+01   2.0908332e+01   1.5902922e+01   1.3953624e+01   1.9401058e+01   1.6507811e+01   2.1713203e+01   2.0025624e+01   1.6655494e+01   2.0680436e+01   1.4365425e+01   1.0807764e+01   1.8177670e+01   8.7764727e+00   1.2426860e+01   1.9101075e+01   2.0655644e+01   1.6507811e+01   6.0901699e+00   4.8011626e+00   3.1925824e+00   1.3119429e+01   3.0495098e+00   7.5178344e+00   0.0000000e+00   5.4244289e+00   4.0355339e+00   3.0000000e+00   1.3039936e+01   1.2043396e+01   1.1500000e+01   1.0611874e+01   1.0611874e+01   1.3247549e+01   8.7764727e+00   1.1680340e+01   1.3962912e+01   1.3962912e+01
   6.3523500e+00   6.7649820e+00   4.4051248e+00   2.7360680e+00   7.5178344e+00   2.3325424e+01   3.6622777e+00   1.1680340e+01   1.4817821e+01   1.1047512e+01   1.1293517e+01   1.9221645e+01   1.8367568e+01   2.0481241e+01   2.0197716e+01   2.1338666e+01   2.0280040e+01   2.1724985e+01   2.2505681e+01   1.5264823e+01   1.4101471e+01   1.5731546e+01   2.1523796e+01   1.7507351e+01   1.7529386e+01   2.4520824e+01   1.8057050e+01   2.6886550e+01   1.9813208e+01   1.9053975e+01   2.7689152e+01   2.6442244e+01   2.7332816e+01   2.6311819e+01   2.9834280e+01   2.7712130e+01   3.0046573e+01   3.0963092e+01   3.0067719e+01   2.5579872e+01   1.9637659e+01   2.0204060e+01   1.9006756e+01   2.5559928e+01   2.1900935e+01   2.2888613e+01   1.9974342e+01   1.6120499e+01   2.2860680e+01   2.2431712e+01   2.3505434e+01   2.1724985e+01   3.0603986e+01   2.8392651e+01   2.5980385e+01   3.1065503e+01   2.6600766e+01   3.1342341e+01   2.8960499e+01   3.1812937e+01   1.7762677e+01   1.5307093e+01   1.2869317e+01   1.7964249e+01   2.0902206e+01   1.5682226e+01   1.3316006e+01   1.8884776e+01   1.6008062e+01   2.6369867e+01   2.4800206e+01   1.7566048e+01   2.5258837e+01   1.5077380e+01   6.0226805e+00   2.2843903e+01   1.2919742e+01   1.6778821e+01   2.3505434e+01   2.4800206e+01   2.1006097e+01   1.1011898e+01   9.6787799e+00   8.1157731e+00   1.7992856e+01   7.2268120e+00   1.0348858e+01   5.4244289e+00   0.0000000e+00   5.4244289e+00   3.3284271e+00   1.2353270e+01   8.1157731e+00   1.0562306e+01   9.0440037e+00   1.2869317e+01   1.1188779e+01   6.0901699e+00   8.5156098e+00   1.1011898e+01   1.1130146e+01
   1.1270330e+01   1.1106602e+01   7.5710678e+00   6.0000000e+00   1.0795630e+01   2.3440139e+01   8.0663730e+00   1.3738202e+01   1.8170597e+01   1.4156500e+01   1.4826549e+01   2.3548861e+01   2.1970911e+01   2.4707437e+01   2.4084953e+01   2.5500000e+01   2.3759407e+01   2.5122145e+01   2.6239075e+01   1.5706906e+01   1.5508331e+01   1.6570159e+01   2.4148467e+01   1.8177670e+01   2.0280040e+01   2.6734519e+01   1.9060711e+01   2.8500000e+01   2.0655644e+01   2.0500000e+01   2.7425824e+01   2.6600766e+01   2.7560118e+01   2.6976405e+01   2.9761750e+01   2.8450850e+01   3.0454132e+01   3.1423292e+01   3.0913813e+01   2.2551077e+01   1.7485288e+01   1.8234148e+01   1.7300298e+01   2.2910935e+01   2.0025624e+01   2.0349433e+01   1.8527756e+01   1.4650972e+01   1.9000000e+01   2.1024376e+01   2.2005813e+01   2.0655644e+01   2.6748809e+01   2.4733242e+01   2.2431712e+01   2.7425824e+01   2.3325424e+01   2.7813001e+01   2.5544960e+01   2.8450850e+01   1.3962912e+01   1.1680340e+01   9.5138782e+00   1.4365425e+01   1.7500000e+01   1.2426860e+01   1.0424717e+01   1.5902922e+01   1.3000000e+01   2.2005813e+01   2.0655644e+01   1.3480755e+01   2.0803941e+01   1.1094810e+01   9.5138782e+00   1.8527756e+01   8.3102497e+00   1.2215375e+01   1.8898369e+01   2.0025624e+01   1.6507811e+01   8.0000000e+00   6.5000000e+00   5.7201533e+00   1.4256816e+01   3.5000000e+00   5.4244289e+00   4.0355339e+00   5.4244289e+00   0.0000000e+00   3.0000000e+00   1.5902922e+01   9.6241438e+00   1.4229530e+01   1.3039936e+01   8.0663730e+00   1.5500000e+01   1.0549876e+01   1.3247549e+01   1.5706906e+01   1.0807764e+01
   9.0000000e+00   9.5138782e+00   5.1097722e+00   3.5000000e+00   9.8407708e+00   2.4269729e+01   5.5990195e+00   1.3500000e+01   1.7263055e+01   1.3354960e+01   1.3785330e+01   2.2005813e+01   2.0926698e+01   2.3243131e+01   2.2860680e+01   2.4084953e+01   2.2799103e+01   2.4217082e+01   2.5122145e+01   1.6311388e+01   1.5632746e+01   1.6992423e+01   2.3694827e+01   1.8700275e+01   1.9735384e+01   2.6519224e+01   1.9427493e+01   2.8611386e+01   2.1115528e+01   2.0655644e+01   2.8450850e+01   2.7425824e+01   2.8356777e+01   2.7560118e+01   3.0707615e+01   2.9004386e+01   3.1175723e+01   3.2122777e+01   3.1423292e+01   2.4686773e+01   1.9268324e+01   1.9948650e+01   1.8898369e+01   2.4913111e+01   2.1713203e+01   2.2300229e+01   2.0025624e+01   1.6120499e+01   2.1380613e+01   2.2522716e+01   2.3548861e+01   2.2005813e+01   2.9140007e+01   2.7070661e+01   2.4733242e+01   2.9761750e+01   2.5544960e+01   3.0118406e+01   2.7813001e+01   3.0707615e+01   1.6311388e+01   1.3962912e+01   1.1680340e+01   1.6655494e+01   1.9741881e+01   1.4589003e+01   1.2426860e+01   1.7992856e+01   1.5077380e+01   2.3548861e+01   2.2005813e+01   1.5902922e+01   2.2431712e+01   1.3480755e+01   8.4056942e+00   2.0025624e+01   1.0104686e+01   1.3953624e+01   2.0680436e+01   2.2005813e+01   1.8177670e+01   8.4056942e+00   7.0000000e+00   5.5990195e+00   1.5264823e+01   4.4051248e+00   7.7801099e+00   3.0000000e+00   3.3284271e+00   3.0000000e+00   0.0000000e+00   1.3480755e+01   9.5553851e+00   1.1780514e+01   1.0549876e+01   1.0549876e+01   1.3000000e+01   8.0663730e+00   1.0807764e+01   1.3247549e+01   1.1680340e+01
   9.5138782e+00   1.3813527e+01   8.8815273e+00   1.0624228e+01   1.6507811e+01   3.3854160e+01   9.2464278e+00   2.1200242e+01   2.1392582e+01   1.9107794e+01   1.8388544e+01   2.1500000e+01   2.3548861e+01   2.3000000e+01   2.4132605e+01   2.4000000e+01   2.5505000e+01   2.6976405e+01   2.6619916e+01   2.5965663e+01   2.4005319e+01   2.6044080e+01   2.8651377e+01   2.7835874e+01   2.4923349e+01   3.2162280e+01   2.8000000e+01   3.5389110e+01   2.9800171e+01   2.8379204e+01   3.8411080e+01   3.6811155e+01   3.7601213e+01   3.6140567e+01   4.0324616e+01   3.7391733e+01   4.0028471e+01   4.0854678e+01   3.9516022e+01   3.7412058e+01   3.1455613e+01   3.1984123e+01   3.0732433e+01   3.7412058e+01   3.3643627e+01   3.4738137e+01   3.1600643e+01   2.7822152e+01   3.4360006e+01   3.4003731e+01   3.5101301e+01   3.3149655e+01   4.2120308e+01   4.0028471e+01   3.7665172e+01   4.2716703e+01   3.8384693e+01   4.3047033e+01   4.0705721e+01   4.3581318e+01   2.9283676e+01   2.6905492e+01   2.4552027e+01   2.9594673e+01   3.2628648e+01   2.7425824e+01   2.5122145e+01   3.0707615e+01   2.7813001e+01   3.1358548e+01   2.9153098e+01   2.8876927e+01   3.0707615e+01   2.6461510e+01   1.5366069e+01   2.8018176e+01   2.0655644e+01   2.3662470e+01   2.9761750e+01   3.1820920e+01   2.7070661e+01   1.6024175e+01   1.5706906e+01   1.4083078e+01   2.2191012e+01   1.5508331e+01   2.0057607e+01   1.3039936e+01   1.2353270e+01   1.5902922e+01   1.3480755e+01   0.0000000e+00   1.8898369e+01   2.3027756e+00   4.0355339e+00   2.3138463e+01   4.0000000e+00   7.2268120e+00   7.0000000e+00   6.5000000e+00   2.2602036e+01
   1.0361541e+01   6.6846584e+00   1.1912712e+01   1.0348858e+01   4.0000000e+00   1.5764338e+01   1.0500000e+01   4.6231056e+00   9.7195445e+00   5.8150729e+00   7.0192024e+00   1.6453056e+01   1.3624405e+01   1.7300298e+01   1.6056349e+01   1.7914075e+01   1.5205441e+01   1.6453056e+01   1.7914075e+01   7.7111026e+00   6.5827625e+00   8.1157731e+00   1.5060220e+01   9.8941471e+00   1.1270330e+01   1.7617243e+01   1.0462429e+01   1.9559119e+01   1.2204700e+01   1.1601802e+01   2.0204060e+01   1.8857560e+01   1.9735384e+01   1.8700275e+01   2.2283021e+01   2.0108672e+01   2.2431712e+01   2.3347319e+01   2.2482948e+01   2.0723748e+01   1.3962912e+01   1.4256816e+01   1.2849089e+01   2.0146883e+01   1.5731546e+01   1.7477927e+01   1.3471122e+01   9.9868330e+00   1.9735384e+01   1.5764338e+01   1.6878339e+01   1.4800350e+01   2.7018861e+01   2.4500000e+01   2.2000000e+01   2.7018861e+01   2.2092823e+01   2.7075365e+01   2.4583189e+01   2.7230133e+01   1.5060220e+01   1.2675796e+01   1.0348858e+01   1.4817821e+01   1.7030275e+01   1.2268602e+01   9.8407708e+00   1.4500000e+01   1.2097414e+01   3.0470819e+01   2.9387714e+01   1.5541609e+01   2.9153098e+01   1.3247549e+01   4.3078866e+00   2.7112967e+01   1.6847783e+01   2.0624612e+01   2.7000000e+01   2.7601660e+01   2.4882371e+01   1.7068042e+01   1.5574813e+01   1.4500000e+01   2.3303509e+01   1.2593387e+01   1.3029964e+01   1.2043396e+01   8.1157731e+00   9.6241438e+00   9.5553851e+00   1.8898369e+01   0.0000000e+00   1.7120770e+01   1.5366069e+01   1.3953624e+01   1.6724981e+01   1.2172618e+01   1.3276932e+01   1.5483324e+01   4.6231056e+00
   7.8824115e+00   1.2161904e+01   7.1708320e+00   8.8815273e+00   1.4800350e+01   3.2126729e+01   7.4462220e+00   1.9506578e+01   1.9948650e+01   1.7500000e+01   1.6847783e+01   2.0556171e+01   2.2283021e+01   2.2052262e+01   2.3022211e+01   2.3049945e+01   2.4259209e+01   2.5743811e+01   2.5519992e+01   2.4211811e+01   2.2300229e+01   2.4317011e+01   2.7225456e+01   2.6112497e+01   2.3440139e+01   3.0703477e+01   2.6306976e+01   3.3854160e+01   2.8108875e+01   2.6739284e+01   3.6673194e+01   3.5101301e+01   3.5901271e+01   3.4477934e+01   3.8608398e+01   3.5745567e+01   3.8358288e+01   3.9194315e+01   3.7896524e+01   3.5631894e+01   2.9654759e+01   3.0181644e+01   2.8929738e+01   3.5617659e+01   3.1840868e+01   3.2942256e+01   2.9800171e+01   2.6019600e+01   3.2644206e+01   3.2205678e+01   3.3302439e+01   3.1358548e+01   4.0406140e+01   3.8292195e+01   3.5918921e+01   4.0978389e+01   3.6617863e+01   4.1298284e+01   3.8948017e+01   4.1818882e+01   2.7560118e+01   2.5167793e+01   2.2799103e+01   2.7854159e+01   3.0872685e+01   2.5664459e+01   2.3347319e+01   2.8929738e+01   2.6039186e+01   3.0516662e+01   2.8379204e+01   2.7183328e+01   2.9795904e+01   2.4753866e+01   1.3624405e+01   2.7117663e+01   1.9328170e+01   2.2482948e+01   2.8731188e+01   3.0703477e+01   2.6039186e+01   1.4896180e+01   1.4446326e+01   1.2757651e+01   2.1338666e+01   1.4009256e+01   1.8506943e+01   1.1500000e+01   1.0562306e+01   1.4229530e+01   1.1780514e+01   2.3027756e+00   1.7120770e+01   0.0000000e+00   2.3027756e+00   2.1553503e+01   3.4154759e+00   5.4497475e+00   5.5990195e+00   5.7201533e+00   2.0803941e+01
   6.0901699e+00   1.0361541e+01   6.0000000e+00   7.5710678e+00   1.3000000e+01   3.0332868e+01   5.8851648e+00   1.7704651e+01   1.8220045e+01   1.5706906e+01   1.5077380e+01   1.9168155e+01   2.0655644e+01   2.0655644e+01   2.1500000e+01   2.1648286e+01   2.2641590e+01   2.4132605e+01   2.4000000e+01   2.2431712e+01   2.0500000e+01   2.2522716e+01   2.5500000e+01   2.4317011e+01   2.1689620e+01   2.8960499e+01   2.4505208e+01   3.2079265e+01   2.6306976e+01   2.4938699e+01   3.4883862e+01   3.3302439e+01   3.4100595e+01   3.2675301e+01   3.6811155e+01   3.3943983e+01   3.6555513e+01   3.7391733e+01   3.6098455e+01   3.4115473e+01   2.8036340e+01   2.8540150e+01   2.7267518e+01   3.4041020e+01   3.0181644e+01   3.1358548e+01   2.8108875e+01   2.4353721e+01   3.1305844e+01   3.0500000e+01   3.1600643e+01   2.9629023e+01   3.9064880e+01   3.6900549e+01   3.4503676e+01   3.9580046e+01   3.5144624e+01   3.9873214e+01   3.7500000e+01   4.0355991e+01   2.6209920e+01   2.3786262e+01   2.1380613e+01   2.6461510e+01   2.9435273e+01   2.4217082e+01   2.1860009e+01   2.7425824e+01   2.4552027e+01   3.0454132e+01   2.8401613e+01   2.5901772e+01   2.9654759e+01   2.3445588e+01   1.1835784e+01   2.7000000e+01   1.8700275e+01   2.2040659e+01   2.8450850e+01   3.0307717e+01   2.5768558e+01   1.4589003e+01   1.3962912e+01   1.2204700e+01   2.1308652e+01   1.3158989e+01   1.7529386e+01   1.0611874e+01   9.0440037e+00   1.3039936e+01   1.0549876e+01   4.0355339e+00   1.5366069e+01   2.3027756e+00   0.0000000e+00   2.0500000e+01   3.1925824e+00   3.7015621e+00   4.0000000e+00   4.8011626e+00   1.9101075e+01
   1.8700275e+01   1.7740940e+01   1.5000000e+01   1.3538405e+01   1.6507811e+01   2.3521729e+01   1.5632746e+01   1.7704651e+01   2.3171568e+01   1.9241665e+01   2.0311613e+01   2.9629023e+01   2.7075365e+01   3.0603986e+01   2.9500000e+01   3.1277427e+01   2.8611386e+01   2.9800171e+01   3.1358548e+01   1.7263055e+01   1.8388544e+01   1.8527756e+01   2.7794688e+01   1.9663768e+01   2.4353721e+01   2.9654759e+01   2.0902206e+01   3.0454132e+01   2.2087033e+01   2.2799103e+01   2.6619916e+01   2.6500000e+01   2.7500000e+01   2.7615494e+01   2.9109439e+01   2.9109439e+01   3.0500000e+01   3.1500000e+01   3.1600643e+01   1.7529386e+01   1.4580128e+01   1.5541609e+01   1.5213939e+01   1.8527756e+01   1.7263055e+01   1.6382380e+01   1.6694135e+01   1.3500000e+01   1.2706556e+01   1.8939089e+01   1.9663768e+01   1.9168155e+01   2.0178669e+01   1.8527756e+01   1.6507811e+01   2.1170027e+01   1.7827723e+01   2.1719095e+01   1.9709373e+01   2.2602036e+01   8.3102497e+00   7.0000000e+00   6.5000000e+00   9.1023253e+00   1.2215375e+01   8.4056942e+00   8.0000000e+00   1.1680340e+01   9.3600226e+00   1.7740940e+01   1.7188319e+01   7.2268120e+00   1.6311388e+01   5.6478151e+00   1.5616216e+01   1.4721463e+01   6.0901699e+00   8.5000000e+00   1.3962912e+01   1.4229530e+01   1.2268602e+01   1.0424717e+01   9.5138782e+00   1.0348858e+01   1.2869317e+01   8.2620873e+00   3.6622777e+00   1.0611874e+01   1.2869317e+01   8.0663730e+00   1.0549876e+01   2.3138463e+01   1.3953624e+01   2.1553503e+01   2.0500000e+01   0.0000000e+00   2.3022211e+01   1.8113915e+01   2.0803941e+01   2.3270595e+01   1.2583046e+01
   6.9031242e+00   1.1106602e+01   8.5622577e+00   1.0000000e+01   1.3953624e+01   3.1261177e+01   8.0663730e+00   1.8534689e+01   1.8170597e+01   1.6200318e+01   1.5340822e+01   1.8000000e+01   2.0146883e+01   1.9500000e+01   2.0655644e+01   2.0500000e+01   2.2087033e+01   2.3548861e+01   2.3138463e+01   2.3548861e+01   2.1362646e+01   2.3483690e+01   2.5384734e+01   2.5248737e+01   2.1742646e+01   2.8929738e+01   2.5289111e+01   3.2264760e+01   2.7075365e+01   2.5500000e+01   3.5855339e+01   3.4134060e+01   3.4883862e+01   3.3302439e+01   3.7665172e+01   3.4503676e+01   3.7204904e+01   3.8000000e+01   3.6555513e+01   3.6084407e+01   2.9800171e+01   3.0240545e+01   2.8912145e+01   3.5887145e+01   3.1824910e+01   3.3195565e+01   2.9654759e+01   2.6000000e+01   3.3549206e+01   3.1984123e+01   3.3096012e+01   3.1016389e+01   4.1292156e+01   3.9064880e+01   3.6638622e+01   4.1731056e+01   3.7187873e+01   4.1984937e+01   3.9580046e+01   4.2407637e+01   2.8450850e+01   2.5995098e+01   2.3548861e+01   2.8646936e+01   3.1548349e+01   2.6331183e+01   2.3920077e+01   2.9435273e+01   2.6600766e+01   3.3096012e+01   3.1016389e+01   2.8221833e+01   3.2315877e+01   2.5743811e+01   1.3000000e+01   2.9654759e+01   2.1380613e+01   2.4733242e+01   3.1134947e+01   3.3000000e+01   2.8450850e+01   1.7270510e+01   1.6655494e+01   1.4896180e+01   2.3936083e+01   1.5797059e+01   2.0102296e+01   1.3247549e+01   1.1188779e+01   1.5500000e+01   1.3000000e+01   4.0000000e+00   1.6724981e+01   3.4154759e+00   3.1925824e+00   2.3022211e+01   0.0000000e+00   5.5990195e+00   4.0355339e+00   3.0000000e+00   2.0655644e+01
   3.5000000e+00   7.4641941e+00   4.1055513e+00   5.1097722e+00   9.9339811e+00   2.7206741e+01   3.0000000e+00   1.4650972e+01   1.5706906e+01   1.2849089e+01   1.2384864e+01   1.7740940e+01   1.8500000e+01   1.9181542e+01   1.9663768e+01   2.0146883e+01   2.0500000e+01   2.2000000e+01   2.2144861e+01   1.9268324e+01   1.7418924e+01   1.9401058e+01   2.2955512e+01   2.1200242e+01   1.9053975e+01   2.6331183e+01   2.1440392e+01   2.9292360e+01   2.3243131e+01   2.1970911e+01   3.1740999e+01   3.0202693e+01   3.1016389e+01   2.9654759e+01   3.3700151e+01   3.0950780e+01   3.3518934e+01   3.4371079e+01   3.3149655e+01   3.1049141e+01   2.4882371e+01   2.5369660e+01   2.4084953e+01   3.0917922e+01   2.7000000e+01   2.8230849e+01   2.4913111e+01   2.1170027e+01   2.8450850e+01   2.7300187e+01   2.8401613e+01   2.6427784e+01   3.6193137e+01   3.3970136e+01   3.1548349e+01   3.6638622e+01   3.2122777e+01   3.6900549e+01   3.4503676e+01   3.7340874e+01   2.3352790e+01   2.0896078e+01   1.8451323e+01   2.3548861e+01   2.6461510e+01   2.1242469e+01   1.8843936e+01   2.4379908e+01   2.1529741e+01   2.9629023e+01   2.7744265e+01   2.3138463e+01   2.8700177e+01   2.0655644e+01   8.7006097e+00   2.6112497e+01   1.7052945e+01   2.0655644e+01   2.7267518e+01   2.8912145e+01   2.4629857e+01   1.3624405e+01   1.2706556e+01   1.0904326e+01   2.0655644e+01   1.1270330e+01   1.5307093e+01   8.7764727e+00   6.0901699e+00   1.0549876e+01   8.0663730e+00   7.2268120e+00   1.2172618e+01   5.4497475e+00   3.7015621e+00   1.8113915e+01   5.5990195e+00   0.0000000e+00   3.4154759e+00   5.7201533e+00   1.5902922e+01
   3.4154759e+00   7.5710678e+00   7.0192024e+00   7.9330344e+00   1.0424717e+01   2.7725907e+01   5.7201533e+00   1.5000000e+01   1.4896180e+01   1.2706556e+01   1.1912712e+01   1.5706906e+01   1.7188319e+01   1.7188319e+01   1.8000000e+01   1.8177670e+01   1.9168155e+01   2.0655644e+01   2.0500000e+01   2.0025624e+01   1.7827723e+01   1.9948650e+01   2.2162179e+01   2.1713203e+01   1.8423448e+01   2.5664459e+01   2.1760292e+01   2.8898944e+01   2.3548861e+01   2.2005813e+01   3.2319805e+01   3.0603986e+01   3.1358548e+01   2.9800171e+01   3.4134060e+01   3.1016389e+01   3.3700151e+01   3.4503676e+01   3.3096012e+01   3.2922986e+01   2.6500000e+01   2.6900758e+01   2.5544960e+01   3.2628648e+01   2.8450850e+01   2.9936372e+01   2.6239075e+01   2.2641590e+01   3.0703477e+01   2.8540150e+01   2.9654759e+01   2.7541635e+01   3.8401187e+01   3.6098455e+01   3.3643627e+01   3.8742646e+01   3.4093154e+01   3.8951268e+01   3.6517357e+01   3.9310437e+01   2.5624689e+01   2.3138463e+01   2.0655644e+01   2.5743811e+01   2.8544607e+01   2.3352790e+01   2.0896078e+01   2.6331183e+01   2.3548861e+01   3.2515621e+01   3.0603986e+01   2.5519992e+01   3.1600643e+01   2.3022211e+01   9.5138782e+00   2.9004386e+01   1.9955076e+01   2.3570544e+01   3.0181644e+01   3.1824910e+01   2.7541635e+01   1.6507811e+01   1.5616216e+01   1.3813527e+01   2.3505434e+01   1.4156500e+01   1.8085505e+01   1.1680340e+01   8.5156098e+00   1.3247549e+01   1.0807764e+01   7.0000000e+00   1.3276932e+01   5.5990195e+00   4.0000000e+00   2.0803941e+01   4.0355339e+00   3.4154759e+00   0.0000000e+00   3.0000000e+00   1.7270510e+01
   5.7201533e+00   9.5138782e+00   9.2321246e+00   1.0323441e+01   1.2426860e+01   2.9525851e+01   8.1485293e+00   1.6824828e+01   1.5943445e+01   1.4293114e+01   1.3306248e+01   1.5500000e+01   1.7740940e+01   1.7000000e+01   1.8177670e+01   1.8000000e+01   1.9663768e+01   2.1115528e+01   2.0655644e+01   2.2005813e+01   1.9644190e+01   2.1819006e+01   2.3094247e+01   2.3548861e+01   1.9539433e+01   2.6662951e+01   2.3483690e+01   3.0084624e+01   2.5248737e+01   2.3548861e+01   3.4134060e+01   3.2319805e+01   3.3034597e+01   3.1358548e+01   3.5855339e+01   3.2515621e+01   3.5263487e+01   3.6031676e+01   3.4503676e+01   3.5320971e+01   2.8824018e+01   2.9192333e+01   2.7813001e+01   3.4974628e+01   3.0707615e+01   3.2284430e+01   2.8450850e+01   2.4923349e+01   3.3187918e+01   3.0707615e+01   3.1824910e+01   2.9654759e+01   4.0876354e+01   3.8559164e+01   3.6098455e+01   4.1197051e+01   3.6517357e+01   4.1393153e+01   3.8951268e+01   4.1731056e+01   2.8113403e+01   2.5624689e+01   2.3138463e+01   2.8221833e+01   3.1000000e+01   2.5817978e+01   2.3352790e+01   2.8757742e+01   2.5995098e+01   3.4503676e+01   3.2515621e+01   2.8018176e+01   3.3643627e+01   2.5519992e+01   1.1680340e+01   3.1016389e+01   2.2231314e+01   2.5768558e+01   3.2315877e+01   3.4041020e+01   2.9654759e+01   1.8527756e+01   1.7740940e+01   1.5943445e+01   2.5409837e+01   1.6476545e+01   2.0512496e+01   1.3962912e+01   1.1011898e+01   1.5706906e+01   1.3247549e+01   6.5000000e+00   1.5483324e+01   5.7201533e+00   4.8011626e+00   2.3270595e+01   3.0000000e+00   5.7201533e+00   3.0000000e+00   0.0000000e+00   1.9539433e+01
   1.4365425e+01   1.0807764e+01   1.5034442e+01   1.3306248e+01   8.0663730e+00   1.3149111e+01   1.3953624e+01   6.3309519e+00   1.2161904e+01   8.8815273e+00   1.0323441e+01   1.9539433e+01   1.5902922e+01   2.0178669e+01   1.8527756e+01   2.0655644e+01   1.7150826e+01   1.8177670e+01   2.0025624e+01   5.5000000e+00   6.3309519e+00   6.5827625e+00   1.5764338e+01   8.0000000e+00   1.2541595e+01   1.7588007e+01   9.0586214e+00   1.8672782e+01   1.0500000e+01   1.0807764e+01   1.7270510e+01   1.6311388e+01   1.7263055e+01   1.6694135e+01   1.9539433e+01   1.8177670e+01   2.0146883e+01   2.1115528e+01   2.0655644e+01   1.6624515e+01   9.8407708e+00   1.0156604e+01   8.7764727e+00   1.6024175e+01   1.1680340e+01   1.3354960e+01   9.5138782e+00   5.8851648e+00   1.6024175e+01   1.1901754e+01   1.3000000e+01   1.1106602e+01   2.3088714e+01   2.0524984e+01   1.8028548e+01   2.3000000e+01   1.8028548e+01   2.3022211e+01   2.0524984e+01   2.3138463e+01   1.1680340e+01   9.5138782e+00   7.5710678e+00   1.1270330e+01   1.3158989e+01   8.7764727e+00   6.6032778e+00   1.0549876e+01   8.4056942e+00   2.9761750e+01   2.9004386e+01   1.2426860e+01   2.8356777e+01   1.0424717e+01   8.4056942e+00   2.6600766e+01   1.6694135e+01   2.0146883e+01   2.6039186e+01   2.6239075e+01   2.4217082e+01   1.8177670e+01   1.6694135e+01   1.6024175e+01   2.3586793e+01   1.3738202e+01   1.2665525e+01   1.3962912e+01   1.1130146e+01   1.0807764e+01   1.1680340e+01   2.2602036e+01   4.6231056e+00   2.0803941e+01   1.9101075e+01   1.2583046e+01   2.0655644e+01   1.5902922e+01   1.7270510e+01   1.9539433e+01   0.0000000e+00
