   0.0000000e+00   5.5418292e-01   5.6400183e-01   5.1032217e-01   5.1330233e-01   4.2809330e-01   5.8442218e-01   4.9976246e-01   5.7057238e-01   5.3923641e-01   5.8505599e-01   4.0306459e-01   5.8595992e-01   5.5562140e-01   4.5818942e-01   4.7558504e-01   4.5244394e-01   4.2759224e-01   4.4993908e-01   5.6119712e-01   4.5775305e-01   5.4331673e-01   4.7019963e-01   5.3877963e-01   5.0565865e-01   5.9383553e-01   4.8492235e-01   4.9088155e-01   4.8867032e-01   5.5741841e-01   5.0461177e-01   4.5334830e-01   4.6659516e-01   5.5425512e-01   4.4571961e-01   5.6095118e-01   5.6877949e-01   5.2415897e-01   4.7023087e-01   5.0477623e-01   5.4374348e-01   5.5708889e-01   5.7439281e-01   5.2715177e-01   4.9153732e-01   5.9492942e-01   5.5082178e-01   5.8445312e-01   5.9040364e-01   4.5789609e-01   4.2642644e-01   5.3280384e-01   4.8052484e-01   5.7051948e-01   5.7556186e-01   4.5705948e-01   5.6059966e-01   5.7761863e-01   5.1982043e-01   5.9696193e-01   4.5327297e-01   5.1544405e-01   4.5718398e-01   5.3053380e-01   5.7886672e-01   4.8178724e-01   4.7920782e-01   4.8726811e-01   4.8151650e-01   4.3951052e-01   4.4797981e-01   5.8508972e-01   5.5580796e-01   5.5285304e-01   5.0965301e-01   4.8781487e-01   4.5033953e-01   5.9497314e-01   4.2508094e-01   5.4214353e-01   4.1525915e-01   4.2505956e-01   4.0676426e-01   4.8164395e-01   4.1077608e-01   4.5882098e-01   5.3399276e-01   4.8209594e-01   5.0210786e-01   5.3244877e-01   5.0029623e-01   4.9155725e-01   5.9790483e-01   5.6312777e-01   4.1331897e-01   5.9145059e-01   5.9639876e-01   4.9352054e-01   5.1228222e-01   4.3583827e-01   5.6654015e-01
   5.8501471e-01   0.0000000e+00   4.1060416e-01   4.3536666e-01   4.1586386e-01   5.0830114e-01   5.4720964e-01   4.3585933e-01   4.1418498e-01   5.3658394e-01   4.7688249e-01   4.7040540e-01   5.3524458e-01   5.0244908e-01   5.1556365e-01   5.9599315e-01   4.4490536e-01   4.9951133e-01   5.6656138e-01   5.6825525e-01   4.3621448e-01   5.3419186e-01   4.6434621e-01   5.5645573e-01   4.4375977e-01   4.7876903e-01   4.3708699e-01   4.5189528e-01   5.7573653e-01   5.5966279e-01   5.1001905e-01   4.2685894e-01   4.2989294e-01   5.7714763e-01   5.3584149e-01   5.6985915e-01   4.9624850e-01   5.3783857e-01   4.6992376e-01   5.0787530e-01   4.1676278e-01   5.9378421e-01   5.6714293e-01   4.9770944e-01   5.8798732e-01   4.7680009e-01   5.5113668e-01   5.9617135e-01   4.3626522e-01   5.1607305e-01   4.0016351e-01   5.2249862e-01   4.9207916e-01   5.5472847e-01   4.1303702e-01   5.0049705e-01   5.9463025e-01   4.6858482e-01   4.7647311e-01   5.7721220e-01   5.6363092e-01   5.0136559e-01   4.5307005e-01   5.5496813e-01   4.3163941e-01   5.6917297e-01   4.3115348e-01   4.5540244e-01   5.4122356e-01   5.6407817e-01   4.6159042e-01   5.8172083e-01   5.2696300e-01   4.8940097e-01   4.3271181e-01   4.3531024e-01   4.6892347e-01   5.0634856e-01   5.0930869e-01   4.3983591e-01   4.4426963e-01   4.9395405e-01   5.1799872e-01   5.0287093e-01   5.0626250e-01   5.1614799e-01   4.8740195e-01   5.2283538e-01   4.5518481e-01   4.9289778e-01   5.5351292e-01   4.8677566e-01   4.0457836e-01   5.2966688e-01   4.7292698e-01   5.3177853e-01   4.7745991e-01   5.6520928e-01   4.1978802e-01   5.0907324e-01   5.1114605e-01
   5.5661331e-01   5.3277559e-01   0.0000000e+00   5.5768839e-01   5.2551818e-01   5.0904794e-01   5.7188045e-01   4.5402051e-01   4.4245150e-01   5.9844846e-01   5.4566990e-01   4.7060733e-01   4.2476652e-01   4.1551102e-01   4.8391441e-01   5.9503619e-01   4.5143243e-01   5.0074728e-01   4.8985198e-01   4.8863645e-01   4.9696931e-01   5.8803728e-01   4.1120286e-01   5.3895324e-01   4.6573864e-01   5.6979245e-01   5.7383379e-01   5.6608105e-01   5.1697729e-01   5.5967057e-01   4.4649619e-01   4.2766644e-01   4.6720770e-01   4.9434254e-01   4.1115110e-01   5.6691275e-01   4.3285950e-01   4.6412661e-01   5.5040742e-01   4.1992514e-01   5.1783556e-01   5.3048584e-01   5.9511194e-01   5.7330261e-01   5.2635637e-01   4.9583638e-01   4.5231840e-01   5.4010240e-01   4.9316092e-01   4.1042363e-01   4.7104062e-01   5.8252665e-01   5.6415764e-01   4.6735921e-01   5.7305377e-01   4.1066112e-01   4.7930055e-01   5.9100653e-01   5.7593585e-01   5.4620858e-01   4.4127295e-01   4.1329439e-01   5.0888434e-01   5.5162670e-01   4.0489942e-01   5.0282131e-01   5.6718614e-01   4.9913475e-01   4.7898365e-01   4.0319142e-01   4.7934846e-01   5.3118560e-01   5.9449427e-01   4.5460543e-01   4.6339266e-01   5.2843695e-01   5.9048449e-01   4.3183013e-01   5.5630803e-01   5.2350738e-01   4.7500117e-01   5.7391608e-01   5.0432927e-01   4.3999578e-01   4.3097112e-01   5.4661395e-01   4.8124372e-01   5.2324458e-01   5.5353479e-01   4.9176909e-01   5.9484580e-01   5.7410269e-01   5.3107797e-01   5.9978517e-01   5.2235286e-01   5.6528685e-01   4.4775856e-01   4.2933495e-01   4.3095430e-01   5.2054476e-01   4.8147357e-01
   5.1211910e-01   4.6810594e-01   4.5867640e-01   0.0000000e+00   5.7332237e-01   5.1805034e-01   4.8008398e-01   5.3063787e-01   4.0939111e-01   4.1084116e-01   4.7408332e-01   5.4145745e-01   5.4772887e-01   4.9836002e-01   4.0005483e-01   4.1830671e-01   4.3012482e-01   4.5975778e-01   4.7903583e-01   5.9346979e-01   5.3410442e-01   4.4557282e-01   5.1776580e-01   5.4729485e-01   5.4668378e-01   4.4292542e-01   4.6230794e-01   5.8099470e-01   4.2896037e-01   5.4813405e-01   4.0252932e-01   5.8839941e-01   5.8647180e-01   5.2836772e-01   4.6480827e-01   5.5046402e-01   5.5499065e-01   4.3489167e-01   4.9428098e-01   4.9820097e-01   4.2049439e-01   4.4197202e-01   4.9220249e-01   4.5805667e-01   5.4692655e-01   5.2260195e-01   4.0754742e-01   5.1128927e-01   4.8254541e-01   4.3014663e-01   5.4114727e-01   5.3169238e-01   4.0947294e-01   4.2480976e-01   5.8174806e-01   4.9421832e-01   5.9060274e-01   5.2473735e-01   4.5347099e-01   5.2465015e-01   4.4104603e-01   5.4129457e-01   4.8840569e-01   4.9385940e-01   5.7462605e-01   5.5920871e-01   5.7393340e-01   5.8431614e-01   4.6660936e-01   5.1954732e-01   4.2333596e-01   4.5549750e-01   4.9572418e-01   4.1590467e-01   5.7271873e-01   4.2466267e-01   4.8595384e-01   5.9419766e-01   5.2760836e-01   5.5527215e-01   5.0867549e-01   4.0701709e-01   5.7314554e-01   5.3708219e-01   4.3614508e-01   4.6776961e-01   5.0644501e-01   5.9101681e-01   5.8432448e-01   5.1725103e-01   5.4788050e-01   4.5320426e-01   5.7067823e-01   5.7570996e-01   4.2571397e-01   5.3667107e-01   4.9723484e-01   4.6774002e-01   4.5921499e-01   5.2714636e-01   4.9745137e-01
   4.8655177e-01   5.6345413e-01   4.5728498e-01   5.0684296e-01   0.0000000e+00   5.9297200e-01   5.4679773e-01   4.6425352e-01   4.8725438e-01   5.1500495e-01   4.4319803e-01   4.8544565e-01   4.0506629e-01   5.0824948e-01   5.4785069e-01   5.0704885e-01   5.2009964e-01   5.9220838e-01   4.0264049e-01   4.6953872e-01   5.3515202e-01   4.5664296e-01   5.6753226e-01   4.3059415e-01   5.6487756e-01   5.7098484e-01   4.5612357e-01   5.3372763e-01   4.8506832e-01   4.0092981e-01   5.8806839e-01   5.9831183e-01   4.8300717e-01   4.4162333e-01   5.1577906e-01   4.7671050e-01   4.5376052e-01   4.8833570e-01   4.8293556e-01   5.4756591e-01   4.3762321e-01   5.0580386e-01   5.7691000e-01   4.1017775e-01   5.2504965e-01   4.3129229e-01   5.6778016e-01   5.8726935e-01   4.9018975e-01   5.7368304e-01   4.0119340e-01   5.3409295e-01   5.4513611e-01   5.9117392e-01   5.9914897e-01   5.8602194e-01   4.8874951e-01   4.2446308e-01   4.3451267e-01   4.9286046e-01   4.7462822e-01   4.6652426e-01   5.3937179e-01   5.7943058e-01   5.0568962e-01   4.0728966e-01   4.2401280e-01   4.1062429e-01   4.3907798e-01   5.2303185e-01   4.4447287e-01   5.6998705e-01   4.5025014e-01   5.7114066e-01   4.0561639e-01   5.5794502e-01   4.3220545e-01   4.9584260e-01   5.8370224e-01   4.8190191e-01   4.2020145e-01   4.5426022e-01   4.9156757e-01   5.6329928e-01   4.7403235e-01   4.8281889e-01   5.2310728e-01   4.6309972e-01   4.0788092e-01   5.5301421e-01   4.5350796e-01   4.5897956e-01   5.9487174e-01   5.3463752e-01   4.5201923e-01   4.2253998e-01   5.2940877e-01   4.8087014e-01   5.6295750e-01   4.9791251e-01   5.7597267e-01
   5.3072094e-01   5.7904319e-01   5.6566461e-01   4.8302793e-01   4.6564864e-01   0.0000000e+00   5.8060339e-01   4.9428142e-01   5.9529164e-01   4.2696059e-01   4.9853804e-01   4.9907476e-01   4.8087845e-01   5.7461122e-01   4.5338974e-01   5.6221074e-01   4.6253073e-01   5.2838355e-01   4.0525157e-01   4.7252141e-01   5.2583877e-01   4.7757560e-01   5.7649630e-01   4.4535212e-01   4.2512952e-01   4.6747849e-01   5.6680705e-01   5.8043833e-01   5.1690381e-01   4.3198245e-01   5.9878013e-01   5.4142436e-01   4.4838905e-01   4.2175209e-01   4.9921527e-01   5.5786898e-01   4.7724356e-01   5.4227462e-01   5.4328707e-01   4.0115034e-01   5.5861271e-01   5.5169480e-01   4.5786280e-01   4.7346716e-01   5.5900732e-01   5.5403180e-01   4.6110925e-01   5.8349450e-01   5.4674950e-01   5.5358856e-01   4.6330576e-01   4.4409300e-01   4.8740918e-01   5.0817853e-01   4.1274325e-01   4.4444277e-01   4.5740501e-01   4.0494522e-01   4.7672154e-01   4.4772699e-01   5.3605075e-01   4.7636310e-01   4.1264657e-01   4.6185712e-01   5.3394763e-01   5.1608314e-01   5.2298712e-01   4.4337421e-01   4.2882782e-01   4.6125393e-01   4.1694442e-01   4.4689544e-01   5.5406761e-01   4.2246921e-01   4.3806720e-01   5.3852772e-01   5.4205701e-01   5.1434684e-01   5.1728328e-01   4.2716024e-01   5.1748389e-01   5.3738159e-01   4.1871761e-01   5.7401023e-01   4.9127911e-01   4.7549135e-01   5.2002406e-01   4.0699194e-01   4.7136304e-01   5.3983049e-01   4.5035488e-01   4.4975409e-01   5.5769859e-01   5.3715247e-01   5.2724117e-01   4.7700432e-01   4.6431266e-01   4.9439446e-01   5.0646291e-01   5.1900800e-01   4.8141209e-01
   4.9351360e-01   4.1608655e-01   5.8923181e-01   4.7367211e-01   4.0147881e-01   4.3926698e-01   0.0000000e+00   5.4402389e-01   4.0248348e-01   4.4504188e-01   5.8941996e-01   5.6939165e-01   4.6275400e-01   4.5600397e-01   4.9798839e-01   5.8594065e-01   4.9276975e-01   4.8537509e-01   5.5536849e-01   5.9983568e-01   4.8010425e-01   5.2375069e-01   4.0129646e-01   4.5771697e-01   5.1888092e-01   4.1393620e-01   4.7417713e-01   5.6953883e-01   4.1674410e-01   5.2384953e-01   5.5559715e-01   5.8116769e-01   5.5403283e-01   5.9778165e-01   4.8678528e-01   5.7999283e-01   4.6954126e-01   5.4628674e-01   5.5546489e-01   5.6257323e-01   5.9928023e-01   4.5065837e-01   5.6901009e-01   4.5373758e-01   4.3398017e-01   4.7135825e-01   4.9080153e-01   4.2783366e-01   5.4242028e-01   4.3794038e-01   4.6085714e-01   5.1143415e-01   4.6639168e-01   5.0052326e-01   5.0325368e-01   4.4950640e-01   4.8935129e-01   5.4164366e-01   4.6042006e-01   5.5972854e-01   5.4587497e-01   4.0057596e-01   4.9177481e-01   4.9459800e-01   4.3625210e-01   4.3389663e-01   5.9911969e-01   4.4567596e-01   4.3664480e-01   4.7983904e-01   5.9811537e-01   5.8249190e-01   4.6575167e-01   4.3198127e-01   5.2801587e-01   5.5527847e-01   4.0354390e-01   5.6589398e-01   5.7680079e-01   5.1637744e-01   5.6204463e-01   4.6701110e-01   4.6074033e-01   5.2876209e-01   4.1666061e-01   4.5651127e-01   4.5789245e-01   5.6886596e-01   5.3055724e-01   5.2817648e-01   5.5668207e-01   4.8844970e-01   5.2076649e-01   4.7789983e-01   5.2133158e-01   4.9563208e-01   5.3986998e-01   5.6028947e-01   4.8785571e-01   5.0604576e-01   5.3189682e-01
   5.6998587e-01   4.1352443e-01   5.9818697e-01   4.0862917e-01   5.7935297e-01   4.6734881e-01   4.8930146e-01   0.0000000e+00   5.0408892e-01   4.5900365e-01   4.7286722e-01   4.3603737e-01   5.1279692e-01   4.2970092e-01   5.5653830e-01   4.5090886e-01   5.5041751e-01   4.8068737e-01   5.6398957e-01   5.2990982e-01   5.0474357e-01   4.8398863e-01   5.5178000e-01   4.6261862e-01   4.8358519e-01   4.1027207e-01   5.8745882e-01   4.4391066e-01   4.5720508e-01   4.0397923e-01   4.3908141e-01   5.7287308e-01   4.3248838e-01   5.1990636e-01   5.4439741e-01   4.7924405e-01   4.7825092e-01   5.7315478e-01   5.3817371e-01   4.3986573e-01   5.4636883e-01   5.8001636e-01   4.5485292e-01   4.5832324e-01   4.3520922e-01   5.6046843e-01   4.8981722e-01   4.1121703e-01   5.6706799e-01   5.3056874e-01   4.9732003e-01   4.0724775e-01   4.1436100e-01   5.3188127e-01   5.1450791e-01   5.9147933e-01   4.0025815e-01   4.3006871e-01   4.2762297e-01   5.4998305e-01   5.3691982e-01   4.4135120e-01   5.9283332e-01   4.2964690e-01   5.7360600e-01   5.2117674e-01   4.6658093e-01   5.5455475e-01   4.1742249e-01   5.7105144e-01   5.1721266e-01   4.7998366e-01   4.6736298e-01   5.5428926e-01   5.2071612e-01   4.5564907e-01   4.1201878e-01   5.0033133e-01   4.0707700e-01   5.1560504e-01   5.3389359e-01   5.7562603e-01   5.0516233e-01   4.3063757e-01   5.1799137e-01   5.0951140e-01   4.1440022e-01   4.5886814e-01   4.3182795e-01   4.6677448e-01   5.6797605e-01   4.6859465e-01   4.1060587e-01   4.9456420e-01   4.3347565e-01   5.1525528e-01   5.1204766e-01   5.8426068e-01   4.0400708e-01   5.4342057e-01   5.0612726e-01
   4.1480973e-01   4.9449220e-01   5.0296002e-01   5.9389487e-01   4.3518127e-01   4.0442450e-01   5.4782434e-01   4.2547623e-01   0.0000000e+00   5.6655358e-01   4.6279431e-01   5.6360492e-01   5.0105226e-01   5.8045453e-01   4.5729163e-01   4.7955782e-01   4.7072300e-01   4.9704119e-01   4.7744399e-01   4.9881546e-01   4.6864024e-01   4.3660735e-01   4.1278200e-01   4.3922156e-01   5.0714391e-01   5.5572203e-01   5.7223840e-01   4.3822029e-01   4.0919336e-01   5.4627852e-01   5.9555681e-01   4.1980658e-01   5.5254082e-01   5.4453121e-01   4.3415044e-01   4.0549562e-01   5.4721287e-01   4.5510665e-01   5.0034440e-01   5.2477506e-01   5.3098494e-01   4.8718300e-01   4.4552156e-01   4.1744766e-01   5.2241021e-01   5.4567592e-01   4.8664408e-01   5.6847818e-01   4.4235570e-01   5.0191897e-01   5.1636628e-01   4.3570647e-01   4.0980253e-01   5.2025586e-01   5.5523940e-01   5.3163170e-01   4.6191535e-01   5.5167358e-01   4.8133891e-01   5.1959804e-01   4.5661235e-01   5.7863624e-01   5.5724821e-01   4.5482967e-01   4.3167713e-01   4.6097689e-01   5.0738699e-01   5.7737212e-01   4.6488897e-01   4.7326042e-01   5.2649922e-01   4.4742268e-01   5.7813046e-01   4.6792340e-01   4.5478483e-01   4.7721159e-01   5.7310097e-01   5.6130460e-01   4.7569145e-01   4.7575669e-01   5.4499646e-01   4.1377261e-01   5.6708644e-01   5.3705205e-01   4.6375477e-01   4.4465984e-01   4.2470737e-01   4.8118730e-01   4.1804299e-01   5.7299865e-01   5.5346624e-01   5.0714235e-01   5.7408021e-01   4.9464710e-01   5.1066446e-01   4.2499488e-01   5.2764685e-01   4.6273656e-01   5.5041194e-01   4.3392955e-01   4.2675473e-01
   4.2618619e-01   5.5033889e-01   4.7298301e-01   4.6236217e-01   5.7948714e-01   4.4510904e-01   5.1284846e-01   5.3332422e-01   4.3207396e-01   0.0000000e+00   4.5880746e-01   5.6943463e-01   4.2948839e-01   4.9526964e-01   4.3013011e-01   4.9025363e-01   5.2588342e-01   4.5591362e-01   5.5209408e-01   4.7424011e-01   5.8021009e-01   4.8870436e-01   4.2875582e-01   4.3655511e-01   5.3300420e-01   5.3131958e-01   4.9856482e-01   5.1893976e-01   4.4787545e-01   5.5377017e-01   5.8070867e-01   4.0019547e-01   5.1162590e-01   5.4862825e-01   5.6145203e-01   5.2361659e-01   5.5760690e-01   5.9869531e-01   4.5922352e-01   4.7904990e-01   5.5702458e-01   4.0369134e-01   4.9099423e-01   5.5774260e-01   4.0199767e-01   5.4691430e-01   5.2919366e-01   4.6979966e-01   4.0357715e-01   5.5288888e-01   4.1231300e-01   4.6919148e-01   5.0986102e-01   4.4586799e-01   4.8535101e-01   4.7024234e-01   4.6022318e-01   4.6022492e-01   5.7518872e-01   5.3259908e-01   5.6888989e-01   4.8061486e-01   4.3767729e-01   5.5165521e-01   5.3130200e-01   5.2103232e-01   4.6854098e-01   5.5450627e-01   4.2449791e-01   4.2410526e-01   4.3982650e-01   4.3847836e-01   4.0568762e-01   5.2945541e-01   5.7009622e-01   4.0528631e-01   4.3964450e-01   4.3967101e-01   5.6577052e-01   4.6313717e-01   4.5264019e-01   4.8026459e-01   4.4680740e-01   5.9609241e-01   4.0952151e-01   5.3639687e-01   4.9446880e-01   4.0751151e-01   4.4718246e-01   4.6345482e-01   4.7333932e-01   4.8343363e-01   4.9393242e-01   4.1506423e-01   5.1036661e-01   4.7237875e-01   5.3063887e-01   5.8448014e-01   4.8267908e-01   4.0216797e-01   4.0208450e-01
   5.5518904e-01   4.0510047e-01   5.6069148e-01   4.6088638e-01   4.0056809e-01   4.8061165e-01   5.0457856e-01   4.2118163e-01   4.9750529e-01   5.0973064e-01   0.0000000e+00   5.1350999e-01   5.3685450e-01   5.7579945e-01   4.4636798e-01   5.4700435e-01   4.1785009e-01   4.1422456e-01   5.4580016e-01   5.8339584e-01   4.4254347e-01   5.9477660e-01   4.7785626e-01   5.9751986e-01   4.2053187e-01   4.0316822e-01   4.0047005e-01   5.9038744e-01   4.2852458e-01   5.7721796e-01   5.8578194e-01   4.7464261e-01   5.4830067e-01   4.4266561e-01   4.2061582e-01   4.1528924e-01   4.3709482e-01   5.7526899e-01   4.0939556e-01   5.2318000e-01   4.7099496e-01   5.0808460e-01   5.8569079e-01   4.7066871e-01   5.4794222e-01   5.9572483e-01   4.7516763e-01   4.5584018e-01   5.5935742e-01   5.7768045e-01   5.4198543e-01   4.5387591e-01   5.8591594e-01   4.3242634e-01   4.7799135e-01   5.8880312e-01   4.5759583e-01   4.8340908e-01   4.8755941e-01   5.6720629e-01   4.5021999e-01   4.1871039e-01   5.4682005e-01   4.0559681e-01   5.4076959e-01   5.8965053e-01   4.3045922e-01   5.9718150e-01   5.7307097e-01   5.0316453e-01   4.3417494e-01   4.5404494e-01   5.3869133e-01   5.9492387e-01   5.1143141e-01   4.9755561e-01   4.4493165e-01   5.9380276e-01   4.0075822e-01   4.4366326e-01   5.6568576e-01   4.2860705e-01   5.3325519e-01   5.1727311e-01   5.2714147e-01   4.1617146e-01   5.1176203e-01   5.2266445e-01   5.4400029e-01   5.6589576e-01   5.0315751e-01   5.3258267e-01   5.1556325e-01   4.8290840e-01   5.1197528e-01   5.7490701e-01   4.2664261e-01   5.9121694e-01   5.9866459e-01   4.4154760e-01   4.8167774e-01
   5.7992954e-01   4.6719135e-01   5.8573803e-01   4.2744992e-01   5.6876843e-01   4.0052891e-01   5.4831754e-01   4.9394341e-01   4.2777200e-01   4.4007819e-01   4.5614974e-01   0.0000000e+00   5.0441347e-01   4.3217960e-01   4.9022322e-01   4.4566354e-01   4.7145491e-01   4.5532535e-01   4.2459715e-01   5.3278000e-01   4.5490527e-01   4.4169818e-01   5.9196060e-01   5.9713459e-01   5.1412494e-01   4.3317268e-01   4.7635188e-01   5.0840549e-01   4.8040203e-01   4.2019168e-01   5.7886259e-01   4.3433689e-01   4.5446904e-01   5.9350978e-01   5.5364444e-01   5.0010386e-01   4.0108072e-01   5.0996434e-01   5.3483605e-01   5.9054848e-01   5.2651307e-01   4.1244249e-01   4.5381572e-01   4.2648243e-01   4.3492584e-01   4.7424652e-01   4.8186282e-01   5.3684741e-01   5.1560954e-01   5.9494978e-01   4.4778361e-01   4.6127439e-01   5.4794639e-01   4.9151607e-01   5.3565357e-01   5.2138931e-01   4.0795229e-01   5.0665903e-01   4.8692502e-01   5.4213127e-01   5.3550551e-01   5.9165410e-01   4.6982662e-01   5.6785002e-01   5.6492575e-01   4.1378988e-01   4.9554180e-01   5.7487870e-01   4.0366710e-01   4.2895997e-01   4.8985351e-01   5.8266777e-01   4.8061616e-01   5.5214012e-01   4.4001002e-01   4.8474947e-01   4.2284535e-01   5.4310737e-01   5.9325842e-01   5.7281689e-01   4.8859122e-01   5.5878812e-01   5.3475384e-01   5.9524227e-01   4.4749696e-01   4.6435986e-01   4.4409752e-01   5.5977124e-01   4.5190867e-01   4.7179462e-01   4.8941497e-01   4.4124372e-01   4.2569552e-01   4.4935047e-01   5.3703053e-01   5.5704929e-01   5.4508107e-01   5.8358980e-01   5.0657503e-01   4.5313784e-01   5.8252587e-01
   5.4854038e-01   5.6020975e-01   5.5839611e-01   5.3729412e-01   5.5897432e-01   5.8836821e-01   5.8968900e-01   5.3174926e-01   5.0878582e-01   5.8334549e-01   4.8974690e-01   5.4141404e-01   0.0000000e+00   4.0478650e-01   5.3207067e-01   5.6068671e-01   4.7998052e-01   4.9283394e-01   5.1320635e-01   4.3207509e-01   4.1049131e-01   5.3094756e-01   5.2527878e-01   4.1075790e-01   5.3481231e-01   5.6507417e-01   4.8104914e-01   4.9586173e-01   5.9989173e-01   4.9871264e-01   5.4374133e-01   5.4982610e-01   5.6488299e-01   4.4312048e-01   4.6496732e-01   4.1777440e-01   4.2890177e-01   4.1346622e-01   4.9580875e-01   5.0243491e-01   5.1373390e-01   5.1509072e-01   5.3774823e-01   5.6993190e-01   4.1118401e-01   5.0841319e-01   5.5227802e-01   5.1874491e-01   5.2419121e-01   4.2438223e-01   4.3582605e-01   5.0447149e-01   5.7619931e-01   5.3887977e-01   4.3636840e-01   5.0801014e-01   4.8829439e-01   5.7427154e-01   5.1159416e-01   4.1992635e-01   5.9423122e-01   5.5080490e-01   5.2370936e-01   5.5326766e-01   4.0438436e-01   5.0009385e-01   4.8209841e-01   4.5565833e-01   4.5207637e-01   5.2222743e-01   4.8056467e-01   5.3987305e-01   4.9762967e-01   4.5788163e-01   4.9214221e-01   5.1215610e-01   5.6297053e-01   5.8272248e-01   5.6878611e-01   4.1833926e-01   4.3550468e-01   4.8743009e-01   4.5457480e-01   4.3496216e-01   4.3628633e-01   5.3732584e-01   4.7749443e-01   4.7794203e-01   5.8851827e-01   4.1933555e-01   4.0979977e-01   4.1210972e-01   4.7128527e-01   4.0099919e-01   4.5616660e-01   4.1305748e-01   4.1401114e-01   5.6472009e-01   4.6725629e-01   4.4223633e-01   4.0347726e-01
   4.0964825e-01   5.7293504e-01   5.5557071e-01   5.7480991e-01   4.1733425e-01   5.3827520e-01   5.6832826e-01   5.1664912e-01   5.2164034e-01   5.6459981e-01   5.4581482e-01   4.7983276e-01   4.6273270e-01   0.0000000e+00   4.0967339e-01   5.3764118e-01   4.3394566e-01   4.0871059e-01   4.8788179e-01   5.4004782e-01   4.6783784e-01   4.9097824e-01   4.1441191e-01   5.2895639e-01   5.2295750e-01   4.8796346e-01   5.9288547e-01   4.1774867e-01   4.7264925e-01   4.0202170e-01   4.0589441e-01   5.3593625e-01   5.4487669e-01   4.5985528e-01   5.0134422e-01   5.3180631e-01   5.2115199e-01   4.8316854e-01   4.6185060e-01   5.3733997e-01   4.8467943e-01   5.9461175e-01   5.2109285e-01   5.4948534e-01   4.8842112e-01   5.2960701e-01   5.5405706e-01   4.0744333e-01   4.7098831e-01   5.9974042e-01   5.4067623e-01   5.7740715e-01   5.2042461e-01   4.1948484e-01   4.1641962e-01   4.6095893e-01   5.6377843e-01   4.7293710e-01   5.5610049e-01   5.5725731e-01   4.9529407e-01   5.6828834e-01   4.9897036e-01   5.2503413e-01   5.2005168e-01   4.7339262e-01   4.5924857e-01   4.5605306e-01   5.8829352e-01   4.0919325e-01   4.2165399e-01   5.7968745e-01   4.6974254e-01   5.0455762e-01   4.4808810e-01   4.8163080e-01   5.9604022e-01   5.7268253e-01   4.8900310e-01   5.2974165e-01   5.2702808e-01   4.6651736e-01   5.3509272e-01   5.4508671e-01   4.9147697e-01   4.4771629e-01   5.7757239e-01   4.0220347e-01   5.9162677e-01   5.4696308e-01   4.0014265e-01   5.9040352e-01   4.1530943e-01   4.1707128e-01   5.6184562e-01   5.9762761e-01   4.7023052e-01   5.0593931e-01   4.8742144e-01   5.0550525e-01   4.8937473e-01
   4.7088152e-01   5.5484561e-01   5.5968169e-01   5.3980316e-01   5.3561621e-01   5.2297359e-01   5.2973678e-01   4.6278782e-01   5.1680235e-01   5.9956009e-01   5.1682035e-01   4.7997254e-01   5.7314811e-01   4.8562260e-01   0.0000000e+00   5.5561261e-01   4.2642937e-01   4.9312531e-01   5.9073171e-01   4.1439901e-01   5.1502794e-01   5.1793942e-01   4.8404220e-01   5.7201569e-01   5.0646656e-01   5.9419115e-01   4.3596097e-01   5.4388125e-01   4.3094175e-01   4.4100459e-01   5.7074366e-01   4.6100664e-01   4.5133929e-01   4.4953002e-01   5.3795064e-01   5.8030460e-01   4.5528868e-01   4.6904659e-01   4.8648975e-01   4.0425067e-01   4.1371832e-01   4.2721436e-01   5.2085664e-01   4.8342597e-01   4.4552335e-01   4.3289578e-01   4.3395119e-01   4.6326230e-01   5.9974997e-01   5.3984811e-01   4.7573045e-01   4.9449547e-01   4.9906123e-01   4.5655807e-01   4.7176474e-01   5.2968306e-01   5.6264522e-01   4.6518129e-01   4.1213579e-01   4.7974940e-01   4.8608019e-01   5.6717699e-01   5.0231508e-01   5.0295705e-01   4.8930390e-01   4.6703457e-01   4.1499210e-01   5.7103812e-01   5.0212848e-01   4.7899853e-01   4.3420578e-01   4.7603417e-01   5.0142698e-01   4.7922729e-01   5.4266772e-01   5.1691136e-01   4.4365773e-01   4.1351079e-01   4.5637329e-01   4.3713976e-01   4.4868524e-01   4.5161468e-01   5.2382020e-01   5.3018957e-01   4.0483894e-01   5.8208922e-01   5.3923806e-01   5.2211656e-01   4.3722577e-01   4.4341832e-01   5.8542275e-01   4.2892807e-01   4.2150668e-01   4.5425578e-01   4.1920247e-01   4.5742439e-01   4.5459312e-01   4.4813642e-01   5.5762553e-01   4.2718639e-01   4.3022097e-01
   4.9220590e-01   4.5294361e-01   5.6098928e-01   4.3742823e-01   5.5896026e-01   4.3453748e-01   5.0910401e-01   4.4290272e-01   4.1498886e-01   4.6489447e-01   5.5238511e-01   5.0563833e-01   5.0432151e-01   5.9002749e-01   5.9827618e-01   0.0000000e+00   5.8972997e-01   5.3377881e-01   5.5571174e-01   5.2369766e-01   4.4155200e-01   5.8895475e-01   4.3514034e-01   5.8577704e-01   4.7729848e-01   4.5683540e-01   5.7697877e-01   5.2062787e-01   5.6076367e-01   4.6562118e-01   5.3963290e-01   5.6908626e-01   4.4202659e-01   5.2541957e-01   5.9189393e-01   5.0682138e-01   4.1997127e-01   5.3799655e-01   5.9781714e-01   5.6576307e-01   5.2692378e-01   5.2986189e-01   4.9453381e-01   4.3735625e-01   4.7677422e-01   5.4398824e-01   5.1010269e-01   5.1295728e-01   4.2392225e-01   4.5349638e-01   4.2011543e-01   4.2325064e-01   4.1422089e-01   4.3277716e-01   4.1393117e-01   5.2448053e-01   5.4306188e-01   5.0845373e-01   5.8913136e-01   5.5687551e-01   5.3211205e-01   5.5280247e-01   5.2817641e-01   4.6343336e-01   4.8799140e-01   4.4189530e-01   5.9334044e-01   5.0362470e-01   5.4912605e-01   4.8275467e-01   5.2222346e-01   4.2421589e-01   5.8079064e-01   4.9202256e-01   5.4451126e-01   4.6862447e-01   5.7961674e-01   4.6738225e-01   4.5208741e-01   5.4906357e-01   4.9469187e-01   4.3404480e-01   4.4287659e-01   4.8247999e-01   4.0774028e-01   4.3049515e-01   4.8289212e-01   5.3943166e-01   4.3349612e-01   5.0949122e-01   4.5359038e-01   5.2540580e-01   5.8857168e-01   4.5302618e-01   4.2256080e-01   4.3850430e-01   4.5271622e-01   4.1185655e-01   4.2624777e-01   4.3035887e-01   4.8500547e-01
   4.0845318e-01   4.6870307e-01   4.4235296e-01   5.8697293e-01   4.7928450e-01   5.1313169e-01   5.5098385e-01   4.7231370e-01   5.0233080e-01   5.0425840e-01   5.6257035e-01   4.4038881e-01   4.4883894e-01   4.3370826e-01   5.0731426e-01   4.3542355e-01   0.0000000e+00   4.8361028e-01   5.1880049e-01   5.6942061e-01   4.7693612e-01   5.5452888e-01   5.7106205e-01   4.6724955e-01   5.3666146e-01   4.2287827e-01   4.9235878e-01   5.8745970e-01   5.9360535e-01   5.3394913e-01   4.7910038e-01   4.7415696e-01   4.4563732e-01   4.4701792e-01   5.2337867e-01   4.8730697e-01   5.0736000e-01   5.2376224e-01   4.9076828e-01   4.7620529e-01   5.6378965e-01   5.9003709e-01   5.2556880e-01   4.9815528e-01   4.2599887e-01   5.7565785e-01   5.2269123e-01   4.8198435e-01   5.8611362e-01   4.2056106e-01   5.1130243e-01   5.5161657e-01   4.7015311e-01   4.7827974e-01   4.1363542e-01   4.4745833e-01   4.6575599e-01   5.2304366e-01   5.9945455e-01   5.0333037e-01   4.0059074e-01   4.1862699e-01   5.0659585e-01   4.3797723e-01   5.2619085e-01   5.9103105e-01   4.3683260e-01   4.4788919e-01   4.1064668e-01   5.1889059e-01   4.9903322e-01   4.9612980e-01   5.2950101e-01   5.6742631e-01   5.0585132e-01   4.8327094e-01   4.3453794e-01   5.4617906e-01   4.8237665e-01   5.0079608e-01   5.2138036e-01   4.6268299e-01   4.0012089e-01   4.5620575e-01   4.0842301e-01   4.7809165e-01   4.4766709e-01   5.5485668e-01   4.1804411e-01   4.4460571e-01   4.7373737e-01   5.6061337e-01   4.4634993e-01   4.0158809e-01   4.4839924e-01   4.6500905e-01   4.6777914e-01   5.7407143e-01   5.9865343e-01   5.0787752e-01   4.5128809e-01
   5.1368369e-01   4.4096513e-01   4.4225759e-01   5.5888250e-01   4.2406876e-01   5.3771124e-01   4.0291660e-01   4.2747717e-01   5.1570748e-01   4.0579547e-01   4.4090843e-01   5.1646209e-01   5.4701173e-01   4.6831187e-01   5.8015406e-01   5.1906193e-01   4.8075873e-01   0.0000000e+00   4.8667079e-01   5.8911767e-01   5.9810562e-01   5.0218428e-01   4.5178081e-01   5.0877982e-01   4.8807630e-01   5.3587031e-01   5.4609885e-01   4.5144326e-01   4.3260423e-01   4.6732604e-01   4.7251369e-01   5.6815205e-01   4.0026701e-01   5.0553066e-01   5.3117818e-01   4.7758104e-01   4.9020695e-01   4.3232171e-01   4.8321937e-01   4.1275823e-01   5.6077754e-01   4.8798626e-01   4.2702947e-01   5.0530031e-01   4.8090127e-01   4.6531725e-01   5.0016490e-01   4.5039612e-01   5.4648137e-01   5.7882568e-01   4.3328808e-01   5.7433712e-01   5.7162508e-01   5.4808889e-01   5.1098889e-01   5.8900999e-01   4.4045784e-01   5.0920889e-01   4.5538330e-01   5.2568847e-01   4.5779408e-01   4.9057868e-01   5.2906365e-01   4.3979633e-01   4.2473256e-01   4.2107003e-01   5.1490987e-01   4.8845497e-01   4.7453118e-01   5.3239173e-01   4.5406424e-01   4.2684995e-01   4.6864696e-01   5.3162488e-01   5.9704351e-01   4.6046648e-01   5.6400918e-01   4.2132538e-01   4.6197423e-01   4.0483775e-01   4.3779218e-01   4.7820239e-01   5.0306785e-01   5.4422945e-01   5.9904441e-01   4.9750568e-01   5.9007952e-01   4.9852592e-01   5.3750188e-01   5.6353196e-01   5.2203391e-01   4.1645678e-01   5.3935088e-01   5.5385592e-01   5.0165862e-01   4.6506306e-01   5.2776132e-01   5.1605985e-01   5.0112289e-01   5.2942187e-01   5.0440067e-01
   4.3607206e-01   5.8853897e-01   5.8330420e-01   4.6779040e-01   4.2104199e-01   5.3847119e-01   5.8996400e-01   4.5910539e-01   5.4781976e-01   5.2989493e-01   5.2045128e-01   5.3644671e-01   4.3859441e-01   4.6517711e-01   4.5947356e-01   4.1275976e-01   4.9899691e-01   4.0015989e-01   0.0000000e+00   4.8346900e-01   5.0401062e-01   4.2578558e-01   4.2098138e-01   5.4878634e-01   4.7061233e-01   5.4581808e-01   4.7991178e-01   5.0334636e-01   5.8843054e-01   4.0211426e-01   4.4212440e-01   5.6254385e-01   5.7481679e-01   5.5796010e-01   5.8232526e-01   4.5861043e-01   4.9379738e-01   5.9377240e-01   5.2053218e-01   4.3882713e-01   5.4318864e-01   4.1184039e-01   4.5539338e-01   4.6153827e-01   5.9276127e-01   5.0353017e-01   4.2101862e-01   4.9698284e-01   5.9249605e-01   4.6667140e-01   5.8328501e-01   4.3755252e-01   4.7256189e-01   5.2598701e-01   5.2515486e-01   5.1700830e-01   5.5302624e-01   4.8826291e-01   5.3672017e-01   4.7434703e-01   4.4374966e-01   4.8181200e-01   5.6752974e-01   5.1720689e-01   4.2417356e-01   5.3290142e-01   4.0301535e-01   4.1184151e-01   5.4474366e-01   4.5383659e-01   4.6040430e-01   4.7747925e-01   5.8475941e-01   4.8017484e-01   4.7145976e-01   5.8339728e-01   4.5164490e-01   5.8637384e-01   5.6641550e-01   4.1972457e-01   5.8165071e-01   4.5860990e-01   5.4785968e-01   4.2310807e-01   4.2957950e-01   4.2026423e-01   4.9183856e-01   4.2560574e-01   5.9354686e-01   5.2321045e-01   5.9509033e-01   4.3830353e-01   5.9308133e-01   5.1706698e-01   5.6308223e-01   4.2305911e-01   4.2965106e-01   4.7055865e-01   5.1143793e-01   4.8784786e-01   4.2317585e-01
   5.8682513e-01   5.0206598e-01   5.0579810e-01   4.0138116e-01   5.9622019e-01   4.3189541e-01   4.8045923e-01   4.5446523e-01   5.5814386e-01   4.0950890e-01   5.1393047e-01   5.3564713e-01   5.9596527e-01   5.2650807e-01   4.1511580e-01   4.7051384e-01   5.9509069e-01   4.7066795e-01   5.5254010e-01   0.0000000e+00   4.0102759e-01   5.6759995e-01   4.2289873e-01   5.0024307e-01   4.5722426e-01   4.9533117e-01   4.5997765e-01   5.3060592e-01   4.3546892e-01   4.8792046e-01   5.8129891e-01   5.5357529e-01   5.7828020e-01   4.5996340e-01   4.0103605e-01   4.4708508e-01   5.7427555e-01   5.2180315e-01   4.1568188e-01   4.7784624e-01   5.5160287e-01   5.9532415e-01   5.3716325e-01   5.9788736e-01   4.3492120e-01   5.9443770e-01   4.4348712e-01   5.1474562e-01   4.7693935e-01   5.8591034e-01   5.2059955e-01   5.7987507e-01   4.0365814e-01   5.3590669e-01   4.8840441e-01   5.3147453e-01   4.9485807e-01   5.2202605e-01   5.1189888e-01   4.0891715e-01   5.3372681e-01   5.0861874e-01   5.9875934e-01   4.2290030e-01   5.3402977e-01   4.8264854e-01   5.7328881e-01   4.7650310e-01   5.3075411e-01   5.6334337e-01   4.0108218e-01   4.8522207e-01   5.7775925e-01   4.7401166e-01   5.2287074e-01   5.8915596e-01   5.4530070e-01   4.0998522e-01   4.3376476e-01   5.5991207e-01   4.6310108e-01   5.6718406e-01   5.6338414e-01   5.9517885e-01   4.2128894e-01   5.0091890e-01   5.1434843e-01   4.3595497e-01   5.3685374e-01   5.0883815e-01   5.1553862e-01   5.7215748e-01   4.8649696e-01   4.8361607e-01   5.4530400e-01   5.1455138e-01   5.4461625e-01   4.0079976e-01   5.4878187e-01   5.7230488e-01   5.5945503e-01
   5.1858502e-01   5.2607989e-01   4.4116892e-01   5.8098141e-01   5.2207567e-01   5.8214950e-01   5.9686560e-01   5.8392360e-01   5.3781544e-01   4.2100185e-01   4.3021062e-01   4.8280709e-01   5.0032981e-01   5.8869290e-01   5.4623634e-01   5.9874265e-01   5.5906832e-01   4.2733244e-01   4.4963996e-01   5.6478456e-01   0.0000000e+00   5.6030157e-01   4.4157151e-01   4.0611637e-01   4.0956765e-01   4.5420667e-01   5.2368355e-01   4.0041889e-01   4.0618379e-01   5.9516313e-01   4.4824412e-01   4.1676722e-01   4.3632333e-01   4.9130773e-01   5.2010337e-01   4.6500717e-01   5.7612720e-01   4.8481183e-01   5.9281684e-01   5.2076901e-01   5.4009813e-01   5.4655589e-01   4.6348874e-01   5.7639309e-01   4.2981009e-01   5.6206590e-01   4.8165411e-01   4.5413737e-01   4.4642399e-01   4.0227635e-01   5.0407400e-01   5.5833594e-01   5.6909399e-01   4.3686725e-01   5.2772437e-01   4.6669092e-01   4.3527743e-01   5.3926138e-01   4.6697084e-01   5.5071401e-01   4.4166860e-01   4.7573905e-01   4.0163186e-01   4.9159326e-01   5.2988932e-01   4.6664175e-01   5.1101485e-01   5.7553244e-01   4.3356225e-01   4.8323626e-01   4.0020474e-01   5.9955337e-01   4.0234902e-01   5.0647240e-01   4.0632709e-01   5.7542505e-01   4.2672836e-01   4.6811037e-01   4.0906179e-01   4.6841766e-01   5.8909424e-01   5.6358185e-01   5.9053205e-01   4.7874984e-01   5.8569957e-01   5.0216910e-01   5.2645942e-01   4.4376503e-01   5.9403946e-01   4.9284851e-01   5.0894514e-01   5.4791756e-01   5.8054700e-01   5.3440828e-01   5.2219327e-01   5.8559052e-01   4.9523658e-01   5.8215545e-01   5.7435454e-01   4.8979201e-01   4.0970365e-01
   4.5582562e-01   5.2027755e-01   5.4902236e-01   4.1521136e-01   4.5505256e-01   5.0130289e-01   4.9998627e-01   4.9068773e-01   5.7069262e-01   4.0960742e-01   5.5114789e-01   4.8257023e-01   5.9242688e-01   4.3591909e-01   5.1490832e-01   5.5700144e-01   4.9207648e-01   5.7355543e-01   5.8302486e-01   4.3103582e-01   5.8308699e-01   0.0000000e+00   4.2296684e-01   4.7446853e-01   5.6976644e-01   5.1307313e-01   4.8416965e-01   4.7067579e-01   4.2279864e-01   4.9462384e-01   4.5710094e-01   4.4016170e-01   4.8280378e-01   5.9080615e-01   5.9752489e-01   5.8387785e-01   5.5524283e-01   5.2157500e-01   4.0847177e-01   5.3044207e-01   5.2747518e-01   5.1250390e-01   4.8514846e-01   4.7468779e-01   5.5795178e-01   5.7302606e-01   4.3418459e-01   5.2357191e-01   5.2420711e-01   5.6990351e-01   5.4476052e-01   4.8981561e-01   5.2714346e-01   4.0373011e-01   5.5643243e-01   5.0309427e-01   5.4874346e-01   5.3126639e-01   5.3019098e-01   5.4525105e-01   4.4774659e-01   4.1940298e-01   4.3195412e-01   5.3690025e-01   5.1014655e-01   4.6792430e-01   5.3423934e-01   5.9666155e-01   4.1712336e-01   4.0068720e-01   5.0379371e-01   4.2040345e-01   5.7312776e-01   5.5774859e-01   5.4725943e-01   4.6297527e-01   4.8525369e-01   4.4030313e-01   5.9815076e-01   4.6308997e-01   5.8056334e-01   5.5668518e-01   5.5383264e-01   4.9598355e-01   4.3675357e-01   5.0600492e-01   4.5728291e-01   5.4085071e-01   4.6534564e-01   4.6152334e-01   4.9384305e-01   4.4451084e-01   5.6635193e-01   5.1573543e-01   4.0378322e-01   5.9384644e-01   4.1689800e-01   5.8180681e-01   5.9675227e-01   4.1337649e-01   4.8055865e-01
   5.4729381e-01   5.8487998e-01   5.3666672e-01   5.8814612e-01   4.8453217e-01   4.2495482e-01   5.0792340e-01   4.7773154e-01   5.1178545e-01   4.9990018e-01   4.4168028e-01   5.3402039e-01   4.2930879e-01   4.6145958e-01   5.1833144e-01   4.6381992e-01   4.4888922e-01   5.9269037e-01   4.6568905e-01   5.2420779e-01   4.4237302e-01   4.0889642e-01   0.0000000e+00   4.8386681e-01   5.6310128e-01   4.4218067e-01   4.8681943e-01   4.2728600e-01   5.2465591e-01   4.8544869e-01   5.1460589e-01   5.1596631e-01   5.2136452e-01   4.8436331e-01   4.2556177e-01   4.1328574e-01   5.2923706e-01   4.3557158e-01   5.6016655e-01   4.3200799e-01   4.0820395e-01   5.5373978e-01   5.1423532e-01   4.4972549e-01   5.2610282e-01   5.1734517e-01   4.4228540e-01   4.5254318e-01   4.4461043e-01   5.5303203e-01   4.2538585e-01   4.5864457e-01   4.8684080e-01   5.2347328e-01   4.2410483e-01   5.5311522e-01   5.9411870e-01   4.6371097e-01   4.4097006e-01   5.8481099e-01   5.9597663e-01   5.6422061e-01   4.9732559e-01   5.4355756e-01   5.1482788e-01   4.0980294e-01   5.9409837e-01   5.1425057e-01   5.6034996e-01   4.1709511e-01   4.4843432e-01   4.0944053e-01   4.7276214e-01   4.8263196e-01   5.6963594e-01   5.8950259e-01   5.0278119e-01   5.0362395e-01   4.2618933e-01   5.3200192e-01   4.7236384e-01   5.5468548e-01   4.5518472e-01   5.3346182e-01   4.6444320e-01   4.3090776e-01   5.6765396e-01   5.7395409e-01   5.1680573e-01   5.8902301e-01   5.1367883e-01   4.3097673e-01   5.6987629e-01   5.3007324e-01   4.6328033e-01   4.9961017e-01   5.1186666e-01   4.2005456e-01   4.5444989e-01   4.3677527e-01   4.6777088e-01
   4.3658086e-01   4.2075389e-01   4.5633288e-01   4.1697912e-01   4.5760404e-01   4.8430832e-01   4.8402012e-01   5.4684815e-01   4.0185511e-01   5.5670709e-01   5.2129864e-01   5.4938436e-01   5.1330154e-01   4.9528244e-01   5.1369138e-01   5.5069033e-01   4.0846035e-01   4.4140637e-01   5.9434358e-01   5.8697559e-01   5.7952569e-01   5.8340216e-01   4.8121444e-01   0.0000000e+00   4.0801938e-01   4.9991900e-01   5.6468558e-01   4.4496764e-01   4.1841473e-01   4.8385351e-01   4.0272847e-01   5.6856482e-01   5.0856622e-01   5.8775416e-01   5.9025875e-01   5.2831747e-01   5.5432134e-01   5.6936645e-01   4.7161454e-01   5.4562309e-01   5.8342161e-01   4.4893504e-01   5.3864831e-01   4.4819971e-01   5.2105082e-01   5.1080884e-01   4.4440882e-01   4.8287239e-01   4.4887841e-01   4.6195607e-01   5.0914790e-01   5.5773928e-01   4.0921348e-01   4.0458803e-01   4.5239720e-01   4.4079636e-01   4.9766004e-01   5.5352599e-01   5.7814946e-01   4.1687078e-01   4.0687031e-01   4.3130316e-01   5.0746209e-01   4.9148733e-01   5.4544306e-01   5.7305587e-01   5.7610550e-01   4.2336855e-01   4.7756274e-01   5.3513864e-01   4.1782024e-01   5.9307984e-01   5.8420264e-01   5.9267949e-01   5.2602762e-01   4.9915233e-01   4.3568683e-01   4.1287131e-01   5.5671703e-01   4.7813277e-01   4.5077309e-01   4.6485400e-01   4.9224495e-01   5.7197511e-01   5.2471232e-01   4.4682739e-01   4.3379297e-01   4.2155946e-01   4.3947872e-01   4.9181790e-01   5.5938885e-01   4.0235276e-01   4.9192801e-01   4.6610160e-01   5.0090404e-01   5.0276289e-01   4.1509183e-01   4.9335128e-01   4.0419118e-01   4.3512034e-01   5.3453194e-01
   4.5377047e-01   5.3925363e-01   4.6835908e-01   4.0263577e-01   4.6509021e-01   4.8464841e-01   5.5506385e-01   5.5940923e-01   5.5319131e-01   4.8183550e-01   5.1298984e-01   4.6846807e-01   5.0147841e-01   4.7874629e-01   4.7447522e-01   5.6730200e-01   5.0269454e-01   4.7726788e-01   4.8913738e-01   4.3399486e-01   5.5536443e-01   5.2386293e-01   4.4368385e-01   4.3564909e-01   0.0000000e+00   5.4706730e-01   4.7890431e-01   5.6184905e-01   5.4439396e-01   5.4288433e-01   5.4370214e-01   5.7472087e-01   4.3933876e-01   4.3976002e-01   5.6835154e-01   4.8820776e-01   4.8600875e-01   5.3628289e-01   4.8619378e-01   5.7893240e-01   4.3164310e-01   4.9180374e-01   5.7597355e-01   5.9869349e-01   4.2608512e-01   5.6448485e-01   4.9442692e-01   4.0089487e-01   4.6515973e-01   4.3722085e-01   4.9456060e-01   5.2956763e-01   4.6195775e-01   5.9237617e-01   5.8779382e-01   5.9876585e-01   4.4535629e-01   5.6379777e-01   4.2636996e-01   5.9830781e-01   4.2607339e-01   4.0074168e-01   5.7269563e-01   4.8885623e-01   5.9297420e-01   5.9487471e-01   4.2027314e-01   4.7726951e-01   4.1790465e-01   4.6983554e-01   5.2648566e-01   4.4217055e-01   5.1604307e-01   5.8953905e-01   4.6280140e-01   4.6361604e-01   4.2610961e-01   4.7999272e-01   5.7937285e-01   5.0861761e-01   4.0222413e-01   5.1270310e-01   4.8461725e-01   5.9455736e-01   4.5614668e-01   5.2382106e-01   5.0417116e-01   4.6420057e-01   5.8182392e-01   4.3050275e-01   4.5225398e-01   5.3783478e-01   5.3282846e-01   5.4035296e-01   4.8066846e-01   5.3022687e-01   5.1978855e-01   4.9411308e-01   4.9375694e-01   5.5691996e-01   4.5798394e-01
   4.8907123e-01   4.3521018e-01   4.4642174e-01   5.7796411e-01   4.4518465e-01   4.3482242e-01   5.3482686e-01   4.7419075e-01   5.4311631e-01   5.6501121e-01   5.8196991e-01   5.5376315e-01   4.1628294e-01   5.4117284e-01   5.4076192e-01   4.1104888e-01   5.6030788e-01   5.8944419e-01   5.2852199e-01   5.9228915e-01   5.4407413e-01   4.3369675e-01   4.4486439e-01   4.6771160e-01   5.8872718e-01   0.0000000e+00   4.2305455e-01   5.9894588e-01   5.8087532e-01   4.1967881e-01   4.8282188e-01   4.0737477e-01   4.5809860e-01   4.1832183e-01   4.6104246e-01   5.7856277e-01   4.5471637e-01   5.0513505e-01   4.7505021e-01   4.5788242e-01   5.2495543e-01   5.5727510e-01   4.6625827e-01   4.4735057e-01   5.0985480e-01   5.5469770e-01   4.7876565e-01   4.8397993e-01   4.3912386e-01   4.3753717e-01   5.8063256e-01   4.4846867e-01   5.8219357e-01   5.0216141e-01   5.6632558e-01   4.5543626e-01   5.3731383e-01   5.5479860e-01   4.9193016e-01   5.7316380e-01   5.9705797e-01   5.3233868e-01   5.4905709e-01   4.1188163e-01   4.3704245e-01   4.9866424e-01   5.8970842e-01   5.2412747e-01   5.9762241e-01   4.4663217e-01   5.6266498e-01   4.0735625e-01   5.4826822e-01   4.4566059e-01   5.3276978e-01   5.5509212e-01   4.9855551e-01   5.7799000e-01   4.9622647e-01   4.7618161e-01   4.5426920e-01   5.0730362e-01   5.8385011e-01   5.0656571e-01   5.9006596e-01   4.6179884e-01   5.8602289e-01   5.7525722e-01   4.9846395e-01   5.2162422e-01   5.3713272e-01   4.6248773e-01   5.3344963e-01   5.5730378e-01   4.9242785e-01   4.9072454e-01   4.1219152e-01   4.4448379e-01   5.9679747e-01   5.9389969e-01   5.7226446e-01
   5.7950376e-01   5.2563646e-01   4.2807870e-01   4.9502155e-01   5.2837193e-01   5.3238690e-01   5.4126544e-01   5.4305150e-01   4.2033639e-01   5.9039902e-01   4.2519441e-01   4.0124274e-01   4.0254238e-01   4.7704938e-01   5.7258337e-01   5.3086790e-01   4.2706607e-01   5.4468616e-01   5.9315963e-01   5.7199786e-01   4.3105529e-01   4.9468178e-01   5.1934117e-01   5.8195220e-01   5.5397601e-01   5.1146653e-01   0.0000000e+00   5.6573269e-01   5.8401857e-01   5.7839778e-01   4.9430696e-01   5.3768904e-01   5.2780747e-01   5.2339661e-01   5.7603100e-01   5.9335244e-01   4.8436545e-01   5.9678942e-01   5.7807285e-01   5.5133676e-01   5.8724625e-01   5.3521169e-01   4.8992154e-01   4.7284867e-01   4.4534701e-01   5.4302694e-01   4.7473817e-01   5.1664386e-01   4.4618745e-01   5.4412284e-01   4.3497172e-01   4.8965454e-01   5.3434440e-01   4.6374294e-01   5.0005910e-01   4.1731701e-01   4.6188966e-01   5.8600539e-01   5.8724026e-01   4.7567148e-01   4.1431825e-01   4.7181015e-01   5.3951262e-01   4.7255917e-01   4.9619912e-01   4.1772403e-01   4.7667363e-01   4.2361099e-01   4.8959991e-01   5.1654634e-01   4.0035820e-01   4.9462649e-01   5.9872423e-01   4.3610623e-01   5.6701034e-01   5.4969304e-01   4.9779373e-01   5.6413949e-01   5.0030162e-01   5.1438408e-01   5.0399044e-01   4.5811280e-01   5.5254076e-01   5.6615655e-01   4.3512744e-01   4.4269851e-01   5.3964337e-01   4.2055254e-01   4.0805585e-01   4.9206357e-01   4.5991355e-01   5.4101013e-01   4.2251162e-01   5.6929255e-01   5.2078847e-01   4.4543212e-01   4.8511375e-01   5.8819983e-01   4.4834713e-01   5.4184652e-01   4.0004458e-01
   5.3327410e-01   4.2087774e-01   4.2223572e-01   5.1665619e-01   4.5038271e-01   4.9558550e-01   4.2793801e-01   4.5855854e-01   4.8045636e-01   4.0828534e-01   5.1366876e-01   4.3454246e-01   4.7881673e-01   5.2929647e-01   4.8721488e-01   4.1885837e-01   5.2414702e-01   5.7453878e-01   4.7709700e-01   4.4948680e-01   5.0762383e-01   5.2931609e-01   5.7049192e-01   5.8448643e-01   5.6560659e-01   4.3819980e-01   4.0705821e-01   0.0000000e+00   5.3867471e-01   4.6800766e-01   4.9955633e-01   5.1493772e-01   5.2585031e-01   5.4552242e-01   5.2178141e-01   5.7446363e-01   4.0680211e-01   5.4440397e-01   5.8317058e-01   5.6738699e-01   4.0469877e-01   5.2140604e-01   4.5596690e-01   4.3054326e-01   4.3472006e-01   5.0342321e-01   5.4708716e-01   4.9139326e-01   5.9162323e-01   5.5242060e-01   5.9822906e-01   4.9443445e-01   5.2639722e-01   5.4399106e-01   4.2150429e-01   4.8346651e-01   4.6445876e-01   5.2538555e-01   5.5164915e-01   4.8830248e-01   5.0557598e-01   4.0898087e-01   5.2685364e-01   4.1561450e-01   5.0688287e-01   4.8271611e-01   4.5365121e-01   5.8715039e-01   4.2572579e-01   4.5388601e-01   5.5757570e-01   4.5020284e-01   4.9869418e-01   4.0930496e-01   4.5819541e-01   4.0361527e-01   5.3824050e-01   5.4547102e-01   4.3828156e-01   5.4717044e-01   4.0382728e-01   4.6471352e-01   4.0056296e-01   5.7424866e-01   4.0541528e-01   4.5652815e-01   5.9773184e-01   5.1950305e-01   4.4135172e-01   4.9972955e-01   5.3991134e-01   4.9971152e-01   5.1288461e-01   5.0559729e-01   4.4492979e-01   5.5826484e-01   4.4337858e-01   5.2126626e-01   5.5271707e-01   4.7692609e-01   5.1906647e-01
   4.2106333e-01   5.5811847e-01   4.8126691e-01   5.5295504e-01   4.0893775e-01   4.8306953e-01   5.8418434e-01   4.6802858e-01   4.2616053e-01   4.1869343e-01   4.0438496e-01   4.2555215e-01   5.2100844e-01   5.3929089e-01   4.5318145e-01   4.5010651e-01   4.3034346e-01   4.2885908e-01   5.5818300e-01   4.5801778e-01   4.5156167e-01   4.0563679e-01   5.6065761e-01   4.9459412e-01   5.5773778e-01   5.7661081e-01   5.4640845e-01   5.7115186e-01   0.0000000e+00   5.4916253e-01   4.0910257e-01   5.6636757e-01   4.2871596e-01   5.8276976e-01   5.5120121e-01   4.8878752e-01   4.8202227e-01   5.2294734e-01   4.0943751e-01   4.6508502e-01   5.4303056e-01   5.5864436e-01   4.2669456e-01   4.9118862e-01   5.4476547e-01   5.7357886e-01   4.7927226e-01   4.7090393e-01   4.3796203e-01   4.2435620e-01   5.7677708e-01   5.3430948e-01   5.3302251e-01   4.9253770e-01   5.7083684e-01   5.6987617e-01   4.7478005e-01   4.4869044e-01   4.8867823e-01   5.6644454e-01   5.6504083e-01   4.9698746e-01   4.9724583e-01   5.5390225e-01   4.3125886e-01   5.5551630e-01   5.9209895e-01   5.0276524e-01   4.2955079e-01   4.7644585e-01   4.7903505e-01   4.3686316e-01   4.1538141e-01   5.0323575e-01   4.9681047e-01   5.6533481e-01   5.8457151e-01   5.7838656e-01   4.5789891e-01   4.4663934e-01   4.0013002e-01   4.8118382e-01   4.4820204e-01   5.7711145e-01   5.3250183e-01   5.0876533e-01   4.5690740e-01   4.5971475e-01   4.2624081e-01   4.8711146e-01   4.4677652e-01   5.0478464e-01   4.3579478e-01   5.6821714e-01   5.0316504e-01   4.0390698e-01   4.5574924e-01   4.7142163e-01   4.1267408e-01   5.1682955e-01   5.6713015e-01
   4.4230812e-01   4.5354773e-01   4.0759344e-01   4.9886609e-01   5.7769815e-01   5.5037092e-01   5.4997232e-01   4.2380762e-01   5.7122867e-01   4.7551178e-01   5.6265521e-01   5.5430927e-01   4.2518148e-01   5.6135657e-01   4.6963488e-01   5.6310684e-01   4.0705439e-01   4.2718605e-01   5.3078528e-01   5.2108855e-01   4.9405767e-01   5.7877399e-01   4.0338652e-01   5.3581729e-01   4.9809122e-01   5.6276318e-01   5.8188534e-01   5.1404933e-01   5.6901143e-01   0.0000000e+00   5.9412801e-01   4.6240927e-01   5.4183979e-01   4.5005578e-01   5.4990783e-01   5.4136676e-01   5.8583356e-01   5.3838350e-01   5.6897271e-01   5.6148709e-01   5.5735157e-01   5.3052439e-01   5.0200894e-01   5.4831694e-01   4.1218209e-01   4.2130863e-01   4.4590577e-01   5.6579517e-01   5.2348077e-01   5.5043835e-01   5.2454892e-01   5.2496213e-01   4.1923325e-01   4.6917484e-01   4.5931377e-01   4.4572715e-01   5.5837767e-01   4.3191994e-01   4.4133010e-01   4.3974176e-01   5.2341675e-01   5.8777699e-01   5.0244396e-01   5.5570106e-01   4.0701821e-01   4.1229611e-01   5.2762247e-01   5.1672497e-01   4.8472552e-01   4.6406478e-01   5.3946628e-01   4.0925625e-01   4.4472508e-01   4.2265288e-01   5.5626241e-01   5.5074877e-01   4.6788326e-01   5.0158858e-01   5.3027247e-01   4.2548603e-01   4.6191301e-01   4.7137844e-01   5.3172905e-01   5.7408817e-01   4.1993775e-01   5.4381023e-01   5.4115618e-01   4.9980197e-01   4.9745378e-01   4.5380645e-01   5.9225883e-01   5.5570932e-01   5.3737123e-01   5.9573172e-01   5.8779963e-01   4.6340579e-01   5.3207559e-01   5.2175066e-01   5.0942781e-01   4.3463851e-01   5.3674256e-01
   4.7606388e-01   4.8230803e-01   4.0119185e-01   4.8650746e-01   5.3664870e-01   5.2903512e-01   4.2212540e-01   5.3793628e-01   5.0059058e-01   4.2721348e-01   4.6367898e-01   4.7987670e-01   4.1057217e-01   4.4726251e-01   4.6171348e-01   4.7985358e-01   4.0072996e-01   5.0609672e-01   5.4278006e-01   5.5834679e-01   5.0219902e-01   5.9493752e-01   5.9997956e-01   4.5577688e-01   4.3982278e-01   4.3859648e-01   5.7921466e-01   5.2497501e-01   4.9480645e-01   4.7824472e-01   0.0000000e+00   4.6402478e-01   5.5683793e-01   4.6700098e-01   4.2787322e-01   5.2488492e-01   4.0228384e-01   5.9216058e-01   4.4878429e-01   5.6973808e-01   5.1903009e-01   5.1447376e-01   5.6727217e-01   4.9433621e-01   5.2476285e-01   4.7717065e-01   4.0740664e-01   4.4175425e-01   4.6210595e-01   5.4933520e-01   5.2866292e-01   4.0722466e-01   5.2498923e-01   5.1446018e-01   4.5253200e-01   5.9837731e-01   4.3784499e-01   4.0993850e-01   4.0069841e-01   5.1314365e-01   5.3625856e-01   4.0819596e-01   5.9623607e-01   5.4071656e-01   4.4866513e-01   4.0047855e-01   5.0418941e-01   5.8215909e-01   4.4742870e-01   5.8284809e-01   4.1650664e-01   5.2230641e-01   5.4916569e-01   4.8509350e-01   4.9082840e-01   4.5919236e-01   4.9689392e-01   4.4212909e-01   5.5292714e-01   4.1203703e-01   4.3279476e-01   4.0075442e-01   5.0764561e-01   4.3398265e-01   5.5767286e-01   4.0785890e-01   4.4752188e-01   4.5769373e-01   4.1486927e-01   5.2587326e-01   5.4069531e-01   5.6798876e-01   4.6882165e-01   5.3273798e-01   5.4277106e-01   4.3151960e-01   5.4623358e-01   4.0651790e-01   4.7178288e-01   4.1642304e-01   4.5337696e-01
   5.3449701e-01   4.2754094e-01   4.0495919e-01   5.9979041e-01   4.9745846e-01   5.1722368e-01   5.2939828e-01   5.4715278e-01   4.9898409e-01   5.7190424e-01   4.7162238e-01   4.9669627e-01   5.6987661e-01   4.4744078e-01   4.3304453e-01   5.5348017e-01   5.8704760e-01   5.0778074e-01   5.2665089e-01   4.5031841e-01   4.8303809e-01   4.1424942e-01   5.9155715e-01   5.6465056e-01   4.0115399e-01   4.5705409e-01   4.5288111e-01   4.8685705e-01   5.4698357e-01   4.7927258e-01   4.6113002e-01   0.0000000e+00   4.4551105e-01   4.6541877e-01   4.3914454e-01   4.3696816e-01   5.2841944e-01   4.7533432e-01   5.8440950e-01   5.2937170e-01   5.6464945e-01   5.6527758e-01   4.6160559e-01   5.0505251e-01   4.7337487e-01   4.1261080e-01   5.4617593e-01   5.3577781e-01   4.4126066e-01   4.2993651e-01   4.1025912e-01   5.5984234e-01   4.0170339e-01   5.8826702e-01   5.4656382e-01   4.2336429e-01   4.8546603e-01   4.4679971e-01   4.9301656e-01   5.9251929e-01   4.8257840e-01   5.5902692e-01   5.9969850e-01   4.6470643e-01   4.8703129e-01   4.4600862e-01   5.9568713e-01   5.3167164e-01   4.8227998e-01   4.7241708e-01   4.6170612e-01   4.5752425e-01   4.0838910e-01   4.4527263e-01   5.0759101e-01   4.0983372e-01   5.6990008e-01   4.5044853e-01   4.8747002e-01   5.7707722e-01   4.8596874e-01   5.7374492e-01   4.1189814e-01   5.3738420e-01   5.7421760e-01   5.2959872e-01   5.1524398e-01   5.0207049e-01   4.2990383e-01   5.7068715e-01   4.3675065e-01   4.9731752e-01   5.1732380e-01   4.5989897e-01   4.8102945e-01   5.4978134e-01   5.4111378e-01   4.9693754e-01   4.9821922e-01   5.8964642e-01   5.2435811e-01
   5.0884038e-01   5.0278263e-01   5.6901513e-01   4.2985627e-01   4.6594816e-01   4.2142655e-01   4.6930867e-01   5.7929467e-01   5.0756855e-01   4.4226104e-01   4.2565530e-01   4.6690537e-01   4.0240920e-01   4.0670836e-01   5.3149612e-01   5.7126606e-01   5.8049254e-01   5.2531519e-01   5.9657166e-01   4.7964288e-01   5.0096701e-01   5.8806115e-01   4.8161276e-01   5.4430662e-01   4.1585183e-01   5.7408957e-01   4.2753392e-01   4.9093963e-01   5.9708673e-01   5.2526885e-01   4.3042642e-01   5.2732464e-01   0.0000000e+00   4.3477291e-01   4.0681106e-01   4.9863275e-01   4.3168714e-01   4.7282321e-01   5.9886210e-01   4.2775770e-01   4.1664661e-01   5.6643944e-01   4.8455071e-01   5.9925606e-01   5.5994332e-01   5.1126915e-01   4.7954510e-01   4.9291733e-01   4.0234965e-01   5.1242069e-01   5.9675006e-01   5.0696720e-01   4.5560169e-01   5.2168181e-01   5.0630367e-01   4.1201661e-01   4.6255051e-01   5.5329546e-01   5.4633668e-01   5.2735456e-01   5.0377103e-01   5.4452600e-01   5.5673152e-01   5.7155025e-01   5.1111955e-01   4.7811759e-01   5.6503184e-01   5.4755320e-01   4.8948986e-01   5.7161886e-01   4.5161374e-01   4.0966819e-01   5.2662735e-01   5.6249695e-01   5.4199617e-01   5.4326783e-01   4.6155907e-01   4.9983370e-01   5.2570923e-01   4.9408977e-01   5.8986541e-01   5.0400086e-01   4.8287071e-01   5.3573396e-01   5.2734179e-01   5.5985464e-01   5.5037189e-01   5.5442528e-01   4.4652188e-01   4.1698140e-01   5.9511440e-01   5.9791312e-01   4.1344178e-01   5.8595599e-01   5.9030514e-01   4.5035861e-01   4.8276985e-01   4.1045799e-01   5.3591092e-01   4.5580005e-01   5.3433176e-01
   4.4855903e-01   4.0913736e-01   5.4823785e-01   4.3204215e-01   5.3099887e-01   4.7151652e-01   5.1421413e-01   5.3433108e-01   4.0735513e-01   5.7568811e-01   5.9930768e-01   4.9623660e-01   5.9657517e-01   4.2892248e-01   5.8100650e-01   4.0832418e-01   5.3335264e-01   4.9240535e-01   4.2339834e-01   4.8321784e-01   4.3957339e-01   5.4294452e-01   4.2774323e-01   5.8486723e-01   5.1135912e-01   5.4778987e-01   5.1941116e-01   5.9953965e-01   4.7541370e-01   4.1699391e-01   4.8259551e-01   4.9154762e-01   4.4855711e-01   0.0000000e+00   4.9208389e-01   4.8934877e-01   5.5537106e-01   5.4278214e-01   4.1739154e-01   5.5016571e-01   5.9127111e-01   5.1552648e-01   4.7861540e-01   4.1555288e-01   4.1556370e-01   5.4791985e-01   4.6225103e-01   4.4364768e-01   5.5798932e-01   4.0417144e-01   5.4391012e-01   5.3670420e-01   4.1887521e-01   5.4954248e-01   5.4694621e-01   4.0849770e-01   4.2022274e-01   5.2933805e-01   4.7623077e-01   4.2790749e-01   5.9507458e-01   5.5116927e-01   5.5149118e-01   5.7057242e-01   4.4979085e-01   4.2969921e-01   4.4531865e-01   5.0695094e-01   5.7978745e-01   5.0812793e-01   4.3872301e-01   4.2716826e-01   5.7606904e-01   4.7790430e-01   4.9220966e-01   5.5970250e-01   5.8398305e-01   5.4537804e-01   5.6835106e-01   5.9510297e-01   5.3511934e-01   4.9910022e-01   4.2426020e-01   4.7645084e-01   5.9763334e-01   5.7820917e-01   4.3933655e-01   4.4944643e-01   5.2857850e-01   5.4997684e-01   5.8805373e-01   5.3960010e-01   5.4961756e-01   4.7612691e-01   5.5323155e-01   5.3909464e-01   5.0611912e-01   5.4550587e-01   4.7396863e-01   4.1940249e-01   4.2121203e-01
   4.4531591e-01   5.2922929e-01   4.3745446e-01   4.5993710e-01   4.7540722e-01   4.5256587e-01   5.4050825e-01   4.1382860e-01   4.3640944e-01   5.6840927e-01   5.7847585e-01   4.6631797e-01   4.0204686e-01   4.9017982e-01   5.4552373e-01   5.9872698e-01   4.4970619e-01   5.8086976e-01   4.9894166e-01   4.5794934e-01   4.9757904e-01   4.3895990e-01   5.2182294e-01   5.4865325e-01   4.9108037e-01   5.2224541e-01   4.3224329e-01   5.8454859e-01   5.8264659e-01   4.1440333e-01   5.3572634e-01   5.1622657e-01   5.1480309e-01   4.3819717e-01   0.0000000e+00   5.5528871e-01   5.5204419e-01   4.2657049e-01   4.8851857e-01   5.0596603e-01   5.0769183e-01   4.7327023e-01   4.0542724e-01   4.5913954e-01   4.4940032e-01   5.8758593e-01   4.0277983e-01   5.2089199e-01   4.6514296e-01   5.7543451e-01   5.2598706e-01   4.9199019e-01   5.2905656e-01   4.0107520e-01   5.4955390e-01   5.8885359e-01   4.6472976e-01   4.0154491e-01   5.8957236e-01   4.6541594e-01   4.2122910e-01   5.6462753e-01   4.4753307e-01   5.2164202e-01   5.1056849e-01   5.4287663e-01   4.9438560e-01   4.5082581e-01   4.7313905e-01   5.0445794e-01   5.6557019e-01   5.1969594e-01   4.3144756e-01   4.3373010e-01   5.7128690e-01   5.9161275e-01   5.5441700e-01   4.5573394e-01   5.5746872e-01   4.1127107e-01   4.4844134e-01   4.8340506e-01   5.3896835e-01   5.5165134e-01   5.4974532e-01   4.8364470e-01   5.3092153e-01   5.9905040e-01   4.3884765e-01   5.5260379e-01   5.7728781e-01   4.3808898e-01   4.0504710e-01   5.6846638e-01   4.9467069e-01   4.4450057e-01   5.7684161e-01   5.0347838e-01   4.4392042e-01   5.4895178e-01   4.1091169e-01
   5.9536758e-01   4.3929618e-01   4.0093044e-01   4.0751764e-01   5.3875393e-01   4.4765616e-01   5.8059113e-01   5.0338357e-01   4.5837304e-01   5.4261055e-01   5.5688299e-01   5.1048434e-01   5.7448228e-01   5.9957890e-01   5.3107011e-01   5.5045103e-01   5.4369930e-01   4.5741099e-01   5.3249772e-01   4.0931718e-01   4.8095855e-01   5.7933084e-01   4.6662747e-01   4.6868304e-01   5.9683165e-01   5.9542954e-01   5.2002583e-01   5.3856848e-01   5.2414702e-01   5.9498183e-01   5.8801352e-01   4.0739069e-01   4.2381496e-01   4.2345735e-01   4.8852578e-01   0.0000000e+00   5.5710701e-01   4.1126248e-01   4.4421795e-01   4.0317648e-01   4.4734773e-01   5.6372605e-01   5.4473539e-01   5.7006498e-01   4.2279653e-01   4.8331378e-01   4.5610835e-01   5.4097027e-01   5.0155032e-01   5.0261347e-01   5.6019498e-01   5.6041232e-01   4.6414389e-01   4.3289983e-01   4.9204945e-01   4.6491032e-01   5.6998964e-01   4.3643334e-01   5.8190685e-01   4.1611831e-01   4.6701751e-01   5.9794276e-01   4.7292551e-01   4.5936860e-01   4.1883727e-01   5.2350390e-01   4.2443362e-01   5.7917300e-01   4.0763529e-01   4.0687351e-01   4.6522070e-01   4.9167873e-01   5.4930760e-01   4.5071088e-01   4.1175759e-01   5.5654341e-01   4.0544107e-01   4.2938327e-01   5.9271232e-01   4.8681677e-01   5.9148611e-01   5.4234621e-01   4.0595317e-01   5.1467041e-01   4.4340207e-01   5.2314785e-01   4.3150654e-01   5.3625242e-01   5.4556446e-01   5.7084949e-01   4.3123358e-01   5.7062880e-01   5.0625404e-01   4.4117300e-01   5.0918455e-01   5.1252875e-01   5.5645239e-01   5.2030203e-01   5.1052714e-01   5.1528204e-01   5.0554236e-01
   4.3001285e-01   4.6072259e-01   5.1390237e-01   5.6752550e-01   5.6183909e-01   5.8914694e-01   4.6623115e-01   5.2737311e-01   5.1554221e-01   4.9013920e-01   4.9195504e-01   5.9304856e-01   4.4792898e-01   5.8384525e-01   5.5548425e-01   5.0294596e-01   4.5882688e-01   5.2565469e-01   4.0474132e-01   5.3831684e-01   5.0768139e-01   4.6781930e-01   4.4581940e-01   4.1126150e-01   5.8775630e-01   5.0249330e-01   5.2596377e-01   4.7177542e-01   5.6764244e-01   5.1578414e-01   4.5003039e-01   5.6357363e-01   5.2702371e-01   4.2994145e-01   4.4624619e-01   5.5836929e-01   0.0000000e+00   4.9213359e-01   4.0639141e-01   5.1335211e-01   5.3098313e-01   5.5086456e-01   5.0836603e-01   4.9158091e-01   5.8947994e-01   5.3824865e-01   4.0561209e-01   5.1420250e-01   5.3481636e-01   4.3530487e-01   4.4420457e-01   5.2561413e-01   5.4184332e-01   4.4233799e-01   4.1568126e-01   4.9408788e-01   5.1395095e-01   4.9423346e-01   5.9138665e-01   4.1799705e-01   4.1682840e-01   5.9129709e-01   4.8672210e-01   5.8981910e-01   4.0428186e-01   4.1314041e-01   4.9751772e-01   4.8462675e-01   5.6456925e-01   4.8639154e-01   4.0577940e-01   5.5587594e-01   5.4917536e-01   4.8410420e-01   4.6430024e-01   4.2082337e-01   4.3983765e-01   5.7526386e-01   4.5723873e-01   5.1271179e-01   5.1871948e-01   4.9405189e-01   5.2878538e-01   4.4389849e-01   4.7256706e-01   5.7053078e-01   5.6813232e-01   5.0769268e-01   5.1149409e-01   5.4956167e-01   4.9101270e-01   4.3320887e-01   5.3303109e-01   5.3101338e-01   4.3510095e-01   4.0601791e-01   5.6221418e-01   5.0931253e-01   5.0201943e-01   4.1364825e-01   5.0983820e-01
   4.5897467e-01   4.7561406e-01   4.4114211e-01   5.3295987e-01   4.9823687e-01   4.5698762e-01   4.6799895e-01   5.3385774e-01   5.2554189e-01   4.5120643e-01   5.6101707e-01   5.3760464e-01   4.7395168e-01   5.6453329e-01   4.5180259e-01   4.4336104e-01   4.4900593e-01   5.5936298e-01   5.2998496e-01   5.5682763e-01   4.9029363e-01   5.5915556e-01   5.5395685e-01   5.0944135e-01   5.6002216e-01   5.3730748e-01   5.8855306e-01   5.6770677e-01   4.8364620e-01   5.8030735e-01   5.2991593e-01   4.2135296e-01   5.3272935e-01   5.5484190e-01   5.8890094e-01   4.0971887e-01   4.5298089e-01   0.0000000e+00   5.2569795e-01   5.2748061e-01   5.2645620e-01   5.0677939e-01   5.3297661e-01   5.1701014e-01   5.9861845e-01   5.0591400e-01   5.9257717e-01   4.8800104e-01   4.4016324e-01   4.3560408e-01   4.8203356e-01   5.7628743e-01   4.5429060e-01   4.2347833e-01   5.8636231e-01   5.1779445e-01   4.6136485e-01   5.5224124e-01   5.4908776e-01   4.4169552e-01   4.0035071e-01   5.3730494e-01   5.1896466e-01   5.0086964e-01   4.2333585e-01   4.2843074e-01   5.0459712e-01   5.0069428e-01   5.1866009e-01   5.4497668e-01   4.4444630e-01   5.4819485e-01   5.7851291e-01   5.4916698e-01   4.8526302e-01   4.9902591e-01   5.6259317e-01   5.1604288e-01   4.6872243e-01   4.3722257e-01   5.4156985e-01   4.9430965e-01   4.1887934e-01   4.4651265e-01   5.4584939e-01   5.2740867e-01   5.7548569e-01   4.7740385e-01   4.6438138e-01   5.6000295e-01   4.6947724e-01   5.2467358e-01   5.8162719e-01   5.9664170e-01   4.2802168e-01   5.8479383e-01   4.8772266e-01   5.3879517e-01   4.7907905e-01   4.2884654e-01   4.3547764e-01
   4.9603433e-01   5.5398663e-01   5.7027716e-01   5.8179190e-01   4.6716116e-01   4.1395935e-01   4.8138632e-01   5.2665329e-01   4.4919308e-01   4.1398845e-01   4.7794897e-01   4.8567890e-01   5.2099556e-01   4.2720331e-01   5.8318420e-01   4.1940585e-01   4.5707203e-01   4.0330992e-01   5.5853694e-01   5.2000842e-01   5.5735542e-01   4.8799404e-01   5.9794550e-01   5.2249766e-01   5.7901509e-01   4.3070135e-01   4.3803545e-01   4.8628821e-01   4.0265787e-01   5.6785854e-01   4.6848371e-01   4.6568622e-01   5.1607708e-01   5.1614996e-01   5.6072552e-01   4.4466159e-01   5.9496944e-01   5.9378309e-01   0.0000000e+00   4.9398486e-01   4.5237158e-01   5.1261373e-01   4.6928694e-01   4.9289456e-01   4.7836617e-01   4.0919688e-01   5.9611727e-01   4.8423225e-01   4.6302582e-01   4.7451684e-01   4.5728779e-01   4.3962178e-01   4.5661353e-01   4.8507833e-01   5.7286904e-01   5.9996212e-01   4.6084253e-01   5.6002144e-01   4.4719090e-01   5.1358715e-01   4.4329333e-01   5.8281606e-01   4.4378635e-01   4.1785387e-01   4.2749014e-01   5.7414643e-01   5.8396042e-01   5.3482296e-01   4.1353351e-01   5.1319154e-01   5.6808394e-01   5.5637748e-01   5.3402807e-01   4.4882143e-01   5.2015888e-01   5.4108493e-01   4.2790701e-01   5.0432841e-01   4.6343992e-01   5.7719964e-01   5.0258807e-01   5.3420258e-01   4.0540116e-01   5.3704669e-01   4.5040235e-01   4.9199439e-01   5.0984564e-01   5.5954349e-01   5.2420837e-01   5.5131236e-01   4.6010171e-01   5.8821928e-01   4.1586527e-01   5.8533796e-01   5.5536110e-01   5.8111613e-01   5.6321339e-01   5.4039173e-01   4.4148553e-01   4.7809698e-01   4.4572889e-01
   4.1300139e-01   4.7669644e-01   5.2064893e-01   4.9536299e-01   4.2720126e-01   4.3487278e-01   4.4992755e-01   4.3620835e-01   4.5373822e-01   4.2243403e-01   4.3982784e-01   4.2044970e-01   5.1595682e-01   5.1210338e-01   5.6472325e-01   5.5890878e-01   5.7961538e-01   5.9049641e-01   4.5042424e-01   5.4759445e-01   4.6051381e-01   4.6012476e-01   4.9951086e-01   5.0720612e-01   4.6329228e-01   4.6242210e-01   5.9519375e-01   5.8080933e-01   4.0514668e-01   4.5586370e-01   5.3064130e-01   4.3631225e-01   4.1112455e-01   4.8865879e-01   5.1523108e-01   4.1517140e-01   4.8902445e-01   5.5127362e-01   5.1612083e-01   0.0000000e+00   5.4453974e-01   5.0435985e-01   5.5960088e-01   5.0671374e-01   5.2542603e-01   5.8667649e-01   5.8042598e-01   4.4804403e-01   5.1092318e-01   5.7607711e-01   4.6311236e-01   5.2646647e-01   5.1316953e-01   4.4144092e-01   4.9693777e-01   4.1037692e-01   5.4267180e-01   5.6906780e-01   4.5572455e-01   5.9578175e-01   5.7295496e-01   5.4000031e-01   5.5549254e-01   5.3302509e-01   4.0759095e-01   4.7975688e-01   4.7143088e-01   5.9289464e-01   4.2581606e-01   5.6515628e-01   5.6725710e-01   4.2802699e-01   5.3737702e-01   5.6757412e-01   5.5920286e-01   5.5431269e-01   4.1459216e-01   4.8347684e-01   4.3534840e-01   5.4332187e-01   5.2042175e-01   4.9489892e-01   4.6690339e-01   5.9331353e-01   5.3125166e-01   4.3867154e-01   5.4443814e-01   5.6789751e-01   5.4971535e-01   4.2430548e-01   4.0891736e-01   5.4086468e-01   4.3228102e-01   5.7552985e-01   5.4504119e-01   5.0759729e-01   4.4812803e-01   4.7126702e-01   4.4587580e-01   5.7928311e-01   4.4621723e-01
   4.7380998e-01   4.0590347e-01   5.7712938e-01   5.9461283e-01   5.3474385e-01   5.2593047e-01   5.0243834e-01   4.5381345e-01   4.5379752e-01   5.5235443e-01   4.1014535e-01   4.0228600e-01   4.7289277e-01   4.3676907e-01   5.3751203e-01   5.4374010e-01   5.0193375e-01   4.0559653e-01   4.4865872e-01   4.5783109e-01   5.3386332e-01   4.7233320e-01   5.4448683e-01   5.8779650e-01   4.8932172e-01   4.3290647e-01   4.2726374e-01   4.2695018e-01   5.1334738e-01   4.0796907e-01   5.8953759e-01   5.0228735e-01   4.1405507e-01   4.5499178e-01   5.0265389e-01   4.9795551e-01   4.1523105e-01   5.2755048e-01   4.8823091e-01   5.7267270e-01   0.0000000e+00   5.5968468e-01   5.4632858e-01   4.5037526e-01   4.8672837e-01   5.1334278e-01   5.0476423e-01   5.5317078e-01   5.7293839e-01   4.4174691e-01   4.3752789e-01   5.3555200e-01   4.2494921e-01   5.6918946e-01   4.8976785e-01   4.5923086e-01   5.2642345e-01   4.5732268e-01   4.2919814e-01   4.0589505e-01   4.7801627e-01   4.9780537e-01   5.7414377e-01   5.5162130e-01   4.8397188e-01   5.9107865e-01   4.1555050e-01   5.9642104e-01   5.0832626e-01   4.3095226e-01   5.3543693e-01   5.3123643e-01   4.1212116e-01   5.6621366e-01   5.6567637e-01   4.7081805e-01   4.2264200e-01   4.7589818e-01   4.3824392e-01   4.6741115e-01   4.4877310e-01   5.1002847e-01   4.6211044e-01   5.2513923e-01   5.5003570e-01   4.6087567e-01   5.0445303e-01   5.8107840e-01   5.4864511e-01   5.0553524e-01   4.9321670e-01   4.8638654e-01   5.6198758e-01   5.7096040e-01   5.8611214e-01   4.1479327e-01   5.5958687e-01   4.5758415e-01   5.1189047e-01   5.6953515e-01   5.6503498e-01
   5.7851560e-01   5.3555505e-01   4.6139855e-01   4.7008802e-01   4.8141447e-01   5.8997554e-01   4.6635768e-01   5.6144736e-01   5.9833792e-01   5.7733691e-01   4.9332767e-01   5.0120170e-01   5.8565625e-01   4.1871601e-01   5.3931462e-01   5.1890894e-01   5.3445520e-01   4.9900576e-01   5.4034513e-01   4.1437625e-01   4.3337010e-01   4.1083955e-01   4.7002055e-01   4.0793587e-01   5.8923338e-01   4.0499741e-01   5.2026156e-01   4.4110353e-01   4.8280596e-01   5.3195838e-01   5.1670003e-01   5.4777892e-01   4.1959874e-01   5.2634516e-01   5.4888491e-01   5.3316565e-01   5.1682266e-01   4.1861526e-01   4.6543260e-01   5.4852151e-01   4.0043554e-01   0.0000000e+00   4.6954268e-01   5.6040729e-01   5.4409978e-01   4.8308457e-01   4.8536903e-01   5.7834477e-01   4.5913329e-01   4.9167414e-01   5.4603154e-01   4.4843026e-01   5.7296289e-01   5.8496828e-01   4.5269680e-01   5.1980435e-01   4.2815157e-01   4.0613201e-01   5.7116120e-01   5.8100612e-01   5.4977965e-01   4.5182813e-01   4.0743956e-01   4.2464579e-01   4.5416749e-01   5.5580950e-01   5.2623016e-01   5.8384337e-01   5.3943035e-01   5.5049631e-01   4.6761411e-01   5.9036075e-01   4.5173764e-01   4.9076977e-01   5.9696365e-01   5.4950605e-01   5.9861219e-01   5.9108232e-01   4.2999886e-01   4.2063241e-01   4.6969468e-01   5.3679784e-01   5.4707500e-01   5.4269217e-01   4.8961539e-01   5.0941951e-01   5.6714577e-01   4.1045445e-01   4.1263748e-01   5.3444749e-01   4.3556882e-01   4.4349616e-01   4.0684727e-01   4.8455796e-01   5.7977307e-01   4.1085786e-01   5.2216612e-01   5.8491809e-01   5.2987884e-01   4.3867621e-01   4.9948877e-01
   4.4404140e-01   4.2608781e-01   4.4737962e-01   5.7317686e-01   5.0164673e-01   5.8538935e-01   5.2865534e-01   5.0526310e-01   4.1100966e-01   5.7140962e-01   4.1573175e-01   4.7856597e-01   4.3385769e-01   4.0456396e-01   5.5887924e-01   5.0428460e-01   5.6682081e-01   5.2161557e-01   5.7935033e-01   5.7455284e-01   4.5967612e-01   4.5852178e-01   5.5528150e-01   4.3054146e-01   5.1763735e-01   4.2004421e-01   4.4357638e-01   5.4928224e-01   5.7115686e-01   4.4651059e-01   5.8914914e-01   4.5767682e-01   5.6790706e-01   5.4291515e-01   5.5059448e-01   5.2141449e-01   5.0173707e-01   5.7077190e-01   5.6766621e-01   5.7203047e-01   4.3164679e-01   5.0109533e-01   0.0000000e+00   4.4602250e-01   5.2689042e-01   5.5374580e-01   4.8522871e-01   4.8980891e-01   4.0726794e-01   4.2494164e-01   4.0404476e-01   4.8019618e-01   5.6334406e-01   4.5205404e-01   4.7360821e-01   5.3849276e-01   4.3164370e-01   4.9160132e-01   5.2739954e-01   4.2557287e-01   4.9546922e-01   4.8131008e-01   4.4769069e-01   4.2704481e-01   4.5030471e-01   5.4650193e-01   5.7203611e-01   4.4621735e-01   4.4025991e-01   5.3881857e-01   4.0248612e-01   5.2220929e-01   5.2055756e-01   4.4351260e-01   5.3375460e-01   5.7575183e-01   5.4997773e-01   5.9090145e-01   5.7002023e-01   4.8888304e-01   4.7958979e-01   4.6470572e-01   4.0652172e-01   4.3300762e-01   4.5399005e-01   4.4168454e-01   4.5677127e-01   4.6068641e-01   5.3046114e-01   5.9929536e-01   5.0483675e-01   4.3399617e-01   5.3055412e-01   4.8782888e-01   5.6052033e-01   4.9696156e-01   5.1611819e-01   5.0273687e-01   4.1569612e-01   5.4190046e-01   4.0252279e-01
   4.7197875e-01   5.6521731e-01   5.2986930e-01   4.4831755e-01   4.4626411e-01   4.2023908e-01   4.9653755e-01   5.6661454e-01   4.7189246e-01   4.7890732e-01   4.4769606e-01   5.5990380e-01   5.8603466e-01   4.8483625e-01   4.6098696e-01   5.4466072e-01   4.4346665e-01   4.0310839e-01   4.7088884e-01   5.3250015e-01   4.3515717e-01   4.8643844e-01   4.3102050e-01   5.3827951e-01   5.4360703e-01   4.2669138e-01   5.0630125e-01   4.9043141e-01   5.0197277e-01   5.9126607e-01   5.3100929e-01   5.3155560e-01   5.5374016e-01   4.1137964e-01   5.8385217e-01   4.3183872e-01   5.7078002e-01   5.8349046e-01   5.2009237e-01   5.2739909e-01   4.0263959e-01   4.0608700e-01   4.9951961e-01   0.0000000e+00   4.3322595e-01   5.2682181e-01   4.8533865e-01   5.5918000e-01   5.2214815e-01   4.3320403e-01   4.2675308e-01   4.3248746e-01   5.3582712e-01   5.0410127e-01   4.8394538e-01   4.5448853e-01   4.9232389e-01   4.7995209e-01   5.5091022e-01   4.4717624e-01   5.3662766e-01   4.5484327e-01   4.6382572e-01   4.9915202e-01   5.7059410e-01   5.6074763e-01   5.8514757e-01   5.4432929e-01   4.7944219e-01   4.3597705e-01   5.3784153e-01   5.1457668e-01   4.1244061e-01   5.7436596e-01   4.5356923e-01   4.9858175e-01   5.1042353e-01   4.7268284e-01   5.3995258e-01   5.2914407e-01   5.4212395e-01   5.4611948e-01   4.6883375e-01   5.4089333e-01   4.7444603e-01   4.7020213e-01   5.7240680e-01   5.5512656e-01   5.4082324e-01   5.6557258e-01   5.4288492e-01   5.4119439e-01   4.4554909e-01   4.9684133e-01   4.0507879e-01   4.2272095e-01   5.1074559e-01   5.2457199e-01   5.5132916e-01   5.4173321e-01   5.6548494e-01
   4.1828229e-01   4.8385877e-01   4.8267629e-01   5.9276200e-01   4.9047876e-01   5.8883623e-01   5.1332667e-01   5.6751664e-01   4.8362493e-01   5.7799502e-01   4.0987083e-01   5.0189692e-01   5.6931611e-01   4.6027111e-01   4.7665012e-01   4.7477234e-01   4.5676993e-01   4.0800175e-01   5.8672779e-01   4.5262240e-01   4.7517783e-01   5.8914588e-01   4.0861339e-01   4.8038939e-01   5.3238630e-01   4.1392039e-01   5.9478336e-01   5.5669704e-01   5.9323423e-01   5.4873904e-01   4.2161572e-01   4.8597219e-01   5.3326411e-01   4.5173870e-01   5.8396682e-01   4.3775481e-01   4.7001532e-01   5.6231101e-01   4.3856999e-01   4.8297576e-01   4.9354369e-01   5.0394779e-01   4.6938604e-01   5.7843860e-01   0.0000000e+00   5.0523361e-01   4.5479817e-01   4.1474579e-01   4.6089278e-01   4.3495689e-01   5.8424484e-01   5.5129002e-01   5.9531997e-01   4.0461043e-01   5.5513187e-01   5.8208663e-01   5.9167285e-01   4.5660459e-01   5.1536139e-01   5.4333757e-01   4.0954547e-01   4.0586680e-01   4.8545473e-01   5.5722168e-01   4.3567684e-01   4.4927682e-01   4.9953859e-01   5.9464814e-01   5.4301021e-01   4.6227333e-01   4.5733921e-01   5.9368686e-01   5.2039402e-01   5.0036141e-01   4.2139872e-01   4.2775237e-01   4.5428680e-01   5.3950747e-01   5.3953987e-01   5.7848664e-01   4.5867103e-01   4.8913704e-01   4.2237485e-01   4.6900578e-01   5.1898111e-01   5.4138358e-01   5.3326072e-01   4.9291588e-01   5.4532138e-01   5.4457821e-01   4.7188590e-01   5.1929648e-01   4.0339248e-01   4.0303356e-01   4.6405415e-01   4.8306431e-01   4.7081316e-01   4.3932140e-01   4.9064462e-01   4.6188387e-01   4.3741942e-01
   5.3233036e-01   4.7941469e-01   4.0962698e-01   4.2885952e-01   5.7497968e-01   4.5320886e-01   4.6269277e-01   4.4363724e-01   4.3409413e-01   4.9406777e-01   5.6750258e-01   4.8938877e-01   4.6714814e-01   5.7363119e-01   5.4757720e-01   5.8612648e-01   4.7661948e-01   5.0760835e-01   5.4637301e-01   5.8141273e-01   4.2375596e-01   4.6748513e-01   4.0459040e-01   4.5818870e-01   4.2860477e-01   5.1126280e-01   4.1475311e-01   4.0091766e-01   5.4431748e-01   5.0823455e-01   4.2913409e-01   5.1614054e-01   5.9393639e-01   5.6490673e-01   4.8273313e-01   5.3609444e-01   5.2579056e-01   4.7741497e-01   5.1761292e-01   4.3889551e-01   5.5669500e-01   5.8164589e-01   4.2437340e-01   5.0237946e-01   4.3900949e-01   0.0000000e+00   5.2714346e-01   4.9998509e-01   5.4262241e-01   4.6833441e-01   5.1447727e-01   4.1469540e-01   5.9656391e-01   5.1344193e-01   4.9679527e-01   5.9251423e-01   5.9644151e-01   5.0472139e-01   5.7765008e-01   4.2505460e-01   5.7811456e-01   5.6958235e-01   5.6531799e-01   5.8198900e-01   4.7689171e-01   5.5493633e-01   5.4705663e-01   4.8940443e-01   5.9436469e-01   5.7706636e-01   5.2325631e-01   5.2435711e-01   4.5093135e-01   4.3271724e-01   5.4619309e-01   4.0451923e-01   4.2080415e-01   4.9184714e-01   4.0516681e-01   5.1952288e-01   5.2207435e-01   5.2441440e-01   5.5899872e-01   4.9679436e-01   5.0864980e-01   5.8834813e-01   4.9056175e-01   4.5025541e-01   5.7921329e-01   4.3543263e-01   4.6084120e-01   5.0795861e-01   5.4163733e-01   5.7533697e-01   5.9250286e-01   4.2797519e-01   5.4526878e-01   4.8741696e-01   5.9820986e-01   4.9467723e-01   4.5204181e-01
   5.2567935e-01   4.9436953e-01   4.4809039e-01   5.7238034e-01   4.5213629e-01   5.3727239e-01   5.3878122e-01   4.8522924e-01   4.8803326e-01   4.6179154e-01   4.8767083e-01   4.8575069e-01   4.4839374e-01   5.0461861e-01   4.3859485e-01   4.6087605e-01   5.8787481e-01   5.4616619e-01   4.0608785e-01   4.2433853e-01   4.7255888e-01   5.8704330e-01   4.1572466e-01   5.4801445e-01   4.3849320e-01   5.2901898e-01   5.9318668e-01   4.8019580e-01   5.2875732e-01   4.8642704e-01   5.8476378e-01   4.5993594e-01   5.0723036e-01   4.5761122e-01   4.4337540e-01   5.2834339e-01   5.7074759e-01   5.6261087e-01   5.1575533e-01   5.7440254e-01   5.6763799e-01   5.0287809e-01   4.7665353e-01   5.9175547e-01   4.4508136e-01   5.8660076e-01   0.0000000e+00   4.3960287e-01   5.0746204e-01   4.4046455e-01   4.9997829e-01   5.0936105e-01   5.1139198e-01   5.9186206e-01   4.2613750e-01   5.5780370e-01   4.9948633e-01   4.5883612e-01   5.4018656e-01   4.3537437e-01   4.0141276e-01   5.2001329e-01   4.8908090e-01   5.8881976e-01   5.5897243e-01   5.9059836e-01   5.0567581e-01   5.9033878e-01   4.8918337e-01   5.5284282e-01   5.2766167e-01   4.5089240e-01   5.7807573e-01   5.5548543e-01   5.3129870e-01   4.8350758e-01   5.5552349e-01   5.0744643e-01   5.2554444e-01   4.5073767e-01   5.2527545e-01   5.5275869e-01   5.6094541e-01   5.4030880e-01   4.2091584e-01   5.6317069e-01   5.0565697e-01   5.3426196e-01   5.5552127e-01   5.9988452e-01   5.8437380e-01   4.0655138e-01   4.9216593e-01   5.4048814e-01   4.9619565e-01   5.8869004e-01   5.7895053e-01   5.6487931e-01   5.1313899e-01   4.7082320e-01   4.4475146e-01
   5.7841585e-01   5.5327277e-01   4.2814047e-01   5.8309573e-01   4.7559999e-01   5.5027562e-01   5.7003664e-01   4.2509719e-01   5.7877162e-01   4.2629465e-01   5.4796760e-01   5.5854382e-01   4.2616213e-01   4.9472079e-01   4.3038206e-01   5.1778300e-01   5.8379611e-01   5.9978879e-01   4.2959996e-01   4.7130240e-01   5.7565087e-01   5.4681597e-01   4.4866644e-01   4.2093144e-01   5.6690269e-01   4.2231741e-01   4.1940476e-01   4.2923226e-01   5.0924840e-01   5.3857530e-01   4.1070262e-01   5.1213207e-01   4.7533846e-01   4.7512757e-01   4.6851052e-01   4.4198421e-01   5.0028108e-01   5.4018323e-01   4.5653895e-01   4.3294508e-01   5.1002819e-01   4.2489771e-01   4.6812753e-01   4.1607234e-01   5.8821904e-01   4.8607609e-01   4.2272582e-01   0.0000000e+00   5.2539989e-01   5.8585646e-01   5.0268261e-01   5.6775591e-01   4.8776438e-01   5.1905769e-01   5.2516401e-01   5.8553969e-01   5.0773874e-01   4.3072027e-01   4.3108212e-01   5.8631503e-01   5.7307601e-01   5.1269935e-01   4.0405955e-01   5.4494765e-01   5.2087828e-01   5.9367409e-01   5.0355325e-01   4.5683750e-01   4.6775641e-01   5.0121744e-01   5.9206552e-01   4.8647793e-01   4.3698522e-01   5.4580605e-01   4.9055470e-01   5.0343637e-01   5.2925543e-01   4.9652364e-01   5.8304582e-01   5.9224008e-01   4.5815307e-01   5.2205789e-01   5.9897488e-01   4.5877560e-01   4.4889519e-01   5.0973288e-01   5.7598445e-01   4.9860562e-01   5.0746479e-01   5.4171929e-01   4.0091048e-01   5.4051308e-01   5.5448663e-01   4.4381480e-01   5.9819356e-01   4.3608562e-01   5.8639621e-01   4.8401475e-01   5.0060264e-01   5.1816538e-01   5.9212118e-01
   4.7050194e-01   5.4919852e-01   4.6960732e-01   5.1368942e-01   5.6078069e-01   5.6991104e-01   5.6747861e-01   5.4812588e-01   4.5910093e-01   5.0714324e-01   5.4411713e-01   5.0926481e-01   5.7147204e-01   5.3710957e-01   4.8509020e-01   5.2252419e-01   5.6856528e-01   5.4678017e-01   5.0033637e-01   4.6203341e-01   5.1533280e-01   5.2244484e-01   5.4699486e-01   5.4611545e-01   4.6253883e-01   5.5231477e-01   4.6953120e-01   4.8786769e-01   4.1204914e-01   4.1275661e-01   5.3226123e-01   5.9851674e-01   4.2516865e-01   4.4321660e-01   5.8400834e-01   5.1605990e-01   5.0847544e-01   5.2553512e-01   4.1724990e-01   4.6046699e-01   5.0731564e-01   4.8259061e-01   4.1251494e-01   5.1603024e-01   5.5139705e-01   4.4107495e-01   5.8660491e-01   4.5098031e-01   0.0000000e+00   4.7027286e-01   4.2369661e-01   5.5928621e-01   5.3121022e-01   5.6890851e-01   5.4429835e-01   4.6282839e-01   4.1094350e-01   4.6242495e-01   4.6258010e-01   5.2700851e-01   4.9719597e-01   5.1054696e-01   5.7479641e-01   5.9345637e-01   5.3612677e-01   5.4646783e-01   5.7450140e-01   5.3451471e-01   4.2221559e-01   4.6009119e-01   5.8558014e-01   5.9747513e-01   4.5025912e-01   4.0239514e-01   4.3022026e-01   4.7320524e-01   5.0115590e-01   5.7025119e-01   4.8154348e-01   4.3513829e-01   4.0606001e-01   4.9940515e-01   4.2683531e-01   5.6980213e-01   5.4459525e-01   5.8572691e-01   4.4755359e-01   4.3406696e-01   5.0292457e-01   4.4096771e-01   5.4132431e-01   5.5045927e-01   4.5881729e-01   5.2786809e-01   4.0696140e-01   5.6559267e-01   5.5949245e-01   4.6164850e-01   4.4785983e-01   4.2363786e-01   4.1050866e-01
   4.5989848e-01   5.2117385e-01   4.4494046e-01   5.8568872e-01   5.9498587e-01   5.3475317e-01   5.5805468e-01   5.2430192e-01   5.3034409e-01   4.5469168e-01   5.5883124e-01   5.7214700e-01   5.0266362e-01   5.7473655e-01   5.1719649e-01   4.8014016e-01   4.0174302e-01   5.1998289e-01   4.0686358e-01   5.1072421e-01   5.1988486e-01   5.4611087e-01   5.9429767e-01   5.4576472e-01   5.5337916e-01   4.3318215e-01   5.0011456e-01   4.6907073e-01   4.2392120e-01   5.9919804e-01   5.2371464e-01   5.0854870e-01   5.7407545e-01   5.9238924e-01   5.5519984e-01   4.2247561e-01   5.8896541e-01   5.8785138e-01   4.8150902e-01   4.8283788e-01   5.5275389e-01   4.0783165e-01   5.8707410e-01   4.9085720e-01   4.3793026e-01   4.5125485e-01   5.0482900e-01   5.4986959e-01   5.0823020e-01   0.0000000e+00   4.9608109e-01   5.4553477e-01   4.3377794e-01   5.7686219e-01   5.4641904e-01   5.7613458e-01   5.5665061e-01   5.8634814e-01   5.2568235e-01   5.4151354e-01   5.3463103e-01   4.4537610e-01   5.8379114e-01   5.7606438e-01   5.1981916e-01   4.3398059e-01   5.2667682e-01   5.4717029e-01   5.5353251e-01   5.7212143e-01   4.5189993e-01   5.8300391e-01   4.9160715e-01   5.2392285e-01   5.9276866e-01   5.4371626e-01   5.7391681e-01   5.9731609e-01   4.2217488e-01   5.4259483e-01   5.9716104e-01   4.8169231e-01   4.6211743e-01   4.2141123e-01   5.6342430e-01   5.6556796e-01   5.8021964e-01   4.8492309e-01   5.9605522e-01   4.0514426e-01   5.0572980e-01   5.4682777e-01   5.4018055e-01   5.7745708e-01   5.4432048e-01   5.7263065e-01   5.1233675e-01   4.7621390e-01   5.8662098e-01   5.8740711e-01   5.2817201e-01
   4.1379063e-01   4.2193921e-01   5.7667672e-01   4.3348754e-01   5.1021800e-01   5.7508680e-01   5.1085071e-01   4.2610107e-01   4.9818902e-01   4.7385599e-01   4.9339779e-01   5.9983262e-01   4.7219922e-01   4.0884718e-01   5.0705088e-01   4.8289843e-01   4.1223413e-01   4.7883016e-01   4.8876083e-01   5.1547429e-01   4.5486427e-01   4.9242041e-01   4.3008481e-01   4.3708608e-01   5.9855584e-01   5.7563594e-01   5.5042736e-01   4.7748494e-01   4.1798609e-01   4.8801547e-01   4.3947100e-01   5.7515271e-01   4.7859693e-01   5.6233974e-01   5.0901203e-01   4.9145814e-01   5.9517432e-01   4.7423100e-01   4.2954630e-01   5.1791157e-01   4.7874420e-01   5.7267680e-01   5.1407195e-01   4.8453505e-01   4.1859570e-01   5.1971489e-01   5.7526043e-01   4.0568101e-01   4.5185882e-01   4.7767446e-01   0.0000000e+00   5.8185827e-01   5.4136324e-01   5.7560739e-01   5.6535496e-01   4.7000446e-01   4.3114156e-01   5.5332624e-01   5.2808897e-01   4.5871590e-01   5.7240450e-01   5.1306674e-01   5.8191605e-01   4.0414200e-01   5.1358189e-01   4.1685158e-01   4.7225971e-01   5.9737608e-01   4.5175363e-01   4.4018699e-01   4.8489018e-01   5.7473183e-01   4.4174265e-01   4.1508821e-01   5.6013387e-01   4.1289247e-01   5.2860031e-01   5.3437843e-01   4.4841533e-01   4.4841616e-01   5.8571121e-01   5.5175936e-01   4.7382751e-01   5.0900954e-01   4.2639747e-01   5.2775179e-01   4.7987144e-01   5.7731478e-01   4.6322920e-01   4.2407822e-01   4.0923279e-01   4.0729150e-01   5.5365780e-01   5.1907782e-01   4.1259240e-01   4.6480550e-01   4.8381349e-01   4.5349586e-01   5.8360183e-01   4.6354419e-01   4.5854449e-01
   4.8009494e-01   4.7054807e-01   4.3708051e-01   4.2017031e-01   5.0749386e-01   4.4139408e-01   5.9712285e-01   5.4023025e-01   5.7380000e-01   4.1204186e-01   4.6585264e-01   5.7357803e-01   5.1671880e-01   4.9630566e-01   5.9120508e-01   4.7614920e-01   5.6054378e-01   4.7569789e-01   4.3021235e-01   5.3082363e-01   5.6710314e-01   4.8687366e-01   5.8652550e-01   4.1202944e-01   4.6251145e-01   5.3730586e-01   5.1089385e-01   5.6806641e-01   4.7388768e-01   4.3566779e-01   4.0511333e-01   4.0155950e-01   4.0513110e-01   4.4356061e-01   4.0858212e-01   5.1920596e-01   5.0209421e-01   5.6385091e-01   4.8336995e-01   5.9487351e-01   4.6553933e-01   5.7346727e-01   5.5585325e-01   5.0604410e-01   4.6752014e-01   5.1681452e-01   4.3184446e-01   5.0958652e-01   5.4962623e-01   5.1437988e-01   5.4974456e-01   0.0000000e+00   5.1087373e-01   4.3900975e-01   5.8041219e-01   5.4898581e-01   5.6789412e-01   4.2131870e-01   4.4376182e-01   5.5410976e-01   4.6455582e-01   5.1150610e-01   4.9613254e-01   4.2071316e-01   5.6567345e-01   5.4580176e-01   5.1513443e-01   5.5108382e-01   5.5017975e-01   4.8739900e-01   5.9658626e-01   4.2100514e-01   4.9480682e-01   5.2085105e-01   4.8728486e-01   5.3424566e-01   4.8726814e-01   4.4969174e-01   4.3678337e-01   4.9394446e-01   4.4422272e-01   4.5584088e-01   5.9758475e-01   4.4426609e-01   5.5176577e-01   5.5148763e-01   4.0555828e-01   4.8185026e-01   5.5305571e-01   5.9341612e-01   4.5434226e-01   5.6817145e-01   5.1597831e-01   5.7981195e-01   5.4990327e-01   4.0051777e-01   4.2955840e-01   5.3831143e-01   4.6533491e-01   5.9251429e-01   4.2677560e-01
   4.5687168e-01   4.1008636e-01   4.0522052e-01   5.9149896e-01   4.0902061e-01   4.3202896e-01   5.7192636e-01   4.7995631e-01   4.5615413e-01   4.4763640e-01   5.4529484e-01   5.9277249e-01   4.9279945e-01   5.6713194e-01   4.8569753e-01   5.4326926e-01   4.1423126e-01   5.3911471e-01   5.8989333e-01   4.6348266e-01   4.5009207e-01   5.9628553e-01   4.6488275e-01   5.0895333e-01   4.4344805e-01   5.6156779e-01   5.8268042e-01   5.7985739e-01   4.3816147e-01   4.1878118e-01   5.5869935e-01   4.7866762e-01   5.9630934e-01   5.7735536e-01   4.8705480e-01   4.9947821e-01   4.4812068e-01   4.7184741e-01   4.1131456e-01   5.2294226e-01   4.4405115e-01   5.2176285e-01   5.4338454e-01   4.4090643e-01   4.3487131e-01   4.8461788e-01   4.7396614e-01   4.4017690e-01   5.7281533e-01   4.8733614e-01   5.9152436e-01   4.1073317e-01   0.0000000e+00   5.4682976e-01   5.4851001e-01   4.4414749e-01   5.2422649e-01   4.5283569e-01   5.6408799e-01   5.6486273e-01   4.1215874e-01   4.9792811e-01   5.6671976e-01   5.3467310e-01   4.8028898e-01   4.5202163e-01   5.0853338e-01   4.9861399e-01   5.2323475e-01   5.9766927e-01   4.3838638e-01   4.6463383e-01   5.6770596e-01   4.2799294e-01   5.0256436e-01   5.0688291e-01   5.2503784e-01   5.3157758e-01   4.4469550e-01   5.5825449e-01   5.4878262e-01   4.6776477e-01   5.6498053e-01   4.3485802e-01   5.6621674e-01   5.5825659e-01   4.0613464e-01   4.3758592e-01   4.7243900e-01   4.0052605e-01   4.0311974e-01   5.6955192e-01   5.1079553e-01   5.9487768e-01   4.8739174e-01   4.2292653e-01   5.6958794e-01   4.0050790e-01   4.6939877e-01   5.5161509e-01   4.9933015e-01
   4.6533961e-01   4.0608823e-01   5.9158388e-01   4.7169348e-01   4.9436380e-01   5.9414670e-01   4.4444691e-01   5.3810845e-01   4.6865035e-01   5.5318935e-01   5.7761218e-01   5.6084028e-01   5.0545896e-01   5.3287648e-01   4.3884135e-01   5.7545516e-01   5.6225793e-01   5.4274024e-01   4.0633384e-01   5.1141121e-01   4.4471370e-01   4.3925590e-01   4.8564827e-01   5.1997152e-01   4.1815811e-01   5.2768559e-01   5.8636875e-01   4.3871594e-01   4.4124874e-01   4.4506878e-01   4.1637990e-01   4.5073284e-01   5.0126993e-01   4.5534107e-01   4.5848909e-01   4.3642071e-01   5.1634344e-01   5.5943188e-01   4.9159932e-01   5.3863421e-01   5.9062410e-01   4.9190096e-01   4.0869268e-01   5.5426039e-01   5.7358694e-01   5.3548298e-01   4.2057444e-01   5.0425110e-01   4.3441524e-01   5.1800684e-01   5.7284918e-01   5.1601704e-01   4.6564804e-01   0.0000000e+00   5.6644495e-01   4.9250323e-01   5.8949476e-01   5.1914235e-01   4.6326137e-01   5.1804974e-01   5.0779877e-01   4.3072592e-01   5.7649944e-01   5.3956416e-01   5.3634346e-01   4.1976946e-01   5.1490641e-01   4.7149502e-01   5.7239221e-01   5.8084562e-01   5.4679429e-01   5.8961286e-01   4.1405586e-01   4.7314076e-01   4.0203627e-01   4.8758320e-01   4.6336123e-01   5.0681684e-01   5.1098952e-01   5.9644288e-01   5.6960076e-01   5.9309454e-01   5.4643378e-01   5.2811478e-01   4.2812726e-01   5.6773907e-01   5.2215840e-01   5.3460264e-01   5.5488206e-01   5.5787145e-01   4.2187872e-01   5.5397322e-01   5.1777630e-01   4.4875723e-01   4.7195026e-01   5.1238391e-01   4.1166958e-01   5.0416998e-01   5.0258243e-01   5.8247158e-01   5.6119926e-01
   4.8346994e-01   5.2592774e-01   4.6038585e-01   5.3711790e-01   5.7794177e-01   5.2700644e-01   4.4474005e-01   5.9134470e-01   4.8350683e-01   5.7493112e-01   4.3098028e-01   4.9399420e-01   4.2791998e-01   5.8903028e-01   5.7836376e-01   4.0556321e-01   4.4995025e-01   5.7655199e-01   4.4982302e-01   5.5721730e-01   4.1951655e-01   5.1510287e-01   4.0688970e-01   5.3419689e-01   5.8309950e-01   5.7589200e-01   4.8173151e-01   4.4535479e-01   5.3987226e-01   5.5678414e-01   4.2310806e-01   5.0482768e-01   5.7703115e-01   5.6144400e-01   4.5387008e-01   5.6351913e-01   4.6859377e-01   4.9875589e-01   4.1608042e-01   4.5683367e-01   5.8579446e-01   5.7225484e-01   5.5999933e-01   4.3062149e-01   4.4868699e-01   5.2402455e-01   5.0715699e-01   5.6786379e-01   4.0866254e-01   4.5813069e-01   4.1644171e-01   5.7138001e-01   4.5383956e-01   4.0629246e-01   0.0000000e+00   4.6488131e-01   5.6121731e-01   4.9299678e-01   4.6050168e-01   5.7786690e-01   5.1744531e-01   5.8786958e-01   4.3472239e-01   4.9922844e-01   4.5395859e-01   5.8331577e-01   4.6217140e-01   5.4067557e-01   4.5386786e-01   5.1563580e-01   4.0371752e-01   4.1074510e-01   4.2349157e-01   4.2660208e-01   4.2768364e-01   5.0056664e-01   4.0557614e-01   4.9449381e-01   5.8865925e-01   5.3324316e-01   4.1940225e-01   4.3191600e-01   5.9409253e-01   4.4112372e-01   4.2804178e-01   4.4651677e-01   4.6827724e-01   5.2673083e-01   5.6748522e-01   4.8565001e-01   4.9176820e-01   4.5209454e-01   5.1380724e-01   4.5909215e-01   4.9073171e-01   5.6213038e-01   4.3812109e-01   5.0130676e-01   5.4685057e-01   5.7093095e-01   4.5425682e-01
   4.9016751e-01   4.6611695e-01   5.4546732e-01   5.9828977e-01   5.5742962e-01   4.7534697e-01   4.4967736e-01   4.8376631e-01   4.7095069e-01   5.4147500e-01   4.4045223e-01   4.1831362e-01   5.2207034e-01   5.3552603e-01   5.4381746e-01   4.5865563e-01   4.2072556e-01   4.3485400e-01   4.1281836e-01   5.0527017e-01   4.7840175e-01   5.1570104e-01   4.0533119e-01   5.1904623e-01   5.3059115e-01   4.1083887e-01   4.1668063e-01   4.0446081e-01   4.1267805e-01   5.2666781e-01   4.2909553e-01   4.7811502e-01   5.0890559e-01   5.0469255e-01   5.2219870e-01   5.0449579e-01   4.8908235e-01   4.0730336e-01   5.1289665e-01   5.5533644e-01   4.0578034e-01   5.7166111e-01   4.6934442e-01   4.7870337e-01   4.4692553e-01   5.8098919e-01   5.7283044e-01   5.3746394e-01   5.7990801e-01   4.5896514e-01   5.7032550e-01   4.1581623e-01   4.8670439e-01   4.9080483e-01   5.1352502e-01   0.0000000e+00   5.0350352e-01   4.8861888e-01   5.7837293e-01   5.6976277e-01   5.7370326e-01   4.8679640e-01   5.6609599e-01   5.9939387e-01   5.8967160e-01   5.0644627e-01   5.2381346e-01   4.3107073e-01   5.5893853e-01   5.5406935e-01   4.0766408e-01   5.9331634e-01   5.1823214e-01   5.8901290e-01   5.3815675e-01   4.3554856e-01   4.7541661e-01   4.3854681e-01   5.9555984e-01   5.6638362e-01   5.8625045e-01   4.0353983e-01   5.1756559e-01   4.0555644e-01   4.9767946e-01   4.9472968e-01   4.2215983e-01   4.6024338e-01   5.8676966e-01   5.3674966e-01   5.5985589e-01   4.7514235e-01   4.6423226e-01   5.9189473e-01   5.0022241e-01   4.4594698e-01   4.0123367e-01   4.5145327e-01   5.3032953e-01   4.7327329e-01   5.5112781e-01
   4.0321279e-01   4.2638550e-01   5.2447586e-01   5.9241631e-01   5.6811433e-01   4.6336084e-01   5.1178224e-01   4.9068995e-01   5.7399435e-01   4.7887293e-01   4.3283017e-01   4.7477704e-01   5.0923940e-01   5.4960383e-01   4.5285076e-01   4.1680113e-01   5.5293757e-01   4.8693911e-01   5.3283529e-01   5.0766611e-01   4.5434762e-01   4.0430470e-01   5.1919633e-01   4.9433207e-01   4.1450454e-01   4.5542068e-01   5.0648449e-01   4.5773573e-01   4.9930393e-01   4.0386820e-01   4.3643142e-01   4.8036141e-01   5.6259219e-01   4.5291644e-01   5.3036770e-01   4.2721080e-01   4.3879483e-01   4.8340992e-01   5.3947824e-01   4.7218825e-01   5.8866784e-01   5.0232570e-01   5.2327800e-01   5.2284917e-01   5.4664079e-01   4.4134851e-01   5.7902110e-01   4.7300999e-01   5.3358747e-01   4.8813689e-01   5.4812250e-01   4.0904024e-01   4.2193019e-01   4.0627078e-01   5.7027144e-01   4.0189530e-01   0.0000000e+00   4.4391319e-01   4.6395275e-01   4.6301135e-01   4.9941723e-01   4.0422686e-01   4.2585431e-01   4.9408648e-01   5.4045563e-01   5.1091193e-01   4.4058540e-01   5.9222639e-01   4.5441321e-01   5.5268412e-01   5.1856054e-01   4.8989520e-01   4.6564208e-01   4.5955106e-01   4.2998012e-01   4.0510063e-01   5.2037151e-01   5.4599999e-01   4.0555807e-01   5.1705932e-01   4.2933986e-01   5.7027120e-01   5.3596554e-01   4.1859628e-01   5.6588847e-01   5.6934413e-01   5.6416220e-01   5.7703380e-01   5.7617512e-01   5.0533393e-01   5.9574490e-01   5.1552731e-01   5.0759058e-01   5.4820345e-01   5.7403051e-01   4.5753300e-01   5.9613824e-01   4.2236878e-01   4.9727772e-01   5.3341118e-01   5.1649249e-01
   4.0010431e-01   4.9791041e-01   5.0759581e-01   5.0040349e-01   5.6962213e-01   5.9525235e-01   5.8523966e-01   5.0221851e-01   4.0048730e-01   4.0216685e-01   5.2802190e-01   5.1380234e-01   5.6016351e-01   5.3139823e-01   5.6733933e-01   4.2459352e-01   5.4391551e-01   4.5760454e-01   4.1889735e-01   4.0145154e-01   4.6064776e-01   4.0609286e-01   4.4877714e-01   5.3705468e-01   4.2626501e-01   4.7363059e-01   5.1007669e-01   4.0227294e-01   4.3898333e-01   4.5766089e-01   4.9878583e-01   5.4063926e-01   5.7272684e-01   5.5374038e-01   5.3137504e-01   4.2762191e-01   4.8794622e-01   5.0740273e-01   4.0833981e-01   5.8918270e-01   5.4197774e-01   5.0251626e-01   5.5669557e-01   4.8881925e-01   4.6203512e-01   5.0534943e-01   4.5680586e-01   5.4709073e-01   5.0933413e-01   4.3658910e-01   4.9147767e-01   5.5881658e-01   5.5029632e-01   5.0468155e-01   5.9967396e-01   5.0384160e-01   5.7308817e-01   0.0000000e+00   4.2024541e-01   5.9591844e-01   5.2804436e-01   4.0109867e-01   4.1109269e-01   4.3930487e-01   5.3225240e-01   5.3810482e-01   4.1783452e-01   4.3169295e-01   5.7828027e-01   5.1188022e-01   4.2353723e-01   5.4548916e-01   4.4196773e-01   4.7933615e-01   5.4312617e-01   4.9138088e-01   4.7838924e-01   4.4126759e-01   4.2781159e-01   4.5103892e-01   4.7379527e-01   5.4465443e-01   5.7572132e-01   4.4762620e-01   4.8569176e-01   4.2490073e-01   5.5906423e-01   4.8808783e-01   4.6241518e-01   4.3480644e-01   5.0664837e-01   4.0765319e-01   5.9064058e-01   5.7491555e-01   4.2959150e-01   5.7229273e-01   5.2126833e-01   5.8589067e-01   4.7400377e-01   5.8419253e-01   4.9070964e-01
   5.0088900e-01   5.1699199e-01   4.0303906e-01   5.9840735e-01   4.8377925e-01   5.3454797e-01   4.8207918e-01   5.9519303e-01   4.9895199e-01   4.0616513e-01   4.2911401e-01   4.4622762e-01   5.0267083e-01   5.4506746e-01   4.4414260e-01   5.5074799e-01   4.5934040e-01   4.3538834e-01   5.8354191e-01   5.8916925e-01   4.7064530e-01   5.0064670e-01   5.0940421e-01   4.8648969e-01   4.1896179e-01   5.5464756e-01   5.4790044e-01   5.3486764e-01   4.8878861e-01   5.2374244e-01   5.1957491e-01   4.2408902e-01   5.6022218e-01   5.3344284e-01   4.9232419e-01   5.1420044e-01   4.8477873e-01   4.0052439e-01   4.4273615e-01   5.9629104e-01   5.6434285e-01   4.1611410e-01   4.0025107e-01   4.1095109e-01   5.1189876e-01   4.3101464e-01   4.1960919e-01   5.0760629e-01   4.7160960e-01   5.6572200e-01   5.9572382e-01   5.3639468e-01   4.7393479e-01   5.2345547e-01   5.9652823e-01   4.1456566e-01   4.8046206e-01   5.5945218e-01   0.0000000e+00   4.1685956e-01   5.5496548e-01   4.7936997e-01   4.7425692e-01   5.5252812e-01   4.2066901e-01   4.0833973e-01   5.6173994e-01   4.4771972e-01   4.8176160e-01   5.4001086e-01   4.3354805e-01   5.1914954e-01   4.2502297e-01   4.0330971e-01   5.0158661e-01   4.3683120e-01   4.3192269e-01   5.2856224e-01   4.8414193e-01   4.9060297e-01   5.6750577e-01   5.7034085e-01   5.4305385e-01   4.0141620e-01   4.9389756e-01   5.5753321e-01   4.4858929e-01   5.9878670e-01   5.3099533e-01   4.1368288e-01   4.7707137e-01   4.2066261e-01   4.2152579e-01   5.1256054e-01   4.8154848e-01   5.7380911e-01   5.5517396e-01   4.1963379e-01   5.5379375e-01   4.2869204e-01   5.9752404e-01
   4.4661741e-01   5.5564030e-01   4.6628540e-01   5.4684981e-01   4.2426120e-01   4.3355744e-01   4.7623416e-01   5.2220668e-01   4.9519198e-01   4.4188592e-01   4.1790401e-01   5.2522912e-01   4.7272150e-01   4.7097852e-01   5.5507646e-01   4.9549149e-01   5.4602978e-01   4.6318345e-01   5.1943773e-01   4.3269795e-01   4.2596211e-01   4.0164762e-01   4.0241474e-01   5.1353583e-01   5.8958454e-01   5.0057579e-01   4.7443108e-01   5.1840364e-01   4.9042749e-01   5.2945189e-01   4.5239869e-01   4.8181435e-01   4.8757674e-01   4.5998405e-01   5.0064015e-01   5.2231125e-01   5.7680856e-01   5.9298449e-01   5.1606887e-01   4.5958514e-01   4.7080077e-01   4.4164288e-01   4.5120648e-01   5.0683728e-01   4.7528111e-01   4.5854542e-01   5.3431793e-01   5.5234314e-01   4.0629080e-01   5.0252763e-01   5.7694228e-01   5.7290918e-01   5.2015253e-01   5.4674322e-01   5.1113723e-01   4.3581978e-01   5.7759484e-01   4.0530348e-01   4.7247712e-01   0.0000000e+00   5.0935582e-01   4.2578563e-01   4.4800352e-01   5.1624236e-01   4.2662019e-01   5.9283072e-01   4.6573238e-01   5.0486509e-01   4.1717609e-01   4.9711458e-01   5.5254036e-01   4.5479145e-01   5.6400979e-01   5.1336014e-01   4.1981657e-01   5.1768983e-01   4.1693197e-01   5.0431149e-01   4.1593831e-01   4.9734496e-01   5.8939789e-01   5.4338128e-01   5.9289044e-01   4.6348371e-01   5.5372370e-01   5.0079051e-01   4.0102089e-01   4.6069515e-01   4.6821482e-01   5.8356227e-01   5.7721468e-01   5.2324056e-01   4.5354744e-01   5.9792466e-01   4.7411240e-01   4.7490988e-01   4.4185596e-01   5.6405320e-01   4.1980256e-01   4.4339531e-01   4.7204994e-01
   4.0753734e-01   5.3823910e-01   4.5069497e-01   4.9700223e-01   5.7493325e-01   4.4679571e-01   5.4954941e-01   4.2290926e-01   4.6088752e-01   5.1465032e-01   5.3725091e-01   5.3916309e-01   4.5531036e-01   4.6822738e-01   4.6001993e-01   5.9159173e-01   4.2364252e-01   4.7575886e-01   4.1314999e-01   4.6256379e-01   5.6260629e-01   5.1181309e-01   5.6411592e-01   5.4410024e-01   5.9598668e-01   4.5230010e-01   4.6382964e-01   4.6270137e-01   4.2284268e-01   4.6939892e-01   4.5302743e-01   4.6842058e-01   4.1206071e-01   4.3865798e-01   4.4538018e-01   4.0353031e-01   5.3374407e-01   4.8660675e-01   5.2738713e-01   5.3644017e-01   5.8951813e-01   5.8492146e-01   4.8728404e-01   5.4860557e-01   5.5269329e-01   5.2049928e-01   4.9293527e-01   5.1045698e-01   5.5166629e-01   4.2460720e-01   5.2410358e-01   5.9432927e-01   5.0292973e-01   4.1181502e-01   5.5902706e-01   5.7857283e-01   4.5146899e-01   5.0660461e-01   5.0517359e-01   4.8391902e-01   0.0000000e+00   5.9743543e-01   5.8497641e-01   5.5448469e-01   4.5209950e-01   5.3755931e-01   5.7945378e-01   4.9657650e-01   4.6492291e-01   4.9536669e-01   5.6201876e-01   4.9205670e-01   5.9644751e-01   5.0304116e-01   5.1163149e-01   5.5546785e-01   4.0196089e-01   5.7753438e-01   4.1725577e-01   5.7336552e-01   5.9784779e-01   4.2523121e-01   5.5891045e-01   5.9315325e-01   5.0855070e-01   5.6135272e-01   5.5507385e-01   5.8590335e-01   5.2934467e-01   5.7447682e-01   5.2628721e-01   5.6499670e-01   4.7014627e-01   4.9951990e-01   5.0807631e-01   5.2491775e-01   5.3600276e-01   5.1259408e-01   5.7618549e-01   4.0173446e-01   5.7371558e-01
   5.9896324e-01   5.1643800e-01   4.0034391e-01   5.3376589e-01   5.1455880e-01   4.9738150e-01   5.6086376e-01   4.5305775e-01   5.6066564e-01   4.9071262e-01   5.0182437e-01   5.5135122e-01   5.2452100e-01   4.6362376e-01   4.0675295e-01   4.1069141e-01   5.3891465e-01   5.0619317e-01   4.8349994e-01   5.7964391e-01   5.5587530e-01   4.6003593e-01   4.7778009e-01   5.6703464e-01   4.0107801e-01   5.1560456e-01   5.7560773e-01   4.5227705e-01   4.7906163e-01   4.7622422e-01   4.3696414e-01   4.5262854e-01   4.5987022e-01   5.4388434e-01   4.0580726e-01   5.2458102e-01   4.5031106e-01   5.5834861e-01   4.2478854e-01   5.9223594e-01   4.2570272e-01   4.4829210e-01   5.7407516e-01   5.1855329e-01   4.9155877e-01   4.4056472e-01   4.1679361e-01   5.4727600e-01   4.0254868e-01   4.4817588e-01   4.4641950e-01   4.0024340e-01   5.8974873e-01   5.4114700e-01   5.7940353e-01   5.1662632e-01   4.9036093e-01   5.5341637e-01   5.1701648e-01   5.9330419e-01   4.6068605e-01   0.0000000e+00   5.4205830e-01   5.3082485e-01   5.6666198e-01   5.4349467e-01   5.7857289e-01   5.6785809e-01   4.6145851e-01   5.4802709e-01   4.6025558e-01   4.1376522e-01   5.4506697e-01   5.7967064e-01   4.4962347e-01   4.5707758e-01   5.3985958e-01   5.7407934e-01   5.4088984e-01   4.0626319e-01   5.5752624e-01   4.6035370e-01   5.7179198e-01   4.9004990e-01   4.4697045e-01   5.9387963e-01   4.6223532e-01   4.5548996e-01   4.9993838e-01   5.0039774e-01   5.2333222e-01   5.1415242e-01   5.9349748e-01   5.1300409e-01   4.1120736e-01   5.5276548e-01   4.9042690e-01   5.8177819e-01   5.0233498e-01   5.8093727e-01   5.4415961e-01
   5.4917212e-01   4.7439581e-01   4.4364839e-01   5.1270036e-01   5.5710544e-01   5.3518772e-01   5.5766497e-01   4.9205432e-01   4.7602467e-01   5.4534493e-01   5.8206562e-01   4.8862088e-01   5.1249804e-01   4.8711824e-01   5.0878716e-01   5.2559766e-01   4.6673402e-01   5.4776612e-01   5.7500902e-01   4.7627100e-01   4.9351602e-01   5.3775319e-01   5.8681627e-01   5.9618470e-01   5.1991779e-01   4.0086601e-01   5.7904366e-01   4.8804298e-01   4.6145621e-01   5.4429824e-01   4.5357185e-01   4.9696528e-01   4.5341918e-01   5.9500867e-01   4.4917914e-01   4.2240566e-01   5.1601180e-01   4.8621611e-01   5.8819636e-01   5.7430902e-01   5.6665192e-01   4.7015574e-01   4.0469013e-01   5.2608545e-01   5.3396013e-01   4.7012436e-01   4.4228850e-01   4.5014329e-01   4.9110782e-01   5.8096152e-01   4.2788657e-01   4.1150584e-01   4.9556354e-01   4.5960063e-01   4.9628481e-01   4.0852207e-01   4.8204248e-01   5.2128747e-01   5.5052235e-01   5.9486271e-01   5.9486295e-01   4.4421694e-01   0.0000000e+00   5.0488150e-01   4.8521574e-01   4.7222810e-01   5.1955632e-01   5.5945872e-01   4.2213248e-01   5.4924502e-01   4.7633293e-01   4.4219019e-01   4.8984992e-01   5.8518973e-01   5.5296130e-01   5.6858294e-01   5.5446359e-01   4.0124070e-01   5.4352431e-01   5.0055713e-01   5.6349029e-01   4.1540811e-01   5.6362867e-01   4.3845363e-01   5.1925230e-01   4.5229674e-01   4.6767278e-01   4.6230693e-01   5.3283945e-01   4.0986121e-01   5.4751374e-01   4.2796118e-01   4.8192318e-01   5.2500054e-01   4.1375597e-01   5.0755912e-01   4.5347792e-01   4.3164657e-01   4.0532791e-01   4.3872476e-01   5.6799745e-01
   4.4319831e-01   4.5289851e-01   4.5057518e-01   4.4930842e-01   4.8543757e-01   4.8746707e-01   4.1486782e-01   4.3132378e-01   5.6701464e-01   5.3127001e-01   5.9646745e-01   5.4825750e-01   5.5873448e-01   5.9440923e-01   5.0765507e-01   5.7348009e-01   5.7907769e-01   5.1747814e-01   4.3218373e-01   5.7237608e-01   4.4277943e-01   5.5451574e-01   4.1041154e-01   5.6298588e-01   5.9114300e-01   4.7730404e-01   5.2608927e-01   4.5262812e-01   5.1290423e-01   5.4786253e-01   4.2483957e-01   4.0089173e-01   4.1718205e-01   5.2128539e-01   5.5342382e-01   5.9306108e-01   5.4427064e-01   5.0832866e-01   5.5152601e-01   5.1039599e-01   4.4279779e-01   4.0519880e-01   5.7882850e-01   4.4577020e-01   5.6287285e-01   4.7008721e-01   5.1573876e-01   4.1137606e-01   5.7627517e-01   5.9563023e-01   5.9247326e-01   5.7282591e-01   5.3240909e-01   5.8759892e-01   5.8879620e-01   5.1999827e-01   5.6899802e-01   5.1791770e-01   4.8283337e-01   4.8902179e-01   5.3829959e-01   4.5010482e-01   5.1096803e-01   0.0000000e+00   4.9989286e-01   4.1131619e-01   5.5391149e-01   5.8509943e-01   5.9466372e-01   4.4051512e-01   5.2190735e-01   5.5920812e-01   5.3071174e-01   5.0730539e-01   5.6527767e-01   5.1594199e-01   4.7647810e-01   5.6926327e-01   4.1013248e-01   5.0010944e-01   5.2534069e-01   4.2504685e-01   4.5311281e-01   4.9379164e-01   4.4285368e-01   4.5744215e-01   4.9807764e-01   4.0798035e-01   4.0799604e-01   5.4089342e-01   4.7797248e-01   5.4696652e-01   5.8489959e-01   4.3274369e-01   5.1941708e-01   4.0007464e-01   5.3433315e-01   4.7403168e-01   4.5085477e-01   5.3068881e-01   4.4909254e-01
   4.6154984e-01   4.0042059e-01   4.3395382e-01   4.8550091e-01   4.9821905e-01   4.4807852e-01   5.6950815e-01   4.1025876e-01   4.2409683e-01   5.1482490e-01   4.5622338e-01   5.4801724e-01   5.8902600e-01   5.3631583e-01   4.5328893e-01   5.8637399e-01   4.3008540e-01   5.2635686e-01   5.3953059e-01   4.5663955e-01   5.9836666e-01   5.7082119e-01   4.3027103e-01   4.0674670e-01   4.1532573e-01   4.3791932e-01   4.2505275e-01   4.7833195e-01   5.5869374e-01   5.4616297e-01   5.1172166e-01   4.8359258e-01   5.9933699e-01   4.0922379e-01   4.8169088e-01   5.8037979e-01   4.2071699e-01   4.0373481e-01   4.3820469e-01   5.6957546e-01   5.3896944e-01   5.8285475e-01   4.3233911e-01   5.6922133e-01   4.3911210e-01   4.1509494e-01   5.4154230e-01   4.9966847e-01   5.7672252e-01   5.0099959e-01   5.5319433e-01   4.5495872e-01   5.0747963e-01   5.7529609e-01   5.5324981e-01   5.1009804e-01   5.8444669e-01   4.5183516e-01   4.8706633e-01   5.3361083e-01   4.7167354e-01   5.6055800e-01   5.2613706e-01   4.3070372e-01   0.0000000e+00   5.8630324e-01   4.1031225e-01   4.7761303e-01   4.3885631e-01   4.1610260e-01   5.4189764e-01   5.1484358e-01   4.0937866e-01   5.4059882e-01   4.4279488e-01   4.5727136e-01   4.8466005e-01   5.7279177e-01   5.9583274e-01   4.1728477e-01   4.1597549e-01   5.7034377e-01   4.5501477e-01   5.8486930e-01   5.4128956e-01   4.5818178e-01   4.7063996e-01   4.8684339e-01   4.2852109e-01   4.1004537e-01   4.1613885e-01   5.3994555e-01   5.3521610e-01   4.0184156e-01   5.4687270e-01   4.0504263e-01   4.1646726e-01   4.6875618e-01   4.6719154e-01   5.3272929e-01   4.8836213e-01
   5.6458001e-01   5.9603205e-01   5.2608242e-01   5.2256653e-01   5.7149646e-01   5.6570936e-01   5.3534554e-01   4.5149567e-01   5.6305192e-01   5.7009217e-01   4.3567804e-01   5.1991677e-01   4.6487407e-01   5.4445906e-01   5.3724649e-01   5.5188577e-01   5.9728007e-01   4.5347475e-01   4.9032499e-01   4.5378067e-01   4.3748777e-01   5.6057668e-01   5.3444456e-01   4.6944535e-01   4.0141330e-01   4.6290232e-01   5.8334598e-01   4.8368421e-01   4.3418995e-01   4.7971678e-01   4.7355163e-01   5.1478295e-01   4.4010692e-01   5.4070446e-01   5.9562524e-01   4.9348121e-01   4.0406349e-01   4.1880691e-01   4.3562980e-01   4.4003067e-01   5.0095916e-01   5.1825039e-01   4.6522952e-01   4.0131164e-01   5.0027763e-01   5.1518996e-01   5.1895315e-01   4.5866431e-01   5.0310019e-01   5.9115655e-01   5.8366562e-01   4.2887335e-01   5.8904085e-01   4.0563845e-01   5.6097181e-01   4.6584825e-01   4.1330657e-01   5.6893869e-01   4.6768872e-01   4.9538360e-01   5.6880838e-01   4.4576681e-01   5.7003725e-01   4.1880358e-01   4.4698416e-01   0.0000000e+00   5.4464507e-01   5.2837349e-01   4.8563261e-01   5.4113247e-01   4.9288320e-01   4.5394685e-01   4.3398101e-01   5.6817979e-01   4.8196864e-01   5.2116805e-01   5.2932943e-01   4.6651169e-01   5.4647904e-01   4.4368344e-01   5.9281728e-01   4.6517321e-01   5.7983843e-01   4.7136422e-01   5.3861678e-01   5.9188402e-01   5.1979928e-01   5.5709158e-01   5.7823103e-01   4.2456674e-01   4.3670290e-01   5.9702735e-01   5.1303490e-01   4.2280016e-01   4.1950681e-01   5.9545063e-01   5.3608228e-01   5.4811268e-01   5.9757814e-01   4.5457546e-01   4.4771490e-01
   4.1897784e-01   4.8224755e-01   5.9921470e-01   5.6518751e-01   4.0042332e-01   5.7957262e-01   4.7333863e-01   4.2676199e-01   5.7542404e-01   5.8115425e-01   5.0117170e-01   4.3462552e-01   4.4091431e-01   4.5864783e-01   4.8237805e-01   4.3952750e-01   5.1432104e-01   4.0598720e-01   4.7660329e-01   5.8810485e-01   4.7495688e-01   5.1182240e-01   4.1357483e-01   5.5855932e-01   5.3776973e-01   5.8973425e-01   4.5321846e-01   4.1017981e-01   4.5322782e-01   4.5895880e-01   4.9790438e-01   5.7862129e-01   5.2390589e-01   5.1530268e-01   4.0384069e-01   5.5530559e-01   5.7914731e-01   5.0925509e-01   5.8208457e-01   4.8849219e-01   5.2845890e-01   4.1081038e-01   5.4135904e-01   4.0837040e-01   5.0158425e-01   5.6542835e-01   4.0236877e-01   5.3462915e-01   5.8445000e-01   5.7169727e-01   5.1137623e-01   4.0116444e-01   5.2259529e-01   5.8082203e-01   5.7866523e-01   5.9150650e-01   4.7949530e-01   5.5388416e-01   5.8686071e-01   5.4380556e-01   5.8895002e-01   5.6911744e-01   4.4250180e-01   4.4260994e-01   4.1556208e-01   5.8080611e-01   0.0000000e+00   5.1964353e-01   5.0856452e-01   4.8940999e-01   4.7278254e-01   5.5918999e-01   4.6184006e-01   4.1698668e-01   4.7759326e-01   5.1390977e-01   5.9310829e-01   5.1079059e-01   5.2968700e-01   5.9475492e-01   4.7365985e-01   5.9791598e-01   4.4105684e-01   5.7150497e-01   5.5627387e-01   4.6326033e-01   4.6388559e-01   5.2504468e-01   5.7956310e-01   5.6648960e-01   4.8475171e-01   4.0453479e-01   4.8491583e-01   4.6009791e-01   5.9433083e-01   5.0848230e-01   4.0057529e-01   5.7126605e-01   5.3017238e-01   5.9129930e-01   4.0450330e-01
   4.6296873e-01   4.4721347e-01   4.1972273e-01   5.2184965e-01   4.1794297e-01   5.2401954e-01   5.9867551e-01   5.5192457e-01   5.1806066e-01   4.9686641e-01   5.9439173e-01   4.7018035e-01   5.8142081e-01   5.3848715e-01   4.4730610e-01   4.0900965e-01   4.0535619e-01   5.1329103e-01   4.0196199e-01   5.7002862e-01   5.3520067e-01   4.3745128e-01   5.8005185e-01   5.4161334e-01   4.3217711e-01   4.8519510e-01   5.8515637e-01   4.9278968e-01   4.4552105e-01   4.5076344e-01   4.4728672e-01   5.5590042e-01   5.5230101e-01   5.2139202e-01   5.5692343e-01   5.1708541e-01   5.1976228e-01   5.9634858e-01   4.4599376e-01   5.1014649e-01   5.4418360e-01   5.2634502e-01   5.4800113e-01   4.4926943e-01   5.2087085e-01   4.0841343e-01   4.5308062e-01   5.1398115e-01   4.3502267e-01   5.2439323e-01   5.8971140e-01   4.8429611e-01   4.2840394e-01   5.9277929e-01   4.9127576e-01   4.7355509e-01   5.8465511e-01   4.0212702e-01   5.0550263e-01   5.1031422e-01   4.8742401e-01   5.7985169e-01   5.1066171e-01   5.2059227e-01   5.7426976e-01   4.1183561e-01   4.0040793e-01   0.0000000e+00   4.7297802e-01   4.6964682e-01   5.9910926e-01   4.6704565e-01   5.4336423e-01   4.9320053e-01   5.4878842e-01   4.0906805e-01   5.4247300e-01   4.5446746e-01   4.4022940e-01   5.0591305e-01   4.0038665e-01   4.5501571e-01   5.5197592e-01   5.2021145e-01   4.4376654e-01   5.0743284e-01   4.5587571e-01   4.0066312e-01   5.5230575e-01   4.7846751e-01   5.1247312e-01   5.6865072e-01   5.8068128e-01   4.0729212e-01   5.9992398e-01   5.5588944e-01   5.8298582e-01   4.6044011e-01   4.4161686e-01   5.8367936e-01   5.0239300e-01
   4.4805282e-01   4.1370541e-01   4.4797704e-01   4.0344229e-01   5.8493947e-01   5.6540204e-01   4.3536652e-01   5.5464815e-01   5.0429350e-01   5.5431631e-01   4.3624273e-01   5.0773075e-01   5.3212346e-01   5.3503094e-01   5.1748720e-01   4.1247059e-01   4.3812596e-01   5.5106633e-01   4.2678281e-01   4.7794677e-01   4.4962774e-01   4.0938073e-01   4.4169354e-01   5.1682731e-01   5.5188076e-01   5.2943008e-01   4.4561957e-01   4.5086747e-01   5.3409118e-01   5.3356812e-01   4.8028863e-01   5.8266622e-01   5.5028905e-01   5.2120265e-01   5.1456592e-01   4.5551941e-01   5.2630476e-01   5.5763481e-01   5.2057537e-01   5.7595079e-01   4.4347903e-01   4.9951972e-01   4.3716550e-01   5.2224222e-01   5.0876579e-01   5.7248342e-01   4.3342624e-01   5.6454647e-01   5.9918770e-01   4.6324937e-01   5.6997096e-01   5.4678369e-01   5.6061166e-01   4.3386455e-01   5.0259159e-01   5.3509323e-01   4.0445700e-01   4.7211473e-01   5.5178611e-01   5.8689190e-01   4.1483898e-01   4.5167117e-01   4.4877452e-01   5.0800935e-01   5.7817381e-01   4.5154760e-01   4.8099631e-01   5.5307618e-01   0.0000000e+00   5.0944320e-01   4.6672182e-01   4.0471325e-01   5.4102520e-01   5.7154217e-01   4.9669853e-01   4.9514997e-01   4.6348902e-01   4.5811302e-01   5.6620727e-01   4.1068713e-01   5.5044718e-01   4.0967160e-01   5.5958154e-01   5.0738995e-01   4.7452380e-01   4.4391601e-01   4.0481432e-01   5.7195235e-01   5.2127219e-01   4.9453419e-01   4.2108498e-01   5.4529978e-01   5.6869086e-01   4.5404384e-01   4.8110987e-01   4.8073375e-01   5.9183392e-01   4.4888983e-01   5.6056970e-01   4.6008340e-01   4.4367282e-01
   5.3514796e-01   5.0675201e-01   5.0975802e-01   5.2598877e-01   5.6206076e-01   5.4730911e-01   5.3555539e-01   5.8042633e-01   5.9546850e-01   5.0879382e-01   4.1716041e-01   4.1014879e-01   5.6194806e-01   4.2808354e-01   4.5179836e-01   4.0129003e-01   5.2943370e-01   5.5536640e-01   4.5058786e-01   5.5092194e-01   5.8670578e-01   4.1092872e-01   4.1162363e-01   5.2852567e-01   4.4132228e-01   5.6729099e-01   4.8676959e-01   5.0643064e-01   4.0973538e-01   5.5576654e-01   5.0597902e-01   4.6242075e-01   5.3678444e-01   5.2842341e-01   5.3186742e-01   4.9834106e-01   4.7853753e-01   5.0442642e-01   5.4688357e-01   5.8404920e-01   4.2591570e-01   4.6088863e-01   5.0817579e-01   5.2882376e-01   5.2745126e-01   5.6624271e-01   5.0606322e-01   5.9303032e-01   5.6056578e-01   5.4634186e-01   4.7732583e-01   5.2060968e-01   4.0750324e-01   5.7605504e-01   5.9039598e-01   4.7491835e-01   4.7244823e-01   5.4083997e-01   5.7145033e-01   4.7393410e-01   5.9961209e-01   4.1543642e-01   5.4870455e-01   5.0596885e-01   5.9166845e-01   5.5907717e-01   4.4049784e-01   4.2769166e-01   5.9374710e-01   0.0000000e+00   4.8255365e-01   4.0109305e-01   4.0133343e-01   4.8351244e-01   4.5875683e-01   4.3287997e-01   5.5558052e-01   5.9231901e-01   5.1923962e-01   5.7972711e-01   5.0870279e-01   5.5427569e-01   4.1581908e-01   4.9015271e-01   5.7458500e-01   4.3241795e-01   4.9327168e-01   4.2259972e-01   5.9908041e-01   5.6795298e-01   4.9652620e-01   5.8874213e-01   4.9306132e-01   4.2294988e-01   4.9836289e-01   5.6022405e-01   4.4195489e-01   4.3159627e-01   5.3166946e-01   5.9221062e-01   4.4727966e-01
   5.7626032e-01   4.1276937e-01   4.2270355e-01   5.8003386e-01   4.6449471e-01   4.9569984e-01   5.0606616e-01   5.4372842e-01   4.0689594e-01   4.1716301e-01   4.1919241e-01   5.3926432e-01   5.8275527e-01   4.6587675e-01   5.1616428e-01   4.2271756e-01   4.5236911e-01   4.8881321e-01   4.2622871e-01   4.4135972e-01   5.4397699e-01   4.4226422e-01   4.8915477e-01   4.9612365e-01   5.1271381e-01   5.4550781e-01   5.3809580e-01   4.6251350e-01   4.0814005e-01   5.6923560e-01   5.6692164e-01   4.0195437e-01   5.6372640e-01   5.4874029e-01   5.6204626e-01   4.2128606e-01   5.9245783e-01   5.3541836e-01   5.3926963e-01   5.7425148e-01   4.8649036e-01   4.4485866e-01   4.3169825e-01   5.2860657e-01   4.3827421e-01   4.3322438e-01   4.6296108e-01   4.0744510e-01   4.0534888e-01   4.9918603e-01   5.6352430e-01   4.2939912e-01   4.6634513e-01   5.4301405e-01   4.3805376e-01   4.5366933e-01   4.4905115e-01   4.4715462e-01   4.7497141e-01   5.6536543e-01   5.0630733e-01   4.5263963e-01   5.3975798e-01   4.5382656e-01   5.7250058e-01   4.0293265e-01   5.7746140e-01   4.1249310e-01   5.2868965e-01   4.7736701e-01   0.0000000e+00   4.2930893e-01   5.5242496e-01   4.5601863e-01   5.0967411e-01   5.7477339e-01   5.4566702e-01   4.2878830e-01   4.0174328e-01   5.0133651e-01   4.1385841e-01   5.6804692e-01   5.2229251e-01   4.2296695e-01   4.4091658e-01   4.6732967e-01   5.7009423e-01   5.6207326e-01   5.2671717e-01   4.2680153e-01   4.9395999e-01   5.6631471e-01   5.5783503e-01   4.1109152e-01   5.2793125e-01   4.6779351e-01   5.0361793e-01   4.1003126e-01   5.8652200e-01   4.3986733e-01   4.2224120e-01
   4.6215857e-01   4.3394308e-01   5.7937535e-01   5.5651636e-01   5.7875522e-01   4.8923977e-01   5.3286586e-01   5.2817985e-01   4.5365208e-01   5.8906064e-01   5.2257974e-01   5.5605204e-01   5.8010568e-01   5.2727447e-01   4.7721409e-01   4.4093708e-01   5.3457719e-01   4.5817047e-01   4.2232763e-01   4.8604609e-01   4.6406058e-01   4.3567107e-01   5.8641081e-01   4.4518051e-01   5.4767938e-01   4.9249291e-01   5.9614372e-01   4.2639904e-01   4.9714627e-01   5.7848756e-01   4.8733400e-01   5.9569723e-01   4.3568946e-01   5.9377474e-01   5.9775157e-01   5.0089942e-01   4.4340745e-01   5.0286176e-01   5.2668821e-01   5.6489075e-01   4.3143646e-01   4.2303444e-01   5.4255880e-01   5.9532031e-01   4.0850383e-01   5.1689141e-01   4.3013018e-01   5.9940141e-01   4.7210180e-01   4.3570804e-01   4.6584687e-01   4.2573003e-01   5.7823337e-01   5.5827058e-01   5.5739155e-01   5.7576406e-01   4.3981565e-01   5.7774245e-01   4.7638677e-01   5.0026056e-01   4.1569120e-01   5.7462653e-01   4.5963596e-01   4.6074400e-01   4.6484612e-01   4.1922532e-01   4.9164866e-01   5.0091792e-01   4.8856818e-01   5.5223992e-01   4.6131991e-01   0.0000000e+00   5.6398141e-01   5.6084729e-01   4.2431018e-01   5.9528003e-01   4.6872497e-01   5.3666870e-01   5.0971255e-01   5.0324844e-01   5.6719500e-01   4.6028930e-01   4.3645899e-01   4.7584271e-01   4.2728605e-01   5.2531034e-01   4.2129774e-01   4.2978812e-01   5.6352515e-01   4.7217719e-01   5.5031078e-01   4.1440574e-01   4.6108611e-01   4.8878651e-01   4.6747214e-01   4.9300753e-01   5.2934483e-01   5.6830027e-01   4.7832336e-01   4.3736302e-01   4.1951334e-01
   5.8540797e-01   5.7200959e-01   4.6303462e-01   4.2175863e-01   5.5098477e-01   5.8602320e-01   4.3362232e-01   4.8233083e-01   4.2487339e-01   5.6788507e-01   4.6126554e-01   4.7584473e-01   4.4289008e-01   5.2363219e-01   4.3285706e-01   5.6935298e-01   4.5752582e-01   4.2745850e-01   4.5893164e-01   5.9321760e-01   4.9727413e-01   5.1185961e-01   4.1973153e-01   5.7363079e-01   4.1098485e-01   4.2722516e-01   4.5958228e-01   4.6059911e-01   4.3868686e-01   4.5097749e-01   4.8113774e-01   4.7580652e-01   5.3668932e-01   5.7672748e-01   4.2068705e-01   5.9048641e-01   5.8416745e-01   5.5491396e-01   4.6684793e-01   5.0587106e-01   4.5933832e-01   4.2231265e-01   5.2268964e-01   5.7398381e-01   4.5793205e-01   4.2948667e-01   5.5452985e-01   5.2334879e-01   5.4358926e-01   5.6005292e-01   5.7518382e-01   5.3642226e-01   4.4829217e-01   4.4017784e-01   5.4555771e-01   4.4731011e-01   4.9228456e-01   5.5758916e-01   4.2941333e-01   4.3543119e-01   5.1338021e-01   5.9675046e-01   5.8808402e-01   5.8904724e-01   5.4928081e-01   4.1894822e-01   5.8647894e-01   4.5201770e-01   5.8375577e-01   4.1082769e-01   5.2744215e-01   4.3811198e-01   0.0000000e+00   4.3945105e-01   5.6671469e-01   4.2060944e-01   4.3651802e-01   4.9730102e-01   5.0332018e-01   5.7342254e-01   4.8037679e-01   4.8870510e-01   5.6694278e-01   4.1735639e-01   5.8431861e-01   5.8368912e-01   5.8516458e-01   4.1099558e-01   5.7734802e-01   4.9144585e-01   5.5185589e-01   4.0427147e-01   5.6092803e-01   4.3371603e-01   4.5615738e-01   5.0406911e-01   5.4479040e-01   4.1078484e-01   4.6719286e-01   4.7524166e-01   4.1605127e-01
   5.1453320e-01   5.8409112e-01   4.1307272e-01   4.4647724e-01   5.4216641e-01   5.6528539e-01   5.3312593e-01   4.3971896e-01   4.7583195e-01   5.4388363e-01   4.0648666e-01   4.7536047e-01   4.3308492e-01   5.7102099e-01   4.0180216e-01   5.8475298e-01   5.4595984e-01   4.0266697e-01   4.2795012e-01   5.6253476e-01   4.9723143e-01   5.7723591e-01   5.1409515e-01   4.0073351e-01   5.6585702e-01   4.9554177e-01   4.6049842e-01   4.2168668e-01   5.7105502e-01   4.7805413e-01   5.4226167e-01   5.8439384e-01   5.4945189e-01   4.1913116e-01   5.8949924e-01   5.8722589e-01   4.5634696e-01   5.6926637e-01   4.1410238e-01   5.5690882e-01   4.3020204e-01   5.3622409e-01   5.3827111e-01   4.2238139e-01   5.3969962e-01   5.7460457e-01   5.5024991e-01   4.5114574e-01   4.4309749e-01   5.7175701e-01   4.6010517e-01   4.4818657e-01   5.3675210e-01   4.4188078e-01   4.5440584e-01   5.2025688e-01   4.5175139e-01   5.9083015e-01   5.6278632e-01   5.3557095e-01   4.0173656e-01   5.8569327e-01   4.2237087e-01   5.3359181e-01   4.6809227e-01   5.1106237e-01   4.3895920e-01   5.3670144e-01   4.8496426e-01   5.7429762e-01   5.4115222e-01   5.7850771e-01   5.0761396e-01   0.0000000e+00   4.5201183e-01   4.8714135e-01   5.0325859e-01   5.9397405e-01   5.5301894e-01   5.0298158e-01   4.1615096e-01   4.9665027e-01   4.3829311e-01   4.9236940e-01   5.7227795e-01   4.8202998e-01   4.1323716e-01   4.1167069e-01   5.1490069e-01   4.3397290e-01   4.8684967e-01   5.9466350e-01   4.5082014e-01   4.8985068e-01   5.2341019e-01   5.6251736e-01   5.3212081e-01   5.8103802e-01   4.7808183e-01   5.1585621e-01   4.7064119e-01
   4.9296174e-01   4.9240412e-01   4.6829415e-01   4.6705124e-01   5.5669333e-01   4.4824543e-01   4.9774423e-01   5.4295253e-01   4.7789695e-01   5.0589404e-01   5.7544745e-01   4.1802397e-01   4.8860144e-01   5.2901950e-01   5.2699552e-01   5.3075924e-01   5.5190864e-01   5.6589215e-01   4.9364314e-01   5.3933657e-01   4.7071118e-01   5.9125499e-01   5.6851126e-01   5.9613076e-01   5.3289717e-01   4.1593463e-01   4.2082286e-01   5.3066981e-01   4.0686940e-01   4.0208544e-01   5.3005341e-01   5.9072323e-01   4.5294497e-01   4.1033469e-01   4.0591554e-01   5.4546992e-01   5.6845686e-01   4.9508428e-01   5.1041477e-01   4.7432090e-01   4.9604426e-01   5.8839998e-01   4.6668256e-01   4.3854896e-01   4.2767911e-01   5.6723983e-01   5.4887503e-01   4.9322306e-01   4.8608457e-01   5.0822015e-01   4.9195966e-01   4.6766758e-01   5.1615286e-01   5.8348209e-01   5.0629982e-01   4.9677868e-01   4.3120110e-01   4.8233839e-01   4.5330645e-01   5.2111756e-01   5.6250178e-01   5.2911314e-01   5.3859207e-01   5.5640761e-01   5.4217367e-01   5.0278075e-01   4.7444768e-01   5.3183341e-01   5.5558245e-01   5.4368686e-01   5.6872131e-01   4.0794610e-01   5.7497371e-01   5.7129255e-01   0.0000000e+00   4.9859470e-01   5.7198205e-01   5.5756999e-01   5.3275202e-01   4.2199205e-01   5.5914003e-01   5.6009083e-01   4.8990243e-01   4.5113162e-01   5.8171776e-01   4.0645991e-01   5.6449051e-01   5.4343223e-01   4.3056170e-01   4.7461343e-01   4.5151654e-01   4.9070329e-01   5.9179007e-01   4.2002110e-01   4.8473782e-01   5.9100554e-01   5.2029986e-01   4.4356173e-01   5.1407499e-01   4.6112087e-01   4.9159666e-01
   5.1265759e-01   4.5695520e-01   4.8463037e-01   5.3154736e-01   5.4786050e-01   5.5620146e-01   5.3492636e-01   5.4148562e-01   5.5388846e-01   4.0543395e-01   5.0662081e-01   5.9298843e-01   5.3626437e-01   4.3879997e-01   5.0450940e-01   4.9384706e-01   4.4705969e-01   4.7324918e-01   4.7641742e-01   4.3014296e-01   5.5197871e-01   5.4882521e-01   5.9448082e-01   5.4032800e-01   5.7026294e-01   5.2906192e-01   5.0299245e-01   4.5697534e-01   4.4384628e-01   5.1334090e-01   4.4452894e-01   5.3881802e-01   4.2025242e-01   5.2476508e-01   5.2380095e-01   4.9188227e-01   4.4640186e-01   5.4659312e-01   4.9556245e-01   4.0031328e-01   5.2793390e-01   5.8364489e-01   4.9087058e-01   5.8145781e-01   4.0513489e-01   4.5526617e-01   5.5146836e-01   5.8376150e-01   5.2031708e-01   4.7486669e-01   5.1644838e-01   5.0821404e-01   4.4895050e-01   5.5347463e-01   5.5439285e-01   5.0459495e-01   4.7073149e-01   4.4838855e-01   4.6316314e-01   5.4585683e-01   4.5137501e-01   5.9643437e-01   5.9744696e-01   4.3392888e-01   4.4053343e-01   4.2495346e-01   5.8149824e-01   5.8710616e-01   4.0586925e-01   5.2238591e-01   5.8982992e-01   4.6716014e-01   5.1186248e-01   4.9859887e-01   5.3864939e-01   0.0000000e+00   5.4515590e-01   5.6290604e-01   5.8543717e-01   5.1977003e-01   4.7437011e-01   5.1511417e-01   5.8213349e-01   5.5912812e-01   5.8293322e-01   4.8384016e-01   4.0325463e-01   5.7521507e-01   5.3753892e-01   5.5999546e-01   4.5707855e-01   5.0021371e-01   4.7919882e-01   5.1423455e-01   4.5153435e-01   4.0881471e-01   4.5903833e-01   5.3510108e-01   4.1962958e-01   5.9955310e-01   4.1060697e-01
   4.6715098e-01   5.1082296e-01   4.4187811e-01   5.7650460e-01   4.9416425e-01   5.2783180e-01   5.3845730e-01   5.7879450e-01   4.1281089e-01   5.3522960e-01   4.7755605e-01   5.1586624e-01   5.8916011e-01   5.4274258e-01   5.4622130e-01   5.0946662e-01   5.6114959e-01   4.7008686e-01   4.3378096e-01   5.7312641e-01   4.2572985e-01   4.6427642e-01   4.3904951e-01   5.3221382e-01   4.4484440e-01   4.4170699e-01   5.2248980e-01   5.9463060e-01   5.9202854e-01   5.0088356e-01   4.7907122e-01   4.7712390e-01   5.7834028e-01   5.6558560e-01   5.0224907e-01   4.4708350e-01   4.9181272e-01   4.4120912e-01   4.1746861e-01   5.1069052e-01   5.9490105e-01   5.7369798e-01   5.3587547e-01   4.7360610e-01   5.5726903e-01   5.5124188e-01   4.7371895e-01   5.1561430e-01   4.7171194e-01   4.8557260e-01   5.3728128e-01   5.6320941e-01   4.1023522e-01   4.5084735e-01   5.6686801e-01   4.4258106e-01   5.0555251e-01   5.8580026e-01   5.1293849e-01   5.1300474e-01   5.8104216e-01   4.8963412e-01   5.2436100e-01   5.4771391e-01   4.5562782e-01   4.8318478e-01   5.0033132e-01   4.9153270e-01   5.2245055e-01   4.1260552e-01   4.6903360e-01   4.6383159e-01   4.0065642e-01   4.9335370e-01   4.7059276e-01   4.9708247e-01   0.0000000e+00   5.4889333e-01   5.1828389e-01   4.6769960e-01   5.9527762e-01   4.0690098e-01   5.3119923e-01   4.6870209e-01   5.8537490e-01   5.7135029e-01   5.4447755e-01   5.7316727e-01   5.3572972e-01   4.3497364e-01   4.9938622e-01   4.7937006e-01   5.3047736e-01   5.1700235e-01   5.2642718e-01   4.3754962e-01   4.8424624e-01   5.9111406e-01   5.8043919e-01   4.2744059e-01   5.9752965e-01
   4.9246307e-01   5.5548439e-01   4.7434460e-01   5.2186295e-01   5.3249264e-01   4.5915459e-01   5.3672961e-01   4.2840521e-01   5.6781208e-01   5.3611225e-01   5.2272642e-01   4.6976150e-01   5.4570373e-01   4.2348464e-01   5.2620412e-01   4.3639389e-01   5.3778674e-01   4.2692919e-01   4.6737678e-01   5.4513382e-01   4.9506715e-01   5.4641457e-01   4.2525080e-01   5.5879128e-01   5.0805817e-01   4.2273041e-01   5.4021243e-01   4.2367645e-01   5.5661720e-01   5.1701006e-01   5.9307197e-01   4.6266939e-01   4.3370018e-01   5.8449038e-01   4.7799077e-01   5.4072410e-01   4.0999161e-01   5.5374657e-01   4.6071457e-01   5.2314990e-01   4.1863559e-01   5.3628880e-01   4.0443642e-01   5.0930198e-01   5.0622928e-01   4.6138539e-01   5.4849808e-01   5.6940817e-01   5.9072672e-01   4.3942410e-01   5.1999297e-01   5.1589350e-01   4.5005213e-01   5.1681006e-01   5.1859015e-01   4.2144105e-01   4.6635656e-01   5.3172111e-01   5.3274004e-01   4.9978186e-01   5.8192872e-01   4.3053878e-01   4.9694352e-01   4.0589326e-01   5.1446057e-01   4.9751191e-01   4.3232528e-01   5.7804257e-01   5.7932339e-01   5.6270089e-01   4.8688460e-01   4.2202953e-01   5.1843210e-01   4.9008550e-01   4.3396962e-01   4.7559293e-01   5.5963323e-01   0.0000000e+00   5.6096608e-01   4.2809461e-01   5.7350989e-01   4.0439691e-01   4.7235185e-01   4.1112481e-01   4.2845881e-01   4.1912474e-01   4.8052483e-01   4.6706169e-01   5.0664814e-01   5.2127036e-01   5.3763052e-01   4.3386123e-01   5.4531955e-01   5.1769712e-01   4.1814559e-01   4.8582776e-01   4.4266953e-01   4.7748677e-01   4.8581951e-01   5.4011896e-01   5.9399999e-01
   5.7652901e-01   5.2146058e-01   4.3867455e-01   5.3697986e-01   5.6261170e-01   4.2775265e-01   5.1050290e-01   4.9204653e-01   5.9629902e-01   4.9156297e-01   5.7347260e-01   4.6602026e-01   4.9301880e-01   4.3608078e-01   4.9364258e-01   5.6773469e-01   4.9370846e-01   5.8574777e-01   4.5208916e-01   5.1639411e-01   4.8315910e-01   5.7095934e-01   5.4552639e-01   5.3275953e-01   5.6361185e-01   5.4120219e-01   5.8275724e-01   4.7877740e-01   5.2500049e-01   5.7476944e-01   5.5432458e-01   5.6092158e-01   4.0633199e-01   4.9129403e-01   4.9514442e-01   5.8067093e-01   5.2624619e-01   4.7569062e-01   5.5597509e-01   5.9020430e-01   4.9778642e-01   5.6049596e-01   4.9493909e-01   5.8719791e-01   4.2240009e-01   5.9242147e-01   4.3046586e-01   4.7601831e-01   4.4279152e-01   5.0774278e-01   4.5818269e-01   5.5563015e-01   4.5719424e-01   5.2406612e-01   4.1299770e-01   5.5040485e-01   5.0724212e-01   4.1508188e-01   5.2265940e-01   5.8811066e-01   5.6082966e-01   4.0498039e-01   4.0999943e-01   5.1714927e-01   4.2407860e-01   4.2033004e-01   5.7575519e-01   5.7501571e-01   4.9940038e-01   5.6283408e-01   5.5162308e-01   4.2167672e-01   4.5062424e-01   4.5115234e-01   4.5931306e-01   4.7711081e-01   5.3672865e-01   5.4237850e-01   0.0000000e+00   5.0299052e-01   4.5252476e-01   5.8202503e-01   4.2606499e-01   5.7941793e-01   4.0294166e-01   5.7405741e-01   4.6691883e-01   5.3072209e-01   5.9037059e-01   4.9015984e-01   5.0778451e-01   5.5646927e-01   5.6430699e-01   5.4322208e-01   5.6815269e-01   5.0408517e-01   4.0147274e-01   4.1572986e-01   5.5916305e-01   5.6747038e-01   4.5845756e-01
   5.1878563e-01   4.9274780e-01   5.6002628e-01   5.0314440e-01   4.7539531e-01   5.6706050e-01   4.5337350e-01   4.3007621e-01   4.7028907e-01   5.6602598e-01   4.7268450e-01   5.7657079e-01   5.1701523e-01   4.6067063e-01   5.3938447e-01   5.1349724e-01   4.1434792e-01   4.5043632e-01   5.2672591e-01   4.2459513e-01   4.9914706e-01   4.0612390e-01   4.6024902e-01   5.6799390e-01   5.7374067e-01   4.1436251e-01   5.9525714e-01   5.9592552e-01   5.4177202e-01   5.6377128e-01   5.8938416e-01   4.3578369e-01   5.7325499e-01   4.7005205e-01   5.3458294e-01   4.7579773e-01   5.7645223e-01   5.7742179e-01   4.7272271e-01   4.8037643e-01   4.9233073e-01   5.8630926e-01   5.5689653e-01   4.6821771e-01   4.9928801e-01   4.0704462e-01   5.5013373e-01   5.0268699e-01   5.8478429e-01   5.9440837e-01   5.2208082e-01   5.4453496e-01   5.2622667e-01   5.2388733e-01   4.4728517e-01   5.8037515e-01   4.4724740e-01   5.5267608e-01   5.4573409e-01   5.5531369e-01   5.1898698e-01   4.0809700e-01   4.9706551e-01   4.7306867e-01   5.4328121e-01   4.2718358e-01   5.1624345e-01   5.6989337e-01   4.5559990e-01   4.6895991e-01   5.7550461e-01   5.5128993e-01   5.3792369e-01   5.7091983e-01   4.6732149e-01   5.9983561e-01   4.0503332e-01   5.6681475e-01   5.0182291e-01   0.0000000e+00   4.1087714e-01   4.9425727e-01   4.3959522e-01   5.9858768e-01   4.0524083e-01   5.3668100e-01   4.7738639e-01   4.3154898e-01   5.8940145e-01   5.9880971e-01   5.6459874e-01   4.6845673e-01   5.2779362e-01   4.2099195e-01   4.0526736e-01   5.6244810e-01   5.5436281e-01   5.4066082e-01   4.7507986e-01   4.1878385e-01   5.6630942e-01
   4.9797285e-01   4.0339349e-01   4.0036621e-01   5.5588115e-01   5.5690722e-01   4.7360958e-01   5.7757674e-01   5.8742523e-01   4.5392841e-01   5.8062488e-01   5.7382938e-01   5.1603476e-01   4.5150541e-01   4.4190688e-01   5.6345238e-01   5.5016575e-01   5.1821543e-01   5.6773527e-01   5.4091530e-01   5.4079747e-01   4.5777896e-01   4.4505295e-01   4.8938661e-01   4.6619362e-01   5.6838375e-01   4.8516991e-01   5.8704515e-01   5.1187555e-01   5.9848469e-01   4.1306815e-01   5.1426497e-01   5.4435499e-01   4.3109427e-01   4.7268900e-01   5.5484595e-01   4.6946332e-01   5.4561949e-01   5.2961029e-01   4.1370950e-01   5.9116045e-01   5.7756233e-01   4.8926574e-01   4.0380694e-01   4.1025321e-01   4.8095251e-01   4.9808347e-01   5.5791092e-01   5.9046379e-01   5.5349699e-01   4.8092948e-01   5.6073244e-01   4.1514715e-01   4.2013702e-01   4.7199813e-01   5.0268730e-01   4.9400609e-01   5.2217494e-01   5.0414911e-01   4.3958675e-01   4.0725918e-01   5.3690750e-01   4.6076415e-01   5.6457694e-01   4.8940419e-01   5.9978474e-01   5.7885842e-01   4.4267478e-01   4.8574946e-01   5.6293852e-01   4.5867072e-01   5.5859945e-01   5.5263484e-01   5.9600016e-01   5.0809138e-01   5.7175070e-01   4.0761930e-01   4.9708862e-01   4.2052845e-01   4.6257164e-01   5.5745353e-01   0.0000000e+00   4.6529806e-01   4.1829876e-01   5.6349741e-01   4.2198415e-01   4.4906034e-01   4.0277161e-01   5.3988713e-01   4.6712051e-01   4.1825701e-01   5.0484448e-01   5.0919353e-01   5.9971318e-01   4.6826981e-01   5.3535643e-01   4.0366458e-01   5.6395399e-01   4.0422172e-01   4.9848682e-01   5.4802933e-01   5.0173881e-01
   4.0754096e-01   5.1407671e-01   4.4470688e-01   4.7112056e-01   5.8003619e-01   5.9638508e-01   5.4968669e-01   4.5957332e-01   4.4933509e-01   5.7715616e-01   4.0696677e-01   4.9801734e-01   5.8703670e-01   5.4258036e-01   5.3669283e-01   5.6142045e-01   4.9693519e-01   4.9406508e-01   5.2691287e-01   5.4773984e-01   5.7594695e-01   5.3623153e-01   4.1439785e-01   5.4343053e-01   4.8323496e-01   5.9232827e-01   4.6857979e-01   5.5526259e-01   4.9182410e-01   5.0960494e-01   5.6093750e-01   5.3946119e-01   4.6301754e-01   5.3231210e-01   4.5212686e-01   4.8132493e-01   4.3381615e-01   5.0179901e-01   5.8422279e-01   4.9975306e-01   4.8767888e-01   5.4998904e-01   4.3980986e-01   4.5665672e-01   5.5110947e-01   4.2969228e-01   4.6925160e-01   4.3901588e-01   5.2073475e-01   5.9518605e-01   4.4651347e-01   4.8605242e-01   4.9727249e-01   5.6275940e-01   4.8246405e-01   4.8817028e-01   5.8444494e-01   5.6494560e-01   4.8178776e-01   5.7250242e-01   5.0378438e-01   4.0307362e-01   4.8141575e-01   5.9635432e-01   4.3958397e-01   4.5481637e-01   5.7755870e-01   5.9755844e-01   5.3598816e-01   4.7054045e-01   5.8804399e-01   4.8243586e-01   4.7213681e-01   5.2431637e-01   4.9373648e-01   5.0364214e-01   5.3780092e-01   4.2785506e-01   4.2281260e-01   5.2904152e-01   5.0577056e-01   0.0000000e+00   4.5067086e-01   5.2488083e-01   4.0050990e-01   4.9319230e-01   4.8529387e-01   4.4159422e-01   5.7282162e-01   5.9419665e-01   5.8807567e-01   5.1118113e-01   5.0497720e-01   5.0566669e-01   4.2250859e-01   4.6063340e-01   4.9175939e-01   5.7803812e-01   4.9664084e-01   5.3627696e-01   5.9014395e-01
   5.0250805e-01   5.0011265e-01   4.7907679e-01   5.4093970e-01   4.6003816e-01   4.1253793e-01   5.6920077e-01   4.2421293e-01   5.5135726e-01   5.3478787e-01   4.2032274e-01   5.0502171e-01   4.8544618e-01   4.4773607e-01   5.9630298e-01   5.1809898e-01   5.2551997e-01   5.3677898e-01   5.5679886e-01   4.7377350e-01   4.0764133e-01   4.4808690e-01   4.9960243e-01   4.1302308e-01   5.1654760e-01   4.1372541e-01   4.5062218e-01   5.5254377e-01   4.6245252e-01   4.4960396e-01   4.3751616e-01   4.6382749e-01   5.3281907e-01   5.4070163e-01   5.3973756e-01   5.8662188e-01   5.2586731e-01   4.8409695e-01   4.4368954e-01   5.3823905e-01   4.9130943e-01   5.1344932e-01   5.6144374e-01   4.4101196e-01   5.5677046e-01   5.8955578e-01   4.4067589e-01   4.5339374e-01   5.5650892e-01   5.6886143e-01   4.9421170e-01   4.0760683e-01   5.3992047e-01   4.4443803e-01   5.9451138e-01   4.0147460e-01   4.3704884e-01   5.4553082e-01   5.3671765e-01   4.3802343e-01   4.0684986e-01   4.2750691e-01   4.6958984e-01   4.0776483e-01   4.4451469e-01   5.5190738e-01   5.8569254e-01   4.4204827e-01   5.0369882e-01   5.2714894e-01   4.6998959e-01   5.1507968e-01   4.4318679e-01   4.9688570e-01   4.1090298e-01   5.8725418e-01   5.5788470e-01   4.1035203e-01   4.4565941e-01   4.9012995e-01   5.7657752e-01   4.5174225e-01   0.0000000e+00   5.2837901e-01   4.0143401e-01   5.5823015e-01   5.5660575e-01   4.5799883e-01   5.2643014e-01   4.1606421e-01   4.2647807e-01   4.4092936e-01   4.4021021e-01   5.2344392e-01   4.6018464e-01   4.5417627e-01   4.9690692e-01   5.5605731e-01   4.1381106e-01   5.7852291e-01   4.1260509e-01
   5.3440472e-01   4.6684346e-01   5.0083492e-01   4.5852322e-01   4.6862932e-01   5.4099937e-01   4.7251117e-01   5.3091746e-01   5.5440331e-01   4.7599120e-01   5.5388442e-01   4.7603744e-01   5.9967517e-01   4.3987056e-01   4.9179371e-01   4.3590892e-01   4.8923373e-01   4.4430841e-01   5.2867273e-01   4.9265670e-01   5.8969406e-01   4.9316101e-01   4.5666417e-01   4.4513063e-01   4.8169243e-01   5.2267791e-01   5.6424456e-01   5.3122949e-01   5.8257864e-01   5.7841425e-01   5.2443447e-01   4.4123089e-01   4.0927969e-01   4.4754592e-01   4.5683235e-01   4.3656339e-01   5.3578230e-01   5.2733932e-01   4.5822986e-01   5.2582696e-01   5.1577255e-01   5.8363751e-01   5.4638203e-01   5.7479559e-01   5.6099524e-01   4.0923597e-01   4.1133591e-01   5.7974661e-01   5.9601776e-01   5.7560578e-01   4.5378753e-01   5.8509364e-01   5.2899939e-01   4.5890861e-01   5.8142132e-01   5.4906085e-01   5.3333434e-01   4.7419783e-01   5.3351511e-01   4.7226676e-01   5.0118320e-01   5.5935073e-01   4.2773868e-01   4.0262553e-01   5.7560687e-01   5.2696588e-01   4.8694313e-01   5.4563365e-01   5.5779957e-01   4.8359783e-01   4.7306645e-01   5.4291973e-01   5.7744135e-01   4.7665157e-01   4.9103346e-01   5.5441304e-01   4.2319371e-01   5.8756780e-01   4.1001596e-01   4.7521883e-01   5.7054573e-01   4.2247296e-01   4.0648208e-01   0.0000000e+00   5.2358860e-01   4.5100421e-01   5.5688794e-01   5.1703844e-01   4.9238222e-01   5.7055756e-01   4.5702845e-01   5.1866892e-01   5.6378969e-01   4.4857191e-01   4.6090859e-01   4.6155974e-01   5.7040090e-01   4.2688098e-01   5.0023862e-01   4.8704342e-01   5.6621547e-01
   5.9741581e-01   5.9268511e-01   4.5512774e-01   5.4279590e-01   4.6333241e-01   4.3302427e-01   5.9058833e-01   5.5086932e-01   5.5803217e-01   5.8271881e-01   4.5336451e-01   5.2744026e-01   4.3714260e-01   4.4694601e-01   5.7748570e-01   4.2188699e-01   4.0265812e-01   5.8678409e-01   4.8133349e-01   5.1245660e-01   4.5257692e-01   5.3257085e-01   5.7859182e-01   4.4457896e-01   5.2103203e-01   4.8360748e-01   5.2229195e-01   4.5605784e-01   5.8553136e-01   4.1259634e-01   5.4202308e-01   4.0661703e-01   4.3720475e-01   4.5523524e-01   5.9980253e-01   4.9405294e-01   5.5608123e-01   4.1257022e-01   4.1967228e-01   4.1496318e-01   4.4397810e-01   5.0712906e-01   5.1507005e-01   5.2200870e-01   5.8114975e-01   4.1464304e-01   4.4287424e-01   5.4847380e-01   5.3250285e-01   5.8531254e-01   5.0446181e-01   4.7001968e-01   4.3767480e-01   5.8087310e-01   4.5857584e-01   4.6171406e-01   5.7457523e-01   4.0584689e-01   4.4566039e-01   5.7219547e-01   5.3190593e-01   4.2149006e-01   4.9816201e-01   4.4052901e-01   4.7679377e-01   5.6034971e-01   5.0663099e-01   5.8231125e-01   4.8956254e-01   4.2506312e-01   5.2295688e-01   4.6276120e-01   4.9616985e-01   4.6280470e-01   4.9801180e-01   4.2880263e-01   4.4157026e-01   5.8798977e-01   5.3371987e-01   4.6017790e-01   4.8999502e-01   5.8812750e-01   5.6853879e-01   5.9368457e-01   0.0000000e+00   4.8319003e-01   5.7358585e-01   4.9528973e-01   4.6238797e-01   4.8770353e-01   4.0993181e-01   5.8602398e-01   4.2435179e-01   4.6962233e-01   4.9241809e-01   4.2753018e-01   5.1488657e-01   4.6334668e-01   5.6437854e-01   4.2544797e-01   4.3245916e-01
   5.4791537e-01   4.1209347e-01   5.8424726e-01   5.9873155e-01   4.6788009e-01   5.6112266e-01   4.1487040e-01   5.9145743e-01   4.8676986e-01   4.3860024e-01   4.6012169e-01   5.2943995e-01   5.0560691e-01   4.2924119e-01   4.5323615e-01   4.7296421e-01   4.5705981e-01   4.1660059e-01   4.6891990e-01   5.2656824e-01   4.0389326e-01   5.2702287e-01   4.8676579e-01   4.9489368e-01   5.6547333e-01   4.1832465e-01   5.3083098e-01   4.2396102e-01   5.1089278e-01   5.8681165e-01   5.9745001e-01   4.7837626e-01   5.3933651e-01   5.3226973e-01   5.8285461e-01   4.0002996e-01   4.3489951e-01   5.8924157e-01   5.6320768e-01   5.2017147e-01   5.4346122e-01   4.3371497e-01   5.4180140e-01   5.4329062e-01   5.7776803e-01   4.5781355e-01   5.0137588e-01   5.9117905e-01   5.8212498e-01   4.2792267e-01   4.0661816e-01   5.0090312e-01   5.2554266e-01   5.2689961e-01   5.1725079e-01   5.1197998e-01   4.2967838e-01   4.8143167e-01   5.8737530e-01   5.5507004e-01   4.5024764e-01   4.0589484e-01   5.4505065e-01   4.5157755e-01   4.0017069e-01   5.2430327e-01   5.1605719e-01   4.5555419e-01   4.3295901e-01   4.0246757e-01   5.9429673e-01   5.3403818e-01   4.8020350e-01   5.4845360e-01   4.7001211e-01   4.4908055e-01   5.2425902e-01   4.4385613e-01   5.0734452e-01   4.5415566e-01   5.1303620e-01   5.5981687e-01   4.3173348e-01   5.7275286e-01   4.4649289e-01   0.0000000e+00   4.4546795e-01   4.1571415e-01   4.0034662e-01   5.6485413e-01   4.7016717e-01   4.1016515e-01   4.8240386e-01   4.9335306e-01   5.4995037e-01   5.4801450e-01   4.8987587e-01   5.4014808e-01   4.0460804e-01   4.1842346e-01   5.1540128e-01
   4.2300177e-01   5.2997122e-01   5.8587434e-01   5.9402317e-01   4.1618937e-01   4.2730101e-01   5.7377378e-01   5.9591473e-01   5.2071808e-01   5.5190468e-01   4.5686573e-01   5.4823636e-01   5.1179619e-01   5.4467809e-01   4.8811626e-01   4.4168812e-01   5.3585346e-01   4.6638089e-01   4.8485768e-01   4.5592839e-01   5.2671479e-01   5.6233175e-01   4.1718724e-01   4.2361772e-01   4.1042330e-01   4.2437855e-01   5.8332274e-01   4.2662504e-01   5.1880197e-01   4.2276963e-01   5.7313415e-01   4.0675444e-01   5.6559745e-01   4.8608356e-01   5.0873029e-01   4.2597517e-01   5.4783413e-01   5.1071994e-01   5.5696229e-01   5.4420556e-01   5.7188952e-01   4.7702001e-01   5.9345457e-01   5.9163131e-01   4.2719796e-01   4.1457264e-01   4.8697571e-01   4.0520866e-01   4.2812009e-01   4.3686791e-01   5.3614754e-01   5.3874874e-01   4.6422965e-01   4.4078712e-01   5.2679099e-01   5.5952085e-01   4.8324163e-01   4.8699096e-01   4.2281909e-01   4.6554533e-01   4.4837333e-01   5.5361924e-01   4.6533045e-01   5.8376677e-01   4.6423489e-01   4.1256856e-01   4.9033442e-01   5.1131072e-01   4.6401144e-01   4.7376856e-01   5.3985795e-01   5.3819897e-01   5.4625091e-01   5.8512695e-01   5.6253825e-01   4.2845649e-01   4.1070594e-01   5.7286177e-01   4.1338190e-01   5.9992331e-01   4.3321653e-01   5.4135124e-01   5.8460094e-01   5.6245441e-01   4.1434778e-01   4.6185055e-01   0.0000000e+00   5.4691602e-01   5.5380813e-01   4.5506861e-01   4.3803717e-01   5.2297792e-01   5.8518238e-01   5.4864948e-01   5.1581327e-01   4.6565460e-01   4.8614285e-01   5.3044722e-01   4.8958227e-01   4.5309207e-01   4.6050396e-01
   4.2521396e-01   5.1126172e-01   4.1112713e-01   5.7517728e-01   4.9331358e-01   5.6060484e-01   5.0610406e-01   5.3664482e-01   5.6124409e-01   5.3965906e-01   4.7232174e-01   5.5993362e-01   4.3682896e-01   4.4622863e-01   5.4859514e-01   4.9244093e-01   5.1789122e-01   5.5949199e-01   4.4386199e-01   4.2574598e-01   4.9151651e-01   4.7631757e-01   4.3982935e-01   4.2475671e-01   4.7673871e-01   5.2741212e-01   5.1996669e-01   4.6110802e-01   5.7100987e-01   5.4337819e-01   4.0019052e-01   5.3815626e-01   4.9907353e-01   5.8977323e-01   5.8995322e-01   5.6041849e-01   4.1881998e-01   4.0086360e-01   4.9719138e-01   5.6482759e-01   4.5473130e-01   4.6101516e-01   4.7669152e-01   5.3201351e-01   5.4433779e-01   5.2679164e-01   4.0292333e-01   5.6283994e-01   5.3006218e-01   4.8566297e-01   4.5848633e-01   4.8915391e-01   4.2799314e-01   4.6613945e-01   4.1760676e-01   4.0757201e-01   4.5411192e-01   4.4614540e-01   4.8331634e-01   4.7249747e-01   5.8508123e-01   4.1452089e-01   4.2853877e-01   5.5554657e-01   4.1208538e-01   5.0299600e-01   4.8800995e-01   4.0560394e-01   4.5003176e-01   5.5866861e-01   4.1991874e-01   4.0034288e-01   5.1768343e-01   4.6664232e-01   4.8022726e-01   5.5800436e-01   4.8531262e-01   4.5582838e-01   4.3743573e-01   5.1499784e-01   4.7828731e-01   4.7830295e-01   5.4302421e-01   4.6505708e-01   4.8961310e-01   4.0115223e-01   5.6843339e-01   0.0000000e+00   5.4415396e-01   4.5822223e-01   4.7215905e-01   4.5946084e-01   5.2380784e-01   4.6912953e-01   5.0678638e-01   5.4912245e-01   4.5205894e-01   4.2851265e-01   5.0102948e-01   5.3722259e-01   5.2949692e-01
   4.9533245e-01   4.8138290e-01   4.3391838e-01   5.7798059e-01   5.1781989e-01   4.0081845e-01   4.1921139e-01   5.6915448e-01   4.3864377e-01   5.5640051e-01   5.8093089e-01   4.9291117e-01   5.1914815e-01   5.4627356e-01   5.0253111e-01   5.5263596e-01   4.6649517e-01   4.2799105e-01   5.5633680e-01   5.5570816e-01   5.4205288e-01   5.6238531e-01   5.1391836e-01   5.9794301e-01   5.4518287e-01   5.3346416e-01   5.0903685e-01   4.2294413e-01   5.7768927e-01   4.6942164e-01   4.5668405e-01   4.1811123e-01   5.5013914e-01   4.1036519e-01   5.2008639e-01   5.3302594e-01   5.2703115e-01   5.8564072e-01   4.1169311e-01   5.7184277e-01   5.8520539e-01   5.5822504e-01   4.8596656e-01   4.6312013e-01   5.1974343e-01   5.6508358e-01   5.3513860e-01   5.3031584e-01   4.3805467e-01   5.6880404e-01   5.3726712e-01   5.3547667e-01   4.7224286e-01   5.2830351e-01   4.6022845e-01   5.2740283e-01   4.6495116e-01   4.3597074e-01   5.6669446e-01   4.1808382e-01   5.1775047e-01   5.8670297e-01   5.9098640e-01   5.2373310e-01   5.1179054e-01   5.3934157e-01   4.6817032e-01   5.6527290e-01   5.6651168e-01   5.2149465e-01   5.4923736e-01   5.7434745e-01   5.3289755e-01   4.8154923e-01   4.0463925e-01   4.5119553e-01   4.6931628e-01   4.6153449e-01   4.8228106e-01   5.1306806e-01   4.8116569e-01   4.9581279e-01   4.9753938e-01   4.8845117e-01   4.6155664e-01   5.0104168e-01   4.3262196e-01   5.0833500e-01   0.0000000e+00   4.7139231e-01   4.3256757e-01   4.6615050e-01   5.8849438e-01   4.8862976e-01   5.0095314e-01   5.2850523e-01   5.9190510e-01   5.8515892e-01   4.7135124e-01   4.0217294e-01   5.3247060e-01
   5.6962939e-01   5.2187914e-01   4.7472586e-01   4.6428311e-01   4.4824605e-01   4.1459642e-01   4.2171227e-01   4.3024380e-01   5.1092662e-01   5.5753803e-01   4.3522863e-01   5.9809816e-01   4.5770437e-01   4.6211970e-01   5.8379355e-01   4.1339696e-01   4.7003326e-01   5.8298691e-01   5.4688071e-01   5.9404346e-01   4.0578763e-01   5.5926417e-01   4.6315892e-01   5.4365478e-01   5.0439051e-01   5.9392891e-01   5.7487076e-01   4.1543941e-01   4.1775718e-01   4.3573689e-01   5.7161084e-01   4.2227734e-01   5.6764631e-01   5.4773911e-01   4.9832206e-01   4.4502483e-01   4.5203540e-01   4.4837026e-01   4.7745906e-01   4.3824777e-01   5.5167227e-01   4.0078189e-01   4.6288247e-01   5.7792841e-01   4.8428450e-01   5.7669773e-01   5.8487961e-01   5.3091879e-01   5.0597971e-01   5.9043789e-01   4.6285272e-01   5.0478444e-01   5.6762891e-01   4.8373159e-01   4.7507116e-01   5.5325570e-01   4.6984193e-01   5.5866561e-01   4.4638860e-01   5.9614611e-01   5.2471654e-01   4.0943470e-01   5.9081643e-01   5.8429644e-01   5.2638023e-01   5.0927745e-01   5.5434630e-01   4.1685536e-01   5.8886619e-01   5.8561152e-01   4.5449657e-01   4.8797056e-01   5.1933827e-01   4.6812670e-01   5.6131780e-01   4.7615678e-01   4.0648604e-01   4.0138481e-01   5.3812298e-01   5.9200507e-01   4.7228106e-01   5.0610550e-01   4.0431843e-01   5.5326542e-01   4.8698986e-01   5.0142498e-01   4.0334354e-01   4.5054226e-01   5.5783477e-01   0.0000000e+00   4.4740894e-01   5.9155817e-01   4.9776411e-01   5.1342094e-01   5.7189653e-01   4.7607427e-01   5.8080880e-01   5.4718247e-01   4.2545506e-01   5.8056847e-01   5.2962522e-01
   4.1627930e-01   4.6560238e-01   4.4246600e-01   5.9381410e-01   5.8464616e-01   4.0694697e-01   4.9146914e-01   5.9469234e-01   4.4705085e-01   4.9032197e-01   5.7466764e-01   5.7873588e-01   4.3978608e-01   4.1957468e-01   4.3546697e-01   5.2755552e-01   5.2022202e-01   4.6620799e-01   4.3871691e-01   5.0572794e-01   5.9790006e-01   4.2959282e-01   4.8025247e-01   4.2482719e-01   4.2307219e-01   5.6675010e-01   5.8556776e-01   5.3187213e-01   5.4543150e-01   5.7407771e-01   5.9285935e-01   4.1154328e-01   4.6125604e-01   4.8999013e-01   5.2811593e-01   4.4547206e-01   5.1329308e-01   5.2996158e-01   5.9360325e-01   5.2163148e-01   5.3185967e-01   5.7379126e-01   5.2256158e-01   5.2191936e-01   5.9834540e-01   5.7352095e-01   5.0179229e-01   5.1651323e-01   4.4025271e-01   4.5682446e-01   5.1348488e-01   5.5479270e-01   5.9724474e-01   4.4828837e-01   5.8658347e-01   5.4138558e-01   5.7691106e-01   4.5496762e-01   4.2773184e-01   4.1049558e-01   4.5945136e-01   5.0751899e-01   5.0579168e-01   5.3644705e-01   4.8469110e-01   5.0657682e-01   5.9796030e-01   4.9962722e-01   4.5942046e-01   5.8550760e-01   4.8117847e-01   4.9321150e-01   5.4333652e-01   4.6202705e-01   4.0918724e-01   4.3706580e-01   4.9075551e-01   5.0174416e-01   4.3747923e-01   5.3485032e-01   4.0616361e-01   4.5155552e-01   5.8570079e-01   5.3272331e-01   4.6864573e-01   4.7476317e-01   5.2881690e-01   5.8896673e-01   4.6434581e-01   4.3759183e-01   0.0000000e+00   4.0337129e-01   4.6969656e-01   5.7324127e-01   4.6942630e-01   4.0108407e-01   4.2691068e-01   5.7186239e-01   5.5543824e-01   4.6201231e-01   5.1925182e-01
   5.8230532e-01   4.5339564e-01   5.2957700e-01   5.7298707e-01   4.4235690e-01   5.6062538e-01   4.3666712e-01   4.4637913e-01   4.7183496e-01   4.5459533e-01   4.8898326e-01   4.7043528e-01   5.7502293e-01   4.9463260e-01   5.7302769e-01   4.4888376e-01   4.5466325e-01   4.8479791e-01   4.7245830e-01   5.7954741e-01   5.2021903e-01   5.8331119e-01   5.1797083e-01   5.3827619e-01   4.8016767e-01   4.8633942e-01   5.8663437e-01   4.7499735e-01   5.7505458e-01   4.2352362e-01   5.9728921e-01   4.1929810e-01   4.2571869e-01   4.8507858e-01   5.2735147e-01   5.9023415e-01   5.7063784e-01   5.4247382e-01   4.9814384e-01   4.9626642e-01   5.7485722e-01   5.3409436e-01   5.4240043e-01   4.4484823e-01   4.5898830e-01   4.5914487e-01   5.1314871e-01   5.5248458e-01   5.1289875e-01   4.5703999e-01   4.4129800e-01   4.6824086e-01   4.9548402e-01   5.7744667e-01   5.3446608e-01   5.6284781e-01   5.8086413e-01   4.5913693e-01   4.6574296e-01   5.0030679e-01   5.2536245e-01   5.0852811e-01   5.9180635e-01   5.9263108e-01   4.0511368e-01   5.0906122e-01   5.2235565e-01   5.4962738e-01   5.2258419e-01   5.1785853e-01   4.6414061e-01   4.8665274e-01   5.7948338e-01   5.6769565e-01   4.2328577e-01   4.3503189e-01   5.5201737e-01   4.9960824e-01   5.5481940e-01   4.3578105e-01   5.5380279e-01   5.2184747e-01   4.4727565e-01   5.0981812e-01   4.8722025e-01   5.2492237e-01   4.8884108e-01   4.5133395e-01   5.7216936e-01   4.5540453e-01   5.0718346e-01   0.0000000e+00   4.7588487e-01   5.9708444e-01   4.8895546e-01   4.5785192e-01   4.0887857e-01   4.0106563e-01   5.3384351e-01   5.2900557e-01   4.5933913e-01
   4.1692554e-01   4.0833807e-01   4.6636873e-01   5.9983012e-01   4.9085352e-01   5.0741630e-01   5.9416903e-01   4.9210511e-01   5.6604248e-01   5.8443443e-01   5.6445668e-01   5.3413959e-01   5.6147294e-01   4.2690552e-01   4.7263676e-01   5.8619471e-01   5.4749617e-01   4.7971450e-01   4.7225072e-01   5.4973860e-01   5.7514240e-01   5.0874127e-01   4.8386473e-01   5.6271660e-01   5.1349181e-01   5.7626511e-01   5.7062661e-01   4.5323096e-01   5.5462121e-01   4.1774795e-01   4.0454912e-01   5.2487734e-01   4.1655732e-01   5.9469084e-01   5.7629043e-01   4.9779948e-01   4.0610736e-01   5.7107232e-01   5.7123394e-01   4.1901519e-01   5.3307903e-01   5.0735970e-01   4.2610657e-01   5.0208841e-01   5.6470004e-01   4.2539134e-01   5.0367107e-01   4.6634689e-01   5.9007138e-01   5.7974730e-01   4.0247678e-01   5.2194232e-01   4.1183959e-01   4.4338154e-01   4.6066669e-01   4.6791783e-01   4.5880162e-01   5.1444650e-01   4.7396663e-01   4.5628619e-01   4.5188804e-01   5.1299819e-01   4.9512113e-01   4.5453112e-01   5.7426647e-01   5.9000913e-01   5.0469468e-01   5.6614331e-01   5.3195514e-01   4.0451784e-01   4.6101943e-01   5.9079365e-01   4.5814567e-01   4.0966026e-01   4.2941794e-01   5.5218584e-01   5.0929632e-01   5.8021015e-01   4.5102614e-01   4.8319660e-01   5.8792818e-01   5.8733805e-01   5.0110975e-01   5.7373015e-01   5.8205306e-01   5.5751463e-01   4.8183707e-01   4.3275487e-01   5.9974459e-01   4.0950269e-01   5.1062452e-01   4.9248356e-01   0.0000000e+00   5.7420091e-01   5.3519776e-01   4.1043603e-01   4.0843352e-01   4.0148609e-01   5.0585773e-01   4.6574204e-01   5.6971083e-01
   5.4841250e-01   4.2806396e-01   5.3826861e-01   5.5794951e-01   5.8840467e-01   4.4089124e-01   5.6760985e-01   5.4825564e-01   4.1003378e-01   4.1425913e-01   5.9604741e-01   4.3595456e-01   4.5473534e-01   4.9712393e-01   4.2067379e-01   4.2452345e-01   4.6047723e-01   5.2550785e-01   5.8390505e-01   5.9095718e-01   4.1541989e-01   4.6663604e-01   5.5086120e-01   5.8961729e-01   4.6003008e-01   4.2884985e-01   5.7152975e-01   4.0081726e-01   4.7794089e-01   4.4222857e-01   4.8770360e-01   4.3478725e-01   5.9637839e-01   5.8073728e-01   4.9517037e-01   5.3399747e-01   5.2760059e-01   4.3976643e-01   4.7663958e-01   4.4553577e-01   5.6999228e-01   5.1091553e-01   5.7651860e-01   5.0954658e-01   4.6280134e-01   4.7532702e-01   5.5684696e-01   4.5241459e-01   5.2224296e-01   5.0697560e-01   4.3414649e-01   5.9457706e-01   4.8582669e-01   4.7919528e-01   5.5511735e-01   4.6871921e-01   4.6263983e-01   5.6953982e-01   4.7412264e-01   4.4313651e-01   4.4684574e-01   4.2295820e-01   5.1490642e-01   5.6192295e-01   5.2201052e-01   5.1795824e-01   4.8953912e-01   4.1615077e-01   4.0100989e-01   5.0453925e-01   4.7103467e-01   5.1704299e-01   5.0245423e-01   4.9885244e-01   4.2146047e-01   5.0449390e-01   4.6854401e-01   4.0203764e-01   4.7231758e-01   5.2892777e-01   5.9028696e-01   5.2133849e-01   4.7639031e-01   4.3793554e-01   5.7345426e-01   4.5316178e-01   5.1239065e-01   5.2157236e-01   4.7847705e-01   5.5139395e-01   4.1326719e-01   4.6029103e-01   5.0623021e-01   0.0000000e+00   4.3166005e-01   4.2422573e-01   4.8569945e-01   4.6958507e-01   4.9776609e-01   4.4367111e-01   4.9390327e-01
   5.7638853e-01   5.6178758e-01   5.8821330e-01   4.0388946e-01   5.4431515e-01   5.6180324e-01   4.3470200e-01   4.0988115e-01   4.4126648e-01   4.7808744e-01   4.8788354e-01   4.3470417e-01   4.2695993e-01   5.5037544e-01   4.1462999e-01   5.8011704e-01   4.9142990e-01   5.6621119e-01   5.9779988e-01   5.9130369e-01   4.9887482e-01   4.7336282e-01   5.7473702e-01   5.5612943e-01   4.4815174e-01   5.2978065e-01   5.4759346e-01   4.0241023e-01   5.6792529e-01   4.9086191e-01   4.0548461e-01   5.0481823e-01   4.9274367e-01   4.0620582e-01   5.9647544e-01   5.8133468e-01   5.8349129e-01   5.8052672e-01   5.5909634e-01   4.4296231e-01   5.5738224e-01   5.5180932e-01   4.6948860e-01   5.3633020e-01   5.2135838e-01   5.2390292e-01   4.5600343e-01   4.7171576e-01   5.8639755e-01   4.9305206e-01   5.9255414e-01   5.0884532e-01   4.2618819e-01   4.5685014e-01   4.8892658e-01   5.4871719e-01   4.7644691e-01   5.1462773e-01   4.4713929e-01   4.8590883e-01   5.5797393e-01   4.5320358e-01   5.7188817e-01   4.6435388e-01   5.7228320e-01   4.8242670e-01   5.7629435e-01   5.9544771e-01   4.7411514e-01   4.9118612e-01   4.7230954e-01   5.3450782e-01   5.7145402e-01   4.0870539e-01   4.4569714e-01   4.4943902e-01   5.7318751e-01   5.4538676e-01   5.7290237e-01   5.4226940e-01   5.1997599e-01   5.7760759e-01   4.9179069e-01   5.9877628e-01   5.8815513e-01   4.7636223e-01   4.2737967e-01   5.9016950e-01   5.1751852e-01   5.1772867e-01   5.3285951e-01   4.4916312e-01   5.9379983e-01   5.7073664e-01   0.0000000e+00   5.0980662e-01   4.3436411e-01   4.1423690e-01   5.6969959e-01   5.4318526e-01   5.7286842e-01
   4.8755304e-01   5.7022534e-01   5.4677127e-01   5.1007721e-01   5.4409634e-01   4.5312594e-01   4.6587123e-01   4.4726472e-01   5.2684147e-01   4.2776683e-01   5.3483633e-01   5.7904931e-01   4.1891785e-01   4.4477136e-01   4.1987315e-01   5.0984437e-01   4.6152788e-01   4.3514985e-01   5.4039682e-01   5.7771863e-01   4.2225696e-01   4.9591854e-01   4.4921147e-01   4.9712011e-01   5.7635488e-01   4.9283919e-01   5.1098068e-01   5.9830267e-01   5.5136156e-01   4.5113103e-01   4.9846203e-01   5.5882752e-01   5.6201727e-01   4.9110794e-01   4.6013559e-01   5.7642866e-01   5.0523161e-01   4.7138203e-01   5.7955981e-01   5.9844713e-01   5.0007313e-01   4.9018192e-01   5.6688721e-01   4.4559196e-01   4.6198762e-01   5.8249682e-01   4.5701551e-01   4.6765031e-01   5.1621664e-01   5.9189503e-01   4.8005205e-01   5.2662610e-01   4.6907057e-01   4.7258589e-01   5.7442159e-01   5.0205551e-01   5.6947508e-01   4.6166430e-01   4.1195866e-01   4.5837795e-01   5.5698261e-01   4.6447959e-01   4.8229418e-01   4.7388289e-01   5.2078985e-01   4.7702539e-01   5.9263953e-01   4.2213316e-01   4.5965577e-01   4.6565521e-01   5.7730747e-01   5.2934494e-01   5.0328885e-01   4.7701849e-01   4.7628057e-01   4.7928231e-01   4.1845557e-01   4.0965686e-01   5.8994403e-01   4.0035856e-01   4.6224156e-01   5.5798291e-01   4.6119181e-01   5.6190914e-01   4.9494097e-01   4.9128629e-01   4.3862473e-01   4.8052580e-01   5.7888114e-01   4.1587348e-01   4.7772416e-01   4.1291124e-01   4.7334747e-01   4.0802505e-01   5.7047959e-01   0.0000000e+00   4.8801684e-01   4.7389831e-01   4.0547083e-01   4.7073162e-01   5.9585438e-01
   5.3597717e-01   4.5932583e-01   5.4569613e-01   4.3531456e-01   5.2857640e-01   4.9822745e-01   4.4389834e-01   4.4616291e-01   5.1971412e-01   4.1048381e-01   4.0910672e-01   4.7809621e-01   4.2315025e-01   4.2411298e-01   5.4423614e-01   5.3589428e-01   5.0506201e-01   4.2636107e-01   4.4552108e-01   5.9839972e-01   4.5753226e-01   4.0102606e-01   4.1097005e-01   5.8187984e-01   4.7122367e-01   4.0306870e-01   5.0640013e-01   4.5080391e-01   5.7165767e-01   5.1177845e-01   4.9763848e-01   4.6441698e-01   5.2212331e-01   5.2574207e-01   5.9439542e-01   5.8944898e-01   4.8243511e-01   4.3855361e-01   4.5866032e-01   5.6043273e-01   5.0705987e-01   5.7287587e-01   4.0008286e-01   5.1540752e-01   5.5803942e-01   5.5640300e-01   5.1072036e-01   4.6692796e-01   5.4246161e-01   4.3133573e-01   5.1749000e-01   4.4635185e-01   5.8573981e-01   5.8530461e-01   5.8113188e-01   4.0418814e-01   5.8618255e-01   4.9862744e-01   5.5859249e-01   5.8717629e-01   5.8196648e-01   4.9785085e-01   5.6809721e-01   5.9542381e-01   4.0200295e-01   5.8409702e-01   4.3405280e-01   5.6789152e-01   5.8468034e-01   4.1847605e-01   5.2450986e-01   5.3800517e-01   5.9966692e-01   5.9650756e-01   5.2989583e-01   4.5191393e-01   4.8646148e-01   4.9753343e-01   4.4774137e-01   5.5114305e-01   5.8818321e-01   4.9721305e-01   5.8397592e-01   4.5823650e-01   4.7907703e-01   4.4821545e-01   4.4556311e-01   4.2343767e-01   4.2746103e-01   4.9672600e-01   4.5352422e-01   4.6251830e-01   5.3923109e-01   4.5060826e-01   4.0832111e-01   5.0572750e-01   0.0000000e+00   4.8417311e-01   4.8095111e-01   4.8907589e-01   5.6660774e-01
   5.8637380e-01   5.0535323e-01   4.0975451e-01   4.0990886e-01   5.6764225e-01   4.4800631e-01   5.7481190e-01   4.8994371e-01   4.7461115e-01   5.3024846e-01   5.7300869e-01   5.8764218e-01   4.3266659e-01   4.9526775e-01   5.5128028e-01   5.5656891e-01   5.8081877e-01   4.9072005e-01   4.1259094e-01   4.5890658e-01   4.1483661e-01   4.7188461e-01   4.8833888e-01   5.1123116e-01   4.8638457e-01   4.1127328e-01   4.9690791e-01   5.1196710e-01   4.3435735e-01   4.0935631e-01   4.1292510e-01   4.6851895e-01   4.5304903e-01   5.6428746e-01   4.0102610e-01   4.8206631e-01   4.0946863e-01   5.2480429e-01   4.3941945e-01   5.5508672e-01   5.6558893e-01   4.6043495e-01   4.6975341e-01   4.0013070e-01   4.8498082e-01   4.9099871e-01   5.3939660e-01   5.2992066e-01   5.5306179e-01   5.8246307e-01   5.8662846e-01   5.0385750e-01   4.0007271e-01   5.1851523e-01   5.8344765e-01   4.9863595e-01   5.2941263e-01   4.3409685e-01   4.8691792e-01   4.2745022e-01   4.9868175e-01   4.3588004e-01   5.2418428e-01   5.7865171e-01   4.2450335e-01   4.4089256e-01   5.3723045e-01   5.6629794e-01   5.8481703e-01   5.0469126e-01   4.4009230e-01   5.3311298e-01   5.6610426e-01   5.2654922e-01   4.2188599e-01   4.3055226e-01   5.2862846e-01   5.5646951e-01   5.6423274e-01   5.0055749e-01   5.3135800e-01   4.4686839e-01   5.6007334e-01   5.4242317e-01   4.7353111e-01   5.6453077e-01   5.6178718e-01   5.6713025e-01   4.3272583e-01   5.3799766e-01   5.6836182e-01   4.8033563e-01   5.0829818e-01   5.9105708e-01   5.4746017e-01   4.3676257e-01   5.5499047e-01   0.0000000e+00   5.1503503e-01   5.6384546e-01   4.1240987e-01
   4.7647570e-01   4.9353973e-01   4.5661516e-01   4.6168693e-01   4.7796614e-01   5.6311238e-01   4.5703656e-01   5.8519694e-01   5.7009696e-01   4.5639178e-01   4.6640625e-01   4.6546389e-01   4.4470757e-01   5.6425117e-01   4.3341159e-01   5.4978292e-01   5.5207677e-01   4.9322427e-01   4.9668349e-01   4.5889517e-01   4.0126302e-01   5.5058815e-01   4.0888732e-01   5.7273623e-01   4.2945248e-01   4.2522739e-01   4.0812364e-01   4.1761828e-01   5.8791441e-01   5.6556141e-01   5.5781558e-01   4.0184509e-01   4.9550838e-01   4.3467410e-01   4.3773946e-01   5.1253001e-01   5.6953023e-01   5.7736605e-01   5.8720126e-01   4.9318470e-01   5.5798212e-01   5.7761231e-01   4.0487056e-01   4.0751268e-01   4.0225229e-01   5.4439797e-01   4.4587579e-01   5.1844927e-01   4.4316682e-01   4.9670245e-01   4.1574438e-01   5.6774191e-01   5.0048044e-01   5.1663300e-01   4.2421888e-01   4.6759342e-01   5.6278456e-01   4.6547426e-01   5.2303473e-01   4.0492915e-01   5.1227700e-01   4.0651764e-01   5.1158376e-01   4.1430763e-01   5.0579262e-01   4.4810955e-01   4.1282544e-01   4.4806168e-01   4.8513938e-01   5.8183900e-01   5.3414418e-01   4.4189500e-01   5.2889655e-01   4.9261599e-01   4.3303519e-01   4.1248650e-01   4.1681047e-01   5.7408109e-01   5.0244566e-01   5.7318512e-01   5.5982978e-01   4.9371094e-01   5.3350857e-01   4.5852178e-01   4.4530617e-01   5.7478694e-01   4.7918804e-01   5.3431626e-01   5.3940598e-01   4.6142395e-01   5.5437075e-01   4.2680951e-01   4.4272124e-01   4.6052485e-01   5.9790294e-01   5.1106711e-01   5.3062436e-01   4.5147901e-01   0.0000000e+00   4.4168497e-01   5.2387026e-01
   4.8306091e-01   5.0265537e-01   5.6871747e-01   5.6671751e-01   5.8552909e-01   4.2262182e-01   4.9921670e-01   4.1232189e-01   4.4954528e-01   4.6024408e-01   5.0604985e-01   4.7223045e-01   4.4285438e-01   5.3411695e-01   4.8473694e-01   5.8488011e-01   4.5528525e-01   5.5997486e-01   5.1839064e-01   5.8976628e-01   4.6025239e-01   5.7375321e-01   5.6959868e-01   5.9474117e-01   5.5742927e-01   4.5145511e-01   5.8396304e-01   5.8379774e-01   4.7418014e-01   5.9558010e-01   4.2364723e-01   4.3958855e-01   4.9876076e-01   5.2447078e-01   5.4714102e-01   4.9276580e-01   4.2449552e-01   5.4014323e-01   4.9849881e-01   5.5336914e-01   4.1016166e-01   5.2193325e-01   5.0022108e-01   5.0986577e-01   5.8889903e-01   4.7145989e-01   5.3125875e-01   5.7298709e-01   4.0928062e-01   5.3793809e-01   5.1543025e-01   4.6582277e-01   5.4288891e-01   4.5153365e-01   4.2842547e-01   5.8049021e-01   4.1738258e-01   4.3853483e-01   5.6656731e-01   4.5019913e-01   4.6092116e-01   5.3734299e-01   5.3646012e-01   4.4544380e-01   4.8617631e-01   4.2839401e-01   5.8095043e-01   5.2885789e-01   4.2406881e-01   5.7361598e-01   4.1134973e-01   5.0354782e-01   5.0708910e-01   5.5642222e-01   4.1533307e-01   4.9980341e-01   4.9856463e-01   4.7659311e-01   4.9242840e-01   4.1152685e-01   4.6345977e-01   5.0421671e-01   4.5166357e-01   5.6677716e-01   5.9755095e-01   5.2709304e-01   4.8876131e-01   4.6578883e-01   5.5482451e-01   5.0022610e-01   5.7208683e-01   5.5969409e-01   4.9584885e-01   5.6432044e-01   4.9634099e-01   4.4798949e-01   4.6522500e-01   5.9329933e-01   4.5006223e-01   0.0000000e+00   4.4685363e-01
   5.3851786e-01   4.7906093e-01   4.7430311e-01   5.3442363e-01   5.9864356e-01   5.8599280e-01   4.4656728e-01   4.6874309e-01   5.7745693e-01   5.4619566e-01   4.8477048e-01   4.2172903e-01   5.8956462e-01   5.4463399e-01   5.6993705e-01   4.3389624e-01   4.3007954e-01   4.3979997e-01   4.4254833e-01   5.7619426e-01   4.6865997e-01   4.5049136e-01   4.4245705e-01   5.9482634e-01   4.7981808e-01   4.7391180e-01   5.0777203e-01   5.7787426e-01   4.7434266e-01   4.9764916e-01   4.2868865e-01   5.8400299e-01   5.3592437e-01   5.5311861e-01   5.6495256e-01   4.3401366e-01   4.2777947e-01   4.9830327e-01   4.3244888e-01   5.4968125e-01   5.9813224e-01   5.1065321e-01   5.8195096e-01   5.7053501e-01   4.9720950e-01   4.0480836e-01   5.7545697e-01   4.4831087e-01   5.4030420e-01   4.7068653e-01   5.4993408e-01   5.7503267e-01   5.9626452e-01   4.3532632e-01   5.0322618e-01   5.3339129e-01   4.3496179e-01   4.6845411e-01   4.2893980e-01   4.3808049e-01   5.2332808e-01   4.6211537e-01   4.3294751e-01   4.7527537e-01   5.0636871e-01   4.0961546e-01   5.6283166e-01   4.7235775e-01   5.3139059e-01   5.0287916e-01   5.6577681e-01   5.1515016e-01   5.9624874e-01   4.6939926e-01   5.6194826e-01   4.5746914e-01   4.7975638e-01   5.5007750e-01   4.7728409e-01   5.3576975e-01   5.2032219e-01   4.4964152e-01   5.9143337e-01   4.5258226e-01   4.3092696e-01   5.7685740e-01   5.5840947e-01   5.6228025e-01   4.3560683e-01   5.2211324e-01   4.1168453e-01   5.7685262e-01   5.8489153e-01   5.1311799e-01   4.0973888e-01   5.1754961e-01   4.5476858e-01   4.4690538e-01   4.1368875e-01   5.3435032e-01   0.0000000e+00
