   0.0000000e+00   2.8083623e-01   3.5975466e-02   3.9746692e-01   1.5287677e-01   3.1952227e-01   2.9484426e-01   1.8794469e-01   1.4194511e-01   3.8199952e-01   4.1730413e-02   9.3058743e-02   3.3027030e-01   5.3029166e-02   3.3379409e-01   2.5245439e-01   1.1327449e-01   3.2534896e-01   1.7108335e-02   1.3901634e-01   6.0391721e-02   2.5046710e-01   4.3687635e-02   3.4890311e-01   2.8373242e-01   2.8838284e-02   2.5609676e-01   1.2437160e-01   2.0590531e-02   1.0631530e-01   3.5335958e-01   1.4085568e-02   3.9471805e-01   1.8679969e-01   1.4125489e-01   2.0329527e-01   1.1912519e-01   3.1884073e-01   2.1905454e-01   9.2881981e-02   7.5785433e-02   1.3331784e-01   2.3559134e-01   4.8990882e-02   3.6367002e-02   1.0172907e-01   2.6182441e-01   1.9883954e-01   3.9100024e-01   3.1427939e-01   3.8612085e-01   1.5240884e-01   2.6128060e-01   3.5169383e-01   9.7374891e-02   3.3189624e-01   1.7267580e-02   2.2160870e-01   2.6352518e-01   9.3470140e-02   1.1211764e-01   8.4566327e-02   3.2448882e-01   1.5301956e-01   2.6418574e-01   8.8045540e-02   1.4276154e-01   3.2146598e-02   3.8547711e-01   3.1341868e-01   3.7002578e-01   1.7742594e-02   3.5255430e-01   1.2435091e-01   3.2049168e-01   3.8908489e-01   1.6012798e-01   3.5073779e-01   1.7167663e-01   1.6290694e-01   2.1507254e-01   1.7372949e-01   5.0224942e-02   2.2986402e-02   1.6392788e-01   3.3430991e-01   1.3972505e-02   3.1504252e-01   1.5461024e-01   1.9535217e-01   2.9272392e-01   5.4405115e-02   1.2115532e-01   1.5563541e-01   2.4409010e-01   3.6128644e-01   2.6263509e-01   2.0795721e-01   3.9509838e-01   3.6946246e-01   3.6683643e-01
   8.8943513e-02   0.0000000e+00   2.8545727e-01   2.8538983e-01   2.7335862e-01   2.2600094e-01   2.7677729e-01   2.6989169e-02   8.7419487e-02   8.4958702e-02   3.7277107e-01   1.5130266e-02   3.3051950e-01   4.9054537e-02   2.2730117e-01   1.8267496e-01   5.3511506e-02   1.0764569e-01   4.0593518e-02   3.8120255e-01   3.5738731e-01   1.3157555e-01   5.2557606e-02   3.8201167e-01   8.0942150e-02   2.6350844e-01   2.9993386e-01   1.8320956e-01   1.0268754e-01   7.3014167e-02   1.7326256e-01   3.8198168e-01   1.3598453e-01   1.3069797e-01   2.3710236e-01   1.9415242e-01   1.0063350e-02   1.4796405e-01   3.2471550e-01   2.3806353e-01   2.0540160e-01   2.9787001e-01   1.1677741e-01   7.5144957e-02   3.4663241e-01   5.0040802e-02   1.2262332e-01   3.6412546e-02   3.5228677e-01   1.9064756e-01   1.2117979e-01   2.6222576e-02   1.2086237e-01   1.1415191e-01   2.0669235e-01   3.5154274e-01   2.3294161e-01   1.8542825e-02   5.9034388e-02   4.9712851e-02   1.4567312e-01   8.6939322e-02   3.9254373e-01   5.5337858e-02   3.4150049e-01   3.5505812e-01   1.9385878e-02   3.8446442e-01   1.7951708e-02   7.4091019e-02   2.0441302e-01   6.8383556e-02   2.3244179e-01   1.8892654e-02   3.3587628e-01   6.4700687e-02   2.4328812e-01   2.3347710e-01   1.2365102e-01   3.1451658e-01   3.9240179e-01   3.0407467e-01   3.5122714e-01   9.6260330e-02   1.6113349e-01   1.5312669e-01   1.6067682e-01   2.4862489e-01   3.8003559e-01   6.6739586e-02   2.0674711e-01   2.9607658e-01   1.4572306e-01   1.7604425e-01   1.4625762e-01   2.3220818e-01   1.1954596e-01   3.5822664e-02   3.7166116e-01   1.4580964e-02   1.6481253e-02
   2.2077913e-02   8.5966369e-02   0.0000000e+00   1.3315905e-01   6.9304779e-02   1.5754661e-01   3.5026729e-01   2.6241074e-01   2.8439009e-01   3.5470955e-01   1.9112745e-01   2.9369696e-01   3.1389399e-01   1.3885038e-01   1.9048612e-01   3.5459705e-01   3.3368524e-01   5.7413864e-02   3.2136090e-01   3.7156977e-01   1.8785576e-01   1.2170806e-01   1.9325832e-01   1.8980574e-01   7.6773091e-02   1.5306172e-01   7.0258495e-02   2.2401851e-01   2.2872906e-01   4.2588847e-02   4.2617493e-02   3.0868253e-01   2.2867747e-01   8.4120005e-02   2.3814132e-01   3.8403670e-01   1.7732099e-01   2.4716583e-01   3.5086960e-01   2.4673355e-01   3.3076391e-02   1.3396681e-01   9.6085581e-02   3.9030671e-01   1.0410218e-01   2.2636051e-01   1.8021747e-01   2.9666031e-01   2.7169385e-01   2.3797674e-01   2.6272628e-01   1.9332744e-01   2.9887209e-01   1.7699923e-01   2.9718979e-01   3.7174329e-01   2.7719881e-01   8.8792937e-02   2.8478282e-01   8.1196021e-02   2.0811576e-01   2.5331268e-01   2.8977774e-01   1.7338221e-01   1.3702687e-01   1.2594131e-01   2.5754062e-01   3.9280340e-01   3.0784454e-01   3.0238075e-01   2.0906495e-01   1.3309031e-01   8.6249256e-02   7.7514047e-02   3.2262277e-01   1.6965324e-01   2.6055037e-01   1.2172023e-01   1.9354645e-01   3.7920130e-01   2.7962178e-02   2.3542360e-01   5.4094226e-02   3.7858377e-01   2.1991811e-01   2.0537251e-01   2.6083115e-01   3.9622491e-01   1.0786820e-01   1.0217867e-02   1.6962176e-01   3.8604867e-01   2.1490553e-01   1.8158872e-01   3.4102418e-01   5.9222602e-02   3.0093846e-02   2.7316010e-01   3.7333930e-01   8.9168715e-02   3.7413130e-01
   2.3260910e-01   4.3031179e-02   1.7051456e-01   0.0000000e+00   3.2538811e-01   1.1638117e-01   1.0164613e-01   3.4161715e-01   9.0154261e-02   2.9566392e-01   3.9679258e-01   4.4325525e-02   5.8677888e-02   1.8601091e-01   1.8002750e-01   3.9302381e-01   3.8567806e-01   1.8733269e-01   3.4584216e-01   2.5019369e-02   3.8778005e-01   2.1100931e-01   3.6829070e-01   2.7794802e-01   1.6016167e-01   1.5518540e-01   5.0895885e-02   1.7849038e-01   2.2156914e-01   2.9697269e-01   3.8648046e-01   2.0852535e-01   2.7198623e-02   2.0771049e-01   1.4575618e-01   1.8089840e-01   2.8441217e-01   2.0293883e-01   2.9389958e-01   3.0563445e-01   3.7841802e-01   3.6737767e-01   1.7437883e-01   2.3900988e-01   4.0466845e-02   3.5807991e-01   2.9308541e-01   2.4016825e-01   3.4293383e-02   3.3556778e-01   8.2276868e-02   1.9872630e-01   1.1495112e-01   3.9605660e-01   1.3320396e-01   3.3086578e-01   2.6464047e-01   8.2933797e-02   2.1849496e-02   4.1637677e-02   1.1302898e-01   2.1754238e-02   3.9758055e-01   1.1066270e-01   2.6274786e-01   3.1356137e-01   2.7596539e-01   5.7960377e-02   2.4734712e-01   2.8661648e-01   2.2746245e-01   1.6408297e-01   5.5666935e-02   2.2222175e-01   3.8930515e-01   1.4397930e-01   2.9444937e-01   3.3610791e-01   3.2067715e-01   9.4551426e-02   3.8183518e-01   3.3956868e-01   3.9887790e-01   3.2691756e-01   1.7086392e-02   1.1728282e-01   9.3440004e-02   5.4600241e-02   1.4305996e-01   1.5804662e-01   1.5374701e-01   2.5488868e-01   3.4064697e-01   3.2251795e-01   3.1499373e-01   1.2592774e-01   2.7081780e-01   3.9466653e-01   3.9053302e-01   7.9166218e-02   2.5249289e-01
   8.3368977e-02   3.9162546e-01   2.6257699e-01   2.3838029e-02   0.0000000e+00   2.9832608e-01   2.8901947e-01   3.8426403e-01   3.6026205e-01   1.5063211e-01   2.1613260e-01   2.6101318e-02   1.4498948e-01   1.2198946e-01   2.7200607e-01   3.2347645e-02   3.8817094e-01   1.2676730e-02   3.7653241e-01   3.5292594e-02   2.8441366e-01   2.7269835e-01   2.6700477e-02   1.7427120e-02   3.1951892e-01   1.0715804e-01   3.0148698e-01   3.9534129e-01   9.1265836e-02   1.3675000e-01   2.5147508e-01   2.1503580e-01   2.1665015e-01   1.1638524e-01   2.8009333e-01   3.1579056e-01   2.5869975e-01   3.3949341e-01   5.1509043e-02   1.8201689e-01   1.5091266e-01   2.1820712e-01   3.4204782e-01   3.5288404e-01   1.3310370e-01   1.3766585e-01   2.5189380e-01   3.9070669e-02   8.1081510e-02   3.9051595e-01   1.8616267e-01   1.4885856e-01   3.9730488e-01   1.4330000e-01   2.9403104e-01   2.2607752e-01   1.6199249e-01   7.6595050e-02   2.4777169e-02   2.1137958e-01   6.1929479e-02   3.9981525e-01   2.8286161e-02   1.3279397e-01   1.3818581e-01   1.0924213e-01   3.4548041e-02   2.2361675e-01   7.2456105e-02   9.6538306e-02   1.5773309e-01   3.5742593e-01   3.6940857e-01   6.2849965e-02   1.5796346e-01   3.8033844e-01   2.9333295e-01   3.2504077e-01   2.0075667e-01   1.2099473e-01   3.1688298e-01   1.9401272e-01   3.7888042e-01   1.7164674e-01   2.7467040e-01   9.6994487e-02   1.0988954e-01   2.9513218e-01   3.8383175e-01   3.7092551e-02   3.1308191e-01   1.3282920e-01   1.0206624e-01   2.9441348e-01   3.3935179e-01   1.9357473e-01   1.3422900e-01   1.5571159e-01   3.2588561e-01   1.3045509e-01   3.3403293e-01
   3.4870427e-01   3.4396691e-01   3.7449767e-01   3.0189169e-01   1.2190324e-01   0.0000000e+00   2.6847967e-01   2.3397981e-01   1.9428297e-01   2.8278074e-01   3.3764244e-01   2.9130011e-01   2.1775038e-01   3.8585111e-01   1.8127573e-01   6.6815636e-02   1.8757744e-01   2.7219160e-01   3.3943331e-01   2.1237133e-01   2.4657717e-01   3.5964970e-01   1.0009363e-01   3.0183897e-01   1.3588509e-01   1.8160583e-01   2.1520040e-01   3.8650269e-01   2.7982667e-01   3.3816904e-01   3.4655577e-01   2.5364719e-01   1.2381894e-01   2.2219684e-01   1.7491909e-01   1.7884202e-01   3.7117317e-01   3.5980190e-01   2.7192651e-01   3.3165528e-01   2.9166799e-01   2.7776855e-01   2.5874360e-01   1.6188912e-01   2.6310788e-01   2.6550065e-01   2.1362413e-01   3.2133266e-02   3.3766661e-02   7.6378194e-02   3.3541382e-01   1.1491983e-02   3.0477443e-01   1.3324441e-01   1.2015449e-01   3.0729240e-01   7.1855365e-02   8.1785459e-02   3.1582696e-01   6.9186640e-02   2.5348569e-01   1.5629767e-01   1.7473577e-02   2.3774750e-01   2.6335485e-01   3.2764926e-01   1.4318892e-02   2.3392753e-01   9.5450979e-02   9.2770318e-02   3.2824164e-01   4.9405909e-02   2.7460941e-01   4.0859182e-02   2.1109526e-01   1.2301547e-01   1.1696111e-01   3.1639420e-01   2.6315718e-02   1.1170941e-01   1.4539288e-01   9.3747106e-02   1.9178232e-01   1.4406540e-02   1.2728343e-01   7.8625491e-02   2.6996099e-01   3.4167964e-01   1.6176643e-01   1.1630544e-01   2.6389431e-01   1.8807383e-01   2.5774007e-01   5.5715914e-02   1.9046215e-01   2.9673448e-01   3.8475098e-01   2.9116576e-01   3.0978935e-01   8.3850484e-02   1.6437692e-01
   3.6304439e-02   3.1521411e-01   7.0122200e-02   3.4867966e-01   1.9960988e-01   3.8826845e-01   0.0000000e+00   9.8238335e-02   5.7087266e-02   2.9049611e-01   1.0564351e-01   3.1687950e-01   2.3273455e-02   1.4410384e-01   1.0073837e-01   3.0088524e-01   2.2873616e-01   2.8901898e-01   3.6661778e-01   3.8979159e-01   6.6430307e-02   2.1674497e-01   2.8396688e-01   3.3816917e-01   8.6062194e-02   3.5669451e-01   3.1004004e-01   1.3849871e-01   1.3579872e-01   8.2870995e-02   3.7034560e-01   2.9927707e-01   2.3340132e-01   2.5666882e-01   2.4992105e-01   2.9528940e-01   3.2817245e-01   2.1450091e-01   1.1381999e-01   3.6318672e-01   1.9189350e-01   2.1873379e-01   1.5076713e-01   3.2145387e-01   1.0156492e-01   1.8109996e-01   2.8639438e-02   3.3311423e-01   1.7569839e-02   3.5663977e-01   1.6070580e-01   2.7543743e-01   2.0773746e-01   1.6193144e-01   1.4171075e-01   1.8705509e-01   2.7444495e-01   2.6073995e-01   6.7513281e-02   1.0552886e-01   3.1130892e-01   3.1191825e-01   2.7020940e-01   3.7918707e-01   3.1679277e-01   3.0924429e-01   2.1875824e-01   4.5178444e-02   4.2563979e-02   3.3203327e-01   1.7303069e-01   8.5024978e-02   9.6600923e-02   2.0790812e-01   5.4665613e-02   7.6565375e-02   3.4319267e-01   1.2500675e-02   1.5591710e-01   3.7198852e-01   1.1858669e-01   3.2978555e-01   3.3864951e-01   2.6532643e-01   1.1116223e-01   2.6622681e-01   1.9316566e-01   1.4390618e-02   2.8939815e-01   3.3094132e-01   7.9183000e-02   1.6992479e-01   1.2651710e-01   3.0714029e-01   3.7312504e-01   2.1773104e-01   1.7052514e-01   9.0243711e-02   6.0511108e-02   5.3054828e-02   1.7878297e-01
   2.0444173e-01   1.2012225e-01   1.8021774e-01   2.8191387e-01   1.0618187e-01   1.3376916e-01   1.8882488e-01   0.0000000e+00   1.3310067e-01   2.5092985e-02   1.1796806e-01   2.7373115e-01   3.5908741e-01   1.0462687e-01   1.7358375e-01   2.3295259e-01   1.3020774e-01   1.3921573e-01   2.3975173e-01   3.1740609e-01   4.3246985e-02   2.3115622e-01   1.7357701e-01   3.3089230e-01   3.0469477e-01   6.9409420e-02   5.9118231e-02   8.9549026e-02   2.0534032e-01   2.0122792e-02   4.8847008e-02   3.5602705e-01   2.2809072e-01   3.9762357e-02   3.7697523e-01   3.9910323e-01   3.6807918e-01   1.7602660e-01   2.5705630e-01   2.1075499e-01   2.2205845e-01   5.2342305e-02   2.6272386e-02   3.2045343e-01   3.7872538e-01   3.2799418e-01   3.8468466e-01   1.2068239e-01   8.3222964e-02   5.0309794e-02   9.4716595e-02   1.7358225e-01   9.4184578e-02   4.9142154e-02   1.2156583e-01   3.0655424e-01   2.8299163e-01   6.7481703e-02   3.3796572e-01   3.3398771e-01   3.4544015e-02   2.1779130e-01   3.3757688e-01   3.2318880e-01   3.2541357e-02   1.1253352e-01   1.4510962e-01   1.0281790e-01   1.1285775e-01   2.9501362e-01   2.8281612e-01   1.4828412e-01   3.7029219e-01   3.0572341e-01   2.5883010e-01   2.4803897e-01   3.1062872e-01   1.6423726e-01   2.7646258e-01   2.1327434e-01   3.0542447e-01   1.7389250e-01   1.6507705e-01   1.3743820e-01   3.8297427e-01   1.3839662e-01   2.4046468e-01   1.5858101e-01   2.9328419e-01   2.3094709e-01   1.5316337e-01   2.7317636e-01   2.2399150e-01   1.1019962e-01   1.4906290e-01   3.3499813e-01   1.2358053e-02   2.1798410e-01   3.1704406e-01   3.8031308e-01   1.4764749e-01
   1.0373717e-02   3.7025710e-02   2.8760680e-01   3.8612274e-02   1.5268797e-01   2.2134173e-01   1.5945627e-01   9.5687362e-02   0.0000000e+00   1.7714144e-01   3.9925340e-01   1.7849983e-01   2.8938900e-01   2.9413244e-02   3.6450367e-01   2.3359152e-01   2.3646537e-01   1.6928301e-01   8.6087012e-02   2.0401266e-01   6.6397540e-02   9.9845627e-02   1.7318984e-01   1.7290850e-01   2.4878018e-01   1.6014946e-01   2.2672710e-01   2.5007783e-01   2.8536659e-01   3.6875963e-01   3.8633143e-01   3.1912823e-01   1.8792946e-02   1.4815220e-02   3.7301566e-02   1.3132552e-01   1.6422199e-01   1.5140756e-01   3.9069224e-01   3.9769911e-01   3.1038730e-01   7.0362220e-02   2.7840114e-02   1.7799479e-02   1.2863897e-01   3.5316288e-01   2.3570646e-01   8.0892296e-02   2.6655384e-01   7.6060553e-02   1.2644480e-01   1.2565751e-01   1.6810201e-01   2.7535156e-01   3.6846730e-01   1.0955715e-01   2.0912802e-01   2.2872420e-01   4.6161043e-02   3.6188293e-01   2.4078758e-01   3.1192508e-01   2.9987034e-01   6.6980012e-02   3.6457192e-01   3.0307123e-01   7.5899356e-02   2.1259742e-02   3.1015613e-01   2.5923908e-01   6.2075543e-02   1.0561227e-01   2.8981133e-01   2.1579543e-01   4.5637252e-02   3.2305983e-01   3.1896072e-01   6.1495990e-02   1.0652453e-01   3.2531340e-01   7.9950461e-02   1.7042136e-01   2.4856938e-02   3.2165878e-01   2.8022194e-01   1.5339506e-01   2.7130559e-01   3.7869711e-01   8.2897896e-02   2.1649930e-01   1.3998144e-02   1.4188235e-01   2.9505277e-01   2.0360524e-01   1.5439476e-01   9.9068021e-02   1.7746372e-01   3.4633251e-01   3.5632445e-01   2.7551783e-01   6.3755404e-02
   1.6060984e-01   2.8456012e-01   9.4240673e-02   1.4108564e-01   2.7711288e-01   3.5889118e-01   1.7946701e-01   2.2932085e-01   2.9565860e-01   0.0000000e+00   1.9133987e-01   3.6001495e-01   2.7430121e-01   5.5324398e-02   1.6063871e-01   2.9324188e-01   1.7261529e-01   2.9173163e-01   2.6112079e-01   3.0939227e-01   1.8144991e-01   2.6465815e-01   1.7064642e-01   2.2240621e-01   3.7776790e-01   2.4758312e-01   5.9632509e-02   1.1009754e-01   3.8979489e-01   1.7787383e-01   2.8633832e-01   2.6270518e-01   1.9066989e-01   8.3502744e-02   1.7147905e-01   1.8892482e-01   2.9856632e-01   2.8293822e-01   3.2628051e-01   1.6511584e-01   3.5090327e-01   2.3518819e-01   1.4443176e-01   1.8139878e-01   1.5769803e-01   3.6214828e-01   3.8400760e-01   7.3756354e-02   1.0604750e-01   2.6841625e-01   2.6404228e-01   1.2453286e-01   2.6563414e-01   3.7594526e-01   1.8526832e-01   3.1935560e-01   2.4573011e-01   3.7524324e-01   2.8009532e-01   2.3408979e-01   1.9121342e-01   1.5745829e-01   1.1786341e-01   5.8102821e-02   3.3049633e-01   2.9671277e-01   2.6546751e-01   3.2492432e-01   3.5681898e-01   1.1303940e-01   2.4573630e-02   2.1884828e-01   1.5666143e-01   1.9157958e-01   2.2699208e-01   3.3415163e-01   1.3898897e-01   2.1809779e-01   1.5819489e-01   1.3796929e-01   1.8657583e-01   1.2957749e-01   3.1042130e-02   8.4503292e-02   3.6952139e-01   1.4642711e-01   3.0505533e-01   5.9085247e-02   1.6832661e-01   2.5442168e-01   3.7612620e-02   1.1639523e-01   3.6166800e-01   1.7550582e-01   2.5973656e-01   3.6671739e-01   3.5403587e-01   2.9564257e-02   1.7680099e-01   3.2972946e-01   1.1205080e-01
   3.4265651e-01   2.7001557e-01   1.6187030e-01   1.0563635e-02   3.5734853e-01   6.1232162e-02   2.8016899e-01   2.2180083e-01   2.2172507e-01   2.4852037e-01   0.0000000e+00   3.7101223e-01   3.2499969e-01   1.3909237e-01   3.1682755e-01   3.7960410e-01   3.6758258e-01   2.1393768e-01   3.7507368e-01   3.9802105e-02   1.8436346e-02   6.2596241e-02   3.6915626e-01   8.9024742e-02   1.2161718e-01   5.9149951e-02   6.2284378e-02   6.1562245e-02   3.4192896e-01   3.6519955e-01   2.1166098e-01   2.5412833e-01   3.3972002e-01   3.2893252e-01   1.1427011e-01   1.5598814e-01   2.6632744e-01   3.3446429e-01   3.7904765e-01   2.6478302e-01   3.3173242e-01   3.9762819e-01   3.3719494e-01   3.3488245e-01   2.1205983e-01   3.9694595e-01   1.7028393e-01   6.5796055e-02   1.1694542e-02   2.1014384e-01   1.3923996e-01   3.1512915e-01   3.4168510e-01   3.7615926e-01   1.6626028e-01   1.8462602e-01   4.4319136e-02   1.5387649e-01   2.0716160e-01   1.8746201e-01   4.6369597e-02   3.5375436e-01   3.8760353e-01   4.4101103e-02   3.1961472e-01   3.0788405e-01   3.1939646e-01   1.6757247e-01   2.8294135e-01   3.0926092e-01   3.2956564e-01   1.1845469e-01   1.0985844e-01   6.1618857e-02   1.7105276e-01   2.6814231e-01   7.3933285e-02   2.1432650e-01   2.2517873e-01   1.1236556e-02   3.5987782e-01   2.7130383e-01   6.2046267e-02   1.5482654e-01   3.7089323e-01   2.3661809e-01   3.8720572e-01   3.4602530e-01   1.6099328e-01   5.1127859e-02   2.2454070e-01   3.0246056e-01   3.7909179e-01   2.9489311e-01   2.2068712e-01   2.8867692e-01   8.7239360e-02   1.8416832e-01   1.9496775e-01   1.8201729e-01   1.9691083e-01
   2.9528564e-01   3.3354433e-01   3.8128742e-01   2.2794647e-01   3.1298839e-01   1.8157639e-01   3.3011529e-01   2.8520108e-01   3.2060214e-01   3.3459841e-01   8.8580719e-02   0.0000000e+00   1.4627620e-01   1.0261551e-01   2.0643971e-01   1.3226325e-01   1.8945670e-01   3.8135400e-02   1.3125039e-01   1.6261741e-01   3.8144773e-01   1.9365069e-01   4.6943865e-02   2.8688146e-01   4.2553695e-02   3.7710856e-01   1.5782380e-01   1.9076287e-02   2.6677847e-02   2.8919181e-02   1.0165688e-01   3.8196019e-01   3.6890520e-01   4.0832310e-02   2.4855467e-01   5.6692435e-02   3.9806338e-01   2.1728712e-01   1.6259365e-01   2.6427312e-01   8.6767485e-02   9.8929981e-02   6.3842485e-02   3.0874265e-01   6.8147161e-02   1.0224831e-01   1.3378643e-02   3.2115292e-01   3.8281694e-01   1.1821368e-01   2.6970122e-01   1.5088572e-01   8.7266781e-02   2.3745885e-01   1.9943582e-01   2.8727412e-01   3.5117543e-01   1.3104666e-01   1.0995952e-01   2.6622552e-01   1.6495700e-01   3.8712344e-01   1.7969150e-01   1.7775139e-01   2.0692818e-01   2.8685330e-02   2.4509644e-01   3.2662608e-01   1.4170351e-01   3.3564880e-01   2.7769573e-01   1.7984139e-01   1.4740883e-01   3.9350240e-01   2.4010105e-01   5.1524718e-02   2.5024835e-01   7.1430307e-02   1.2867253e-01   1.7866416e-01   1.8581230e-02   2.9631568e-01   1.3070203e-01   2.5232338e-01   1.5860479e-01   3.8012929e-01   3.4068247e-01   7.8575209e-02   2.1731570e-01   2.9520823e-01   1.0660283e-01   3.8230981e-01   1.6672297e-01   1.8580605e-01   1.2306018e-02   2.1195671e-01   2.4228249e-01   4.9259554e-02   2.8735997e-01   3.4277238e-01   4.4176573e-02
   2.9751644e-01   3.6248706e-01   1.2104550e-01   2.1251311e-01   1.7928969e-01   3.7187546e-01   1.1693481e-01   2.6299427e-01   4.2310261e-02   1.7177102e-01   3.2270920e-01   2.3583959e-02   0.0000000e+00   1.5842273e-01   1.5005864e-01   2.2955199e-01   2.2359275e-01   1.3734166e-01   1.4042551e-01   4.4458025e-02   2.9121852e-01   1.4825602e-01   2.1490119e-01   2.6180325e-01   3.3423603e-01   8.2344214e-02   3.6181242e-02   7.9893488e-02   3.0796876e-01   3.7661509e-01   1.7150458e-01   1.7583472e-02   3.4170673e-01   3.5277849e-01   2.8171827e-01   2.1334518e-01   5.7180176e-02   9.5002217e-02   6.9857041e-02   3.6339168e-01   1.9150545e-01   2.7861492e-01   1.7268954e-01   1.1854769e-01   3.7443151e-01   2.9595774e-01   2.6919264e-01   2.2994495e-01   1.3083231e-01   2.4685681e-01   4.2838682e-02   1.5122262e-01   2.9730632e-01   2.3022611e-01   1.0361916e-01   1.5176522e-01   3.1354063e-01   2.3996626e-01   2.7229113e-01   9.5320536e-02   2.4717884e-01   3.8597565e-02   1.9740162e-01   2.0370581e-01   2.6423480e-01   7.5467534e-02   1.8124766e-01   3.2719007e-02   1.8178827e-01   3.6795159e-01   2.2093478e-01   3.0867537e-01   2.8399012e-01   1.8960634e-01   3.4128241e-01   1.1315613e-01   1.8739036e-01   6.6408347e-02   2.8689406e-01   1.1035365e-01   2.4433414e-01   1.7752121e-01   1.1230642e-02   8.8553488e-02   2.5775925e-01   2.8548421e-01   1.4889108e-01   3.9535052e-01   2.4528666e-02   1.8445193e-01   2.5891444e-01   3.9664937e-01   5.7009223e-02   2.6556709e-01   1.8690902e-01   2.3011988e-01   3.5382682e-01   5.7727123e-02   2.7982015e-02   1.4818065e-01   1.1387653e-01
   3.0345426e-01   3.6371260e-01   1.8392134e-01   8.5397172e-02   2.6817898e-01   3.2229017e-02   2.6022548e-01   1.7167218e-01   3.9857174e-01   1.6553758e-01   1.8639511e-01   3.8316702e-02   3.2375874e-01   0.0000000e+00   1.1761308e-01   3.2926655e-01   2.0823071e-01   3.6843349e-01   2.3031825e-01   1.7514868e-01   1.7891264e-01   8.5942585e-02   7.2852289e-02   3.7051300e-01   1.9038012e-01   5.4270678e-02   1.5050977e-01   1.9658045e-01   6.5995391e-02   3.3941567e-01   1.4717517e-01   1.0076490e-01   6.9806172e-02   3.5215769e-01   3.9008911e-02   3.3241839e-01   2.6006610e-01   3.2773195e-01   4.1484122e-02   6.1901728e-02   1.4703947e-01   1.9042225e-01   7.1202513e-02   3.5050837e-01   2.3686135e-01   1.0590045e-01   2.3308724e-01   4.3041128e-02   8.9101965e-02   1.2400062e-01   3.2155259e-01   2.5665693e-01   3.8778318e-01   2.2050969e-02   3.8964045e-01   4.7361396e-02   1.1478445e-01   4.3303413e-02   2.9113448e-01   4.3105231e-02   3.0797141e-01   3.9249241e-02   1.3969704e-01   1.1408718e-01   3.0844680e-01   2.6075238e-01   2.2611454e-01   3.7663962e-01   2.3256923e-01   4.7454035e-02   2.0227727e-01   1.4123337e-01   2.6540857e-01   2.5375857e-01   1.7062263e-01   1.1180979e-01   3.8783315e-01   2.6691501e-01   3.3881037e-01   2.8250671e-01   3.8444740e-01   9.7353720e-02   3.1712614e-02   7.0670787e-02   6.1186328e-02   1.3913086e-01   2.5770066e-02   1.6818583e-01   3.8355667e-01   3.6359296e-01   2.9010555e-01   1.9176848e-01   1.3059940e-01   1.9934988e-01   9.5077088e-02   3.4114908e-01   3.6691045e-01   1.5603420e-01   2.4649851e-01   2.4258434e-01   1.7886828e-01
   1.8348896e-01   2.2163645e-01   1.3083040e-01   3.4122108e-01   2.3252593e-01   7.5366828e-02   1.4689241e-01   1.3378821e-02   3.9689781e-01   1.5610343e-01   3.6713058e-01   8.4830416e-02   1.3513730e-01   2.9236339e-01   0.0000000e+00   3.7315811e-01   2.2568643e-01   3.3627775e-01   2.7383789e-01   3.1647673e-01   2.4364486e-01   2.5625072e-01   2.7576437e-01   3.5535565e-01   1.0968219e-01   4.5948348e-02   2.2368679e-02   9.1942881e-02   3.8186449e-01   3.4427944e-01   3.6698565e-01   2.8587594e-01   2.1110830e-01   3.5688399e-01   5.4139289e-02   1.3724839e-01   3.4707482e-01   3.1790590e-01   8.6271864e-02   2.0121062e-01   7.5622751e-02   3.0692573e-01   2.5168136e-01   3.2390785e-02   2.3498876e-01   3.3499647e-01   8.9978041e-02   9.9851085e-02   2.8767516e-01   2.2673158e-01   2.3870972e-01   2.1444809e-01   8.6747328e-02   3.6181939e-01   7.3354209e-02   3.8090998e-02   2.7580493e-01   3.0184125e-01   9.2797032e-02   3.0827491e-01   1.2424263e-01   3.5362056e-01   2.9949743e-01   3.6033953e-01   1.5495800e-01   5.4932289e-02   3.4096911e-01   2.9886918e-01   8.1320664e-02   7.9172946e-02   1.1602915e-01   2.8397723e-01   3.6179515e-01   3.2843126e-01   2.5374535e-01   2.0362405e-01   6.1735207e-02   3.9296792e-01   1.0687891e-01   1.2870755e-01   4.2969544e-02   3.6017447e-01   2.1624861e-01   2.8332477e-02   1.4329472e-01   2.9944116e-01   3.7140930e-01   2.5393003e-01   2.6049404e-01   3.8758055e-01   1.5803389e-01   1.2242141e-01   1.9161794e-01   5.8265675e-02   2.3965110e-01   2.9424406e-01   3.3944471e-01   3.7221681e-01   2.0234567e-01   3.3968131e-01   1.3634981e-01
   3.2276600e-01   7.1012863e-02   1.5160604e-01   1.1883345e-01   1.4687051e-01   7.3076875e-02   1.4448004e-01   2.8914013e-01   2.3355942e-01   1.7032917e-01   3.2897759e-01   9.6901803e-02   3.7427346e-01   1.3862450e-01   1.4308482e-01   0.0000000e+00   1.1254516e-01   1.5162455e-02   3.1608550e-01   1.2553037e-01   3.3638702e-01   8.8695243e-02   2.9852568e-01   1.9484884e-02   8.2496288e-02   3.1339889e-01   3.3196526e-01   4.1451613e-02   2.3446598e-01   3.6251038e-01   3.8005772e-01   9.2585255e-02   6.5728687e-02   3.7549728e-01   1.3858817e-01   1.4680304e-01   4.0142757e-02   7.6584546e-02   2.8690414e-01   2.9069398e-01   2.1398629e-01   1.6932986e-01   5.9845589e-02   5.8052515e-02   2.5098636e-01   2.0757746e-01   8.9620573e-02   1.0932746e-01   1.0798820e-01   4.1996061e-02   7.6725133e-02   1.2300902e-01   3.3320965e-01   4.1812655e-02   4.7509419e-02   2.8441135e-02   2.4547565e-01   8.1886402e-02   5.0403322e-02   7.2972584e-02   3.9711918e-01   1.0177199e-01   1.6030037e-01   2.9671350e-01   8.4848568e-02   2.1070331e-01   1.3402873e-01   6.8994439e-02   1.6947788e-01   3.1951941e-01   2.3429067e-01   3.1074652e-01   1.6313887e-01   2.8671668e-01   1.1015503e-01   5.0623381e-02   3.3222301e-01   2.0705641e-01   3.4919640e-01   3.8334235e-01   3.3291959e-01   3.0347236e-01   3.8251536e-01   3.0846806e-01   2.0125823e-01   3.2945030e-02   1.2077496e-01   2.5151178e-02   6.9055141e-02   1.1167854e-01   3.2004810e-01   1.2492327e-01   2.0079198e-01   3.4528881e-01   1.4089416e-01   2.6168458e-01   2.6680797e-01   2.6760571e-01   3.2956879e-01   3.9234589e-01   9.1383740e-02
   3.1083122e-01   3.7480725e-01   1.5780376e-01   2.4749680e-01   1.3472005e-01   5.9733887e-02   1.5005320e-01   2.8055640e-01   3.4232296e-02   1.9643956e-01   2.7929384e-01   1.4319287e-01   1.9079234e-01   6.0424592e-02   6.1901916e-02   2.6973150e-01   0.0000000e+00   3.7245874e-01   3.4282450e-01   6.9203616e-02   3.2389243e-01   1.1045924e-02   3.4289783e-01   3.3695632e-02   2.9508313e-01   1.9484124e-01   5.4438861e-02   1.7902664e-01   1.1610305e-01   2.2910469e-01   2.8214010e-02   2.1474259e-01   3.0091970e-01   8.8413924e-02   3.5048212e-01   1.1369071e-01   1.9675638e-02   3.9447056e-01   3.6272678e-01   6.4665203e-02   7.1303648e-02   1.3281563e-01   2.2666674e-01   2.8143529e-01   2.4789006e-01   7.1924703e-02   3.0468872e-02   9.3840540e-02   2.4380105e-02   3.8433788e-01   1.7756350e-01   3.2378858e-01   2.4680046e-01   1.3408762e-01   2.0900624e-01   3.0420883e-01   2.7346196e-02   3.3335430e-01   2.2441679e-01   1.6769394e-01   2.5134416e-01   1.1384148e-01   3.7053528e-01   3.8130046e-01   3.9886233e-01   3.7236854e-01   1.2349945e-01   6.5670720e-02   5.5667375e-02   3.0208295e-01   1.4340236e-02   2.1701899e-01   1.3872673e-02   2.3018104e-01   3.5682478e-01   3.1086690e-01   1.5920093e-01   1.3575020e-01   2.1451213e-01   2.0524098e-01   5.8382862e-02   2.5615293e-01   3.1182007e-01   3.7564509e-01   6.2514696e-02   1.9263500e-01   5.8885605e-02   2.8471056e-02   2.3757329e-01   2.4859033e-01   1.8082513e-01   1.7582730e-01   6.5207855e-02   6.0329854e-02   2.6788092e-01   9.1661845e-02   2.5765929e-01   1.6174051e-01   1.6469164e-01   3.2047169e-01   1.4816632e-01
   3.1378993e-01   1.9625830e-01   1.8873378e-01   9.4790599e-02   3.5130144e-01   3.8681960e-01   1.0960901e-01   3.7655112e-01   2.4657537e-01   7.0518623e-02   2.2604854e-01   1.3138275e-01   2.1423270e-01   1.5137251e-01   1.3595742e-01   3.9329242e-01   7.8747832e-02   0.0000000e+00   5.4187250e-02   2.6578486e-01   2.6881238e-01   3.3960322e-01   1.8490664e-01   8.9015298e-02   3.8702478e-01   1.0267363e-01   1.7958037e-01   3.0140166e-01   2.2426932e-02   2.8056071e-01   2.7485736e-01   5.8012848e-02   5.4019263e-02   7.1055585e-02   1.9589900e-01   1.1851821e-01   1.9344750e-01   3.8152136e-01   2.7496389e-01   2.9729541e-01   1.2871481e-01   2.6280103e-01   7.7840478e-02   3.4253742e-01   3.5695147e-01   3.5327997e-01   3.8268702e-01   3.1851925e-01   4.7882316e-02   2.3324505e-01   2.8744270e-01   3.7809058e-01   2.4342601e-01   2.7564533e-01   3.2914385e-01   1.8671914e-01   3.3890215e-01   3.4876652e-01   1.4446638e-01   2.2472461e-01   3.4157590e-01   7.5062878e-02   3.0535952e-01   1.0886365e-01   2.6202308e-01   3.8865796e-01   3.4025694e-01   1.7792221e-01   3.0683084e-01   3.1323072e-02   2.8746207e-01   3.8374644e-01   5.0695697e-02   2.3148925e-01   3.8448387e-01   2.4556680e-01   3.1116063e-01   2.4252553e-01   3.5340988e-01   9.7555043e-02   2.1078568e-02   1.0461213e-01   8.3315420e-02   3.0449985e-01   2.8942533e-01   2.2493834e-01   6.2262136e-02   9.4413037e-02   1.0225582e-01   1.9822308e-02   3.7560919e-01   2.7376894e-01   3.7491221e-01   2.6004502e-02   1.1195286e-01   7.9747569e-02   3.4182005e-01   3.4207608e-01   2.3248773e-01   1.3469938e-01   9.5748359e-02
   5.1012374e-02   5.2508144e-02   3.2817788e-01   2.2950326e-02   3.7483664e-01   1.4207253e-01   8.5362971e-02   2.6227610e-01   3.3315610e-01   3.2460756e-01   1.6617071e-01   3.8336222e-01   1.1278304e-01   3.9860367e-01   3.4814482e-01   3.0392721e-01   3.5546305e-02   1.4435344e-01   0.0000000e+00   5.4643141e-02   1.5808931e-01   3.8877622e-01   1.8779240e-01   2.5734809e-01   3.7332108e-01   2.9176246e-01   1.8172543e-01   2.6879004e-01   5.8292181e-02   3.0487627e-01   3.9076529e-01   1.0535641e-01   2.6861646e-01   1.9804641e-01   4.4875667e-02   1.9034183e-01   2.7551601e-01   2.8202442e-01   4.9496646e-02   2.3744849e-02   9.1997385e-02   2.2406661e-01   2.1590536e-01   1.4079070e-01   5.7816677e-02   3.8819617e-01   6.5658347e-02   2.7609645e-01   3.5944592e-01   3.8546993e-01   2.8957599e-01   2.7733561e-01   2.7891508e-01   2.2440414e-01   2.0397009e-02   2.7748459e-01   9.0407446e-02   3.9984554e-01   3.0557511e-01   1.5062875e-01   8.2420305e-02   2.1724314e-01   3.2967482e-01   1.4681556e-01   1.0752149e-01   2.0593974e-01   1.3785904e-01   1.6458167e-01   1.3445424e-01   2.6746023e-01   3.1471103e-01   2.7509751e-01   2.4591318e-01   2.0085886e-01   3.0738386e-01   5.7497257e-02   3.1329896e-01   9.5247844e-02   3.2776010e-02   1.6547540e-02   2.3530006e-02   2.0637965e-01   2.1570904e-01   1.7790083e-01   2.6038909e-01   2.7316212e-01   2.5751194e-01   3.1099738e-01   3.7058012e-01   3.4044046e-01   3.2757911e-01   1.1367697e-01   1.2575231e-01   1.1016438e-01   3.6555813e-01   1.3545565e-01   2.2820870e-01   3.3621248e-01   1.1585454e-02   6.0054790e-02   2.3728601e-01
   9.4014820e-02   1.1784804e-01   8.9563571e-02   7.5601624e-02   3.8874904e-01   2.7370108e-01   3.2669224e-01   2.9055895e-02   3.4408610e-01   3.2456947e-01   2.4441428e-01   3.6939193e-02   6.9520735e-02   1.4051987e-01   2.2275666e-01   1.0180884e-01   1.1387506e-01   7.1529161e-02   3.1733316e-01   0.0000000e+00   6.2831064e-02   6.7016540e-02   2.0651235e-01   1.9274447e-01   1.6285777e-01   3.9797040e-01   2.4481566e-02   1.1325455e-01   2.7537290e-02   3.5556578e-01   1.3144380e-01   2.4828847e-01   2.2921315e-01   2.0071878e-01   1.2141678e-01   1.2871701e-01   3.2297405e-01   9.6984422e-02   8.6144467e-02   2.9395815e-01   4.0431170e-02   2.1855466e-01   1.9584857e-02   3.2506267e-01   2.5386351e-01   2.1565332e-01   4.1503392e-02   3.5265873e-01   2.9635692e-01   3.7418683e-01   2.9159258e-01   4.7563711e-02   2.2087302e-01   9.4527285e-02   2.8934516e-01   2.7593221e-01   3.9051754e-01   2.6100540e-01   3.3278414e-01   3.7681273e-01   2.2417078e-01   1.1536297e-01   2.0045607e-01   8.5996353e-02   1.5988589e-01   8.3026673e-02   7.9266723e-02   1.5613907e-01   2.7968825e-01   3.0608348e-01   2.9737545e-01   4.5463514e-02   1.1205909e-02   2.6351843e-01   3.9384253e-01   1.9011645e-01   8.2685355e-02   3.2707196e-01   3.0648446e-02   2.1996898e-01   1.4813347e-01   1.9285123e-01   3.8280627e-02   4.9615376e-02   4.0034444e-02   2.0149838e-01   2.5435381e-01   4.6547749e-02   2.6498684e-01   2.6257049e-01   1.9325167e-01   4.7993666e-02   3.7148899e-02   3.8689753e-01   3.3742471e-01   2.5032081e-01   3.5739536e-01   1.0077695e-01   3.3940265e-01   2.1481245e-01   1.4835643e-01
   4.3385035e-02   1.6517694e-01   3.4685256e-01   3.1340785e-01   2.1738041e-01   2.3407249e-01   1.7931010e-01   1.0187417e-01   3.3073288e-01   1.5287370e-01   1.5524668e-01   9.0465560e-02   1.5387151e-01   3.7560427e-01   3.0591052e-02   3.6845263e-01   7.2606860e-02   2.0150380e-02   1.3281649e-01   1.3127446e-01   0.0000000e+00   3.3460919e-01   1.1475689e-01   1.8668089e-01   4.7948043e-02   8.3222363e-02   4.1614123e-02   3.5938727e-01   1.9254790e-01   2.3394680e-01   2.8809991e-02   2.5495625e-02   2.9545212e-01   9.4466144e-02   1.5011794e-01   1.6621973e-01   3.5532265e-01   1.3786293e-01   3.0033023e-01   2.7548380e-01   1.6218739e-01   2.3935196e-01   1.6404779e-01   7.2456406e-02   3.4488296e-01   7.3300634e-02   1.4391620e-01   1.0977729e-01   1.7950653e-01   1.8395015e-01   3.0598179e-01   1.6410538e-01   1.3852416e-01   1.9724511e-01   1.5117821e-01   3.1705915e-01   2.1590209e-01   6.8147715e-02   3.8723744e-01   1.2331125e-02   2.6505523e-01   9.6262140e-02   7.2439438e-02   2.5506595e-01   1.6193881e-01   3.0834690e-01   1.3063711e-01   2.5637198e-01   2.2385768e-01   2.8635427e-01   1.8241554e-01   8.1695040e-02   2.5883412e-01   9.5510510e-02   3.2775119e-01   1.0539856e-01   3.1482409e-01   1.5231789e-01   8.2821427e-02   2.5453466e-01   2.7618764e-01   1.4335974e-01   2.0265461e-02   9.2216760e-02   3.7466734e-01   2.7584078e-01   2.6862669e-01   3.4427085e-01   1.3518370e-02   3.1692150e-01   4.7996505e-02   3.3898685e-01   3.6837611e-01   1.1595987e-01   1.5570369e-01   4.9266837e-02   3.3386606e-01   1.4882847e-01   3.1446581e-01   1.9109934e-01   4.7031846e-02
   2.9183615e-01   2.4496956e-01   2.1418344e-01   3.2591424e-01   3.5249333e-01   2.4898307e-01   3.2095919e-01   2.3385806e-01   1.8676891e-01   2.7952459e-01   1.2664532e-01   1.3698653e-01   3.1934189e-01   3.1364855e-01   3.6639491e-01   3.3146418e-01   5.3409978e-02   3.3283559e-01   1.9350966e-01   2.5693499e-01   1.5789883e-01   0.0000000e+00   3.5171000e-01   1.3773008e-01   3.2381940e-01   2.4052169e-01   3.2552700e-01   2.2211366e-02   9.6912662e-02   8.3384489e-02   1.6247746e-01   1.1523605e-01   3.4693652e-01   2.6826863e-02   1.2280227e-01   2.4679205e-01   3.6957352e-01   4.9328280e-02   1.3127355e-01   2.8494936e-02   1.6831599e-01   3.7742808e-01   2.6383437e-01   8.3290625e-02   2.2611685e-01   2.1333585e-01   1.6862865e-01   6.8076407e-02   3.2088912e-01   9.0672601e-02   4.8585204e-02   1.9086695e-01   1.4608263e-01   1.4038648e-01   2.1403624e-01   2.1852610e-01   3.5946002e-01   2.7170442e-01   2.9953628e-02   1.7432141e-01   2.3956638e-01   3.0805473e-02   2.3143767e-01   3.2692445e-01   9.5943411e-02   1.6811195e-01   1.2518840e-02   4.4560919e-02   3.1878811e-01   3.4803494e-01   1.1861787e-01   1.1803687e-01   5.3925355e-02   3.0710277e-01   3.9594911e-01   3.8026237e-02   2.5426075e-01   2.8602981e-02   3.0146370e-01   1.9963662e-01   1.4376728e-01   1.5599327e-01   6.2577814e-02   4.8966806e-02   1.6374661e-01   9.1463363e-02   2.1098212e-01   3.8225345e-01   1.9392881e-01   1.1486407e-01   2.9162847e-01   5.3120770e-02   2.3258907e-01   1.7152812e-01   3.5556569e-01   2.2766912e-01   2.4612420e-01   3.2046786e-01   2.0782653e-01   2.0829084e-01   6.9929831e-02
   3.2158532e-01   3.0830854e-01   3.3796946e-01   2.2851933e-01   1.0706782e-01   1.3388355e-01   3.5245178e-01   1.5007066e-01   3.7797833e-01   1.2008632e-01   8.1237898e-02   3.9553495e-01   1.3517522e-01   3.5058238e-02   3.4114098e-01   2.1070982e-02   1.7826256e-02   2.8554047e-01   3.8924468e-01   3.3918826e-02   1.0828361e-01   3.7053364e-01   0.0000000e+00   1.2574163e-01   3.5332401e-01   1.2720950e-02   2.8501867e-01   2.6795804e-01   1.6445884e-01   3.6471739e-01   3.1792517e-01   2.1413402e-01   3.8196400e-01   3.5761554e-01   2.4215208e-01   2.1731679e-02   8.4520389e-02   9.6946874e-02   3.9095205e-02   3.1035451e-01   2.3216359e-01   3.0449100e-01   3.3073048e-01   2.9235131e-01   1.8305303e-01   2.4437277e-01   1.8582319e-01   1.6815645e-01   2.0215526e-01   2.9278477e-01   2.4423362e-01   3.0547108e-01   3.9764898e-01   3.3633990e-01   3.7330810e-01   1.9480257e-01   1.8327955e-01   3.9469012e-01   2.4168829e-01   9.1014700e-02   1.9955367e-01   9.5863095e-02   1.3402737e-02   8.4453335e-02   2.5232778e-01   1.4109415e-01   3.3536360e-01   1.9827663e-01   4.9487777e-02   3.3122595e-01   2.9208696e-01   1.6961949e-01   2.4475984e-01   2.3714120e-01   1.7428436e-01   2.4047469e-01   2.2709016e-01   2.8897713e-01   3.1309183e-01   3.4206131e-01   2.9622812e-01   3.3147166e-01   1.8968186e-01   3.3192212e-01   3.8048631e-01   2.3189938e-01   6.5615180e-02   2.4347550e-01   1.3677490e-02   2.0373571e-01   7.3278509e-02   1.6497508e-01   1.1714525e-01   2.4020436e-01   3.8956860e-01   2.7679406e-01   3.2139830e-01   9.3439917e-02   1.8892092e-02   3.8526265e-01   2.4077733e-01
   7.4743484e-02   3.8885463e-01   2.7966025e-01   6.4648536e-02   2.1702450e-01   1.5010010e-01   1.4349943e-01   1.0307367e-01   3.6020974e-01   2.5973317e-02   2.2373238e-01   2.4169093e-01   1.4024928e-01   3.5947612e-01   3.0319742e-01   3.8183625e-01   2.2964852e-01   3.5292719e-01   1.5517045e-01   7.5522544e-02   1.0455066e-01   2.8627632e-01   2.2744061e-01   0.0000000e+00   3.7699505e-01   4.4860715e-02   1.8871279e-01   3.3840889e-01   9.7792461e-02   3.6807026e-01   2.3637914e-01   1.2200899e-01   9.6253466e-02   2.6647240e-01   2.7739874e-02   2.3367818e-01   2.6593019e-01   8.7027871e-02   3.5554405e-01   3.7516989e-01   1.7079220e-01   1.4886142e-01   1.2808490e-01   4.7805243e-02   2.2644537e-01   4.2910323e-02   1.9514372e-01   1.6473734e-01   2.2136933e-01   2.3153115e-01   2.6038009e-01   2.1717848e-01   2.8077796e-01   3.6470178e-01   1.0962063e-01   3.1356938e-01   7.0809559e-02   3.7693647e-01   2.7155154e-01   2.0411727e-01   8.0272607e-02   2.9825950e-01   1.8449199e-01   3.1805816e-01   2.1346309e-01   2.6375712e-01   1.7306818e-01   3.6160290e-01   8.6253152e-02   2.9148574e-01   7.6457007e-02   6.4179530e-02   1.2724382e-01   1.7323093e-01   2.0450314e-01   1.3441917e-01   3.1529184e-01   2.9826614e-01   2.9172422e-01   3.5816371e-01   2.3902556e-01   1.3974452e-01   1.7310062e-01   3.8843638e-01   3.6179403e-01   1.6556737e-01   4.7996579e-02   3.6511676e-01   1.7717511e-01   1.0946197e-01   2.5144354e-01   2.1045066e-01   3.7063770e-01   2.7341211e-01   2.9831418e-01   1.5012884e-01   2.6241084e-01   3.1972606e-01   3.2256265e-01   2.6657023e-01   2.2077833e-01
   2.2440164e-01   3.0184747e-01   1.9946973e-01   1.8304430e-01   3.7398200e-01   3.2265307e-01   3.6438008e-01   9.7398289e-02   1.0785167e-01   4.6703655e-02   3.8524781e-01   2.5950557e-01   3.6819938e-01   3.0977151e-01   3.0398587e-01   9.8766289e-02   1.2200118e-01   1.5237505e-01   2.7532423e-01   2.2843083e-01   3.3286071e-01   3.4370214e-01   3.2573304e-01   3.5593404e-01   0.0000000e+00   2.1414113e-02   3.6083163e-01   3.2392252e-01   3.4009224e-01   2.5879325e-01   8.8534203e-02   9.4155152e-02   3.5473931e-01   3.6650113e-02   2.8609509e-01   9.8390727e-02   2.7049675e-01   6.9414939e-02   5.2308740e-02   3.3344906e-01   9.4589311e-02   2.5259237e-01   2.3929456e-01   1.8500552e-01   3.0046859e-01   3.9902710e-01   2.9915322e-01   1.0949696e-01   1.0213887e-01   3.9024301e-01   2.6268913e-01   1.5966507e-02   1.0719672e-01   2.8432757e-01   3.6660608e-01   4.9060275e-02   1.8749416e-01   2.4294333e-01   1.3588583e-01   1.4310510e-01   4.2790190e-02   3.7723695e-01   6.0668583e-02   3.0690786e-02   3.6045540e-01   2.3872706e-01   8.8197778e-02   2.3534286e-01   3.8802746e-01   2.2821643e-01   2.2693557e-01   3.6305698e-01   8.7004777e-02   3.8675890e-01   3.6385030e-01   9.5602720e-02   4.9522562e-02   3.7653580e-01   3.5177757e-01   7.6774820e-02   1.9396437e-01   1.8664364e-01   3.9924456e-01   1.2562439e-01   2.1655644e-02   1.0333064e-01   1.5880933e-01   1.0698771e-01   3.1342097e-01   3.3533134e-01   2.8065276e-01   1.7568174e-01   6.6676079e-02   3.5563826e-01   2.2328321e-01   1.0540572e-01   3.6192397e-01   1.3643899e-01   3.2296754e-01   6.4984345e-02   2.2999127e-01
   1.9657625e-01   1.6402960e-01   7.0193462e-02   6.5873554e-02   1.8079552e-01   2.1043606e-01   6.2523599e-02   2.1261356e-01   1.0467286e-01   1.7871055e-01   1.3023196e-01   6.7386573e-02   1.6259461e-01   3.8051240e-01   1.3067848e-01   9.7647372e-02   3.7899508e-01   1.6235874e-01   9.6521768e-02   2.1534176e-01   1.5282778e-01   2.7072548e-01   1.2278928e-01   3.5255188e-01   1.0795691e-01   0.0000000e+00   2.8249899e-01   5.8016445e-02   3.8550734e-01   1.9384809e-01   3.3329383e-01   2.3943535e-01   3.4166428e-01   1.4779775e-01   1.6938516e-01   3.8284576e-01   1.0450661e-01   5.9443970e-02   3.8370052e-01   1.5389206e-01   2.9596345e-01   1.6548286e-01   1.5705386e-01   3.3120722e-02   1.0382462e-02   6.6146257e-02   2.4585459e-02   2.0585734e-01   2.9634023e-01   2.6176030e-01   1.3650251e-01   3.4149316e-01   9.1392017e-02   8.9534124e-02   3.7238530e-01   2.1558658e-01   4.3772992e-02   5.9015939e-02   2.2990331e-01   2.0266976e-01   2.5735603e-01   3.3129773e-01   3.1306679e-01   2.7717419e-01   3.6496200e-01   2.0732759e-01   2.9795810e-01   3.8803275e-01   3.8012415e-01   3.9534859e-01   3.9252081e-01   3.2899502e-01   3.3235823e-02   1.5922152e-01   1.0014898e-01   1.6141040e-01   2.0960551e-01   3.4881150e-02   1.0720766e-01   2.7646564e-01   1.0753614e-02   2.3480519e-01   3.6075523e-01   3.9872201e-01   3.3570064e-01   7.7114657e-02   1.7748067e-01   3.6229838e-02   2.0932844e-01   2.4739817e-01   2.3033052e-01   1.2400278e-02   1.6326834e-01   3.8408043e-01   3.2007991e-01   3.0944966e-01   2.1795670e-01   3.9054477e-01   1.5709086e-01   2.5646525e-01   1.8156779e-01
   3.5285096e-01   3.6433703e-01   3.5122827e-01   2.9760182e-01   1.7206098e-02   2.8920041e-01   2.8589217e-01   1.1349502e-01   2.5363663e-01   7.9365942e-02   4.7510612e-02   3.0078473e-01   2.0595895e-01   9.8385561e-02   2.2989850e-01   9.8561538e-02   3.4075256e-01   3.9782002e-01   3.3607970e-01   3.6445105e-01   2.4721649e-01   3.2630969e-01   1.0013253e-01   3.2471380e-01   2.2316100e-02   3.2561186e-01   0.0000000e+00   3.7034074e-01   1.4675802e-01   1.2662772e-01   3.3179612e-01   2.3551576e-01   1.8060463e-01   3.7210944e-01   3.7600981e-01   1.8380449e-01   3.3146832e-01   3.9935123e-01   2.1539119e-01   3.3171420e-01   1.4584459e-01   1.6409497e-01   9.2415302e-02   1.3276758e-01   1.0899052e-01   3.0598189e-01   1.0061210e-01   8.5572737e-02   2.8434347e-01   2.7064472e-01   2.4920783e-01   2.8562645e-01   1.3577969e-01   1.5031839e-01   1.8614959e-01   1.7254758e-01   2.4433461e-01   5.5766280e-02   1.1288655e-01   3.1001935e-01   2.4889203e-01   1.3857526e-01   1.9120518e-01   4.8898645e-02   3.9775418e-01   1.5232690e-01   2.9436498e-01   1.8832413e-01   3.8650498e-01   3.6487733e-01   5.0783612e-02   2.1635703e-01   6.5379361e-02   3.7203612e-01   3.7991644e-01   2.2633733e-01   2.6725964e-01   9.7537823e-02   3.9439102e-01   7.6610832e-02   1.7712860e-01   3.3736293e-01   2.3736051e-01   1.7962862e-01   2.1253449e-01   2.6721027e-01   3.4628530e-01   3.0315012e-01   3.1825588e-01   3.5643272e-01   3.1427382e-01   3.5465516e-01   2.4587711e-01   1.7679693e-01   9.7648283e-02   2.2277300e-02   2.2494846e-01   2.8476861e-01   3.0044832e-01   1.4824440e-01   2.4762148e-02
   1.5004937e-01   3.6948614e-01   3.6036854e-01   1.5272834e-01   3.4417543e-01   2.4280288e-01   2.3132190e-01   3.6508476e-01   2.5702937e-02   1.8980802e-01   1.7871661e-01   3.3237560e-01   3.6036171e-01   2.2226605e-01   2.4194574e-01   3.9244149e-01   3.6042915e-01   1.0966869e-01   5.0448216e-02   3.9634287e-01   2.1201360e-01   2.7336534e-01   2.8602221e-01   3.2031417e-01   3.4779881e-01   1.0328394e-01   3.2304022e-01   0.0000000e+00   3.3250651e-02   2.8166092e-01   3.1054985e-02   3.9735764e-01   1.7667879e-01   3.7827074e-01   3.8936243e-01   9.6152803e-02   3.0038498e-01   1.4945274e-01   2.0889470e-01   1.1449889e-01   3.4538237e-01   1.8929637e-01   2.7890755e-01   2.7394869e-01   2.0249612e-01   3.8309278e-01   8.9744298e-02   3.6117901e-01   1.4823296e-01   1.1527485e-01   2.5192317e-01   1.1641966e-02   2.2712965e-01   2.9701104e-01   2.6504604e-01   7.2245095e-02   1.4469775e-01   1.9522132e-01   3.0138700e-01   2.9348360e-01   2.6871838e-01   2.6829051e-01   3.8022837e-01   9.0191200e-02   1.2683654e-01   3.5542295e-01   1.4588329e-02   3.2256889e-01   2.7295264e-01   3.7632357e-01   7.9123170e-02   2.5997690e-01   3.9232355e-01   3.2752244e-02   7.9514565e-02   8.2492395e-02   3.2396188e-01   1.3523258e-01   6.1761691e-02   2.1275333e-01   1.5266176e-01   1.7391159e-01   6.0869928e-02   8.1877163e-02   1.3816265e-01   2.3121148e-01   4.9569939e-02   3.0021312e-01   3.5283826e-02   2.1798088e-01   1.1193432e-01   1.6877029e-02   7.5226810e-02   2.6863958e-01   3.6228761e-01   9.3880671e-02   3.0775498e-01   1.6212473e-01   3.4289653e-01   3.2859908e-02   1.3625708e-01
   1.9487914e-02   1.8181068e-02   3.4413577e-01   8.7921036e-02   1.9752726e-01   3.2580572e-01   3.8905674e-01   2.6514403e-01   6.8278907e-02   5.1964993e-02   2.8916127e-01   8.3766602e-02   1.8801791e-01   2.4659505e-01   2.4514482e-01   3.0673016e-01   9.8388843e-02   1.9576433e-01   6.5196543e-02   2.9381364e-01   2.8232157e-01   4.2980491e-02   3.9692249e-01   2.1680652e-01   3.3273971e-01   2.0617675e-01   3.4319977e-01   1.9800866e-02   0.0000000e+00   4.9072876e-02   2.6169651e-01   2.0272977e-01   1.4544644e-01   1.2216366e-01   2.7886180e-01   2.4848137e-02   2.5558397e-01   2.8908751e-01   1.9820164e-01   8.4613833e-02   2.0807210e-01   2.0266483e-01   3.0173068e-01   2.9727443e-01   1.6861062e-01   3.8613256e-02   5.6945034e-02   2.2890995e-01   1.4401026e-01   5.0444542e-02   1.1182703e-01   3.7407800e-01   1.8909085e-01   2.6826399e-01   2.4222653e-01   1.9899050e-01   2.1882204e-01   1.4541060e-01   1.7172563e-01   3.0769174e-01   1.1694272e-01   1.5287859e-01   2.8809706e-01   3.3536242e-01   8.8829093e-02   1.7882595e-01   1.5325937e-01   1.4020598e-01   1.5363746e-01   1.6707816e-01   1.9499939e-02   7.9160087e-02   4.5875350e-02   3.6359164e-01   2.1849958e-01   2.8496238e-01   8.2796759e-02   1.6485255e-01   1.6083869e-01   2.1256526e-01   1.0959265e-01   3.6892608e-01   1.6441174e-01   3.8340841e-01   3.4195930e-01   8.2012469e-02   2.9182340e-02   3.7942905e-01   3.9652769e-01   2.2716134e-01   2.5574102e-01   1.1750804e-01   4.8598496e-02   2.4144524e-01   2.6059929e-01   3.3858041e-01   2.5359185e-01   1.8419481e-01   4.9281302e-02   3.1409939e-01   3.1554070e-01
   3.7096174e-01   1.5751052e-01   2.9634853e-01   1.4904338e-01   2.3391715e-01   2.8311736e-01   2.1374165e-02   7.2841796e-02   3.9910937e-02   3.0251068e-01   1.1675745e-01   3.7134766e-01   3.9692767e-01   2.2278180e-01   3.5263138e-01   1.4256483e-01   2.1905545e-01   1.6231079e-01   1.5695449e-01   9.4359350e-02   1.3295501e-01   1.4789651e-01   3.0369763e-01   1.3874555e-01   2.3857822e-01   1.1708142e-01   2.2765182e-01   5.8453287e-02   2.1518793e-01   0.0000000e+00   3.9757588e-01   3.0846369e-01   3.1698817e-01   2.6062041e-01   5.9774596e-02   2.3898558e-01   2.8931641e-01   2.0498649e-01   1.7662740e-01   2.0453392e-01   7.6272647e-02   2.4650479e-01   2.3718643e-01   1.2404667e-01   1.9779214e-01   2.5721861e-02   6.2848035e-02   2.8856704e-01   1.6262823e-01   1.5024141e-01   2.7410353e-01   2.0671643e-01   3.3895414e-02   1.3510197e-01   3.9613118e-01   3.1477873e-01   1.8637049e-01   2.0653782e-01   2.4735724e-01   1.3128962e-01   1.8113683e-01   3.5935963e-01   2.8628021e-01   2.5053875e-02   2.1130815e-01   1.1324116e-01   3.8598668e-01   5.9568844e-02   2.1770331e-01   1.8475258e-02   3.3645240e-02   1.3129710e-01   3.9313054e-01   3.2695375e-01   3.8332811e-01   3.7797194e-01   1.6684632e-01   3.7961482e-01   1.5553292e-01   1.4475075e-01   1.7338226e-01   1.1100012e-01   6.3270576e-02   1.9348692e-01   3.9853443e-01   3.8192509e-02   3.6085405e-01   3.7514212e-01   2.6804418e-01   1.0228894e-01   1.4244726e-01   3.4748268e-01   2.9916711e-01   3.7766347e-01   2.0293329e-01   1.2623539e-01   1.4889793e-01   2.2644575e-01   2.8674020e-01   6.6762485e-02   1.0599415e-01
   3.9317406e-01   3.1690697e-01   2.4473987e-01   3.4504105e-01   1.5693762e-01   5.9084043e-02   2.5331238e-01   3.3541246e-01   3.7697495e-01   2.2843006e-01   2.0834805e-02   1.2513555e-01   3.0242777e-01   3.7267375e-01   1.7743425e-01   2.1415174e-01   2.8630631e-01   2.5512899e-01   1.6322200e-01   1.6493450e-01   3.7608176e-01   3.0304670e-01   6.7267028e-02   2.2046523e-01   2.1891422e-01   1.6287586e-01   2.9793393e-01   3.4611257e-01   1.0966812e-01   1.6832790e-02   0.0000000e+00   3.1145040e-01   2.4788020e-01   3.4341709e-01   3.6114516e-01   2.8263321e-01   1.8435727e-01   2.6192105e-01   3.0703493e-01   3.5437714e-01   3.1970759e-01   2.2209524e-01   2.6358946e-02   1.6493179e-01   1.8922495e-01   1.0328641e-01   2.6293283e-01   1.0792218e-01   5.0840702e-02   3.2719587e-01   6.0681323e-02   5.2158470e-02   3.9232446e-02   5.2347583e-02   2.5877938e-01   3.5004808e-01   4.5982380e-02   2.2183850e-01   3.5141094e-01   3.8981420e-01   7.3669701e-02   5.7797996e-02   3.5571065e-01   3.6159543e-01   3.0514601e-01   2.5711754e-01   3.7583477e-01   2.2588401e-01   1.7289042e-01   2.4075132e-01   2.6331259e-01   3.5227421e-02   3.0074831e-01   6.7828355e-02   3.9616230e-01   2.9829938e-01   3.4937546e-01   4.9065523e-02   2.4320322e-01   3.6598795e-01   2.4052905e-01   8.8086666e-02   5.3450746e-02   3.1153681e-01   1.3758196e-01   1.5533613e-01   3.8582330e-01   1.4320064e-01   2.8946481e-02   7.8624124e-02   1.8525891e-01   3.1243114e-01   3.7558618e-01   2.8019375e-01   1.4461565e-02   3.4853860e-01   2.8333454e-01   1.0546259e-01   2.8838997e-01   1.2515723e-01   1.9891257e-01
   1.9726255e-01   1.6697537e-01   1.0106970e-01   2.8084491e-02   1.9450847e-01   1.8722383e-01   1.7740379e-01   1.3293162e-01   3.3931160e-01   2.6170770e-01   3.6745252e-01   2.6847409e-01   1.9418985e-01   2.8467530e-01   3.9207890e-01   3.1464454e-01   1.1208905e-01   1.1652599e-02   1.1133550e-01   6.3996596e-02   3.9090454e-01   1.9077414e-01   2.3668232e-01   2.3579693e-01   8.5799224e-02   2.8539867e-01   8.7575841e-02   3.2057838e-01   1.7127902e-01   3.2586401e-01   3.9429646e-02   0.0000000e+00   4.4440595e-02   2.9613983e-02   3.3753017e-01   3.2985052e-02   2.6189394e-01   3.9845432e-01   1.4903592e-01   3.7211515e-01   2.1884473e-01   1.7423966e-01   3.6326299e-01   2.2578487e-01   5.7794982e-02   2.5207482e-01   1.1753132e-01   1.6734476e-02   1.5121485e-01   2.3408707e-01   3.5859751e-01   1.5627641e-01   3.6094595e-01   2.6711741e-01   3.0735822e-01   2.5716102e-01   3.4066066e-01   2.8231347e-01   1.8723250e-02   1.3249375e-01   3.7012922e-01   3.3419157e-01   1.4864139e-01   1.7734810e-02   1.8925473e-01   1.4403383e-01   6.5209122e-02   2.6735258e-01   3.0656875e-01   1.6128868e-01   8.1205785e-02   2.3872689e-01   3.0181404e-01   3.4017982e-01   1.2820663e-02   2.8108146e-01   1.5668236e-01   3.3555800e-01   7.0913528e-02   1.4450087e-02   4.7009161e-02   3.2989560e-01   1.4093780e-01   1.3375979e-01   1.4949745e-01   3.8935935e-01   5.5314339e-02   1.9738332e-01   1.8978521e-01   3.8810461e-01   8.0183956e-02   7.2108607e-02   3.9655760e-01   3.3500450e-01   3.4598947e-01   1.9325126e-01   2.9111759e-01   1.3193997e-01   7.1915609e-02   1.5858934e-01   3.4359237e-01
   1.4374958e-01   3.5011251e-01   1.4621180e-01   2.9177835e-01   4.7957449e-02   5.8154597e-02   1.9199968e-01   1.3816933e-01   1.6330217e-01   3.9561330e-01   2.0503984e-01   1.4185049e-01   3.8800833e-01   3.7672929e-01   1.9388910e-01   3.9240453e-01   2.1930986e-01   8.8326443e-02   3.8461398e-02   2.8249404e-01   3.5665379e-01   1.4807187e-01   3.9089659e-01   2.2871582e-01   3.1766082e-01   3.6416873e-01   2.1430298e-01   1.8828314e-01   2.1307615e-01   1.4566795e-01   2.0033670e-01   3.3527257e-01   0.0000000e+00   2.2017476e-01   1.2696150e-01   8.6869789e-02   2.9948785e-01   2.4231511e-01   3.0828914e-01   2.4595903e-01   3.4571455e-01   3.0409131e-01   3.4876559e-01   3.7715386e-01   3.5933586e-01   1.5840179e-01   3.1577619e-01   2.7881475e-02   4.9411860e-02   3.0800903e-01   3.0213686e-01   3.3172113e-01   1.8103939e-01   5.3641156e-02   3.1246341e-01   3.6681996e-01   2.2448476e-01   3.2475363e-01   1.0938151e-01   2.6822537e-02   3.3608219e-01   1.3302163e-01   6.6878143e-02   5.6226196e-02   3.7909513e-01   2.1558768e-01   2.2644907e-01   1.0331854e-01   1.0727287e-01   3.5119574e-01   7.6328372e-02   1.1879097e-01   6.0016641e-02   1.0383859e-01   7.0283009e-02   2.4235428e-01   3.1097990e-01   3.8513889e-01   3.5361270e-01   8.9068717e-02   9.7620511e-02   3.6798653e-01   3.0546971e-02   3.1656916e-01   1.0246703e-02   3.5904600e-01   3.3087128e-01   2.0615817e-01   2.3025523e-01   3.4131155e-01   8.2069885e-02   3.6625548e-01   2.4646623e-01   1.7225152e-02   1.7591806e-01   2.3153695e-01   3.3333332e-01   2.5392646e-01   8.9199486e-02   3.1030639e-01   2.6888631e-01
   8.5531265e-02   2.4921663e-01   2.1586039e-02   4.6186321e-02   1.0875653e-01   3.8833859e-01   1.7948266e-01   3.4769877e-01   1.8660307e-01   1.3132769e-02   2.0958259e-02   2.1413119e-01   1.8553021e-02   1.8458700e-01   2.5232950e-01   1.2202877e-02   3.4329048e-01   1.5526412e-01   1.9219924e-01   2.1674761e-02   3.3303258e-01   9.7689163e-02   1.5410518e-01   2.4255486e-01   3.4052446e-01   4.8003985e-02   6.2801640e-02   2.5005368e-01   1.0759936e-01   3.8333620e-01   2.8715517e-02   3.1068382e-01   2.5382699e-01   0.0000000e+00   2.1147473e-01   2.7793091e-01   2.5495996e-01   1.6706069e-01   1.8448864e-01   3.0412977e-01   2.9343295e-01   1.4239589e-01   9.4784289e-02   1.3933444e-01   2.6903212e-01   3.1453559e-01   1.0829029e-01   1.9538933e-01   3.1886116e-01   7.8709525e-02   2.5226890e-01   9.7843825e-02   1.0262443e-01   2.6564747e-02   1.1857046e-01   3.9289151e-01   1.5950182e-01   2.7783638e-01   3.6465240e-01   1.0228242e-01   2.4942057e-01   2.6135123e-01   2.3086372e-01   3.4681341e-01   1.0935100e-01   1.6302919e-01   3.4115573e-02   1.6987748e-02   1.1806379e-01   3.1515492e-01   1.8224687e-01   3.8988847e-01   3.9649414e-01   7.4466056e-02   3.3400950e-01   4.7827490e-02   2.5123416e-01   9.2105767e-02   2.2693781e-01   6.9818380e-02   3.6304693e-01   1.1531280e-01   3.7679209e-01   3.1890040e-01   2.7528306e-01   5.0719836e-02   4.5230412e-02   2.5840532e-01   6.1987227e-02   2.7134331e-01   1.4289449e-01   2.4545330e-01   1.1534166e-01   1.1945098e-01   3.6872772e-01   3.9592133e-01   3.4167643e-01   2.9661508e-01   5.4860268e-02   3.4569287e-01   2.5853615e-01
   3.7853700e-02   1.7915461e-01   2.3867817e-01   3.9057001e-01   3.1068047e-01   3.0245645e-01   1.7599987e-01   2.3786424e-01   2.0296686e-01   2.9280696e-01   3.4335685e-01   1.7249772e-02   1.8844957e-01   2.0374004e-01   3.3564964e-01   2.5815257e-01   2.9696756e-01   1.1201047e-01   1.0902705e-01   2.5150014e-01   3.7323874e-01   2.4019575e-01   3.4714625e-01   3.3257123e-01   2.2209858e-01   2.5567040e-01   1.2885269e-01   3.9843240e-01   8.9882684e-02   2.5155899e-02   4.4133093e-02   2.1873757e-01   1.4926574e-01   8.1292985e-02   0.0000000e+00   3.7327491e-01   2.7091897e-01   1.2027604e-01   3.1004082e-01   7.7673008e-02   3.9360982e-01   1.8931569e-01   2.3204411e-01   1.1462675e-01   8.9007089e-02   2.5768907e-01   2.4711051e-01   2.8421853e-01   1.4307635e-01   1.3552657e-01   2.6972421e-01   3.1093578e-01   3.5941151e-01   2.2658800e-01   3.3590644e-01   1.2282026e-01   3.2196273e-01   1.8763429e-01   1.2914725e-01   3.7018332e-01   1.9788772e-02   3.3667964e-01   3.6129740e-01   8.4471282e-02   7.8293105e-02   2.4785233e-02   2.0864519e-01   8.2833334e-02   1.5454388e-01   1.4442425e-01   3.4497893e-02   3.9832749e-01   3.9766224e-01   3.0458092e-01   1.9187822e-01   2.2393240e-01   1.3633031e-01   1.9286696e-02   2.5436849e-01   2.4208419e-01   2.8226985e-01   2.2232805e-01   3.0292362e-02   2.2669663e-01   2.6157957e-01   3.6518483e-01   3.1090649e-01   1.4424806e-01   3.4079891e-01   2.8780953e-01   3.0927999e-01   2.5262847e-01   3.3007913e-01   2.6722934e-01   1.9000308e-01   1.1831093e-01   6.4065795e-02   3.9121311e-01   3.5151726e-01   1.8242541e-01   1.6177348e-01
   2.9389884e-02   2.7480338e-01   2.2508275e-02   2.5386993e-01   9.8877337e-02   2.7956227e-01   1.8055520e-01   1.0967544e-01   1.3777512e-01   2.1272548e-01   3.7575499e-01   1.0664897e-01   2.7503485e-01   3.6916510e-01   9.5523474e-02   5.7673836e-02   3.9861859e-01   3.0905155e-01   3.2343642e-01   1.0310100e-01   1.3331944e-01   7.6241781e-02   2.8556600e-01   2.0503447e-01   3.8534068e-01   3.6484586e-01   1.3728659e-01   3.1256692e-01   3.2848349e-01   1.5543451e-01   1.6951691e-01   2.9844109e-01   9.4933754e-02   2.3479388e-01   3.9721437e-01   0.0000000e+00   1.4318584e-01   3.6619548e-01   2.3396805e-01   1.6880520e-01   3.6789778e-01   2.0152213e-01   3.2338360e-01   1.1431106e-01   1.4972041e-01   1.8960953e-01   5.8571700e-02   2.9404181e-01   1.2710412e-02   3.6193784e-01   3.1850279e-01   3.1256559e-01   5.0531079e-02   6.9638726e-02   3.1217847e-01   2.0583642e-01   1.8354500e-01   2.6734008e-01   1.8531879e-02   3.9176191e-01   1.5598870e-01   3.5703793e-01   2.0210270e-01   3.2964971e-01   2.3946393e-01   1.9355878e-01   7.7637656e-02   3.6093686e-02   1.1573157e-01   8.4873140e-02   9.2841416e-02   9.6679820e-02   1.1440541e-01   1.0307303e-01   1.7352118e-01   1.0141600e-01   3.2534996e-01   3.9643836e-01   5.6007462e-02   2.0696017e-01   9.5411276e-02   1.2591852e-01   2.2151211e-01   3.8000285e-02   6.7728051e-02   2.3891542e-01   8.1851761e-02   2.7545372e-01   3.2910505e-01   1.1717119e-01   2.6297874e-01   2.1969923e-01   2.3823265e-01   3.8311652e-01   4.7969768e-02   2.0986227e-01   1.4398321e-01   3.1431318e-01   1.6794199e-02   1.9399590e-01   2.3668437e-01
   2.9315011e-01   3.7517502e-01   1.7607898e-01   3.0174909e-01   1.5655057e-01   7.9538590e-02   2.4540881e-01   1.6327799e-01   5.0981154e-02   3.1104820e-01   1.7243213e-01   6.7032642e-02   3.4194698e-01   2.5046765e-02   3.7474889e-02   1.8743485e-01   2.8260408e-01   1.8540063e-01   3.1161118e-01   2.6822007e-02   2.3585616e-01   2.7627720e-01   4.6754750e-02   1.6489263e-01   2.8420838e-01   1.8567984e-02   2.1151231e-01   1.5598927e-01   1.7967113e-01   3.7914755e-01   3.9275698e-02   2.8385087e-01   1.2020990e-02   1.7959099e-01   2.5025214e-01   7.2248698e-02   0.0000000e+00   1.3137494e-01   2.7008942e-01   4.1781737e-02   2.2496953e-01   1.5313111e-01   3.7667903e-02   3.1125505e-01   2.0977266e-01   3.9935818e-01   3.4434454e-02   3.9734789e-01   3.5542481e-01   1.4777947e-01   2.8677175e-01   3.9553920e-01   3.3284540e-01   3.6094461e-01   3.5700261e-01   1.2180195e-01   1.5327424e-02   1.3499829e-01   3.7042804e-01   3.4382472e-01   2.9908076e-02   3.4656083e-01   2.5312331e-01   3.4424563e-01   1.6515424e-01   2.5410578e-01   3.4226443e-01   2.4945691e-01   3.9926824e-01   1.5733262e-01   3.5081743e-01   3.1159499e-01   1.1963875e-01   1.0252535e-01   3.2796409e-01   2.3436900e-01   1.1870071e-01   3.0025646e-01   4.1868814e-02   3.5954504e-01   2.4035789e-02   2.5110313e-01   3.1894456e-01   1.0456153e-01   2.3874743e-01   3.3853601e-01   2.0520244e-01   1.9967439e-02   1.6710609e-01   3.6133894e-01   1.9806078e-01   7.4004833e-02   1.8681077e-01   7.3712321e-02   1.4722052e-01   3.8109161e-01   3.6335001e-01   1.3095392e-01   3.7289319e-01   3.0127749e-01   3.5356575e-01
   9.8300592e-02   3.6639575e-01   3.9379763e-01   2.1441192e-01   1.9361752e-02   2.0717441e-01   1.1112292e-01   1.9380616e-02   2.7606952e-01   1.9344707e-01   3.5237796e-01   1.6894454e-01   1.0813553e-01   1.1402890e-01   2.9317817e-02   6.3760589e-02   3.9984189e-01   3.0504120e-01   5.7181246e-02   2.1111053e-01   3.8505238e-01   1.3632614e-01   4.2293920e-02   2.6533131e-01   1.0282056e-01   1.1177876e-02   2.0641529e-01   2.4054573e-02   3.3662190e-01   1.9298558e-01   2.3179610e-01   2.5186333e-01   3.5458260e-01   1.8443576e-01   2.1661620e-01   2.7693838e-01   5.5034232e-02   0.0000000e+00   3.2739390e-01   3.8505152e-01   3.1542032e-01   3.5869209e-01   9.6498806e-02   1.6964957e-01   8.8085123e-02   3.3808963e-01   8.3418847e-02   2.5219744e-01   3.3417628e-01   3.6750578e-02   7.1265331e-02   3.5425640e-01   2.3883464e-02   3.2597404e-02   2.6358186e-01   5.3442162e-02   3.6307594e-02   3.0555548e-01   1.9682300e-01   1.9268163e-01   3.1160231e-01   3.5482707e-01   3.4067948e-01   5.6327226e-02   3.6874340e-01   1.5094009e-01   1.8079906e-01   2.0967104e-01   1.3174038e-01   1.1252348e-01   2.5115917e-01   3.2165420e-01   2.8975930e-01   3.3772572e-01   3.9087118e-02   1.9568454e-01   5.4401538e-02   1.4006514e-01   8.5878868e-02   3.8285156e-01   2.8309731e-01   1.0554794e-01   1.6434122e-01   3.4035398e-01   3.3080573e-01   1.2632430e-01   5.0451717e-02   2.0024020e-01   6.3107132e-02   3.9674150e-02   2.7334221e-01   3.2574096e-01   3.1988234e-01   5.5968459e-02   2.6955031e-01   2.8669652e-01   3.6709558e-01   5.0408591e-02   2.1304362e-02   1.2952258e-01   3.8263224e-01
   3.6369953e-01   6.7209397e-02   3.1721108e-01   2.6045103e-01   1.0794452e-01   2.1093450e-01   1.3622581e-01   7.8089377e-02   6.9293891e-02   1.4955499e-02   2.1806108e-01   2.6170920e-01   3.4130776e-02   1.9241875e-01   3.6168081e-01   3.9535073e-01   5.3738611e-02   3.7126660e-01   1.3450121e-01   2.2297500e-01   2.7689286e-01   1.8632800e-01   2.0085030e-02   3.0705528e-01   2.2071738e-01   3.5989772e-01   8.2226410e-02   2.6718626e-01   1.0861531e-01   1.1628663e-01   1.9635135e-01   8.8522055e-02   4.7342145e-02   2.7065536e-01   4.0788946e-02   1.8127382e-01   1.6307089e-01   3.2713178e-01   0.0000000e+00   3.3500666e-02   2.0906291e-01   5.1711537e-02   4.0441046e-02   2.6369425e-01   1.6904980e-01   2.5975026e-01   3.1947044e-01   3.6939389e-01   9.9933576e-02   1.5048302e-01   2.7097851e-02   1.6129452e-01   2.6484320e-01   3.3770536e-01   4.6168007e-02   1.9819248e-01   2.1257499e-02   3.9326517e-01   3.3622778e-01   1.3565130e-01   1.9198280e-01   6.0763777e-02   1.4893479e-01   3.0288255e-02   1.2515783e-01   2.4992315e-02   2.9519939e-01   2.0027119e-01   3.0258745e-01   3.3489043e-01   3.0786779e-01   2.7755756e-01   3.9614156e-01   1.3076115e-02   3.8256321e-02   4.9211622e-02   2.8682563e-01   1.4509268e-01   1.6653231e-01   2.2635821e-01   2.5350109e-01   3.2476658e-01   1.5694671e-01   7.3175069e-02   2.5330232e-01   3.1400754e-01   2.7947407e-02   2.2251509e-01   4.5027695e-02   8.3684184e-02   2.4229120e-01   4.8159736e-02   1.5360703e-01   2.0495971e-01   1.7011575e-01   1.3720573e-01   1.2650713e-01   2.7118021e-01   1.0015016e-01   3.2027853e-01   3.1408002e-01
   1.6059449e-02   3.3553924e-01   2.1567134e-01   3.4441442e-01   1.0893481e-01   1.2108164e-01   1.9495381e-02   3.0511487e-01   2.3453852e-01   2.6634364e-01   2.4828962e-01   5.3664604e-02   1.8412331e-01   2.0062246e-01   2.4093493e-01   2.1569051e-01   7.5056909e-02   3.8788585e-02   4.6463582e-02   1.3010195e-01   2.0369477e-01   3.3257382e-01   3.2512983e-01   1.6152715e-01   2.1296944e-01   2.2770869e-01   2.6794686e-01   3.1209825e-01   1.6191037e-01   1.4298985e-01   3.9879074e-01   3.2081374e-01   3.3104587e-01   9.3236487e-02   2.9793399e-01   2.3343912e-01   5.8331282e-02   3.8385175e-02   1.2571467e-01   0.0000000e+00   8.4806772e-02   1.5022466e-01   1.9993481e-01   2.1197455e-01   2.5450273e-02   1.8185944e-01   2.2726488e-01   3.8954887e-01   2.0101238e-01   3.1327498e-01   2.1376241e-02   3.7035912e-02   2.9879344e-02   2.6910045e-01   1.0163425e-01   2.2650284e-01   2.6007160e-01   1.7772925e-02   3.7899287e-02   9.2701008e-02   2.3612837e-01   2.6868652e-01   3.3120288e-01   9.5573432e-02   2.7979659e-01   5.5264187e-02   2.6468319e-01   1.3098562e-01   8.4756456e-02   2.5747558e-01   1.4239033e-01   3.3970390e-01   6.6347761e-02   3.9960843e-01   3.5454635e-01   2.2039925e-02   3.4540852e-01   2.4980474e-01   1.6309920e-01   7.2274517e-02   2.8723104e-01   5.5795180e-02   1.8334145e-01   2.3738966e-01   1.8599967e-01   3.6886334e-01   1.5102317e-01   3.7521111e-01   3.1310884e-01   1.3216146e-01   1.4700286e-01   3.3496844e-01   3.0395964e-01   1.9499141e-01   2.9071180e-01   2.2859867e-02   2.5107513e-01   9.6302022e-02   8.2062208e-02   3.7113650e-01   2.1825578e-01
   3.6049501e-01   3.4155294e-01   1.7161523e-01   8.0848176e-02   2.8951001e-01   3.3148448e-01   3.1350084e-01   7.2407521e-02   1.4479163e-01   2.8327490e-01   1.0638946e-01   2.9653250e-01   1.3836576e-01   6.7354162e-02   1.9403475e-01   3.5909999e-02   3.8336354e-01   3.9821302e-01   1.6164081e-02   2.1766331e-01   3.3325872e-01   2.0270775e-02   3.2002158e-01   2.4309095e-01   2.5289040e-01   2.9105455e-01   3.5673942e-01   2.7035074e-01   1.8358307e-02   8.0459409e-02   1.1248714e-01   5.8780143e-02   3.1043394e-01   2.0387637e-01   1.2493475e-01   4.6865427e-02   1.5665305e-01   1.8804494e-01   3.8903116e-01   5.8448373e-02   0.0000000e+00   2.7764619e-01   1.4183943e-02   4.3265700e-02   2.7773394e-01   4.8642056e-02   3.4565403e-01   6.6744984e-02   1.0609868e-01   3.9720164e-01   9.2030047e-02   2.4663167e-01   2.2394807e-01   4.7830814e-02   1.6621568e-01   3.5457140e-01   3.6124889e-01   1.3228731e-01   1.3865762e-01   1.2801740e-01   3.4154570e-01   2.2019335e-01   2.4273062e-01   8.9941521e-02   3.2331048e-01   2.1566110e-01   3.8761900e-01   1.9890066e-01   1.0468869e-01   1.7671781e-01   1.8013624e-01   7.8549483e-02   1.8489593e-01   1.2200990e-01   2.7983058e-01   7.1979933e-02   2.8961625e-02   2.3238675e-02   1.4666435e-01   2.8956573e-01   5.9591735e-02   3.4847067e-01   3.5962068e-01   2.3049291e-01   1.1713728e-01   2.1218038e-01   2.8889877e-01   5.0433118e-02   7.0727836e-02   2.3234929e-01   3.7527981e-01   2.5273918e-01   2.6170279e-01   3.0638425e-01   1.2372053e-01   3.0222554e-01   1.7940871e-01   1.9652168e-01   2.5639336e-01   1.3295754e-01   3.8107952e-01
   2.0515591e-01   3.9409601e-01   3.7891509e-01   3.6025756e-02   2.1395498e-01   5.0607687e-02   1.4252478e-01   7.7089654e-02   3.7620306e-01   3.6276642e-01   2.8366569e-01   1.6228160e-01   1.8728464e-01   2.3616498e-01   1.5585129e-01   2.3824626e-01   2.6501874e-01   7.9219605e-02   2.0256793e-02   3.3081644e-02   6.6040930e-02   6.1245727e-02   1.8226923e-01   1.5917585e-01   2.6202561e-01   3.3236738e-01   2.2221322e-01   5.9513688e-02   2.2431036e-01   9.6651024e-02   2.7496105e-01   9.5981901e-02   2.7247236e-01   1.8314600e-01   5.9551015e-02   8.4874576e-02   1.9481157e-01   2.7787551e-01   2.2878931e-02   3.2788143e-01   2.1918579e-01   0.0000000e+00   3.8438421e-01   9.7534262e-02   1.9596613e-01   9.4750481e-02   1.9079147e-01   1.1335800e-01   8.9328725e-02   2.9928968e-01   2.6496288e-01   9.8282017e-02   1.6581182e-02   1.6242156e-01   1.3977970e-01   3.2416852e-01   2.4213621e-01   3.0061097e-01   2.7524761e-01   6.1519988e-02   3.3178069e-01   1.2728357e-01   2.7104174e-01   3.7849225e-01   3.6483053e-01   3.3832700e-02   2.9252092e-02   4.6757734e-02   2.0869481e-01   1.9447936e-01   2.5462569e-01   2.8676612e-01   1.6773290e-01   2.1572845e-01   7.8417986e-02   1.2268084e-01   1.9881531e-01   9.1526628e-02   3.1099309e-01   1.7586732e-01   2.7254245e-01   2.3731975e-01   1.2696583e-01   3.9711259e-01   1.3399148e-01   3.2004542e-01   9.3607242e-02   1.8914922e-01   8.6775949e-02   5.3742880e-02   2.6631696e-01   2.3183706e-01   2.3825736e-01   1.0972378e-01   1.8286935e-01   1.0306609e-01   2.4623495e-01   1.4422946e-01   2.6624276e-01   1.2937703e-01   3.7892153e-01
   9.7613664e-02   3.2707542e-01   9.9567615e-02   4.5132542e-02   1.7505964e-01   2.8748801e-01   2.8111947e-01   2.3013921e-01   6.2117287e-02   2.3150079e-01   1.2136933e-01   9.5247107e-02   3.7790764e-01   2.9758894e-01   2.9970216e-01   1.1283498e-01   1.0265535e-01   1.8568144e-01   1.2494488e-01   2.7242774e-01   3.1390501e-01   3.2633261e-01   2.4801495e-01   1.3692782e-01   3.8666613e-01   2.6622075e-01   3.3785057e-01   3.2315799e-01   3.8141851e-01   2.5799748e-01   5.4785738e-02   1.7794131e-01   1.4749364e-01   1.4449263e-01   8.9114042e-02   2.6714489e-01   2.9508875e-02   3.8168629e-01   1.3136579e-01   3.5993043e-01   7.1656972e-02   2.0821445e-01   0.0000000e+00   9.1340163e-02   3.5418899e-01   1.1304003e-02   1.9806134e-01   1.0400501e-01   9.2195797e-02   3.4559471e-01   2.0919642e-01   2.9835791e-01   2.4679907e-01   3.7525432e-02   2.3824393e-01   3.6942898e-01   2.7569372e-01   8.6231483e-02   1.2409059e-01   3.0717507e-01   3.6548673e-01   3.7194084e-01   1.0293673e-01   2.6865993e-01   1.9004574e-01   3.0457898e-01   1.6398112e-01   3.7032902e-01   3.9304536e-01   1.7721987e-01   1.5855870e-01   5.6589543e-02   1.1833703e-01   1.5238220e-01   1.9968505e-01   2.8432491e-01   1.2804285e-01   1.9777322e-01   3.4073700e-01   1.9773679e-01   2.3066982e-01   2.7301102e-01   2.0414481e-01   2.4067357e-01   9.2716802e-02   2.6574758e-01   2.1631913e-02   2.7234211e-01   2.3768830e-02   2.9282815e-01   6.4265624e-02   3.0767851e-01   2.3846007e-01   3.0870756e-01   2.8416752e-01   8.6544546e-02   7.1087580e-02   3.4384706e-01   3.1997322e-01   2.2503272e-01   2.4008674e-01
   2.2628804e-01   2.1073189e-01   1.6447460e-01   2.2263214e-01   1.9833420e-01   1.5495149e-01   1.7024511e-02   3.5317655e-01   1.3484326e-01   2.2941089e-01   3.4290142e-01   3.6819466e-01   2.1410591e-01   2.9699830e-01   1.9341500e-01   3.9505656e-01   1.8585494e-01   9.9160501e-02   7.3185613e-02   2.9973731e-01   3.6296284e-01   1.1895749e-01   1.1220354e-01   1.7849550e-01   2.6831268e-01   1.9600519e-02   7.3344282e-02   3.3665503e-01   2.8046194e-01   1.4916107e-01   9.0819017e-02   2.9049400e-01   2.0001658e-01   3.2539597e-01   3.9489295e-01   2.3005290e-01   7.1864116e-02   2.1905332e-01   3.5930108e-01   3.1496167e-01   1.5562623e-01   3.7238051e-01   1.0701409e-01   0.0000000e+00   8.4460828e-02   3.3906297e-01   1.2023089e-02   7.0458768e-02   2.0725867e-01   1.0449231e-01   3.2747365e-01   3.6482862e-01   1.1960105e-01   3.2231860e-01   1.8897749e-01   1.7152343e-01   7.2676339e-02   1.8476174e-01   4.8418986e-02   2.3466002e-01   1.7168338e-02   1.1349711e-01   2.1619078e-01   1.2523561e-01   1.8436843e-01   6.0075971e-02   3.7604021e-01   2.2959178e-02   2.9495932e-01   3.1718439e-01   3.2298577e-01   2.1846571e-01   2.2547483e-02   2.1650103e-01   3.0870428e-01   6.9480802e-02   1.6905690e-01   7.2733180e-02   3.4910902e-01   1.4975461e-01   2.7738386e-01   9.4596862e-02   2.2232572e-01   3.8280138e-01   1.2435108e-02   2.0572306e-01   5.9538590e-02   1.8000388e-01   7.9317237e-02   3.0870716e-02   2.2308966e-01   1.8349091e-01   2.2796129e-02   7.2828395e-02   6.3561446e-02   9.6955417e-02   3.3027909e-01   1.3708950e-01   1.0479324e-01   1.0863069e-02   2.6829535e-01
   6.6905091e-02   3.0220173e-01   2.1830422e-01   2.2230886e-01   4.4724734e-02   1.3582158e-01   3.4963245e-01   2.8719910e-01   3.9175529e-01   1.7112966e-01   3.4748683e-01   7.0573780e-02   3.6251061e-01   2.2050177e-01   1.6001463e-01   1.4326355e-01   6.1872743e-02   1.6682145e-01   3.8148173e-02   3.1348433e-01   3.3982178e-01   2.7618569e-01   2.1892758e-01   3.0070395e-01   1.4170245e-01   3.3069369e-01   2.1177799e-01   3.3528152e-01   3.2665371e-01   1.4279609e-01   1.7172940e-01   5.7196196e-02   2.9215477e-01   2.8564720e-01   3.9680637e-01   3.9463597e-02   6.8386740e-02   3.5571521e-01   3.1140299e-01   5.1552770e-02   2.2357188e-01   2.1768007e-01   8.5227907e-02   2.2220437e-01   0.0000000e+00   3.0914826e-01   1.7879677e-01   3.7001327e-01   5.5004971e-02   1.5308127e-01   1.1296446e-01   6.2395151e-02   3.7782562e-01   9.7968067e-02   5.9614968e-02   6.8636702e-02   2.9206047e-01   2.7665926e-01   3.3952347e-01   1.7017632e-01   1.9434189e-01   1.0392392e-01   1.7675242e-01   2.5270116e-01   1.2587856e-01   5.8637959e-02   1.1259645e-01   2.9543832e-01   1.7096522e-01   2.9081797e-01   3.7780403e-01   2.6106493e-01   5.2130384e-02   2.8957444e-01   2.1722402e-01   3.4861958e-01   1.3923831e-01   1.8243370e-01   2.7592579e-01   1.6030343e-01   2.5917373e-01   2.6479391e-01   2.7173150e-01   2.9302567e-01   1.9824636e-01   1.3928528e-01   2.3042608e-01   2.9096000e-01   1.2771845e-02   3.0802967e-01   2.1666184e-01   1.2207207e-01   1.5112965e-01   1.9066470e-01   2.8496225e-02   1.0865495e-01   8.5491502e-02   3.1963505e-01   2.8074233e-01   2.9056662e-01   5.9231454e-02
   4.6424832e-02   1.3256434e-01   7.4535451e-02   2.3105553e-01   1.6671160e-02   3.6795272e-01   3.2907981e-01   3.8603845e-01   6.2543530e-02   1.7504353e-01   1.2092623e-02   3.2650669e-01   3.4561307e-01   9.9034123e-02   1.8491163e-01   3.8213803e-01   3.0503970e-02   1.3592398e-01   3.9108391e-01   3.4096160e-01   2.0215316e-01   1.7336776e-01   1.8520927e-02   5.6417662e-02   3.7899814e-01   3.0228641e-01   2.9600707e-01   3.0062520e-01   3.1782889e-01   1.4117276e-01   3.6088235e-02   2.1686479e-01   4.2803175e-02   3.5466422e-01   7.9831821e-02   3.4671288e-01   2.6754819e-01   1.0862712e-01   3.2904670e-01   2.5953052e-01   2.2089109e-01   2.9831919e-02   1.5660696e-01   7.3833506e-02   3.4513279e-01   0.0000000e+00   2.0808614e-01   3.0710954e-01   1.3199856e-01   2.6161205e-01   4.7269826e-02   3.7179110e-01   1.0289142e-01   3.9061756e-01   1.7194136e-01   3.1441621e-01   3.0476009e-01   2.6579955e-01   3.1774678e-01   4.1189040e-02   3.2987802e-01   1.3412276e-01   3.3357907e-01   3.8590970e-01   3.3884369e-02   9.6104394e-02   6.0769134e-02   9.3339349e-02   2.3649528e-01   2.3254275e-01   9.3432194e-02   8.6737831e-02   1.1158789e-01   1.8364514e-01   6.9700353e-02   1.0692214e-01   3.0142288e-01   1.2873104e-01   3.9350938e-02   2.1077044e-01   8.5558771e-02   3.9658395e-01   1.2682202e-01   1.9120285e-01   1.0889164e-01   1.0695273e-01   2.2002011e-01   2.5873794e-01   9.6432464e-02   3.8709109e-01   1.0193930e-01   2.1368026e-01   3.5985573e-01   1.7465411e-01   3.1200977e-01   2.3855724e-01   2.1476644e-01   2.4201887e-01   3.3732065e-01   2.1616132e-01   3.9325630e-01
   1.9480220e-01   3.4487502e-01   2.2883516e-01   3.7464518e-01   1.1942473e-01   1.4585268e-01   2.7254864e-01   3.6541524e-01   2.4200110e-01   1.7762494e-01   1.5583171e-02   3.8114668e-01   3.6254666e-01   1.8978804e-01   7.4419033e-02   9.3760460e-02   8.1901739e-02   1.3331880e-01   4.3487811e-02   1.7244634e-02   1.3981764e-01   2.0146530e-01   1.3260804e-01   3.1376556e-01   3.7393532e-01   2.3760794e-01   4.8771469e-02   3.2369726e-01   1.5240157e-01   5.6540514e-02   2.0910889e-01   6.4314567e-02   2.9211606e-01   2.4676074e-01   1.3807823e-01   3.3143662e-01   1.3625655e-01   3.7434923e-01   2.1414278e-02   2.8691426e-02   1.5382278e-01   2.9514610e-01   1.2884745e-01   1.7855405e-01   2.7612889e-01   8.5046411e-02   0.0000000e+00   4.7015315e-02   2.6803425e-01   3.1217409e-01   3.7636790e-01   3.2295524e-01   1.8269146e-01   1.0457855e-02   3.4180720e-01   3.6671884e-01   1.3928701e-01   3.3618357e-01   1.9390409e-01   1.7610625e-01   3.8926764e-02   3.7643046e-01   1.6243881e-01   9.8633960e-02   1.4447223e-01   2.1434374e-01   3.1521518e-01   1.3377473e-01   3.0393808e-01   2.8179917e-01   2.3018882e-01   7.5969921e-02   2.0425370e-01   2.1120016e-01   3.3452068e-01   1.3740980e-01   1.0941913e-01   1.7882894e-01   1.4220446e-01   1.5760555e-01   1.2732392e-01   3.7908226e-02   9.9518753e-02   1.1278659e-01   2.7329969e-01   3.0863610e-01   5.6686765e-02   2.4355038e-01   1.8590940e-01   9.3452568e-02   1.1654663e-01   1.5658699e-01   3.9548070e-01   3.1840386e-01   7.4855653e-02   1.4936782e-01   1.7498033e-01   3.9414670e-01   3.8525337e-01   2.2745128e-01   2.3879138e-01
   1.0035328e-01   5.5040317e-02   4.7413565e-02   2.8553981e-01   1.6524967e-01   2.1984653e-01   7.7867862e-02   2.6303564e-01   2.6065345e-01   2.3266151e-01   2.8839189e-01   3.4584001e-01   1.1772944e-01   2.1832128e-01   9.1629740e-02   3.6144220e-01   2.0055817e-01   9.7762092e-02   3.2066151e-01   1.7031796e-01   2.8912128e-01   2.9126332e-01   2.0535656e-01   3.7909065e-01   1.4114678e-02   3.6675002e-01   4.1055025e-02   3.7685655e-01   1.4585418e-01   3.5546167e-01   1.7069978e-01   3.2929754e-01   1.4222277e-01   1.5718374e-01   1.6162419e-01   9.9026153e-02   7.6951918e-02   2.6785249e-01   3.7496849e-01   1.3186049e-01   1.1283684e-01   3.4745939e-01   3.5513639e-01   2.0448770e-01   1.2016527e-01   3.0432146e-01   2.4747364e-01   0.0000000e+00   3.7566410e-01   2.6507420e-02   2.3509296e-01   2.2584465e-01   1.2975603e-01   3.2150060e-02   1.0987074e-01   3.2272626e-01   3.3042984e-01   3.9492111e-01   6.6724310e-02   3.7981098e-01   8.6119996e-02   2.9018423e-01   3.5466918e-01   1.3856312e-01   7.1455676e-02   1.6253649e-01   3.0603262e-01   3.5003616e-01   5.6077872e-02   3.8392686e-01   3.5406196e-01   3.5336330e-01   2.4650002e-01   2.0757662e-01   8.1455179e-02   2.7378937e-01   3.3972329e-01   3.0388655e-01   1.1248605e-01   7.6411116e-02   2.4911768e-01   1.1064828e-01   2.7231394e-01   1.3361814e-01   5.2921465e-02   1.4782498e-01   3.6481006e-01   2.5792817e-01   1.9138160e-01   3.7319130e-01   3.4240168e-01   3.1795279e-01   2.3854791e-01   1.0452748e-01   3.4658213e-01   7.3761830e-02   6.7779663e-02   2.7983087e-01   3.2248899e-01   1.2607809e-02   1.6764377e-01
   9.6500473e-02   1.1448820e-01   1.2804776e-02   3.2024144e-02   1.9115378e-02   2.2501374e-01   3.4163015e-01   3.8392637e-01   3.1494700e-01   1.8417760e-02   4.3254489e-02   5.8397905e-02   3.2981324e-01   2.7522541e-01   2.2788087e-01   1.1118661e-02   1.9075736e-01   2.2938059e-01   2.0043566e-01   6.1080386e-02   3.0824303e-01   4.1224768e-02   9.9599768e-02   2.9857672e-01   3.7797128e-01   1.1473211e-01   5.3257211e-02   3.6999818e-02   2.7849619e-02   1.6671943e-01   1.1703450e-01   4.1287332e-02   1.6757277e-01   8.9755471e-02   1.5846417e-01   1.8663129e-02   2.9300482e-01   3.2081785e-01   3.5998645e-01   2.8574830e-01   3.7767592e-01   1.5565606e-01   2.4084971e-01   7.1434330e-02   1.6837489e-01   2.7802791e-01   3.3115172e-01   2.4702501e-01   0.0000000e+00   3.3154618e-01   2.6582338e-01   1.1956430e-01   8.4368126e-02   1.0623028e-01   2.8151941e-01   2.3284759e-01   2.6917791e-01   3.0087695e-01   2.5976912e-01   2.0717749e-01   2.5519124e-01   2.7524956e-01   8.7264290e-02   2.1025330e-01   2.3168619e-01   3.0203168e-01   1.1584494e-01   9.7677879e-02   1.9701941e-01   1.9741156e-02   3.3156600e-01   3.4524550e-01   8.8198617e-02   1.9697526e-01   2.1770870e-01   3.8235489e-01   1.1630006e-01   2.4433582e-01   7.4148470e-02   1.9317324e-01   1.4867538e-01   9.0346861e-02   6.2193630e-02   3.9975072e-01   2.1441759e-01   1.1110792e-01   2.1378833e-01   6.0843645e-02   2.6915648e-01   3.0825492e-01   2.4401978e-01   1.9719279e-01   1.0120336e-01   2.8867877e-01   2.4018878e-01   2.2763502e-01   3.2961665e-01   1.7530939e-01   9.7662772e-02   4.2852546e-02   1.5189986e-01
   1.0341210e-01   1.7765929e-01   3.0388043e-01   2.7306262e-01   5.3150472e-02   3.6080288e-01   3.5975612e-01   2.8218822e-02   3.8986541e-01   1.0674678e-01   3.7146081e-01   3.9397847e-02   3.5912382e-01   2.5310454e-01   1.8158625e-01   3.3405531e-01   3.1177790e-02   1.8112458e-01   1.0192820e-01   3.6651424e-01   1.3439707e-01   2.7354804e-01   3.5376551e-01   3.7161703e-01   1.2447093e-01   2.1395532e-01   3.7125206e-01   1.2015279e-01   1.4637688e-01   2.6868885e-01   2.0994201e-01   3.5690207e-01   2.6641979e-01   2.4069259e-01   2.1122092e-02   8.0913825e-02   1.4607178e-01   2.9686855e-01   3.1444234e-01   5.9757317e-02   1.0989450e-01   3.3528689e-02   4.3686765e-02   2.3319676e-01   1.4724273e-01   2.3680325e-01   3.3655277e-01   1.7126955e-01   1.4189490e-01   0.0000000e+00   3.2991352e-01   3.7334591e-01   7.9907987e-02   1.3252926e-01   1.6644521e-01   1.2883754e-01   3.1872376e-01   3.1869014e-01   2.8566230e-01   1.9783678e-01   1.5975772e-01   3.4164612e-01   3.6818918e-01   3.0089874e-01   1.8067679e-01   1.4375179e-01   2.7469361e-01   3.3493813e-01   1.1759602e-01   2.7302432e-02   5.5318842e-02   3.2607361e-01   1.0469548e-01   3.1873780e-01   6.7071090e-02   2.2647395e-01   2.1153077e-01   3.9686777e-01   7.9317988e-02   3.3395612e-01   3.8463277e-01   4.0351044e-02   3.3882646e-01   1.7262144e-01   2.8635379e-01   1.5690939e-01   2.1503104e-01   3.1318358e-01   1.3989339e-01   1.7855548e-01   2.2822790e-01   3.9867606e-01   2.3247473e-01   3.2105246e-01   9.8388357e-02   2.9125787e-01   2.3059314e-01   1.0708726e-01   1.4872854e-01   5.7074330e-02   1.0060438e-01
   1.2850575e-01   3.3813585e-01   2.2847093e-01   1.4886101e-01   5.4665094e-02   1.1285527e-01   3.3220911e-01   6.0653130e-02   2.5982630e-01   3.4424005e-01   2.2125407e-01   2.6302411e-01   1.6318235e-01   3.1706141e-02   1.4773184e-01   2.3696257e-01   3.3780454e-01   2.1840559e-01   1.7213876e-01   2.9815775e-01   2.1386540e-01   3.3604755e-01   3.7417339e-01   1.6720666e-01   1.7539138e-01   3.2596412e-01   2.2421156e-01   3.2899343e-01   8.3269796e-02   3.4862353e-01   3.9703658e-01   1.2699243e-01   1.7143218e-01   1.9795730e-01   3.0386453e-01   2.9640715e-01   3.5264358e-01   1.4639593e-01   7.0458971e-02   1.6770538e-01   3.9084944e-01   3.5344413e-01   3.6089805e-01   2.3350726e-01   1.4999566e-01   2.6792606e-01   3.2291754e-01   8.8592039e-02   1.9515808e-01   2.9211575e-01   0.0000000e+00   2.4300737e-01   7.2371570e-02   2.9953875e-01   3.2507543e-01   1.6314215e-01   2.6333910e-01   3.4836486e-01   2.6228450e-01   3.6400418e-01   3.6225533e-01   3.1490632e-01   7.2780806e-02   3.6562630e-01   1.3852136e-01   1.1460009e-01   3.8118238e-02   3.5783442e-01   9.0723975e-02   8.1104159e-02   1.4000395e-01   2.3995599e-01   2.4951981e-01   2.8259510e-01   2.8965442e-01   3.7961135e-01   2.3188164e-01   3.3002005e-01   2.0462490e-01   9.7781455e-02   1.5086549e-02   3.4312438e-01   3.7687326e-01   3.6155944e-01   4.5004726e-02   7.0017628e-02   6.4782363e-02   3.8354870e-01   3.5043749e-01   3.7262959e-01   3.7819320e-01   2.3990086e-01   4.1994444e-02   4.6263850e-02   3.4304416e-01   3.8882334e-01   7.1919211e-02   9.6451221e-02   8.4772032e-02   6.0214420e-02   3.4039596e-01
   5.5276355e-02   3.6281682e-01   1.7641493e-01   2.6845674e-01   2.1656979e-01   5.5759007e-02   2.7999884e-01   2.0295153e-01   1.3924826e-01   1.2601663e-02   3.5446510e-01   3.5550233e-02   2.9515422e-01   1.8449342e-01   3.3097393e-02   2.4628812e-01   1.6417948e-01   3.1610837e-01   2.5812916e-02   1.1178530e-01   2.6680949e-01   3.4487166e-01   1.6555416e-01   1.4961957e-01   1.7819021e-01   2.4436639e-01   1.4094292e-01   1.8093646e-01   9.6353069e-02   3.2309170e-01   1.1606736e-01   8.0943013e-02   2.7822408e-01   2.4197490e-01   3.9223274e-01   2.5510238e-01   1.6109815e-01   2.1165598e-01   1.1289691e-01   1.4716939e-01   2.0980727e-01   5.8403653e-02   4.1262580e-02   7.4703928e-02   2.5323597e-01   2.9675826e-01   2.4124458e-01   3.6810212e-01   2.0000945e-01   3.3483311e-01   1.5051634e-01   0.0000000e+00   2.7830289e-01   1.1370263e-01   3.9988594e-01   2.8239450e-01   2.3272239e-01   1.1702480e-01   3.9355586e-01   2.3309160e-01   1.9698174e-01   1.7641128e-01   1.8224924e-01   8.1473801e-02   2.5484837e-02   3.5376174e-01   5.5934396e-02   1.1716565e-01   3.3202785e-01   3.7511552e-01   3.1421214e-01   1.4874685e-01   3.5631440e-01   1.7771484e-01   3.1239318e-01   1.2352222e-01   2.7325929e-01   1.3231736e-01   2.3183272e-01   1.3629258e-01   1.1811691e-01   9.8719424e-02   2.2213234e-01   1.0113668e-01   5.1061219e-02   3.4283904e-01   1.3626691e-01   1.4009997e-01   4.9911267e-02   2.1957696e-01   1.2999095e-01   4.8853006e-02   2.2234121e-01   2.7364393e-01   1.0746469e-01   3.8657505e-01   2.5149275e-01   3.5231115e-01   1.6319815e-01   1.3364583e-01   2.4870721e-01
   1.8743367e-02   2.0393781e-02   2.2482123e-01   8.1351094e-02   1.5552114e-01   4.0883793e-02   2.6429139e-01   3.0287057e-01   7.5653130e-02   2.8473967e-02   5.0664939e-02   2.5540500e-01   3.3087227e-02   1.5851606e-01   2.1393145e-02   9.0425780e-02   9.3306796e-02   2.4648650e-02   6.0069519e-02   1.0317923e-01   7.7760231e-02   3.0133907e-01   3.3283882e-01   1.9238541e-01   2.6284215e-02   2.1855751e-01   3.9877666e-01   1.2333550e-01   3.9716037e-01   2.3917423e-01   3.6374312e-01   1.8071859e-01   1.2766329e-01   2.4359448e-02   2.7796940e-01   2.6841539e-01   3.9502182e-01   2.1247682e-01   2.0551241e-01   2.3101034e-01   8.1107164e-02   2.1669785e-01   4.7905229e-02   3.8517059e-01   3.3659399e-01   1.1384204e-01   4.4966320e-02   7.2909679e-02   3.1990195e-01   3.0165515e-01   1.7829185e-01   2.8618382e-01   0.0000000e+00   1.9036519e-01   2.2792427e-01   2.0251658e-01   3.2190558e-01   3.7874478e-01   4.1723403e-02   1.8346779e-01   1.3694073e-01   2.3632023e-01   3.5728069e-01   2.0440745e-01   1.2139742e-01   2.1140654e-02   3.7911626e-01   3.4297738e-01   1.6708855e-01   1.0679695e-01   1.8731781e-01   6.9276400e-02   5.4946786e-02   3.5311855e-01   1.3892475e-01   7.9068779e-02   4.6910305e-02   3.8086766e-01   2.4663682e-01   2.1022115e-01   7.0801122e-02   3.4321991e-01   2.2963559e-02   2.8740057e-01   2.9087808e-01   2.1157564e-01   4.6944191e-02   2.0272796e-01   9.7564447e-02   3.4438848e-01   2.0756737e-01   2.8528557e-01   1.8546576e-02   2.5542004e-01   3.8389272e-01   1.3255310e-01   3.6816841e-01   3.3716783e-01   3.4423555e-01   1.0174765e-01   4.3693571e-02
   1.9596769e-01   1.8466041e-01   2.1033123e-01   3.2636500e-01   2.5050688e-01   1.5386991e-01   1.1357844e-01   2.8296317e-01   5.3463935e-02   3.5024293e-01   2.8131564e-01   3.6819199e-01   3.8111814e-01   3.4197472e-01   2.2025703e-01   1.5497805e-01   2.2584997e-01   3.1552968e-02   5.7651062e-02   7.1876308e-02   2.7739226e-01   1.3531268e-01   2.9686528e-02   3.0586432e-01   5.1836127e-02   2.0609096e-01   1.7614797e-01   6.3229635e-02   9.7127971e-02   7.6141265e-02   1.7402652e-01   2.1784863e-01   2.0428412e-01   1.6864355e-01   3.3953875e-01   1.4281221e-01   6.7996517e-02   6.2893990e-02   1.5302837e-01   3.5946204e-01   1.7970620e-01   3.9458044e-01   1.7687177e-01   1.3346930e-01   1.8709300e-01   1.8291269e-01   2.1318589e-02   2.0583694e-01   3.6834114e-01   1.2768054e-01   1.6864972e-01   1.8657022e-01   3.2913510e-01   0.0000000e+00   1.6821409e-01   3.1716648e-01   1.8104989e-01   1.4556484e-01   1.7181522e-01   3.3495910e-01   2.9997000e-01   2.2977322e-01   3.0851181e-01   5.0591309e-02   1.1974844e-01   3.3198922e-01   1.2035433e-02   1.1934525e-01   1.3056456e-01   1.4947699e-01   1.1668308e-01   1.2880565e-01   1.1506465e-01   2.9996829e-02   8.7848844e-02   3.0062730e-01   3.9955937e-01   2.9701908e-01   2.9471359e-01   1.7955239e-01   1.2780793e-01   1.5495704e-01   1.4998044e-01   1.5023415e-01   2.6134712e-01   6.9422528e-02   1.6394861e-02   3.3105933e-01   1.2551873e-01   2.3420518e-01   3.4989916e-02   1.7536589e-01   2.8940991e-01   2.5307476e-01   3.8259550e-01   1.7663468e-01   2.5516823e-01   2.5840520e-02   2.8355018e-01   1.8068010e-01   1.5662594e-01
   2.3157643e-02   3.2974290e-02   6.1027788e-02   2.9735434e-01   1.1680082e-01   8.3782344e-02   7.3134732e-02   2.8114625e-01   3.7634439e-02   2.2416577e-01   3.4172805e-01   2.8690722e-01   1.7362093e-01   2.2041817e-01   2.9190016e-01   2.6605763e-01   3.8473900e-01   6.3245958e-02   2.1454992e-01   3.6480531e-01   2.0633165e-01   8.5633228e-02   6.2214702e-02   3.8628000e-01   2.6700183e-01   4.6029369e-02   2.4703216e-02   2.8445679e-01   3.7834964e-02   3.6819700e-01   7.8576422e-02   3.3195268e-01   3.8338235e-01   2.4646618e-01   7.4817585e-02   5.9071211e-02   5.3586290e-02   3.5207316e-01   3.1222438e-01   3.2460240e-01   1.4675251e-01   2.3023616e-01   4.5029472e-02   2.3817454e-01   1.7217026e-01   2.1165687e-01   8.2979789e-02   3.6953549e-01   2.5164965e-01   2.2224199e-01   3.3772830e-01   9.0874345e-02   3.7632498e-01   3.1973532e-01   0.0000000e+00   2.5632316e-01   2.6454435e-01   2.9045752e-01   2.5624877e-01   1.5816384e-01   3.0808704e-01   5.2375918e-02   2.1488508e-01   3.9018279e-01   3.4514620e-01   2.8448365e-01   3.2363003e-01   3.6246349e-01   2.1870252e-01   2.1343440e-01   1.4581160e-01   1.8562240e-02   2.6896593e-01   2.5327954e-01   2.5275444e-01   3.7025210e-01   3.5043233e-01   1.6124361e-02   1.1114362e-01   2.1237416e-01   3.5848246e-01   3.6054481e-01   2.0346591e-01   7.1072547e-02   1.9167048e-01   1.0090500e-01   7.8665913e-02   3.3066374e-01   1.4229574e-01   1.2260763e-01   8.9141800e-02   5.9223715e-02   1.3998502e-02   3.2627182e-01   3.6450650e-01   1.7952063e-01   2.8084780e-01   2.9567659e-01   2.0838975e-01   2.6273696e-01   2.6189324e-01
   2.3829657e-01   1.8384413e-01   1.4911026e-01   2.2291978e-01   2.7608902e-01   3.4037546e-01   5.0088605e-02   3.6888349e-01   3.7797500e-01   6.0656022e-02   1.7985735e-01   4.2090439e-02   1.3242389e-01   2.6473797e-01   3.1351612e-01   2.4701133e-01   3.0457279e-02   7.6345130e-02   5.3263925e-02   9.2646103e-02   3.6513368e-01   1.7406539e-01   3.9500348e-01   2.5856985e-01   3.9338751e-01   3.2816594e-01   7.0267907e-02   1.8319385e-01   8.2988992e-02   1.3961171e-01   1.0892406e-01   6.4864000e-02   5.5354071e-02   5.5413061e-02   3.0464061e-02   2.6952808e-01   3.8618779e-01   1.1843686e-01   2.2157108e-01   1.0018538e-01   1.6413929e-02   1.6626155e-01   3.1658055e-01   2.9465204e-01   1.1432758e-01   1.6667975e-01   1.0348052e-01   3.6116468e-01   3.2923676e-01   7.7044465e-02   2.9842949e-01   1.7983218e-01   2.1058168e-02   3.6685492e-01   3.0843818e-01   0.0000000e+00   2.7450525e-01   2.7553143e-01   1.1288575e-01   3.8169178e-01   1.0255195e-01   3.2106392e-01   3.5019135e-01   3.4721018e-01   3.1153450e-01   3.8158705e-01   3.5685009e-01   2.1129866e-02   2.2764161e-01   1.2572121e-01   2.3251830e-01   3.4079059e-01   1.8263539e-01   1.0109028e-01   1.4791456e-02   1.0560142e-01   1.1283750e-01   2.5559604e-01   1.8428929e-01   3.4082880e-01   4.4090220e-02   3.3275614e-01   6.8687325e-02   3.1263262e-01   3.6313581e-01   1.7316516e-02   3.9452859e-02   2.6227857e-01   1.8928722e-01   3.5848384e-01   3.0929060e-01   3.2383347e-01   3.5607616e-01   3.7497112e-01   2.5394449e-01   2.2496852e-01   2.2552033e-01   7.6043155e-02   9.7720954e-02   3.7680357e-01   2.2529528e-01
   3.6482136e-01   2.5329380e-01   3.9490794e-01   1.3505368e-01   3.7191788e-01   7.1740743e-02   2.2813903e-01   1.1084120e-01   2.5133102e-01   2.0657259e-02   1.1297478e-01   3.2121847e-01   8.1657772e-02   3.2368235e-01   1.4831770e-01   1.9479420e-01   4.3864214e-02   2.9094192e-01   2.7476561e-01   3.0713135e-01   2.5381150e-02   2.0426770e-02   1.6215628e-01   1.3977534e-01   2.4440368e-01   3.4065847e-01   1.3133535e-01   1.1327605e-01   2.1643256e-01   2.8088831e-01   3.5788061e-02   3.9745119e-01   3.0076178e-01   1.0649053e-01   9.8271291e-02   1.9582527e-01   2.3969519e-01   2.8086713e-01   2.7203707e-01   2.2636268e-01   2.9499716e-01   2.0718261e-01   3.4223479e-01   2.0332892e-01   2.3039449e-01   3.9156667e-01   3.7693422e-01   2.7470672e-01   1.0460988e-01   2.7672246e-01   2.6102614e-02   3.8327851e-01   8.4635507e-02   2.1817667e-01   1.3873056e-01   3.8203401e-01   0.0000000e+00   8.2406915e-02   2.9110772e-01   2.4529051e-01   2.0584057e-01   3.3434856e-01   2.9556265e-02   2.4611480e-01   1.0053414e-01   1.1476616e-01   3.0227025e-01   1.5976168e-01   1.3504770e-01   3.0288348e-01   1.2140876e-01   3.5360108e-01   2.2106640e-01   1.6490271e-01   4.6671744e-02   5.8562422e-02   1.9240585e-01   1.7775106e-02   2.6655174e-01   3.6946495e-01   1.9577659e-01   1.5540701e-01   5.7036710e-02   1.9383830e-01   3.5647283e-01   3.2188498e-01   2.0934973e-01   2.1528298e-01   1.8920015e-02   1.1131554e-02   1.6863567e-01   3.7962353e-01   1.7738704e-01   2.3489976e-01   1.2170806e-01   2.9841167e-02   3.1799495e-02   2.3734480e-01   3.0661978e-01   3.4272099e-01   1.4854238e-01
   2.2741851e-01   2.7199137e-01   5.6037433e-02   9.3918393e-02   8.8998318e-02   3.6101388e-01   1.1247524e-01   2.8506419e-01   4.9026332e-02   1.7492379e-01   2.0993294e-01   6.8085765e-02   1.0208154e-01   7.0679182e-02   3.6991667e-02   2.3644031e-01   1.9572492e-01   7.8535370e-02   6.8781473e-02   3.2712766e-02   2.1385550e-01   2.3919257e-01   3.8755406e-01   9.8529096e-02   1.5208474e-01   6.4499528e-02   2.9180192e-01   1.6734182e-01   3.8684548e-01   1.4824650e-01   4.6022914e-02   3.1695697e-01   8.6346654e-02   7.9601969e-02   2.5991617e-01   4.5973954e-02   9.4312834e-02   1.3590085e-01   2.6356528e-01   6.2891871e-02   3.4842153e-02   6.1725955e-02   2.4257661e-01   2.2698785e-01   1.5288685e-01   3.8766967e-01   6.4553321e-02   6.6169217e-02   2.9465783e-01   1.8995961e-01   2.8241380e-01   1.4776174e-01   3.4867841e-01   1.3673957e-01   1.0360172e-02   1.4422907e-02   3.6091350e-01   0.0000000e+00   2.6249724e-01   2.0677972e-01   1.2613994e-01   3.1399005e-01   3.6768309e-01   6.4691497e-02   1.1431522e-01   2.5237329e-01   4.5310870e-02   4.1000389e-02   5.4503627e-02   3.6197922e-01   2.7806518e-01   3.0000669e-01   2.8783748e-01   1.7757634e-02   3.1109059e-01   5.1541482e-02   1.7284807e-02   2.1099457e-01   2.7971126e-01   3.7544884e-01   1.3964272e-01   2.7825672e-01   3.8589122e-01   2.2590141e-01   2.7618699e-01   2.6996677e-01   3.1386213e-01   1.7823735e-01   1.6503850e-01   1.3163586e-01   2.2884514e-01   6.1418476e-02   1.9058909e-01   3.0545548e-02   2.6731943e-01   3.5421104e-01   3.1419378e-01   2.4360707e-01   2.1134560e-01   2.7053931e-01   3.6133403e-01
   3.2301764e-01   1.3372774e-01   2.1828912e-01   6.5621468e-02   1.8826394e-01   3.6574277e-01   2.4058836e-01   2.7404793e-02   3.9686301e-01   2.6593046e-02   1.7546795e-01   2.3795162e-01   2.0966933e-01   2.3190599e-01   1.7322796e-02   2.2400856e-01   8.2830043e-02   1.4765997e-01   1.9690687e-01   1.5053048e-01   1.2389258e-01   2.0037423e-01   5.4814906e-02   2.6424994e-01   3.4126617e-01   4.1159755e-02   3.7551422e-01   1.6516385e-01   2.6490456e-01   1.3174448e-01   3.4335594e-01   8.4651423e-02   3.2331298e-01   2.2174527e-01   3.9805735e-01   9.1872197e-02   2.0424714e-01   1.6001302e-01   2.6976914e-01   3.9596619e-01   1.5867165e-01   7.2179115e-02   3.3242399e-01   3.5534891e-01   1.1594363e-01   9.9876185e-02   5.1372993e-02   3.5512274e-01   1.8049379e-01   3.7822363e-01   1.3153881e-01   2.2656081e-01   1.3346181e-01   1.5404136e-01   1.3951598e-01   2.2049198e-01   1.8587403e-01   1.3119113e-01   0.0000000e+00   1.4280387e-01   1.8688314e-01   1.0617189e-02   2.2541897e-01   3.8950019e-02   7.5261560e-02   3.9469911e-01   2.3025841e-01   1.9067699e-01   1.4794876e-01   1.1818951e-01   3.8898100e-01   1.1240132e-01   1.7701325e-01   2.9883980e-01   1.5974837e-01   8.4562965e-02   1.5015659e-01   8.8572288e-02   3.7733038e-01   1.2489376e-02   3.5552661e-01   1.0228336e-01   1.4261419e-02   1.6886437e-01   2.5436898e-01   2.2282198e-01   2.5645817e-01   1.9520499e-01   2.1205401e-01   3.4705786e-02   1.2635864e-01   1.1902738e-01   2.5195478e-01   3.7407344e-01   3.9015540e-01   5.4772718e-02   3.8457092e-01   3.9116214e-01   3.9941597e-01   3.8379947e-01   1.8328219e-01
   3.5412764e-01   3.5243292e-01   2.3567706e-01   1.0602649e-01   3.5304995e-01   3.2984480e-01   1.6718559e-01   6.3165156e-02   3.0457196e-01   2.6770742e-01   1.5197671e-01   3.9731588e-01   3.0703287e-01   2.6142062e-01   1.5328492e-01   3.8166804e-01   2.1829013e-01   5.0840722e-02   2.9798285e-01   3.0661783e-02   7.1554393e-02   3.5934411e-01   2.9635393e-01   2.0136761e-01   2.9948682e-01   8.0256554e-02   7.0621051e-02   6.0748770e-02   2.8954945e-01   6.7341469e-02   1.2045840e-02   1.4702132e-02   3.0655489e-01   3.0985952e-01   3.5511369e-01   3.1374276e-01   3.6825872e-01   4.5401878e-02   3.0531581e-01   1.7818889e-01   3.9802977e-01   3.3569950e-02   3.4177889e-01   3.3165138e-01   2.6317362e-01   6.4817978e-02   1.2892654e-01   2.1334015e-01   2.0761157e-01   1.5272924e-01   1.9098487e-01   1.7012162e-01   1.5229949e-01   1.7322662e-01   3.1436991e-01   3.3696360e-01   3.0791361e-01   6.9605029e-02   3.7546096e-01   0.0000000e+00   1.9941622e-01   1.8463499e-01   3.0010243e-01   3.3294988e-01   5.5198627e-02   2.0321926e-01   2.2845533e-01   3.2136882e-02   1.7459660e-01   2.7872655e-01   1.8066992e-02   3.7313153e-01   2.3168855e-01   3.3210215e-01   3.5981469e-01   2.0870769e-01   1.9535907e-01   8.5713488e-02   1.2936158e-01   3.0049588e-01   1.6798781e-01   2.9953867e-01   4.6147225e-02   4.3814745e-02   2.6331768e-01   2.4829981e-01   2.5330095e-01   2.2864804e-02   5.7115454e-02   2.0302594e-01   1.6699365e-01   1.5275401e-01   4.6168277e-02   3.2070897e-01   3.1162882e-01   2.5073578e-01   2.8836485e-01   2.8109611e-01   2.0025527e-01   2.9107213e-01   3.9093910e-01
   3.3659741e-01   2.1604118e-01   2.7123256e-01   1.0494923e-01   3.9284133e-02   2.8241656e-01   3.2768870e-01   2.7014453e-02   1.3635477e-01   4.4540529e-02   1.4204672e-01   4.6954853e-02   2.2124371e-01   3.2669132e-01   2.3892104e-02   1.3396843e-01   3.0236675e-01   2.7935894e-01   2.1666121e-01   7.0910735e-02   2.4053120e-01   3.2522753e-01   2.0133779e-01   3.0687113e-01   3.5867535e-01   4.0061614e-02   3.6939387e-01   9.3170188e-02   2.1414194e-01   2.7318742e-02   3.8822209e-01   2.3305595e-01   1.3177816e-01   1.4440839e-01   2.9116815e-01   3.5188341e-01   1.1077418e-01   2.0940328e-01   2.1975042e-01   3.1308052e-01   1.3339471e-01   1.3785823e-01   3.5226543e-01   1.5354827e-01   3.6599459e-01   3.5056261e-01   3.5621830e-01   5.3683600e-02   1.8335418e-01   1.8806178e-01   6.0043651e-02   2.3662568e-01   1.8970278e-01   2.7949289e-01   2.2396519e-01   2.6432968e-01   1.9378346e-01   8.0081112e-02   1.8697744e-01   8.1087228e-02   0.0000000e+00   2.5166125e-01   2.3559466e-01   3.0003657e-01   2.1212577e-01   1.0318939e-01   2.7888646e-01   3.9331554e-01   2.1639148e-01   1.7809951e-01   3.7054356e-01   3.0700067e-01   3.1835627e-01   6.6143403e-02   2.9812870e-01   9.1536088e-02   2.7220350e-01   1.6645051e-01   3.1769520e-01   2.7037559e-01   3.5002228e-01   3.5941281e-01   2.2975122e-02   2.9783328e-01   3.7141103e-01   1.2381951e-01   1.8633156e-01   3.8880369e-01   2.1641041e-01   3.1990285e-01   4.1776792e-02   8.9772314e-02   3.7976614e-01   3.5889484e-01   3.6219020e-01   2.4206950e-01   2.0088649e-01   9.6415216e-02   9.5697754e-02   3.2516666e-01   2.5413977e-01
   2.6156099e-01   3.1241750e-01   3.0457353e-01   2.1694738e-01   2.9242640e-01   2.3496835e-01   2.3649646e-01   5.6815618e-02   3.1272593e-01   1.0957543e-01   1.6532132e-01   2.8129374e-01   3.2802438e-01   1.3662336e-01   5.7723453e-02   3.0790392e-01   2.6757633e-01   3.9438712e-01   2.8843296e-01   1.1783473e-01   2.1434292e-01   1.0300216e-01   1.0150013e-01   8.4488358e-02   3.4941498e-01   1.6196390e-01   8.5944357e-02   3.0600928e-01   2.5315548e-01   1.5906444e-01   2.9163170e-02   1.2437763e-01   3.8165695e-01   3.3751635e-02   1.1427315e-01   3.2619092e-02   6.2131959e-02   1.5625531e-01   2.8683555e-01   2.3193161e-01   7.4414988e-02   1.3811832e-01   3.7145288e-01   6.4206799e-02   1.5280341e-01   9.1483847e-02   2.4285493e-01   2.1265025e-01   3.0208890e-02   3.0724209e-01   1.4201408e-01   2.3687124e-01   2.9376954e-01   1.8194438e-01   3.1149130e-01   1.8973473e-01   1.5389198e-01   2.6351910e-01   3.2395739e-01   2.9115114e-01   3.6711011e-01   0.0000000e+00   5.1033050e-02   1.0188861e-01   3.5316862e-01   2.2939063e-01   3.9198645e-01   1.6205214e-01   2.3810059e-01   1.9779080e-01   2.0605223e-01   3.1193418e-01   7.6444932e-02   2.9773213e-01   2.3820647e-01   3.2310281e-01   3.7028724e-01   1.4640904e-01   1.7703863e-01   2.8308083e-01   1.4708911e-01   3.6073585e-01   1.9189016e-01   8.2550105e-02   1.5525008e-02   1.8651441e-01   1.3387663e-01   1.6785939e-01   6.6492716e-02   9.4726959e-02   1.4528105e-01   3.7034843e-01   1.1930719e-01   1.6545347e-01   2.4012830e-01   1.6501396e-02   2.9003277e-02   3.1359770e-02   2.0219135e-01   9.1387833e-02   2.0281815e-01
   1.5245525e-01   2.2383982e-01   1.8575252e-01   2.3620392e-01   1.7484617e-01   4.7265779e-02   3.8466260e-01   2.1607511e-01   3.9127962e-01   6.8921644e-02   1.1160005e-01   2.9865983e-01   1.3171381e-01   1.7155936e-01   3.6998026e-01   3.7393922e-01   2.7661767e-01   9.3987775e-02   7.0523631e-02   2.6227930e-01   1.3941024e-01   1.8438990e-01   2.0709398e-01   8.3182670e-02   3.8850860e-01   1.1506683e-01   9.9828192e-02   2.0773417e-02   3.3399918e-01   2.9314119e-01   3.0933481e-01   2.8129919e-01   1.9055579e-01   7.7968129e-02   2.3563654e-01   1.0687831e-01   2.0048550e-01   1.8717906e-01   1.4250966e-01   1.1958432e-01   1.0044353e-01   3.4162699e-01   9.0146679e-02   2.2684465e-01   1.2195211e-02   2.0731381e-01   1.1836971e-01   1.0876319e-01   3.4643234e-01   1.5848040e-01   9.7198137e-02   1.6749655e-01   3.5129937e-01   3.9416976e-01   3.0994266e-01   3.7598135e-01   2.0547954e-01   3.4117453e-02   1.9472867e-01   2.4613671e-01   1.3670688e-02   1.5586617e-02   0.0000000e+00   2.4916890e-01   1.6320735e-01   1.1886049e-01   2.5125015e-01   2.9796949e-01   3.6338078e-01   1.6331539e-01   4.4249110e-02   5.4999225e-02   2.0194886e-01   3.6391320e-01   1.7922304e-01   1.1377509e-01   1.0922166e-01   3.9744093e-01   3.6616017e-01   2.5224633e-01   1.0345296e-02   1.8810596e-01   3.5114097e-01   3.6530689e-01   8.2863071e-02   2.0640406e-01   2.1823607e-01   2.1010945e-01   1.3079011e-01   3.8908973e-01   1.0717738e-02   1.0434366e-02   1.0062126e-01   1.0885745e-01   3.1265966e-01   3.9382633e-01   2.1718260e-01   2.6101416e-01   3.3529051e-01   1.2633544e-01   8.0384834e-02
   3.0291520e-01   2.4989164e-01   2.2335091e-01   7.1046176e-02   6.2731990e-02   3.9032094e-01   2.5245722e-02   3.2787244e-01   1.9088738e-01   1.1241402e-01   5.2846183e-02   1.6933355e-01   3.1195843e-01   3.2766298e-01   1.7025295e-01   2.1231518e-01   6.3065573e-02   8.2971487e-02   2.0314430e-01   2.9251127e-01   2.1116471e-01   2.0171937e-01   1.7894605e-01   2.2273274e-02   1.4406966e-01   2.5676072e-01   2.1707642e-01   2.2388013e-01   1.3119222e-01   1.5165070e-01   9.8534310e-02   3.8289984e-01   3.9915659e-01   3.3183394e-01   3.1729987e-02   2.1396914e-01   1.7303624e-01   1.7797282e-01   4.8990275e-02   2.8693093e-01   3.9611002e-01   3.4501113e-01   3.5877132e-01   8.7560132e-02   1.8208757e-01   2.1605934e-01   3.4770792e-01   2.4534335e-01   8.5004513e-02   2.1361292e-01   2.8655961e-01   1.8624599e-01   2.3760162e-01   2.5818523e-01   2.8947515e-01   1.8421138e-01   1.3422876e-01   3.2194397e-01   3.2067302e-01   3.8829114e-01   8.2863648e-02   1.6241091e-01   5.6847968e-02   0.0000000e+00   5.0080458e-02   2.8699243e-01   4.5859531e-02   2.1520282e-01   2.1760449e-01   2.4737181e-01   9.4219856e-02   1.7977429e-01   3.8769297e-01   6.7871564e-02   2.9670974e-01   2.9453967e-01   2.6556218e-01   1.7531718e-01   3.0577278e-01   4.6969665e-02   1.8719735e-01   3.2716095e-01   2.5061671e-01   1.8151984e-01   3.4651330e-01   2.1296546e-01   2.5569456e-01   2.3035997e-01   2.7424928e-01   1.7139480e-01   1.8428534e-01   2.3428899e-01   1.1365923e-01   8.2588705e-02   1.1271132e-01   2.5507572e-01   1.6873670e-01   3.2588871e-01   2.2466000e-01   2.7136494e-01   1.0462978e-01
   8.5091467e-02   3.9343763e-01   1.7585605e-01   1.0867294e-01   5.2574768e-02   2.2701407e-01   1.9983314e-01   1.2979041e-01   3.6541557e-01   3.2727584e-01   1.4463737e-01   6.8007900e-02   1.5668368e-01   3.7620430e-01   1.7729423e-02   1.6720974e-01   1.7336767e-01   1.0573675e-01   2.7180638e-01   3.6794082e-01   2.7230512e-01   3.6319072e-01   3.3702418e-01   1.4454593e-01   2.3320335e-01   2.7083579e-02   3.7046705e-01   3.6777887e-01   1.6949645e-01   2.8262228e-01   1.7557374e-01   2.8186237e-01   3.0403801e-01   3.8534299e-01   1.1064677e-01   2.8192162e-01   1.2533862e-01   4.5894862e-02   2.1471452e-01   1.4386548e-01   1.1993902e-01   3.9136056e-01   7.9254965e-02   8.5626124e-02   9.9866209e-02   1.5120234e-01   2.9473566e-01   3.6025551e-01   1.6158063e-01   1.1329358e-01   7.8555829e-02   3.8997112e-01   1.7817760e-01   2.4779501e-02   6.0668691e-02   1.7411361e-01   3.4101490e-01   1.4821181e-01   1.6220733e-01   8.9509886e-02   8.0122263e-02   1.4609218e-02   1.6218261e-01   2.4664778e-01   0.0000000e+00   1.9774951e-01   1.5607271e-02   2.3309891e-01   6.3474313e-02   3.5032518e-01   3.5184842e-01   1.0282221e-02   1.8488400e-01   2.0190882e-02   6.3432255e-02   9.8951562e-02   2.8535572e-01   1.1340301e-01   7.2501080e-02   1.1009325e-01   3.0824117e-01   1.8102213e-01   3.6768745e-01   9.3344818e-02   2.1494857e-02   1.1217804e-01   1.4645784e-01   3.6448208e-02   1.2027904e-02   5.1879124e-02   1.3488600e-01   5.1392868e-02   2.3318711e-01   1.2347340e-01   3.8913342e-01   2.3207387e-01   3.9817193e-01   1.1498187e-01   1.7770736e-01   3.4057508e-01   1.8136917e-01
   3.6186865e-01   1.6117796e-01   2.4113480e-01   1.8004121e-01   3.8370734e-01   2.8514900e-01   1.5125549e-01   2.0690687e-02   2.2429318e-01   1.8849614e-01   1.2182227e-02   8.2899332e-02   3.9565193e-01   2.1562291e-02   7.0571593e-02   6.1311164e-02   3.1514048e-01   7.7753543e-02   5.6159359e-02   1.6051817e-02   1.4007249e-02   3.4899477e-01   1.4785906e-01   2.0199243e-01   2.8405097e-01   8.8911299e-02   2.6768181e-01   1.2911410e-01   9.7538560e-02   2.8162226e-01   1.1799037e-01   2.9931852e-01   2.9000171e-01   2.2945508e-01   2.5363536e-01   3.1860476e-01   1.8603055e-01   2.1999710e-01   7.5782105e-02   2.2999678e-01   2.5754852e-02   2.6474168e-01   6.0804279e-02   3.0339757e-01   4.4161730e-02   2.9103183e-01   2.1581995e-01   2.6485062e-01   2.5746309e-01   1.8409518e-01   2.8485442e-02   2.2322273e-01   2.5323491e-01   1.5646625e-01   7.4417378e-02   1.5240175e-01   7.9907133e-02   7.7701003e-02   1.7197359e-01   1.7515745e-01   2.0580134e-01   1.6936273e-01   3.5416258e-01   3.1422632e-02   1.5334125e-01   0.0000000e+00   1.1667918e-01   2.8807010e-01   3.7515094e-01   3.4210208e-01   3.1661246e-01   4.2567473e-02   1.3081160e-01   3.1373248e-01   1.5037864e-01   3.2891385e-01   2.3372858e-01   3.2932627e-01   2.6589292e-01   3.0336120e-01   1.2400828e-01   2.0757951e-01   1.0326148e-01   5.8245989e-02   6.7182873e-02   2.2745976e-01   8.6492674e-02   2.4914952e-01   2.2377344e-02   2.0849470e-01   1.6840173e-01   2.6736183e-01   3.6011581e-01   6.3041679e-02   2.6891185e-01   3.6023087e-01   2.2985196e-01   2.9546708e-01   9.6480343e-02   2.2739713e-01   2.9030331e-01
   1.6045937e-01   2.7100271e-01   2.8651307e-01   2.2692833e-01   2.1083926e-01   1.1836615e-01   2.4312518e-01   3.7560636e-01   3.7904887e-01   6.4121216e-02   1.5862956e-01   9.5927644e-02   3.5212820e-01   3.9436164e-01   3.1436833e-01   4.1303595e-02   1.3094395e-01   6.7849409e-02   1.2030426e-01   1.6365508e-01   3.5488622e-01   2.2334058e-01   3.2109497e-01   3.2991240e-01   1.5369344e-01   1.6966502e-02   1.2595333e-01   1.0153380e-01   1.9773588e-02   1.7576488e-01   3.9628414e-01   1.0677023e-01   3.4953305e-02   2.4990298e-01   1.3005164e-01   2.8756346e-01   7.7387382e-02   2.2539746e-01   3.6448551e-01   3.8099356e-01   1.8040541e-01   2.9509772e-01   2.5469451e-01   1.1551059e-01   3.6771585e-02   9.1031209e-02   2.5546570e-01   5.8827094e-02   1.6105600e-01   2.4116720e-01   1.5871634e-01   2.6979876e-01   8.4754113e-02   2.3464159e-01   1.6172109e-01   3.4091394e-01   1.7973488e-01   1.9105319e-01   2.6876516e-01   1.9894670e-01   8.4947988e-02   4.1553334e-02   2.0746989e-01   3.3395908e-01   3.3805102e-01   3.5501256e-01   0.0000000e+00   2.1836702e-01   1.1191380e-01   3.5854795e-01   2.9130655e-02   2.0322652e-01   2.9383984e-01   3.3509998e-01   8.0066089e-02   3.0076767e-01   2.5175046e-01   5.4938980e-02   2.0373127e-01   3.9980305e-02   2.1341536e-01   1.9082274e-01   7.4281114e-02   4.4342831e-02   3.1168518e-01   8.6038053e-02   3.4097358e-01   3.5422270e-01   1.2909409e-02   3.6141277e-01   2.7324841e-01   1.9512104e-01   2.2628589e-01   3.0453317e-01   2.8820148e-01   9.4636331e-02   2.1746803e-02   3.8182965e-01   2.0320119e-01   3.5626982e-01   1.8631584e-01
   3.8892058e-01   2.8502423e-01   1.1127929e-01   1.8010276e-01   8.7829641e-02   6.2383717e-02   5.2023368e-02   6.5252556e-02   2.1006838e-01   2.0130644e-01   2.5283069e-01   2.7545166e-01   2.7817548e-01   1.7240480e-01   3.5061824e-01   3.4063498e-01   3.4174256e-01   7.5199707e-02   1.6287836e-01   1.6060934e-01   2.1509528e-01   6.6278037e-02   2.8778608e-01   1.1466358e-01   1.5699569e-01   6.4689616e-02   3.6954246e-01   3.6937426e-01   2.8487972e-01   1.4794977e-02   1.6215089e-01   3.0166682e-01   3.7824012e-01   3.9713634e-01   5.3715835e-02   3.5801479e-01   2.7667354e-01   1.3661934e-01   1.4841420e-01   3.0956806e-01   6.8833478e-02   2.4028265e-01   1.8244877e-01   7.9013525e-02   1.2086951e-01   3.9791707e-01   2.1375691e-01   3.8932666e-01   1.1142821e-01   5.7721657e-02   3.6696018e-01   8.7926223e-02   3.0594128e-01   1.1725640e-01   1.8981360e-01   2.3722910e-01   9.6987495e-02   3.0086787e-01   3.3794986e-01   1.4429513e-01   2.9551920e-01   1.1517896e-01   3.4808450e-01   9.1769342e-02   1.5185960e-01   2.4605381e-01   1.4600310e-01   0.0000000e+00   1.5165650e-01   1.5125745e-01   1.4153697e-01   2.4016941e-01   3.0692375e-01   5.6555238e-02   2.9862918e-01   3.0376010e-01   1.2065748e-01   1.2714207e-01   1.7102674e-01   2.3003667e-01   1.2252867e-02   3.5805581e-01   2.5899599e-01   1.6130251e-01   1.4119824e-01   2.7359184e-01   2.5777911e-01   2.1474008e-01   7.4370280e-02   2.0090113e-02   1.9326321e-01   5.8946487e-02   3.0748255e-01   3.0363228e-01   1.9854080e-01   1.8852726e-01   2.3839258e-01   2.3768165e-01   4.4541416e-02   5.5221378e-02   3.6855790e-01
   2.2079697e-01   3.8483518e-01   1.2807890e-01   1.2349390e-01   2.0231474e-02   3.7031111e-01   2.3438781e-02   8.7333785e-02   7.1108851e-02   1.6556675e-01   1.9277243e-01   1.2252114e-01   3.5435140e-01   1.2311630e-01   3.8904106e-02   1.2737380e-01   4.7078496e-02   3.1648779e-01   2.7736960e-01   1.2934005e-01   3.4038801e-01   3.0164190e-01   3.8059234e-01   1.5785171e-01   4.7540762e-02   6.2814361e-02   3.3939011e-01   1.7470864e-01   1.4811632e-01   1.0750741e-01   3.1258401e-01   3.7118801e-01   3.6381830e-01   3.7668249e-01   3.6899432e-01   1.4173577e-02   2.6898547e-01   1.8869161e-01   3.8530794e-01   9.1936283e-02   2.0625718e-01   2.6117999e-01   2.6269238e-01   3.2358032e-01   3.2121470e-01   3.8924825e-01   1.3863293e-01   3.9030135e-01   3.6808226e-01   5.2089322e-02   2.3199455e-01   3.2393323e-01   3.7715876e-01   2.9347221e-01   1.5785213e-01   3.2797003e-01   1.9161575e-01   8.1198242e-02   3.8667420e-01   1.6942662e-01   2.1597464e-01   5.7961257e-02   3.9132817e-02   3.1095970e-01   2.0541676e-01   3.1948285e-01   1.5929596e-02   3.0576768e-01   0.0000000e+00   1.3805410e-01   4.3480946e-02   2.8242439e-02   2.3666209e-01   1.2188631e-01   7.6580994e-02   3.1407428e-01   7.9775908e-02   2.4268184e-01   2.5043628e-01   3.1707317e-01   5.6990298e-02   1.2170494e-01   1.4332758e-01   2.7405763e-01   2.7690871e-01   2.1860018e-01   3.1812624e-01   5.4874624e-02   5.0276866e-02   5.7262732e-02   2.3882501e-01   2.9809715e-01   6.7560083e-02   2.5572248e-01   2.9094340e-01   2.6499410e-01   2.9906567e-01   1.0463579e-01   2.1777987e-02   8.8393166e-02   3.6171222e-01
   9.1906884e-02   2.8756646e-01   3.2670595e-01   2.3160730e-01   9.5612210e-02   1.7399605e-01   1.9483960e-01   3.2371481e-01   2.5643276e-01   3.1204222e-01   2.9539116e-01   9.2942943e-02   1.5994424e-01   1.2158228e-01   2.9083377e-02   3.0567898e-01   3.3863650e-01   6.6575276e-02   3.1963844e-01   2.7410618e-01   1.2980979e-01   1.1413422e-02   2.2201187e-01   2.0385052e-01   7.7184218e-02   2.6547787e-01   2.5346654e-01   2.9953652e-01   9.4329274e-02   7.7238053e-02   3.4489793e-01   3.7292657e-01   3.8765255e-01   1.6639435e-01   1.3776813e-01   3.7303437e-01   2.2054541e-01   1.0055202e-01   2.2790052e-01   3.4914902e-01   1.9827602e-01   3.6852954e-01   2.2197968e-01   1.1804624e-01   1.4330562e-01   2.6186043e-01   4.1565730e-02   1.9403832e-01   2.6148213e-01   1.2617701e-01   2.0125064e-01   9.5355448e-02   6.2711201e-02   1.0604801e-01   2.0484051e-01   1.4407415e-01   3.2130950e-01   6.7577002e-02   1.4889643e-01   6.1293730e-02   3.9319501e-01   1.1310485e-01   2.5849697e-02   2.9328681e-02   6.2562172e-02   1.8429809e-02   3.5889796e-01   3.1428777e-01   2.9159109e-01   0.0000000e+00   1.5438335e-02   3.4353251e-02   3.2773707e-01   3.4183014e-01   3.9674381e-01   1.0523055e-01   2.3662814e-01   6.1484369e-02   1.8591330e-01   3.4404911e-01   7.2860766e-02   4.8519910e-02   2.9142971e-01   3.0732585e-01   2.9245977e-01   2.9535682e-01   2.9857772e-01   3.4066294e-01   8.9398923e-02   1.7348840e-01   2.4515337e-01   7.7218565e-02   1.8242681e-01   1.0786416e-01   7.8733681e-02   8.4774755e-02   3.9069988e-01   2.9573939e-01   6.6951392e-02   4.9133002e-02   1.4971588e-01
   3.4669353e-01   2.5189980e-01   2.1511805e-01   3.8301837e-01   1.1013819e-01   2.9876897e-01   3.1687237e-01   2.6089696e-01   3.6618691e-01   1.5870090e-01   1.3796806e-01   3.7115537e-01   3.9092258e-01   2.4345977e-01   1.0450275e-01   1.5744035e-01   1.9470965e-01   3.4123811e-01   3.6107611e-01   1.4123253e-01   1.6887428e-01   1.0630290e-01   7.8793866e-02   1.4728676e-01   6.4769449e-02   1.8435315e-01   7.3215817e-02   3.9009562e-01   9.8319219e-02   2.1659808e-01   4.6358849e-02   3.7450239e-01   2.0383550e-01   1.1354043e-01   1.7308116e-01   2.3281139e-01   3.9283651e-01   5.6684622e-02   3.6449005e-01   2.8809416e-01   1.0285536e-01   2.6022731e-01   1.4396432e-02   2.9459829e-01   1.8703726e-01   1.1533642e-01   3.0818397e-02   2.1077899e-01   1.1662812e-01   9.2100502e-02   9.4573934e-02   2.1917427e-02   1.3937583e-01   9.2473345e-02   3.8974313e-01   2.3093438e-01   2.7043107e-01   3.7480228e-01   3.2673918e-01   2.6084829e-01   1.8425876e-02   2.9132728e-01   3.4912502e-01   3.9474552e-01   7.4641133e-02   3.8818511e-01   4.4562795e-02   3.8120543e-02   1.8764013e-01   3.4048364e-01   0.0000000e+00   1.0068318e-01   2.2569880e-01   1.9032972e-01   8.3145078e-02   3.0873084e-01   3.0853229e-01   9.3855807e-02   2.6398550e-01   2.4160576e-01   1.3750823e-01   1.1161542e-01   1.6122686e-01   3.7831684e-01   3.1395524e-01   3.7272108e-01   2.2878207e-01   3.8488623e-01   4.7504513e-02   1.2342179e-01   2.9037052e-01   3.1334448e-01   1.2347644e-01   3.6538888e-01   3.6040510e-01   2.9576292e-01   2.9717299e-01   2.5078933e-01   2.1106231e-01   2.6416613e-01   5.9917501e-02
   3.3312693e-01   1.8102432e-01   1.0166418e-01   1.6263631e-01   3.4482572e-01   7.4539884e-02   3.1521766e-02   2.8375963e-01   1.3282381e-01   8.2142721e-02   2.9030579e-01   2.1983229e-01   1.6268411e-01   3.6379002e-01   2.0635653e-01   3.7441463e-01   3.1141636e-01   6.6376205e-02   1.1547233e-01   3.0450885e-01   3.4585882e-01   3.3311029e-01   1.1003856e-01   2.4974523e-01   2.0778639e-01   1.5678559e-01   2.9934243e-01   8.7654271e-02   2.2177169e-01   3.1620368e-01   8.8624539e-02   3.7781503e-01   3.0140357e-01   2.0427429e-01   3.5729210e-01   3.9900844e-01   1.2588462e-01   1.8513604e-02   3.2776339e-01   8.5894714e-02   2.1175543e-01   2.8582349e-01   7.3421909e-02   3.8971606e-01   2.7956728e-01   3.7593931e-01   3.9179266e-01   7.4151016e-02   3.4006247e-01   1.8075862e-01   3.0095730e-02   1.1259736e-02   2.4662192e-01   3.8520889e-01   3.0236737e-01   2.4103353e-01   3.2850451e-01   1.5892983e-01   1.7145601e-01   1.2206237e-01   8.8078355e-02   1.6108887e-01   3.1191702e-01   1.4352673e-02   3.9431513e-01   2.0494829e-01   5.9053413e-02   1.2402224e-01   3.2037745e-01   1.6526045e-02   1.6171481e-01   0.0000000e+00   1.4209231e-02   8.0953856e-02   2.3465943e-01   1.3096605e-01   3.6830612e-01   3.0561701e-02   1.4808302e-01   3.3938761e-01   2.6214120e-01   2.5918272e-01   3.2007603e-01   3.7335806e-01   9.8016094e-02   4.7583287e-02   2.8531650e-01   2.6038172e-01   2.0714927e-01   3.1317892e-01   1.6239245e-01   1.0568666e-01   3.5800230e-01   1.0071937e-01   2.5020544e-01   3.6488436e-01   3.6538358e-01   3.4118278e-01   3.0530829e-01   9.0932074e-02   1.4593528e-01
   3.1199949e-01   2.4420329e-01   2.6375756e-01   1.8149596e-01   3.6657340e-01   1.8136105e-01   4.0561642e-02   2.2202357e-01   2.1816621e-01   2.8261702e-01   1.9477813e-01   9.3277499e-02   1.5341145e-01   1.3356409e-02   1.4046562e-01   2.6810286e-01   2.2268828e-01   2.4127753e-01   6.8302955e-02   2.2293475e-01   2.4110519e-01   6.1627595e-02   3.9185109e-01   3.0378678e-01   2.2146297e-01   3.8499181e-02   3.4133818e-02   3.7640964e-01   1.6841527e-01   2.7306571e-01   2.5061287e-01   9.0006534e-02   3.4041688e-01   1.3892451e-01   8.8265837e-02   1.9685591e-01   1.6107235e-01   2.9006521e-01   3.5227857e-01   2.5150988e-01   9.1559947e-02   2.0742010e-01   2.9008842e-01   9.5884103e-02   3.2808862e-01   3.6872176e-01   2.8993975e-01   8.8097791e-02   3.2446222e-01   2.9622774e-01   2.6086196e-01   2.0204112e-01   2.3543601e-01   2.7562296e-01   2.2895389e-01   4.7669865e-02   1.6848432e-01   8.2082613e-02   1.8147996e-02   2.9386148e-02   8.7687555e-02   1.4974385e-01   3.4406171e-02   4.0078025e-02   2.5771340e-01   2.4945972e-01   5.8388425e-02   4.5838249e-02   3.7152053e-01   3.5248484e-01   2.7576141e-01   1.7305196e-02   0.0000000e+00   2.3629043e-01   2.3188049e-01   3.1102816e-01   3.8859113e-01   3.1365874e-01   3.0467920e-01   1.9102834e-01   2.5295390e-01   3.3691439e-01   3.2058899e-01   8.3939005e-02   2.4706963e-01   7.4169085e-02   3.4520834e-01   9.9063470e-02   3.6756488e-01   1.3884078e-01   1.4111737e-01   1.0342040e-02   1.0056499e-01   3.9368257e-01   1.4580284e-01   1.9718838e-01   3.5479001e-01   3.3931578e-02   3.5037675e-01   3.8477692e-01   4.7573941e-02
   5.5358800e-02   3.7093208e-01   1.4527662e-01   5.3948673e-02   2.2321828e-01   1.4672185e-01   4.2956188e-02   3.2235784e-01   2.3663950e-02   7.9565213e-02   5.0895820e-02   7.5739570e-02   2.6829669e-01   1.6190263e-01   9.5502787e-02   2.1944443e-01   3.4563084e-01   1.3486780e-01   3.0138882e-01   3.7759662e-01   6.5727613e-02   1.4060982e-01   2.7179899e-01   2.8617545e-01   5.7817148e-02   1.9400318e-01   3.8706705e-01   3.5466234e-01   1.9711469e-01   1.8511793e-01   2.4990897e-01   9.1035378e-02   3.7700452e-01   3.5155627e-02   1.8986039e-01   7.7156216e-02   3.4921736e-01   3.0682997e-01   5.2222699e-02   2.3822546e-01   2.9882135e-01   3.4009670e-01   3.4713604e-01   2.9971913e-01   7.0490965e-02   2.7832991e-01   1.8519606e-01   3.0398094e-01   3.4420343e-01   1.8643802e-01   1.5049575e-01   2.7446670e-01   1.4985998e-01   4.9317566e-02   1.2899314e-01   2.0706870e-02   3.5163008e-01   3.8741734e-01   1.7809344e-01   2.9988497e-01   3.6209794e-02   3.1348567e-01   3.9543237e-01   2.5058888e-01   8.8871549e-02   2.8680832e-02   2.4397867e-01   1.1806610e-01   1.6589960e-01   1.7021834e-01   3.5282450e-01   1.3324482e-01   3.9762185e-01   0.0000000e+00   1.5533396e-01   2.8025967e-01   3.0785322e-01   3.9452023e-01   3.4362817e-02   1.3638874e-01   3.4469197e-01   9.5025644e-02   2.2961734e-01   3.0850333e-01   3.8862990e-01   3.0507469e-01   8.0132494e-02   3.0970493e-01   1.3084985e-01   2.3623598e-01   3.4725708e-01   2.4726817e-01   4.4696303e-02   2.8147595e-01   1.9902762e-02   3.1355488e-01   5.0105206e-02   2.6959392e-01   2.8227947e-01   2.6591050e-01   1.4385627e-01
   3.3844297e-01   1.4746814e-01   2.8737630e-01   1.4433102e-01   3.9834849e-01   3.1715073e-01   1.6126425e-01   2.6020534e-01   3.9116445e-02   3.2555430e-01   1.0244897e-01   9.8881857e-02   3.6616825e-01   2.0183133e-01   1.3308568e-01   2.0271554e-01   2.8812348e-02   5.5663242e-02   9.8536270e-02   3.1635505e-01   1.2363809e-01   2.5169160e-01   2.2203899e-01   1.8011741e-01   9.8434819e-02   2.8538250e-01   2.9605030e-01   7.2607298e-02   3.6099917e-01   1.7507286e-01   1.0762428e-01   1.3025750e-01   1.5411567e-01   2.8675762e-01   1.9162257e-01   3.2015209e-01   2.1755825e-01   2.9643760e-01   1.4225883e-01   2.0564363e-02   1.3995931e-01   3.1238035e-02   3.4815974e-01   3.1960961e-01   2.5139165e-01   1.2983122e-01   1.6050358e-01   1.3654750e-01   2.0994546e-01   2.6951811e-01   2.1711633e-01   6.6241070e-02   3.6489612e-01   2.6143496e-01   2.1363787e-01   1.7819722e-01   2.8003376e-01   1.8892290e-01   3.5464592e-01   1.7860112e-01   9.5399469e-02   3.5521857e-01   3.8527672e-01   7.6771707e-02   3.0139783e-01   1.3958341e-01   6.7921796e-02   2.8462482e-02   1.2128148e-01   2.6731314e-01   3.9172449e-01   3.5430594e-01   2.9200080e-01   2.2263925e-01   0.0000000e+00   7.1809330e-02   8.6008977e-02   1.8099030e-01   3.0777684e-01   1.5581355e-02   3.8033418e-01   2.9732770e-01   2.1322946e-01   7.2968253e-02   1.0438194e-01   1.2010443e-01   7.4126976e-02   2.2157906e-01   3.0248003e-01   1.2172833e-01   2.2522777e-01   1.6954091e-01   1.3084263e-01   3.1120212e-02   1.9121582e-01   1.0931712e-01   2.4499220e-01   1.3333091e-01   2.0258006e-01   2.8669931e-01   1.1013828e-01
   3.2410872e-01   1.6246347e-01   3.0736524e-01   2.9651669e-01   2.8612400e-01   3.7517450e-01   2.0581249e-01   3.8047852e-01   3.9308869e-01   1.6581314e-01   1.5582253e-02   2.4762056e-01   1.5715984e-01   2.2141786e-01   2.0875644e-01   3.1437185e-01   2.3934540e-01   1.5828465e-01   3.1376782e-01   2.4716511e-01   3.3315283e-01   1.5213619e-01   1.4913392e-01   2.3133525e-01   3.6378776e-01   2.4691488e-01   6.1487263e-02   2.3156054e-01   1.1100109e-01   3.0476112e-01   1.1659482e-01   2.1235348e-01   1.2738688e-02   6.7900864e-02   9.2605702e-02   2.1505935e-01   8.4323437e-02   2.4745901e-01   3.3997883e-01   1.0242048e-01   2.0782710e-02   8.7685508e-02   1.5530174e-01   2.0294270e-02   9.1938854e-02   3.6101144e-02   1.0343997e-01   2.8145352e-01   1.8049298e-01   2.3071474e-01   1.8148550e-01   5.3219118e-02   1.3910094e-01   6.2128987e-02   1.2825372e-02   8.3549849e-02   2.9297686e-01   3.9022745e-01   3.6237606e-01   1.2061213e-01   3.4273174e-01   2.6067920e-01   7.2750850e-02   2.0371725e-01   2.4827712e-01   3.5617889e-01   1.7565982e-01   1.3416280e-01   1.4525611e-01   2.4197233e-01   3.1981413e-01   8.6403845e-02   2.2024643e-01   2.7733720e-01   1.4841588e-01   0.0000000e+00   3.5381037e-01   3.1679358e-01   2.3393614e-01   1.9831110e-01   3.9918264e-01   1.8854009e-01   2.3800958e-02   2.2575264e-01   3.8770212e-01   2.1629333e-01   1.9733092e-01   2.7154066e-01   2.5834738e-02   3.4563781e-01   3.0687527e-01   8.4249589e-02   4.7931190e-02   2.7075662e-01   2.1113112e-02   3.4645811e-01   8.3701910e-02   3.3543695e-01   2.8874061e-01   2.5327318e-01   9.2149113e-02
   1.6387580e-01   1.8474311e-01   9.9062791e-02   3.9433480e-01   3.1332339e-01   1.9454074e-01   1.2287698e-01   6.6071311e-02   2.8474340e-01   3.2590200e-01   1.9906255e-01   1.3094189e-01   1.6339922e-02   3.8659949e-01   3.9655753e-02   8.6523015e-02   3.1273472e-01   3.4957711e-01   2.5842249e-01   2.7386392e-01   2.1011155e-01   2.6203315e-01   2.7465929e-01   2.7861505e-02   3.9648275e-01   1.8415100e-01   1.0749073e-01   5.6332728e-02   3.9537164e-01   2.9727821e-01   2.6485319e-02   1.2461366e-01   3.8294280e-01   1.0124807e-01   1.4388836e-01   1.6375181e-01   1.9179968e-01   2.6445019e-01   3.5120282e-01   1.1542214e-01   9.7658337e-02   8.8020115e-02   2.4936641e-02   2.2410001e-01   1.5504593e-01   8.9896251e-02   1.9921643e-01   1.0455071e-01   1.2744576e-01   1.2358737e-01   9.8215708e-02   1.8278239e-01   1.6053253e-01   3.3668437e-01   3.2387140e-01   1.3263094e-01   1.9250198e-01   2.6907613e-01   3.2193124e-01   7.7490279e-02   3.4784751e-01   1.2774287e-01   3.7680573e-02   2.1935107e-01   3.9783013e-01   1.5007270e-01   4.9945490e-02   3.8094162e-01   6.1625041e-02   2.8700171e-01   3.0488005e-01   3.6585068e-01   2.1220368e-01   3.1419191e-01   2.6646968e-01   7.1944183e-02   0.0000000e+00   3.0901772e-01   2.5904729e-01   2.9422780e-01   3.6354292e-01   3.0577885e-01   4.6444702e-02   7.0507270e-02   1.9843604e-01   1.0656851e-01   5.9442757e-02   1.4054631e-01   2.4587796e-01   2.3909290e-01   1.4637157e-01   2.0404415e-01   1.6320404e-01   1.7454067e-01   3.3199794e-01   2.6991413e-01   1.4640006e-01   3.8281611e-01   3.2933914e-01   2.9801240e-01   3.0864063e-01
   2.5265899e-01   3.1847865e-02   9.1816395e-02   3.7971262e-01   3.2349700e-02   9.5449011e-02   7.9726530e-02   1.9738673e-02   2.2144017e-02   2.5452388e-01   2.4200446e-02   1.2684589e-01   2.7594956e-01   1.8345119e-01   1.8363711e-01   1.2489608e-01   3.0345191e-01   3.6164386e-02   3.6211175e-01   2.5315733e-01   1.8972062e-01   3.1469909e-01   1.8954120e-01   3.7751407e-01   3.8553368e-01   3.0974945e-01   1.5897154e-01   3.4294638e-01   3.9411010e-01   3.5956359e-01   3.0328535e-01   2.1380920e-01   2.3678830e-01   3.4980736e-01   3.0770208e-01   2.8953040e-01   3.6985528e-01   1.3394403e-01   3.9789709e-01   3.8811506e-02   1.1229516e-01   1.0074198e-01   3.6463136e-01   1.8236347e-01   2.8474779e-01   2.7873905e-01   2.0756443e-01   1.9941153e-01   1.3460145e-01   1.7670334e-01   2.3072908e-01   3.4110701e-01   1.3906529e-01   3.7121699e-01   2.4644492e-01   2.5505359e-01   3.3375560e-01   2.2911673e-01   1.6289888e-01   1.4250665e-01   2.4638595e-01   1.8216494e-01   1.4110645e-01   3.8050733e-01   1.1684645e-01   2.3330699e-01   2.7787724e-01   1.0817281e-01   3.7873720e-01   3.3751826e-01   1.1187135e-01   4.5688697e-02   2.7920735e-01   1.4132490e-01   1.8213910e-01   2.1924222e-01   2.7095439e-01   0.0000000e+00   3.8744797e-01   1.2908657e-02   1.8880767e-01   3.7762485e-01   1.9221695e-01   1.4717005e-01   1.2789060e-01   1.0819048e-02   1.3363686e-01   3.5753698e-02   3.7454388e-01   3.5989917e-01   3.3406666e-01   2.0679540e-01   6.4001514e-02   2.8829016e-01   5.6109109e-02   3.9438370e-02   1.8848200e-01   3.2225767e-01   1.0083597e-01   3.1125494e-01   8.4466606e-02
   3.6489573e-01   2.1858633e-01   2.1720008e-01   3.4950179e-01   5.7327794e-02   1.6584560e-01   1.0487616e-01   1.8280690e-01   2.6307981e-01   1.6103042e-02   3.3227446e-01   2.8448198e-01   1.7252062e-01   3.3431861e-01   1.4320632e-01   2.7956658e-01   1.0248433e-01   1.5219480e-01   2.7318243e-01   1.2312960e-01   9.8834583e-02   1.2493495e-02   6.6832738e-02   2.4957937e-01   3.1486341e-01   1.3039327e-01   3.1649797e-01   9.6793621e-02   3.2433674e-01   2.2263516e-01   2.0243308e-01   6.5645328e-02   2.0493185e-01   2.3465909e-01   6.0192526e-02   2.7466663e-01   3.7665218e-01   3.4600689e-02   1.4331828e-01   2.8377667e-01   3.5920519e-01   1.5664236e-01   1.1943172e-02   2.4253654e-01   2.5554151e-01   2.5292508e-01   1.6466605e-01   2.7215926e-01   2.8968418e-01   7.2703394e-02   1.1725564e-01   1.5714423e-01   9.0654349e-02   2.4120255e-01   3.1021378e-01   1.9101435e-01   3.3635902e-01   3.0004061e-01   1.6023011e-01   3.9878469e-02   9.6965172e-02   3.6110803e-01   1.2631156e-01   1.4468100e-01   3.3695302e-01   6.6385893e-02   2.1946293e-01   1.7932109e-01   4.6091533e-02   3.8088140e-01   2.0097731e-01   1.5461002e-02   2.6708757e-01   1.4232652e-01   1.1886051e-02   9.4056750e-02   2.1273540e-01   1.8798127e-01   0.0000000e+00   3.2552886e-01   9.3593490e-02   3.5878484e-01   5.3814094e-02   2.8707261e-01   3.5509738e-01   3.4377621e-01   2.9933631e-01   1.3336810e-01   8.9053779e-02   5.9979324e-02   3.2752107e-01   1.5151711e-01   2.4764284e-01   3.5449791e-01   3.2220223e-01   1.1647754e-01   1.7804003e-01   4.2414635e-02   3.3606826e-01   3.7719932e-01   1.4279744e-01
   1.8322541e-01   3.2236793e-01   1.2706956e-01   2.1361436e-01   6.4487189e-02   1.1477280e-01   2.0450982e-01   7.6454017e-02   1.9553259e-01   2.6326571e-01   3.5314492e-01   1.0138567e-01   2.0413971e-01   2.6836429e-01   9.9480688e-02   2.0988989e-01   2.0406184e-01   3.6194489e-02   8.6163126e-02   1.3512486e-02   4.9122596e-02   1.1664085e-01   4.3395544e-02   1.9685397e-01   6.9729391e-02   3.4243662e-01   3.0386793e-01   2.4849674e-01   1.8284495e-01   3.9982267e-01   3.3972299e-01   2.4208136e-01   3.9790180e-01   1.7530144e-01   1.6046009e-02   3.2143437e-01   2.9950438e-01   3.8387782e-01   1.0736396e-01   4.7558905e-02   1.8774779e-01   1.0436717e-01   1.6083379e-01   1.3183851e-01   2.2656071e-01   4.9931994e-02   3.8705045e-01   4.9845709e-02   8.2162217e-02   2.7304662e-01   1.4220328e-01   1.4647767e-01   2.9146989e-01   1.6943056e-01   3.2524722e-01   3.3025368e-01   2.8618744e-01   3.9784637e-01   3.6139436e-01   1.8137625e-01   2.6857083e-01   1.7097194e-01   3.3131878e-01   2.0851356e-01   3.8535590e-01   9.4125980e-02   3.9942504e-02   1.6484473e-01   1.5049906e-01   8.6474726e-02   2.9382114e-01   2.2554564e-01   3.4536883e-01   2.3648546e-01   1.2187503e-01   1.1739063e-01   1.1139710e-01   1.8903308e-01   2.2144896e-01   0.0000000e+00   1.0015668e-01   8.6650131e-02   3.4459890e-01   2.2498374e-01   2.4354343e-01   9.3113107e-02   4.0722281e-02   4.5234251e-02   1.2131564e-01   3.4095032e-01   1.8729896e-01   3.7995818e-01   3.5600258e-01   3.6083912e-01   2.6750524e-01   1.0511756e-02   2.3706984e-01   2.8698553e-01   2.4117160e-01   7.6347029e-02   2.8057752e-01
   2.8051939e-01   1.7482663e-02   1.1353684e-01   9.1424313e-02   1.6062174e-01   1.1055731e-01   3.8582908e-01   3.4932988e-01   2.7028821e-01   7.3087688e-02   7.9718559e-02   1.0260344e-01   3.7273911e-01   1.1511213e-01   3.8590933e-01   3.2965032e-01   2.3106231e-01   3.7340839e-01   2.6211163e-01   2.2010807e-01   6.3768862e-02   1.0865421e-02   3.4594055e-01   3.0491628e-01   9.1446126e-02   2.5615993e-01   7.7081058e-02   3.7558198e-01   8.3879803e-02   1.2399295e-01   1.5003512e-01   1.5603222e-01   1.3797059e-01   3.9457515e-01   3.5234348e-01   3.8354375e-01   3.4030459e-01   1.3638227e-01   2.4331902e-01   8.7331339e-02   1.2300072e-01   1.0924834e-01   2.8768720e-01   3.0745836e-01   2.1103123e-02   1.4265943e-01   3.7426541e-02   4.9611424e-02   4.9117991e-02   2.7286150e-01   1.1624992e-01   5.5544859e-02   2.5933210e-02   1.3938719e-01   2.1389622e-01   1.6506164e-01   3.8469286e-01   3.0205677e-01   3.9465007e-01   6.6374646e-02   3.0781978e-01   1.8674034e-01   3.9626601e-01   3.3044151e-01   2.8888980e-01   1.6983167e-01   1.9975877e-01   3.4499389e-02   1.7963361e-01   8.4591171e-02   2.9845925e-01   3.2850412e-01   2.4696462e-01   4.5170664e-02   1.0912164e-01   3.1593972e-02   6.5701771e-02   3.7664459e-01   2.4151927e-02   3.6354079e-01   0.0000000e+00   1.8055446e-01   2.5732818e-01   2.7155553e-01   4.2785591e-02   1.8185249e-01   1.3679297e-01   3.5552332e-01   1.7493770e-01   3.0846839e-01   3.2396432e-01   3.6131596e-01   1.8604539e-01   3.7264669e-01   3.9545078e-01   3.7921028e-01   9.6671257e-02   1.4841599e-01   1.4859499e-01   2.4139509e-02   2.3496720e-01
   3.4163123e-01   2.6439290e-01   2.2501747e-01   2.1322027e-01   2.9156173e-01   2.5911880e-02   1.8473400e-01   3.9843112e-01   7.0473470e-02   3.7529636e-01   1.9422076e-01   1.7647176e-01   2.0456483e-01   2.0891482e-01   2.4478360e-01   2.0314614e-01   2.7941090e-01   2.8982766e-01   1.6990532e-01   3.5279301e-01   2.2236346e-01   1.4940657e-01   5.7813778e-02   3.6715348e-01   1.9664632e-01   1.8647272e-01   1.9159121e-01   3.7079000e-01   3.1472745e-01   8.8546724e-02   2.5251894e-01   2.2296708e-01   1.1070865e-02   1.2242788e-01   6.9010458e-02   2.2990508e-01   1.4121960e-02   1.3563164e-01   8.5982938e-02   9.3151783e-02   3.1641332e-01   1.7262185e-02   2.2739787e-01   2.7218536e-01   3.7234216e-01   1.7785556e-01   1.0077084e-02   9.7410123e-02   1.5121164e-01   2.9141194e-01   3.0338622e-01   1.9356556e-01   7.2543870e-02   2.0142793e-01   1.1344188e-01   9.4845307e-02   1.4979507e-01   1.0790750e-01   3.0291272e-02   2.4079691e-01   7.3395376e-02   1.7557842e-01   2.6293169e-01   1.3685739e-01   4.8501696e-02   3.2773235e-01   3.9709052e-01   2.0213096e-01   3.9223746e-01   3.1433347e-01   3.7201176e-01   3.8657940e-01   3.3460851e-01   1.1400462e-01   1.7787881e-01   3.3917725e-01   2.3542122e-01   1.2144434e-01   2.2626091e-01   1.3469326e-01   2.4250196e-01   0.0000000e+00   3.9718463e-01   3.5279929e-01   1.6988749e-01   3.2156929e-01   3.0466536e-01   3.3292712e-01   3.5152640e-01   1.8255328e-01   1.5635457e-01   1.1566303e-01   2.0317085e-01   6.9945581e-02   3.4055567e-01   6.9631738e-02   1.6432499e-01   1.6725657e-01   2.6846811e-01   4.6600805e-02   3.2491348e-01
   1.7217832e-01   4.2437941e-02   3.8189139e-01   1.1388370e-01   1.3124652e-01   3.9186294e-02   3.0170258e-01   3.5274451e-01   1.4550738e-01   3.5102635e-02   2.6339424e-01   3.0997485e-01   2.1235431e-01   3.2533326e-01   3.5587248e-01   1.9192686e-01   1.9216116e-01   3.1178419e-01   1.0851547e-01   7.9869480e-02   1.3321607e-01   3.0597154e-01   9.4167908e-02   3.0294837e-01   3.3363939e-01   6.9885345e-02   3.6281962e-01   3.3737741e-01   3.9615852e-01   1.6156619e-01   1.5350384e-01   2.9973863e-01   3.0986839e-01   1.4937037e-01   8.3131425e-02   1.5047675e-01   2.1358149e-01   2.5157336e-01   3.6659202e-01   2.5140826e-01   4.2687460e-02   1.6669716e-01   2.4770782e-01   3.3543486e-01   3.5583784e-01   1.0568231e-02   1.4110788e-02   1.6687609e-01   3.1068765e-01   1.7725304e-01   1.5332192e-01   2.0861403e-01   1.8765768e-01   3.0863215e-01   2.4517306e-01   3.1936555e-01   7.1022641e-02   1.4783518e-01   3.7531478e-01   2.8471588e-01   1.8241287e-01   4.4912275e-02   1.8320972e-01   2.0685343e-01   2.4288335e-01   3.5050211e-01   2.4601913e-01   3.9127260e-02   1.9880293e-01   3.1460480e-01   9.4834259e-02   8.0528588e-02   6.3711803e-02   2.2789639e-01   3.3248543e-02   2.1559903e-01   3.7640165e-01   1.2488433e-01   2.1650507e-01   5.4550821e-02   2.5663969e-01   2.5485758e-01   0.0000000e+00   3.0858231e-01   8.6220625e-02   2.1510995e-02   2.5666748e-01   3.8452342e-01   1.0753449e-01   2.9947823e-01   1.2407827e-01   2.2416604e-01   1.9464491e-01   5.4151725e-02   2.2642482e-01   3.0113945e-01   4.5819906e-02   2.7369492e-01   1.1352541e-01   3.5347603e-01   1.1320741e-01
   1.9667528e-01   2.3531301e-01   2.4681587e-01   1.9381355e-02   3.9016754e-01   3.6250611e-01   1.7186912e-01   1.5994880e-01   1.3933304e-01   3.6709981e-01   7.4924333e-02   3.5691109e-01   3.8873127e-01   1.1797196e-01   1.8985080e-01   1.7080928e-01   3.7951503e-02   9.8219528e-02   6.9665756e-02   3.2328844e-01   3.3169481e-01   1.6447656e-01   3.4958793e-01   7.8963294e-02   3.3696923e-02   3.3062800e-01   4.6123541e-02   1.9006286e-01   6.8021034e-02   8.0331836e-02   2.3847198e-01   2.5035250e-01   3.5534152e-01   9.9384941e-02   3.8011876e-01   7.9328352e-02   1.0108100e-01   2.4082079e-01   2.7849121e-01   1.1430476e-01   1.2338623e-01   3.3446061e-01   1.4145310e-01   4.9594741e-02   2.1990043e-02   3.7180514e-01   3.5012120e-01   3.6867163e-01   6.1089778e-02   2.4792207e-02   2.4906295e-01   1.3854278e-01   2.2723217e-01   2.8789588e-01   6.7120058e-02   2.2347765e-01   2.9434791e-01   2.8023742e-01   3.3261178e-01   5.8270128e-02   1.9669770e-01   1.9168241e-02   3.0862278e-01   3.1895780e-01   2.4529494e-01   1.2847376e-01   1.0130964e-01   8.0312377e-02   3.3239036e-02   3.0565465e-01   1.5327507e-01   1.4807215e-01   2.0218410e-01   4.4582901e-02   3.6651164e-01   1.6267461e-01   2.7765224e-01   8.8137711e-02   9.4747147e-02   1.0083858e-01   2.1283853e-01   1.5640611e-01   8.5886214e-02   0.0000000e+00   1.5595918e-01   5.2886023e-02   1.1436812e-01   2.0142209e-01   2.5655961e-01   3.5083156e-01   3.5777102e-01   3.4264684e-01   8.6161717e-02   2.9348023e-01   3.2094616e-01   2.4691679e-01   2.7837053e-01   6.9460463e-02   1.1179121e-01   1.7354610e-01   3.3198008e-01
   3.8963795e-01   2.2354318e-01   3.2509466e-01   6.4406213e-02   1.8897523e-01   2.5559344e-01   1.4193540e-01   2.0135043e-01   1.6483051e-01   2.7880942e-01   2.6272622e-01   2.9505464e-01   2.2668300e-01   3.4387557e-01   2.7108812e-01   3.6668484e-01   2.8586971e-01   3.1145471e-01   1.1073125e-01   3.5063977e-01   2.3198965e-01   2.1441822e-01   3.4689396e-01   3.5490507e-01   2.2789551e-02   6.2110339e-02   1.3865808e-01   1.7186892e-02   1.6946752e-01   8.9985587e-02   1.0968230e-01   2.3146810e-02   3.5791528e-01   6.4149443e-02   3.7973789e-01   3.2385966e-01   2.8935875e-01   2.8420565e-01   2.6649803e-01   3.5282387e-01   1.3556117e-02   3.8194120e-01   5.9809502e-02   5.3588959e-02   1.4245331e-01   2.0924930e-01   3.0144433e-01   1.1960034e-01   1.4381321e-01   1.7675738e-01   2.4864006e-02   8.2383582e-02   2.2229863e-01   3.9721423e-01   2.2811231e-01   2.4558658e-01   1.2771532e-02   3.1693057e-01   1.0093497e-01   2.6278579e-01   8.0005508e-02   3.8379746e-01   1.4119534e-01   2.6613161e-01   3.9085995e-01   1.3298910e-01   2.9239928e-01   7.6783042e-02   3.9812671e-01   1.5444437e-01   7.4451337e-02   2.0730091e-01   3.2075979e-01   2.5630758e-01   2.5508495e-01   1.0550563e-01   2.5736733e-01   2.4208614e-01   2.9426269e-02   2.3502112e-01   3.1195428e-01   3.4060529e-01   5.7493583e-02   1.0355177e-01   0.0000000e+00   5.5413320e-02   8.9300656e-02   8.7782546e-02   1.0526838e-02   3.4179204e-01   2.1538331e-01   2.6243641e-01   3.7877565e-01   3.9934110e-01   2.0129945e-02   3.1691304e-01   1.8222777e-01   3.4894662e-01   3.0021748e-01   1.6581073e-02   1.3857326e-01
   3.0576756e-01   1.8613655e-01   2.1928997e-01   2.9126976e-01   2.5062306e-01   1.0937438e-01   3.5388302e-01   2.0153331e-01   1.9638787e-01   4.3832720e-02   3.3384636e-01   3.1531740e-01   3.6715613e-01   1.5203784e-02   1.0193934e-01   3.7465364e-01   2.2391696e-01   2.8050925e-01   1.6255797e-01   3.9883819e-01   3.9289165e-01   3.4806104e-01   1.0118746e-02   3.2575071e-01   2.9281002e-01   4.7531832e-02   2.2599471e-01   2.6067097e-01   1.0967609e-01   1.0138448e-01   2.9484940e-01   3.5655390e-01   2.9928541e-01   1.0167861e-01   2.2792052e-01   2.6256277e-01   2.9530025e-01   2.2294468e-01   1.1564714e-01   2.6056744e-01   5.8474381e-02   2.2334340e-01   2.5783816e-01   2.1974014e-01   3.8644157e-01   3.2674974e-01   3.8722756e-01   3.9767831e-01   3.3179705e-01   2.9795982e-01   8.0263604e-02   9.4840491e-02   1.1200987e-01   7.9770381e-02   6.7334934e-02   6.2807569e-02   2.9789910e-02   1.4617078e-01   2.7541250e-01   2.9426288e-01   3.1258870e-01   3.1705533e-01   2.1408296e-01   1.0291282e-01   3.8447000e-01   3.6680632e-01   1.2612691e-01   1.5246013e-01   2.8021680e-01   1.5938682e-02   2.3714838e-01   3.3665607e-01   6.4256890e-02   1.8457447e-01   2.2889020e-01   2.1658816e-01   3.7935123e-01   2.5336506e-01   2.8956908e-01   2.7700869e-01   3.2851438e-01   1.0380070e-02   7.0957449e-02   2.4770027e-01   1.2015361e-01   0.0000000e+00   2.7366165e-01   3.4681785e-01   3.2139535e-01   2.4457753e-01   3.6741542e-02   2.1181670e-01   1.1320982e-01   3.9105447e-02   1.2795230e-01   1.0359826e-01   3.1301578e-01   6.0843405e-02   2.7617542e-01   3.2024663e-01   1.5390514e-01
   3.8865802e-02   1.7692006e-01   1.7703447e-01   1.2408941e-01   1.7466013e-01   3.8593392e-01   3.8424953e-01   1.5847265e-01   1.3289702e-01   2.7140353e-01   1.0684709e-01   3.2534047e-01   1.3610144e-01   1.9815916e-01   3.8185588e-01   2.7229169e-02   2.6601962e-01   3.4613456e-01   1.8662458e-01   3.9904502e-01   5.8708283e-02   1.6948715e-01   2.1090621e-01   3.1651864e-01   3.2532970e-02   3.6126308e-01   3.2161001e-01   1.4783553e-01   2.4689793e-01   3.9418165e-01   3.7577089e-02   9.7139669e-02   2.7821930e-01   2.5502693e-01   1.7559965e-01   3.0989492e-01   3.7520714e-02   6.2277686e-02   9.0934637e-02   2.7246846e-01   3.7599346e-01   1.5904572e-01   1.4918937e-02   1.3653258e-02   3.8266785e-01   9.9009518e-02   1.4526959e-01   1.4954375e-01   3.6582173e-01   3.5416665e-01   3.0874211e-01   2.1300784e-01   2.7953780e-01   2.7849121e-01   2.7292957e-01   2.0272267e-01   1.2394356e-01   9.6788432e-02   2.3848351e-01   2.0514610e-01   3.0667697e-01   1.3906603e-01   2.8914512e-01   3.7359649e-01   1.6381187e-01   7.4025120e-02   1.1628228e-02   3.7945066e-01   1.4539303e-01   3.2496060e-01   2.8959768e-01   2.1763896e-01   1.2366237e-01   3.1512314e-01   1.5415682e-01   3.4381894e-02   1.3422428e-01   3.3671040e-01   3.6522402e-02   3.8010543e-01   3.7799072e-01   9.8189861e-02   9.0401470e-02   3.1111904e-02   1.8188043e-01   3.0354543e-01   0.0000000e+00   1.0937769e-01   3.2787191e-01   3.4003724e-01   1.7147231e-01   1.1955751e-01   2.3017434e-01   3.9068481e-01   8.4968945e-02   7.4369219e-02   2.7710373e-01   1.5966458e-01   2.6251597e-02   2.5545310e-01   3.0633194e-01
   3.7224412e-01   1.6158336e-01   1.1390952e-01   3.6808516e-01   9.9115328e-02   1.7417431e-01   7.2938095e-02   4.2215071e-02   3.2377895e-01   3.7167427e-01   3.7191069e-02   3.9132153e-01   2.5563217e-01   3.9089172e-02   2.8237427e-02   2.8849790e-01   2.1337506e-01   3.5548754e-01   3.5776657e-01   3.0228267e-01   2.9860718e-01   8.3529016e-02   2.4381786e-01   1.8384626e-01   1.4009561e-01   4.1673715e-02   2.8755845e-01   3.3012025e-01   2.2314821e-01   3.8827312e-01   3.1230769e-01   1.9050052e-01   1.7485112e-01   9.4256112e-02   2.8475549e-01   2.1753407e-01   3.8543364e-01   9.6685835e-02   2.7143190e-01   3.9784566e-02   1.3473457e-01   2.1086145e-02   4.3095770e-02   2.7185917e-01   2.9290524e-01   3.7474168e-01   3.6115786e-01   2.8705923e-01   3.0467534e-01   1.5934016e-01   1.6327451e-01   1.0681055e-01   2.5315771e-01   3.1859442e-01   2.6817303e-01   3.6695661e-02   2.8643891e-01   2.9571790e-01   2.4450566e-01   2.1747274e-01   2.1531497e-01   3.5111846e-01   1.9062468e-01   2.5017237e-01   2.2755495e-01   3.5692879e-01   1.1262753e-01   4.4486926e-02   1.3748193e-01   3.4226949e-01   2.5993837e-01   3.1197263e-01   3.3064231e-01   3.6317157e-01   7.1737224e-02   3.4046732e-01   2.9847778e-01   3.5303591e-01   1.7769174e-01   3.5071928e-01   2.1512564e-01   1.5848536e-01   3.2290883e-01   3.2987364e-01   1.8959865e-01   1.6654871e-01   3.9728725e-01   0.0000000e+00   2.0013967e-01   3.6680512e-02   2.7490517e-01   1.4734464e-01   2.5961150e-01   3.4156639e-01   3.4359014e-02   5.3938303e-02   6.5143548e-02   1.4931102e-01   2.2714707e-01   4.0441588e-02   2.0121083e-01
   2.9795293e-01   3.2424107e-01   4.4864117e-02   3.1933817e-01   3.3301720e-01   3.6965315e-01   3.3406049e-01   2.7347906e-01   3.6373962e-01   1.0179297e-01   4.8901410e-02   3.1074729e-01   2.3457114e-01   6.6147975e-02   1.0740087e-01   3.5293330e-01   1.1202564e-01   1.1074158e-01   2.3036634e-01   3.9362211e-01   3.6518384e-01   2.2987341e-01   2.4743426e-01   2.6595515e-01   1.4790776e-01   1.1031936e-01   3.4364196e-01   3.1141015e-01   2.4876249e-01   2.9661396e-01   2.2785439e-01   8.1861751e-02   1.1278436e-01   9.0705030e-02   3.4247758e-01   3.1732658e-01   2.4682847e-01   2.2293988e-01   2.2289190e-01   7.1430609e-02   1.7117726e-01   1.2413668e-01   3.7463442e-01   2.9340181e-01   1.3513643e-01   3.7109332e-01   1.4844307e-01   2.9507920e-01   1.0249490e-02   1.2123333e-01   3.7351087e-01   3.0815026e-01   3.9512204e-02   2.5590974e-01   2.0075720e-01   2.9171135e-01   2.3920968e-01   2.1220210e-01   1.0174551e-01   2.0578989e-01   6.2590425e-02   2.7875397e-01   1.0462629e-02   2.5322302e-01   2.4992575e-01   1.2276211e-01   1.8163637e-01   3.3129856e-01   1.0980498e-01   3.5249221e-01   1.1760378e-01   1.8455325e-01   7.3033885e-02   3.2733874e-01   2.2268569e-01   5.0009569e-02   3.0232721e-01   3.1903550e-01   6.7766171e-02   3.9181121e-01   1.0574628e-01   3.4506008e-01   3.7123506e-01   1.8322519e-01   1.8034820e-01   8.7289158e-02   1.0979341e-01   1.0498579e-01   0.0000000e+00   7.2121212e-02   3.1591120e-01   3.5681681e-01   3.5383263e-01   9.2924493e-02   2.1771362e-01   2.7398533e-01   1.0733409e-02   3.9630327e-01   2.0932219e-01   1.3719933e-02   8.0154087e-02
   2.2870215e-01   2.6532456e-02   2.8809532e-01   6.7761484e-02   3.2253309e-01   1.7140339e-01   2.4042581e-01   3.9534909e-01   2.2975023e-01   3.2688008e-01   2.9017500e-02   1.8841496e-01   1.9312557e-02   2.5773645e-01   5.7208235e-02   2.9130259e-01   3.8672173e-01   1.7024889e-01   3.6142951e-01   3.8727596e-01   2.8411633e-01   3.0835941e-01   1.5738607e-01   9.2799127e-02   3.0965349e-02   1.5407354e-01   2.8844867e-01   3.1469183e-01   3.0026493e-01   3.8912620e-01   3.5121023e-01   2.9498549e-02   1.5757373e-01   3.5611807e-02   2.8553215e-01   3.9297615e-01   2.1635745e-01   3.2679544e-01   3.9173595e-01   2.1315217e-02   1.7036992e-01   3.5229328e-01   1.1176599e-01   3.3514304e-02   3.7163730e-01   1.0575480e-01   1.0012356e-01   1.8176584e-01   1.6070264e-01   2.8800515e-01   3.4462135e-01   1.9664459e-01   2.2547878e-01   5.5859192e-02   2.0687104e-01   2.9531520e-01   2.7078179e-01   3.8566607e-01   2.4507692e-02   7.1032605e-02   2.5750944e-02   3.8431251e-01   2.5419561e-01   2.2236852e-01   1.8826432e-01   3.4487619e-01   7.5356313e-02   1.6973175e-01   3.2805433e-01   1.7175355e-01   4.0341818e-02   2.4618050e-01   3.5775171e-01   8.0581811e-02   9.2960007e-02   1.1340836e-01   2.3436258e-01   2.8526935e-01   2.1921461e-01   2.6057022e-01   2.2137867e-01   1.7798941e-02   1.1625388e-01   3.7080793e-01   3.2858242e-01   7.7168471e-02   1.3455197e-02   1.4948693e-01   1.6715194e-01   0.0000000e+00   3.9585318e-01   1.1864846e-01   3.7782767e-01   2.0116397e-02   3.9335664e-01   6.8677745e-02   2.0641121e-01   1.8426474e-01   3.4550812e-01   2.6402565e-01   2.8900661e-01
   3.6481814e-01   2.5903946e-01   1.4587318e-01   2.2210907e-01   2.3654489e-01   1.7714109e-01   3.4547605e-01   1.9246713e-01   3.6895711e-01   1.2517711e-01   2.2908842e-01   3.6526447e-02   2.1749640e-01   2.6292962e-01   2.8131830e-01   1.7063786e-01   5.0551765e-02   2.2279285e-01   1.5370868e-01   2.9316906e-01   5.2002155e-02   3.6999453e-01   9.6974529e-02   2.6472446e-01   1.8609483e-01   7.4719795e-02   3.3745204e-01   1.5931315e-01   5.1887304e-02   7.6139870e-02   2.7814102e-01   3.0894133e-01   9.9508964e-02   3.2093837e-01   7.9727357e-02   1.0717656e-01   3.5866253e-01   2.5981713e-01   8.0335040e-02   3.8618127e-01   1.6970780e-01   1.4907304e-01   3.6116455e-01   6.9903761e-02   1.9066363e-01   6.9780962e-02   3.8701704e-01   2.2510589e-01   3.1059339e-01   4.0614944e-02   1.6841168e-01   2.2715282e-01   1.0190641e-01   1.2113587e-01   2.7508304e-01   3.1311080e-01   3.8822403e-01   3.6348641e-01   1.6682787e-01   1.3105054e-01   3.0185679e-01   7.3125948e-02   3.8448898e-01   2.1696993e-01   1.4750025e-01   7.5488675e-02   4.6733260e-02   3.7395420e-01   2.1466168e-01   1.7922168e-01   2.6094542e-01   2.8398404e-02   1.2229262e-02   3.7931089e-01   1.1500662e-01   1.7466799e-01   2.5913570e-01   6.1186529e-02   1.8730925e-01   3.6537535e-01   3.6005310e-02   3.3513374e-01   5.3379274e-02   3.2607689e-01   3.7307050e-02   2.6401508e-01   2.8412098e-01   2.7216779e-02   4.0381661e-02   3.1976527e-01   0.0000000e+00   1.4767489e-01   2.0074183e-01   6.5928837e-02   2.2566002e-01   2.5944504e-01   2.2929931e-01   1.5262241e-01   1.6119110e-01   8.8853065e-02   1.8404228e-01
   6.8531110e-02   3.2691044e-01   1.1924773e-01   6.6577420e-02   1.5166444e-01   3.7642096e-01   1.7148017e-02   2.2661847e-01   2.6630134e-01   3.3623891e-01   1.9862896e-01   2.5439894e-01   2.2695485e-01   2.1552144e-01   2.4774517e-01   1.0219421e-01   1.4234700e-01   1.7476425e-01   3.6717712e-02   2.7812042e-02   3.4041202e-01   3.3286868e-01   1.8716331e-01   2.6228047e-01   2.5562161e-01   3.0663521e-01   3.8963015e-01   2.9154953e-01   3.9121254e-01   1.5360404e-01   3.5272187e-01   7.5303899e-02   1.8432009e-01   4.8398360e-02   1.2905673e-01   2.4128487e-01   2.3777690e-02   6.7655294e-02   2.7992042e-01   2.8632807e-01   3.1005475e-01   6.6444696e-02   3.9286185e-01   3.9224873e-02   9.0723677e-02   1.3405926e-01   8.4592924e-02   2.3743349e-02   2.3189654e-01   2.6197874e-01   2.1755665e-01   2.7280325e-01   2.8011206e-01   8.5951219e-02   3.9145878e-01   2.9160373e-01   2.9476784e-01   3.9181716e-01   3.3050099e-01   3.8191339e-02   3.9688078e-01   1.5672462e-01   1.9508857e-01   3.3961526e-01   3.0880152e-01   3.8301652e-01   1.1836089e-01   4.3355394e-02   1.3234366e-02   2.4931325e-01   1.2775715e-01   3.4875254e-01   2.3174847e-01   4.3361836e-02   1.3321074e-01   1.0238256e-01   2.2559833e-01   2.1085885e-01   2.4205822e-01   1.4760103e-01   2.9310611e-01   3.8737607e-01   1.1606122e-01   2.6030963e-01   1.3031092e-01   2.1669132e-01   1.2772291e-01   2.6460338e-01   3.1136594e-01   3.1343243e-01   6.3812570e-02   0.0000000e+00   1.9317110e-01   3.1085495e-01   2.6491842e-01   1.7267430e-01   9.2601187e-02   3.3846750e-01   1.9829914e-02   3.4463050e-01   2.6172569e-01
   6.7899031e-02   2.5356596e-01   9.2601586e-02   1.6407806e-01   2.1289740e-01   2.6588028e-01   2.3614806e-01   1.2871283e-01   2.4649517e-01   3.8998284e-01   2.4378801e-01   1.4058422e-01   3.9240940e-01   3.4484031e-01   2.0252864e-01   1.3901657e-01   2.4855956e-01   1.0116615e-02   1.6451289e-01   3.8361660e-01   2.8611677e-01   2.6861252e-01   2.8847180e-01   7.7521959e-02   2.0781027e-01   1.5323470e-01   2.4499777e-01   1.5741622e-01   2.8188246e-01   1.7343888e-01   3.9245087e-01   5.1451777e-02   3.7758050e-01   6.1484977e-02   2.9800225e-01   1.4164864e-01   1.2119607e-01   1.0223254e-01   3.8543960e-01   1.2610766e-01   2.5283911e-02   2.7634070e-01   2.5496023e-01   3.4036012e-01   2.6957723e-02   1.2423408e-01   3.4772233e-01   1.7657778e-02   3.9416594e-01   2.3321954e-01   1.7259030e-01   2.4707508e-01   1.8433575e-02   1.7856914e-01   1.4940568e-01   3.6212558e-01   3.1929853e-01   5.8968844e-02   3.0423048e-01   2.1151486e-01   3.6568508e-01   2.5876751e-01   3.9917442e-01   2.1913624e-01   1.1516652e-01   3.6735077e-02   1.3473303e-01   1.3655839e-01   3.0617187e-01   1.8562449e-01   3.2529338e-01   3.2310301e-01   2.8561133e-01   2.7154573e-01   3.1561522e-01   1.2807617e-02   1.8387505e-01   2.5554923e-01   1.2339174e-01   5.1637751e-02   1.5508804e-01   3.5352921e-01   1.9744753e-02   3.7415255e-01   2.4620191e-01   2.8443664e-01   3.8346804e-01   3.3172349e-01   2.7498363e-01   2.6176527e-01   8.5879354e-02   1.9397522e-01   0.0000000e+00   2.3905868e-01   2.5951463e-01   1.9915786e-01   1.0818195e-01   1.1395139e-01   1.7486464e-01   2.8917110e-01   3.7877075e-02
   1.1816953e-01   2.1032714e-01   1.9290469e-02   5.2534923e-02   5.5613438e-02   2.7419428e-01   2.5025324e-01   3.9177766e-01   1.6843620e-01   2.4523766e-01   3.8728885e-01   1.6737274e-01   1.7053797e-01   2.8623827e-01   1.2834227e-01   2.5153648e-01   1.0266041e-01   6.6855171e-02   8.0254430e-02   2.6720089e-02   1.2587026e-01   3.2991875e-01   1.9111014e-01   1.3944761e-01   3.3235234e-01   1.6422747e-01   6.0800459e-02   3.7381373e-01   1.2231963e-02   1.2327255e-02   1.9370721e-01   1.0873408e-02   3.4227613e-01   2.1644545e-01   3.3554967e-01   3.6355367e-01   1.1676995e-01   1.2052801e-01   1.1953107e-01   2.9570828e-01   1.0735049e-01   1.1775847e-01   1.5520564e-01   4.3285970e-02   1.4074992e-01   1.5956102e-01   2.8789214e-01   3.5501032e-01   3.6097577e-01   3.7112379e-01   3.3116496e-01   1.2228512e-01   2.8906834e-01   3.4521057e-01   3.1580189e-01   2.3685805e-01   1.5789398e-01   3.9767104e-01   1.8162544e-01   7.1249707e-02   5.0523505e-02   5.4033795e-02   2.6480355e-02   2.8134448e-01   6.7636735e-02   1.5514453e-01   1.1079961e-01   7.6086971e-02   2.9903708e-01   1.0532210e-01   1.6428279e-01   1.9545858e-01   7.9698669e-02   3.4160511e-01   2.1772072e-02   4.6299431e-02   9.9605947e-02   3.6933358e-01   2.2294460e-01   8.0187306e-02   3.0322873e-01   3.7031945e-01   8.3283465e-02   2.3421445e-01   2.8531660e-02   3.6423584e-01   2.8889991e-01   2.8108869e-01   3.0744856e-01   3.2833053e-01   7.5587352e-02   2.3968629e-01   1.9636396e-01   0.0000000e+00   3.4170364e-01   2.6874272e-01   1.4309680e-01   2.1656535e-01   1.7741085e-01   1.8074314e-01   2.6823328e-02
   1.7948655e-01   3.4303540e-01   2.1277608e-01   3.0827692e-01   2.4194433e-02   6.4296523e-02   1.6261842e-01   1.5793730e-01   3.7415453e-01   1.7700355e-01   2.3322764e-02   2.2337206e-01   3.9741918e-01   1.9121534e-01   6.0521439e-02   3.9868242e-01   1.9910281e-01   3.6955975e-01   2.3174341e-01   3.9378513e-01   1.0970037e-01   3.0637335e-01   1.1031491e-01   2.6503038e-01   3.7291000e-02   4.5466146e-02   4.9659229e-02   7.8599713e-02   3.4677050e-01   4.4320257e-02   3.8176004e-01   1.1083431e-01   2.3400890e-02   2.1499402e-01   2.1930074e-01   3.5824899e-01   1.9416929e-01   3.6884654e-01   3.9115042e-01   5.5511742e-02   6.9890448e-02   1.0862551e-01   1.6119575e-01   1.7658128e-01   1.9058758e-01   4.9898653e-02   1.8402669e-02   2.8655087e-01   5.3188304e-02   6.4895199e-02   1.5179024e-01   2.7821573e-01   3.0436972e-01   1.8430450e-01   1.7496230e-01   2.4269147e-01   2.6810200e-01   7.9183208e-02   9.5650090e-02   7.9160472e-02   7.7271235e-02   3.9740893e-01   3.0832421e-01   1.4672254e-01   1.0477543e-01   3.3267460e-01   2.1358330e-01   7.6103773e-02   2.4376216e-01   1.6619341e-01   5.0855279e-02   1.4406314e-01   3.3851033e-01   3.9728909e-01   1.8502612e-01   3.7753365e-01   2.1016346e-01   3.1985767e-01   2.6630049e-02   3.8674395e-01   1.8775498e-01   1.9878883e-01   2.8974879e-01   7.6813282e-02   2.1483851e-01   7.4873857e-02   3.0038026e-01   7.8461442e-02   5.6081964e-02   3.0572383e-01   1.2352891e-01   1.2383809e-01   2.0945702e-01   1.5950868e-01   0.0000000e+00   1.9330144e-01   3.4990194e-01   1.8738729e-01   3.8579175e-01   1.9360038e-02   3.5413534e-01
   2.0638465e-01   3.4743808e-01   2.0394898e-01   2.6514577e-01   1.7769535e-01   2.8736785e-01   2.3897621e-01   3.1515949e-01   3.6091714e-01   7.0101690e-02   1.6157124e-01   1.3691845e-01   1.9015468e-01   1.7401765e-01   1.6049800e-01   2.6198252e-01   2.6187746e-01   2.0317649e-01   2.9684507e-01   2.5695003e-01   2.5557368e-01   1.3656808e-01   3.2780039e-02   2.7445836e-01   3.6456082e-01   2.6832192e-01   3.2730664e-01   1.0165015e-01   2.7436807e-01   3.0938639e-01   2.8123295e-01   3.1587105e-01   2.6227406e-01   7.8121012e-02   3.4057045e-01   3.5295634e-01   3.9820137e-01   5.4618134e-02   2.4025865e-02   3.3135946e-02   3.3327892e-01   1.3357945e-01   1.5022421e-01   2.0061203e-01   3.1247276e-01   1.6023688e-01   8.3059325e-02   1.8461919e-01   3.2630442e-01   2.0548354e-02   2.4408105e-02   1.8023691e-01   3.8533556e-01   1.1208904e-01   6.5789602e-02   2.3964611e-01   3.1812507e-01   3.5994777e-01   5.3429148e-02   2.7889444e-01   3.5714243e-01   1.3389735e-01   1.9718257e-01   3.5041770e-01   1.3545128e-01   1.0857092e-02   1.4530854e-01   2.9439862e-01   3.3243775e-01   3.7068718e-01   1.0427996e-01   4.5459984e-02   2.2758500e-01   3.2898242e-01   3.2214464e-02   6.5422534e-02   2.8884104e-02   8.3470601e-02   3.1936327e-01   1.7481946e-01   6.6476624e-02   3.4971855e-01   1.5382309e-01   3.7237082e-01   3.9570744e-01   2.6505776e-01   3.5763349e-01   3.5841045e-01   2.5042191e-01   8.8104988e-02   1.7593565e-01   1.0987008e-01   2.3359816e-01   2.2044063e-01   2.9281214e-01   0.0000000e+00   1.6063579e-01   3.8269176e-01   7.9322378e-02   3.9153686e-01   2.1724151e-01
   3.8744538e-01   8.9420133e-02   2.7177970e-01   3.9091697e-01   2.6903904e-01   5.7638646e-02   2.5895183e-01   8.5458597e-02   3.9489642e-01   9.0666905e-02   1.4023930e-02   3.1279960e-01   1.0930200e-01   2.1104604e-01   2.0003322e-01   1.6570040e-01   3.8562789e-01   1.4063388e-01   1.2094993e-01   1.6758203e-01   2.4624770e-01   3.1462904e-01   1.8045210e-01   5.8257891e-02   3.0117465e-01   2.6235229e-01   3.8415710e-01   3.2465669e-01   1.1835259e-02   2.7239974e-01   2.0748546e-01   3.5788985e-02   3.7395100e-01   2.0466168e-01   2.9574740e-01   1.7927427e-01   2.9168823e-01   2.6031230e-01   3.3425988e-01   1.2525613e-02   1.7586771e-01   2.7847752e-01   8.0733751e-02   1.6343368e-01   3.0421454e-01   1.9247982e-01   1.0755278e-01   6.7195968e-02   4.0077363e-02   3.8365152e-01   1.9629785e-01   3.1947559e-01   3.1537970e-02   3.1644097e-01   1.2280028e-01   1.8915662e-01   1.8724486e-01   1.3186965e-01   4.4886876e-02   2.5447331e-01   3.8192109e-01   2.5523389e-01   1.4367253e-01   3.2421947e-01   1.2009891e-01   2.3440688e-01   1.3441585e-01   9.8067052e-02   1.4654915e-01   8.1515110e-02   3.3331367e-01   1.6491505e-01   1.4155800e-01   5.2051615e-02   2.0809176e-01   3.4081329e-01   8.8269797e-02   2.8515606e-01   2.8217670e-01   2.8782870e-02   2.7719768e-02   1.0773393e-01   2.4010438e-01   1.7073622e-02   2.7477407e-01   1.0034373e-01   3.7720157e-01   1.8787664e-01   4.9068297e-02   3.9487176e-01   3.3164949e-01   2.2542441e-01   3.7010070e-01   2.0763924e-01   5.2051489e-02   5.7062975e-02   0.0000000e+00   7.6162694e-02   2.0714485e-01   7.3206024e-02   2.2876624e-01
   1.9710519e-01   3.6231583e-01   2.9072209e-01   2.3404653e-01   3.4507691e-01   1.2186785e-01   6.5418069e-02   3.8318596e-01   2.3777599e-01   1.4143889e-01   2.7850798e-01   3.1554239e-01   2.6160721e-01   3.5128523e-01   3.7230122e-01   2.9748327e-01   1.0300095e-01   3.9899784e-01   2.4500537e-01   9.2421600e-02   7.2167096e-02   3.4896647e-01   1.3351824e-02   3.2615556e-01   3.0054766e-01   1.3239371e-01   1.0025377e-01   2.8096196e-01   1.7926393e-01   5.0138785e-02   3.4963204e-02   3.9712085e-01   2.3026075e-01   2.1933694e-01   3.4093535e-01   2.8336012e-01   3.5456424e-02   1.1391177e-01   2.4066958e-01   3.5686718e-01   3.4065994e-01   1.2232378e-01   6.2031994e-02   1.1279845e-01   2.0916864e-01   1.2916386e-01   3.9552937e-01   2.9098842e-01   3.6692151e-01   2.3339524e-01   2.3010866e-02   3.2181131e-01   3.2626648e-01   1.3158649e-01   3.2983216e-01   2.6958064e-01   9.7207883e-02   9.1725998e-02   6.5403482e-02   2.9081493e-01   2.4503725e-01   2.7589336e-01   2.8202369e-01   3.4198571e-01   3.1307609e-01   3.6157712e-01   3.7980195e-02   2.2363918e-01   3.9767610e-01   7.0226642e-02   5.7530478e-02   1.9223046e-01   2.7223373e-02   3.6274890e-01   3.4273627e-01   2.1012876e-01   1.1032739e-01   3.4652480e-01   3.8921233e-01   4.6121339e-02   2.4800635e-01   2.9036577e-01   2.0875289e-01   2.5373896e-02   2.7368522e-01   3.6091249e-01   3.0785762e-01   2.2902517e-01   1.7083113e-01   1.0469917e-01   6.6650667e-02   4.7270973e-02   3.6827707e-01   3.2409108e-02   3.2027257e-01   3.9825407e-01   3.7246919e-01   0.0000000e+00   2.4837631e-01   5.6107862e-02   2.7654345e-01
   3.3795464e-01   1.2516868e-01   2.5631765e-01   2.0338735e-01   6.3521330e-02   3.0015412e-02   9.3799216e-02   1.8033475e-01   2.7750261e-01   3.3783594e-01   3.7613280e-01   3.6351233e-01   1.8878050e-01   3.5740973e-01   2.2879612e-01   2.0403837e-01   3.9202814e-01   2.8286844e-01   1.0531022e-01   3.8803832e-01   2.5789488e-01   2.6593944e-01   2.8086403e-02   2.3668964e-02   8.9786495e-02   1.7438641e-01   1.8512436e-01   3.6785117e-01   9.8915557e-02   1.6102279e-01   3.6405500e-01   2.3535505e-01   1.2808577e-01   2.6105531e-01   1.9732672e-01   2.6206411e-01   2.4127418e-01   2.8122759e-01   8.1047990e-02   1.1908907e-01   3.5214905e-01   8.2353027e-02   3.1038623e-01   1.4834359e-01   4.0151950e-02   1.9313908e-01   4.0570951e-02   2.9695898e-01   6.9863907e-02   3.2885622e-01   3.5841718e-01   3.1600128e-01   7.9620988e-02   1.0413134e-01   1.9668016e-01   8.5246652e-02   2.0434594e-01   1.2160395e-01   3.5678076e-01   2.3779208e-01   1.9291377e-01   3.0576868e-01   1.6347032e-01   1.4663171e-01   3.2445158e-01   1.0856766e-01   1.8214685e-01   2.0692757e-01   7.0671592e-02   3.8932836e-01   2.6728303e-01   3.3029912e-01   1.7492096e-01   2.6210765e-01   3.7300448e-01   2.7894071e-01   1.2648174e-01   9.5355573e-02   3.9961497e-02   1.1870878e-01   3.7506226e-01   6.2086356e-02   3.9632315e-01   2.8921116e-01   4.5072921e-02   2.6601913e-01   2.1581241e-01   3.8029362e-01   2.2382128e-01   2.1284609e-02   3.4502930e-01   2.1643020e-01   2.8017599e-01   3.0139247e-02   3.7617008e-01   9.8524463e-02   1.6871222e-01   1.9698698e-01   0.0000000e+00   3.9878979e-01   3.8740584e-02
   3.8059830e-01   6.8543260e-02   2.8145973e-01   2.4932421e-01   2.0320372e-01   1.4889787e-01   3.3815246e-01   1.9977047e-01   3.0086455e-01   3.1256105e-01   1.9242734e-01   2.3165154e-01   3.5831745e-01   1.0752889e-02   2.1806491e-02   2.8057678e-01   2.2528023e-01   1.3849863e-01   3.0789566e-01   3.1873820e-02   3.9700945e-01   2.3486313e-01   1.2126731e-01   3.6405377e-01   2.9964960e-01   2.5271260e-01   2.4733689e-01   2.3856213e-01   1.7051830e-01   3.3095403e-01   3.9863223e-01   2.7205747e-01   4.3351407e-02   3.6379120e-01   2.6785289e-02   3.7278187e-01   2.2292312e-01   2.8305169e-01   1.9924991e-01   4.8317079e-02   2.0527705e-01   6.2380804e-02   3.6231461e-01   1.2680970e-02   1.5927793e-01   3.4285230e-01   3.3107549e-01   1.8254260e-01   2.1346979e-01   2.8914049e-01   3.1432115e-01   2.6180736e-01   8.1421704e-02   2.9935358e-01   1.4180907e-01   1.4471414e-01   2.4953508e-01   2.3035757e-02   8.2981902e-02   3.1704867e-01   1.0009531e-01   1.1546646e-01   2.5603659e-01   7.3888561e-02   3.7405273e-01   3.3353513e-01   3.9116598e-01   2.9048124e-01   3.6031395e-01   1.4258640e-01   1.6902361e-01   1.8099718e-02   1.4993718e-01   4.4341703e-02   3.8128069e-02   2.4242429e-01   1.4440239e-01   3.0797832e-01   5.3311443e-02   2.1369508e-01   3.4592268e-01   2.5332899e-01   2.2090474e-01   3.2726384e-01   3.0771881e-01   5.0367563e-02   2.6420167e-01   3.2358818e-01   9.6609149e-02   7.6910785e-02   2.6977245e-01   6.3778202e-02   3.5812544e-01   2.8133560e-01   1.4141266e-01   1.5307563e-01   1.0695562e-01   1.3276853e-01   4.7464717e-02   0.0000000e+00   2.0333590e-01
   9.2980228e-02   1.4090272e-02   3.4782155e-01   5.9869238e-02   5.5311222e-02   2.9430154e-01   3.5935315e-01   3.3584259e-01   7.1644779e-02   3.7121096e-01   1.1465044e-01   3.5651860e-01   3.8953390e-01   2.0555765e-01   3.0322611e-01   2.1186758e-01   1.1516713e-01   1.1865065e-01   3.0687351e-01   2.5888359e-01   2.5766568e-01   2.9403545e-01   2.5485299e-01   2.1360627e-01   1.0601970e-01   1.6854359e-01   3.2514426e-01   2.0735204e-01   6.8304817e-02   8.9352988e-02   7.1471814e-02   2.3813225e-01   2.4237018e-01   2.7250901e-01   1.5572992e-01   1.5404973e-01   1.9179404e-01   1.7687475e-01   2.7128976e-01   3.8493583e-01   6.7877538e-02   2.3816792e-01   2.4206687e-01   3.1511254e-01   3.0051816e-01   3.1052611e-01   1.7562887e-01   2.4794710e-01   1.7258891e-01   1.2475849e-02   6.0408566e-02   3.4862686e-01   3.0008806e-01   3.7202511e-01   3.2828204e-01   3.8184286e-01   7.5568057e-02   2.5890230e-01   2.3245358e-01   1.3977213e-02   3.1890445e-01   2.3810192e-02   1.5279535e-01   3.4634679e-01   3.3910258e-02   1.1904627e-01   5.0336971e-02   2.6754846e-01   1.7354055e-01   2.9195474e-01   3.4459669e-01   1.5359246e-01   1.1682442e-01   8.3017243e-02   3.3448804e-01   6.2386785e-02   1.4729156e-01   1.9229364e-02   3.2161332e-01   1.2927965e-01   1.0003835e-01   1.3197950e-01   1.4561663e-01   2.4063820e-01   3.0141614e-02   3.7144528e-01   2.5215934e-01   1.5367526e-01   1.8157077e-01   1.3471283e-01   2.8871520e-01   7.9269610e-02   1.1994994e-01   1.0269371e-01   6.1274047e-02   1.7538123e-01   3.8132562e-01   3.5296557e-01   1.2847520e-01   3.4266630e-01   0.0000000e+00
