   0.0000000e+00   3.2557641e+01   1.4560220e+01   3.2202484e+01   3.2202484e+01   2.4839485e+01   2.1023796e+01   3.1575307e+01   1.7804494e+01   1.5556349e+01   2.6400758e+01   1.6643317e+01   2.6400758e+01   4.6872167e+01   4.5354162e+01   4.2449971e+01   4.0706265e+01   2.2847319e+01   2.8231188e+01   1.6492423e+01   2.9274562e+01   3.9204592e+01   4.6173586e+01   2.7784888e+01   3.7643060e+01   1.9416488e+01   1.0816654e+01   1.2000000e+01   2.4041631e+01   1.1045361e+01   1.0440307e+01   2.0880613e+01   1.2369317e+01   2.4738634e+01   2.7202941e+01   4.0521599e+01   3.5805028e+01   5.6850682e+01   4.1593269e+01   2.4020824e+01   4.2011903e+01   4.0718546e+01   4.9396356e+01   4.6097722e+01   3.6687873e+01   3.9012818e+01   3.3734256e+01   2.8160256e+01   3.9824616e+01   6.3245553e+00   1.2041595e+01   1.5231546e+01   1.8439089e+01   2.5612497e+01   3.4058773e+01   3.8897301e+01   3.8078866e+01   2.3537205e+01   3.2015621e+01   2.8301943e+01   3.8288379e+01   1.9235384e+01   2.4413111e+01   3.8209946e+01   3.5000000e+01   2.5298221e+01   5.1107729e+01   1.8027756e+01   4.4721360e+00   8.0622577e+00   2.4839485e+01   3.3541020e+01   3.2140317e+01   3.6345564e+01   3.8832976e+01   1.0630146e+01   1.3416408e+01   2.0223748e+01   1.6031220e+01   1.9209373e+01   1.4866069e+01   2.6076810e+01   2.9546573e+01   3.4985711e+01   3.6796739e+01   4.8270074e+01   3.3615473e+01   1.5297059e+01   2.0518285e+01   2.0591260e+01   3.9698866e+01   3.3015148e+01   3.3970576e+01   2.6627054e+01   2.9681644e+01   2.9068884e+01   3.2249031e+01   3.5608988e+01   3.1144823e+01   3.8600518e+01   1.5231546e+01
   3.2557641e+01   0.0000000e+00   3.4409301e+01   2.0223748e+01   2.3853721e+01   1.6401219e+01   3.6249138e+01   3.6069378e+01   4.7423623e+01   4.3289722e+01   5.0289164e+01   2.3430749e+01   9.4339811e+00   2.1189620e+01   1.3000000e+01   2.5179357e+01   3.2695565e+01   2.7459060e+01   4.7423623e+01   4.9030603e+01   1.0440307e+01   1.2206556e+01   2.3323808e+01   3.4985711e+01   3.0149627e+01   1.6401219e+01   2.3000000e+01   2.0880613e+01   3.8288379e+01   4.3289722e+01   3.5227830e+01   5.2000000e+01   3.9357337e+01   4.8414874e+01   5.5569776e+01   5.4203321e+01   1.5297059e+01   3.2310989e+01   2.5495098e+01   9.4339811e+00   1.2206556e+01   1.2083046e+01   1.8439089e+01   2.4186773e+01   3.5805028e+01   4.5276926e+01   4.7434165e+01   4.1340053e+01   5.8668561e+01   3.2310989e+01   4.3324358e+01   2.7202941e+01   1.4142136e+01   2.5059928e+01   2.8635642e+01   1.8681542e+01   5.8309519e+00   9.0553851e+00   1.5652476e+01   2.4758837e+01   2.4041631e+01   4.2449971e+01   5.2611786e+01   6.3245553e+01   6.5795137e+01   5.7723479e+01   3.4176015e+01   3.0413813e+01   3.0066593e+01   3.9051248e+01   5.5542776e+01   1.2041595e+01   9.0000000e+00   1.1704700e+01   1.5231546e+01   2.8653098e+01   3.1622777e+01   4.3600459e+01   3.8013156e+01   2.9000000e+01   4.2059482e+01   3.6055513e+01   2.9000000e+01   2.7784888e+01   1.9646883e+01   3.1016125e+01   7.0710678e+00   3.6138622e+01   2.0124612e+01   5.0159745e+01   2.0099751e+01   1.3928388e+01   1.8384776e+01   1.3453624e+01   1.2206556e+01   1.6401219e+01   1.0770330e+01   1.6492423e+01   1.7492856e+01   1.7029386e+01   1.8000000e+01
   1.4560220e+01   3.4409301e+01   0.0000000e+00   2.5000000e+01   4.2720019e+01   3.3541020e+01   3.5355339e+01   4.5044423e+01   1.5000000e+01   2.9154759e+01   4.0311289e+01   1.1180340e+01   3.2015621e+01   5.3150729e+01   4.7169906e+01   5.1478151e+01   5.2201533e+01   3.5355339e+01   4.2720019e+01   2.2360680e+01   2.6925824e+01   3.6400549e+01   4.0000000e+01   1.4142136e+01   2.6925824e+01   1.8027756e+01   2.0615528e+01   1.6124515e+01   9.4868330e+00   2.1213203e+01   2.5000000e+01   3.1240999e+01   7.2801099e+00   1.4142136e+01   2.1540659e+01   5.5081757e+01   4.3011626e+01   6.4031242e+01   3.3376639e+01   2.5000000e+01   4.0162171e+01   4.5276926e+01   5.2801515e+01   5.3823787e+01   4.9497475e+01   5.3084838e+01   4.8270074e+01   4.2579338e+01   5.4129474e+01   8.2462113e+00   1.4317821e+01   2.8071338e+01   2.2803509e+01   1.6124515e+01   2.3409400e+01   3.3060551e+01   4.0224371e+01   2.6870058e+01   3.9962482e+01   3.9560081e+01   4.7853944e+01   3.3615473e+01   3.6878178e+01   5.1224994e+01   3.2756679e+01   2.8635642e+01   4.1761226e+01   6.0827625e+00   1.8110770e+01   2.1095023e+01   2.3086793e+01   3.0083218e+01   3.0083218e+01   3.3241540e+01   3.4525353e+01   6.7082039e+00   2.8284271e+00   9.2195445e+00   3.6055513e+00   8.0622577e+00   9.0000000e+00   4.0049969e+01   4.1773197e+01   4.6173586e+01   4.5276926e+01   5.7706152e+01   3.8183766e+01   2.9832868e+01   3.0675723e+01   3.2557641e+01   4.7707442e+01   4.0224371e+01   4.2544095e+01   3.4132096e+01   3.6619667e+01   3.7589892e+01   3.8418745e+01   4.3266615e+01   3.9824616e+01   4.5803930e+01   2.2360680e+01
   3.2202484e+01   2.0223748e+01   2.5000000e+01   0.0000000e+00   4.1231056e+01   3.1622777e+01   4.6097722e+01   5.0537115e+01   4.0000000e+01   4.7169906e+01   5.7008771e+01   1.5811388e+01   2.5495098e+01   4.1231056e+01   2.9154759e+01   4.5000000e+01   5.0990195e+01   4.0311289e+01   5.6568542e+01   4.6097722e+01   1.0000000e+01   1.4142136e+01   1.5000000e+01   1.8027756e+01   1.0000000e+01   1.4142136e+01   2.8284271e+01   2.2022716e+01   2.3769729e+01   4.2720019e+01   4.0000000e+01   5.2924474e+01   3.2062439e+01   3.6400549e+01   4.5705580e+01   6.6400301e+01   3.5000000e+01   5.2201533e+01   9.4339811e+00   1.5811388e+01   1.8384776e+01   3.2015621e+01   3.6235342e+01   4.4407207e+01   5.2201533e+01   5.9941638e+01   5.9203040e+01   5.2801515e+01   6.8593003e+01   2.8160256e+01   3.8470768e+01   3.6235342e+01   2.1095023e+01   9.2195445e+00   8.5440037e+00   8.2462113e+00   2.4351591e+01   1.9924859e+01   3.4234486e+01   4.0496913e+01   4.3185646e+01   4.9040799e+01   5.6435804e+01   6.9634761e+01   5.7428216e+01   5.3338541e+01   1.9209373e+01   1.9026298e+01   3.2449961e+01   4.0249224e+01   4.8041649e+01   8.9442719e+00   1.1401754e+01   1.1401754e+01   1.0816654e+01   2.2803509e+01   2.3086793e+01   3.2557641e+01   2.8071338e+01   1.7029386e+01   3.4000000e+01   4.8259714e+01   4.4384682e+01   4.5354162e+01   3.9051248e+01   5.1039201e+01   2.7073973e+01   4.3185646e+01   3.2649655e+01   5.2773099e+01   4.0012498e+01   3.3060551e+01   3.7215588e+01   2.9832868e+01   3.0265492e+01   3.3734256e+01   3.0016662e+01   3.6013886e+01   3.5510562e+01   3.7054015e+01   2.5000000e+01
   3.2202484e+01   2.3853721e+01   4.2720019e+01   4.1231056e+01   0.0000000e+00   1.0000000e+01   2.0615528e+01   1.3928388e+01   5.0000000e+01   3.3541020e+01   3.5355339e+01   3.5355339e+01   1.5811388e+01   2.0000000e+01   2.9154759e+01   1.1180340e+01   1.0000000e+01   1.1180340e+01   3.0000000e+01   4.6097722e+01   3.1622777e+01   3.6055513e+01   4.7169906e+01   5.0249378e+01   5.0990195e+01   3.0000000e+01   2.2360680e+01   2.6925824e+01   5.0447993e+01   3.9051248e+01   2.7202941e+01   4.3829214e+01   4.3908997e+01   5.5901699e+01   5.9405387e+01   3.2695565e+01   1.1180340e+01   2.6925824e+01   4.8466483e+01   2.5495098e+01   3.5468296e+01   2.0124612e+01   2.8160256e+01   1.6492423e+01   1.2041595e+01   2.2203603e+01   2.6925824e+01   2.2090722e+01   3.9051248e+01   3.6235342e+01   4.4045431e+01   1.7691806e+01   2.2022716e+01   4.2011903e+01   4.8507731e+01   4.2047592e+01   2.4758837e+01   2.1377558e+01   8.4852814e+00   4.4721360e+00   6.7082039e+00   2.9410882e+01   4.0804412e+01   4.7000000e+01   6.6468037e+01   5.4817880e+01   5.7697487e+01   4.1976184e+01   2.7802878e+01   3.4058773e+01   5.6639209e+01   3.4928498e+01   3.1780497e+01   3.5355339e+01   3.8948684e+01   3.6055513e+01   4.0162171e+01   5.0990195e+01   4.5694639e+01   4.1593269e+01   4.6647615e+01   1.7000000e+01   7.0710678e+00   4.1231056e+00   8.0622577e+00   1.6278821e+01   1.7691806e+01   2.4596748e+01   1.2083046e+01   4.0311289e+01   1.1000000e+01   1.0630146e+01   6.7082039e+00   1.1401754e+01   1.1661904e+01   7.6157731e+00   1.3453624e+01   9.8488578e+00   6.4031242e+00   1.2369317e+01   2.0615528e+01
   2.4839485e+01   1.6401219e+01   3.3541020e+01   3.1622777e+01   1.0000000e+01   0.0000000e+00   2.0615528e+01   1.9849433e+01   4.2426407e+01   3.0413813e+01   3.5355339e+01   2.5495098e+01   7.0710678e+00   2.2360680e+01   2.5495098e+01   1.8027756e+01   2.0000000e+01   1.1180340e+01   3.1622777e+01   4.0311289e+01   2.2360680e+01   2.8284271e+01   3.9051248e+01   4.0311289e+01   4.1231056e+01   2.0000000e+01   1.4142136e+01   1.7464249e+01   4.0804412e+01   3.3541020e+01   2.2803509e+01   4.0261644e+01   3.5608988e+01   4.7169906e+01   5.1662365e+01   3.7802116e+01   1.1180340e+01   3.2015621e+01   3.9357337e+01   1.5811388e+01   2.8600699e+01   1.8027756e+01   2.7073973e+01   2.1260292e+01   2.0615528e+01   2.9206164e+01   3.1064449e+01   2.5059928e+01   4.2485292e+01   2.7802878e+01   3.6878178e+01   1.3152946e+01   1.2041595e+01   3.2015621e+01   3.8639358e+01   3.3286634e+01   1.9313208e+01   1.1704700e+01   7.2111026e+00   8.9442719e+00   1.4317821e+01   2.8017851e+01   3.9051248e+01   4.8052055e+01   5.9816386e+01   4.9244289e+01   4.8877398e+01   3.2280025e+01   2.0808652e+01   2.8635642e+01   4.9678969e+01   2.6076810e+01   2.3021729e+01   2.7018512e+01   3.0610456e+01   2.6832816e+01   3.0870698e+01   4.2190046e+01   3.6715120e+01   3.1780497e+01   3.8418745e+01   1.9723083e+01   1.3038405e+01   1.4035669e+01   1.2041595e+01   2.4186773e+01   1.2369317e+01   2.2022716e+01   5.0990195e+00   3.7483330e+01   1.4866069e+01   8.5440037e+00   9.2195445e+00   3.1622777e+00   6.0000000e+00   4.2426407e+00   9.0000000e+00   1.0816654e+01   6.4031242e+00   1.3892444e+01   1.1180340e+01
   2.1023796e+01   3.6249138e+01   3.5355339e+01   4.6097722e+01   2.0615528e+01   2.0615528e+01   0.0000000e+00   1.2206556e+01   3.6400549e+01   1.4142136e+01   1.5000000e+01   3.3541020e+01   2.6925824e+01   4.0311289e+01   4.6097722e+01   3.1622777e+01   2.5000000e+01   1.0000000e+01   1.1180340e+01   2.9154759e+01   3.9051248e+01   4.7169906e+01   5.7008771e+01   4.7434165e+01   5.4083269e+01   3.2015621e+01   1.8027756e+01   2.4698178e+01   4.4721360e+01   2.2360680e+01   1.1180340e+01   2.4207437e+01   3.3060551e+01   4.5276926e+01   4.5541190e+01   2.0591260e+01   3.0000000e+01   4.7434165e+01   5.5172457e+01   3.2015621e+01   4.8301139e+01   3.8209946e+01   4.7095647e+01   3.7107951e+01   1.8439089e+01   1.8110770e+01   1.3416408e+01   7.2801099e+00   2.2803509e+01   2.7166155e+01   3.0083218e+01   9.8994949e+00   2.5495098e+01   4.2544095e+01   5.0774009e+01   5.0328918e+01   3.9849718e+01   2.8844410e+01   2.6019224e+01   1.6278821e+01   2.7202941e+01   8.9442719e+00   2.0248457e+01   2.7459060e+01   4.9929951e+01   3.7013511e+01   6.5069194e+01   3.7643060e+01   1.7262677e+01   1.8027756e+01   4.1146081e+01   4.3416587e+01   4.0804412e+01   4.5221676e+01   4.8600412e+01   3.0083218e+01   3.3734256e+01   4.1048752e+01   3.7054015e+01   3.8275318e+01   3.5227830e+01   5.8309519e+00   1.4317821e+01   2.1023796e+01   2.8284271e+01   3.5777088e+01   3.2984845e+01   6.3245553e+00   1.6155494e+01   2.0248457e+01   3.1400637e+01   2.8071338e+01   2.6076810e+01   2.3769729e+01   2.6476405e+01   2.3086793e+01   2.9427878e+01   2.9017236e+01   2.4000000e+01   3.2062439e+01   2.1213203e+01
   3.1575307e+01   3.6069378e+01   4.5044423e+01   5.0537115e+01   1.3928388e+01   1.9849433e+01   1.2206556e+01   0.0000000e+00   4.8104054e+01   2.6248809e+01   2.4166092e+01   4.0792156e+01   2.6907248e+01   3.3376639e+01   4.2941821e+01   2.3000000e+01   1.3928388e+01   1.0440307e+01   1.7720045e+01   4.1340053e+01   4.1880783e+01   4.8104054e+01   5.8898217e+01   5.5578773e+01   5.9615434e+01   3.7336309e+01   2.5179357e+01   3.1575307e+01   5.4009258e+01   3.4481879e+01   2.2847319e+01   3.6069378e+01   4.3931765e+01   5.6293872e+01   5.7384667e+01   1.8788294e+01   2.5079872e+01   3.8327536e+01   5.8830264e+01   3.4985711e+01   4.8166378e+01   3.4014703e+01   4.2059482e+01   2.9017236e+01   6.4031242e+00   9.4339811e+00   1.3152946e+01   9.4868330e+00   2.5317978e+01   3.7215588e+01   4.1785165e+01   1.7000000e+01   2.9546573e+01   4.9040799e+01   5.6648036e+01   5.3009433e+01   3.8013156e+01   3.1064449e+01   2.1954498e+01   1.1401754e+01   1.9104973e+01   2.0518285e+01   3.1064449e+01   3.4365681e+01   6.2128898e+01   4.9203658e+01   6.8505474e+01   4.6173586e+01   2.7294688e+01   2.9966648e+01   5.3235327e+01   4.5803930e+01   4.2801869e+01   4.6861498e+01   5.0447993e+01   3.9012818e+01   4.3000000e+01   5.1788030e+01   4.7265209e+01   4.6389654e+01   4.6324939e+01   6.4031242e+00   7.2111026e+00   1.2041595e+01   2.1840330e+01   2.5709920e+01   3.0805844e+01   1.8357560e+01   1.7888544e+01   3.1890437e+01   2.4515301e+01   2.4186773e+01   2.0615528e+01   2.2627417e+01   2.4207437e+01   2.0000000e+01   2.6627054e+01   2.3769729e+01   1.9723083e+01   2.6248809e+01   2.6248809e+01
   1.7804494e+01   4.7423623e+01   1.5000000e+01   4.0000000e+01   5.0000000e+01   4.2426407e+01   3.6400549e+01   4.8104054e+01   0.0000000e+00   2.5000000e+01   3.5355339e+01   2.5495098e+01   4.3011626e+01   6.4031242e+01   6.0415230e+01   6.0207973e+01   5.8309519e+01   4.0311289e+01   4.0000000e+01   1.1180340e+01   4.1231056e+01   5.0990195e+01   5.5000000e+01   2.6925824e+01   4.1231056e+01   3.1622777e+01   2.8284271e+01   2.6925824e+01   2.0124612e+01   1.5000000e+01   2.5298221e+01   2.1931712e+01   8.2462113e+00   1.1180340e+01   9.4339811e+00   5.3000000e+01   5.3150729e+01   7.4330344e+01   4.8259714e+01   3.8078866e+01   5.4571055e+01   5.7140179e+01   6.5368188e+01   6.3655322e+01   5.3712196e+01   5.4341513e+01   4.7169906e+01   4.2755117e+01   4.9648766e+01   1.5264338e+01   6.3245553e+00   3.2756679e+01   3.4132096e+01   3.1064449e+01   3.7854986e+01   4.8041649e+01   5.3225934e+01   3.8948684e+01   4.9517674e+01   4.6043458e+01   5.6080300e+01   3.1064449e+01   2.9410882e+01   4.3462628e+01   1.8384776e+01   1.4317821e+01   5.6293872e+01   2.1023796e+01   2.2203603e+01   1.8439089e+01   8.2462113e+00   4.4721360e+01   4.4384682e+01   4.7853944e+01   4.9365980e+01   1.8973666e+01   1.7117243e+01   1.0000000e+01   1.2165525e+01   2.3021729e+01   6.0000000e+00   4.2059482e+01   4.7010637e+01   5.2697249e+01   5.4451814e+01   6.6068147e+01   4.9929951e+01   3.0083218e+01   3.8288379e+01   2.5000000e+01   5.7280014e+01   5.0328918e+01   5.1623638e+01   4.3931765e+01   4.6861498e+01   4.6669048e+01   4.9203658e+01   5.3075418e+01   4.8795492e+01   5.5973208e+01   3.2015621e+01
   1.5556349e+01   4.3289722e+01   2.9154759e+01   4.7169906e+01   3.3541020e+01   3.0413813e+01   1.4142136e+01   2.6248809e+01   2.5000000e+01   0.0000000e+00   1.1180340e+01   3.2015621e+01   3.5000000e+01   5.2201533e+01   5.5000000e+01   4.4721360e+01   3.9051248e+01   2.2360680e+01   1.5000000e+01   1.5811388e+01   4.2720019e+01   5.2201533e+01   6.0415230e+01   4.3011626e+01   5.3150729e+01   3.3541020e+01   2.0615528e+01   2.5495098e+01   3.8470768e+01   1.0000000e+01   8.0622577e+00   1.0295630e+01   2.4351591e+01   3.5355339e+01   3.3376639e+01   2.8000000e+01   4.1231056e+01   6.0415230e+01   5.6603887e+01   3.6400549e+01   5.4341513e+01   4.8373546e+01   5.7428216e+01   4.9769469e+01   3.2557641e+01   3.0463092e+01   2.2360680e+01   1.8788294e+01   2.5298221e+01   2.1400935e+01   1.9104973e+01   1.7262677e+01   2.9832868e+01   4.1109610e+01   4.9578221e+01   5.3225934e+01   4.8041649e+01   3.4525353e+01   3.7107951e+01   2.9068884e+01   4.0249224e+01   6.3245553e+00   9.4868330e+00   2.2671568e+01   3.6235342e+01   2.3021729e+01   6.6287254e+01   3.3421550e+01   1.4764823e+01   8.0622577e+00   2.8160256e+01   4.7169906e+01   4.5221676e+01   4.9648766e+01   5.2554733e+01   2.6172505e+01   2.8600699e+01   3.2015621e+01   2.9546573e+01   3.4713110e+01   2.5709920e+01   1.9849433e+01   2.8017851e+01   3.4669872e+01   4.0496913e+01   4.9396356e+01   4.2047592e+01   8.9442719e+00   2.5317978e+01   7.0710678e+00   4.3657760e+01   3.8832976e+01   3.7947332e+01   3.3241540e+01   3.6345564e+01   3.3955854e+01   3.9319207e+01   4.0521599e+01   3.5440090e+01   4.3680659e+01   2.5495098e+01
   2.6400758e+01   5.0289164e+01   4.0311289e+01   5.7008771e+01   3.5355339e+01   3.5355339e+01   1.5000000e+01   2.4166092e+01   3.5355339e+01   1.1180340e+01   0.0000000e+00   4.2426407e+01   4.1231056e+01   5.5226805e+01   6.0827625e+01   4.6097722e+01   3.8078866e+01   2.5000000e+01   7.0710678e+00   2.5000000e+01   5.1478151e+01   6.0415230e+01   6.9462220e+01   5.4083269e+01   6.3639610e+01   4.3011626e+01   2.9154759e+01   3.5000000e+01   4.9648766e+01   2.0615528e+01   1.7029386e+01   1.5524175e+01   3.5468296e+01   4.6097722e+01   4.3000000e+01   1.8681542e+01   4.5000000e+01   6.1846584e+01   6.6400301e+01   4.4721360e+01   6.2032250e+01   5.3150729e+01   6.2072538e+01   5.1788030e+01   3.0413813e+01   2.4758837e+01   1.5000000e+01   1.4764823e+01   1.4317821e+01   3.2449961e+01   2.9832868e+01   2.3086793e+01   3.8013156e+01   5.1623638e+01   6.0108236e+01   6.2433965e+01   5.4341513e+01   4.2154478e+01   4.1012193e+01   3.1144823e+01   4.1773197e+01   8.0622577e+00   8.0622577e+00   1.3000000e+01   4.3680659e+01   3.0083218e+01   7.6216796e+01   4.4407207e+01   2.4758837e+01   1.9235384e+01   3.7121422e+01   5.5946403e+01   5.3665631e+01   5.8137767e+01   6.1294372e+01   3.7013511e+01   3.9661064e+01   4.3011626e+01   4.0718546e+01   4.5607017e+01   3.6687873e+01   1.8681542e+01   2.8635642e+01   3.5171011e+01   4.3185646e+01   4.9648766e+01   4.7675990e+01   1.4317821e+01   3.0594117e+01   1.1180340e+01   4.6270941e+01   4.3046487e+01   4.1048752e+01   3.8470768e+01   4.1303753e+01   3.8052595e+01   4.4283180e+01   4.4011362e+01   3.9000000e+01   4.7042534e+01   3.3541020e+01
   1.6643317e+01   2.3430749e+01   1.1180340e+01   1.5811388e+01   3.5355339e+01   2.5495098e+01   3.3541020e+01   4.0792156e+01   2.5495098e+01   3.2015621e+01   4.2426407e+01   0.0000000e+00   2.2360680e+01   4.3011626e+01   3.6055513e+01   4.2720019e+01   4.5276926e+01   3.0413813e+01   4.3011626e+01   3.0413813e+01   1.5811388e+01   2.5495098e+01   3.0413813e+01   1.5000000e+01   2.1213203e+01   7.0710678e+00   1.5811388e+01   9.2195445e+00   1.5652476e+01   2.6925824e+01   2.5495098e+01   3.7161808e+01   1.7262677e+01   2.5000000e+01   3.2695565e+01   5.4120237e+01   3.3541020e+01   5.4083269e+01   2.5079872e+01   1.4142136e+01   2.9120440e+01   3.4713110e+01   4.1868843e+01   4.4294469e+01   4.4102154e+01   4.9729267e+01   4.6957428e+01   4.0718546e+01   5.5000000e+01   1.2369317e+01   2.3021729e+01   2.4351591e+01   1.3601471e+01   9.2195445e+00   1.7691806e+01   2.3194827e+01   2.9206164e+01   1.6643317e+01   3.1016125e+01   3.3015148e+01   3.9560081e+01   3.4713110e+01   4.1048752e+01   5.4671748e+01   4.3680659e+01   3.8013156e+01   3.4481879e+01   7.2111026e+00   1.7691806e+01   2.4698178e+01   3.3734256e+01   1.9235384e+01   1.8973666e+01   2.2360680e+01   2.4020824e+01   7.0710678e+00   8.5440037e+00   2.0248457e+01   1.4764823e+01   6.3245553e+00   1.9646883e+01   3.7000000e+01   3.6055513e+01   3.9204592e+01   3.6400549e+01   4.9040799e+01   2.7802878e+01   2.9410882e+01   2.4000000e+01   3.7215588e+01   3.8483763e+01   3.0870698e+01   3.3837849e+01   2.5298221e+01   2.7313001e+01   2.9120440e+01   2.8653098e+01   3.4014703e+01   3.1320920e+01   3.6235342e+01   1.5000000e+01
   2.6400758e+01   9.4339811e+00   3.2015621e+01   2.5495098e+01   1.5811388e+01   7.0710678e+00   2.6925824e+01   2.6907248e+01   4.3011626e+01   3.5000000e+01   4.1231056e+01   2.2360680e+01   0.0000000e+00   2.1213203e+01   2.0000000e+01   2.0615528e+01   2.5495098e+01   1.8027756e+01   3.8078866e+01   4.2720019e+01   1.5811388e+01   2.1213203e+01   3.2015621e+01   3.6400549e+01   3.5355339e+01   1.5811388e+01   1.5811388e+01   1.6278821e+01   3.8013156e+01   3.6400549e+01   2.7018512e+01   4.4283180e+01   3.5468296e+01   4.6097722e+01   5.1855569e+01   4.4821870e+01   1.1180340e+01   3.2015621e+01   3.2695565e+01   1.0000000e+01   2.1633308e+01   1.4317821e+01   2.3086793e+01   2.1954498e+01   2.7294688e+01   3.6235342e+01   3.8013156e+01   3.1906112e+01   4.9244289e+01   2.7802878e+01   3.8078866e+01   1.8248288e+01   9.2195445e+00   2.7294688e+01   3.3060551e+01   2.6419690e+01   1.3152946e+01   6.0827625e+00   9.0553851e+00   1.5811388e+01   1.8027756e+01   3.3541020e+01   4.4102154e+01   5.4120237e+01   6.1057350e+01   5.1623638e+01   4.2059482e+01   2.9529646e+01   2.3086793e+01   3.1780497e+01   5.0774009e+01   1.9235384e+01   1.6124515e+01   2.0000000e+01   2.3600847e+01   2.5495098e+01   2.9206164e+01   4.1109610e+01   3.5468296e+01   2.8635642e+01   3.8288379e+01   2.6627054e+01   2.0000000e+01   1.9924859e+01   1.4317821e+01   2.6925824e+01   7.2801099e+00   2.7294688e+01   1.0770330e+01   4.2011903e+01   1.6155494e+01   8.5440037e+00   1.2041595e+01   4.4721360e+00   5.0990195e+00   8.2462113e+00   6.4031242e+00   1.1704700e+01   1.0049876e+01   1.3892444e+01   1.1180340e+01
   4.6872167e+01   2.1189620e+01   5.3150729e+01   4.1231056e+01   2.0000000e+01   2.2360680e+01   4.0311289e+01   3.3376639e+01   6.4031242e+01   5.2201533e+01   5.5226805e+01   4.3011626e+01   2.1213203e+01   0.0000000e+00   1.5811388e+01   1.1180340e+01   2.2360680e+01   3.0413813e+01   5.0000000e+01   6.2649820e+01   3.1622777e+01   3.0000000e+01   4.0311289e+01   5.5901699e+01   5.0990195e+01   3.6055513e+01   3.6055513e+01   3.7483330e+01   5.8523500e+01   5.5901699e+01   4.4944410e+01   6.2297673e+01   5.6639209e+01   6.7268120e+01   7.3000000e+01   5.1662365e+01   1.1180340e+01   1.1180340e+01   4.5044423e+01   2.9154759e+01   2.7166155e+01   9.2195445e+00   1.0630146e+01   5.6568542e+00   2.9410882e+01   4.0162171e+01   4.6529560e+01   4.2047592e+01   5.8694122e+01   4.8918299e+01   5.8821765e+01   3.5114100e+01   3.0413813e+01   4.6097722e+01   4.9729267e+01   3.8052595e+01   1.7117243e+01   2.6400758e+01   1.5231546e+01   2.4083189e+01   1.4317821e+01   4.8836462e+01   6.0207973e+01   6.7000000e+01   8.1841310e+01   7.1589105e+01   5.2239832e+01   5.0219518e+01   4.3046487e+01   5.0990195e+01   7.1610055e+01   3.2557641e+01   2.9832868e+01   3.1144823e+01   3.4014703e+01   4.6690470e+01   5.0328918e+01   6.2289646e+01   5.6639209e+01   4.9091751e+01   5.9464275e+01   3.7000000e+01   2.7018512e+01   2.1377558e+01   1.2041595e+01   1.3601471e+01   1.5264338e+01   4.3416587e+01   2.7313001e+01   5.9203040e+01   9.0000000e+00   1.3892444e+01   1.4317821e+01   2.0248457e+01   1.7204651e+01   1.8384776e+01   1.4866069e+01   1.1704700e+01   1.6763055e+01   8.5440037e+00   3.2015621e+01
   4.5354162e+01   1.3000000e+01   4.7169906e+01   2.9154759e+01   2.9154759e+01   2.5495098e+01   4.6097722e+01   4.2941821e+01   6.0415230e+01   5.5000000e+01   6.0827625e+01   3.6055513e+01   2.0000000e+01   1.5811388e+01   0.0000000e+00   2.5000000e+01   3.5355339e+01   3.6400549e+01   5.7008771e+01   6.1846584e+01   2.1213203e+01   1.5811388e+01   2.5000000e+01   4.6097722e+01   3.8078866e+01   2.9154759e+01   3.5355339e+01   3.3837849e+01   5.0249378e+01   5.5901699e+01   4.7010637e+01   6.4195015e+01   5.2325902e+01   6.1032778e+01   6.8476273e+01   6.1717096e+01   1.8027756e+01   2.5000000e+01   3.0805844e+01   2.2360680e+01   1.2165525e+01   9.2195445e+00   7.2801099e+00   2.1023796e+01   4.0804412e+01   5.1312766e+01   5.5542776e+01   4.9979996e+01   6.7416615e+01   4.5310043e+01   5.6302753e+01   3.8118237e+01   2.6925824e+01   3.6124784e+01   3.7589892e+01   2.4041631e+01   7.2801099e+00   2.1840330e+01   2.1023796e+01   3.1780497e+01   2.6172505e+01   5.3338541e+01   6.4070274e+01   7.3545904e+01   7.8790862e+01   7.0604532e+01   3.7000000e+01   4.2801869e+01   4.2579338e+01   5.1478151e+01   6.8541958e+01   2.0248457e+01   1.8439089e+01   1.7888544e+01   1.9924859e+01   4.1593269e+01   4.4418465e+01   5.6302753e+01   5.0774009e+01   4.1231056e+01   5.5009090e+01   4.4598206e+01   3.5777088e+01   3.2202484e+01   2.2022716e+01   2.9068884e+01   1.3152946e+01   4.7169906e+01   3.0265492e+01   6.2008064e+01   2.0518285e+01   1.8788294e+01   2.2472205e+01   2.2360680e+01   1.9646883e+01   2.3409400e+01   1.6763055e+01   1.9416488e+01   2.3259407e+01   1.7691806e+01   3.0413813e+01
   4.2449971e+01   2.5179357e+01   5.1478151e+01   4.5000000e+01   1.1180340e+01   1.8027756e+01   3.1622777e+01   2.3000000e+01   6.0207973e+01   4.4721360e+01   4.6097722e+01   4.2720019e+01   2.0615528e+01   1.1180340e+01   2.5000000e+01   0.0000000e+00   1.1180340e+01   2.2360680e+01   4.0311289e+01   5.7008771e+01   3.5000000e+01   3.6400549e+01   4.7434165e+01   5.7008771e+01   5.5000000e+01   3.6400549e+01   3.2015621e+01   3.5355339e+01   5.8309519e+01   5.0000000e+01   3.8275318e+01   5.5009090e+01   5.3600373e+01   6.5192024e+01   6.9526973e+01   4.0792156e+01   1.0000000e+01   1.5811388e+01   5.0635956e+01   3.0413813e+01   3.4539832e+01   1.6124515e+01   2.1400935e+01   6.0827625e+00   1.8439089e+01   2.9120440e+01   3.6055513e+01   3.2140317e+01   4.8166378e+01   4.5803930e+01   5.4451814e+01   2.8600699e+01   2.9154759e+01   4.7853944e+01   5.3084838e+01   4.3737855e+01   2.3409400e+01   2.6683328e+01   1.1704700e+01   1.5652476e+01   4.4721360e+00   4.0496913e+01   5.1865210e+01   5.7218878e+01   7.7155687e+01   6.5802736e+01   5.8940648e+01   4.9769469e+01   3.8183766e+01   4.5000000e+01   6.7178866e+01   3.7215588e+01   3.4132096e+01   3.6674242e+01   4.0024992e+01   4.4777226e+01   4.8764741e+01   6.0207973e+01   5.4708317e+01   4.9040799e+01   5.6400355e+01   2.7459060e+01   1.7464249e+01   1.1045361e+01   6.3245553e+00   6.3245553e+00   1.8110770e+01   3.5777088e+01   2.1931712e+01   5.1478151e+01   5.0990195e+00   1.2165525e+01   8.9442719e+00   1.7464249e+01   1.5524175e+01   1.3892444e+01   1.5033296e+01   9.0553851e+00   1.1661904e+01   8.2462113e+00   2.9154759e+01
   4.0706265e+01   3.2695565e+01   5.2201533e+01   5.0990195e+01   1.0000000e+01   2.0000000e+01   2.5000000e+01   1.3928388e+01   5.8309519e+01   3.9051248e+01   3.8078866e+01   4.5276926e+01   2.5495098e+01   2.2360680e+01   3.5355339e+01   1.1180340e+01   0.0000000e+00   1.8027756e+01   3.1622777e+01   5.3150729e+01   4.1231056e+01   4.4721360e+01   5.5901699e+01   6.0207973e+01   6.0827625e+01   4.0000000e+01   3.1622777e+01   3.6674242e+01   6.0207973e+01   4.6097722e+01   3.4058773e+01   4.9203658e+01   5.2801515e+01   6.5000000e+01   6.7742158e+01   3.0149627e+01   1.8027756e+01   2.5000000e+01   5.7870545e+01   3.5355339e+01   4.3566042e+01   2.6172505e+01   3.2449961e+01   1.7088007e+01   8.0622577e+00   1.8248288e+01   2.6172505e+01   2.3409400e+01   3.8013156e+01   4.5310043e+01   5.2153619e+01   2.5553865e+01   3.2015621e+01   5.2009614e+01   5.8420887e+01   5.1264022e+01   3.2449961e+01   3.1256999e+01   1.7088007e+01   1.2649111e+01   9.2195445e+00   3.3837849e+01   4.4777226e+01   4.8052055e+01   7.3878278e+01   6.1522354e+01   6.6850580e+01   5.1788030e+01   3.6235342e+01   4.1231056e+01   6.4404969e+01   4.4271887e+01   4.1109610e+01   4.4384682e+01   4.7927028e+01   4.5607017e+01   4.9729267e+01   6.0166436e+01   5.5027266e+01   5.1478151e+01   5.5461698e+01   1.9723083e+01   1.1401754e+01   6.0827625e+00   1.3601471e+01   1.2041595e+01   2.5942244e+01   3.0413813e+01   2.1587033e+01   4.5221676e+01   1.4866069e+01   1.8788294e+01   1.4317821e+01   2.1213203e+01   2.0880613e+01   1.7262677e+01   2.1931712e+01   1.6643317e+01   1.5524175e+01   1.7691806e+01   3.0413813e+01
   2.2847319e+01   2.7459060e+01   3.5355339e+01   4.0311289e+01   1.1180340e+01   1.1180340e+01   1.0000000e+01   1.0440307e+01   4.0311289e+01   2.2360680e+01   2.5000000e+01   3.0413813e+01   1.8027756e+01   3.0413813e+01   3.6400549e+01   2.2360680e+01   1.8027756e+01   0.0000000e+00   2.0615528e+01   3.5355339e+01   3.2015621e+01   3.9051248e+01   4.9497475e+01   4.5276926e+01   4.9244289e+01   2.6925824e+01   1.5000000e+01   2.1213203e+01   4.4045431e+01   2.8284271e+01   1.6278821e+01   3.2649655e+01   3.5114100e+01   4.7434165e+01   4.9739320e+01   2.6907248e+01   2.0000000e+01   3.8078866e+01   4.8826222e+01   2.5000000e+01   3.9661064e+01   2.8284271e+01   3.7121422e+01   2.7513633e+01   1.4142136e+01   1.9697716e+01   2.0000000e+01   1.3892444e+01   3.1304952e+01   2.7892651e+01   3.4132096e+01   7.6157731e+00   1.9235384e+01   3.8600518e+01   4.6238512e+01   4.3278170e+01   3.0463092e+01   2.1260292e+01   1.6031220e+01   6.7082039e+00   1.7888544e+01   1.8439089e+01   2.9832868e+01   3.7336309e+01   5.5973208e+01   4.3931765e+01   5.8600341e+01   3.6013886e+01   1.8384776e+01   2.3345235e+01   4.6400431e+01   3.6124784e+01   3.3241540e+01   3.7483330e+01   4.1012193e+01   2.9068884e+01   3.3136083e+01   4.2720019e+01   3.7854986e+01   3.6124784e+01   3.7696154e+01   8.6023253e+00   6.7082039e+00   1.2727922e+01   1.8439089e+01   2.7202941e+01   2.3409400e+01   1.3416408e+01   7.8102497e+00   2.9154759e+01   2.1587033e+01   1.8110770e+01   1.6124515e+01   1.4317821e+01   1.6763055e+01   1.3152946e+01   1.9646883e+01   1.9026298e+01   1.4000000e+01   2.2090722e+01   1.5811388e+01
   2.8231188e+01   4.7423623e+01   4.2720019e+01   5.6568542e+01   3.0000000e+01   3.1622777e+01   1.1180340e+01   1.7720045e+01   4.0000000e+01   1.5000000e+01   7.0710678e+00   4.3011626e+01   3.8078866e+01   5.0000000e+01   5.7008771e+01   4.0311289e+01   3.1622777e+01   2.0615528e+01   0.0000000e+00   3.0413813e+01   5.0000000e+01   5.8309519e+01   6.8007353e+01   5.5901699e+01   6.4031242e+01   4.2426407e+01   2.8284271e+01   3.4713110e+01   5.2201533e+01   2.5000000e+01   1.7888544e+01   2.1931712e+01   3.8832976e+01   5.0249378e+01   4.8259714e+01   1.3000000e+01   4.0311289e+01   5.5901699e+01   6.5795137e+01   4.3011626e+01   5.9481089e+01   4.8836462e+01   5.7558666e+01   4.6173586e+01   2.3769729e+01   1.7691806e+01   8.0622577e+00   8.2462113e+00   1.2041595e+01   3.4539832e+01   3.4058773e+01   2.0808652e+01   3.6400549e+01   5.2201533e+01   6.0605280e+01   6.1220911e+01   5.0921508e+01   3.9962482e+01   3.6496575e+01   2.6076810e+01   3.6124784e+01   9.2195445e+00   1.5000000e+01   1.7000000e+01   4.9979996e+01   3.6400549e+01   7.5690158e+01   4.6065171e+01   2.5553865e+01   2.2360680e+01   4.2755117e+01   5.4405882e+01   5.1865210e+01   5.6302753e+01   5.9640590e+01   3.8470768e+01   4.1629317e+01   4.6690470e+01   4.3680659e+01   4.7010637e+01   4.0447497e+01   1.3000000e+01   2.3021729e+01   2.9274562e+01   3.8013156e+01   4.3416587e+01   4.3965896e+01   1.3601471e+01   2.7313001e+01   1.7464249e+01   4.1000000e+01   3.8639358e+01   3.6124784e+01   3.4785054e+01   3.7363083e+01   3.3734256e+01   4.0261644e+01   3.9204592e+01   3.4365681e+01   4.2107007e+01   3.2015621e+01
   1.6492423e+01   4.9030603e+01   2.2360680e+01   4.6097722e+01   4.6097722e+01   4.0311289e+01   2.9154759e+01   4.1340053e+01   1.1180340e+01   1.5811388e+01   2.5000000e+01   3.0413813e+01   4.2720019e+01   6.2649820e+01   6.1846584e+01   5.7008771e+01   5.3150729e+01   3.5355339e+01   3.0413813e+01   0.0000000e+00   4.5000000e+01   5.5000000e+01   6.0827625e+01   3.6055513e+01   4.9244289e+01   3.5000000e+01   2.6925824e+01   2.8284271e+01   2.9832868e+01   7.0710678e+00   1.9104973e+01   1.0770330e+01   1.5264338e+01   2.2360680e+01   1.8000000e+01   4.3289722e+01   5.1478151e+01   7.2111026e+01   5.5081757e+01   4.0311289e+01   5.8077534e+01   5.7008771e+01   6.5787537e+01   6.1294372e+01   4.7434165e+01   4.6238512e+01   3.8078866e+01   3.4539832e+01   3.9115214e+01   1.8110770e+01   8.0622577e+00   2.8425341e+01   3.4928498e+01   3.7947332e+01   4.5694639e+01   5.3600373e+01   5.4571055e+01   4.0024992e+01   4.7507894e+01   4.1773197e+01   5.2630789e+01   2.2135944e+01   1.8439089e+01   3.2310989e+01   2.0808652e+01   8.9442719e+00   6.3906181e+01   2.8231188e+01   1.9697716e+01   1.2041595e+01   1.2369317e+01   4.9040799e+01   4.8010416e+01   5.2009614e+01   5.4147945e+01   2.3345235e+01   2.3409400e+01   2.0615528e+01   2.0808652e+01   3.0083218e+01   1.4866069e+01   3.4985711e+01   4.1773197e+01   4.8083261e+01   5.1865210e+01   6.2369865e+01   4.9979996e+01   2.3021729e+01   3.5510562e+01   1.4142136e+01   5.4918121e+01   4.8764741e+01   4.9091751e+01   4.2485292e+01   4.5617979e+01   4.4418465e+01   4.8332184e+01   5.1107729e+01   4.6324939e+01   5.4203321e+01   3.1622777e+01
   2.9274562e+01   1.0440307e+01   2.6925824e+01   1.0000000e+01   3.1622777e+01   2.2360680e+01   3.9051248e+01   4.1880783e+01   4.1231056e+01   4.2720019e+01   5.1478151e+01   1.5811388e+01   1.5811388e+01   3.1622777e+01   2.1213203e+01   3.5000000e+01   4.1231056e+01   3.2015621e+01   5.0000000e+01   4.5000000e+01   0.0000000e+00   1.0000000e+01   1.8027756e+01   2.5000000e+01   2.0000000e+01   1.0000000e+01   2.2360680e+01   1.7464249e+01   2.9068884e+01   4.0311289e+01   3.4928498e+01   5.0009999e+01   3.2984845e+01   4.0311289e+01   4.8466483e+01   5.8728187e+01   2.5000000e+01   4.2720019e+01   1.7000000e+01   7.0710678e+00   1.3341664e+01   2.2472205e+01   2.7802878e+01   3.4525353e+01   4.2953463e+01   5.1312766e+01   5.1623638e+01   4.5254834e+01   6.1846584e+01   2.7073973e+01   3.8209946e+01   2.9206164e+01   1.3601471e+01   1.5000000e+01   1.8248288e+01   1.1313708e+01   1.5264338e+01   1.0816654e+01   2.4331050e+01   3.1304952e+01   3.3241540e+01   4.3416587e+01   5.2201533e+01   6.4412732e+01   5.9481089e+01   5.3150729e+01   2.6627054e+01   2.1954498e+01   2.8160256e+01   3.6878178e+01   4.9477268e+01   4.4721360e+00   3.1622777e+00   7.0710678e+00   9.8488578e+00   2.2360680e+01   2.4351591e+01   3.5777088e+01   3.0463092e+01   2.0248457e+01   3.5440090e+01   4.0360872e+01   3.5355339e+01   3.5735137e+01   2.9068884e+01   4.1048752e+01   1.7117243e+01   3.7215588e+01   2.4207437e+01   4.9040799e+01   3.0016662e+01   2.3086793e+01   2.7294688e+01   2.0248457e+01   2.0396078e+01   2.4041631e+01   2.0024984e+01   2.6019224e+01   2.5709920e+01   2.7073973e+01   1.8027756e+01
   3.9204592e+01   1.2206556e+01   3.6400549e+01   1.4142136e+01   3.6055513e+01   2.8284271e+01   4.7169906e+01   4.8104054e+01   5.0990195e+01   5.2201533e+01   6.0415230e+01   2.5495098e+01   2.1213203e+01   3.0000000e+01   1.5811388e+01   3.6400549e+01   4.4721360e+01   3.9051248e+01   5.8309519e+01   5.5000000e+01   1.0000000e+01   0.0000000e+00   1.1180340e+01   3.2015621e+01   2.2360680e+01   2.0000000e+01   3.1622777e+01   2.7294688e+01   3.7215588e+01   5.0249378e+01   4.4271887e+01   5.9841457e+01   4.2755117e+01   4.9244289e+01   5.7870545e+01   6.5946948e+01   2.6925824e+01   4.0311289e+01   1.5132746e+01   1.5811388e+01   4.2426407e+00   2.1095023e+01   2.3086793e+01   3.4234486e+01   4.8010416e+01   5.7384667e+01   5.9033889e+01   5.2801515e+01   6.9892775e+01   3.7054015e+01   4.8166378e+01   3.7589892e+01   2.2472205e+01   2.2472205e+01   2.2203603e+01   8.2462113e+00   1.3152946e+01   1.8357560e+01   2.7784888e+01   3.6878178e+01   3.5846897e+01   5.2392748e+01   6.1684682e+01   7.3409809e+01   6.9123079e+01   6.3126856e+01   2.2561028e+01   3.1016125e+01   3.7854986e+01   4.6690470e+01   5.9228372e+01   6.3245553e+00   7.0710678e+00   3.1622777e+00   4.1231056e+00   3.2249031e+01   3.3955854e+01   4.4944410e+01   3.9849718e+01   2.9154759e+01   4.5122057e+01   4.7634021e+01   4.1109610e+01   3.9962482e+01   3.1384710e+01   4.1773197e+01   1.8788294e+01   4.6097722e+01   3.1400637e+01   5.8694122e+01   3.1320920e+01   2.5942244e+01   3.0413813e+01   2.5495098e+01   2.4413111e+01   2.8600699e+01   2.2825424e+01   2.8231188e+01   2.9681644e+01   2.8160256e+01   2.6925824e+01
   4.6173586e+01   2.3323808e+01   4.0000000e+01   1.5000000e+01   4.7169906e+01   3.9051248e+01   5.7008771e+01   5.8898217e+01   5.5000000e+01   6.0415230e+01   6.9462220e+01   3.0413813e+01   3.2015621e+01   4.0311289e+01   2.5000000e+01   4.7434165e+01   5.5901699e+01   4.9497475e+01   6.8007353e+01   6.0827625e+01   1.8027756e+01   1.1180340e+01   0.0000000e+00   3.1622777e+01   1.8027756e+01   2.6925824e+01   4.0311289e+01   3.4928498e+01   3.8078866e+01   5.7008771e+01   5.2773099e+01   6.7052218e+01   4.7042534e+01   5.0990195e+01   6.0530984e+01   7.6380626e+01   3.8078866e+01   5.0000000e+01   8.6023253e+00   2.5000000e+01   1.3152946e+01   3.1780497e+01   3.2062439e+01   4.4911023e+01   5.9076222e+01   6.8249542e+01   6.9354164e+01   6.3031738e+01   7.9812280e+01   4.2755117e+01   5.3338541e+01   4.7201695e+01   3.1622777e+01   2.4083189e+01   1.9697716e+01   7.2801099e+00   2.4041631e+01   2.8319605e+01   3.8948684e+01   4.7801674e+01   4.7010637e+01   6.1400326e+01   6.9856997e+01   8.2365041e+01   7.2339477e+01   6.8264193e+01   1.2000000e+01   3.4014703e+01   4.5694639e+01   5.4083269e+01   6.3031738e+01   1.3601471e+01   1.6278821e+01   1.2041595e+01   8.4852814e+00   3.7483330e+01   3.8052595e+01   4.7381431e+01   4.3046487e+01   3.2015621e+01   4.9000000e+01   5.8000000e+01   5.2009614e+01   5.1107729e+01   4.2544095e+01   5.2630789e+01   2.9966648e+01   5.5226805e+01   4.1725292e+01   6.6483081e+01   4.2379240e+01   3.7121422e+01   4.1593269e+01   3.6400549e+01   3.5510562e+01   3.9661064e+01   3.4000000e+01   3.9395431e+01   4.0816663e+01   3.9217343e+01   3.6055513e+01
   2.7784888e+01   3.4985711e+01   1.4142136e+01   1.8027756e+01   5.0249378e+01   4.0311289e+01   4.7434165e+01   5.5578773e+01   2.6925824e+01   4.3011626e+01   5.4083269e+01   1.5000000e+01   3.6400549e+01   5.5901699e+01   4.6097722e+01   5.7008771e+01   6.0207973e+01   4.5276926e+01   5.5901699e+01   3.6055513e+01   2.5000000e+01   3.2015621e+01   3.1622777e+01   0.0000000e+00   1.5000000e+01   2.0615528e+01   3.0413813e+01   2.4083189e+01   7.0710678e+00   3.5355339e+01   3.8013156e+01   4.5343136e+01   2.0808652e+01   2.0000000e+01   3.0066593e+01   6.7779053e+01   4.7434165e+01   6.7082039e+01   2.3537205e+01   2.6925824e+01   3.6235342e+01   4.7010637e+01   5.2801515e+01   5.7939624e+01   5.9076222e+01   6.4327288e+01   6.0745370e+01   5.4708317e+01   6.7601775e+01   2.1633308e+01   2.8017851e+01   3.8832976e+01   2.8284271e+01   1.0000000e+01   1.2165525e+01   2.5942244e+01   4.0224371e+01   3.0364453e+01   4.5354162e+01   4.8010416e+01   5.4129474e+01   4.7010637e+01   5.0990195e+01   6.5299311e+01   4.2107007e+01   4.1231056e+01   3.0066593e+01   9.8488578e+00   3.0463092e+01   3.5000000e+01   3.3955854e+01   2.6172505e+01   2.7658633e+01   2.9068884e+01   2.8844410e+01   1.7464249e+01   1.4422205e+01   1.7464249e+01   1.5264338e+01   9.2195445e+00   2.1470911e+01   5.1419841e+01   5.1039201e+01   5.4147945e+01   5.0695167e+01   6.3324561e+01   4.0718546e+01   4.2544095e+01   3.9000000e+01   4.6690470e+01   5.2497619e+01   4.4922155e+01   4.8270074e+01   3.9812058e+01   4.1484937e+01   4.3737855e+01   4.2379240e+01   4.8083261e+01   4.5891176e+01   4.9979996e+01   3.0000000e+01
   3.7643060e+01   3.0149627e+01   2.6925824e+01   1.0000000e+01   5.0990195e+01   4.1231056e+01   5.4083269e+01   5.9615434e+01   4.1231056e+01   5.3150729e+01   6.3639610e+01   2.1213203e+01   3.5355339e+01   5.0990195e+01   3.8078866e+01   5.5000000e+01   6.0827625e+01   4.9244289e+01   6.4031242e+01   4.9244289e+01   2.0000000e+01   2.2360680e+01   1.8027756e+01   1.5000000e+01   0.0000000e+00   2.2360680e+01   3.6055513e+01   2.9410882e+01   2.2022716e+01   4.7169906e+01   4.6690470e+01   5.7454330e+01   3.4176015e+01   3.5000000e+01   4.5044423e+01   7.4625733e+01   4.5000000e+01   6.1846584e+01   9.4339811e+00   2.5495098e+01   2.6419690e+01   4.1773197e+01   4.5310043e+01   5.4332311e+01   6.1684682e+01   6.8942005e+01   6.7416615e+01   6.1057350e+01   7.6059187e+01   3.2449961e+01   4.1231056e+01   4.4418465e+01   3.0083218e+01   1.2041595e+01   3.6055513e+00   1.4422205e+01   3.3955854e+01   2.9614186e+01   4.4181444e+01   5.0000000e+01   5.3150729e+01   5.5901699e+01   6.2008064e+01   7.5822160e+01   5.7078893e+01   5.5362442e+01   1.5132746e+01   2.1023796e+01   3.8897301e+01   4.5607017e+01   4.8662100e+01   1.8439089e+01   2.1213203e+01   2.0248457e+01   1.8357560e+01   2.7202941e+01   2.5942244e+01   3.2249031e+01   2.9120440e+01   1.9235384e+01   3.5440090e+01   5.6824291e+01   5.3758720e+01   5.5108983e+01   4.9040799e+01   6.1032778e+01   3.7054015e+01   5.0447993e+01   4.1785165e+01   5.8008620e+01   5.0009999e+01   4.3046487e+01   4.7169906e+01   3.9623226e+01   4.0199502e+01   4.3566042e+01   4.0012498e+01   4.6010868e+01   4.5398238e+01   4.7042534e+01   3.3541020e+01
   1.9416488e+01   1.6401219e+01   1.8027756e+01   1.4142136e+01   3.0000000e+01   2.0000000e+01   3.2015621e+01   3.7336309e+01   3.1622777e+01   3.3541020e+01   4.3011626e+01   7.0710678e+00   1.5811388e+01   3.6055513e+01   2.9154759e+01   3.6400549e+01   4.0000000e+01   2.6925824e+01   4.2426407e+01   3.5000000e+01   1.0000000e+01   2.0000000e+01   2.6925824e+01   2.0615528e+01   2.2360680e+01   0.0000000e+00   1.4142136e+01   8.0622577e+00   2.2472205e+01   3.0413813e+01   2.6076810e+01   4.0261644e+01   2.3409400e+01   3.2015621e+01   3.9357337e+01   5.2430907e+01   2.6925824e+01   4.7169906e+01   2.3430749e+01   7.0710678e+00   2.3194827e+01   2.7658633e+01   3.4828150e+01   3.7576588e+01   3.9812058e+01   4.6615448e+01   4.5221676e+01   3.8832976e+01   5.4451814e+01   1.7117243e+01   2.8284271e+01   2.2203603e+01   8.0622577e+00   1.2041595e+01   1.9313208e+01   1.9697716e+01   2.2203603e+01   9.8488578e+00   2.4738634e+01   2.8284271e+01   3.3541020e+01   3.5000000e+01   4.2953463e+01   5.5758407e+01   4.9979996e+01   4.3185646e+01   3.3301652e+01   1.4212670e+01   1.8788294e+01   2.7202941e+01   3.9849718e+01   1.4142136e+01   1.3038405e+01   1.7029386e+01   1.9416488e+01   1.2649111e+01   1.5264338e+01   2.7202941e+01   2.1633308e+01   1.3038405e+01   2.6000000e+01   3.4481879e+01   3.1780497e+01   3.4014703e+01   3.0083218e+01   4.2720019e+01   2.0808652e+01   2.9068884e+01   1.9646883e+01   3.9560081e+01   3.1953091e+01   2.4351591e+01   2.7658633e+01   1.9235384e+01   2.0880613e+01   2.3194827e+01   2.1931712e+01   2.7513633e+01   2.5317978e+01   2.9546573e+01   1.1180340e+01
   1.0816654e+01   2.3000000e+01   2.0615528e+01   2.8284271e+01   2.2360680e+01   1.4142136e+01   1.8027756e+01   2.5179357e+01   2.8284271e+01   2.0615528e+01   2.9154759e+01   1.5811388e+01   1.5811388e+01   3.6055513e+01   3.5355339e+01   3.2015621e+01   3.1622777e+01   1.5000000e+01   2.8284271e+01   2.6925824e+01   2.2360680e+01   3.1622777e+01   4.0311289e+01   3.0413813e+01   3.6055513e+01   1.4142136e+01   0.0000000e+00   6.7082039e+00   2.9068884e+01   2.0615528e+01   1.2649111e+01   2.9000000e+01   2.1633308e+01   3.3541020e+01   3.7536649e+01   3.8587563e+01   2.5000000e+01   4.6097722e+01   3.7536649e+01   1.5811388e+01   3.3734256e+01   3.0083218e+01   3.8897301e+01   3.5383612e+01   2.9068884e+01   3.3955854e+01   3.1384710e+01   2.5059928e+01   4.0311289e+01   1.3892444e+01   2.2803509e+01   8.5440037e+00   9.2195445e+00   2.4596748e+01   3.2756679e+01   3.3286634e+01   2.8160256e+01   1.4035669e+01   2.1260292e+01   1.8973666e+01   2.8017851e+01   2.1095023e+01   3.0083218e+01   4.2059482e+01   4.5803930e+01   3.5846897e+01   4.7423623e+01   2.1023796e+01   7.2801099e+00   1.6124515e+01   3.5608988e+01   2.6832816e+01   2.4698178e+01   2.9154759e+01   3.2202484e+01   1.4142136e+01   1.8248288e+01   2.8635642e+01   2.3409400e+01   2.1213203e+01   2.4413111e+01   2.1189620e+01   2.1213203e+01   2.5632011e+01   2.6172505e+01   3.8013156e+01   2.3086793e+01   1.5000000e+01   1.0295630e+01   2.7294688e+01   2.9000000e+01   2.2203603e+01   2.3345235e+01   1.5811388e+01   1.8867962e+01   1.8384776e+01   2.1470911e+01   2.4839485e+01   2.0518285e+01   2.7802878e+01   5.0000000e+00
   1.2000000e+01   2.0880613e+01   1.6124515e+01   2.2022716e+01   2.6925824e+01   1.7464249e+01   2.4698178e+01   3.1575307e+01   2.6925824e+01   2.5495098e+01   3.5000000e+01   9.2195445e+00   1.6278821e+01   3.7483330e+01   3.3837849e+01   3.5355339e+01   3.6674242e+01   2.1213203e+01   3.4713110e+01   2.8284271e+01   1.7464249e+01   2.7294688e+01   3.4928498e+01   2.4083189e+01   2.9410882e+01   8.0622577e+00   6.7082039e+00   0.0000000e+00   2.3537205e+01   2.3021729e+01   1.8027756e+01   3.2557641e+01   1.9209373e+01   3.0000000e+01   3.5608988e+01   4.5276926e+01   2.7018512e+01   4.8166378e+01   3.1400637e+01   1.2041595e+01   3.0016662e+01   3.0232433e+01   3.8470768e+01   3.7802116e+01   3.5014283e+01   4.0521599e+01   3.8078866e+01   3.1764760e+01   4.6754679e+01   1.1661904e+01   2.2472205e+01   1.5231546e+01   7.2111026e+00   1.7888544e+01   2.6076810e+01   2.7730849e+01   2.6570661e+01   1.2083046e+01   2.3853721e+01   2.4186773e+01   3.1780497e+01   2.7018512e+01   3.4928498e+01   4.7707442e+01   4.5177428e+01   3.6878178e+01   4.1231056e+01   1.5132746e+01   1.0770330e+01   1.9416488e+01   3.4885527e+01   2.1840330e+01   2.0223748e+01   2.4515301e+01   2.7202941e+01   9.4339811e+00   1.3416408e+01   2.5000000e+01   1.9416488e+01   1.5000000e+01   2.2022716e+01   2.7856777e+01   2.7000000e+01   3.0594117e+01   2.9154759e+01   4.1593269e+01   2.3021729e+01   2.1213203e+01   1.5132746e+01   3.1622777e+01   3.1622777e+01   2.4207437e+01   2.6419690e+01   1.8027756e+01   2.0615528e+01   2.1470911e+01   2.2627417e+01   2.7202941e+01   2.3706539e+01   2.9832868e+01   6.3245553e+00
   2.4041631e+01   3.8288379e+01   9.4868330e+00   2.3769729e+01   5.0447993e+01   4.0804412e+01   4.4721360e+01   5.4009258e+01   2.0124612e+01   3.8470768e+01   4.9648766e+01   1.5652476e+01   3.8013156e+01   5.8523500e+01   5.0249378e+01   5.8309519e+01   6.0207973e+01   4.4045431e+01   5.2201533e+01   2.9832868e+01   2.9068884e+01   3.7215588e+01   3.8078866e+01   7.0710678e+00   2.2022716e+01   2.2472205e+01   2.9068884e+01   2.3537205e+01   0.0000000e+00   3.0000000e+01   3.4481879e+01   3.9623226e+01   1.4866069e+01   1.3038405e+01   2.3021729e+01   6.4560050e+01   4.9193496e+01   6.9641941e+01   3.0265492e+01   2.9410882e+01   4.1340053e+01   5.0000000e+01   5.6586217e+01   5.9941638e+01   5.8137767e+01   6.2289646e+01   5.7723479e+01   5.1971146e+01   6.3560994e+01   1.7720045e+01   2.1931712e+01   3.7013511e+01   2.9154759e+01   1.4764823e+01   1.9026298e+01   3.1953091e+01   4.3863424e+01   3.2249031e+01   4.6615448e+01   4.7675990e+01   5.5027266e+01   4.3081318e+01   4.5803930e+01   6.0216277e+01   3.5057096e+01   3.4438351e+01   3.7121422e+01   8.5440037e+00   2.7459060e+01   3.0413813e+01   2.6925824e+01   3.1064449e+01   3.2015621e+01   3.4132096e+01   3.4438351e+01   1.5000000e+01   1.1045361e+01   1.0440307e+01   9.2195445e+00   9.4339811e+00   1.5000000e+01   4.9254441e+01   5.0249378e+01   5.4129474e+01   5.2000000e+01   6.4621978e+01   4.3266615e+01   3.9293765e+01   3.8639358e+01   4.1400483e+01   5.4129474e+01   4.6518813e+01   4.9396356e+01   4.0853396e+01   4.2953463e+01   4.4598206e+01   4.4294469e+01   4.9658836e+01   4.6818800e+01   5.1884487e+01   2.9832868e+01
   1.1045361e+01   4.3289722e+01   2.1213203e+01   4.2720019e+01   3.9051248e+01   3.3541020e+01   2.2360680e+01   3.4481879e+01   1.5000000e+01   1.0000000e+01   2.0615528e+01   2.6925824e+01   3.6400549e+01   5.5901699e+01   5.5901699e+01   5.0000000e+01   4.6097722e+01   2.8284271e+01   2.5000000e+01   7.0710678e+00   4.0311289e+01   5.0249378e+01   5.7008771e+01   3.5355339e+01   4.7169906e+01   3.0413813e+01   2.0615528e+01   2.3021729e+01   3.0000000e+01   0.0000000e+00   1.2041595e+01   1.0295630e+01   1.5264338e+01   2.5495098e+01   2.3537205e+01   3.8000000e+01   4.4721360e+01   6.5192024e+01   5.2000000e+01   3.5000000e+01   5.3037722e+01   5.0596443e+01   5.9481089e+01   5.4378304e+01   4.0496913e+01   3.9849718e+01   3.2249031e+01   2.8160256e+01   3.4928498e+01   1.4764823e+01   9.2195445e+00   2.1400935e+01   2.9154759e+01   3.5355339e+01   4.3566042e+01   4.9729267e+01   4.8662100e+01   3.4234486e+01   4.0706265e+01   3.4713110e+01   4.5607017e+01   1.6124515e+01   1.5811388e+01   3.0232433e+01   2.7802878e+01   1.5811388e+01   6.1269895e+01   2.6400758e+01   1.3341664e+01   5.0000000e+00   1.8788294e+01   4.4553339e+01   4.3185646e+01   4.7381431e+01   4.9819675e+01   2.0124612e+01   2.1400935e+01   2.2472205e+01   2.0808652e+01   2.8017851e+01   1.6155494e+01   2.8178006e+01   3.4713110e+01   4.1012193e+01   4.4944410e+01   5.5317267e+01   4.3680659e+01   1.6124515e+01   2.8653098e+01   1.1401754e+01   4.8020829e+01   4.2047592e+01   4.2190046e+01   3.5846897e+01   3.9000000e+01   3.7589892e+01   4.1785165e+01   4.4294469e+01   3.9446166e+01   4.7413078e+01   2.5495098e+01
   1.0440307e+01   3.5227830e+01   2.5000000e+01   4.0000000e+01   2.7202941e+01   2.2803509e+01   1.1180340e+01   2.2847319e+01   2.5298221e+01   8.0622577e+00   1.7029386e+01   2.5495098e+01   2.7018512e+01   4.4944410e+01   4.7010637e+01   3.8275318e+01   3.4058773e+01   1.6278821e+01   1.7888544e+01   1.9104973e+01   3.4928498e+01   4.4271887e+01   5.2773099e+01   3.8013156e+01   4.6690470e+01   2.6076810e+01   1.2649111e+01   1.8027756e+01   3.4481879e+01   1.2041595e+01   0.0000000e+00   1.7464249e+01   2.2000000e+01   3.4132096e+01   3.4539832e+01   3.0083218e+01   3.3837849e+01   5.3712196e+01   4.9406477e+01   2.8460499e+01   4.6324939e+01   4.0607881e+01   4.9648766e+01   4.2941821e+01   2.8653098e+01   2.9274562e+01   2.3345235e+01   1.8000000e+01   2.9681644e+01   1.6763055e+01   1.8973666e+01   9.8488578e+00   2.1840330e+01   3.4713110e+01   4.3185646e+01   4.5650849e+01   4.0012498e+01   2.6476405e+01   2.9732137e+01   2.2803509e+01   3.3837849e+01   9.2195445e+00   1.7464249e+01   2.9681644e+01   3.9824616e+01   2.7658633e+01   5.9203040e+01   2.8178006e+01   7.8102497e+00   7.2111026e+00   3.0528675e+01   3.9395431e+01   3.7336309e+01   4.1785165e+01   4.4777226e+01   2.0591260e+01   2.3769729e+01   3.0000000e+01   2.6305893e+01   2.9154759e+01   2.4083189e+01   1.6763055e+01   2.2671568e+01   2.9000000e+01   3.3541020e+01   4.3416587e+01   3.4132096e+01   5.0000000e+00   1.7720045e+01   1.5000000e+01   3.6674242e+01   3.1320920e+01   3.0870698e+01   2.5495098e+01   2.8635642e+01   2.6570661e+01   3.1575307e+01   3.3241540e+01   2.8231188e+01   3.6400549e+01   1.7464249e+01
   2.0880613e+01   5.2000000e+01   3.1240999e+01   5.2924474e+01   4.3829214e+01   4.0261644e+01   2.4207437e+01   3.6069378e+01   2.1931712e+01   1.0295630e+01   1.5524175e+01   3.7161808e+01   4.4283180e+01   6.2297673e+01   6.4195015e+01   5.5009090e+01   4.9203658e+01   3.2649655e+01   2.1931712e+01   1.0770330e+01   5.0009999e+01   5.9841457e+01   6.7052218e+01   4.5343136e+01   5.7454330e+01   4.0261644e+01   2.9000000e+01   3.2557641e+01   3.9623226e+01   1.0295630e+01   1.7464249e+01   0.0000000e+00   2.4758837e+01   3.3105891e+01   2.8284271e+01   3.4205263e+01   5.1244512e+01   7.0682388e+01   6.2241465e+01   4.4283180e+01   6.2393910e+01   5.8051701e+01   6.7082039e+01   6.0008333e+01   4.2449971e+01   3.9115214e+01   2.9966648e+01   2.7802878e+01   2.9017236e+01   2.5059928e+01   1.7804494e+01   2.7202941e+01   3.8052595e+01   4.5650849e+01   5.3851648e+01   5.9774577e+01   5.7078893e+01   4.3011626e+01   4.7127487e+01   3.9357337e+01   5.0537115e+01   1.5556349e+01   8.0000000e+00   2.1540659e+01   2.8160256e+01   1.4560220e+01   7.1554175e+01   3.6619667e+01   2.2090722e+01   1.3152946e+01   2.2022716e+01   5.4341513e+01   5.2773099e+01   5.7070132e+01   5.9665736e+01   3.0413813e+01   3.1622777e+01   3.1064449e+01   3.0413813e+01   3.8275318e+01   2.5000000e+01   2.9732137e+01   3.8275318e+01   4.4944410e+01   5.0695167e+01   5.9682493e+01   5.1478151e+01   1.9235384e+01   3.5171011e+01   4.4721360e+00   5.3851648e+01   4.8764741e+01   4.8104054e+01   4.2953463e+01   4.6097722e+01   4.3965896e+01   4.9030603e+01   5.0596443e+01   4.5541190e+01   5.3758720e+01   3.4000000e+01
   1.2369317e+01   3.9357337e+01   7.2801099e+00   3.2062439e+01   4.3908997e+01   3.5608988e+01   3.3060551e+01   4.3931765e+01   8.2462113e+00   2.4351591e+01   3.5468296e+01   1.7262677e+01   3.5468296e+01   5.6639209e+01   5.2325902e+01   5.3600373e+01   5.2801515e+01   3.5114100e+01   3.8832976e+01   1.5264338e+01   3.2984845e+01   4.2755117e+01   4.7042534e+01   2.0808652e+01   3.4176015e+01   2.3409400e+01   2.1633308e+01   1.9209373e+01   1.4866069e+01   1.5264338e+01   2.2000000e+01   2.4758837e+01   0.0000000e+00   1.2369317e+01   1.6401219e+01   5.1623638e+01   4.5967380e+01   6.7178866e+01   4.0607881e+01   2.9966648e+01   4.6324939e+01   4.9406477e+01   5.7454330e+01   5.6639209e+01   4.9040799e+01   5.1156622e+01   4.5177428e+01   4.0000000e+01   4.9648766e+01   7.8102497e+00   7.2111026e+00   2.7513633e+01   2.6400758e+01   2.3345235e+01   3.0675723e+01   4.0000000e+01   4.5177428e+01   3.1064449e+01   4.2520583e+01   4.0249224e+01   4.9648766e+01   2.9614186e+01   3.1064449e+01   4.5486262e+01   2.6570661e+01   2.1377558e+01   4.9040799e+01   1.3341664e+01   1.6763055e+01   1.6492423e+01   1.6492423e+01   3.6496575e+01   3.6138622e+01   3.9623226e+01   4.1194660e+01   1.0770330e+01   9.0000000e+00   8.0000000e+00   5.6568542e+00   1.5297059e+01   2.8284271e+00   3.8327536e+01   4.1785165e+01   4.6957428e+01   4.7634021e+01   5.9640590e+01   4.2201896e+01   2.7000000e+01   3.1906112e+01   2.6627054e+01   5.0328918e+01   4.3139309e+01   4.4821870e+01   3.6796739e+01   3.9597980e+01   3.9824616e+01   4.1773197e+01   4.6010868e+01   4.2011903e+01   4.8795492e+01   2.4758837e+01
   2.4738634e+01   4.8414874e+01   1.4142136e+01   3.6400549e+01   5.5901699e+01   4.7169906e+01   4.5276926e+01   5.6293872e+01   1.1180340e+01   3.5355339e+01   4.6097722e+01   2.5000000e+01   4.6097722e+01   6.7268120e+01   6.1032778e+01   6.5192024e+01   6.5000000e+01   4.7434165e+01   5.0249378e+01   2.2360680e+01   4.0311289e+01   4.9244289e+01   5.0990195e+01   2.0000000e+01   3.5000000e+01   3.2015621e+01   3.3541020e+01   3.0000000e+01   1.3038405e+01   2.5495098e+01   3.4132096e+01   3.3105891e+01   1.2369317e+01   0.0000000e+00   1.0198039e+01   6.3198101e+01   5.7008771e+01   7.8102497e+01   4.3289722e+01   3.9051248e+01   5.3225934e+01   5.9413803e+01   6.6843100e+01   6.7801180e+01   6.1400326e+01   6.3387696e+01   5.7008771e+01   5.2086467e+01   6.0415230e+01   1.9697716e+01   1.6278821e+01   3.9849718e+01   3.6878178e+01   2.7202941e+01   3.2062439e+01   4.4643029e+01   5.4203321e+01   4.1012193e+01   5.3823787e+01   5.2392748e+01   6.1400326e+01   4.1109610e+01   4.0496913e+01   5.4626001e+01   2.2203603e+01   2.4083189e+01   5.0039984e+01   1.8357560e+01   2.9120440e+01   2.8017851e+01   1.5264338e+01   4.2953463e+01   4.3416587e+01   4.6097722e+01   4.6818800e+01   2.0615528e+01   1.6970563e+01   5.0000000e+00   1.0630146e+01   2.0124612e+01   1.0049876e+01   5.0635956e+01   5.4083269e+01   5.9093147e+01   5.9076222e+01   7.1344236e+01   5.2325902e+01   3.9115214e+01   4.3829214e+01   3.6055513e+01   6.1611687e+01   5.4203321e+01   5.6302753e+01   4.8010416e+01   5.0606324e+01   5.1312766e+01   5.2497619e+01   5.7201399e+01   5.3535035e+01   5.9816386e+01   3.6055513e+01
   2.7202941e+01   5.5569776e+01   2.1540659e+01   4.5705580e+01   5.9405387e+01   5.1662365e+01   4.5541190e+01   5.7384667e+01   9.4339811e+00   3.3376639e+01   4.3000000e+01   3.2695565e+01   5.1855569e+01   7.3000000e+01   6.8476273e+01   6.9526973e+01   6.7742158e+01   4.9739320e+01   4.8259714e+01   1.8000000e+01   4.8466483e+01   5.7870545e+01   6.0530984e+01   3.0066593e+01   4.5044423e+01   3.9357337e+01   3.7536649e+01   3.5608988e+01   2.3021729e+01   2.3537205e+01   3.4539832e+01   2.8284271e+01   1.6401219e+01   1.0198039e+01   0.0000000e+00   6.1204575e+01   6.2241465e+01   8.3450584e+01   5.3084838e+01   4.6141088e+01   6.1684682e+01   6.5802736e+01   7.3783467e+01   7.2835431e+01   6.3071388e+01   6.3324561e+01   5.5731499e+01   5.1662365e+01   5.7078893e+01   2.4083189e+01   1.5652476e+01   4.2190046e+01   4.2801869e+01   3.6496575e+01   4.2000000e+01   5.3935146e+01   6.1400326e+01   4.7434165e+01   5.8694122e+01   5.5470713e+01   6.5436993e+01   3.9623226e+01   3.6221541e+01   4.9477268e+01   1.2041595e+01   1.6124515e+01   6.0133186e+01   2.6925824e+01   3.1622777e+01   2.7513633e+01   6.7082039e+00   5.1546096e+01   5.1623638e+01   5.4708317e+01   5.5785303e+01   2.6925824e+01   2.4166092e+01   1.3152946e+01   1.8027756e+01   2.8861739e+01   1.3601471e+01   5.1264022e+01   5.6435804e+01   6.2128898e+01   6.3702433e+01   7.5432089e+01   5.8600341e+01   3.9217343e+01   4.7634021e+01   3.2062439e+01   6.6483081e+01   5.9413803e+01   6.0876925e+01   5.3037722e+01   5.5901699e+01   5.5901699e+01   5.8137767e+01   6.2225397e+01   5.8051701e+01   6.5069194e+01   4.1036569e+01
   4.0521599e+01   5.4203321e+01   5.5081757e+01   6.6400301e+01   3.2695565e+01   3.7802116e+01   2.0591260e+01   1.8788294e+01   5.3000000e+01   2.8000000e+01   1.8681542e+01   5.4120237e+01   4.4821870e+01   5.1662365e+01   6.1717096e+01   4.0792156e+01   3.0149627e+01   2.6907248e+01   1.3000000e+01   4.3289722e+01   5.8728187e+01   6.5946948e+01   7.6380626e+01   6.7779053e+01   7.4625733e+01   5.2430907e+01   3.8587563e+01   4.5276926e+01   6.4560050e+01   3.8000000e+01   3.0083218e+01   3.4205263e+01   5.1623638e+01   6.3198101e+01   6.1204575e+01   0.0000000e+00   4.3863424e+01   5.5081757e+01   7.5286121e+01   5.1662365e+01   6.6400301e+01   5.2801515e+01   6.0745370e+01   4.6872167e+01   2.2360680e+01   1.2000000e+01   7.2111026e+00   1.3601471e+01   8.9442719e+00   4.6840154e+01   4.7042534e+01   3.0232433e+01   4.5453273e+01   6.3134776e+01   7.1344236e+01   7.0035705e+01   5.6603887e+01   4.8083261e+01   4.0706265e+01   3.0016662e+01   3.7363083e+01   2.2090722e+01   2.6570661e+01   2.1400935e+01   6.2361847e+01   4.8764741e+01   8.5146932e+01   5.7939624e+01   3.7336309e+01   3.5227830e+01   5.5578773e+01   6.2936476e+01   6.0108236e+01   6.4381674e+01   6.7896981e+01   5.0328918e+01   5.3758720e+01   5.9539903e+01   5.6293872e+01   5.8694122e+01   5.3338541e+01   1.8384776e+01   2.5942244e+01   3.0364453e+01   4.0496913e+01   4.2047592e+01   4.9396356e+01   2.5298221e+01   3.4655447e+01   2.9832868e+01   4.3011626e+01   4.2941821e+01   3.9395431e+01   4.0804412e+01   4.2720019e+01   3.8587563e+01   4.5276926e+01   4.2544095e+01   3.8470768e+01   4.4944410e+01   4.1400483e+01
   3.5805028e+01   1.5297059e+01   4.3011626e+01   3.5000000e+01   1.1180340e+01   1.1180340e+01   3.0000000e+01   2.5079872e+01   5.3150729e+01   4.1231056e+01   4.5000000e+01   3.3541020e+01   1.1180340e+01   1.1180340e+01   1.8027756e+01   1.0000000e+01   1.8027756e+01   2.0000000e+01   4.0311289e+01   5.1478151e+01   2.5000000e+01   2.6925824e+01   3.8078866e+01   4.7434165e+01   4.5000000e+01   2.6925824e+01   2.5000000e+01   2.7018512e+01   4.9193496e+01   4.4721360e+01   3.3837849e+01   5.1244512e+01   4.5967380e+01   5.7008771e+01   6.2241465e+01   4.3863424e+01   0.0000000e+00   2.1213203e+01   4.0792156e+01   2.0615528e+01   2.5553865e+01   8.9442719e+00   1.7262677e+01   1.0816654e+01   2.2803509e+01   3.3286634e+01   3.7947332e+01   3.2756679e+01   5.0000000e+01   3.8183766e+01   4.7801674e+01   2.4041631e+01   2.0248457e+01   3.8078866e+01   4.3104524e+01   3.3955854e+01   1.4422205e+01   1.7088007e+01   4.1231056e+00   1.4317821e+01   8.9442719e+00   3.8209946e+01   4.9497475e+01   5.7218878e+01   7.0802542e+01   6.0415230e+01   4.9335586e+01   4.0706265e+01   3.1906112e+01   3.9812058e+01   6.0605280e+01   2.7294688e+01   2.4186773e+01   2.6925824e+01   3.0364453e+01   3.6400549e+01   4.0224371e+01   5.2009614e+01   4.6400431e+01   3.9812058e+01   4.8795492e+01   2.7459060e+01   1.8027756e+01   1.4212670e+01   4.4721360e+00   1.6124515e+01   8.2462113e+00   3.2557641e+01   1.6155494e+01   4.8270074e+01   5.0990195e+00   2.8284271e+00   4.4721360e+00   9.2195445e+00   6.4031242e+00   7.2801099e+00   5.0990195e+00   1.4142136e+00   6.0000000e+00   2.8284271e+00   2.1213203e+01
   5.6850682e+01   3.2310989e+01   6.4031242e+01   5.2201533e+01   2.6925824e+01   3.2015621e+01   4.7434165e+01   3.8327536e+01   7.4330344e+01   6.0415230e+01   6.1846584e+01   5.4083269e+01   3.2015621e+01   1.1180340e+01   2.5000000e+01   1.5811388e+01   2.5000000e+01   3.8078866e+01   5.5901699e+01   7.2111026e+01   4.2720019e+01   4.0311289e+01   5.0000000e+01   6.7082039e+01   6.1846584e+01   4.7169906e+01   4.6097722e+01   4.8166378e+01   6.9641941e+01   6.5192024e+01   5.3712196e+01   7.0682388e+01   6.7178866e+01   7.8102497e+01   8.3450584e+01   5.5081757e+01   2.1213203e+01   0.0000000e+00   5.5443665e+01   4.0311289e+01   3.7054015e+01   2.0248457e+01   1.8110770e+01   1.0816654e+01   3.3015148e+01   4.3104524e+01   5.1088159e+01   4.7675990e+01   6.3007936e+01   5.9396970e+01   6.8883960e+01   4.3908997e+01   4.1231056e+01   5.7271284e+01   6.0728906e+01   4.8507731e+01   2.7892651e+01   3.7443290e+01   2.4839485e+01   3.1384710e+01   2.0248457e+01   5.6302753e+01   6.7675697e+01   7.2691127e+01   9.1831367e+01   8.0993827e+01   6.2000000e+01   6.1294372e+01   5.2801515e+01   6.0207973e+01   8.1688432e+01   4.3416587e+01   4.0804412e+01   4.1773197e+01   4.4407207e+01   5.7489129e+01   6.1220911e+01   7.3109507e+01   6.7475922e+01   6.0207973e+01   7.0007142e+01   4.3174066e+01   3.3241540e+01   2.6683328e+01   2.0248457e+01   1.3038405e+01   2.6419690e+01   5.1478151e+01   3.6619667e+01   6.7230945e+01   1.7204651e+01   2.4041631e+01   2.3021729e+01   3.0413813e+01   2.7586228e+01   2.7802878e+01   2.5612497e+01   2.1260292e+01   2.5806976e+01   1.8384776e+01   4.2426407e+01
   4.1593269e+01   2.5495098e+01   3.3376639e+01   9.4339811e+00   4.8466483e+01   3.9357337e+01   5.5172457e+01   5.8830264e+01   4.8259714e+01   5.6603887e+01   6.6400301e+01   2.5079872e+01   3.2695565e+01   4.5044423e+01   3.0805844e+01   5.0635956e+01   5.7870545e+01   4.8826222e+01   6.5795137e+01   5.5081757e+01   1.7000000e+01   1.5132746e+01   8.6023253e+00   2.3537205e+01   9.4339811e+00   2.3430749e+01   3.7536649e+01   3.1400637e+01   3.0265492e+01   5.2000000e+01   4.9406477e+01   6.2241465e+01   4.0607881e+01   4.3289722e+01   5.3084838e+01   7.5286121e+01   4.0792156e+01   5.5443665e+01   0.0000000e+00   2.3853721e+01   1.8681542e+01   3.6000000e+01   3.8078866e+01   4.9040799e+01   5.9933296e+01   6.8264193e+01   6.8117545e+01   6.1717096e+01   7.7794601e+01   3.7336309e+01   4.7296934e+01   4.5276926e+01   2.9832868e+01   1.7262677e+01   1.1401754e+01   7.0000000e+00   2.8000000e+01   2.7784888e+01   4.0804412e+01   4.8301139e+01   4.9477268e+01   5.8412327e+01   6.5863495e+01   7.9056942e+01   6.5030762e+01   6.1983869e+01   9.8994949e+00   2.7294688e+01   4.1880783e+01   4.9648766e+01   5.6080300e+01   1.3601471e+01   1.6763055e+01   1.4035669e+01   1.1045361e+01   3.1953091e+01   3.1780497e+01   4.0012498e+01   3.6124784e+01   2.5317978e+01   4.2296572e+01   5.7008771e+01   5.2354560e+01   5.2554733e+01   4.5122057e+01   5.6320511e+01   3.2557641e+01   5.2497619e+01   4.1048752e+01   6.2177166e+01   4.5541190e+01   3.9293765e+01   4.3680659e+01   3.7161808e+01   3.7000000e+01   4.0853396e+01   3.6138622e+01   4.1976184e+01   4.2379240e+01   4.2426407e+01   3.3970576e+01
   2.4020824e+01   9.4339811e+00   2.5000000e+01   1.5811388e+01   2.5495098e+01   1.5811388e+01   3.2015621e+01   3.4985711e+01   3.8078866e+01   3.6400549e+01   4.4721360e+01   1.4142136e+01   1.0000000e+01   2.9154759e+01   2.2360680e+01   3.0413813e+01   3.5355339e+01   2.5000000e+01   4.3011626e+01   4.0311289e+01   7.0710678e+00   1.5811388e+01   2.5000000e+01   2.6925824e+01   2.5495098e+01   7.0710678e+00   1.5811388e+01   1.2041595e+01   2.9410882e+01   3.5000000e+01   2.8460499e+01   4.4283180e+01   2.9966648e+01   3.9051248e+01   4.6141088e+01   5.1662365e+01   2.0615528e+01   4.0311289e+01   2.3853721e+01   0.0000000e+00   1.8110770e+01   2.0615528e+01   2.7802878e+01   3.1016125e+01   3.6400549e+01   4.4418465e+01   4.4553339e+01   3.8183766e+01   5.4817880e+01   2.3086793e+01   3.4205263e+01   2.2203603e+01   6.7082039e+00   1.7464249e+01   2.3086793e+01   1.8384776e+01   1.5264338e+01   4.1231056e+00   1.9026298e+01   2.4698178e+01   2.8017851e+01   3.6674242e+01   4.5880279e+01   5.7697487e+01   5.6462377e+01   4.8836462e+01   3.3600595e+01   2.1260292e+01   2.2203603e+01   3.1144823e+01   4.6238512e+01   1.1401754e+01   8.9442719e+00   1.3416408e+01   1.6643317e+01   1.9235384e+01   2.2203603e+01   3.4205263e+01   2.8600699e+01   2.0000000e+01   3.2649655e+01   3.3301652e+01   2.8635642e+01   2.9614186e+01   2.4186773e+01   3.6674242e+01   1.3892444e+01   3.0413813e+01   1.7204651e+01   4.2953463e+01   2.5709920e+01   1.8248288e+01   2.2022716e+01   1.4142136e+01   1.5033296e+01   1.8110770e+01   1.5524175e+01   2.1377558e+01   2.0024984e+01   2.3086793e+01   1.1180340e+01
   4.2011903e+01   1.2206556e+01   4.0162171e+01   1.8384776e+01   3.5468296e+01   2.8600699e+01   4.8301139e+01   4.8166378e+01   5.4571055e+01   5.4341513e+01   6.2032250e+01   2.9120440e+01   2.1633308e+01   2.7166155e+01   1.2165525e+01   3.4539832e+01   4.3566042e+01   3.9661064e+01   5.9481089e+01   5.8077534e+01   1.3341664e+01   4.2426407e+00   1.3152946e+01   3.6235342e+01   2.6419690e+01   2.3194827e+01   3.3734256e+01   3.0016662e+01   4.1340053e+01   5.3037722e+01   4.6324939e+01   6.2393910e+01   4.6324939e+01   5.3225934e+01   6.1684682e+01   6.6400301e+01   2.5553865e+01   3.7054015e+01   1.8681542e+01   1.8110770e+01   0.0000000e+00   1.8681542e+01   1.9416488e+01   3.1780497e+01   4.7507894e+01   5.7280014e+01   5.9640590e+01   5.3535035e+01   7.0830784e+01   4.0311289e+01   5.1478151e+01   3.9000000e+01   2.4515301e+01   2.6627054e+01   2.6400758e+01   1.2083046e+01   1.1180340e+01   1.9924859e+01   2.7018512e+01   3.6796739e+01   3.4481879e+01   5.4083269e+01   6.3788714e+01   7.5026662e+01   7.2801099e+01   6.6370174e+01   2.5079872e+01   3.4928498e+01   4.0311289e+01   4.9254441e+01   6.2817195e+01   1.0295630e+01   1.0198039e+01   7.2111026e+00   8.0622577e+00   3.5693137e+01   3.7643060e+01   4.8846699e+01   4.3657760e+01   3.3105891e+01   4.8764741e+01   4.8259714e+01   4.1036569e+01   3.9204592e+01   3.0016662e+01   3.9560081e+01   1.7804494e+01   4.7759816e+01   3.2249031e+01   6.1000000e+01   2.9546573e+01   2.5000000e+01   2.9410882e+01   2.5612497e+01   2.4041631e+01   2.8284271e+01   2.2022716e+01   2.6925824e+01   2.9068884e+01   2.6400758e+01   2.8861739e+01
   4.0718546e+01   1.2083046e+01   4.5276926e+01   3.2015621e+01   2.0124612e+01   1.8027756e+01   3.8209946e+01   3.4014703e+01   5.7140179e+01   4.8373546e+01   5.3150729e+01   3.4713110e+01   1.4317821e+01   9.2195445e+00   9.2195445e+00   1.6124515e+01   2.6172505e+01   2.8284271e+01   4.8836462e+01   5.7008771e+01   2.2472205e+01   2.1095023e+01   3.1780497e+01   4.7010637e+01   4.1773197e+01   2.7658633e+01   3.0083218e+01   3.0232433e+01   5.0000000e+01   5.0596443e+01   4.0607881e+01   5.8051701e+01   4.9406477e+01   5.9413803e+01   6.5802736e+01   5.2801515e+01   8.9442719e+00   2.0248457e+01   3.6000000e+01   2.0615528e+01   1.8681542e+01   0.0000000e+00   9.0553851e+00   1.3152946e+01   3.1622777e+01   4.2190046e+01   4.6818800e+01   4.1484937e+01   5.8821765e+01   4.1880783e+01   5.2354560e+01   3.1144823e+01   2.3021729e+01   3.7121422e+01   4.0521599e+01   2.9000000e+01   8.0000000e+00   1.8439089e+01   1.2369317e+01   2.3086793e+01   1.6970563e+01   4.6000000e+01   5.7078893e+01   6.5620119e+01   7.5292762e+01   6.5924199e+01   4.3566042e+01   4.1868843e+01   3.7336309e+01   4.5880279e+01   6.5000000e+01   2.3345235e+01   2.0615528e+01   2.2022716e+01   2.5019992e+01   3.9051248e+01   4.2449971e+01   5.4488531e+01   4.8836462e+01   4.0607881e+01   5.2201533e+01   3.6138622e+01   2.6925824e+01   2.3021729e+01   1.2806248e+01   2.0880613e+01   7.2111026e+00   4.0049969e+01   2.3086793e+01   5.5443665e+01   1.1401754e+01   1.0198039e+01   1.3416408e+01   1.5132746e+01   1.2041595e+01   1.5132746e+01   9.0553851e+00   1.0295630e+01   1.4560220e+01   8.4852814e+00   2.5495098e+01
   4.9396356e+01   1.8439089e+01   5.2801515e+01   3.6235342e+01   2.8160256e+01   2.7073973e+01   4.7095647e+01   4.2059482e+01   6.5368188e+01   5.7428216e+01   6.2072538e+01   4.1868843e+01   2.3086793e+01   1.0630146e+01   7.2801099e+00   2.1400935e+01   3.2449961e+01   3.7121422e+01   5.7558666e+01   6.5787537e+01   2.7802878e+01   2.3086793e+01   3.2062439e+01   5.2801515e+01   4.5310043e+01   3.4828150e+01   3.8897301e+01   3.8470768e+01   5.6586217e+01   5.9481089e+01   4.9648766e+01   6.7082039e+01   5.7454330e+01   6.6843100e+01   7.3783467e+01   6.0745370e+01   1.7262677e+01   1.8110770e+01   3.8078866e+01   2.7802878e+01   1.9416488e+01   9.0553851e+00   0.0000000e+00   1.6278821e+01   3.8910153e+01   4.9658836e+01   5.5081757e+01   5.0009999e+01   6.7186308e+01   5.0119856e+01   6.0835845e+01   4.0199502e+01   3.1304952e+01   4.2801869e+01   4.4721360e+01   3.1320920e+01   1.2727922e+01   2.6419690e+01   2.1095023e+01   3.1575307e+01   2.3706539e+01   5.5009090e+01   6.6121101e+01   7.4431176e+01   8.3648072e+01   7.4672619e+01   4.4045431e+01   4.8836462e+01   4.6173586e+01   5.4817880e+01   7.3355300e+01   2.7294688e+01   2.5238859e+01   2.5079872e+01   2.7202941e+01   4.6872167e+01   5.0000000e+01   6.2008064e+01   5.6400355e+01   4.7381431e+01   6.0207973e+01   4.4721360e+01   3.5171011e+01   3.0463092e+01   2.0248457e+01   2.4207437e+01   1.5811388e+01   4.9091751e+01   3.2140317e+01   6.4498062e+01   1.7888544e+01   1.9026298e+01   2.1587033e+01   2.4186773e+01   2.1095023e+01   2.4020824e+01   1.8110770e+01   1.8439089e+01   2.3194827e+01   1.5811388e+01   3.4176015e+01
   4.6097722e+01   2.4186773e+01   5.3823787e+01   4.4407207e+01   1.6492423e+01   2.1260292e+01   3.7107951e+01   2.9017236e+01   6.3655322e+01   4.9769469e+01   5.1788030e+01   4.4294469e+01   2.1954498e+01   5.6568542e+00   2.1023796e+01   6.0827625e+00   1.7088007e+01   2.7513633e+01   4.6173586e+01   6.1294372e+01   3.4525353e+01   3.4234486e+01   4.4911023e+01   5.7939624e+01   5.4332311e+01   3.7576588e+01   3.5383612e+01   3.7802116e+01   5.9941638e+01   5.4378304e+01   4.2941821e+01   6.0008333e+01   5.6639209e+01   6.7801180e+01   7.2835431e+01   4.6872167e+01   1.0816654e+01   1.0816654e+01   4.9040799e+01   3.1016125e+01   3.1780497e+01   1.3152946e+01   1.6278821e+01   0.0000000e+00   2.4515301e+01   3.5171011e+01   4.2107007e+01   3.8052595e+01   5.4230987e+01   4.8836462e+01   5.8137767e+01   3.3120990e+01   3.1064449e+01   4.8383882e+01   5.2773099e+01   4.2047592e+01   2.1095023e+01   2.7730849e+01   1.4142136e+01   2.0880613e+01   1.0049876e+01   4.5880279e+01   5.7280014e+01   6.3126856e+01   8.1055537e+01   7.0178344e+01   5.6718604e+01   5.1478151e+01   4.2011903e+01   4.9396356e+01   7.0936591e+01   3.6055513e+01   3.3136083e+01   3.5014283e+01   3.8118237e+01   4.7201695e+01   5.1039201e+01   6.2801274e+01   5.7201399e+01   5.0537115e+01   5.9464275e+01   3.3241540e+01   2.3194827e+01   1.7000000e+01   9.4339811e+00   8.0622577e+00   1.7464249e+01   4.0853396e+01   2.5806976e+01   5.6648036e+01   6.4031242e+00   1.3601471e+01   1.2206556e+01   1.9849433e+01   1.7204651e+01   1.7029386e+01   1.5652476e+01   1.0630146e+01   1.5000000e+01   8.0622577e+00   3.1890437e+01
   3.6687873e+01   3.5805028e+01   4.9497475e+01   5.2201533e+01   1.2041595e+01   2.0615528e+01   1.8439089e+01   6.4031242e+00   5.3712196e+01   3.2557641e+01   3.0413813e+01   4.4102154e+01   2.7294688e+01   2.9410882e+01   4.0804412e+01   1.8439089e+01   8.0622577e+00   1.4142136e+01   2.3769729e+01   4.7434165e+01   4.2953463e+01   4.8010416e+01   5.9076222e+01   5.9076222e+01   6.1684682e+01   3.9812058e+01   2.9068884e+01   3.5014283e+01   5.8137767e+01   4.0496913e+01   2.8653098e+01   4.2449971e+01   4.9040799e+01   6.1400326e+01   6.3071388e+01   2.2360680e+01   2.2803509e+01   3.3015148e+01   5.9933296e+01   3.6400549e+01   4.7507894e+01   3.1622777e+01   3.8910153e+01   2.4515301e+01   0.0000000e+00   1.0770330e+01   1.8110770e+01   1.5652476e+01   3.0000000e+01   4.1976184e+01   4.7423623e+01   2.1587033e+01   3.1780497e+01   5.1788030e+01   5.8940648e+01   5.3712196e+01   3.6769553e+01   3.2310989e+01   2.0518285e+01   1.1704700e+01   1.5231546e+01   2.6907248e+01   3.7443290e+01   4.0024992e+01   6.8242216e+01   5.5443665e+01   6.9354164e+01   5.0009999e+01   3.2280025e+01   3.5846897e+01   5.9169249e+01   4.6529560e+01   4.3416587e+01   4.7169906e+01   5.0774009e+01   4.3185646e+01   4.7265209e+01   5.6753854e+01   5.1971146e+01   5.0009999e+01   5.1546096e+01   1.2727922e+01   8.0622577e+00   8.6023253e+00   1.8867962e+01   2.0099751e+01   2.9732137e+01   2.4413111e+01   2.0223748e+01   3.8288379e+01   2.1023796e+01   2.2627417e+01   1.8439089e+01   2.2825424e+01   2.3600847e+01   1.9416488e+01   2.5495098e+01   2.1400935e+01   1.8439089e+01   2.3323808e+01   2.9154759e+01
   3.9012818e+01   4.5276926e+01   5.3084838e+01   5.9941638e+01   2.2203603e+01   2.9206164e+01   1.8110770e+01   9.4339811e+00   5.4341513e+01   3.0463092e+01   2.4758837e+01   4.9729267e+01   3.6235342e+01   4.0162171e+01   5.1312766e+01   2.9120440e+01   1.8248288e+01   1.9697716e+01   1.7691806e+01   4.6238512e+01   5.1312766e+01   5.7384667e+01   6.8249542e+01   6.4327288e+01   6.8942005e+01   4.6615448e+01   3.3955854e+01   4.0521599e+01   6.2289646e+01   3.9849718e+01   2.9274562e+01   3.9115214e+01   5.1156622e+01   6.3387696e+01   6.3324561e+01   1.2000000e+01   3.3286634e+01   4.3104524e+01   6.8264193e+01   4.4418465e+01   5.7280014e+01   4.2190046e+01   4.9658836e+01   3.5171011e+01   1.0770330e+01   0.0000000e+00   1.0000000e+01   1.1704700e+01   2.0396078e+01   4.5011110e+01   4.8052055e+01   2.5495098e+01   3.8910153e+01   5.8189346e+01   6.5924199e+01   6.2425956e+01   4.6861498e+01   4.0496913e+01   3.0610456e+01   2.0518285e+01   2.6000000e+01   2.4166092e+01   3.2649655e+01   3.1780497e+01   6.6640828e+01   5.3235327e+01   7.7935871e+01   5.4744863e+01   3.5014283e+01   3.5902646e+01   5.8523500e+01   5.5217751e+01   5.2201533e+01   5.6222771e+01   5.9816386e+01   4.7381431e+01   5.1244512e+01   5.9135438e+01   5.5000000e+01   5.5108983e+01   5.3338541e+01   1.3038405e+01   1.6278821e+01   1.9235384e+01   2.9529646e+01   3.0066593e+01   3.9698866e+01   2.4331050e+01   2.7294688e+01   3.4669872e+01   3.1780497e+01   3.2802439e+01   2.8844410e+01   3.1890437e+01   3.3241540e+01   2.9000000e+01   3.5468296e+01   3.1906112e+01   2.8425341e+01   3.4000000e+01   3.5468296e+01
   3.3734256e+01   4.7434165e+01   4.8270074e+01   5.9203040e+01   2.6925824e+01   3.1064449e+01   1.3416408e+01   1.3152946e+01   4.7169906e+01   2.2360680e+01   1.5000000e+01   4.6957428e+01   3.8013156e+01   4.6529560e+01   5.5542776e+01   3.6055513e+01   2.6172505e+01   2.0000000e+01   8.0622577e+00   3.8078866e+01   5.1623638e+01   5.9033889e+01   6.9354164e+01   6.0745370e+01   6.7416615e+01   4.5221676e+01   3.1384710e+01   3.8078866e+01   5.7723479e+01   3.2249031e+01   2.3345235e+01   2.9966648e+01   4.5177428e+01   5.7008771e+01   5.5731499e+01   7.2111026e+00   3.7947332e+01   5.1088159e+01   6.8117545e+01   4.4553339e+01   5.9640590e+01   4.6818800e+01   5.5081757e+01   4.2107007e+01   1.8110770e+01   1.0000000e+01   0.0000000e+00   6.4031242e+00   1.2165525e+01   4.0024992e+01   4.1048752e+01   2.3021729e+01   3.8288379e+01   5.5946403e+01   6.4140471e+01   6.2936476e+01   5.0119856e+01   4.1036569e+01   3.4539832e+01   2.3769729e+01   3.2249031e+01   1.6124515e+01   2.3021729e+01   2.2135944e+01   5.7939624e+01   4.4384682e+01   7.7987178e+01   5.0921508e+01   3.0364453e+01   2.9000000e+01   5.0447993e+01   5.5865911e+01   5.3075418e+01   5.7384667e+01   6.0876925e+01   4.3324358e+01   4.6840154e+01   5.3150729e+01   4.9648766e+01   5.1623638e+01   4.7042534e+01   1.1401754e+01   1.9924859e+01   2.5179357e+01   3.4928498e+01   3.8209946e+01   4.2941821e+01   1.8439089e+01   2.7658633e+01   2.5495098e+01   3.7656341e+01   3.6769553e+01   3.3526109e+01   3.4132096e+01   3.6235342e+01   3.2202484e+01   3.8910153e+01   3.6687873e+01   3.2310989e+01   3.9293765e+01   3.4205263e+01
   2.8160256e+01   4.1340053e+01   4.2579338e+01   5.2801515e+01   2.2090722e+01   2.5059928e+01   7.2801099e+00   9.4868330e+00   4.2755117e+01   1.8788294e+01   1.4764823e+01   4.0718546e+01   3.1906112e+01   4.2047592e+01   4.9979996e+01   3.2140317e+01   2.3409400e+01   1.3892444e+01   8.2462113e+00   3.4539832e+01   4.5254834e+01   5.2801515e+01   6.3031738e+01   5.4708317e+01   6.1057350e+01   3.8832976e+01   2.5059928e+01   3.1764760e+01   5.1971146e+01   2.8160256e+01   1.8000000e+01   2.7802878e+01   4.0000000e+01   5.2086467e+01   5.1662365e+01   1.3601471e+01   3.2756679e+01   4.7675990e+01   6.1717096e+01   3.8183766e+01   5.3535035e+01   4.1484937e+01   5.0009999e+01   3.8052595e+01   1.5652476e+01   1.1704700e+01   6.4031242e+00   0.0000000e+00   1.7464249e+01   3.4365681e+01   3.6496575e+01   1.6643317e+01   3.1890437e+01   4.9648766e+01   5.7801384e+01   5.6568542e+01   4.4283180e+01   3.4713110e+01   2.9120440e+01   1.8439089e+01   2.8017851e+01   1.2529964e+01   2.2022716e+01   2.5079872e+01   5.5009090e+01   4.1677332e+01   7.1589105e+01   4.4922155e+01   2.4515301e+01   2.4331050e+01   4.6818800e+01   4.9517674e+01   4.6754679e+01   5.1088159e+01   5.4561891e+01   3.7363083e+01   4.1000000e+01   4.8000000e+01   4.4181444e+01   4.5541190e+01   4.2047592e+01   5.3851648e+00   1.5033296e+01   2.1095023e+01   3.0149627e+01   3.5171011e+01   3.7161808e+01   1.3000000e+01   2.1400935e+01   2.3430749e+01   3.3060551e+01   3.1320920e+01   2.8442925e+01   2.8178006e+01   3.0463092e+01   2.6570661e+01   3.3241540e+01   3.1575307e+01   2.6925824e+01   3.4365681e+01   2.7802878e+01
   3.9824616e+01   5.8668561e+01   5.4129474e+01   6.8593003e+01   3.9051248e+01   4.2485292e+01   2.2803509e+01   2.5317978e+01   4.9648766e+01   2.5298221e+01   1.4317821e+01   5.5000000e+01   4.9244289e+01   5.8694122e+01   6.7416615e+01   4.8166378e+01   3.8013156e+01   3.1304952e+01   1.2041595e+01   3.9115214e+01   6.1846584e+01   6.9892775e+01   7.9812280e+01   6.7601775e+01   7.6059187e+01   5.4451814e+01   4.0311289e+01   4.6754679e+01   6.3560994e+01   3.4928498e+01   2.9681644e+01   2.9017236e+01   4.9648766e+01   6.0415230e+01   5.7078893e+01   8.9442719e+00   5.0000000e+01   6.3007936e+01   7.7794601e+01   5.4817880e+01   7.0830784e+01   5.8821765e+01   6.7186308e+01   5.4230987e+01   3.0000000e+01   2.0396078e+01   1.2165525e+01   1.7464249e+01   0.0000000e+00   4.6065171e+01   4.4147480e+01   3.2649655e+01   4.8270074e+01   6.4202804e+01   7.2622311e+01   7.3109507e+01   6.1741396e+01   5.1613952e+01   4.6486557e+01   3.5735137e+01   4.4407207e+01   2.0591260e+01   2.1023796e+01   1.2727922e+01   5.6718604e+01   4.3289722e+01   8.7692645e+01   5.7801384e+01   3.7443290e+01   3.3241540e+01   5.1000000e+01   6.6219333e+01   6.3600314e+01   6.8007353e+01   7.1400280e+01   5.0249378e+01   5.3235327e+01   5.7280014e+01   5.4781384e+01   5.8830264e+01   5.0960769e+01   2.2847319e+01   3.2015621e+01   3.7336309e+01   4.7074409e+01   5.0039984e+01   5.4626001e+01   2.5612497e+01   3.8587563e+01   2.5019992e+01   4.9819675e+01   4.8703183e+01   4.5607017e+01   4.5617979e+01   4.7927028e+01   4.4011362e+01   5.0695167e+01   4.8764741e+01   4.4271887e+01   5.1419841e+01   4.3931765e+01
   6.3245553e+00   3.2310989e+01   8.2462113e+00   2.8160256e+01   3.6235342e+01   2.7802878e+01   2.7166155e+01   3.7215588e+01   1.5264338e+01   2.1400935e+01   3.2449961e+01   1.2369317e+01   2.7802878e+01   4.8918299e+01   4.5310043e+01   4.5803930e+01   4.5310043e+01   2.7892651e+01   3.4539832e+01   1.8110770e+01   2.7073973e+01   3.7054015e+01   4.2755117e+01   2.1633308e+01   3.2449961e+01   1.7117243e+01   1.3892444e+01   1.1661904e+01   1.7720045e+01   1.4764823e+01   1.6763055e+01   2.5059928e+01   7.8102497e+00   1.9697716e+01   2.4083189e+01   4.6840154e+01   3.8183766e+01   5.9396970e+01   3.7336309e+01   2.3086793e+01   4.0311289e+01   4.1880783e+01   5.0119856e+01   4.8836462e+01   4.1976184e+01   4.5011110e+01   4.0024992e+01   3.4365681e+01   4.6065171e+01   0.0000000e+00   1.1180340e+01   2.0396078e+01   1.8867962e+01   2.0591260e+01   2.8844410e+01   3.5510562e+01   3.8078866e+01   2.3706539e+01   3.4713110e+01   3.2695565e+01   4.1880783e+01   2.5495098e+01   2.9732137e+01   4.3863424e+01   3.3541020e+01   2.6076810e+01   4.6518813e+01   1.2041595e+01   1.0000000e+01   1.3453624e+01   2.3259407e+01   3.1000000e+01   3.0149627e+01   3.4014703e+01   3.6055513e+01   5.3851648e+00   7.2111026e+00   1.4866069e+01   1.0049876e+01   1.3453624e+01   1.0630146e+01   3.2000000e+01   3.4481879e+01   3.9395431e+01   3.9824616e+01   5.1865210e+01   3.4669872e+01   2.1587033e+01   2.4186773e+01   2.5612497e+01   4.2520583e+01   3.5355339e+01   3.7013511e+01   2.9000000e+01   3.1827661e+01   3.2015621e+01   3.4058773e+01   3.8209946e+01   3.4205263e+01   4.1012193e+01   1.6970563e+01
   1.2041595e+01   4.3324358e+01   1.4317821e+01   3.8470768e+01   4.4045431e+01   3.6878178e+01   3.0083218e+01   4.1785165e+01   6.3245553e+00   1.9104973e+01   2.9832868e+01   2.3021729e+01   3.8078866e+01   5.8821765e+01   5.6302753e+01   5.4451814e+01   5.2153619e+01   3.4132096e+01   3.4058773e+01   8.0622577e+00   3.8209946e+01   4.8166378e+01   5.3338541e+01   2.8017851e+01   4.1231056e+01   2.8284271e+01   2.2803509e+01   2.2472205e+01   2.1931712e+01   9.2195445e+00   1.8973666e+01   1.7804494e+01   7.2111026e+00   1.6278821e+01   1.5652476e+01   4.7042534e+01   4.7801674e+01   6.8883960e+01   4.7296934e+01   3.4205263e+01   5.1478151e+01   5.2354560e+01   6.0835845e+01   5.8137767e+01   4.7423623e+01   4.8052055e+01   4.1048752e+01   3.6496575e+01   4.4147480e+01   1.1180340e+01   0.0000000e+00   2.6627054e+01   2.9546573e+01   3.0083218e+01   3.7696154e+01   4.6173586e+01   4.9040799e+01   3.4539832e+01   4.4045431e+01   4.0000000e+01   5.0249378e+01   2.5000000e+01   2.4596748e+01   3.8948684e+01   2.3021729e+01   1.5000000e+01   5.5973208e+01   2.0248457e+01   1.6278821e+01   1.2165525e+01   1.2806248e+01   4.2047592e+01   4.1303753e+01   4.5099889e+01   4.7000000e+01   1.6000000e+01   1.5524175e+01   1.3416408e+01   1.2806248e+01   2.2135944e+01   7.2111026e+00   3.5735137e+01   4.0816663e+01   4.6615448e+01   4.8836462e+01   6.0207973e+01   4.5177428e+01   2.3769729e+01   3.2526912e+01   2.0124612e+01   5.1739733e+01   4.5000000e+01   4.6010868e+01   3.8600518e+01   4.1617304e+01   4.1109610e+01   4.4102154e+01   4.7634021e+01   4.3185646e+01   5.0606324e+01   2.6925824e+01
   1.5231546e+01   2.7202941e+01   2.8071338e+01   3.6235342e+01   1.7691806e+01   1.3152946e+01   9.8994949e+00   1.7000000e+01   3.2756679e+01   1.7262677e+01   2.3086793e+01   2.4351591e+01   1.8248288e+01   3.5114100e+01   3.8118237e+01   2.8600699e+01   2.5553865e+01   7.6157731e+00   2.0808652e+01   2.8425341e+01   2.9206164e+01   3.7589892e+01   4.7201695e+01   3.8832976e+01   4.4418465e+01   2.2203603e+01   8.5440037e+00   1.5231546e+01   3.7013511e+01   2.1400935e+01   9.8488578e+00   2.7202941e+01   2.7513633e+01   3.9849718e+01   4.2190046e+01   3.0232433e+01   2.4041631e+01   4.3908997e+01   4.5276926e+01   2.2203603e+01   3.9000000e+01   3.1144823e+01   4.0199502e+01   3.3120990e+01   2.1587033e+01   2.5495098e+01   2.3021729e+01   1.6643317e+01   3.2649655e+01   2.0396078e+01   2.6627054e+01   0.0000000e+00   1.5620499e+01   3.3105891e+01   4.1182521e+01   4.0459857e+01   3.1400637e+01   1.9235384e+01   1.9924859e+01   1.3453624e+01   2.4207437e+01   1.5297059e+01   2.6000000e+01   3.6055513e+01   4.8795492e+01   3.7202150e+01   5.5172457e+01   2.9274562e+01   1.0770330e+01   1.6401219e+01   3.9051248e+01   3.3600595e+01   3.1064449e+01   3.5510562e+01   3.8832976e+01   2.2022716e+01   2.6000000e+01   3.5171011e+01   3.0413813e+01   2.9614186e+01   3.0083218e+01   1.2649111e+01   1.4317821e+01   2.0000000e+01   2.3706539e+01   3.3970576e+01   2.5019992e+01   9.0553851e+00   8.0622577e+00   2.4331050e+01   2.6832816e+01   2.1587033e+01   2.1023796e+01   1.6031220e+01   1.9104973e+01   1.6763055e+01   2.2090722e+01   2.3409400e+01   1.8384776e+01   2.6570661e+01   1.1313708e+01
   1.8439089e+01   1.4142136e+01   2.2803509e+01   2.1095023e+01   2.2022716e+01   1.2041595e+01   2.5495098e+01   2.9546573e+01   3.4132096e+01   2.9832868e+01   3.8013156e+01   1.3601471e+01   9.2195445e+00   3.0413813e+01   2.6925824e+01   2.9154759e+01   3.2015621e+01   1.9235384e+01   3.6400549e+01   3.4928498e+01   1.3601471e+01   2.2472205e+01   3.1622777e+01   2.8284271e+01   3.0083218e+01   8.0622577e+00   9.2195445e+00   7.2111026e+00   2.9154759e+01   2.9154759e+01   2.1840330e+01   3.8052595e+01   2.6400758e+01   3.6878178e+01   4.2801869e+01   4.5453273e+01   2.0248457e+01   4.1231056e+01   2.9832868e+01   6.7082039e+00   2.4515301e+01   2.3021729e+01   3.1304952e+01   3.1064449e+01   3.1780497e+01   3.8910153e+01   3.8288379e+01   3.1890437e+01   4.8270074e+01   1.8867962e+01   2.9546573e+01   1.5620499e+01   0.0000000e+00   2.0099751e+01   2.7202941e+01   2.4839485e+01   1.9646883e+01   5.0990195e+00   1.7464249e+01   2.0223748e+01   2.5961510e+01   2.9966648e+01   3.9293765e+01   5.0990195e+01   5.2354560e+01   4.3680659e+01   3.9698866e+01   2.0615528e+01   1.6000000e+01   2.5000000e+01   4.2059482e+01   1.8027756e+01   1.5652476e+01   2.0124612e+01   2.3323808e+01   1.6278821e+01   2.0000000e+01   3.1890437e+01   2.6248809e+01   1.9924859e+01   2.9206164e+01   2.7202941e+01   2.3769729e+01   2.6000000e+01   2.2847319e+01   3.5468296e+01   1.5811388e+01   2.3706539e+01   1.1704700e+01   3.6496575e+01   2.5059928e+01   1.7492856e+01   2.0248457e+01   1.1704700e+01   1.3892444e+01   1.5524175e+01   1.5620499e+01   2.0591260e+01   1.7720045e+01   2.3021729e+01   4.4721360e+00
   2.5612497e+01   2.5059928e+01   1.6124515e+01   9.2195445e+00   4.2011903e+01   3.2015621e+01   4.2544095e+01   4.9040799e+01   3.1064449e+01   4.1109610e+01   5.1623638e+01   9.2195445e+00   2.7294688e+01   4.6097722e+01   3.6124784e+01   4.7853944e+01   5.2009614e+01   3.8600518e+01   5.2201533e+01   3.7947332e+01   1.5000000e+01   2.2472205e+01   2.4083189e+01   1.0000000e+01   1.2041595e+01   1.2041595e+01   2.4596748e+01   1.7888544e+01   1.4764823e+01   3.5355339e+01   3.4713110e+01   4.5650849e+01   2.3345235e+01   2.7202941e+01   3.6496575e+01   6.3134776e+01   3.8078866e+01   5.7271284e+01   1.7262677e+01   1.7464249e+01   2.6627054e+01   3.7121422e+01   4.2801869e+01   4.8383882e+01   5.1788030e+01   5.8189346e+01   5.5946403e+01   4.9648766e+01   6.4202804e+01   2.0591260e+01   3.0083218e+01   3.3105891e+01   2.0099751e+01   0.0000000e+00   8.4852814e+00   1.7464249e+01   3.0232433e+01   2.1213203e+01   3.6345564e+01   4.0311289e+01   4.5276926e+01   4.3931765e+01   5.0000000e+01   6.3780875e+01   4.8259714e+01   4.4721360e+01   2.6000000e+01   1.0049876e+01   2.6907248e+01   3.3600595e+01   3.9000000e+01   1.6401219e+01   1.7691806e+01   1.9416488e+01   1.9697716e+01   1.5264338e+01   1.4560220e+01   2.3345235e+01   1.9000000e+01   8.0622577e+00   2.5079872e+01   4.5694639e+01   4.3737855e+01   4.6043458e+01   4.1593269e+01   5.4129474e+01   3.1016125e+01   3.8600518e+01   3.1575307e+01   4.6043458e+01   4.3174066e+01   3.5693137e+01   3.9319207e+01   3.1064449e+01   3.2388269e+01   3.5057096e+01   3.2984845e+01   3.8832976e+01   3.7121422e+01   4.0521599e+01   2.2803509e+01
   3.4058773e+01   2.8635642e+01   2.3409400e+01   8.5440037e+00   4.8507731e+01   3.8639358e+01   5.0774009e+01   5.6648036e+01   3.7854986e+01   4.9578221e+01   6.0108236e+01   1.7691806e+01   3.3060551e+01   4.9729267e+01   3.7589892e+01   5.3084838e+01   5.8420887e+01   4.6238512e+01   6.0605280e+01   4.5694639e+01   1.8248288e+01   2.2203603e+01   1.9697716e+01   1.2165525e+01   3.6055513e+00   1.9313208e+01   3.2756679e+01   2.6076810e+01   1.9026298e+01   4.3566042e+01   4.3185646e+01   5.3851648e+01   3.0675723e+01   3.2062439e+01   4.2000000e+01   7.1344236e+01   4.3104524e+01   6.0728906e+01   1.1401754e+01   2.3086793e+01   2.6400758e+01   4.0521599e+01   4.4721360e+01   5.2773099e+01   5.8940648e+01   6.5924199e+01   6.4140471e+01   5.7801384e+01   7.2622311e+01   2.8844410e+01   3.7696154e+01   4.1182521e+01   2.7202941e+01   8.4852814e+00   0.0000000e+00   1.4866069e+01   3.2893768e+01   2.7166155e+01   4.2011903e+01   4.7296934e+01   5.1009803e+01   5.2402290e+01   5.8412327e+01   7.2249567e+01   5.4009258e+01   5.1923020e+01   1.8439089e+01   1.7464249e+01   3.5383612e+01   4.2011903e+01   4.5398238e+01   1.7464249e+01   1.9924859e+01   1.9723083e+01   1.8439089e+01   2.3600847e+01   2.2360680e+01   2.9068884e+01   2.5709920e+01   1.5652476e+01   3.2015621e+01   5.3665631e+01   5.0960769e+01   5.2611786e+01   4.7010637e+01   5.9211485e+01   3.5355339e+01   4.7010637e+01   3.8897301e+01   5.4405882e+01   4.8166378e+01   4.1012193e+01   4.5011110e+01   3.7215588e+01   3.8013156e+01   4.1194660e+01   3.8052595e+01   4.4045431e+01   4.3104524e+01   4.5276926e+01   3.0463092e+01
   3.8897301e+01   1.8681542e+01   3.3060551e+01   8.2462113e+00   4.2047592e+01   3.3286634e+01   5.0328918e+01   5.3009433e+01   4.8041649e+01   5.3225934e+01   6.2433965e+01   2.3194827e+01   2.6419690e+01   3.8052595e+01   2.4041631e+01   4.3737855e+01   5.1264022e+01   4.3278170e+01   6.1220911e+01   5.3600373e+01   1.1313708e+01   8.2462113e+00   7.2801099e+00   2.5942244e+01   1.4422205e+01   1.9697716e+01   3.3286634e+01   2.7730849e+01   3.1953091e+01   4.9729267e+01   4.5650849e+01   5.9774577e+01   4.0000000e+01   4.4643029e+01   5.3935146e+01   7.0035705e+01   3.3955854e+01   4.8507731e+01   7.0000000e+00   1.8384776e+01   1.2083046e+01   2.9000000e+01   3.1320920e+01   4.2047592e+01   5.3712196e+01   6.2425956e+01   6.2936476e+01   5.6568542e+01   7.3109507e+01   3.5510562e+01   4.6173586e+01   4.0459857e+01   2.4839485e+01   1.7464249e+01   1.4866069e+01   0.0000000e+00   2.1000000e+01   2.2022716e+01   3.4176015e+01   4.2190046e+01   4.2720019e+01   5.4378304e+01   6.2649820e+01   7.5292762e+01   6.5620119e+01   6.1131007e+01   1.5652476e+01   2.7166155e+01   3.8483763e+01   4.6818800e+01   5.6142675e+01   7.2111026e+00   1.0295630e+01   7.0710678e+00   4.1231056e+00   3.0265492e+01   3.1000000e+01   4.0792156e+01   3.6221541e+01   2.5179357e+01   4.2047592e+01   5.1662365e+01   4.6324939e+01   4.6097722e+01   3.8327536e+01   4.9365980e+01   2.5709920e+01   4.8259714e+01   3.5468296e+01   5.9236813e+01   3.8639358e+01   3.2572995e+01   3.7000000e+01   3.0886890e+01   3.0463092e+01   3.4438351e+01   2.9410882e+01   3.5171011e+01   3.5846897e+01   3.5510562e+01   2.9206164e+01
   3.8078866e+01   5.8309519e+00   4.0224371e+01   2.4351591e+01   2.4758837e+01   1.9313208e+01   3.9849718e+01   3.8013156e+01   5.3225934e+01   4.8041649e+01   5.4341513e+01   2.9206164e+01   1.3152946e+01   1.7117243e+01   7.2801099e+00   2.3409400e+01   3.2449961e+01   3.0463092e+01   5.0921508e+01   5.4571055e+01   1.5264338e+01   1.3152946e+01   2.4041631e+01   4.0224371e+01   3.3955854e+01   2.2203603e+01   2.8160256e+01   2.6570661e+01   4.3863424e+01   4.8662100e+01   4.0012498e+01   5.7078893e+01   4.5177428e+01   5.4203321e+01   6.1400326e+01   5.6603887e+01   1.4422205e+01   2.7892651e+01   2.8000000e+01   1.5264338e+01   1.1180340e+01   8.0000000e+00   1.2727922e+01   2.1095023e+01   3.6769553e+01   4.6861498e+01   5.0119856e+01   4.4283180e+01   6.1741396e+01   3.8078866e+01   4.9040799e+01   3.1400637e+01   1.9646883e+01   3.0232433e+01   3.2893768e+01   2.1000000e+01   0.0000000e+00   1.4560220e+01   1.6278821e+01   2.6627054e+01   2.3323808e+01   4.6690470e+01   5.7218878e+01   6.7186308e+01   7.1589105e+01   6.3324561e+01   3.5693137e+01   3.6124784e+01   3.5355339e+01   4.4283180e+01   6.1326992e+01   1.5524175e+01   1.3000000e+01   1.4035669e+01   1.7029386e+01   3.4481879e+01   3.7443290e+01   4.9406477e+01   4.3829214e+01   3.4655447e+01   4.7885280e+01   3.8910153e+01   3.0805844e+01   2.8319605e+01   1.8867962e+01   2.8635642e+01   7.2111026e+00   4.0447497e+01   2.3769729e+01   5.5009090e+01   1.8384776e+01   1.4142136e+01   1.8439089e+01   1.6155494e+01   1.3892444e+01   1.8027756e+01   1.1401754e+01   1.5811388e+01   1.8439089e+01   1.5231546e+01   2.3194827e+01
   2.3537205e+01   9.0553851e+00   2.6870058e+01   1.9924859e+01   2.1377558e+01   1.1704700e+01   2.8844410e+01   3.1064449e+01   3.8948684e+01   3.4525353e+01   4.2154478e+01   1.6643317e+01   6.0827625e+00   2.6400758e+01   2.1840330e+01   2.6683328e+01   3.1256999e+01   2.1260292e+01   3.9962482e+01   4.0024992e+01   1.0816654e+01   1.8357560e+01   2.8319605e+01   3.0364453e+01   2.9614186e+01   9.8488578e+00   1.4035669e+01   1.2083046e+01   3.2249031e+01   3.4234486e+01   2.6476405e+01   4.3011626e+01   3.1064449e+01   4.1012193e+01   4.7434165e+01   4.8083261e+01   1.7088007e+01   3.7443290e+01   2.7784888e+01   4.1231056e+00   1.9924859e+01   1.8439089e+01   2.6419690e+01   2.7730849e+01   3.2310989e+01   4.0496913e+01   4.1036569e+01   3.4713110e+01   5.1613952e+01   2.3706539e+01   3.4539832e+01   1.9235384e+01   5.0990195e+00   2.1213203e+01   2.7166155e+01   2.2022716e+01   1.4560220e+01   0.0000000e+00   1.5132746e+01   2.0615528e+01   2.4083189e+01   3.4176015e+01   4.3931765e+01   5.5154329e+01   5.7245087e+01   4.8764741e+01   3.7443290e+01   2.3853721e+01   2.1023796e+01   3.0016662e+01   4.6957428e+01   1.4866069e+01   1.2041595e+01   1.6401219e+01   1.9849433e+01   2.0615528e+01   2.4041631e+01   3.6069378e+01   3.0413813e+01   2.2825424e+01   3.3837849e+01   2.9698485e+01   2.4596748e+01   2.5495098e+01   2.0396078e+01   3.2984845e+01   1.1313708e+01   2.7856777e+01   1.3453624e+01   4.1303753e+01   2.2135944e+01   1.4560220e+01   1.8110770e+01   1.0049876e+01   1.1180340e+01   1.4035669e+01   1.2083046e+01   1.7720045e+01   1.6000000e+01   1.9697716e+01   9.0553851e+00
   3.2015621e+01   1.5652476e+01   3.9962482e+01   3.4234486e+01   8.4852814e+00   7.2111026e+00   2.6019224e+01   2.1954498e+01   4.9517674e+01   3.7107951e+01   4.1012193e+01   3.1016125e+01   9.0553851e+00   1.5231546e+01   2.1023796e+01   1.1704700e+01   1.7088007e+01   1.6031220e+01   3.6496575e+01   4.7507894e+01   2.4331050e+01   2.7784888e+01   3.8948684e+01   4.5354162e+01   4.4181444e+01   2.4738634e+01   2.1260292e+01   2.3853721e+01   4.6615448e+01   4.0706265e+01   2.9732137e+01   4.7127487e+01   4.2520583e+01   5.3823787e+01   5.8694122e+01   4.0706265e+01   4.1231056e+00   2.4839485e+01   4.0804412e+01   1.9026298e+01   2.7018512e+01   1.2369317e+01   2.1095023e+01   1.4142136e+01   2.0518285e+01   3.0610456e+01   3.4539832e+01   2.9120440e+01   4.6486557e+01   3.4713110e+01   4.4045431e+01   1.9924859e+01   1.7464249e+01   3.6345564e+01   4.2011903e+01   3.4176015e+01   1.6278821e+01   1.5132746e+01   0.0000000e+00   1.0770330e+01   9.0000000e+00   3.4132096e+01   4.5398238e+01   5.3338541e+01   6.7007462e+01   5.6435804e+01   4.9769469e+01   3.8078866e+01   2.8017851e+01   3.5777088e+01   5.6850682e+01   2.7202941e+01   2.4041631e+01   2.7313001e+01   3.0870698e+01   3.3286634e+01   3.7215588e+01   4.8826222e+01   4.3266615e+01   3.7336309e+01   4.5343136e+01   2.3769729e+01   1.4764823e+01   1.2206556e+01   5.3851648e+00   1.8027756e+01   9.2195445e+00   2.8442925e+01   1.2083046e+01   4.4147480e+01   7.8102497e+00   2.2360680e+00   3.0000000e+00   5.8309519e+00   4.0000000e+00   3.1622777e+00   5.0000000e+00   3.6055513e+00   2.2360680e+00   6.7082039e+00   1.7804494e+01
   2.8301943e+01   2.4758837e+01   3.9560081e+01   4.0496913e+01   4.4721360e+00   8.9442719e+00   1.6278821e+01   1.1401754e+01   4.6043458e+01   2.9068884e+01   3.1144823e+01   3.3015148e+01   1.5811388e+01   2.4083189e+01   3.1780497e+01   1.5652476e+01   1.2649111e+01   6.7082039e+00   2.6076810e+01   4.1773197e+01   3.1304952e+01   3.6878178e+01   4.7801674e+01   4.8010416e+01   5.0000000e+01   2.8284271e+01   1.8973666e+01   2.4186773e+01   4.7675990e+01   3.4713110e+01   2.2803509e+01   3.9357337e+01   4.0249224e+01   5.2392748e+01   5.5470713e+01   3.0016662e+01   1.4317821e+01   3.1384710e+01   4.8301139e+01   2.4698178e+01   3.6796739e+01   2.3086793e+01   3.1575307e+01   2.0880613e+01   1.1704700e+01   2.0518285e+01   2.3769729e+01   1.8439089e+01   3.5735137e+01   3.2695565e+01   4.0000000e+01   1.3453624e+01   2.0223748e+01   4.0311289e+01   4.7296934e+01   4.2190046e+01   2.6627054e+01   2.0615528e+01   1.0770330e+01   0.0000000e+00   1.1180340e+01   2.5000000e+01   3.6400549e+01   4.3046487e+01   6.2241465e+01   5.0447993e+01   5.7801384e+01   3.9319207e+01   2.3853721e+01   2.9732137e+01   5.2497619e+01   3.4985711e+01   3.1906112e+01   3.5805028e+01   3.9408121e+01   3.2984845e+01   3.7107951e+01   4.7539457e+01   4.2379240e+01   3.9115214e+01   4.2941821e+01   1.3152946e+01   4.2426407e+00   6.7082039e+00   1.2041595e+01   2.0615528e+01   1.9416488e+01   2.0124612e+01   9.0553851e+00   3.5846897e+01   1.5132746e+01   1.3000000e+01   1.0049876e+01   1.1401754e+01   1.2806248e+01   8.6023253e+00   1.5264338e+01   1.3152946e+01   8.5440037e+00   1.6031220e+01   1.8027756e+01
   3.8288379e+01   2.4041631e+01   4.7853944e+01   4.3185646e+01   6.7082039e+00   1.4317821e+01   2.7202941e+01   1.9104973e+01   5.6080300e+01   4.0249224e+01   4.1773197e+01   3.9560081e+01   1.8027756e+01   1.4317821e+01   2.6172505e+01   4.4721360e+00   9.2195445e+00   1.7888544e+01   3.6124784e+01   5.2630789e+01   3.3241540e+01   3.5846897e+01   4.7010637e+01   5.4129474e+01   5.3150729e+01   3.3541020e+01   2.8017851e+01   3.1780497e+01   5.5027266e+01   4.5607017e+01   3.3837849e+01   5.0537115e+01   4.9648766e+01   6.1400326e+01   6.5436993e+01   3.7363083e+01   8.9442719e+00   2.0248457e+01   4.9477268e+01   2.8017851e+01   3.4481879e+01   1.6970563e+01   2.3706539e+01   1.0049876e+01   1.5231546e+01   2.6000000e+01   3.2249031e+01   2.8017851e+01   4.4407207e+01   4.1880783e+01   5.0249378e+01   2.4207437e+01   2.5961510e+01   4.5276926e+01   5.1009803e+01   4.2720019e+01   2.3323808e+01   2.4083189e+01   9.0000000e+00   1.1180340e+01   0.0000000e+00   3.6055513e+01   4.7434165e+01   5.3084838e+01   7.2862885e+01   6.1400326e+01   5.8189346e+01   4.6486557e+01   3.3970576e+01   4.0607881e+01   6.2936476e+01   3.5902646e+01   3.2756679e+01   3.5735137e+01   3.9217343e+01   4.1146081e+01   4.5188494e+01   5.6435804e+01   5.1000000e+01   4.5880279e+01   5.2430907e+01   2.3194827e+01   1.3152946e+01   7.0710678e+00   4.4721360e+00   1.0000000e+01   1.7088007e+01   3.1304952e+01   1.7804494e+01   4.7010637e+01   5.8309519e+00   1.0198039e+01   6.0000000e+00   1.4317821e+01   1.3000000e+01   1.0440307e+01   1.3341664e+01   7.6157731e+00   8.2462113e+00   8.4852814e+00   2.5495098e+01
   1.9235384e+01   4.2449971e+01   3.3615473e+01   4.9040799e+01   2.9410882e+01   2.8017851e+01   8.9442719e+00   2.0518285e+01   3.1064449e+01   6.3245553e+00   8.0622577e+00   3.4713110e+01   3.3541020e+01   4.8836462e+01   5.3338541e+01   4.0496913e+01   3.3837849e+01   1.8439089e+01   9.2195445e+00   2.2135944e+01   4.3416587e+01   5.2392748e+01   6.1400326e+01   4.7010637e+01   5.5901699e+01   3.5000000e+01   2.1095023e+01   2.7018512e+01   4.3081318e+01   1.6124515e+01   9.2195445e+00   1.5556349e+01   2.9614186e+01   4.1109610e+01   3.9623226e+01   2.2090722e+01   3.8209946e+01   5.6302753e+01   5.8412327e+01   3.6674242e+01   5.4083269e+01   4.6000000e+01   5.5009090e+01   4.5880279e+01   2.6907248e+01   2.4166092e+01   1.6124515e+01   1.2529964e+01   2.0591260e+01   2.5495098e+01   2.5000000e+01   1.5297059e+01   2.9966648e+01   4.3931765e+01   5.2402290e+01   5.4378304e+01   4.6690470e+01   3.4176015e+01   3.4132096e+01   2.5000000e+01   3.6055513e+01   0.0000000e+00   1.1401754e+01   2.1023796e+01   4.2485292e+01   2.9154759e+01   6.8249542e+01   3.7215588e+01   1.7029386e+01   1.3152946e+01   3.4481879e+01   4.7885280e+01   4.5617979e+01   5.0089919e+01   5.3235327e+01   2.9681644e+01   3.2649655e+01   3.7483330e+01   3.4481879e+01   3.8275318e+01   3.1256999e+01   1.4212670e+01   2.3259407e+01   2.9966648e+01   3.6878178e+01   4.4721360e+01   4.0199502e+01   6.3245553e+00   2.3086793e+01   1.1401754e+01   4.0024992e+01   3.6055513e+01   3.4525353e+01   3.1064449e+01   3.4014703e+01   3.1064449e+01   3.7013511e+01   3.7336309e+01   3.2249031e+01   4.0447497e+01   2.5495098e+01
   2.4413111e+01   5.2611786e+01   3.6878178e+01   5.6435804e+01   4.0804412e+01   3.9051248e+01   2.0248457e+01   3.1064449e+01   2.9410882e+01   9.4868330e+00   8.0622577e+00   4.1048752e+01   4.4102154e+01   6.0207973e+01   6.4070274e+01   5.1865210e+01   4.4777226e+01   2.9832868e+01   1.5000000e+01   1.8439089e+01   5.2201533e+01   6.1684682e+01   6.9856997e+01   5.0990195e+01   6.2008064e+01   4.2953463e+01   3.0083218e+01   3.4928498e+01   4.5803930e+01   1.5811388e+01   1.7464249e+01   8.0000000e+00   3.1064449e+01   4.0496913e+01   3.6221541e+01   2.6570661e+01   4.9497475e+01   6.7675697e+01   6.5863495e+01   4.5880279e+01   6.3788714e+01   5.7078893e+01   6.6121101e+01   5.7280014e+01   3.7443290e+01   3.2649655e+01   2.3021729e+01   2.2022716e+01   2.1023796e+01   2.9732137e+01   2.4596748e+01   2.6000000e+01   3.9293765e+01   5.0000000e+01   5.8412327e+01   6.2649820e+01   5.7218878e+01   4.3931765e+01   4.5398238e+01   3.6400549e+01   4.7434165e+01   1.1401754e+01   0.0000000e+00   1.4422205e+01   3.5902646e+01   2.2360680e+01   7.5471849e+01   4.1725292e+01   2.4166092e+01   1.6401219e+01   3.0016662e+01   5.6648036e+01   5.4708317e+01   5.9135438e+01   6.2032250e+01   3.4828150e+01   3.6769553e+01   3.8013156e+01   3.6619667e+01   4.3185646e+01   3.1764760e+01   2.5059928e+01   3.4539832e+01   4.1231056e+01   4.8270074e+01   5.5946403e+01   5.1009803e+01   1.7029386e+01   3.4014703e+01   4.4721360e+00   5.1419841e+01   4.7265209e+01   4.5891176e+01   4.2011903e+01   4.5044423e+01   4.2296572e+01   4.8041649e+01   4.8662100e+01   4.3566042e+01   5.1788030e+01   3.4928498e+01
   3.8209946e+01   6.3245553e+01   5.1224994e+01   6.9634761e+01   4.7000000e+01   4.8052055e+01   2.7459060e+01   3.4365681e+01   4.3462628e+01   2.2671568e+01   1.3000000e+01   5.4671748e+01   5.4120237e+01   6.7000000e+01   7.3545904e+01   5.7218878e+01   4.8052055e+01   3.7336309e+01   1.7000000e+01   3.2310989e+01   6.4412732e+01   7.3409809e+01   8.2365041e+01   6.5299311e+01   7.5822160e+01   5.5758407e+01   4.2059482e+01   4.7707442e+01   6.0216277e+01   3.0232433e+01   2.9681644e+01   2.1540659e+01   4.5486262e+01   5.4626001e+01   4.9477268e+01   2.1400935e+01   5.7218878e+01   7.2691127e+01   7.9056942e+01   5.7697487e+01   7.5026662e+01   6.5620119e+01   7.4431176e+01   6.3126856e+01   4.0024992e+01   3.1780497e+01   2.2135944e+01   2.5079872e+01   1.2727922e+01   4.3863424e+01   3.8948684e+01   3.6055513e+01   5.0990195e+01   6.3780875e+01   7.2249567e+01   7.5292762e+01   6.7186308e+01   5.5154329e+01   5.3338541e+01   4.3046487e+01   5.3084838e+01   2.1023796e+01   1.4422205e+01   0.0000000e+00   4.7000000e+01   3.4234486e+01   8.8814413e+01   5.5901699e+01   3.7202150e+01   3.0413813e+01   4.2953463e+01   6.8883960e+01   6.6640828e+01   7.1112587e+01   7.4242845e+01   4.8795492e+01   5.0990195e+01   5.2354560e+01   5.1039201e+01   5.7280014e+01   4.6141088e+01   3.0000000e+01   4.0012498e+01   4.6173586e+01   5.5009090e+01   6.0016664e+01   6.0415230e+01   2.7313001e+01   4.3416587e+01   1.8867962e+01   5.8000000e+01   5.5443665e+01   5.3084838e+01   5.1195703e+01   5.3935146e+01   5.0487622e+01   5.6885851e+01   5.6142675e+01   5.1244512e+01   5.9076222e+01   4.6518813e+01
   3.5000000e+01   6.5795137e+01   3.2756679e+01   5.7428216e+01   6.6468037e+01   5.9816386e+01   4.9929951e+01   6.2128898e+01   1.8384776e+01   3.6235342e+01   4.3680659e+01   4.3680659e+01   6.1057350e+01   8.1841310e+01   7.8790862e+01   7.7155687e+01   7.3878278e+01   5.5973208e+01   4.9979996e+01   2.0808652e+01   5.9481089e+01   6.9123079e+01   7.2339477e+01   4.2107007e+01   5.7078893e+01   4.9979996e+01   4.5803930e+01   4.5177428e+01   3.5057096e+01   2.7802878e+01   3.9824616e+01   2.8160256e+01   2.6570661e+01   2.2203603e+01   1.2041595e+01   6.2361847e+01   7.0802542e+01   9.1831367e+01   6.5030762e+01   5.6462377e+01   7.2801099e+01   7.5292762e+01   8.3648072e+01   8.1055537e+01   6.8242216e+01   6.6640828e+01   5.7939624e+01   5.5009090e+01   5.6718604e+01   3.3541020e+01   2.3021729e+01   4.8795492e+01   5.2354560e+01   4.8259714e+01   5.4009258e+01   6.5620119e+01   7.1589105e+01   5.7245087e+01   6.7007462e+01   6.2241465e+01   7.2862885e+01   4.2485292e+01   3.5902646e+01   4.7000000e+01   0.0000000e+00   1.3601471e+01   7.2173402e+01   3.8470768e+01   3.9051248e+01   3.2649655e+01   1.0295630e+01   6.2817195e+01   6.2641839e+01   6.5969690e+01   6.7268120e+01   3.7336309e+01   3.5171011e+01   2.5019992e+01   2.9427878e+01   4.0447497e+01   2.4041631e+01   5.5758407e+01   6.2481997e+01   6.8680419e+01   7.1700767e+01   8.2734515e+01   6.8095521e+01   4.3829214e+01   5.5317267e+01   3.2572995e+01   7.4652528e+01   6.8007353e+01   6.8883960e+01   6.1611687e+01   6.4637450e+01   6.4031242e+01   6.7119297e+01   7.0604532e+01   6.6068147e+01   7.3600272e+01   4.9929951e+01
   2.5298221e+01   5.7723479e+01   2.8635642e+01   5.3338541e+01   5.4817880e+01   4.9244289e+01   3.7013511e+01   4.9203658e+01   1.4317821e+01   2.3021729e+01   3.0083218e+01   3.8013156e+01   5.1623638e+01   7.1589105e+01   7.0604532e+01   6.5802736e+01   6.1522354e+01   4.3931765e+01   3.6400549e+01   8.9442719e+00   5.3150729e+01   6.3126856e+01   6.8264193e+01   4.1231056e+01   5.5362442e+01   4.3185646e+01   3.5846897e+01   3.6878178e+01   3.4438351e+01   1.5811388e+01   2.7658633e+01   1.4560220e+01   2.1377558e+01   2.4083189e+01   1.6124515e+01   4.8764741e+01   6.0415230e+01   8.0993827e+01   6.1983869e+01   4.8836462e+01   6.6370174e+01   6.5924199e+01   7.4672619e+01   7.0178344e+01   5.5443665e+01   5.3235327e+01   4.4384682e+01   4.1677332e+01   4.3289722e+01   2.6076810e+01   1.5000000e+01   3.7202150e+01   4.3680659e+01   4.4721360e+01   5.1923020e+01   6.1131007e+01   6.3324561e+01   4.8764741e+01   5.6435804e+01   5.0447993e+01   6.1400326e+01   2.9154759e+01   2.2360680e+01   3.4234486e+01   1.3601471e+01   0.0000000e+00   7.0342022e+01   3.4713110e+01   2.8635642e+01   2.0808652e+01   9.4339811e+00   5.7035077e+01   5.6222771e+01   6.0074953e+01   6.2000000e+01   3.1000000e+01   3.0265492e+01   2.4186773e+01   2.6248809e+01   3.6674242e+01   1.9924859e+01   4.2801869e+01   5.0209561e+01   5.6639209e+01   6.0745370e+01   7.1063352e+01   5.8872744e+01   3.1144823e+01   4.4418465e+01   1.8973666e+01   6.3812225e+01   5.7706152e+01   5.7982756e+01   5.1429563e+01   5.4561891e+01   5.3338541e+01   5.7271284e+01   6.0033324e+01   5.5226805e+01   6.3134776e+01   4.0496913e+01
   5.1107729e+01   3.4176015e+01   4.1761226e+01   1.9209373e+01   5.7697487e+01   4.8877398e+01   6.5069194e+01   6.8505474e+01   5.6293872e+01   6.6287254e+01   7.6216796e+01   3.4481879e+01   4.2059482e+01   5.2239832e+01   3.7000000e+01   5.8940648e+01   6.6850580e+01   5.8600341e+01   7.5690158e+01   6.3906181e+01   2.6627054e+01   2.2561028e+01   1.2000000e+01   3.0066593e+01   1.5132746e+01   3.3301652e+01   4.7423623e+01   4.1231056e+01   3.7121422e+01   6.1269895e+01   5.9203040e+01   7.1554175e+01   4.9040799e+01   5.0039984e+01   6.0133186e+01   8.5146932e+01   4.9335586e+01   6.2000000e+01   9.8994949e+00   3.3600595e+01   2.5079872e+01   4.3566042e+01   4.4045431e+01   5.6718604e+01   6.9354164e+01   7.7935871e+01   7.7987178e+01   7.1589105e+01   8.7692645e+01   4.6518813e+01   5.5973208e+01   5.5172457e+01   3.9698866e+01   2.6000000e+01   1.8439089e+01   1.5652476e+01   3.5693137e+01   3.7443290e+01   4.9769469e+01   5.7801384e+01   5.8189346e+01   6.8249542e+01   7.5471849e+01   8.8814413e+01   7.2173402e+01   7.0342022e+01   0.0000000e+00   3.5735137e+01   5.1613952e+01   5.9169249e+01   6.3788714e+01   2.2825424e+01   2.5942244e+01   2.2472205e+01   1.8973666e+01   4.1146081e+01   4.0496913e+01   4.7381431e+01   4.4147480e+01   3.3837849e+01   5.0447993e+01   6.6843100e+01   6.1911227e+01   6.1741396e+01   5.3758720e+01   6.4327288e+01   4.1109610e+01   6.2369865e+01   5.0803543e+01   7.1693793e+01   5.3851648e+01   4.8104054e+01   5.2554733e+01   4.6529560e+01   4.6097722e+01   5.0089919e+01   4.4944410e+01   5.0596443e+01   5.1478151e+01   5.0695167e+01   4.3863424e+01
   1.8027756e+01   3.0413813e+01   6.0827625e+00   1.9026298e+01   4.1976184e+01   3.2280025e+01   3.7643060e+01   4.6173586e+01   2.1023796e+01   3.3421550e+01   4.4407207e+01   7.2111026e+00   2.9529646e+01   5.0219518e+01   4.2801869e+01   4.9769469e+01   5.1788030e+01   3.6013886e+01   4.6065171e+01   2.8231188e+01   2.1954498e+01   3.1016125e+01   3.4014703e+01   9.8488578e+00   2.1023796e+01   1.4212670e+01   2.1023796e+01   1.5132746e+01   8.5440037e+00   2.6400758e+01   2.8178006e+01   3.6619667e+01   1.3341664e+01   1.8357560e+01   2.6925824e+01   5.7939624e+01   4.0706265e+01   6.1294372e+01   2.7294688e+01   2.1260292e+01   3.4928498e+01   4.1868843e+01   4.8836462e+01   5.1478151e+01   5.0009999e+01   5.4744863e+01   5.0921508e+01   4.4922155e+01   5.7801384e+01   1.2041595e+01   2.0248457e+01   2.9274562e+01   2.0615528e+01   1.0049876e+01   1.7464249e+01   2.7166155e+01   3.6124784e+01   2.3853721e+01   3.8078866e+01   3.9319207e+01   4.6486557e+01   3.7215588e+01   4.1725292e+01   5.5901699e+01   3.8470768e+01   3.4713110e+01   3.5735137e+01   0.0000000e+00   2.0615528e+01   2.5495098e+01   2.9017236e+01   2.4698178e+01   2.5059928e+01   2.7856777e+01   2.8861739e+01   7.6157731e+00   5.0000000e+00   1.3928388e+01   9.0553851e+00   2.0000000e+00   1.5033296e+01   4.1773197e+01   4.2047592e+01   4.5705580e+01   4.3462628e+01   5.6080300e+01   3.5000000e+01   3.2695565e+01   3.0265492e+01   3.7536649e+01   4.5617979e+01   3.8013156e+01   4.0853396e+01   3.2310989e+01   3.4438351e+01   3.6055513e+01   3.5846897e+01   4.1146081e+01   3.8275318e+01   4.3416587e+01   2.1377558e+01
   4.4721360e+00   3.0066593e+01   1.8110770e+01   3.2449961e+01   2.7802878e+01   2.0808652e+01   1.7262677e+01   2.7294688e+01   2.2203603e+01   1.4764823e+01   2.4758837e+01   1.7691806e+01   2.3086793e+01   4.3046487e+01   4.2579338e+01   3.8183766e+01   3.6235342e+01   1.8384776e+01   2.5553865e+01   1.9697716e+01   2.8160256e+01   3.7854986e+01   4.5694639e+01   3.0463092e+01   3.8897301e+01   1.8788294e+01   7.2801099e+00   1.0770330e+01   2.7459060e+01   1.3341664e+01   7.8102497e+00   2.2090722e+01   1.6763055e+01   2.9120440e+01   3.1622777e+01   3.7336309e+01   3.1906112e+01   5.2801515e+01   4.1880783e+01   2.2203603e+01   4.0311289e+01   3.7336309e+01   4.6173586e+01   4.2011903e+01   3.2280025e+01   3.5014283e+01   3.0364453e+01   2.4515301e+01   3.7443290e+01   1.0000000e+01   1.6278821e+01   1.0770330e+01   1.6000000e+01   2.6907248e+01   3.5383612e+01   3.8483763e+01   3.5355339e+01   2.1023796e+01   2.8017851e+01   2.3853721e+01   3.3970576e+01   1.7029386e+01   2.4166092e+01   3.7202150e+01   3.9051248e+01   2.8635642e+01   5.1613952e+01   2.0615528e+01   0.0000000e+00   9.0000000e+00   2.9000000e+01   3.2572995e+01   3.0805844e+01   3.5171011e+01   3.7947332e+01   1.3000000e+01   1.6492423e+01   2.4515301e+01   2.0024984e+01   2.1470911e+01   1.9313208e+01   2.2000000e+01   2.5079872e+01   3.0528675e+01   3.2649655e+01   4.3931765e+01   3.0364453e+01   1.2083046e+01   1.6278821e+01   2.0880613e+01   3.5608988e+01   2.9154759e+01   2.9832868e+01   2.2825424e+01   2.5942244e+01   2.5000000e+01   2.8635642e+01   3.1622777e+01   2.7018512e+01   3.4669872e+01   1.2165525e+01
   8.0622577e+00   3.9051248e+01   2.1095023e+01   4.0249224e+01   3.4058773e+01   2.8635642e+01   1.8027756e+01   2.9966648e+01   1.8439089e+01   8.0622577e+00   1.9235384e+01   2.4698178e+01   3.1780497e+01   5.0990195e+01   5.1478151e+01   4.5000000e+01   4.1231056e+01   2.3345235e+01   2.2360680e+01   1.2041595e+01   3.6878178e+01   4.6690470e+01   5.4083269e+01   3.5000000e+01   4.5607017e+01   2.7202941e+01   1.6124515e+01   1.9416488e+01   3.0413813e+01   5.0000000e+00   7.2111026e+00   1.3152946e+01   1.6492423e+01   2.8017851e+01   2.7513633e+01   3.5227830e+01   3.9812058e+01   6.0207973e+01   4.9648766e+01   3.1144823e+01   4.9254441e+01   4.5880279e+01   5.4817880e+01   4.9396356e+01   3.5846897e+01   3.5902646e+01   2.9000000e+01   2.4331050e+01   3.3241540e+01   1.3453624e+01   1.2165525e+01   1.6401219e+01   2.5000000e+01   3.3600595e+01   4.2011903e+01   4.6818800e+01   4.4283180e+01   3.0016662e+01   3.5777088e+01   2.9732137e+01   4.0607881e+01   1.3152946e+01   1.6401219e+01   3.0413813e+01   3.2649655e+01   2.0808652e+01   5.9169249e+01   2.5495098e+01   9.0000000e+00   0.0000000e+00   2.3323808e+01   4.1231056e+01   3.9623226e+01   4.3931765e+01   4.6572524e+01   1.8439089e+01   2.0615528e+01   2.4331050e+01   2.1540659e+01   2.6870058e+01   1.8110770e+01   2.3769729e+01   2.9832868e+01   3.6069378e+01   3.9962482e+01   5.0328918e+01   3.9051248e+01   1.1704700e+01   2.3706539e+01   1.2529964e+01   4.3046487e+01   3.7161808e+01   3.7215588e+01   3.1016125e+01   3.4176015e+01   3.2649655e+01   3.7000000e+01   3.9357337e+01   3.4481879e+01   4.2485292e+01   2.1095023e+01
   2.4839485e+01   5.5542776e+01   2.3086793e+01   4.8041649e+01   5.6639209e+01   4.9678969e+01   4.1146081e+01   5.3235327e+01   8.2462113e+00   2.8160256e+01   3.7121422e+01   3.3734256e+01   5.0774009e+01   7.1610055e+01   6.8541958e+01   6.7178866e+01   6.4404969e+01   4.6400431e+01   4.2755117e+01   1.2369317e+01   4.9477268e+01   5.9228372e+01   6.3031738e+01   3.3955854e+01   4.8662100e+01   3.9849718e+01   3.5608988e+01   3.4885527e+01   2.6925824e+01   1.8788294e+01   3.0528675e+01   2.2022716e+01   1.6492423e+01   1.5264338e+01   6.7082039e+00   5.5578773e+01   6.0605280e+01   8.1688432e+01   5.6080300e+01   4.6238512e+01   6.2817195e+01   6.5000000e+01   7.3355300e+01   7.0936591e+01   5.9169249e+01   5.8523500e+01   5.0447993e+01   4.6818800e+01   5.1000000e+01   2.3259407e+01   1.2806248e+01   3.9051248e+01   4.2059482e+01   3.9000000e+01   4.5398238e+01   5.6142675e+01   6.1326992e+01   4.6957428e+01   5.6850682e+01   5.2497619e+01   6.2936476e+01   3.4481879e+01   3.0016662e+01   4.2953463e+01   1.0295630e+01   9.4339811e+00   6.3788714e+01   2.9017236e+01   2.9000000e+01   2.3323808e+01   0.0000000e+00   5.2952809e+01   5.2630789e+01   5.6089215e+01   5.7558666e+01   2.7202941e+01   2.5317978e+01   1.6492423e+01   2.0000000e+01   3.1016125e+01   1.4142136e+01   4.6957428e+01   5.3009433e+01   5.9033889e+01   6.1619802e+01   7.2862885e+01   5.7801384e+01   3.4885527e+01   4.5276926e+01   2.6019224e+01   6.4536811e+01   5.7801384e+01   5.8796258e+01   5.1400389e+01   5.4405882e+01   5.3907328e+01   5.6859476e+01   6.0440053e+01   5.5973208e+01   6.3411355e+01   3.9661064e+01
   3.3541020e+01   1.2041595e+01   3.0083218e+01   8.9442719e+00   3.4928498e+01   2.6076810e+01   4.3416587e+01   4.5803930e+01   4.4721360e+01   4.7169906e+01   5.5946403e+01   1.9235384e+01   1.9235384e+01   3.2557641e+01   2.0248457e+01   3.7215588e+01   4.4271887e+01   3.6124784e+01   5.4405882e+01   4.9040799e+01   4.4721360e+00   6.3245553e+00   1.3601471e+01   2.6172505e+01   1.8439089e+01   1.4142136e+01   2.6832816e+01   2.1840330e+01   3.1064449e+01   4.4553339e+01   3.9395431e+01   5.4341513e+01   3.6496575e+01   4.2953463e+01   5.1546096e+01   6.2936476e+01   2.7294688e+01   4.3416587e+01   1.3601471e+01   1.1401754e+01   1.0295630e+01   2.3345235e+01   2.7294688e+01   3.6055513e+01   4.6529560e+01   5.5217751e+01   5.5865911e+01   4.9517674e+01   6.6219333e+01   3.1000000e+01   4.2047592e+01   3.3600595e+01   1.8027756e+01   1.6401219e+01   1.7464249e+01   7.2111026e+00   1.5524175e+01   1.4866069e+01   2.7202941e+01   3.4985711e+01   3.5902646e+01   4.7885280e+01   5.6648036e+01   6.8883960e+01   6.2817195e+01   5.7035077e+01   2.2825424e+01   2.4698178e+01   3.2572995e+01   4.1231056e+01   5.2952809e+01   0.0000000e+00   3.1622777e+00   3.1622777e+00   5.3851648e+00   2.6076810e+01   2.7658633e+01   3.8626416e+01   3.3526109e+01   2.2847319e+01   3.8832976e+01   4.4553339e+01   3.9115214e+01   3.9000000e+01   3.1575307e+01   4.3046487e+01   1.9104973e+01   4.1677332e+01   2.8319605e+01   5.3450912e+01   3.2140317e+01   2.5709920e+01   3.0083218e+01   2.3706539e+01   2.3409400e+01   2.7313001e+01   2.2561028e+01   2.8442925e+01   2.8792360e+01   2.9068884e+01   2.2472205e+01
   3.2140317e+01   9.0000000e+00   3.0083218e+01   1.1401754e+01   3.1780497e+01   2.3021729e+01   4.0804412e+01   4.2801869e+01   4.4384682e+01   4.5221676e+01   5.3665631e+01   1.8973666e+01   1.6124515e+01   2.9832868e+01   1.8439089e+01   3.4132096e+01   4.1109610e+01   3.3241540e+01   5.1865210e+01   4.8010416e+01   3.1622777e+00   7.0710678e+00   1.6278821e+01   2.7658633e+01   2.1213203e+01   1.3038405e+01   2.4698178e+01   2.0223748e+01   3.2015621e+01   4.3185646e+01   3.7336309e+01   5.2773099e+01   3.6138622e+01   4.3416587e+01   5.1623638e+01   6.0108236e+01   2.4186773e+01   4.0804412e+01   1.6763055e+01   8.9442719e+00   1.0198039e+01   2.0615528e+01   2.5238859e+01   3.3136083e+01   4.3416587e+01   5.2201533e+01   5.3075418e+01   4.6754679e+01   6.3600314e+01   3.0149627e+01   4.1303753e+01   3.1064449e+01   1.5652476e+01   1.7691806e+01   1.9924859e+01   1.0295630e+01   1.3000000e+01   1.2041595e+01   2.4041631e+01   3.1906112e+01   3.2756679e+01   4.5617979e+01   5.4708317e+01   6.6640828e+01   6.2641839e+01   5.6222771e+01   2.5942244e+01   2.5059928e+01   3.0805844e+01   3.9623226e+01   5.2630789e+01   3.1622777e+00   0.0000000e+00   4.4721360e+00   7.8102497e+00   2.5495098e+01   2.7513633e+01   3.8910153e+01   3.3615473e+01   2.3323808e+01   3.8600518e+01   4.1725292e+01   3.6055513e+01   3.5846897e+01   2.8442925e+01   4.0012498e+01   1.6031220e+01   3.9357337e+01   2.5455844e+01   5.1662365e+01   2.9068884e+01   2.2561028e+01   2.6925824e+01   2.0591260e+01   2.0248457e+01   2.4166092e+01   1.9416488e+01   2.5317978e+01   2.5632011e+01   2.6019224e+01   2.0124612e+01
   3.6345564e+01   1.1704700e+01   3.3241540e+01   1.1401754e+01   3.5355339e+01   2.7018512e+01   4.5221676e+01   4.6861498e+01   4.7853944e+01   4.9648766e+01   5.8137767e+01   2.2360680e+01   2.0000000e+01   3.1144823e+01   1.7888544e+01   3.6674242e+01   4.4384682e+01   3.7483330e+01   5.6302753e+01   5.2009614e+01   7.0710678e+00   3.1622777e+00   1.2041595e+01   2.9068884e+01   2.0248457e+01   1.7029386e+01   2.9154759e+01   2.4515301e+01   3.4132096e+01   4.7381431e+01   4.1785165e+01   5.7070132e+01   3.9623226e+01   4.6097722e+01   5.4708317e+01   6.4381674e+01   2.6925824e+01   4.1773197e+01   1.4035669e+01   1.3416408e+01   7.2111026e+00   2.2022716e+01   2.5079872e+01   3.5014283e+01   4.7169906e+01   5.6222771e+01   5.7384667e+01   5.1088159e+01   6.8007353e+01   3.4014703e+01   4.5099889e+01   3.5510562e+01   2.0124612e+01   1.9416488e+01   1.9723083e+01   7.0710678e+00   1.4035669e+01   1.6401219e+01   2.7313001e+01   3.5805028e+01   3.5735137e+01   5.0089919e+01   5.9135438e+01   7.1112587e+01   6.5969690e+01   6.0074953e+01   2.2472205e+01   2.7856777e+01   3.5171011e+01   4.3931765e+01   5.6089215e+01   3.1622777e+00   4.4721360e+00   0.0000000e+00   3.6055513e+00   2.9154759e+01   3.0805844e+01   4.1785165e+01   3.6687873e+01   2.6000000e+01   4.1976184e+01   4.6010868e+01   4.0000000e+01   3.9357337e+01   3.1320920e+01   4.2296572e+01   1.8681542e+01   4.3829214e+01   2.9732137e+01   5.6044625e+01   3.1575307e+01   2.5632011e+01   3.0083218e+01   2.4413111e+01   2.3706539e+01   2.7784888e+01   2.2472205e+01   2.8160256e+01   2.9068884e+01   2.8442925e+01   2.4596748e+01
   3.8832976e+01   1.5231546e+01   3.4525353e+01   1.0816654e+01   3.8948684e+01   3.0610456e+01   4.8600412e+01   5.0447993e+01   4.9365980e+01   5.2554733e+01   6.1294372e+01   2.4020824e+01   2.3600847e+01   3.4014703e+01   1.9924859e+01   4.0024992e+01   4.7927028e+01   4.1012193e+01   5.9640590e+01   5.4147945e+01   9.8488578e+00   4.1231056e+00   8.4852814e+00   2.8844410e+01   1.8357560e+01   1.9416488e+01   3.2202484e+01   2.7202941e+01   3.4438351e+01   4.9819675e+01   4.4777226e+01   5.9665736e+01   4.1194660e+01   4.6818800e+01   5.5785303e+01   6.7896981e+01   3.0364453e+01   4.4407207e+01   1.1045361e+01   1.6643317e+01   8.0622577e+00   2.5019992e+01   2.7202941e+01   3.8118237e+01   5.0774009e+01   5.9816386e+01   6.0876925e+01   5.4561891e+01   7.1400280e+01   3.6055513e+01   4.7000000e+01   3.8832976e+01   2.3323808e+01   1.9697716e+01   1.8439089e+01   4.1231056e+00   1.7029386e+01   1.9849433e+01   3.0870698e+01   3.9408121e+01   3.9217343e+01   5.3235327e+01   6.2032250e+01   7.4242845e+01   6.7268120e+01   6.2000000e+01   1.8973666e+01   2.8861739e+01   3.7947332e+01   4.6572524e+01   5.7558666e+01   5.3851648e+00   7.8102497e+00   3.6055513e+00   0.0000000e+00   3.1000000e+01   3.2249031e+01   4.2720019e+01   3.7854986e+01   2.6925824e+01   4.3416587e+01   4.9517674e+01   4.3600459e+01   4.2941821e+01   3.4785054e+01   4.5541190e+01   2.2135944e+01   4.7010637e+01   3.3241540e+01   5.8821765e+01   3.4928498e+01   2.9154759e+01   3.3615473e+01   2.8017851e+01   2.7294688e+01   3.1384710e+01   2.6000000e+01   3.1622777e+01   3.2649655e+01   3.1780497e+01   2.7784888e+01
   1.0630146e+01   2.8653098e+01   6.7082039e+00   2.2803509e+01   3.6055513e+01   2.6832816e+01   3.0083218e+01   3.9012818e+01   1.8973666e+01   2.6172505e+01   3.7013511e+01   7.0710678e+00   2.5495098e+01   4.6690470e+01   4.1593269e+01   4.4777226e+01   4.5607017e+01   2.9068884e+01   3.8470768e+01   2.3345235e+01   2.2360680e+01   3.2249031e+01   3.7483330e+01   1.7464249e+01   2.7202941e+01   1.2649111e+01   1.4142136e+01   9.4339811e+00   1.5000000e+01   2.0124612e+01   2.0591260e+01   3.0413813e+01   1.0770330e+01   2.0615528e+01   2.6925824e+01   5.0328918e+01   3.6400549e+01   5.7489129e+01   3.1953091e+01   1.9235384e+01   3.5693137e+01   3.9051248e+01   4.6872167e+01   4.7201695e+01   4.3185646e+01   4.7381431e+01   4.3324358e+01   3.7363083e+01   5.0249378e+01   5.3851648e+00   1.6000000e+01   2.2022716e+01   1.6278821e+01   1.5264338e+01   2.3600847e+01   3.0265492e+01   3.4481879e+01   2.0615528e+01   3.3286634e+01   3.2984845e+01   4.1146081e+01   2.9681644e+01   3.4828150e+01   4.8795492e+01   3.7336309e+01   3.1000000e+01   4.1146081e+01   7.6157731e+00   1.3000000e+01   1.8439089e+01   2.7202941e+01   2.6076810e+01   2.5495098e+01   2.9154759e+01   3.1000000e+01   0.0000000e+00   4.1231056e+00   1.5620499e+01   1.0000000e+01   8.6023253e+00   1.3416408e+01   3.4365681e+01   3.5355339e+01   3.9560081e+01   3.8587563e+01   5.1000000e+01   3.1890437e+01   2.5079872e+01   2.4041631e+01   3.0805844e+01   4.1048752e+01   3.3600595e+01   3.5846897e+01   2.7459060e+01   3.0000000e+01   3.0886890e+01   3.1890437e+01   3.6619667e+01   3.3120990e+01   3.9204592e+01   1.5652476e+01
   1.3416408e+01   3.1622777e+01   2.8284271e+00   2.3086793e+01   4.0162171e+01   3.0870698e+01   3.3734256e+01   4.3000000e+01   1.7117243e+01   2.8600699e+01   3.9661064e+01   8.5440037e+00   2.9206164e+01   5.0328918e+01   4.4418465e+01   4.8764741e+01   4.9729267e+01   3.3136083e+01   4.1629317e+01   2.3409400e+01   2.4351591e+01   3.3955854e+01   3.8052595e+01   1.4422205e+01   2.5942244e+01   1.5264338e+01   1.8248288e+01   1.3416408e+01   1.1045361e+01   2.1400935e+01   2.3769729e+01   3.1622777e+01   9.0000000e+00   1.6970563e+01   2.4166092e+01   5.3758720e+01   4.0224371e+01   6.1220911e+01   3.1780497e+01   2.2203603e+01   3.7643060e+01   4.2449971e+01   5.0000000e+01   5.1039201e+01   4.7265209e+01   5.1244512e+01   4.6840154e+01   4.1000000e+01   5.3235327e+01   7.2111026e+00   1.5524175e+01   2.6000000e+01   2.0000000e+01   1.4560220e+01   2.2360680e+01   3.1000000e+01   3.7443290e+01   2.4041631e+01   3.7215588e+01   3.7107951e+01   4.5188494e+01   3.2649655e+01   3.6769553e+01   5.0990195e+01   3.5171011e+01   3.0265492e+01   4.0496913e+01   5.0000000e+00   1.6492423e+01   2.0615528e+01   2.5317978e+01   2.7658633e+01   2.7513633e+01   3.0805844e+01   3.2249031e+01   4.1231056e+00   0.0000000e+00   1.2041595e+01   6.4031242e+00   6.7082039e+00   1.1180340e+01   3.8209946e+01   3.9458839e+01   4.3680659e+01   4.2544095e+01   5.5009090e+01   3.5355339e+01   2.8460499e+01   2.8160256e+01   3.2557641e+01   4.4944410e+01   3.7443290e+01   3.9824616e+01   3.1384710e+01   3.3837849e+01   3.4885527e+01   3.5608988e+01   4.0496913e+01   3.7121422e+01   4.3011626e+01   1.9697716e+01
   2.0223748e+01   4.3600459e+01   9.2195445e+00   3.2557641e+01   5.0990195e+01   4.2190046e+01   4.1048752e+01   5.1788030e+01   1.0000000e+01   3.2015621e+01   4.3011626e+01   2.0248457e+01   4.1109610e+01   6.2289646e+01   5.6302753e+01   6.0207973e+01   6.0166436e+01   4.2720019e+01   4.6690470e+01   2.0615528e+01   3.5777088e+01   4.4944410e+01   4.7381431e+01   1.7464249e+01   3.2249031e+01   2.7202941e+01   2.8635642e+01   2.5000000e+01   1.0440307e+01   2.2472205e+01   3.0000000e+01   3.1064449e+01   8.0000000e+00   5.0000000e+00   1.3152946e+01   5.9539903e+01   5.2009614e+01   7.3109507e+01   4.0012498e+01   3.4205263e+01   4.8846699e+01   5.4488531e+01   6.2008064e+01   6.2801274e+01   5.6753854e+01   5.9135438e+01   5.3150729e+01   4.8000000e+01   5.7280014e+01   1.4866069e+01   1.3416408e+01   3.5171011e+01   3.1890437e+01   2.3345235e+01   2.9068884e+01   4.0792156e+01   4.9406477e+01   3.6069378e+01   4.8826222e+01   4.7539457e+01   5.6435804e+01   3.7483330e+01   3.8013156e+01   5.2354560e+01   2.5019992e+01   2.4186773e+01   4.7381431e+01   1.3928388e+01   2.4515301e+01   2.4331050e+01   1.6492423e+01   3.8626416e+01   3.8910153e+01   4.1785165e+01   4.2720019e+01   1.5620499e+01   1.2041595e+01   0.0000000e+00   5.6568542e+00   1.5811388e+01   6.3245553e+00   4.6270941e+01   4.9335586e+01   5.4230987e+01   5.4083269e+01   6.6370174e+01   4.7381431e+01   3.5000000e+01   3.8910153e+01   3.3541020e+01   5.6612719e+01   4.9203658e+01   5.1312766e+01   4.3011626e+01   4.5607017e+01   4.6324939e+01   4.7507894e+01   5.2201533e+01   4.8548944e+01   5.4817880e+01   3.1064449e+01
   1.6031220e+01   3.8013156e+01   3.6055513e+00   2.8071338e+01   4.5694639e+01   3.6715120e+01   3.7054015e+01   4.7265209e+01   1.2165525e+01   2.9546573e+01   4.0718546e+01   1.4764823e+01   3.5468296e+01   5.6639209e+01   5.0774009e+01   5.4708317e+01   5.5027266e+01   3.7854986e+01   4.3680659e+01   2.0808652e+01   3.0463092e+01   3.9849718e+01   4.3046487e+01   1.5264338e+01   2.9120440e+01   2.1633308e+01   2.3409400e+01   1.9416488e+01   9.2195445e+00   2.0808652e+01   2.6305893e+01   3.0413813e+01   5.6568542e+00   1.0630146e+01   1.8027756e+01   5.6293872e+01   4.6400431e+01   6.7475922e+01   3.6124784e+01   2.8600699e+01   4.3657760e+01   4.8836462e+01   5.6400355e+01   5.7201399e+01   5.1971146e+01   5.5000000e+01   4.9648766e+01   4.4181444e+01   5.4781384e+01   1.0049876e+01   1.2806248e+01   3.0413813e+01   2.6248809e+01   1.9000000e+01   2.5709920e+01   3.6221541e+01   4.3829214e+01   3.0413813e+01   4.3266615e+01   4.2379240e+01   5.1000000e+01   3.4481879e+01   3.6619667e+01   5.1039201e+01   2.9427878e+01   2.6248809e+01   4.4147480e+01   9.0553851e+00   2.0024984e+01   2.1540659e+01   2.0000000e+01   3.3526109e+01   3.3615473e+01   3.6687873e+01   3.7854986e+01   1.0000000e+01   6.4031242e+00   5.6568542e+00   0.0000000e+00   1.1045361e+01   6.3245553e+00   4.2011903e+01   4.4384682e+01   4.9040799e+01   4.8548944e+01   6.0901560e+01   4.1725292e+01   3.1256999e+01   3.3615473e+01   3.2202484e+01   5.1039201e+01   4.3600459e+01   4.5793013e+01   3.7443290e+01   4.0000000e+01   4.0816663e+01   4.1868843e+01   4.6615448e+01   4.3046487e+01   4.9203658e+01   2.5553865e+01
   1.9209373e+01   2.9000000e+01   8.0622577e+00   1.7029386e+01   4.1593269e+01   3.1780497e+01   3.8275318e+01   4.6389654e+01   2.3021729e+01   3.4713110e+01   4.5607017e+01   6.3245553e+00   2.8635642e+01   4.9091751e+01   4.1231056e+01   4.9040799e+01   5.1478151e+01   3.6124784e+01   4.7010637e+01   3.0083218e+01   2.0248457e+01   2.9154759e+01   3.2015621e+01   9.2195445e+00   1.9235384e+01   1.3038405e+01   2.1213203e+01   1.5000000e+01   9.4339811e+00   2.8017851e+01   2.9154759e+01   3.8275318e+01   1.5297059e+01   2.0124612e+01   2.8861739e+01   5.8694122e+01   3.9812058e+01   6.0207973e+01   2.5317978e+01   2.0000000e+01   3.3105891e+01   4.0607881e+01   4.7381431e+01   5.0537115e+01   5.0009999e+01   5.5108983e+01   5.1623638e+01   4.5541190e+01   5.8830264e+01   1.3453624e+01   2.2135944e+01   2.9614186e+01   1.9924859e+01   8.0622577e+00   1.5652476e+01   2.5179357e+01   3.4655447e+01   2.2825424e+01   3.7336309e+01   3.9115214e+01   4.5880279e+01   3.8275318e+01   4.3185646e+01   5.7280014e+01   4.0447497e+01   3.6674242e+01   3.3837849e+01   2.0000000e+00   2.1470911e+01   2.6870058e+01   3.1016125e+01   2.2847319e+01   2.3323808e+01   2.6000000e+01   2.6925824e+01   8.6023253e+00   6.7082039e+00   1.5811388e+01   1.1045361e+01   0.0000000e+00   1.7029386e+01   4.2201896e+01   4.2000000e+01   4.5398238e+01   4.2720019e+01   5.5362442e+01   3.3837849e+01   3.3541020e+01   3.0066593e+01   3.9051248e+01   4.4777226e+01   3.7161808e+01   4.0162171e+01   3.1622777e+01   3.3615473e+01   3.5440090e+01   3.4885527e+01   4.0311289e+01   3.7643060e+01   4.2485292e+01   2.1095023e+01
   1.4866069e+01   4.2059482e+01   9.0000000e+00   3.4000000e+01   4.6647615e+01   3.8418745e+01   3.5227830e+01   4.6324939e+01   6.0000000e+00   2.5709920e+01   3.6687873e+01   1.9646883e+01   3.8288379e+01   5.9464275e+01   5.5009090e+01   5.6400355e+01   5.5461698e+01   3.7696154e+01   4.0447497e+01   1.4866069e+01   3.5440090e+01   4.5122057e+01   4.9000000e+01   2.1470911e+01   3.5440090e+01   2.6000000e+01   2.4413111e+01   2.2022716e+01   1.5000000e+01   1.6155494e+01   2.4083189e+01   2.5000000e+01   2.8284271e+00   1.0049876e+01   1.3601471e+01   5.3338541e+01   4.8795492e+01   7.0007142e+01   4.2296572e+01   3.2649655e+01   4.8764741e+01   5.2201533e+01   6.0207973e+01   5.9464275e+01   5.1546096e+01   5.3338541e+01   4.7042534e+01   4.2047592e+01   5.0960769e+01   1.0630146e+01   7.2111026e+00   3.0083218e+01   2.9206164e+01   2.5079872e+01   3.2015621e+01   4.2047592e+01   4.7885280e+01   3.3837849e+01   4.5343136e+01   4.2941821e+01   5.2430907e+01   3.1256999e+01   3.1764760e+01   4.6141088e+01   2.4041631e+01   1.9924859e+01   5.0447993e+01   1.5033296e+01   1.9313208e+01   1.8110770e+01   1.4142136e+01   3.8832976e+01   3.8600518e+01   4.1976184e+01   4.3416587e+01   1.3416408e+01   1.1180340e+01   6.3245553e+00   6.3245553e+00   1.7029386e+01   0.0000000e+00   4.0607881e+01   4.4384682e+01   4.9648766e+01   5.0447993e+01   6.2425956e+01   4.5000000e+01   2.9068884e+01   3.4669872e+01   2.7294688e+01   5.3150729e+01   4.5967380e+01   4.7634021e+01   3.9623226e+01   4.2426407e+01   4.2638011e+01   4.4598206e+01   4.8836462e+01   4.4821870e+01   5.1623638e+01   2.7586228e+01
   2.6076810e+01   3.6055513e+01   4.0049969e+01   4.8259714e+01   1.7000000e+01   1.9723083e+01   5.8309519e+00   6.4031242e+00   4.2059482e+01   1.9849433e+01   1.8681542e+01   3.7000000e+01   2.6627054e+01   3.7000000e+01   4.4598206e+01   2.7459060e+01   1.9723083e+01   8.6023253e+00   1.3000000e+01   3.4985711e+01   4.0360872e+01   4.7634021e+01   5.8000000e+01   5.1419841e+01   5.6824291e+01   3.4481879e+01   2.1189620e+01   2.7856777e+01   4.9254441e+01   2.8178006e+01   1.6763055e+01   2.9732137e+01   3.8327536e+01   5.0635956e+01   5.1264022e+01   1.8384776e+01   2.7459060e+01   4.3174066e+01   5.7008771e+01   3.3301652e+01   4.8259714e+01   3.6138622e+01   4.4721360e+01   3.3241540e+01   1.2727922e+01   1.3038405e+01   1.1401754e+01   5.3851648e+00   2.2847319e+01   3.2000000e+01   3.5735137e+01   1.2649111e+01   2.7202941e+01   4.5694639e+01   5.3665631e+01   5.1662365e+01   3.8910153e+01   2.9698485e+01   2.3769729e+01   1.3152946e+01   2.3194827e+01   1.4212670e+01   2.5059928e+01   3.0000000e+01   5.5758407e+01   4.2801869e+01   6.6843100e+01   4.1773197e+01   2.2000000e+01   2.3769729e+01   4.6957428e+01   4.4553339e+01   4.1725292e+01   4.6010868e+01   4.9517674e+01   3.4365681e+01   3.8209946e+01   4.6270941e+01   4.2011903e+01   4.2201896e+01   4.0607881e+01   0.0000000e+00   1.0049876e+01   1.6492423e+01   2.5019992e+01   3.1016125e+01   3.1780497e+01   1.2083046e+01   1.6278821e+01   2.5612497e+01   2.8000000e+01   2.5961510e+01   2.3194827e+01   2.2825424e+01   2.5079872e+01   2.1189620e+01   2.7856777e+01   2.6305893e+01   2.1587033e+01   2.9154759e+01   2.3323808e+01
   2.9546573e+01   2.9000000e+01   4.1773197e+01   4.4384682e+01   7.0710678e+00   1.3038405e+01   1.4317821e+01   7.2111026e+00   4.7010637e+01   2.8017851e+01   2.8635642e+01   3.6055513e+01   2.0000000e+01   2.7018512e+01   3.5777088e+01   1.7464249e+01   1.1401754e+01   6.7082039e+00   2.3021729e+01   4.1773197e+01   3.5355339e+01   4.1109610e+01   5.2009614e+01   5.1039201e+01   5.3758720e+01   3.1780497e+01   2.1213203e+01   2.7000000e+01   5.0249378e+01   3.4713110e+01   2.2671568e+01   3.8275318e+01   4.1785165e+01   5.4083269e+01   5.6435804e+01   2.5942244e+01   1.8027756e+01   3.3241540e+01   5.2354560e+01   2.8635642e+01   4.1036569e+01   2.6925824e+01   3.5171011e+01   2.3194827e+01   8.0622577e+00   1.6278821e+01   1.9924859e+01   1.5033296e+01   3.2015621e+01   3.4481879e+01   4.0816663e+01   1.4317821e+01   2.3769729e+01   4.3737855e+01   5.0960769e+01   4.6324939e+01   3.0805844e+01   2.4596748e+01   1.4764823e+01   4.2426407e+00   1.3152946e+01   2.3259407e+01   3.4539832e+01   4.0012498e+01   6.2481997e+01   5.0209561e+01   6.1911227e+01   4.2047592e+01   2.5079872e+01   2.9832868e+01   5.3009433e+01   3.9115214e+01   3.6055513e+01   4.0000000e+01   4.3600459e+01   3.5355339e+01   3.9458839e+01   4.9335586e+01   4.4384682e+01   4.2000000e+01   4.4384682e+01   1.0049876e+01   0.0000000e+00   6.7082039e+00   1.5132746e+01   2.1470911e+01   2.3600847e+01   1.9209373e+01   1.2165525e+01   3.4481879e+01   1.8027756e+01   1.7000000e+01   1.3601471e+01   1.5620499e+01   1.7029386e+01   1.2806248e+01   1.9416488e+01   1.6763055e+01   1.2529964e+01   1.9416488e+01   2.1095023e+01
   3.4985711e+01   2.7784888e+01   4.6173586e+01   4.5354162e+01   4.1231056e+00   1.4035669e+01   2.1023796e+01   1.2041595e+01   5.2697249e+01   3.4669872e+01   3.5171011e+01   3.9204592e+01   1.9924859e+01   2.1377558e+01   3.2202484e+01   1.1045361e+01   6.0827625e+00   1.2727922e+01   2.9274562e+01   4.8083261e+01   3.5735137e+01   3.9962482e+01   5.1107729e+01   5.4147945e+01   5.5108983e+01   3.4014703e+01   2.5632011e+01   3.0594117e+01   5.4129474e+01   4.1012193e+01   2.9000000e+01   4.4944410e+01   4.6957428e+01   5.9093147e+01   6.2128898e+01   3.0364453e+01   1.4212670e+01   2.6683328e+01   5.2554733e+01   2.9614186e+01   3.9204592e+01   2.3021729e+01   3.0463092e+01   1.7000000e+01   8.6023253e+00   1.9235384e+01   2.5179357e+01   2.1095023e+01   3.7336309e+01   3.9395431e+01   4.6615448e+01   2.0000000e+01   2.6000000e+01   4.6043458e+01   5.2611786e+01   4.6097722e+01   2.8319605e+01   2.5495098e+01   1.2206556e+01   6.7082039e+00   7.0710678e+00   2.9966648e+01   4.1231056e+01   4.6173586e+01   6.8680419e+01   5.6639209e+01   6.1741396e+01   4.5705580e+01   3.0528675e+01   3.6069378e+01   5.9033889e+01   3.9000000e+01   3.5846897e+01   3.9357337e+01   4.2941821e+01   3.9560081e+01   4.3680659e+01   5.4230987e+01   4.9040799e+01   4.5398238e+01   4.9648766e+01   1.6492423e+01   6.7082039e+00   0.0000000e+00   1.0295630e+01   1.4764823e+01   2.1400935e+01   2.5806976e+01   1.5524175e+01   4.1182521e+01   1.2649111e+01   1.4212670e+01   9.8994949e+00   1.5524175e+01   1.5652476e+01   1.1704700e+01   1.7204651e+01   1.2806248e+01   1.0295630e+01   1.4764823e+01   2.4331050e+01
   3.6796739e+01   1.9646883e+01   4.5276926e+01   3.9051248e+01   8.0622577e+00   1.2041595e+01   2.8284271e+01   2.1840330e+01   5.4451814e+01   4.0496913e+01   4.3185646e+01   3.6400549e+01   1.4317821e+01   1.2041595e+01   2.2022716e+01   6.3245553e+00   1.3601471e+01   1.8439089e+01   3.8013156e+01   5.1865210e+01   2.9068884e+01   3.1384710e+01   4.2544095e+01   5.0695167e+01   4.9040799e+01   3.0083218e+01   2.6172505e+01   2.9154759e+01   5.2000000e+01   4.4944410e+01   3.3541020e+01   5.0695167e+01   4.7634021e+01   5.9076222e+01   6.3702433e+01   4.0496913e+01   4.4721360e+00   2.0248457e+01   4.5122057e+01   2.4186773e+01   3.0016662e+01   1.2806248e+01   2.0248457e+01   9.4339811e+00   1.8867962e+01   2.9529646e+01   3.4928498e+01   3.0149627e+01   4.7074409e+01   3.9824616e+01   4.8836462e+01   2.3706539e+01   2.2847319e+01   4.1593269e+01   4.7010637e+01   3.8327536e+01   1.8867962e+01   2.0396078e+01   5.3851648e+00   1.2041595e+01   4.4721360e+00   3.6878178e+01   4.8270074e+01   5.5009090e+01   7.1700767e+01   6.0745370e+01   5.3758720e+01   4.3462628e+01   3.2649655e+01   3.9962482e+01   6.1619802e+01   3.1575307e+01   2.8442925e+01   3.1320920e+01   3.4785054e+01   3.8587563e+01   4.2544095e+01   5.4083269e+01   4.8548944e+01   4.2720019e+01   5.0447993e+01   2.5019992e+01   1.5132746e+01   1.0295630e+01   0.0000000e+00   1.2649111e+01   1.2649111e+01   3.1622777e+01   1.6401219e+01   4.7434165e+01   3.1622777e+00   6.0000000e+00   2.8284271e+00   1.1180340e+01   9.2195445e+00   7.8102497e+00   9.0553851e+00   3.1622777e+00   5.6568542e+00   4.4721360e+00   2.3021729e+01
   4.8270074e+01   3.1016125e+01   5.7706152e+01   5.1039201e+01   1.6278821e+01   2.4186773e+01   3.5777088e+01   2.5709920e+01   6.6068147e+01   4.9396356e+01   4.9648766e+01   4.9040799e+01   2.6925824e+01   1.3601471e+01   2.9068884e+01   6.3245553e+00   1.2041595e+01   2.7202941e+01   4.3416587e+01   6.2369865e+01   4.1048752e+01   4.1773197e+01   5.2630789e+01   6.3324561e+01   6.1032778e+01   4.2720019e+01   3.8013156e+01   4.1593269e+01   6.4621978e+01   5.5317267e+01   4.3416587e+01   5.9682493e+01   5.9640590e+01   7.1344236e+01   7.5432089e+01   4.2047592e+01   1.6124515e+01   1.3038405e+01   5.6320511e+01   3.6674242e+01   3.9560081e+01   2.0880613e+01   2.4207437e+01   8.0622577e+00   2.0099751e+01   3.0066593e+01   3.8209946e+01   3.5171011e+01   5.0039984e+01   5.1865210e+01   6.0207973e+01   3.3970576e+01   3.5468296e+01   5.4129474e+01   5.9211485e+01   4.9365980e+01   2.8635642e+01   3.2984845e+01   1.8027756e+01   2.0615528e+01   1.0000000e+01   4.4721360e+01   5.5946403e+01   6.0016664e+01   8.2734515e+01   7.1063352e+01   6.4327288e+01   5.6080300e+01   4.3931765e+01   5.0328918e+01   7.2862885e+01   4.3046487e+01   4.0012498e+01   4.2296572e+01   4.5541190e+01   5.1000000e+01   5.5009090e+01   6.6370174e+01   6.0901560e+01   5.5362442e+01   6.2425956e+01   3.1016125e+01   2.1470911e+01   1.4764823e+01   1.2649111e+01   0.0000000e+00   2.4000000e+01   4.0496913e+01   2.7802878e+01   5.5946403e+01   1.1045361e+01   1.8439089e+01   1.5231546e+01   2.3769729e+01   2.1840330e+01   2.0124612e+01   2.1213203e+01   1.5297059e+01   1.7888544e+01   1.4000000e+01   3.5355339e+01
   3.3615473e+01   7.0710678e+00   3.8183766e+01   2.7073973e+01   1.7691806e+01   1.2369317e+01   3.2984845e+01   3.0805844e+01   4.9929951e+01   4.2047592e+01   4.7675990e+01   2.7802878e+01   7.2801099e+00   1.5264338e+01   1.3152946e+01   1.8110770e+01   2.5942244e+01   2.3409400e+01   4.3965896e+01   4.9979996e+01   1.7117243e+01   1.8788294e+01   2.9966648e+01   4.0718546e+01   3.7054015e+01   2.0808652e+01   2.3086793e+01   2.3021729e+01   4.3266615e+01   4.3680659e+01   3.4132096e+01   5.1478151e+01   4.2201896e+01   5.2325902e+01   5.8600341e+01   4.9396356e+01   8.2462113e+00   2.6419690e+01   3.2557641e+01   1.3892444e+01   1.7804494e+01   7.2111026e+00   1.5811388e+01   1.7464249e+01   2.9732137e+01   3.9698866e+01   4.2941821e+01   3.7161808e+01   5.4626001e+01   3.4669872e+01   4.5177428e+01   2.5019992e+01   1.5811388e+01   3.1016125e+01   3.5355339e+01   2.5709920e+01   7.2111026e+00   1.1313708e+01   9.2195445e+00   1.9416488e+01   1.7088007e+01   4.0199502e+01   5.1009803e+01   6.0415230e+01   6.8095521e+01   5.8872744e+01   4.1109610e+01   3.5000000e+01   3.0364453e+01   3.9051248e+01   5.7801384e+01   1.9104973e+01   1.6031220e+01   1.8681542e+01   2.2135944e+01   3.1890437e+01   3.5355339e+01   4.7381431e+01   4.1725292e+01   3.3837849e+01   4.5000000e+01   3.1780497e+01   2.3600847e+01   2.1400935e+01   1.2649111e+01   2.4000000e+01   0.0000000e+00   3.4058773e+01   1.7117243e+01   4.9091751e+01   1.3038405e+01   7.2111026e+00   1.1661904e+01   9.2195445e+00   6.7082039e+00   1.0816654e+01   4.2426407e+00   9.4868330e+00   1.1313708e+01   1.0000000e+01   1.8384776e+01
   1.5297059e+01   3.6138622e+01   2.9832868e+01   4.3185646e+01   2.4596748e+01   2.2022716e+01   6.3245553e+00   1.8357560e+01   3.0083218e+01   8.9442719e+00   1.4317821e+01   2.9410882e+01   2.7294688e+01   4.3416587e+01   4.7169906e+01   3.5777088e+01   3.0413813e+01   1.3416408e+01   1.3601471e+01   2.3021729e+01   3.7215588e+01   4.6097722e+01   5.5226805e+01   4.2544095e+01   5.0447993e+01   2.9068884e+01   1.5000000e+01   2.1213203e+01   3.9293765e+01   1.6124515e+01   5.0000000e+00   1.9235384e+01   2.7000000e+01   3.9115214e+01   3.9217343e+01   2.5298221e+01   3.2557641e+01   5.1478151e+01   5.2497619e+01   3.0413813e+01   4.7759816e+01   4.0049969e+01   4.9091751e+01   4.0853396e+01   2.4413111e+01   2.4331050e+01   1.8439089e+01   1.3000000e+01   2.5612497e+01   2.1587033e+01   2.3769729e+01   9.0553851e+00   2.3706539e+01   3.8600518e+01   4.7010637e+01   4.8259714e+01   4.0447497e+01   2.7856777e+01   2.8442925e+01   2.0124612e+01   3.1304952e+01   6.3245553e+00   1.7029386e+01   2.7313001e+01   4.3829214e+01   3.1144823e+01   6.2369865e+01   3.2695565e+01   1.2083046e+01   1.1704700e+01   3.4885527e+01   4.1677332e+01   3.9357337e+01   4.3829214e+01   4.7010637e+01   2.5079872e+01   2.8460499e+01   3.5000000e+01   3.1256999e+01   3.3541020e+01   2.9068884e+01   1.2083046e+01   1.9209373e+01   2.5806976e+01   3.1622777e+01   4.0496913e+01   3.4058773e+01   0.0000000e+00   1.7000000e+01   1.5811388e+01   3.4785054e+01   3.0265492e+01   2.9120440e+01   2.5000000e+01   2.8017851e+01   2.5317978e+01   3.1016125e+01   3.1780497e+01   2.6683328e+01   3.4928498e+01   1.9235384e+01
   2.0518285e+01   2.0124612e+01   3.0675723e+01   3.2649655e+01   1.2083046e+01   5.0990195e+00   1.6155494e+01   1.7888544e+01   3.8288379e+01   2.5317978e+01   3.0594117e+01   2.4000000e+01   1.0770330e+01   2.7313001e+01   3.0265492e+01   2.1931712e+01   2.1587033e+01   7.8102497e+00   2.7313001e+01   3.5510562e+01   2.4207437e+01   3.1400637e+01   4.1725292e+01   3.9000000e+01   4.1785165e+01   1.9646883e+01   1.0295630e+01   1.5132746e+01   3.8639358e+01   2.8653098e+01   1.7720045e+01   3.5171011e+01   3.1906112e+01   4.3829214e+01   4.7634021e+01   3.4655447e+01   1.6155494e+01   3.6619667e+01   4.1048752e+01   1.7204651e+01   3.2249031e+01   2.3086793e+01   3.2140317e+01   2.5806976e+01   2.0223748e+01   2.7294688e+01   2.7658633e+01   2.1400935e+01   3.8587563e+01   2.4186773e+01   3.2526912e+01   8.0622577e+00   1.1704700e+01   3.1575307e+01   3.8897301e+01   3.5468296e+01   2.3769729e+01   1.3453624e+01   1.2083046e+01   9.0553851e+00   1.7804494e+01   2.3086793e+01   3.4014703e+01   4.3416587e+01   5.5317267e+01   4.4418465e+01   5.0803543e+01   3.0265492e+01   1.6278821e+01   2.3706539e+01   4.5276926e+01   2.8319605e+01   2.5455844e+01   2.9732137e+01   3.3241540e+01   2.4041631e+01   2.8160256e+01   3.8910153e+01   3.3615473e+01   3.0066593e+01   3.4669872e+01   1.6278821e+01   1.2165525e+01   1.5524175e+01   1.6401219e+01   2.7802878e+01   1.7117243e+01   1.7000000e+01   0.0000000e+00   3.2388269e+01   1.9416488e+01   1.3601471e+01   1.3601471e+01   8.0000000e+00   1.1045361e+01   8.9442719e+00   1.4035669e+01   1.5652476e+01   1.0816654e+01   1.8788294e+01   9.0000000e+00
   2.0591260e+01   5.0159745e+01   3.2557641e+01   5.2773099e+01   4.0311289e+01   3.7483330e+01   2.0248457e+01   3.1890437e+01   2.5000000e+01   7.0710678e+00   1.1180340e+01   3.7215588e+01   4.2011903e+01   5.9203040e+01   6.2008064e+01   5.1478151e+01   4.5221676e+01   2.9154759e+01   1.7464249e+01   1.4142136e+01   4.9040799e+01   5.8694122e+01   6.6483081e+01   4.6690470e+01   5.8008620e+01   3.9560081e+01   2.7294688e+01   3.1622777e+01   4.1400483e+01   1.1401754e+01   1.5000000e+01   4.4721360e+00   2.6627054e+01   3.6055513e+01   3.2062439e+01   2.9832868e+01   4.8270074e+01   6.7230945e+01   6.2177166e+01   4.2953463e+01   6.1000000e+01   5.5443665e+01   6.4498062e+01   5.6648036e+01   3.8288379e+01   3.4669872e+01   2.5495098e+01   2.3430749e+01   2.5019992e+01   2.5612497e+01   2.0124612e+01   2.4331050e+01   3.6496575e+01   4.6043458e+01   5.4405882e+01   5.9236813e+01   5.5009090e+01   4.1303753e+01   4.4147480e+01   3.5846897e+01   4.7010637e+01   1.1401754e+01   4.4721360e+00   1.8867962e+01   3.2572995e+01   1.8973666e+01   7.1693793e+01   3.7536649e+01   2.0880613e+01   1.2529964e+01   2.6019224e+01   5.3450912e+01   5.1662365e+01   5.6044625e+01   5.8821765e+01   3.0805844e+01   3.2557641e+01   3.3541020e+01   3.2202484e+01   3.9051248e+01   2.7294688e+01   2.5612497e+01   3.4481879e+01   4.1182521e+01   4.7434165e+01   5.5946403e+01   4.9091751e+01   1.5811388e+01   3.2388269e+01   0.0000000e+00   5.0596443e+01   4.5891176e+01   4.4922155e+01   4.0311289e+01   4.3416587e+01   4.1000000e+01   4.6389654e+01   4.7539457e+01   4.2449971e+01   5.0695167e+01   3.2249031e+01
   3.9698866e+01   2.0099751e+01   4.7707442e+01   4.0012498e+01   1.1000000e+01   1.4866069e+01   3.1400637e+01   2.4515301e+01   5.7280014e+01   4.3657760e+01   4.6270941e+01   3.8483763e+01   1.6155494e+01   9.0000000e+00   2.0518285e+01   5.0990195e+00   1.4866069e+01   2.1587033e+01   4.1000000e+01   5.4918121e+01   3.0016662e+01   3.1320920e+01   4.2379240e+01   5.2497619e+01   5.0009999e+01   3.1953091e+01   2.9000000e+01   3.1622777e+01   5.4129474e+01   4.8020829e+01   3.6674242e+01   5.3851648e+01   5.0328918e+01   6.1611687e+01   6.6483081e+01   4.3011626e+01   5.0990195e+00   1.7204651e+01   4.5541190e+01   2.5709920e+01   2.9546573e+01   1.1401754e+01   1.7888544e+01   6.4031242e+00   2.1023796e+01   3.1780497e+01   3.7656341e+01   3.3060551e+01   4.9819675e+01   4.2520583e+01   5.1739733e+01   2.6832816e+01   2.5059928e+01   4.3174066e+01   4.8166378e+01   3.8639358e+01   1.8384776e+01   2.2135944e+01   7.8102497e+00   1.5132746e+01   5.8309519e+00   4.0024992e+01   5.1419841e+01   5.8000000e+01   7.4652528e+01   6.3812225e+01   5.3851648e+01   4.5617979e+01   3.5608988e+01   4.3046487e+01   6.4536811e+01   3.2140317e+01   2.9068884e+01   3.1575307e+01   3.4928498e+01   4.1048752e+01   4.4944410e+01   5.6612719e+01   5.1039201e+01   4.4777226e+01   5.3150729e+01   2.8000000e+01   1.8027756e+01   1.2649111e+01   3.1622777e+00   1.1045361e+01   1.3038405e+01   3.4785054e+01   1.9416488e+01   5.0596443e+01   0.0000000e+00   7.6157731e+00   5.8309519e+00   1.3601471e+01   1.1180340e+01   1.0630146e+01   1.0198039e+01   4.4721360e+00   8.6023253e+00   3.1622777e+00   2.5612497e+01
   3.3015148e+01   1.3928388e+01   4.0224371e+01   3.3060551e+01   1.0630146e+01   8.5440037e+00   2.8071338e+01   2.4186773e+01   5.0328918e+01   3.8832976e+01   4.3046487e+01   3.0870698e+01   8.5440037e+00   1.3892444e+01   1.8788294e+01   1.2165525e+01   1.8788294e+01   1.8110770e+01   3.8639358e+01   4.8764741e+01   2.3086793e+01   2.5942244e+01   3.7121422e+01   4.4922155e+01   4.3046487e+01   2.4351591e+01   2.2203603e+01   2.4207437e+01   4.6518813e+01   4.2047592e+01   3.1320920e+01   4.8764741e+01   4.3139309e+01   5.4203321e+01   5.9413803e+01   4.2941821e+01   2.8284271e+00   2.4041631e+01   3.9293765e+01   1.8248288e+01   2.5000000e+01   1.0198039e+01   1.9026298e+01   1.3601471e+01   2.2627417e+01   3.2802439e+01   3.6769553e+01   3.1320920e+01   4.8703183e+01   3.5355339e+01   4.5000000e+01   2.1587033e+01   1.7492856e+01   3.5693137e+01   4.1012193e+01   3.2572995e+01   1.4142136e+01   1.4560220e+01   2.2360680e+00   1.3000000e+01   1.0198039e+01   3.6055513e+01   4.7265209e+01   5.5443665e+01   6.8007353e+01   5.7706152e+01   4.8104054e+01   3.8013156e+01   2.9154759e+01   3.7161808e+01   5.7801384e+01   2.5709920e+01   2.2561028e+01   2.5632011e+01   2.9154759e+01   3.3600595e+01   3.7443290e+01   4.9203658e+01   4.3600459e+01   3.7161808e+01   4.5967380e+01   2.5961510e+01   1.7000000e+01   1.4212670e+01   6.0000000e+00   1.8439089e+01   7.2111026e+00   3.0265492e+01   1.3601471e+01   4.5891176e+01   7.6157731e+00   0.0000000e+00   4.4721360e+00   6.4031242e+00   3.6055513e+00   5.0000000e+00   3.1622777e+00   3.1622777e+00   4.4721360e+00   5.6568542e+00   1.8384776e+01
   3.3970576e+01   1.8384776e+01   4.2544095e+01   3.7215588e+01   6.7082039e+00   9.2195445e+00   2.6076810e+01   2.0615528e+01   5.1623638e+01   3.7947332e+01   4.1048752e+01   3.3837849e+01   1.2041595e+01   1.4317821e+01   2.2472205e+01   8.9442719e+00   1.4317821e+01   1.6124515e+01   3.6124784e+01   4.9091751e+01   2.7294688e+01   3.0413813e+01   4.1593269e+01   4.8270074e+01   4.7169906e+01   2.7658633e+01   2.3345235e+01   2.6419690e+01   4.9396356e+01   4.2190046e+01   3.0870698e+01   4.8104054e+01   4.4821870e+01   5.6302753e+01   6.0876925e+01   3.9395431e+01   4.4721360e+00   2.3021729e+01   4.3680659e+01   2.2022716e+01   2.9410882e+01   1.3416408e+01   2.1587033e+01   1.2206556e+01   1.8439089e+01   2.8844410e+01   3.3526109e+01   2.8442925e+01   4.5607017e+01   3.7013511e+01   4.6010868e+01   2.1023796e+01   2.0248457e+01   3.9319207e+01   4.5011110e+01   3.7000000e+01   1.8439089e+01   1.8110770e+01   3.0000000e+00   1.0049876e+01   6.0000000e+00   3.4525353e+01   4.5891176e+01   5.3084838e+01   6.8883960e+01   5.7982756e+01   5.2554733e+01   4.0853396e+01   2.9832868e+01   3.7215588e+01   5.8796258e+01   3.0083218e+01   2.6925824e+01   3.0083218e+01   3.3615473e+01   3.5846897e+01   3.9824616e+01   5.1312766e+01   4.5793013e+01   4.0162171e+01   4.7634021e+01   2.3194827e+01   1.3601471e+01   9.8994949e+00   2.8284271e+00   1.5231546e+01   1.1661904e+01   2.9120440e+01   1.3601471e+01   4.4922155e+01   5.8309519e+00   4.4721360e+00   0.0000000e+00   8.5440037e+00   7.0000000e+00   5.0000000e+00   7.6157731e+00   3.1622777e+00   2.8284271e+00   6.0000000e+00   2.0248457e+01
   2.6627054e+01   1.3453624e+01   3.4132096e+01   2.9832868e+01   1.1401754e+01   3.1622777e+00   2.3769729e+01   2.2627417e+01   4.3931765e+01   3.3241540e+01   3.8470768e+01   2.5298221e+01   4.4721360e+00   2.0248457e+01   2.2360680e+01   1.7464249e+01   2.1213203e+01   1.4317821e+01   3.4785054e+01   4.2485292e+01   2.0248457e+01   2.5495098e+01   3.6400549e+01   3.9812058e+01   3.9623226e+01   1.9235384e+01   1.5811388e+01   1.8027756e+01   4.0853396e+01   3.5846897e+01   2.5495098e+01   4.2953463e+01   3.6796739e+01   4.8010416e+01   5.3037722e+01   4.0804412e+01   9.2195445e+00   3.0413813e+01   3.7161808e+01   1.4142136e+01   2.5612497e+01   1.5132746e+01   2.4186773e+01   1.9849433e+01   2.2825424e+01   3.1890437e+01   3.4132096e+01   2.8178006e+01   4.5617979e+01   2.9000000e+01   3.8600518e+01   1.6031220e+01   1.1704700e+01   3.1064449e+01   3.7215588e+01   3.0886890e+01   1.6155494e+01   1.0049876e+01   5.8309519e+00   1.1401754e+01   1.4317821e+01   3.1064449e+01   4.2011903e+01   5.1195703e+01   6.1611687e+01   5.1429563e+01   4.6529560e+01   3.2310989e+01   2.2825424e+01   3.1016125e+01   5.1400389e+01   2.3706539e+01   2.0591260e+01   2.4413111e+01   2.8017851e+01   2.7459060e+01   3.1384710e+01   4.3011626e+01   3.7443290e+01   3.1622777e+01   3.9623226e+01   2.2825424e+01   1.5620499e+01   1.5524175e+01   1.1180340e+01   2.3769729e+01   9.2195445e+00   2.5000000e+01   8.0000000e+00   4.0311289e+01   1.3601471e+01   6.4031242e+00   8.5440037e+00   0.0000000e+00   3.1622777e+00   4.0000000e+00   6.0827625e+00   9.2195445e+00   6.0827625e+00   1.2041595e+01   1.2041595e+01
   2.9681644e+01   1.2206556e+01   3.6619667e+01   3.0265492e+01   1.1661904e+01   6.0000000e+00   2.6476405e+01   2.4207437e+01   4.6861498e+01   3.6345564e+01   4.1303753e+01   2.7313001e+01   5.0990195e+00   1.7204651e+01   1.9646883e+01   1.5524175e+01   2.0880613e+01   1.6763055e+01   3.7363083e+01   4.5617979e+01   2.0396078e+01   2.4413111e+01   3.5510562e+01   4.1484937e+01   4.0199502e+01   2.0880613e+01   1.8867962e+01   2.0615528e+01   4.2953463e+01   3.9000000e+01   2.8635642e+01   4.6097722e+01   3.9597980e+01   5.0606324e+01   5.5901699e+01   4.2720019e+01   6.4031242e+00   2.7586228e+01   3.7000000e+01   1.5033296e+01   2.4041631e+01   1.2041595e+01   2.1095023e+01   1.7204651e+01   2.3600847e+01   3.3241540e+01   3.6235342e+01   3.0463092e+01   4.7927028e+01   3.1827661e+01   4.1617304e+01   1.9104973e+01   1.3892444e+01   3.2388269e+01   3.8013156e+01   3.0463092e+01   1.3892444e+01   1.1180340e+01   4.0000000e+00   1.2806248e+01   1.3000000e+01   3.4014703e+01   4.5044423e+01   5.3935146e+01   6.4637450e+01   5.4561891e+01   4.6097722e+01   3.4438351e+01   2.5942244e+01   3.4176015e+01   5.4405882e+01   2.3409400e+01   2.0248457e+01   2.3706539e+01   2.7294688e+01   3.0000000e+01   3.3837849e+01   4.5607017e+01   4.0000000e+01   3.3615473e+01   4.2426407e+01   2.5079872e+01   1.7029386e+01   1.5652476e+01   9.2195445e+00   2.1840330e+01   6.7082039e+00   2.8017851e+01   1.1045361e+01   4.3416587e+01   1.1180340e+01   3.6055513e+00   7.0000000e+00   3.1622777e+00   0.0000000e+00   4.2426407e+00   3.0000000e+00   6.7082039e+00   5.3851648e+00   9.2195445e+00   1.4866069e+01
   2.9068884e+01   1.6401219e+01   3.7589892e+01   3.3734256e+01   7.6157731e+00   4.2426407e+00   2.3086793e+01   2.0000000e+01   4.6669048e+01   3.3955854e+01   3.8052595e+01   2.9120440e+01   8.2462113e+00   1.8384776e+01   2.3409400e+01   1.3892444e+01   1.7262677e+01   1.3152946e+01   3.3734256e+01   4.4418465e+01   2.4041631e+01   2.8600699e+01   3.9661064e+01   4.3737855e+01   4.3566042e+01   2.3194827e+01   1.8384776e+01   2.1470911e+01   4.4598206e+01   3.7589892e+01   2.6570661e+01   4.3965896e+01   3.9824616e+01   5.1312766e+01   5.5901699e+01   3.8587563e+01   7.2801099e+00   2.7802878e+01   4.0853396e+01   1.8110770e+01   2.8284271e+01   1.5132746e+01   2.4020824e+01   1.7029386e+01   1.9416488e+01   2.9000000e+01   3.2202484e+01   2.6570661e+01   4.4011362e+01   3.2015621e+01   4.1109610e+01   1.6763055e+01   1.5524175e+01   3.5057096e+01   4.1194660e+01   3.4438351e+01   1.8027756e+01   1.4035669e+01   3.1622777e+00   8.6023253e+00   1.0440307e+01   3.1064449e+01   4.2296572e+01   5.0487622e+01   6.4031242e+01   5.3338541e+01   5.0089919e+01   3.6055513e+01   2.5000000e+01   3.2649655e+01   5.3907328e+01   2.7313001e+01   2.4166092e+01   2.7784888e+01   3.1384710e+01   3.0886890e+01   3.4885527e+01   4.6324939e+01   4.0816663e+01   3.5440090e+01   4.2638011e+01   2.1189620e+01   1.2806248e+01   1.1704700e+01   7.8102497e+00   2.0124612e+01   1.0816654e+01   2.5317978e+01   8.9442719e+00   4.1000000e+01   1.0630146e+01   5.0000000e+00   5.0000000e+00   4.0000000e+00   4.2426407e+00   0.0000000e+00   6.7082039e+00   6.7082039e+00   2.2360680e+00   9.8488578e+00   1.5264338e+01
   3.2249031e+01   1.0770330e+01   3.8418745e+01   3.0016662e+01   1.3453624e+01   9.0000000e+00   2.9427878e+01   2.6627054e+01   4.9203658e+01   3.9319207e+01   4.4283180e+01   2.8653098e+01   6.4031242e+00   1.4866069e+01   1.6763055e+01   1.5033296e+01   2.1931712e+01   1.9646883e+01   4.0261644e+01   4.8332184e+01   2.0024984e+01   2.2825424e+01   3.4000000e+01   4.2379240e+01   4.0012498e+01   2.1931712e+01   2.1470911e+01   2.2627417e+01   4.4294469e+01   4.1785165e+01   3.1575307e+01   4.9030603e+01   4.1773197e+01   5.2497619e+01   5.8137767e+01   4.5276926e+01   5.0990195e+00   2.5612497e+01   3.6138622e+01   1.5524175e+01   2.2022716e+01   9.0553851e+00   1.8110770e+01   1.5652476e+01   2.5495098e+01   3.5468296e+01   3.8910153e+01   3.3241540e+01   5.0695167e+01   3.4058773e+01   4.4102154e+01   2.2090722e+01   1.5620499e+01   3.2984845e+01   3.8052595e+01   2.9410882e+01   1.1401754e+01   1.2083046e+01   5.0000000e+00   1.5264338e+01   1.3341664e+01   3.7013511e+01   4.8041649e+01   5.6885851e+01   6.7119297e+01   5.7271284e+01   4.4944410e+01   3.5846897e+01   2.8635642e+01   3.7000000e+01   5.6859476e+01   2.2561028e+01   1.9416488e+01   2.2472205e+01   2.6000000e+01   3.1890437e+01   3.5608988e+01   4.7507894e+01   4.1868843e+01   3.4885527e+01   4.4598206e+01   2.7856777e+01   1.9416488e+01   1.7204651e+01   9.0553851e+00   2.1213203e+01   4.2426407e+00   3.1016125e+01   1.4035669e+01   4.6389654e+01   1.0198039e+01   3.1622777e+00   7.6157731e+00   6.0827625e+00   3.0000000e+00   6.7082039e+00   0.0000000e+00   6.0000000e+00   7.0710678e+00   7.6157731e+00   1.7204651e+01
   3.5608988e+01   1.6492423e+01   4.3266615e+01   3.6013886e+01   9.8488578e+00   1.0816654e+01   2.9017236e+01   2.3769729e+01   5.3075418e+01   4.0521599e+01   4.4011362e+01   3.4014703e+01   1.1704700e+01   1.1704700e+01   1.9416488e+01   9.0553851e+00   1.6643317e+01   1.9026298e+01   3.9204592e+01   5.1107729e+01   2.6019224e+01   2.8231188e+01   3.9395431e+01   4.8083261e+01   4.6010868e+01   2.7513633e+01   2.4839485e+01   2.7202941e+01   4.9658836e+01   4.4294469e+01   3.3241540e+01   5.0596443e+01   4.6010868e+01   5.7201399e+01   6.2225397e+01   4.2544095e+01   1.4142136e+00   2.1260292e+01   4.1976184e+01   2.1377558e+01   2.6925824e+01   1.0295630e+01   1.8439089e+01   1.0630146e+01   2.1400935e+01   3.1906112e+01   3.6687873e+01   3.1575307e+01   4.8764741e+01   3.8209946e+01   4.7634021e+01   2.3409400e+01   2.0591260e+01   3.8832976e+01   4.4045431e+01   3.5171011e+01   1.5811388e+01   1.7720045e+01   3.6055513e+00   1.3152946e+01   7.6157731e+00   3.7336309e+01   4.8662100e+01   5.6142675e+01   7.0604532e+01   6.0033324e+01   5.0596443e+01   4.1146081e+01   3.1622777e+01   3.9357337e+01   6.0440053e+01   2.8442925e+01   2.5317978e+01   2.8160256e+01   3.1622777e+01   3.6619667e+01   4.0496913e+01   5.2201533e+01   4.6615448e+01   4.0311289e+01   4.8836462e+01   2.6305893e+01   1.6763055e+01   1.2806248e+01   3.1622777e+00   1.5297059e+01   9.4868330e+00   3.1780497e+01   1.5652476e+01   4.7539457e+01   4.4721360e+00   3.1622777e+00   3.1622777e+00   9.2195445e+00   6.7082039e+00   6.7082039e+00   6.0000000e+00   0.0000000e+00   5.0990195e+00   3.1622777e+00   2.1260292e+01
   3.1144823e+01   1.7492856e+01   3.9824616e+01   3.5510562e+01   6.4031242e+00   6.4031242e+00   2.4000000e+01   1.9723083e+01   4.8795492e+01   3.5440090e+01   3.9000000e+01   3.1320920e+01   1.0049876e+01   1.6763055e+01   2.3259407e+01   1.1661904e+01   1.5524175e+01   1.4000000e+01   3.4365681e+01   4.6324939e+01   2.5709920e+01   2.9681644e+01   4.0816663e+01   4.5891176e+01   4.5398238e+01   2.5317978e+01   2.0518285e+01   2.3706539e+01   4.6818800e+01   3.9446166e+01   2.8231188e+01   4.5541190e+01   4.2011903e+01   5.3535035e+01   5.8051701e+01   3.8470768e+01   6.0000000e+00   2.5806976e+01   4.2379240e+01   2.0024984e+01   2.9068884e+01   1.4560220e+01   2.3194827e+01   1.5000000e+01   1.8439089e+01   2.8425341e+01   3.2310989e+01   2.6925824e+01   4.4271887e+01   3.4205263e+01   4.3185646e+01   1.8384776e+01   1.7720045e+01   3.7121422e+01   4.3104524e+01   3.5846897e+01   1.8439089e+01   1.6000000e+01   2.2360680e+00   8.5440037e+00   8.2462113e+00   3.2249031e+01   4.3566042e+01   5.1244512e+01   6.6068147e+01   5.5226805e+01   5.1478151e+01   3.8275318e+01   2.7018512e+01   3.4481879e+01   5.5973208e+01   2.8792360e+01   2.5632011e+01   2.9068884e+01   3.2649655e+01   3.3120990e+01   3.7121422e+01   4.8548944e+01   4.3046487e+01   3.7643060e+01   4.4821870e+01   2.1587033e+01   1.2529964e+01   1.0295630e+01   5.6568542e+00   1.7888544e+01   1.1313708e+01   2.6683328e+01   1.0816654e+01   4.2449971e+01   8.6023253e+00   4.4721360e+00   2.8284271e+00   6.0827625e+00   5.3851648e+00   2.2360680e+00   7.0710678e+00   5.0990195e+00   0.0000000e+00   8.2462113e+00   1.7492856e+01
   3.8600518e+01   1.7029386e+01   4.5803930e+01   3.7054015e+01   1.2369317e+01   1.3892444e+01   3.2062439e+01   2.6248809e+01   5.5973208e+01   4.3680659e+01   4.7042534e+01   3.6235342e+01   1.3892444e+01   8.5440037e+00   1.7691806e+01   8.2462113e+00   1.7691806e+01   2.2090722e+01   4.2107007e+01   5.4203321e+01   2.7073973e+01   2.8160256e+01   3.9217343e+01   4.9979996e+01   4.7042534e+01   2.9546573e+01   2.7802878e+01   2.9832868e+01   5.1884487e+01   4.7413078e+01   3.6400549e+01   5.3758720e+01   4.8795492e+01   5.9816386e+01   6.5069194e+01   4.4944410e+01   2.8284271e+00   1.8384776e+01   4.2426407e+01   2.3086793e+01   2.6400758e+01   8.4852814e+00   1.5811388e+01   8.0622577e+00   2.3323808e+01   3.4000000e+01   3.9293765e+01   3.4365681e+01   5.1419841e+01   4.1012193e+01   5.0606324e+01   2.6570661e+01   2.3021729e+01   4.0521599e+01   4.5276926e+01   3.5510562e+01   1.5231546e+01   1.9697716e+01   6.7082039e+00   1.6031220e+01   8.4852814e+00   4.0447497e+01   5.1788030e+01   5.9076222e+01   7.3600272e+01   6.3134776e+01   5.0695167e+01   4.3416587e+01   3.4669872e+01   4.2485292e+01   6.3411355e+01   2.9068884e+01   2.6019224e+01   2.8442925e+01   3.1780497e+01   3.9204592e+01   4.3011626e+01   5.4817880e+01   4.9203658e+01   4.2485292e+01   5.1623638e+01   2.9154759e+01   1.9416488e+01   1.4764823e+01   4.4721360e+00   1.4000000e+01   1.0000000e+01   3.4928498e+01   1.8788294e+01   5.0695167e+01   3.1622777e+00   5.6568542e+00   6.0000000e+00   1.2041595e+01   9.2195445e+00   9.8488578e+00   7.6157731e+00   3.1622777e+00   8.2462113e+00   0.0000000e+00   2.4041631e+01
   1.5231546e+01   1.8000000e+01   2.2360680e+01   2.5000000e+01   2.0615528e+01   1.1180340e+01   2.1213203e+01   2.6248809e+01   3.2015621e+01   2.5495098e+01   3.3541020e+01   1.5000000e+01   1.1180340e+01   3.2015621e+01   3.0413813e+01   2.9154759e+01   3.0413813e+01   1.5811388e+01   3.2015621e+01   3.1622777e+01   1.8027756e+01   2.6925824e+01   3.6055513e+01   3.0000000e+01   3.3541020e+01   1.1180340e+01   5.0000000e+00   6.3245553e+00   2.9832868e+01   2.5495098e+01   1.7464249e+01   3.4000000e+01   2.4758837e+01   3.6055513e+01   4.1036569e+01   4.1400483e+01   2.1213203e+01   4.2426407e+01   3.3970576e+01   1.1180340e+01   2.8861739e+01   2.5495098e+01   3.4176015e+01   3.1890437e+01   2.9154759e+01   3.5468296e+01   3.4205263e+01   2.7802878e+01   4.3931765e+01   1.6970563e+01   2.6925824e+01   1.1313708e+01   4.4721360e+00   2.2803509e+01   3.0463092e+01   2.9206164e+01   2.3194827e+01   9.0553851e+00   1.7804494e+01   1.8027756e+01   2.5495098e+01   2.5495098e+01   3.4928498e+01   4.6518813e+01   4.9929951e+01   4.0496913e+01   4.3863424e+01   2.1377558e+01   1.2165525e+01   2.1095023e+01   3.9661064e+01   2.2472205e+01   2.0124612e+01   2.4596748e+01   2.7784888e+01   1.5652476e+01   1.9697716e+01   3.1064449e+01   2.5553865e+01   2.1095023e+01   2.7586228e+01   2.3323808e+01   2.1095023e+01   2.4331050e+01   2.3021729e+01   3.5355339e+01   1.8384776e+01   1.9235384e+01   9.0000000e+00   3.2249031e+01   2.5612497e+01   1.8384776e+01   2.0248457e+01   1.2041595e+01   1.4866069e+01   1.5264338e+01   1.7204651e+01   2.1260292e+01   1.7492856e+01   2.4041631e+01   0.0000000e+00
