   0.0000000e+00   4.9336462e+01   2.2340330e+01   4.8803727e+01   4.8803727e+01   3.7759227e+01   3.2035694e+01   4.7862960e+01   2.7206741e+01   2.3834524e+01   4.0101136e+01   2.5464975e+01   4.0101136e+01   7.0808250e+01   6.8531243e+01   6.4174956e+01   6.1559397e+01   3.4770979e+01   4.2846783e+01   2.5238634e+01   4.4411844e+01   5.9306887e+01   6.9760378e+01   4.2177332e+01   5.6964591e+01   2.9624732e+01   1.6724981e+01   1.8500000e+01   3.6562446e+01   1.7068042e+01   1.6160460e+01   3.1820920e+01   1.9053975e+01   3.7607951e+01   4.1304412e+01   6.1282399e+01   5.4207541e+01   8.5776022e+01   6.2889903e+01   3.6531236e+01   6.3517855e+01   6.1577819e+01   7.4594534e+01   6.9646583e+01   5.5531809e+01   5.9019228e+01   5.1101383e+01   4.2740384e+01   6.0236923e+01   9.9868330e+00   1.8562392e+01   2.3347319e+01   2.8158633e+01   3.8918745e+01   5.1588159e+01   5.8845951e+01   5.7618298e+01   3.5805807e+01   4.8523432e+01   4.2952915e+01   5.7932569e+01   2.9353076e+01   3.7119667e+01   5.7814920e+01   5.3000000e+01   3.8447332e+01   7.7161594e+01   2.7541635e+01   7.2082039e+00   1.2593387e+01   3.7759227e+01   5.0811529e+01   4.8710476e+01   5.5018346e+01   5.8749464e+01   1.6445219e+01   2.0624612e+01   3.0835623e+01   2.4546829e+01   2.9314059e+01   2.2799103e+01   3.9615214e+01   4.4819860e+01   5.2978567e+01   5.5695108e+01   7.2905110e+01   5.0923209e+01   2.3445588e+01   3.1277427e+01   3.1386890e+01   6.0048300e+01   5.0022722e+01   5.1455863e+01   4.0440581e+01   4.5022466e+01   4.4103326e+01   4.8873546e+01   5.3913481e+01   4.7217235e+01   5.8400777e+01   2.3347319e+01
   4.9336462e+01   0.0000000e+00   5.2113952e+01   3.0835623e+01   3.6280581e+01   2.5101829e+01   5.4873707e+01   5.4604066e+01   7.1635434e+01   6.5434582e+01   7.5933746e+01   3.5646124e+01   1.4650972e+01   3.2284430e+01   2.0000000e+01   3.8269035e+01   4.9543348e+01   4.1688591e+01   7.1635434e+01   7.4045904e+01   1.6160460e+01   1.8809833e+01   3.5485711e+01   5.2978567e+01   4.5724440e+01   2.5101829e+01   3.5000000e+01   3.1820920e+01   5.7932569e+01   6.5434582e+01   5.3341745e+01   7.8500000e+01   5.9536006e+01   7.3122311e+01   8.3854664e+01   8.1804981e+01   2.3445588e+01   4.8966483e+01   3.8742646e+01   1.4650972e+01   1.8809833e+01   1.8624569e+01   2.8158633e+01   3.6780160e+01   5.4207541e+01   6.8415389e+01   7.1651247e+01   6.2510080e+01   8.8502841e+01   4.8966483e+01   6.5486537e+01   4.1304412e+01   2.1713203e+01   3.8089892e+01   4.3453463e+01   2.8522313e+01   9.2464278e+00   1.4083078e+01   2.3978714e+01   3.7638255e+01   3.6562446e+01   6.4174956e+01   7.9417679e+01   9.5368330e+01   9.9192705e+01   8.7085218e+01   5.1764022e+01   4.6120719e+01   4.5599889e+01   5.9076873e+01   8.3814164e+01   1.8562392e+01   1.4000000e+01   1.8057050e+01   2.3347319e+01   4.3479646e+01   4.7934165e+01   6.5900688e+01   5.7519733e+01   4.4000000e+01   6.3589223e+01   5.4583269e+01   4.4000000e+01   4.2177332e+01   2.9970324e+01   4.7024187e+01   1.1106602e+01   5.4707933e+01   3.0686918e+01   7.5739617e+01   3.0649627e+01   2.1392582e+01   2.8077164e+01   2.0680436e+01   1.8809833e+01   2.5101829e+01   1.6655494e+01   2.5238634e+01   2.6739284e+01   2.6044080e+01   2.7500000e+01
   2.2340330e+01   5.2113952e+01   0.0000000e+00   3.8000000e+01   6.4580028e+01   5.0811529e+01   5.3533009e+01   6.8066634e+01   2.3000000e+01   4.4232139e+01   6.0966933e+01   1.7270510e+01   4.8523432e+01   8.0226094e+01   7.1254858e+01   7.7717226e+01   7.8802299e+01   5.3533009e+01   6.4580028e+01   3.4041020e+01   4.0888736e+01   5.5100824e+01   6.0500000e+01   2.1713203e+01   4.0888736e+01   2.7541635e+01   3.1423292e+01   2.4686773e+01   1.4730249e+01   3.2319805e+01   3.8000000e+01   4.7361498e+01   1.1420165e+01   2.1713203e+01   3.2810989e+01   8.3122636e+01   6.5017440e+01   9.6546864e+01   5.0564958e+01   3.8000000e+01   6.0743257e+01   6.8415389e+01   7.9702273e+01   8.1235680e+01   7.4746212e+01   8.0127257e+01   7.2905110e+01   6.4369007e+01   8.1694212e+01   1.2869317e+01   2.1976732e+01   4.2607007e+01   3.4705263e+01   2.4686773e+01   3.5614100e+01   5.0090826e+01   6.0836556e+01   4.0805087e+01   6.0443724e+01   5.9840121e+01   7.2280917e+01   5.0923209e+01   5.5817267e+01   7.7337491e+01   4.9635018e+01   4.3453463e+01   6.3141839e+01   9.6241438e+00   2.7666155e+01   3.2142535e+01   3.5130189e+01   4.5624827e+01   4.5624827e+01   5.0362310e+01   5.2288030e+01   1.0562306e+01   4.7426407e+00   1.4329317e+01   5.9083269e+00   1.2593387e+01   1.4000000e+01   6.0574953e+01   6.3159796e+01   6.9760378e+01   6.8415389e+01   8.7059228e+01   5.7775649e+01   4.5249302e+01   4.6513585e+01   4.9336462e+01   7.2061163e+01   6.0836556e+01   6.4316142e+01   5.1698144e+01   5.5429500e+01   5.6884838e+01   5.8128118e+01   6.5399923e+01   6.0236923e+01   6.9205895e+01   3.4041020e+01
   4.8803727e+01   3.0835623e+01   3.8000000e+01   0.0000000e+00   6.2346584e+01   4.7934165e+01   6.9646583e+01   7.6305673e+01   6.0500000e+01   7.1254858e+01   8.6013157e+01   2.4217082e+01   3.8742646e+01   6.2346584e+01   4.4232139e+01   6.8000000e+01   7.6985293e+01   6.0966933e+01   8.5352814e+01   6.9646583e+01   1.5500000e+01   2.1713203e+01   2.3000000e+01   2.7541635e+01   1.5500000e+01   2.1713203e+01   4.2926407e+01   3.3534073e+01   3.6154593e+01   6.4580028e+01   6.0500000e+01   7.9886712e+01   4.8593659e+01   5.5100824e+01   6.9058369e+01   1.0010045e+02   5.3000000e+01   7.8802299e+01   1.4650972e+01   2.4217082e+01   2.8077164e+01   4.8523432e+01   5.4853013e+01   6.7110810e+01   7.8802299e+01   9.0412457e+01   8.9304561e+01   7.9702273e+01   1.0338950e+02   4.2740384e+01   5.8206152e+01   5.4853013e+01   3.2142535e+01   1.4329317e+01   1.3316006e+01   1.2869317e+01   3.7027387e+01   3.0387288e+01   5.1851728e+01   6.1245370e+01   6.5278469e+01   7.4061199e+01   8.5153706e+01   1.0495214e+02   8.6642324e+01   8.0507812e+01   2.9314059e+01   2.9039446e+01   4.9174942e+01   6.0873835e+01   7.2562473e+01   1.3916408e+01   1.7602631e+01   1.7602631e+01   1.6724981e+01   3.4705263e+01   3.5130189e+01   4.9336462e+01   4.2607007e+01   2.6044080e+01   5.1500000e+01   7.2889571e+01   6.7077023e+01   6.8531243e+01   5.9076873e+01   7.7058801e+01   4.1110959e+01   6.5278469e+01   4.9474483e+01   7.9659649e+01   6.0518747e+01   5.0090826e+01   5.6323382e+01   4.5249302e+01   4.5898238e+01   5.1101383e+01   4.5524993e+01   5.4520829e+01   5.3765843e+01   5.6081022e+01   3.8000000e+01
   4.8803727e+01   3.6280581e+01   6.4580028e+01   6.2346584e+01   0.0000000e+00   1.5500000e+01   3.1423292e+01   2.1392582e+01   7.5500000e+01   5.0811529e+01   5.3533009e+01   5.3533009e+01   2.4217082e+01   3.0500000e+01   4.4232139e+01   1.7270510e+01   1.5500000e+01   1.7270510e+01   4.5500000e+01   6.9646583e+01   4.7934165e+01   5.4583269e+01   7.1254858e+01   7.5874067e+01   7.6985293e+01   4.5500000e+01   3.4041020e+01   4.0888736e+01   7.6171990e+01   5.9076873e+01   4.1304412e+01   6.6243821e+01   6.6363495e+01   8.4352549e+01   8.9608080e+01   4.9543348e+01   1.7270510e+01   4.0888736e+01   7.3199725e+01   3.8742646e+01   5.3702444e+01   3.0686918e+01   4.2740384e+01   2.5238634e+01   1.8562392e+01   3.3805405e+01   4.0888736e+01   3.3636083e+01   5.9076873e+01   5.4853013e+01   6.6568147e+01   2.7037709e+01   3.3534073e+01   6.3517855e+01   7.3261597e+01   6.3571388e+01   3.7638255e+01   3.2566337e+01   1.3227922e+01   7.2082039e+00   1.0562306e+01   4.4616324e+01   6.1706617e+01   7.1000000e+01   1.0020206e+02   8.2726820e+01   8.7046230e+01   6.3464276e+01   4.2204316e+01   5.1588159e+01   8.5458814e+01   5.2892748e+01   4.8170746e+01   5.3533009e+01   5.8923026e+01   5.4583269e+01   6.0743257e+01   7.6985293e+01   6.9041958e+01   6.2889903e+01   7.0471423e+01   2.6000000e+01   1.1106602e+01   6.6846584e+00   1.2593387e+01   2.4918231e+01   2.7037709e+01   3.7395122e+01   1.8624569e+01   6.0966933e+01   1.7000000e+01   1.6445219e+01   1.0562306e+01   1.7602631e+01   1.7992856e+01   1.1923660e+01   2.0680436e+01   1.5273287e+01   1.0104686e+01   1.9053975e+01   3.1423292e+01
   3.7759227e+01   2.5101829e+01   5.0811529e+01   4.7934165e+01   1.5500000e+01   0.0000000e+00   3.1423292e+01   3.0274150e+01   6.4139610e+01   4.6120719e+01   5.3533009e+01   3.8742646e+01   1.1106602e+01   3.4041020e+01   3.8742646e+01   2.7541635e+01   3.0500000e+01   1.7270510e+01   4.7934165e+01   6.0966933e+01   3.4041020e+01   4.2926407e+01   5.9076873e+01   6.0966933e+01   6.2346584e+01   3.0500000e+01   2.1713203e+01   2.6696374e+01   6.1706617e+01   5.0811529e+01   3.4705263e+01   6.0892466e+01   5.3913481e+01   7.1254858e+01   7.7993548e+01   5.7203175e+01   1.7270510e+01   4.8523432e+01   5.9536006e+01   2.4217082e+01   4.3401049e+01   2.7541635e+01   4.1110959e+01   3.2390437e+01   3.1423292e+01   4.4309246e+01   4.7096674e+01   3.8089892e+01   6.4227937e+01   4.2204316e+01   5.5817267e+01   2.0229420e+01   1.8562392e+01   4.8523432e+01   5.8459037e+01   5.0429951e+01   2.9469812e+01   1.8057050e+01   1.1316654e+01   1.3916408e+01   2.1976732e+01   4.2526777e+01   5.9076873e+01   7.2578083e+01   9.0224579e+01   7.4366434e+01   7.3816096e+01   4.8920037e+01   3.1712978e+01   4.3453463e+01   7.5018454e+01   3.9615214e+01   3.5032593e+01   4.1027768e+01   4.6415684e+01   4.0749224e+01   4.6806047e+01   6.3785069e+01   5.5572679e+01   4.8170746e+01   5.8128118e+01   3.0084624e+01   2.0057607e+01   2.1553503e+01   1.8562392e+01   3.6780160e+01   1.9053975e+01   3.3534073e+01   8.1485293e+00   5.6724994e+01   2.2799103e+01   1.3316006e+01   1.4329317e+01   5.2434165e+00   9.5000000e+00   6.8639610e+00   1.4000000e+01   1.6724981e+01   1.0104686e+01   2.1338666e+01   1.7270510e+01
   3.2035694e+01   5.4873707e+01   5.3533009e+01   6.9646583e+01   3.1423292e+01   3.1423292e+01   0.0000000e+00   1.8809833e+01   5.5100824e+01   2.1713203e+01   2.3000000e+01   5.0811529e+01   4.0888736e+01   6.0966933e+01   6.9646583e+01   4.7934165e+01   3.8000000e+01   1.5500000e+01   1.7270510e+01   4.4232139e+01   5.9076873e+01   7.1254858e+01   8.6013157e+01   7.1651247e+01   8.1624904e+01   4.8523432e+01   2.7541635e+01   3.7547267e+01   6.7582039e+01   3.4041020e+01   1.7270510e+01   3.6811155e+01   5.0090826e+01   6.8415389e+01   6.8811785e+01   3.1386890e+01   4.5500000e+01   7.1651247e+01   8.3258685e+01   4.8523432e+01   7.2951708e+01   5.7814920e+01   7.1143471e+01   5.6161926e+01   2.8158633e+01   2.7666155e+01   2.0624612e+01   1.1420165e+01   3.4705263e+01   4.1249233e+01   4.5624827e+01   1.5349242e+01   3.8742646e+01   6.4316142e+01   7.6661014e+01   7.5993377e+01   6.0274577e+01   4.3766615e+01   3.9528835e+01   2.4918231e+01   4.1304412e+01   1.3916408e+01   3.0872685e+01   4.1688591e+01   7.5394926e+01   5.6020267e+01   9.8103791e+01   5.6964591e+01   2.6394015e+01   2.7541635e+01   6.2219122e+01   6.5624880e+01   6.1706617e+01   6.8332514e+01   7.3400617e+01   4.5624827e+01   5.1101383e+01   6.2073127e+01   5.6081022e+01   5.7912978e+01   5.3341745e+01   9.2464278e+00   2.1976732e+01   3.2035694e+01   4.2926407e+01   5.4165631e+01   4.9977268e+01   9.9868330e+00   2.4733242e+01   3.0872685e+01   4.7600955e+01   4.2607007e+01   3.9615214e+01   3.6154593e+01   4.0214607e+01   3.5130189e+01   4.4641817e+01   4.4025854e+01   3.6500000e+01   4.8593659e+01   3.2319805e+01
   4.7862960e+01   5.4604066e+01   6.8066634e+01   7.6305673e+01   2.1392582e+01   3.0274150e+01   1.8809833e+01   0.0000000e+00   7.2656081e+01   3.9873214e+01   3.6749138e+01   6.1688234e+01   4.0860872e+01   5.0564958e+01   6.4912732e+01   3.5000000e+01   2.1392582e+01   1.6160460e+01   2.7080068e+01   6.2510080e+01   6.3321175e+01   7.2656081e+01   8.8847326e+01   8.3868159e+01   8.9923151e+01   5.6504464e+01   3.8269035e+01   4.7862960e+01   8.1513888e+01   5.2222819e+01   3.4770979e+01   5.4604066e+01   6.6397648e+01   8.4940808e+01   8.6577000e+01   2.8682441e+01   3.8119809e+01   5.7991304e+01   8.8745396e+01   5.2978567e+01   7.2749567e+01   5.1522054e+01   6.3589223e+01   4.4025854e+01   1.0104686e+01   1.4650972e+01   2.0229420e+01   1.4730249e+01   3.8476967e+01   5.6323382e+01   6.3177747e+01   2.6000000e+01   4.4819860e+01   7.4061199e+01   8.5472054e+01   8.0014150e+01   5.7519733e+01   4.7096674e+01   3.3431748e+01   1.7602631e+01   2.9157460e+01   3.1277427e+01   4.7096674e+01   5.2048521e+01   9.3693347e+01   7.4305488e+01   1.0325821e+02   6.9760378e+01   4.1442032e+01   4.5449972e+01   8.0352990e+01   6.9205895e+01   6.4702804e+01   7.0792247e+01   7.6171990e+01   5.9019228e+01   6.5000000e+01   7.8182044e+01   7.1397814e+01   7.0084481e+01   6.9987409e+01   1.0104686e+01   1.1316654e+01   1.8562392e+01   3.3260495e+01   3.9064880e+01   4.6708765e+01   2.8036340e+01   2.7332816e+01   4.8335656e+01   3.7272952e+01   3.6780160e+01   3.1423292e+01   3.4441125e+01   3.6811155e+01   3.0500000e+01   4.0440581e+01   3.6154593e+01   3.0084624e+01   3.9873214e+01   3.9873214e+01
   2.7206741e+01   7.1635434e+01   2.3000000e+01   6.0500000e+01   7.5500000e+01   6.4139610e+01   5.5100824e+01   7.2656081e+01   0.0000000e+00   3.8000000e+01   5.3533009e+01   3.8742646e+01   6.5017440e+01   9.6546864e+01   9.1122845e+01   9.0811959e+01   8.7964278e+01   6.0966933e+01   6.0500000e+01   1.7270510e+01   6.2346584e+01   7.6985293e+01   8.3000000e+01   4.0888736e+01   6.2346584e+01   4.7934165e+01   4.2926407e+01   4.0888736e+01   3.0686918e+01   2.3000000e+01   3.8447332e+01   3.3397568e+01   1.2869317e+01   1.7270510e+01   1.4650972e+01   8.0000000e+01   8.0226094e+01   1.1199552e+02   7.2889571e+01   5.7618298e+01   8.2356582e+01   8.6210268e+01   9.8552282e+01   9.5982983e+01   8.1068294e+01   8.2012269e+01   7.1254858e+01   6.4632675e+01   7.4973150e+01   2.3396506e+01   9.9868330e+00   4.9635018e+01   5.1698144e+01   4.7096674e+01   5.7282480e+01   7.2562473e+01   8.0338900e+01   5.8923026e+01   7.4776510e+01   6.9565187e+01   8.4620449e+01   4.7096674e+01   4.4616324e+01   6.5693941e+01   2.8077164e+01   2.1976732e+01   8.4940808e+01   3.2035694e+01   3.3805405e+01   2.8158633e+01   1.2869317e+01   6.7582039e+01   6.7077023e+01   7.2280917e+01   7.4548970e+01   2.8960499e+01   2.6175864e+01   1.5500000e+01   1.8748288e+01   3.5032593e+01   9.5000000e+00   6.3589223e+01   7.1015956e+01   7.9545873e+01   8.2177720e+01   9.9602220e+01   7.5394926e+01   4.5624827e+01   5.7932569e+01   3.8000000e+01   8.6420021e+01   7.5993377e+01   7.7935457e+01   6.6397648e+01   7.0792247e+01   7.0503571e+01   7.4305488e+01   8.0113127e+01   7.3693237e+01   8.4459812e+01   4.8523432e+01
   2.3834524e+01   6.5434582e+01   4.4232139e+01   7.1254858e+01   5.0811529e+01   4.6120719e+01   2.1713203e+01   3.9873214e+01   3.8000000e+01   0.0000000e+00   1.7270510e+01   4.8523432e+01   5.3000000e+01   7.8802299e+01   8.3000000e+01   6.7582039e+01   5.9076873e+01   3.4041020e+01   2.3000000e+01   2.4217082e+01   6.4580028e+01   7.8802299e+01   9.1122845e+01   6.5017440e+01   8.0226094e+01   5.0811529e+01   3.1423292e+01   3.8742646e+01   5.8206152e+01   1.5500000e+01   1.2593387e+01   1.5943445e+01   3.7027387e+01   5.3533009e+01   5.0564958e+01   4.2500000e+01   6.2346584e+01   9.1122845e+01   8.5405830e+01   5.5100824e+01   8.2012269e+01   7.3060320e+01   8.6642324e+01   7.5154203e+01   4.9336462e+01   4.6194639e+01   3.4041020e+01   2.8682441e+01   3.8447332e+01   3.2601402e+01   2.9157460e+01   2.6394015e+01   4.5249302e+01   6.2164414e+01   7.4867332e+01   8.0338900e+01   7.2562473e+01   5.2288030e+01   5.6161926e+01   4.4103326e+01   6.0873835e+01   9.9868330e+00   1.4730249e+01   3.4507352e+01   5.4853013e+01   3.5032593e+01   9.9930881e+01   5.0632325e+01   2.2647235e+01   1.2593387e+01   4.2740384e+01   7.1254858e+01   6.8332514e+01   7.4973150e+01   7.9332100e+01   3.9758757e+01   4.3401049e+01   4.8523432e+01   4.4819860e+01   5.2569665e+01   3.9064880e+01   3.0274150e+01   4.2526777e+01   5.2504807e+01   6.1245370e+01   7.4594534e+01   6.3571388e+01   1.3916408e+01   3.8476967e+01   1.1106602e+01   6.5986640e+01   5.8749464e+01   5.7420998e+01   5.0362310e+01   5.5018346e+01   5.1433781e+01   5.9478810e+01   6.1282399e+01   5.3660135e+01   6.6020989e+01   3.8742646e+01
   4.0101136e+01   7.5933746e+01   6.0966933e+01   8.6013157e+01   5.3533009e+01   5.3533009e+01   2.3000000e+01   3.6749138e+01   5.3533009e+01   1.7270510e+01   0.0000000e+00   6.4139610e+01   6.2346584e+01   8.3340208e+01   9.1741438e+01   6.9646583e+01   5.7618298e+01   3.8000000e+01   1.1106602e+01   3.8000000e+01   7.7717226e+01   9.1122845e+01   1.0469333e+02   8.1624904e+01   9.5959415e+01   6.5017440e+01   4.4232139e+01   5.3000000e+01   7.4973150e+01   3.1423292e+01   2.6044080e+01   2.3786262e+01   5.3702444e+01   6.9646583e+01   6.5000000e+01   2.8522313e+01   6.8000000e+01   9.3269877e+01   1.0010045e+02   6.7582039e+01   9.3548375e+01   8.0226094e+01   9.3608807e+01   7.8182044e+01   4.6120719e+01   3.7638255e+01   2.3000000e+01   2.2647235e+01   2.1976732e+01   4.9174942e+01   4.5249302e+01   3.5130189e+01   5.7519733e+01   7.7935457e+01   9.0662354e+01   9.4150948e+01   8.2012269e+01   6.3731717e+01   6.2018290e+01   4.7217235e+01   6.3159796e+01   1.2593387e+01   1.2593387e+01   2.0000000e+01   6.6020989e+01   4.5624827e+01   1.1482519e+02   6.7110810e+01   3.7638255e+01   2.9353076e+01   5.6182134e+01   8.4419604e+01   8.0998447e+01   8.7706651e+01   9.2441558e+01   5.6020267e+01   5.9991596e+01   6.5017440e+01   6.1577819e+01   6.8910526e+01   5.5531809e+01   2.8522313e+01   4.3453463e+01   5.3256516e+01   6.5278469e+01   7.4973150e+01   7.2013985e+01   2.1976732e+01   4.6391176e+01   1.7270510e+01   6.9906412e+01   6.5069730e+01   6.2073127e+01   5.8206152e+01   6.2455629e+01   5.7578893e+01   6.6924769e+01   6.6517043e+01   5.9000000e+01   7.1063801e+01   5.0811529e+01
   2.5464975e+01   3.5646124e+01   1.7270510e+01   2.4217082e+01   5.3533009e+01   3.8742646e+01   5.0811529e+01   6.1688234e+01   3.8742646e+01   4.8523432e+01   6.4139610e+01   0.0000000e+00   3.4041020e+01   6.5017440e+01   5.4583269e+01   6.4580028e+01   6.8415389e+01   4.6120719e+01   6.5017440e+01   4.6120719e+01   2.4217082e+01   3.8742646e+01   4.6120719e+01   2.3000000e+01   3.2319805e+01   1.1106602e+01   2.4217082e+01   1.4329317e+01   2.3978714e+01   4.0888736e+01   3.8742646e+01   5.6242713e+01   2.6394015e+01   3.8000000e+01   4.9543348e+01   8.1680355e+01   5.0811529e+01   8.1624904e+01   3.8119809e+01   2.1713203e+01   4.4180659e+01   5.2569665e+01   6.3303264e+01   6.6941704e+01   6.6653231e+01   7.5093901e+01   7.0936141e+01   6.1577819e+01   8.3000000e+01   1.9053975e+01   3.5032593e+01   3.7027387e+01   2.0902206e+01   1.4329317e+01   2.7037709e+01   3.5292241e+01   4.4309246e+01   2.5464975e+01   4.7024187e+01   5.0022722e+01   5.9840121e+01   5.2569665e+01   6.2073127e+01   8.2507622e+01   6.6020989e+01   5.7519733e+01   5.2222819e+01   1.1316654e+01   2.7037709e+01   3.7547267e+01   5.1101383e+01   2.9353076e+01   2.8960499e+01   3.4041020e+01   3.6531236e+01   1.1106602e+01   1.3316006e+01   3.0872685e+01   2.2647235e+01   9.9868330e+00   2.9970324e+01   5.6000000e+01   5.4583269e+01   5.9306887e+01   5.5100824e+01   7.4061199e+01   4.2204316e+01   4.4616324e+01   3.6500000e+01   5.6323382e+01   5.8225644e+01   4.6806047e+01   5.1256773e+01   3.8447332e+01   4.1469501e+01   4.4180659e+01   4.3479646e+01   5.1522054e+01   4.7481379e+01   5.4853013e+01   2.3000000e+01
   4.0101136e+01   1.4650972e+01   4.8523432e+01   3.8742646e+01   2.4217082e+01   1.1106602e+01   4.0888736e+01   4.0860872e+01   6.5017440e+01   5.3000000e+01   6.2346584e+01   3.4041020e+01   0.0000000e+00   3.2319805e+01   3.0500000e+01   3.1423292e+01   3.8742646e+01   2.7541635e+01   5.7618298e+01   6.4580028e+01   2.4217082e+01   3.2319805e+01   4.8523432e+01   5.5100824e+01   5.3533009e+01   2.4217082e+01   2.4217082e+01   2.4918231e+01   5.7519733e+01   5.5100824e+01   4.1027768e+01   6.6924769e+01   5.3702444e+01   6.9646583e+01   7.8283353e+01   6.7732804e+01   1.7270510e+01   4.8523432e+01   4.9543348e+01   1.5500000e+01   3.2949961e+01   2.1976732e+01   3.5130189e+01   3.3431748e+01   4.1442032e+01   5.4853013e+01   5.7519733e+01   4.8359168e+01   7.4366434e+01   4.2204316e+01   5.7618298e+01   2.7872431e+01   1.4329317e+01   4.1442032e+01   5.0090826e+01   4.0129534e+01   2.0229420e+01   9.6241438e+00   1.4083078e+01   2.4217082e+01   2.7541635e+01   5.0811529e+01   6.6653231e+01   8.1680355e+01   9.2086025e+01   7.7935457e+01   6.3589223e+01   4.4794469e+01   3.5130189e+01   4.8170746e+01   7.6661014e+01   2.9353076e+01   2.4686773e+01   3.0500000e+01   3.5901271e+01   3.8742646e+01   4.4309246e+01   6.2164414e+01   5.3702444e+01   4.3453463e+01   5.7932569e+01   4.0440581e+01   3.0500000e+01   3.0387288e+01   2.1976732e+01   4.0888736e+01   1.1420165e+01   4.1442032e+01   1.6655494e+01   6.3517855e+01   2.4733242e+01   1.3316006e+01   1.8562392e+01   7.2082039e+00   8.1485293e+00   1.2869317e+01   1.0104686e+01   1.8057050e+01   1.5574813e+01   2.1338666e+01   1.7270510e+01
   7.0808250e+01   3.2284430e+01   8.0226094e+01   6.2346584e+01   3.0500000e+01   3.4041020e+01   6.0966933e+01   5.0564958e+01   9.6546864e+01   7.8802299e+01   8.3340208e+01   6.5017440e+01   3.2319805e+01   0.0000000e+00   2.4217082e+01   1.7270510e+01   3.4041020e+01   4.6120719e+01   7.5500000e+01   9.4474731e+01   4.7934165e+01   4.5500000e+01   6.0966933e+01   8.4352549e+01   7.6985293e+01   5.4583269e+01   5.4583269e+01   5.6724994e+01   8.8285249e+01   8.4352549e+01   6.7916615e+01   9.3946509e+01   8.5458814e+01   1.0140218e+02   1.1000000e+02   7.7993548e+01   1.7270510e+01   1.7270510e+01   6.8066634e+01   4.4232139e+01   4.1249233e+01   1.4329317e+01   1.6445219e+01   8.9852814e+00   4.4616324e+01   6.0743257e+01   7.0294341e+01   6.3571388e+01   8.8541184e+01   7.3877449e+01   8.8732647e+01   5.3171150e+01   4.6120719e+01   6.9646583e+01   7.5093901e+01   5.7578893e+01   2.6175864e+01   4.0101136e+01   2.3347319e+01   3.6624784e+01   2.1976732e+01   7.3754693e+01   9.0811959e+01   1.0100000e+02   1.2326196e+02   1.0788366e+02   7.8859747e+01   7.5829277e+01   6.5069730e+01   7.6985293e+01   1.0791508e+02   4.9336462e+01   4.5249302e+01   4.7217235e+01   5.1522054e+01   7.0535705e+01   7.5993377e+01   9.3934469e+01   8.5458814e+01   7.4137626e+01   8.9696412e+01   5.6000000e+01   4.1027768e+01   3.2566337e+01   1.8562392e+01   2.0902206e+01   2.3396506e+01   6.5624880e+01   4.1469501e+01   8.9304561e+01   1.4000000e+01   2.1338666e+01   2.1976732e+01   3.0872685e+01   2.6306976e+01   2.8077164e+01   2.2799103e+01   1.8057050e+01   2.5644582e+01   1.3316006e+01   4.8523432e+01
   6.8531243e+01   2.0000000e+01   7.1254858e+01   4.4232139e+01   4.4232139e+01   3.8742646e+01   6.9646583e+01   6.4912732e+01   9.1122845e+01   8.3000000e+01   9.1741438e+01   5.4583269e+01   3.0500000e+01   2.4217082e+01   0.0000000e+00   3.8000000e+01   5.3533009e+01   5.5100824e+01   8.6013157e+01   9.3269877e+01   3.2319805e+01   2.4217082e+01   3.8000000e+01   6.9646583e+01   5.7618298e+01   4.4232139e+01   5.3533009e+01   5.1256773e+01   7.5874067e+01   8.4352549e+01   7.1015956e+01   9.6792523e+01   7.8988853e+01   9.2049167e+01   1.0321441e+02   9.3075645e+01   2.7541635e+01   3.8000000e+01   4.6708765e+01   3.4041020e+01   1.8748288e+01   1.4329317e+01   1.1420165e+01   3.2035694e+01   6.1706617e+01   7.7469150e+01   8.3814164e+01   7.5469994e+01   1.0162492e+02   6.8465065e+01   8.4954130e+01   5.7677356e+01   4.0888736e+01   5.4687176e+01   5.6884838e+01   3.6562446e+01   1.1420165e+01   3.3260495e+01   3.2035694e+01   4.8170746e+01   3.9758757e+01   8.0507812e+01   9.6605411e+01   1.1081886e+02   1.1868629e+02   1.0640680e+02   5.6000000e+01   6.4702804e+01   6.4369007e+01   7.7717226e+01   1.0331294e+02   3.0872685e+01   2.8158633e+01   2.7332816e+01   3.0387288e+01   6.2889903e+01   6.7127697e+01   8.4954130e+01   7.6661014e+01   6.2346584e+01   8.3013635e+01   6.7397309e+01   5.4165631e+01   4.8803727e+01   3.3534073e+01   4.4103326e+01   2.0229420e+01   7.1254858e+01   4.5898238e+01   9.3512096e+01   3.1277427e+01   2.8682441e+01   3.4208308e+01   3.4041020e+01   2.9970324e+01   3.5614100e+01   2.5644582e+01   2.9624732e+01   3.5389110e+01   2.7037709e+01   4.6120719e+01
   6.4174956e+01   3.8269035e+01   7.7717226e+01   6.8000000e+01   1.7270510e+01   2.7541635e+01   4.7934165e+01   3.5000000e+01   9.0811959e+01   6.7582039e+01   6.9646583e+01   6.4580028e+01   3.1423292e+01   1.7270510e+01   3.8000000e+01   0.0000000e+00   1.7270510e+01   3.4041020e+01   6.0966933e+01   8.6013157e+01   5.3000000e+01   5.5100824e+01   7.1651247e+01   8.6013157e+01   8.3000000e+01   5.5100824e+01   4.8523432e+01   5.3533009e+01   8.7964278e+01   7.5500000e+01   5.7912978e+01   8.3013635e+01   8.0900560e+01   9.8288036e+01   1.0479046e+02   6.1688234e+01   1.5500000e+01   2.4217082e+01   7.6453933e+01   4.6120719e+01   5.2309748e+01   2.4686773e+01   3.2601402e+01   9.6241438e+00   2.8158633e+01   4.4180659e+01   5.4583269e+01   4.8710476e+01   7.2749567e+01   6.9205895e+01   8.2177720e+01   4.3401049e+01   4.4232139e+01   7.2280917e+01   8.0127257e+01   6.6106783e+01   3.5614100e+01   4.0524992e+01   1.8057050e+01   2.3978714e+01   7.2082039e+00   6.1245370e+01   7.8297815e+01   8.6328317e+01   1.1623353e+02   9.9204103e+01   8.8910972e+01   7.5154203e+01   5.7775649e+01   6.8000000e+01   1.0126830e+02   5.6323382e+01   5.1698144e+01   5.5511362e+01   6.0537488e+01   6.7665840e+01   7.3647112e+01   9.0811959e+01   8.2562476e+01   7.4061199e+01   8.5100532e+01   4.1688591e+01   2.6696374e+01   1.7068042e+01   9.9868330e+00   9.9868330e+00   2.7666155e+01   5.4165631e+01   3.3397568e+01   7.7717226e+01   8.1485293e+00   1.8748288e+01   1.3916408e+01   2.6696374e+01   2.3786262e+01   2.1338666e+01   2.3049945e+01   1.4083078e+01   1.7992856e+01   1.2869317e+01   4.4232139e+01
   6.1559397e+01   4.9543348e+01   7.8802299e+01   7.6985293e+01   1.5500000e+01   3.0500000e+01   3.8000000e+01   2.1392582e+01   8.7964278e+01   5.9076873e+01   5.7618298e+01   6.8415389e+01   3.8742646e+01   3.4041020e+01   5.3533009e+01   1.7270510e+01   0.0000000e+00   2.7541635e+01   4.7934165e+01   8.0226094e+01   6.2346584e+01   6.7582039e+01   8.4352549e+01   9.0811959e+01   9.1741438e+01   6.0500000e+01   4.7934165e+01   5.5511362e+01   9.0811959e+01   6.9646583e+01   5.1588159e+01   7.4305488e+01   7.9702273e+01   9.8000000e+01   1.0211324e+02   4.5724440e+01   2.7541635e+01   3.8000000e+01   8.7305818e+01   5.3533009e+01   6.5849063e+01   3.9758757e+01   4.9174942e+01   2.6132011e+01   1.2593387e+01   2.7872431e+01   3.9758757e+01   3.5614100e+01   5.7519733e+01   6.8465065e+01   7.8730429e+01   3.8830797e+01   4.8523432e+01   7.8514422e+01   8.8131330e+01   7.7396034e+01   4.9174942e+01   4.7385499e+01   2.6132011e+01   1.9473666e+01   1.4329317e+01   5.1256773e+01   6.7665840e+01   7.2578083e+01   1.1131742e+02   9.2783530e+01   1.0077587e+02   7.8182044e+01   5.4853013e+01   6.2346584e+01   9.7107453e+01   6.6907831e+01   6.2164414e+01   6.7077023e+01   7.2390542e+01   6.8910526e+01   7.5093901e+01   9.0749654e+01   8.3040899e+01   7.7717226e+01   8.3692548e+01   3.0084624e+01   1.7602631e+01   9.6241438e+00   2.0902206e+01   1.8562392e+01   3.9413365e+01   4.6120719e+01   3.2880550e+01   6.8332514e+01   2.2799103e+01   2.8682441e+01   2.1976732e+01   3.2319805e+01   3.1820920e+01   2.6394015e+01   3.3397568e+01   2.5464975e+01   2.3786262e+01   2.7037709e+01   4.6120719e+01
   3.4770979e+01   4.1688591e+01   5.3533009e+01   6.0966933e+01   1.7270510e+01   1.7270510e+01   1.5500000e+01   1.6160460e+01   6.0966933e+01   3.4041020e+01   3.8000000e+01   4.6120719e+01   2.7541635e+01   4.6120719e+01   5.5100824e+01   3.4041020e+01   2.7541635e+01   0.0000000e+00   3.1423292e+01   5.3533009e+01   4.8523432e+01   5.9076873e+01   7.4746212e+01   6.8415389e+01   7.4366434e+01   4.0888736e+01   2.3000000e+01   3.2319805e+01   6.6568147e+01   4.2926407e+01   2.4918231e+01   4.9474483e+01   5.3171150e+01   7.1651247e+01   7.5108981e+01   4.0860872e+01   3.0500000e+01   5.7618298e+01   7.3739334e+01   3.8000000e+01   5.9991596e+01   4.2926407e+01   5.6182134e+01   4.1770449e+01   2.1713203e+01   3.0046573e+01   3.0500000e+01   2.1338666e+01   4.7457428e+01   4.2338977e+01   5.1698144e+01   1.1923660e+01   2.9353076e+01   5.8400777e+01   6.9857768e+01   6.5417255e+01   4.6194639e+01   3.2390437e+01   2.4546829e+01   1.0562306e+01   2.7332816e+01   2.8158633e+01   4.5249302e+01   5.6504464e+01   8.4459812e+01   6.6397648e+01   8.8400512e+01   5.4520829e+01   2.8077164e+01   3.5517853e+01   7.0100647e+01   5.4687176e+01   5.0362310e+01   5.6724994e+01   6.2018290e+01   4.4103326e+01   5.0204125e+01   6.4580028e+01   5.7282480e+01   5.4687176e+01   5.7044230e+01   1.3403488e+01   1.0562306e+01   1.9591883e+01   2.8158633e+01   4.1304412e+01   3.5614100e+01   2.0624612e+01   1.2215375e+01   4.4232139e+01   3.2880550e+01   2.7666155e+01   2.4686773e+01   2.1976732e+01   2.5644582e+01   2.0229420e+01   2.9970324e+01   2.9039446e+01   2.1500000e+01   3.3636083e+01   2.4217082e+01
   4.2846783e+01   7.1635434e+01   6.4580028e+01   8.5352814e+01   4.5500000e+01   4.7934165e+01   1.7270510e+01   2.7080068e+01   6.0500000e+01   2.3000000e+01   1.1106602e+01   6.5017440e+01   5.7618298e+01   7.5500000e+01   8.6013157e+01   6.0966933e+01   4.7934165e+01   3.1423292e+01   0.0000000e+00   4.6120719e+01   7.5500000e+01   8.7964278e+01   1.0251103e+02   8.4352549e+01   9.6546864e+01   6.4139610e+01   4.2926407e+01   5.2569665e+01   7.8802299e+01   3.8000000e+01   2.7332816e+01   3.3397568e+01   5.8749464e+01   7.5874067e+01   7.2889571e+01   2.0000000e+01   6.0966933e+01   8.4352549e+01   9.9192705e+01   6.5017440e+01   8.9721634e+01   7.3754693e+01   8.6837999e+01   6.9760378e+01   3.6154593e+01   2.7037709e+01   1.2593387e+01   1.2869317e+01   1.8562392e+01   5.2309748e+01   5.1588159e+01   3.1712978e+01   5.5100824e+01   7.8802299e+01   9.1407920e+01   9.2331367e+01   7.6882262e+01   6.0443724e+01   5.5244863e+01   3.9615214e+01   5.4687176e+01   1.4329317e+01   2.3000000e+01   2.6000000e+01   7.5469994e+01   5.5100824e+01   1.1403524e+02   6.9597757e+01   3.8830797e+01   3.4041020e+01   6.4632675e+01   8.2108823e+01   7.8297815e+01   8.4954130e+01   8.9960885e+01   5.8206152e+01   6.2943975e+01   7.0535705e+01   6.6020989e+01   7.1015956e+01   6.1171245e+01   2.0000000e+01   3.5032593e+01   4.4411844e+01   5.7519733e+01   6.5624880e+01   6.6448844e+01   2.0902206e+01   4.1469501e+01   2.6696374e+01   6.2000000e+01   5.8459037e+01   5.4687176e+01   5.2677581e+01   5.6544625e+01   5.1101383e+01   6.0892466e+01   5.9306887e+01   5.2048521e+01   6.3660510e+01   4.8523432e+01
   2.5238634e+01   7.4045904e+01   3.4041020e+01   6.9646583e+01   6.9646583e+01   6.0966933e+01   4.4232139e+01   6.2510080e+01   1.7270510e+01   2.4217082e+01   3.8000000e+01   4.6120719e+01   6.4580028e+01   9.4474731e+01   9.3269877e+01   8.6013157e+01   8.0226094e+01   5.3533009e+01   4.6120719e+01   0.0000000e+00   6.8000000e+01   8.3000000e+01   9.1741438e+01   5.4583269e+01   7.4366434e+01   5.3000000e+01   4.0888736e+01   4.2926407e+01   4.5249302e+01   1.1106602e+01   2.9157460e+01   1.6655494e+01   2.3396506e+01   3.4041020e+01   2.7500000e+01   6.5434582e+01   7.7717226e+01   1.0866654e+02   8.3122636e+01   6.0966933e+01   8.7616302e+01   8.6013157e+01   9.9181305e+01   9.2441558e+01   7.1651247e+01   6.9857768e+01   5.7618298e+01   5.2309748e+01   5.9172822e+01   2.7666155e+01   1.2593387e+01   4.3138011e+01   5.2892748e+01   5.7420998e+01   6.9041958e+01   8.0900560e+01   8.2356582e+01   6.0537488e+01   7.1761841e+01   6.3159796e+01   7.9446184e+01   3.3703915e+01   2.8158633e+01   4.8966483e+01   3.1712978e+01   1.3916408e+01   9.6359272e+01   4.2846783e+01   3.0046573e+01   1.8562392e+01   1.9053975e+01   7.4061199e+01   7.2515623e+01   7.8514422e+01   8.1721918e+01   3.5517853e+01   3.5614100e+01   3.1423292e+01   3.1712978e+01   4.5624827e+01   2.2799103e+01   5.2978567e+01   6.3159796e+01   7.2624892e+01   7.8297815e+01   9.4054797e+01   7.5469994e+01   3.5032593e+01   5.3765843e+01   2.1713203e+01   8.2877181e+01   7.3647112e+01   7.4137626e+01   6.4227937e+01   6.8926968e+01   6.7127697e+01   7.2998276e+01   7.7161594e+01   6.9987409e+01   8.1804981e+01   4.7934165e+01
   4.4411844e+01   1.6160460e+01   4.0888736e+01   1.5500000e+01   4.7934165e+01   3.4041020e+01   5.9076873e+01   6.3321175e+01   6.2346584e+01   6.4580028e+01   7.7717226e+01   2.4217082e+01   2.4217082e+01   4.7934165e+01   3.2319805e+01   5.3000000e+01   6.2346584e+01   4.8523432e+01   7.5500000e+01   6.8000000e+01   0.0000000e+00   1.5500000e+01   2.7541635e+01   3.8000000e+01   3.0500000e+01   1.5500000e+01   3.4041020e+01   2.6696374e+01   4.4103326e+01   6.0966933e+01   5.2892748e+01   7.5514999e+01   4.9977268e+01   6.0966933e+01   7.3199725e+01   8.8592281e+01   3.8000000e+01   6.4580028e+01   2.6000000e+01   1.1106602e+01   2.0512496e+01   3.4208308e+01   4.2204316e+01   5.2288030e+01   6.4930195e+01   7.7469150e+01   7.7935457e+01   6.8382251e+01   9.3269877e+01   4.1110959e+01   5.7814920e+01   4.4309246e+01   2.0902206e+01   2.3000000e+01   2.7872431e+01   1.7470563e+01   2.3396506e+01   1.6724981e+01   3.6996575e+01   4.7457428e+01   5.0362310e+01   6.5624880e+01   7.8802299e+01   9.7119097e+01   8.9721634e+01   8.0226094e+01   4.0440581e+01   3.3431748e+01   4.2740384e+01   5.5817267e+01   7.4715901e+01   7.2082039e+00   5.2434165e+00   1.1106602e+01   1.5273287e+01   3.4041020e+01   3.7027387e+01   5.4165631e+01   4.6194639e+01   3.0872685e+01   5.3660135e+01   6.1041308e+01   5.3533009e+01   5.4102705e+01   4.4103326e+01   6.2073127e+01   2.6175864e+01   5.6323382e+01   3.6811155e+01   7.4061199e+01   4.5524993e+01   3.5130189e+01   4.1442032e+01   3.0872685e+01   3.1094117e+01   3.6562446e+01   3.0537477e+01   3.9528835e+01   3.9064880e+01   4.1110959e+01   2.7541635e+01
   5.9306887e+01   1.8809833e+01   5.5100824e+01   2.1713203e+01   5.4583269e+01   4.2926407e+01   7.1254858e+01   7.2656081e+01   7.6985293e+01   7.8802299e+01   9.1122845e+01   3.8742646e+01   3.2319805e+01   4.5500000e+01   2.4217082e+01   5.5100824e+01   6.7582039e+01   5.9076873e+01   8.7964278e+01   8.3000000e+01   1.5500000e+01   0.0000000e+00   1.7270510e+01   4.8523432e+01   3.4041020e+01   3.0500000e+01   4.7934165e+01   4.1442032e+01   5.6323382e+01   7.5874067e+01   6.6907831e+01   9.0262186e+01   6.4632675e+01   7.4366434e+01   8.7305818e+01   9.9420423e+01   4.0888736e+01   6.0966933e+01   2.3199119e+01   2.4217082e+01   6.8639610e+00   3.2142535e+01   3.5130189e+01   5.1851728e+01   7.2515623e+01   8.6577000e+01   8.9050833e+01   7.9702273e+01   1.0533916e+02   5.6081022e+01   7.2749567e+01   5.6884838e+01   3.4208308e+01   3.4208308e+01   3.3805405e+01   1.2869317e+01   2.0229420e+01   2.8036340e+01   4.2177332e+01   5.5817267e+01   5.4270345e+01   7.9089121e+01   9.3027023e+01   1.1061471e+02   1.0418462e+02   9.5190285e+01   3.4341543e+01   4.7024187e+01   5.7282480e+01   7.0535705e+01   8.9342557e+01   9.9868330e+00   1.1106602e+01   5.2434165e+00   6.6846584e+00   4.8873546e+01   5.1433781e+01   6.7916615e+01   6.0274577e+01   4.4232139e+01   6.8183085e+01   7.1951032e+01   6.2164414e+01   6.0443724e+01   4.7577064e+01   6.3159796e+01   2.8682441e+01   6.9646583e+01   4.7600955e+01   8.8541184e+01   4.7481379e+01   3.9413365e+01   4.6120719e+01   3.8742646e+01   3.7119667e+01   4.3401049e+01   3.4738137e+01   4.2846783e+01   4.5022466e+01   4.2740384e+01   4.0888736e+01
   6.9760378e+01   3.5485711e+01   6.0500000e+01   2.3000000e+01   7.1254858e+01   5.9076873e+01   8.6013157e+01   8.8847326e+01   8.3000000e+01   9.1122845e+01   1.0469333e+02   4.6120719e+01   4.8523432e+01   6.0966933e+01   3.8000000e+01   7.1651247e+01   8.4352549e+01   7.4746212e+01   1.0251103e+02   9.1741438e+01   2.7541635e+01   1.7270510e+01   0.0000000e+00   4.7934165e+01   2.7541635e+01   4.0888736e+01   6.0966933e+01   5.2892748e+01   5.7618298e+01   8.6013157e+01   7.9659649e+01   1.0107833e+02   7.1063801e+01   7.6985293e+01   9.1296476e+01   1.1507094e+02   5.7618298e+01   7.5500000e+01   1.3403488e+01   3.8000000e+01   2.0229420e+01   4.8170746e+01   4.8593659e+01   6.7866535e+01   8.9114333e+01   1.0287431e+02   1.0453125e+02   9.5047607e+01   1.2021842e+02   6.4632675e+01   8.0507812e+01   7.1302542e+01   4.7934165e+01   3.6624784e+01   3.0046573e+01   1.1420165e+01   3.6562446e+01   4.2979407e+01   5.8923026e+01   7.2202510e+01   7.1015956e+01   9.2600489e+01   1.0528550e+02   1.2404756e+02   1.0900922e+02   1.0289629e+02   1.8500000e+01   5.1522054e+01   6.9041958e+01   8.1624904e+01   9.5047607e+01   2.0902206e+01   2.4918231e+01   1.8562392e+01   1.3227922e+01   5.6724994e+01   5.7578893e+01   7.1572146e+01   6.5069730e+01   4.8523432e+01   7.4000000e+01   8.7500000e+01   7.8514422e+01   7.7161594e+01   6.4316142e+01   7.9446184e+01   4.5449972e+01   8.3340208e+01   6.3087938e+01   1.0022462e+02   6.4068860e+01   5.6182134e+01   6.2889903e+01   5.5100824e+01   5.3765843e+01   5.9991596e+01   5.1500000e+01   5.9593147e+01   6.1724995e+01   5.9326015e+01   5.4583269e+01
   4.2177332e+01   5.2978567e+01   2.1713203e+01   2.7541635e+01   7.5874067e+01   6.0966933e+01   7.1651247e+01   8.3868159e+01   4.0888736e+01   6.5017440e+01   8.1624904e+01   2.3000000e+01   5.5100824e+01   8.4352549e+01   6.9646583e+01   8.6013157e+01   9.0811959e+01   6.8415389e+01   8.4352549e+01   5.4583269e+01   3.8000000e+01   4.8523432e+01   4.7934165e+01   0.0000000e+00   2.3000000e+01   3.1423292e+01   4.6120719e+01   3.6624784e+01   1.1106602e+01   5.3533009e+01   5.7519733e+01   6.8514704e+01   3.1712978e+01   3.0500000e+01   4.5599889e+01   1.0216858e+02   7.1651247e+01   1.0112306e+02   3.5805807e+01   4.0888736e+01   5.4853013e+01   7.1015956e+01   7.9702273e+01   8.7409436e+01   8.9114333e+01   9.6990932e+01   9.1618055e+01   8.2562476e+01   1.0190266e+02   3.2949961e+01   4.2526777e+01   5.8749464e+01   4.2926407e+01   1.5500000e+01   1.8748288e+01   3.9413365e+01   6.0836556e+01   4.6046679e+01   6.8531243e+01   7.2515623e+01   8.1694212e+01   7.1015956e+01   7.6985293e+01   9.8448966e+01   6.3660510e+01   6.2346584e+01   4.5599889e+01   1.5273287e+01   4.6194639e+01   5.3000000e+01   5.1433781e+01   3.9758757e+01   4.1987950e+01   4.4103326e+01   4.3766615e+01   2.6696374e+01   2.2133308e+01   2.6696374e+01   2.3396506e+01   1.4329317e+01   3.2706366e+01   7.7629761e+01   7.7058801e+01   8.1721918e+01   7.6542751e+01   9.5486841e+01   6.1577819e+01   6.4316142e+01   5.9000000e+01   7.0535705e+01   7.9246428e+01   6.7883232e+01   7.2905110e+01   6.0218088e+01   6.2727406e+01   6.6106783e+01   6.4068860e+01   7.2624892e+01   6.9336763e+01   7.5469994e+01   4.5500000e+01
   5.6964591e+01   4.5724440e+01   4.0888736e+01   1.5500000e+01   7.6985293e+01   6.2346584e+01   8.1624904e+01   8.9923151e+01   6.2346584e+01   8.0226094e+01   9.5959415e+01   3.2319805e+01   5.3533009e+01   7.6985293e+01   5.7618298e+01   8.3000000e+01   9.1741438e+01   7.4366434e+01   9.6546864e+01   7.4366434e+01   3.0500000e+01   3.4041020e+01   2.7541635e+01   2.3000000e+01   0.0000000e+00   3.4041020e+01   5.4583269e+01   4.4616324e+01   3.3534073e+01   7.1254858e+01   7.0535705e+01   8.6681495e+01   5.1764022e+01   5.3000000e+01   6.8066634e+01   1.1243860e+02   6.8000000e+01   9.3269877e+01   1.4650972e+01   3.8742646e+01   4.0129534e+01   6.3159796e+01   6.8465065e+01   8.1998466e+01   9.3027023e+01   1.0391301e+02   1.0162492e+02   9.2086025e+01   1.1458878e+02   4.9174942e+01   6.2346584e+01   6.7127697e+01   4.5624827e+01   1.8562392e+01   5.9083269e+00   2.2133308e+01   5.1433781e+01   4.4921279e+01   6.6772166e+01   7.5500000e+01   8.0226094e+01   8.4352549e+01   9.3512096e+01   1.1423324e+02   8.6118339e+01   8.3543663e+01   2.3199119e+01   3.2035694e+01   5.8845951e+01   6.8910526e+01   7.3493150e+01   2.8158633e+01   3.2319805e+01   3.0872685e+01   2.8036340e+01   4.1304412e+01   3.9413365e+01   4.8873546e+01   4.4180659e+01   2.9353076e+01   5.3660135e+01   8.5736436e+01   8.1138080e+01   8.3163474e+01   7.4061199e+01   9.2049167e+01   5.6081022e+01   7.6171990e+01   6.3177747e+01   8.7512930e+01   7.5514999e+01   6.5069730e+01   7.1254858e+01   5.9934838e+01   6.0799254e+01   6.5849063e+01   6.0518747e+01   6.9516302e+01   6.8597357e+01   7.1063801e+01   5.0811529e+01
   2.9624732e+01   2.5101829e+01   2.7541635e+01   2.1713203e+01   4.5500000e+01   3.0500000e+01   4.8523432e+01   5.6504464e+01   4.7934165e+01   5.0811529e+01   6.5017440e+01   1.1106602e+01   2.4217082e+01   5.4583269e+01   4.4232139e+01   5.5100824e+01   6.0500000e+01   4.0888736e+01   6.4139610e+01   5.3000000e+01   1.5500000e+01   3.0500000e+01   4.0888736e+01   3.1423292e+01   3.4041020e+01   0.0000000e+00   2.1713203e+01   1.2593387e+01   3.4208308e+01   4.6120719e+01   3.9615214e+01   6.0892466e+01   3.5614100e+01   4.8523432e+01   5.9536006e+01   7.9146360e+01   4.0888736e+01   7.1254858e+01   3.5646124e+01   1.1106602e+01   3.5292241e+01   4.1987950e+01   5.2742224e+01   5.6864883e+01   6.0218088e+01   7.0423172e+01   6.8332514e+01   5.8749464e+01   8.2177720e+01   2.6175864e+01   4.2926407e+01   3.3805405e+01   1.2593387e+01   1.8562392e+01   2.9469812e+01   3.0046573e+01   3.3805405e+01   1.5273287e+01   3.7607951e+01   4.2926407e+01   5.0811529e+01   5.3000000e+01   6.4930195e+01   8.4137611e+01   7.5469994e+01   6.5278469e+01   5.0452477e+01   2.1819006e+01   2.8682441e+01   4.1304412e+01   6.0274577e+01   2.1713203e+01   2.0057607e+01   2.6044080e+01   2.9624732e+01   1.9473666e+01   2.3396506e+01   4.1304412e+01   3.2949961e+01   2.0057607e+01   3.9500000e+01   5.2222819e+01   4.8170746e+01   5.1522054e+01   4.5624827e+01   6.4580028e+01   3.1712978e+01   4.4103326e+01   2.9970324e+01   5.9840121e+01   4.8429636e+01   3.7027387e+01   4.1987950e+01   2.9353076e+01   3.1820920e+01   3.5292241e+01   3.3397568e+01   4.1770449e+01   3.8476967e+01   4.4819860e+01   1.7270510e+01
   1.6724981e+01   3.5000000e+01   3.1423292e+01   4.2926407e+01   3.4041020e+01   2.1713203e+01   2.7541635e+01   3.8269035e+01   4.2926407e+01   3.1423292e+01   4.4232139e+01   2.4217082e+01   2.4217082e+01   5.4583269e+01   5.3533009e+01   4.8523432e+01   4.7934165e+01   2.3000000e+01   4.2926407e+01   4.0888736e+01   3.4041020e+01   4.7934165e+01   6.0966933e+01   4.6120719e+01   5.4583269e+01   2.1713203e+01   0.0000000e+00   1.0562306e+01   4.4103326e+01   3.1423292e+01   1.9473666e+01   4.4000000e+01   3.2949961e+01   5.0811529e+01   5.6804973e+01   5.8381344e+01   3.8000000e+01   6.9646583e+01   5.6804973e+01   2.4217082e+01   5.1101383e+01   4.5624827e+01   5.8845951e+01   5.3575418e+01   4.4103326e+01   5.1433781e+01   4.7577064e+01   3.8089892e+01   6.0966933e+01   2.1338666e+01   3.4705263e+01   1.3316006e+01   1.4329317e+01   3.7395122e+01   4.9635018e+01   5.0429951e+01   4.2740384e+01   2.1553503e+01   3.2390437e+01   2.8960499e+01   4.2526777e+01   3.2142535e+01   4.5624827e+01   6.3589223e+01   6.9205895e+01   5.4270345e+01   7.1635434e+01   3.2035694e+01   1.1420165e+01   2.4686773e+01   5.3913481e+01   4.0749224e+01   3.7547267e+01   4.4232139e+01   4.8803727e+01   2.1713203e+01   2.7872431e+01   4.3453463e+01   3.5614100e+01   3.2319805e+01   3.7119667e+01   3.2284430e+01   3.2319805e+01   3.8948017e+01   3.9758757e+01   5.7519733e+01   3.5130189e+01   2.3000000e+01   1.5943445e+01   4.1442032e+01   4.4000000e+01   3.3805405e+01   3.5517853e+01   2.4217082e+01   2.8801943e+01   2.8077164e+01   3.2706366e+01   3.7759227e+01   3.1277427e+01   4.2204316e+01   8.0000000e+00
   1.8500000e+01   3.1820920e+01   2.4686773e+01   3.3534073e+01   4.0888736e+01   2.6696374e+01   3.7547267e+01   4.7862960e+01   4.0888736e+01   3.8742646e+01   5.3000000e+01   1.4329317e+01   2.4918231e+01   5.6724994e+01   5.1256773e+01   5.3533009e+01   5.5511362e+01   3.2319805e+01   5.2569665e+01   4.2926407e+01   2.6696374e+01   4.1442032e+01   5.2892748e+01   3.6624784e+01   4.4616324e+01   1.2593387e+01   1.0562306e+01   0.0000000e+00   3.5805807e+01   3.5032593e+01   2.7541635e+01   4.9336462e+01   2.9314059e+01   4.5500000e+01   5.3913481e+01   6.8415389e+01   4.1027768e+01   7.2749567e+01   4.7600955e+01   1.8562392e+01   4.5524993e+01   4.5848649e+01   5.8206152e+01   5.7203175e+01   5.3021424e+01   6.1282399e+01   5.7618298e+01   4.8147141e+01   7.0632018e+01   1.7992856e+01   3.4208308e+01   2.3347319e+01   1.1316654e+01   2.7332816e+01   3.9615214e+01   4.2096274e+01   4.0355991e+01   1.8624569e+01   3.6280581e+01   3.6780160e+01   4.8170746e+01   4.1027768e+01   5.2892748e+01   7.2061163e+01   6.8266142e+01   5.5817267e+01   6.2346584e+01   2.3199119e+01   1.6655494e+01   2.9624732e+01   5.2828291e+01   3.3260495e+01   3.0835623e+01   3.7272952e+01   4.1304412e+01   1.4650972e+01   2.0624612e+01   3.8000000e+01   2.9624732e+01   2.3000000e+01   3.3534073e+01   4.2285165e+01   4.1000000e+01   4.6391176e+01   4.4232139e+01   6.2889903e+01   3.5032593e+01   3.2319805e+01   2.3199119e+01   4.7934165e+01   4.7934165e+01   3.6811155e+01   4.0129534e+01   2.7541635e+01   3.1423292e+01   3.2706366e+01   3.4441125e+01   4.1304412e+01   3.6059809e+01   4.5249302e+01   9.9868330e+00
   3.6562446e+01   5.7932569e+01   1.4730249e+01   3.6154593e+01   7.6171990e+01   6.1706617e+01   6.7582039e+01   8.1513888e+01   3.0686918e+01   5.8206152e+01   7.4973150e+01   2.3978714e+01   5.7519733e+01   8.8285249e+01   7.5874067e+01   8.7964278e+01   9.0811959e+01   6.6568147e+01   7.8802299e+01   4.5249302e+01   4.4103326e+01   5.6323382e+01   5.7618298e+01   1.1106602e+01   3.3534073e+01   3.4208308e+01   4.4103326e+01   3.5805807e+01   0.0000000e+00   4.5500000e+01   5.2222819e+01   5.9934838e+01   2.2799103e+01   2.0057607e+01   3.5032593e+01   9.7340074e+01   7.4290243e+01   1.0496291e+02   4.5898238e+01   4.4616324e+01   6.2510080e+01   7.5500000e+01   8.5379326e+01   9.0412457e+01   8.7706651e+01   9.3934469e+01   8.7085218e+01   7.8456719e+01   9.5841491e+01   2.7080068e+01   3.3397568e+01   5.6020267e+01   4.4232139e+01   2.2647235e+01   2.9039446e+01   4.8429636e+01   6.6295137e+01   4.8873546e+01   7.0423172e+01   7.2013985e+01   8.3040899e+01   6.5121978e+01   6.9205895e+01   9.0824415e+01   5.3085644e+01   5.2157526e+01   5.6182134e+01   1.3316006e+01   4.1688591e+01   4.6120719e+01   4.0888736e+01   4.7096674e+01   4.8523432e+01   5.1698144e+01   5.2157526e+01   2.3000000e+01   1.7068042e+01   1.6160460e+01   1.4329317e+01   1.4650972e+01   2.3000000e+01   7.4381662e+01   7.5874067e+01   8.1694212e+01   7.8500000e+01   9.7432967e+01   6.5399923e+01   5.9440648e+01   5.8459037e+01   6.2600725e+01   8.1694212e+01   7.0278220e+01   7.4594534e+01   6.1780095e+01   6.4930195e+01   6.7397309e+01   6.6941704e+01   7.4988254e+01   7.0728199e+01   7.8326731e+01   4.5249302e+01
   1.7068042e+01   6.5434582e+01   3.2319805e+01   6.4580028e+01   5.9076873e+01   5.0811529e+01   3.4041020e+01   5.2222819e+01   2.3000000e+01   1.5500000e+01   3.1423292e+01   4.0888736e+01   5.5100824e+01   8.4352549e+01   8.4352549e+01   7.5500000e+01   6.9646583e+01   4.2926407e+01   3.8000000e+01   1.1106602e+01   6.0966933e+01   7.5874067e+01   8.6013157e+01   5.3533009e+01   7.1254858e+01   4.6120719e+01   3.1423292e+01   3.5032593e+01   4.5500000e+01   0.0000000e+00   1.8562392e+01   1.5943445e+01   2.3396506e+01   3.8742646e+01   3.5805807e+01   5.7500000e+01   6.7582039e+01   9.8288036e+01   7.8500000e+01   5.3000000e+01   8.0056584e+01   7.6394664e+01   8.9721634e+01   8.2067457e+01   6.1245370e+01   6.0274577e+01   4.8873546e+01   4.2740384e+01   5.2892748e+01   2.2647235e+01   1.4329317e+01   3.2601402e+01   4.4232139e+01   5.3533009e+01   6.5849063e+01   7.5093901e+01   7.3493150e+01   5.1851728e+01   6.1559397e+01   5.2569665e+01   6.8910526e+01   2.4686773e+01   2.4217082e+01   4.5848649e+01   4.2204316e+01   2.4217082e+01   9.2404842e+01   4.0101136e+01   2.0512496e+01   8.0000000e+00   2.8682441e+01   6.7330008e+01   6.5278469e+01   7.1572146e+01   7.5229512e+01   3.0686918e+01   3.2601402e+01   3.4208308e+01   3.1712978e+01   4.2526777e+01   2.4733242e+01   4.2767008e+01   5.2569665e+01   6.2018290e+01   6.7916615e+01   8.3475900e+01   6.6020989e+01   2.4686773e+01   4.3479646e+01   1.7602631e+01   7.2531243e+01   6.3571388e+01   6.3785069e+01   5.4270345e+01   5.9000000e+01   5.6884838e+01   6.3177747e+01   6.6941704e+01   5.9669249e+01   7.1619618e+01   3.8742646e+01
   1.6160460e+01   5.3341745e+01   3.8000000e+01   6.0500000e+01   4.1304412e+01   3.4705263e+01   1.7270510e+01   3.4770979e+01   3.8447332e+01   1.2593387e+01   2.6044080e+01   3.8742646e+01   4.1027768e+01   6.7916615e+01   7.1015956e+01   5.7912978e+01   5.1588159e+01   2.4918231e+01   2.7332816e+01   2.9157460e+01   5.2892748e+01   6.6907831e+01   7.9659649e+01   5.7519733e+01   7.0535705e+01   3.9615214e+01   1.9473666e+01   2.7541635e+01   5.2222819e+01   1.8562392e+01   0.0000000e+00   2.6696374e+01   3.3500000e+01   5.1698144e+01   5.2309748e+01   4.5624827e+01   5.1256773e+01   8.1068294e+01   7.4609716e+01   4.3190748e+01   6.9987409e+01   6.1411822e+01   7.4973150e+01   6.4912732e+01   4.3479646e+01   4.4411844e+01   3.5517853e+01   2.7500000e+01   4.5022466e+01   2.5644582e+01   2.8960499e+01   1.5273287e+01   3.3260495e+01   5.2569665e+01   6.5278469e+01   6.8976273e+01   6.0518747e+01   4.0214607e+01   4.5098206e+01   3.4705263e+01   5.1256773e+01   1.4329317e+01   2.6696374e+01   4.5022466e+01   6.0236923e+01   4.1987950e+01   8.9304561e+01   4.2767008e+01   1.2215375e+01   1.1316654e+01   4.6293013e+01   5.9593147e+01   5.6504464e+01   6.3177747e+01   6.7665840e+01   3.1386890e+01   3.6154593e+01   4.5500000e+01   3.9958839e+01   4.4232139e+01   3.6624784e+01   2.5644582e+01   3.4507352e+01   4.4000000e+01   5.0811529e+01   6.5624880e+01   5.1698144e+01   8.0000000e+00   2.7080068e+01   2.3000000e+01   5.5511362e+01   4.7481379e+01   4.6806047e+01   3.8742646e+01   4.3453463e+01   4.0355991e+01   4.7862960e+01   5.0362310e+01   4.2846783e+01   5.5100824e+01   2.6696374e+01
   3.1820920e+01   7.8500000e+01   4.7361498e+01   7.9886712e+01   6.6243821e+01   6.0892466e+01   3.6811155e+01   5.4604066e+01   3.3397568e+01   1.5943445e+01   2.3786262e+01   5.6242713e+01   6.6924769e+01   9.3946509e+01   9.6792523e+01   8.3013635e+01   7.4305488e+01   4.9474483e+01   3.3397568e+01   1.6655494e+01   7.5514999e+01   9.0262186e+01   1.0107833e+02   6.8514704e+01   8.6681495e+01   6.0892466e+01   4.4000000e+01   4.9336462e+01   5.9934838e+01   1.5943445e+01   2.6696374e+01   0.0000000e+00   3.7638255e+01   5.0158836e+01   4.2926407e+01   5.1807894e+01   7.7366768e+01   1.0652358e+02   9.3862198e+01   6.6924769e+01   9.4090865e+01   8.7577552e+01   1.0112306e+02   9.0512499e+01   6.4174956e+01   5.9172822e+01   4.5449972e+01   4.2204316e+01   4.4025854e+01   3.8089892e+01   2.7206741e+01   4.1304412e+01   5.7578893e+01   6.8976273e+01   8.1277472e+01   9.0161865e+01   8.6118339e+01   6.5017440e+01   7.1191230e+01   5.9536006e+01   7.6305673e+01   2.3834524e+01   1.2500000e+01   3.2810989e+01   4.2740384e+01   2.2340330e+01   1.0783126e+02   5.5429500e+01   3.3636083e+01   2.0229420e+01   3.3534073e+01   8.2012269e+01   7.9659649e+01   8.6105198e+01   8.9998603e+01   4.6120719e+01   4.7934165e+01   4.7096674e+01   4.6120719e+01   5.7912978e+01   3.8000000e+01   4.5098206e+01   5.7912978e+01   6.7916615e+01   7.6542751e+01   9.0023740e+01   7.7717226e+01   2.9353076e+01   5.3256516e+01   7.2082039e+00   8.1277472e+01   7.3647112e+01   7.2656081e+01   6.4930195e+01   6.9646583e+01   6.6448844e+01   7.4045904e+01   7.6394664e+01   6.8811785e+01   8.1138080e+01   5.1500000e+01
   1.9053975e+01   5.9536006e+01   1.1420165e+01   4.8593659e+01   6.6363495e+01   5.3913481e+01   5.0090826e+01   6.6397648e+01   1.2869317e+01   3.7027387e+01   5.3702444e+01   2.6394015e+01   5.3702444e+01   8.5458814e+01   7.8988853e+01   8.0900560e+01   7.9702273e+01   5.3171150e+01   5.8749464e+01   2.3396506e+01   4.9977268e+01   6.4632675e+01   7.1063801e+01   3.1712978e+01   5.1764022e+01   3.5614100e+01   3.2949961e+01   2.9314059e+01   2.2799103e+01   2.3396506e+01   3.3500000e+01   3.7638255e+01   0.0000000e+00   1.9053975e+01   2.5101829e+01   7.7935457e+01   6.9451070e+01   1.0126830e+02   6.1411822e+01   4.5449972e+01   6.9987409e+01   7.4609716e+01   8.6681495e+01   8.5458814e+01   7.4061199e+01   7.7234933e+01   6.8266142e+01   6.0500000e+01   7.4973150e+01   1.2215375e+01   1.1316654e+01   4.1770449e+01   4.0101136e+01   3.5517853e+01   4.6513585e+01   6.0500000e+01   6.8266142e+01   4.7096674e+01   6.4280875e+01   6.0873835e+01   7.4973150e+01   4.4921279e+01   4.7096674e+01   6.8729392e+01   4.0355991e+01   3.2566337e+01   7.4061199e+01   2.0512496e+01   2.5644582e+01   2.5238634e+01   2.5238634e+01   5.5244863e+01   5.4707933e+01   5.9934838e+01   6.2291990e+01   1.6655494e+01   1.4000000e+01   1.2500000e+01   8.9852814e+00   2.3445588e+01   4.7426407e+00   5.7991304e+01   6.3177747e+01   7.0936141e+01   7.1951032e+01   8.9960885e+01   6.3802844e+01   4.1000000e+01   4.8359168e+01   4.0440581e+01   7.5993377e+01   6.5208964e+01   6.7732804e+01   5.5695108e+01   5.9896970e+01   6.0236923e+01   6.3159796e+01   6.9516302e+01   6.3517855e+01   7.3693237e+01   3.7638255e+01
   3.7607951e+01   7.3122311e+01   2.1713203e+01   5.5100824e+01   8.4352549e+01   7.1254858e+01   6.8415389e+01   8.4940808e+01   1.7270510e+01   5.3533009e+01   6.9646583e+01   3.8000000e+01   6.9646583e+01   1.0140218e+02   9.2049167e+01   9.8288036e+01   9.8000000e+01   7.1651247e+01   7.5874067e+01   3.4041020e+01   6.0966933e+01   7.4366434e+01   7.6985293e+01   3.0500000e+01   5.3000000e+01   4.8523432e+01   5.0811529e+01   4.5500000e+01   2.0057607e+01   3.8742646e+01   5.1698144e+01   5.0158836e+01   1.9053975e+01   0.0000000e+00   1.5797059e+01   9.5297152e+01   8.6013157e+01   1.1765375e+02   6.5434582e+01   5.9076873e+01   8.0338900e+01   8.9620705e+01   1.0076465e+02   1.0220177e+02   9.2600489e+01   9.5581544e+01   8.6013157e+01   7.8629700e+01   9.1122845e+01   3.0046573e+01   2.4918231e+01   6.0274577e+01   5.5817267e+01   4.1304412e+01   4.8593659e+01   6.7464543e+01   8.1804981e+01   6.2018290e+01   8.1235680e+01   7.9089121e+01   9.2600489e+01   6.2164414e+01   6.1245370e+01   8.2439002e+01   3.3805405e+01   3.6624784e+01   7.5559976e+01   2.8036340e+01   4.4180659e+01   4.2526777e+01   2.3396506e+01   6.4930195e+01   6.5624880e+01   6.9646583e+01   7.0728199e+01   3.1423292e+01   2.5955844e+01   8.0000000e+00   1.6445219e+01   3.0686918e+01   1.5574813e+01   7.6453933e+01   8.1624904e+01   8.9139720e+01   8.9114333e+01   1.0751635e+02   7.8988853e+01   5.9172822e+01   6.6243821e+01   5.4583269e+01   9.2917531e+01   8.1804981e+01   8.4954130e+01   7.2515623e+01   7.6409486e+01   7.7469150e+01   7.9246428e+01   8.6302098e+01   8.0802553e+01   9.0224579e+01   5.4583269e+01
   4.1304412e+01   8.3854664e+01   3.2810989e+01   6.9058369e+01   8.9608080e+01   7.7993548e+01   6.8811785e+01   8.6577000e+01   1.4650972e+01   5.0564958e+01   6.5000000e+01   4.9543348e+01   7.8283353e+01   1.1000000e+02   1.0321441e+02   1.0479046e+02   1.0211324e+02   7.5108981e+01   7.2889571e+01   2.7500000e+01   7.3199725e+01   8.7305818e+01   9.1296476e+01   4.5599889e+01   6.8066634e+01   5.9536006e+01   5.6804973e+01   5.3913481e+01   3.5032593e+01   3.5805807e+01   5.2309748e+01   4.2926407e+01   2.5101829e+01   1.5797059e+01   0.0000000e+00   9.2306862e+01   9.3862198e+01   1.2567588e+02   8.0127257e+01   6.9711632e+01   9.3027023e+01   9.9204103e+01   1.1117520e+02   1.0975315e+02   9.5107082e+01   9.5486841e+01   8.4097249e+01   7.7993548e+01   8.6118339e+01   3.6624784e+01   2.3978714e+01   6.3785069e+01   6.4702804e+01   5.5244863e+01   6.3500000e+01   8.1402719e+01   9.2600489e+01   7.1651247e+01   8.8541184e+01   8.3706069e+01   9.8655489e+01   5.9934838e+01   5.4832311e+01   7.4715901e+01   1.8562392e+01   2.4686773e+01   9.0699778e+01   4.0888736e+01   4.7934165e+01   4.1770449e+01   1.0562306e+01   7.7819144e+01   7.7935457e+01   8.2562476e+01   8.4177954e+01   4.0888736e+01   3.6749138e+01   2.0229420e+01   2.7541635e+01   4.3792609e+01   2.0902206e+01   7.7396034e+01   8.5153706e+01   9.3693347e+01   9.6053650e+01   1.1364813e+02   8.8400512e+01   5.9326015e+01   7.1951032e+01   4.8593659e+01   1.0022462e+02   8.9620705e+01   9.1815388e+01   8.0056584e+01   8.4352549e+01   8.4352549e+01   8.7706651e+01   9.3838095e+01   8.7577552e+01   9.8103791e+01   6.2054854e+01
   6.1282399e+01   8.1804981e+01   8.3122636e+01   1.0010045e+02   4.9543348e+01   5.7203175e+01   3.1386890e+01   2.8682441e+01   8.0000000e+01   4.2500000e+01   2.8522313e+01   8.1680355e+01   6.7732804e+01   7.7993548e+01   9.3075645e+01   6.1688234e+01   4.5724440e+01   4.0860872e+01   2.0000000e+01   6.5434582e+01   8.8592281e+01   9.9420423e+01   1.1507094e+02   1.0216858e+02   1.1243860e+02   7.9146360e+01   5.8381344e+01   6.8415389e+01   9.7340074e+01   5.7500000e+01   4.5624827e+01   5.1807894e+01   7.7935457e+01   9.5297152e+01   9.2306862e+01   0.0000000e+00   6.6295137e+01   8.3122636e+01   1.1342918e+02   7.7993548e+01   1.0010045e+02   7.9702273e+01   9.1618055e+01   7.0808250e+01   3.4041020e+01   1.8500000e+01   1.1316654e+01   2.0902206e+01   1.3916408e+01   7.0760231e+01   7.1063801e+01   4.5848649e+01   6.8679909e+01   9.5202165e+01   1.0751635e+02   1.0555356e+02   8.5405830e+01   7.2624892e+01   6.1559397e+01   4.5524993e+01   5.6544625e+01   3.3636083e+01   4.0355991e+01   3.2601402e+01   9.4042771e+01   7.3647112e+01   1.2822040e+02   8.7409436e+01   5.6504464e+01   5.3341745e+01   8.3868159e+01   9.4904714e+01   9.0662354e+01   9.7072512e+01   1.0234547e+02   7.5993377e+01   8.1138080e+01   8.9809854e+01   8.4940808e+01   8.8541184e+01   8.0507812e+01   2.8077164e+01   3.9413365e+01   4.6046679e+01   6.1245370e+01   6.3571388e+01   7.4594534e+01   3.8447332e+01   5.2483170e+01   4.5249302e+01   6.5017440e+01   6.4912732e+01   5.9593147e+01   6.1706617e+01   6.4580028e+01   5.8381344e+01   6.8415389e+01   6.4316142e+01   5.8206152e+01   6.7916615e+01   6.2600725e+01
   5.4207541e+01   2.3445588e+01   6.5017440e+01   5.3000000e+01   1.7270510e+01   1.7270510e+01   4.5500000e+01   3.8119809e+01   8.0226094e+01   6.2346584e+01   6.8000000e+01   5.0811529e+01   1.7270510e+01   1.7270510e+01   2.7541635e+01   1.5500000e+01   2.7541635e+01   3.0500000e+01   6.0966933e+01   7.7717226e+01   3.8000000e+01   4.0888736e+01   5.7618298e+01   7.1651247e+01   6.8000000e+01   4.0888736e+01   3.8000000e+01   4.1027768e+01   7.4290243e+01   6.7582039e+01   5.1256773e+01   7.7366768e+01   6.9451070e+01   8.6013157e+01   9.3862198e+01   6.6295137e+01   0.0000000e+00   3.2319805e+01   6.1688234e+01   3.1423292e+01   3.8830797e+01   1.3916408e+01   2.6394015e+01   1.6724981e+01   3.4705263e+01   5.0429951e+01   5.7420998e+01   4.9635018e+01   7.5500000e+01   5.7775649e+01   7.2202510e+01   3.6562446e+01   3.0872685e+01   5.7618298e+01   6.5156786e+01   5.1433781e+01   2.2133308e+01   2.6132011e+01   6.6846584e+00   2.1976732e+01   1.3916408e+01   5.7814920e+01   7.4746212e+01   8.6328317e+01   1.0670381e+02   9.1122845e+01   7.4503378e+01   6.1559397e+01   4.8359168e+01   6.0218088e+01   9.1407920e+01   4.1442032e+01   3.6780160e+01   4.0888736e+01   4.6046679e+01   5.5100824e+01   6.0836556e+01   7.8514422e+01   7.0100647e+01   6.0218088e+01   7.3693237e+01   4.1688591e+01   2.7541635e+01   2.1819006e+01   7.2082039e+00   2.4686773e+01   1.2869317e+01   4.9336462e+01   2.4733242e+01   7.2905110e+01   8.1485293e+00   4.7426407e+00   7.2082039e+00   1.4329317e+01   1.0104686e+01   1.1420165e+01   8.1485293e+00   2.6213203e+00   9.5000000e+00   4.7426407e+00   3.2319805e+01
   8.5776022e+01   4.8966483e+01   9.6546864e+01   7.8802299e+01   4.0888736e+01   4.8523432e+01   7.1651247e+01   5.7991304e+01   1.1199552e+02   9.1122845e+01   9.3269877e+01   8.1624904e+01   4.8523432e+01   1.7270510e+01   3.8000000e+01   2.4217082e+01   3.8000000e+01   5.7618298e+01   8.4352549e+01   1.0866654e+02   6.4580028e+01   6.0966933e+01   7.5500000e+01   1.0112306e+02   9.3269877e+01   7.1254858e+01   6.9646583e+01   7.2749567e+01   1.0496291e+02   9.8288036e+01   8.1068294e+01   1.0652358e+02   1.0126830e+02   1.1765375e+02   1.2567588e+02   8.3122636e+01   3.2319805e+01   0.0000000e+00   8.3665498e+01   6.0966933e+01   5.6081022e+01   3.0872685e+01   2.7666155e+01   1.6724981e+01   5.0022722e+01   6.5156786e+01   7.7132239e+01   7.2013985e+01   9.5011904e+01   8.9595454e+01   1.0382594e+02   6.6363495e+01   6.2346584e+01   8.6406926e+01   9.1593359e+01   7.3261597e+01   4.2338977e+01   5.6664936e+01   3.7759227e+01   4.7577064e+01   3.0872685e+01   8.4954130e+01   1.0201355e+02   1.0953669e+02   1.3824705e+02   1.2199074e+02   9.3500000e+01   9.2441558e+01   7.9702273e+01   9.0811959e+01   1.2303265e+02   6.5624880e+01   6.1706617e+01   6.3159796e+01   6.7110810e+01   8.6733694e+01   9.2331367e+01   1.1016426e+02   1.0171388e+02   9.0811959e+01   1.0551071e+02   6.5261099e+01   5.0362310e+01   4.0524992e+01   3.0872685e+01   2.0057607e+01   4.0129534e+01   7.7717226e+01   5.5429500e+01   1.0134642e+02   2.6306976e+01   3.6562446e+01   3.5032593e+01   4.6120719e+01   4.1879343e+01   4.2204316e+01   3.8918745e+01   3.2390437e+01   3.9210464e+01   2.8077164e+01   6.4139610e+01
   6.2889903e+01   3.8742646e+01   5.0564958e+01   1.4650972e+01   7.3199725e+01   5.9536006e+01   8.3258685e+01   8.8745396e+01   7.2889571e+01   8.5405830e+01   1.0010045e+02   3.8119809e+01   4.9543348e+01   6.8066634e+01   4.6708765e+01   7.6453933e+01   8.7305818e+01   7.3739334e+01   9.9192705e+01   8.3122636e+01   2.6000000e+01   2.3199119e+01   1.3403488e+01   3.5805807e+01   1.4650972e+01   3.5646124e+01   5.6804973e+01   4.7600955e+01   4.5898238e+01   7.8500000e+01   7.4609716e+01   9.3862198e+01   6.1411822e+01   6.5434582e+01   8.0127257e+01   1.1342918e+02   6.1688234e+01   8.3665498e+01   0.0000000e+00   3.6280581e+01   2.8522313e+01   5.4500000e+01   5.7618298e+01   7.4061199e+01   9.0399944e+01   1.0289629e+02   1.0267632e+02   9.3075645e+01   1.1719190e+02   5.6504464e+01   7.1445402e+01   6.8415389e+01   4.5249302e+01   2.6394015e+01   1.7602631e+01   1.1000000e+01   4.2500000e+01   4.2177332e+01   6.1706617e+01   7.2951708e+01   7.4715901e+01   8.8118491e+01   9.9295243e+01   1.1908541e+02   9.8046143e+01   9.3475803e+01   1.5349242e+01   4.1442032e+01   6.3321175e+01   7.4973150e+01   8.4620449e+01   2.0902206e+01   2.5644582e+01   2.1553503e+01   1.7068042e+01   4.8429636e+01   4.8170746e+01   6.0518747e+01   5.4687176e+01   3.8476967e+01   6.3944858e+01   8.6013157e+01   7.9031841e+01   7.9332100e+01   6.8183085e+01   8.4980767e+01   4.9336462e+01   7.9246428e+01   6.2073127e+01   9.3765749e+01   6.8811785e+01   5.9440648e+01   6.6020989e+01   5.6242713e+01   5.6000000e+01   6.1780095e+01   5.4707933e+01   6.3464276e+01   6.4068860e+01   6.4139610e+01   5.1455863e+01
   3.6531236e+01   1.4650972e+01   3.8000000e+01   2.4217082e+01   3.8742646e+01   2.4217082e+01   4.8523432e+01   5.2978567e+01   5.7618298e+01   5.5100824e+01   6.7582039e+01   2.1713203e+01   1.5500000e+01   4.4232139e+01   3.4041020e+01   4.6120719e+01   5.3533009e+01   3.8000000e+01   6.5017440e+01   6.0966933e+01   1.1106602e+01   2.4217082e+01   3.8000000e+01   4.0888736e+01   3.8742646e+01   1.1106602e+01   2.4217082e+01   1.8562392e+01   4.4616324e+01   5.3000000e+01   4.3190748e+01   6.6924769e+01   4.5449972e+01   5.9076873e+01   6.9711632e+01   7.7993548e+01   3.1423292e+01   6.0966933e+01   3.6280581e+01   0.0000000e+00   2.7666155e+01   3.1423292e+01   4.2204316e+01   4.7024187e+01   5.5100824e+01   6.7127697e+01   6.7330008e+01   5.7775649e+01   8.2726820e+01   3.5130189e+01   5.1807894e+01   3.3805405e+01   1.0562306e+01   2.6696374e+01   3.5130189e+01   2.8077164e+01   2.3396506e+01   6.6846584e+00   2.9039446e+01   3.7547267e+01   4.2526777e+01   5.5511362e+01   6.9320418e+01   8.7046230e+01   8.5193565e+01   7.3754693e+01   5.0900893e+01   3.2390437e+01   3.3805405e+01   4.7217235e+01   6.9857768e+01   1.7602631e+01   1.3916408e+01   2.0624612e+01   2.5464975e+01   2.9353076e+01   3.3805405e+01   5.1807894e+01   4.3401049e+01   3.0500000e+01   4.9474483e+01   5.0452477e+01   4.3453463e+01   4.4921279e+01   3.6780160e+01   5.5511362e+01   2.1338666e+01   4.6120719e+01   2.6306976e+01   6.4930195e+01   3.9064880e+01   2.7872431e+01   3.3534073e+01   2.1713203e+01   2.3049945e+01   2.7666155e+01   2.3786262e+01   3.2566337e+01   3.0537477e+01   3.5130189e+01   1.7270510e+01
   6.3517855e+01   1.8809833e+01   6.0743257e+01   2.8077164e+01   5.3702444e+01   4.3401049e+01   7.2951708e+01   7.2749567e+01   8.2356582e+01   8.2012269e+01   9.3548375e+01   4.4180659e+01   3.2949961e+01   4.1249233e+01   1.8748288e+01   5.2309748e+01   6.5849063e+01   5.9991596e+01   8.9721634e+01   8.7616302e+01   2.0512496e+01   6.8639610e+00   2.0229420e+01   5.4853013e+01   4.0129534e+01   3.5292241e+01   5.1101383e+01   4.5524993e+01   6.2510080e+01   8.0056584e+01   6.9987409e+01   9.4090865e+01   6.9987409e+01   8.0338900e+01   9.3027023e+01   1.0010045e+02   3.8830797e+01   5.6081022e+01   2.8522313e+01   2.7666155e+01   0.0000000e+00   2.8522313e+01   2.9624732e+01   4.8170746e+01   7.1761841e+01   8.6420021e+01   8.9960885e+01   8.0802553e+01   1.0674618e+02   6.0966933e+01   7.7717226e+01   5.9000000e+01   3.7272952e+01   4.0440581e+01   4.0101136e+01   1.8624569e+01   1.7270510e+01   3.0387288e+01   4.1027768e+01   5.5695108e+01   5.2222819e+01   8.1624904e+01   9.6183071e+01   1.1303999e+02   1.0970165e+02   1.0005526e+02   3.8119809e+01   5.2892748e+01   6.0966933e+01   7.4381662e+01   9.4725793e+01   1.5943445e+01   1.5797059e+01   1.1316654e+01   1.2593387e+01   5.4039705e+01   5.6964591e+01   7.3770048e+01   6.5986640e+01   5.0158836e+01   7.3647112e+01   7.2889571e+01   6.2054854e+01   5.9306887e+01   4.5524993e+01   5.9840121e+01   2.7206741e+01   7.2139724e+01   4.8873546e+01   9.2000000e+01   4.4819860e+01   3.8000000e+01   4.4616324e+01   3.8918745e+01   3.6562446e+01   4.2926407e+01   3.3534073e+01   4.0888736e+01   4.4103326e+01   4.0101136e+01   4.3792609e+01
   6.1577819e+01   1.8624569e+01   6.8415389e+01   4.8523432e+01   3.0686918e+01   2.7541635e+01   5.7814920e+01   5.1522054e+01   8.6210268e+01   7.3060320e+01   8.0226094e+01   5.2569665e+01   2.1976732e+01   1.4329317e+01   1.4329317e+01   2.4686773e+01   3.9758757e+01   4.2926407e+01   7.3754693e+01   8.6013157e+01   3.4208308e+01   3.2142535e+01   4.8170746e+01   7.1015956e+01   6.3159796e+01   4.1987950e+01   4.5624827e+01   4.5848649e+01   7.5500000e+01   7.6394664e+01   6.1411822e+01   8.7577552e+01   7.4609716e+01   8.9620705e+01   9.9204103e+01   7.9702273e+01   1.3916408e+01   3.0872685e+01   5.4500000e+01   3.1423292e+01   2.8522313e+01   0.0000000e+00   1.4083078e+01   2.0229420e+01   4.7934165e+01   6.3785069e+01   7.0728199e+01   6.2727406e+01   8.8732647e+01   6.3321175e+01   7.9031841e+01   4.7217235e+01   3.5032593e+01   5.6182134e+01   6.1282399e+01   4.4000000e+01   1.2500000e+01   2.8158633e+01   1.9053975e+01   3.5130189e+01   2.5955844e+01   6.9500000e+01   8.6118339e+01   9.8930178e+01   1.1343914e+02   9.9386298e+01   6.5849063e+01   6.3303264e+01   5.6504464e+01   6.9320418e+01   9.8000000e+01   3.5517853e+01   3.1423292e+01   3.3534073e+01   3.8029988e+01   5.9076873e+01   6.4174956e+01   8.2232796e+01   7.3754693e+01   6.1411822e+01   7.8802299e+01   5.4707933e+01   4.0888736e+01   3.5032593e+01   1.9709373e+01   3.1820920e+01   1.1316654e+01   6.0574953e+01   3.5130189e+01   8.3665498e+01   1.7602631e+01   1.5797059e+01   2.0624612e+01   2.3199119e+01   1.8562392e+01   2.3199119e+01   1.4083078e+01   1.5943445e+01   2.2340330e+01   1.3227922e+01   3.8742646e+01
   7.4594534e+01   2.8158633e+01   7.9702273e+01   5.4853013e+01   4.2740384e+01   4.1110959e+01   7.1143471e+01   6.3589223e+01   9.8552282e+01   8.6642324e+01   9.3608807e+01   6.3303264e+01   3.5130189e+01   1.6445219e+01   1.1420165e+01   3.2601402e+01   4.9174942e+01   5.6182134e+01   8.6837999e+01   9.9181305e+01   4.2204316e+01   3.5130189e+01   4.8593659e+01   7.9702273e+01   6.8465065e+01   5.2742224e+01   5.8845951e+01   5.8206152e+01   8.5379326e+01   8.9721634e+01   7.4973150e+01   1.0112306e+02   8.6681495e+01   1.0076465e+02   1.1117520e+02   9.1618055e+01   2.6394015e+01   2.7666155e+01   5.7618298e+01   4.2204316e+01   2.9624732e+01   1.4083078e+01   0.0000000e+00   2.4918231e+01   5.8865229e+01   7.4988254e+01   8.3122636e+01   7.5514999e+01   1.0127946e+02   7.5679785e+01   9.1753767e+01   6.0799254e+01   4.7457428e+01   6.4702804e+01   6.7582039e+01   4.7481379e+01   1.9591883e+01   4.0129534e+01   3.2142535e+01   4.7862960e+01   3.6059809e+01   8.3013635e+01   9.9681652e+01   1.1214676e+02   1.2597211e+02   1.1250893e+02   6.6568147e+01   7.3754693e+01   6.9760378e+01   8.2726820e+01   1.1053295e+02   4.1442032e+01   3.8358288e+01   3.8119809e+01   4.1304412e+01   7.0808250e+01   7.5500000e+01   9.3512096e+01   8.5100532e+01   7.1572146e+01   9.0811959e+01   6.7582039e+01   5.3256516e+01   4.6194639e+01   3.0872685e+01   3.6811155e+01   2.4217082e+01   7.4137626e+01   4.8710476e+01   9.7247093e+01   2.7332816e+01   2.9039446e+01   3.2880550e+01   3.6780160e+01   3.2142535e+01   3.6531236e+01   2.7666155e+01   2.8158633e+01   3.5292241e+01   2.4217082e+01   5.1764022e+01
   6.9646583e+01   3.6780160e+01   8.1235680e+01   6.7110810e+01   2.5238634e+01   3.2390437e+01   5.6161926e+01   4.4025854e+01   9.5982983e+01   7.5154203e+01   7.8182044e+01   6.6941704e+01   3.3431748e+01   8.9852814e+00   3.2035694e+01   9.6241438e+00   2.6132011e+01   4.1770449e+01   6.9760378e+01   9.2441558e+01   5.2288030e+01   5.1851728e+01   6.7866535e+01   8.7409436e+01   8.1998466e+01   5.6864883e+01   5.3575418e+01   5.7203175e+01   9.0412457e+01   8.2067457e+01   6.4912732e+01   9.0512499e+01   8.5458814e+01   1.0220177e+02   1.0975315e+02   7.0808250e+01   1.6724981e+01   1.6724981e+01   7.4061199e+01   4.7024187e+01   4.8170746e+01   2.0229420e+01   2.4918231e+01   0.0000000e+00   3.7272952e+01   5.3256516e+01   6.3660510e+01   5.7578893e+01   8.1846481e+01   7.3754693e+01   8.7706651e+01   5.0181485e+01   4.7096674e+01   7.3075822e+01   7.9659649e+01   6.3571388e+01   3.2142535e+01   4.2096274e+01   2.1713203e+01   3.1820920e+01   1.5574813e+01   6.9320418e+01   8.6420021e+01   9.5190285e+01   1.2208330e+02   1.0576752e+02   8.5577905e+01   7.7717226e+01   6.3517855e+01   7.4594534e+01   1.0690489e+02   5.4583269e+01   5.0204125e+01   5.3021424e+01   5.7677356e+01   7.1302542e+01   7.7058801e+01   9.4701911e+01   8.6302098e+01   7.6305673e+01   8.9696412e+01   5.0362310e+01   3.5292241e+01   2.6000000e+01   1.4650972e+01   1.2593387e+01   2.6696374e+01   6.1780095e+01   3.9210464e+01   8.5472054e+01   1.0104686e+01   2.0902206e+01   1.8809833e+01   3.0274150e+01   2.6306976e+01   2.6044080e+01   2.3978714e+01   1.6445219e+01   2.3000000e+01   1.2593387e+01   4.8335656e+01
   5.5531809e+01   5.4207541e+01   7.4746212e+01   7.8802299e+01   1.8562392e+01   3.1423292e+01   2.8158633e+01   1.0104686e+01   8.1068294e+01   4.9336462e+01   4.6120719e+01   6.6653231e+01   4.1442032e+01   4.4616324e+01   6.1706617e+01   2.8158633e+01   1.2593387e+01   2.1713203e+01   3.6154593e+01   7.1651247e+01   6.4930195e+01   7.2515623e+01   8.9114333e+01   8.9114333e+01   9.3027023e+01   6.0218088e+01   4.4103326e+01   5.3021424e+01   8.7706651e+01   6.1245370e+01   4.3479646e+01   6.4174956e+01   7.4061199e+01   9.2600489e+01   9.5107082e+01   3.4041020e+01   3.4705263e+01   5.0022722e+01   9.0399944e+01   5.5100824e+01   7.1761841e+01   4.7934165e+01   5.8865229e+01   3.7272952e+01   0.0000000e+00   1.6655494e+01   2.7666155e+01   2.3978714e+01   4.5500000e+01   6.3464276e+01   7.1635434e+01   3.2880550e+01   4.8170746e+01   7.8182044e+01   8.8910972e+01   8.1068294e+01   5.5654329e+01   4.8966483e+01   3.1277427e+01   1.8057050e+01   2.3347319e+01   4.0860872e+01   5.6664936e+01   6.0537488e+01   1.0286332e+02   8.3665498e+01   1.0453125e+02   7.5514999e+01   4.8920037e+01   5.4270345e+01   8.9253873e+01   7.0294341e+01   6.5624880e+01   7.1254858e+01   7.6661014e+01   6.5278469e+01   7.1397814e+01   8.5630782e+01   7.8456719e+01   7.5514999e+01   7.7819144e+01   1.9591883e+01   1.2593387e+01   1.3403488e+01   2.8801943e+01   3.0649627e+01   4.5098206e+01   3.7119667e+01   3.0835623e+01   5.7932569e+01   3.2035694e+01   3.4441125e+01   2.8158633e+01   3.4738137e+01   3.5901271e+01   2.9624732e+01   3.8742646e+01   3.2601402e+01   2.8158633e+01   3.5485711e+01   4.4232139e+01
   5.9019228e+01   6.8415389e+01   8.0127257e+01   9.0412457e+01   3.3805405e+01   4.4309246e+01   2.7666155e+01   1.4650972e+01   8.2012269e+01   4.6194639e+01   3.7638255e+01   7.5093901e+01   5.4853013e+01   6.0743257e+01   7.7469150e+01   4.4180659e+01   2.7872431e+01   3.0046573e+01   2.7037709e+01   6.9857768e+01   7.7469150e+01   8.6577000e+01   1.0287431e+02   9.6990932e+01   1.0391301e+02   7.0423172e+01   5.1433781e+01   6.1282399e+01   9.3934469e+01   6.0274577e+01   4.4411844e+01   5.9172822e+01   7.7234933e+01   9.5581544e+01   9.5486841e+01   1.8500000e+01   5.0429951e+01   6.5156786e+01   1.0289629e+02   6.7127697e+01   8.6420021e+01   6.3785069e+01   7.4988254e+01   5.3256516e+01   1.6655494e+01   0.0000000e+00   1.5500000e+01   1.8057050e+01   3.1094117e+01   6.8016665e+01   7.2578083e+01   3.8742646e+01   5.8865229e+01   8.7784019e+01   9.9386298e+01   9.4138934e+01   7.0792247e+01   6.1245370e+01   4.6415684e+01   3.1277427e+01   3.9500000e+01   3.6749138e+01   4.9474483e+01   4.8170746e+01   1.0046124e+02   8.0352990e+01   1.1740381e+02   8.2617294e+01   5.3021424e+01   5.4353969e+01   8.8285249e+01   8.3326626e+01   7.8802299e+01   8.4834157e+01   9.0224579e+01   7.1572146e+01   7.7366768e+01   8.9203157e+01   8.3000000e+01   8.3163474e+01   8.0507812e+01   2.0057607e+01   2.4918231e+01   2.9353076e+01   4.4794469e+01   4.5599889e+01   6.0048300e+01   3.6996575e+01   4.1442032e+01   5.2504807e+01   4.8170746e+01   4.9703658e+01   4.3766615e+01   4.8335656e+01   5.0362310e+01   4.4000000e+01   5.3702444e+01   4.8359168e+01   4.3138011e+01   5.1500000e+01   5.3702444e+01
   5.1101383e+01   7.1651247e+01   7.2905110e+01   8.9304561e+01   4.0888736e+01   4.7096674e+01   2.0624612e+01   2.0229420e+01   7.1254858e+01   3.4041020e+01   2.3000000e+01   7.0936141e+01   5.7519733e+01   7.0294341e+01   8.3814164e+01   5.4583269e+01   3.9758757e+01   3.0500000e+01   1.2593387e+01   5.7618298e+01   7.7935457e+01   8.9050833e+01   1.0453125e+02   9.1618055e+01   1.0162492e+02   6.8332514e+01   4.7577064e+01   5.7618298e+01   8.7085218e+01   4.8873546e+01   3.5517853e+01   4.5449972e+01   6.8266142e+01   8.6013157e+01   8.4097249e+01   1.1316654e+01   5.7420998e+01   7.7132239e+01   1.0267632e+02   6.7330008e+01   8.9960885e+01   7.0728199e+01   8.3122636e+01   6.3660510e+01   2.7666155e+01   1.5500000e+01   0.0000000e+00   1.0104686e+01   1.8748288e+01   6.0537488e+01   6.2073127e+01   3.5032593e+01   5.7932569e+01   8.4419604e+01   9.6710706e+01   9.4904714e+01   7.5679785e+01   6.2054854e+01   5.2309748e+01   3.6154593e+01   4.8873546e+01   2.4686773e+01   3.5032593e+01   3.3703915e+01   8.7409436e+01   6.7077023e+01   1.1748077e+02   7.6882262e+01   4.6046679e+01   4.4000000e+01   7.6171990e+01   8.4298866e+01   8.0113127e+01   8.6577000e+01   9.1815388e+01   6.5486537e+01   7.0760231e+01   8.0226094e+01   7.4973150e+01   7.7935457e+01   7.1063801e+01   1.7602631e+01   3.0387288e+01   3.8269035e+01   5.2892748e+01   5.7814920e+01   6.4912732e+01   2.8158633e+01   4.1987950e+01   3.8742646e+01   5.6984511e+01   5.5654329e+01   5.0789164e+01   5.1698144e+01   5.4853013e+01   4.8803727e+01   5.8865229e+01   5.5531809e+01   4.8966483e+01   5.9440648e+01   5.1807894e+01
   4.2740384e+01   6.2510080e+01   6.4369007e+01   7.9702273e+01   3.3636083e+01   3.8089892e+01   1.1420165e+01   1.4730249e+01   6.4632675e+01   2.8682441e+01   2.2647235e+01   6.1577819e+01   4.8359168e+01   6.3571388e+01   7.5469994e+01   4.8710476e+01   3.5614100e+01   2.1338666e+01   1.2869317e+01   5.2309748e+01   6.8382251e+01   7.9702273e+01   9.5047607e+01   8.2562476e+01   9.2086025e+01   5.8749464e+01   3.8089892e+01   4.8147141e+01   7.8456719e+01   4.2740384e+01   2.7500000e+01   4.2204316e+01   6.0500000e+01   7.8629700e+01   7.7993548e+01   2.0902206e+01   4.9635018e+01   7.2013985e+01   9.3075645e+01   5.7775649e+01   8.0802553e+01   6.2727406e+01   7.5514999e+01   5.7578893e+01   2.3978714e+01   1.8057050e+01   1.0104686e+01   0.0000000e+00   2.6696374e+01   5.2048521e+01   5.5244863e+01   2.5464975e+01   4.8335656e+01   7.4973150e+01   8.7202076e+01   8.5352814e+01   6.6924769e+01   5.2569665e+01   4.4180659e+01   2.8158633e+01   4.2526777e+01   1.9294946e+01   3.3534073e+01   3.8119809e+01   8.3013635e+01   6.3015998e+01   1.0788366e+02   6.7883232e+01   3.7272952e+01   3.6996575e+01   7.0728199e+01   7.4776510e+01   7.0632018e+01   7.7132239e+01   8.2342837e+01   5.6544625e+01   6.2000000e+01   7.2500000e+01   6.6772166e+01   6.8811785e+01   6.3571388e+01   8.5777472e+00   2.3049945e+01   3.2142535e+01   4.5724440e+01   5.3256516e+01   5.6242713e+01   2.0000000e+01   3.2601402e+01   3.5646124e+01   5.0090826e+01   4.7481379e+01   4.3164388e+01   4.2767008e+01   4.6194639e+01   4.0355991e+01   5.0362310e+01   4.7862960e+01   4.0888736e+01   5.2048521e+01   4.2204316e+01
   6.0236923e+01   8.8502841e+01   8.1694212e+01   1.0338950e+02   5.9076873e+01   6.4227937e+01   3.4705263e+01   3.8476967e+01   7.4973150e+01   3.8447332e+01   2.1976732e+01   8.3000000e+01   7.4366434e+01   8.8541184e+01   1.0162492e+02   7.2749567e+01   5.7519733e+01   4.7457428e+01   1.8562392e+01   5.9172822e+01   9.3269877e+01   1.0533916e+02   1.2021842e+02   1.0190266e+02   1.1458878e+02   8.2177720e+01   6.0966933e+01   7.0632018e+01   9.5841491e+01   5.2892748e+01   4.5022466e+01   4.4025854e+01   7.4973150e+01   9.1122845e+01   8.6118339e+01   1.3916408e+01   7.5500000e+01   9.5011904e+01   1.1719190e+02   8.2726820e+01   1.0674618e+02   8.8732647e+01   1.0127946e+02   8.1846481e+01   4.5500000e+01   3.1094117e+01   1.8748288e+01   2.6696374e+01   0.0000000e+00   6.9597757e+01   6.6721220e+01   4.9474483e+01   7.2905110e+01   9.6804206e+01   1.0943347e+02   1.1016426e+02   9.3112094e+01   7.7920927e+01   7.0229836e+01   5.4102705e+01   6.7110810e+01   3.1386890e+01   3.2035694e+01   1.9591883e+01   8.5577905e+01   6.5434582e+01   1.3203897e+02   8.7202076e+01   5.6664936e+01   5.0362310e+01   7.7000000e+01   9.9828999e+01   9.5900472e+01   1.0251103e+02   1.0760042e+02   7.5874067e+01   8.0352990e+01   8.6420021e+01   8.2672076e+01   8.8745396e+01   7.6941154e+01   3.4770979e+01   4.8523432e+01   5.6504464e+01   7.1111614e+01   7.5559976e+01   8.2439002e+01   3.8918745e+01   5.8381344e+01   3.8029988e+01   7.5229512e+01   7.3554774e+01   6.8910526e+01   6.8926968e+01   7.2390542e+01   6.6517043e+01   7.6542751e+01   7.3647112e+01   6.6907831e+01   7.7629761e+01   6.6397648e+01
   9.9868330e+00   4.8966483e+01   1.2869317e+01   4.2740384e+01   5.4853013e+01   4.2204316e+01   4.1249233e+01   5.6323382e+01   2.3396506e+01   3.2601402e+01   4.9174942e+01   1.9053975e+01   4.2204316e+01   7.3877449e+01   6.8465065e+01   6.9205895e+01   6.8465065e+01   4.2338977e+01   5.2309748e+01   2.7666155e+01   4.1110959e+01   5.6081022e+01   6.4632675e+01   3.2949961e+01   4.9174942e+01   2.6175864e+01   2.1338666e+01   1.7992856e+01   2.7080068e+01   2.2647235e+01   2.5644582e+01   3.8089892e+01   1.2215375e+01   3.0046573e+01   3.6624784e+01   7.0760231e+01   5.7775649e+01   8.9595454e+01   5.6504464e+01   3.5130189e+01   6.0966933e+01   6.3321175e+01   7.5679785e+01   7.3754693e+01   6.3464276e+01   6.8016665e+01   6.0537488e+01   5.2048521e+01   6.9597757e+01   0.0000000e+00   1.7270510e+01   3.1094117e+01   2.8801943e+01   3.1386890e+01   4.3766615e+01   5.3765843e+01   5.7618298e+01   3.6059809e+01   5.2569665e+01   4.9543348e+01   6.3321175e+01   3.8742646e+01   4.5098206e+01   6.6295137e+01   5.0811529e+01   3.9615214e+01   7.0278220e+01   1.8562392e+01   1.5500000e+01   2.0680436e+01   3.5389110e+01   4.7000000e+01   4.5724440e+01   5.1522054e+01   5.4583269e+01   8.5777472e+00   1.1316654e+01   2.2799103e+01   1.5574813e+01   2.0680436e+01   1.6445219e+01   4.8500000e+01   5.2222819e+01   5.9593147e+01   6.0236923e+01   7.8297815e+01   5.2504807e+01   3.2880550e+01   3.6780160e+01   3.8918745e+01   6.4280875e+01   5.3533009e+01   5.6020267e+01   4.4000000e+01   4.8241491e+01   4.8523432e+01   5.1588159e+01   5.7814920e+01   5.1807894e+01   6.2018290e+01   2.5955844e+01
   1.8562392e+01   6.5486537e+01   2.1976732e+01   5.8206152e+01   6.6568147e+01   5.5817267e+01   4.5624827e+01   6.3177747e+01   9.9868330e+00   2.9157460e+01   4.5249302e+01   3.5032593e+01   5.7618298e+01   8.8732647e+01   8.4954130e+01   8.2177720e+01   7.8730429e+01   5.1698144e+01   5.1588159e+01   1.2593387e+01   5.7814920e+01   7.2749567e+01   8.0507812e+01   4.2526777e+01   6.2346584e+01   4.2926407e+01   3.4705263e+01   3.4208308e+01   3.3397568e+01   1.4329317e+01   2.8960499e+01   2.7206741e+01   1.1316654e+01   2.4918231e+01   2.3978714e+01   7.1063801e+01   7.2202510e+01   1.0382594e+02   7.1445402e+01   5.1807894e+01   7.7717226e+01   7.9031841e+01   9.1753767e+01   8.7706651e+01   7.1635434e+01   7.2578083e+01   6.2073127e+01   5.5244863e+01   6.6721220e+01   1.7270510e+01   0.0000000e+00   4.0440581e+01   4.4819860e+01   4.5624827e+01   5.7044230e+01   6.9760378e+01   7.4061199e+01   5.2309748e+01   6.6568147e+01   6.0500000e+01   7.5874067e+01   3.8000000e+01   3.7395122e+01   5.8923026e+01   3.5032593e+01   2.3000000e+01   8.4459812e+01   3.0872685e+01   2.4918231e+01   1.8748288e+01   1.9709373e+01   6.3571388e+01   6.2455629e+01   6.8149834e+01   7.1000000e+01   2.4500000e+01   2.3786262e+01   2.0624612e+01   1.9709373e+01   3.3703915e+01   1.1316654e+01   5.4102705e+01   6.1724995e+01   7.0423172e+01   7.3754693e+01   9.0811959e+01   6.8266142e+01   3.6154593e+01   4.9290368e+01   3.0686918e+01   7.8109600e+01   6.8000000e+01   6.9516302e+01   5.8400777e+01   6.2925956e+01   6.2164414e+01   6.6653231e+01   7.1951032e+01   6.5278469e+01   7.6409486e+01   4.0888736e+01
   2.3347319e+01   4.1304412e+01   4.2607007e+01   5.4853013e+01   2.7037709e+01   2.0229420e+01   1.5349242e+01   2.6000000e+01   4.9635018e+01   2.6394015e+01   3.5130189e+01   3.7027387e+01   2.7872431e+01   5.3171150e+01   5.7677356e+01   4.3401049e+01   3.8830797e+01   1.1923660e+01   3.1712978e+01   4.3138011e+01   4.4309246e+01   5.6884838e+01   7.1302542e+01   5.8749464e+01   6.7127697e+01   3.3805405e+01   1.3316006e+01   2.3347319e+01   5.6020267e+01   3.2601402e+01   1.5273287e+01   4.1304412e+01   4.1770449e+01   6.0274577e+01   6.3785069e+01   4.5848649e+01   3.6562446e+01   6.6363495e+01   6.8415389e+01   3.3805405e+01   5.9000000e+01   4.7217235e+01   6.0799254e+01   5.0181485e+01   3.2880550e+01   3.8742646e+01   3.5032593e+01   2.5464975e+01   4.9474483e+01   3.1094117e+01   4.0440581e+01   0.0000000e+00   2.3930749e+01   5.0158836e+01   6.2273781e+01   6.1189785e+01   4.7600955e+01   2.9353076e+01   3.0387288e+01   2.0680436e+01   3.6811155e+01   2.3445588e+01   3.9500000e+01   5.4583269e+01   7.3693237e+01   5.6303226e+01   8.3258685e+01   4.4411844e+01   1.6655494e+01   2.5101829e+01   5.9076873e+01   5.0900893e+01   4.7096674e+01   5.3765843e+01   5.8749464e+01   3.3534073e+01   3.9500000e+01   5.3256516e+01   4.6120719e+01   4.4921279e+01   4.5624827e+01   1.9473666e+01   2.1976732e+01   3.0500000e+01   3.6059809e+01   5.1455863e+01   3.8029988e+01   1.4083078e+01   1.2593387e+01   3.6996575e+01   4.0749224e+01   3.2880550e+01   3.2035694e+01   2.4546829e+01   2.9157460e+01   2.5644582e+01   3.3636083e+01   3.5614100e+01   2.8077164e+01   4.0355991e+01   1.7470563e+01
   2.8158633e+01   2.1713203e+01   3.4705263e+01   3.2142535e+01   3.3534073e+01   1.8562392e+01   3.8742646e+01   4.4819860e+01   5.1698144e+01   4.5249302e+01   5.7519733e+01   2.0902206e+01   1.4329317e+01   4.6120719e+01   4.0888736e+01   4.4232139e+01   4.8523432e+01   2.9353076e+01   5.5100824e+01   5.2892748e+01   2.0902206e+01   3.4208308e+01   4.7934165e+01   4.2926407e+01   4.5624827e+01   1.2593387e+01   1.4329317e+01   1.1316654e+01   4.4232139e+01   4.4232139e+01   3.3260495e+01   5.7578893e+01   4.0101136e+01   5.5817267e+01   6.4702804e+01   6.8679909e+01   3.0872685e+01   6.2346584e+01   4.5249302e+01   1.0562306e+01   3.7272952e+01   3.5032593e+01   4.7457428e+01   4.7096674e+01   4.8170746e+01   5.8865229e+01   5.7932569e+01   4.8335656e+01   7.2905110e+01   2.8801943e+01   4.4819860e+01   2.3930749e+01   0.0000000e+00   3.0649627e+01   4.1304412e+01   3.7759227e+01   2.9970324e+01   8.1485293e+00   2.6696374e+01   3.0835623e+01   3.9442265e+01   4.5449972e+01   5.9440648e+01   7.6985293e+01   7.9031841e+01   6.6020989e+01   6.0048300e+01   3.1423292e+01   2.4500000e+01   3.8000000e+01   6.3589223e+01   2.7541635e+01   2.3978714e+01   3.0686918e+01   3.5485711e+01   2.4918231e+01   3.0500000e+01   4.8335656e+01   3.9873214e+01   3.0387288e+01   4.4309246e+01   4.1304412e+01   3.6154593e+01   3.9500000e+01   3.4770979e+01   5.3702444e+01   2.4217082e+01   3.6059809e+01   1.8057050e+01   5.5244863e+01   3.8089892e+01   2.6739284e+01   3.0872685e+01   1.8057050e+01   2.1338666e+01   2.3786262e+01   2.3930749e+01   3.1386890e+01   2.7080068e+01   3.5032593e+01   7.2082039e+00
   3.8918745e+01   3.8089892e+01   2.4686773e+01   1.4329317e+01   6.3517855e+01   4.8523432e+01   6.4316142e+01   7.4061199e+01   4.7096674e+01   6.2164414e+01   7.7935457e+01   1.4329317e+01   4.1442032e+01   6.9646583e+01   5.4687176e+01   7.2280917e+01   7.8514422e+01   5.8400777e+01   7.8802299e+01   5.7420998e+01   2.3000000e+01   3.4208308e+01   3.6624784e+01   1.5500000e+01   1.8562392e+01   1.8562392e+01   3.7395122e+01   2.7332816e+01   2.2647235e+01   5.3533009e+01   5.2569665e+01   6.8976273e+01   3.5517853e+01   4.1304412e+01   5.5244863e+01   9.5202165e+01   5.7618298e+01   8.6406926e+01   2.6394015e+01   2.6696374e+01   4.0440581e+01   5.6182134e+01   6.4702804e+01   7.3075822e+01   7.8182044e+01   8.7784019e+01   8.4419604e+01   7.4973150e+01   9.6804206e+01   3.1386890e+01   4.5624827e+01   5.0158836e+01   3.0649627e+01   0.0000000e+00   1.3227922e+01   2.6696374e+01   4.5848649e+01   3.2319805e+01   5.5018346e+01   6.0966933e+01   6.8415389e+01   6.6397648e+01   7.5500000e+01   9.6171312e+01   7.2889571e+01   6.7582039e+01   3.9500000e+01   1.5574813e+01   4.0860872e+01   5.0900893e+01   5.9000000e+01   2.5101829e+01   2.7037709e+01   2.9624732e+01   3.0046573e+01   2.3396506e+01   2.2340330e+01   3.5517853e+01   2.9000000e+01   1.2593387e+01   3.8119809e+01   6.9041958e+01   6.6106783e+01   6.9565187e+01   6.2889903e+01   8.1694212e+01   4.7024187e+01   5.8400777e+01   4.7862960e+01   6.9565187e+01   6.5261099e+01   5.4039705e+01   5.9478810e+01   4.7096674e+01   4.9082404e+01   5.3085644e+01   4.9977268e+01   5.8749464e+01   5.6182134e+01   6.1282399e+01   3.4705263e+01
   5.1588159e+01   4.3453463e+01   3.5614100e+01   1.3316006e+01   7.3261597e+01   5.8459037e+01   7.6661014e+01   8.5472054e+01   5.7282480e+01   7.4867332e+01   9.0662354e+01   2.7037709e+01   5.0090826e+01   7.5093901e+01   5.6884838e+01   8.0127257e+01   8.8131330e+01   6.9857768e+01   9.1407920e+01   6.9041958e+01   2.7872431e+01   3.3805405e+01   3.0046573e+01   1.8748288e+01   5.9083269e+00   2.9469812e+01   4.9635018e+01   3.9615214e+01   2.9039446e+01   6.5849063e+01   6.5278469e+01   8.1277472e+01   4.6513585e+01   4.8593659e+01   6.3500000e+01   1.0751635e+02   6.5156786e+01   9.1593359e+01   1.7602631e+01   3.5130189e+01   4.0101136e+01   6.1282399e+01   6.7582039e+01   7.9659649e+01   8.8910972e+01   9.9386298e+01   9.6710706e+01   8.7202076e+01   1.0943347e+02   4.3766615e+01   5.7044230e+01   6.2273781e+01   4.1304412e+01   1.3227922e+01   0.0000000e+00   2.2799103e+01   4.9840653e+01   4.1249233e+01   6.3517855e+01   7.1445402e+01   7.7014704e+01   7.9103435e+01   8.8118491e+01   1.0887435e+02   8.1513888e+01   7.8384530e+01   2.8158633e+01   2.6696374e+01   5.3575418e+01   6.3517855e+01   6.8597357e+01   2.6696374e+01   3.0387288e+01   3.0084624e+01   2.8158633e+01   3.5901271e+01   3.4041020e+01   4.4103326e+01   3.9064880e+01   2.3978714e+01   4.8523432e+01   8.0998447e+01   7.6941154e+01   7.9417679e+01   7.1015956e+01   8.9317228e+01   5.3533009e+01   7.1015956e+01   5.8845951e+01   8.2108823e+01   7.2749567e+01   6.2018290e+01   6.8016665e+01   5.6323382e+01   5.7519733e+01   6.2291990e+01   5.7578893e+01   6.6568147e+01   6.5156786e+01   6.8415389e+01   4.6194639e+01
   5.8845951e+01   2.8522313e+01   5.0090826e+01   1.2869317e+01   6.3571388e+01   5.0429951e+01   7.5993377e+01   8.0014150e+01   7.2562473e+01   8.0338900e+01   9.4150948e+01   3.5292241e+01   4.0129534e+01   5.7578893e+01   3.6562446e+01   6.6106783e+01   7.7396034e+01   6.5417255e+01   9.2331367e+01   8.0900560e+01   1.7470563e+01   1.2869317e+01   1.1420165e+01   3.9413365e+01   2.2133308e+01   3.0046573e+01   5.0429951e+01   4.2096274e+01   4.8429636e+01   7.5093901e+01   6.8976273e+01   9.0161865e+01   6.0500000e+01   6.7464543e+01   8.1402719e+01   1.0555356e+02   5.1433781e+01   7.3261597e+01   1.1000000e+01   2.8077164e+01   1.8624569e+01   4.4000000e+01   4.7481379e+01   6.3571388e+01   8.1068294e+01   9.4138934e+01   9.4904714e+01   8.5352814e+01   1.1016426e+02   5.3765843e+01   6.9760378e+01   6.1189785e+01   3.7759227e+01   2.6696374e+01   2.2799103e+01   0.0000000e+00   3.2000000e+01   3.3534073e+01   5.1764022e+01   6.3785069e+01   6.4580028e+01   8.2067457e+01   9.4474731e+01   1.1343914e+02   9.8930178e+01   9.2196510e+01   2.3978714e+01   4.1249233e+01   5.8225644e+01   7.0728199e+01   8.4714013e+01   1.1316654e+01   1.5943445e+01   1.1106602e+01   6.6846584e+00   4.5898238e+01   4.7000000e+01   6.1688234e+01   5.4832311e+01   3.8269035e+01   6.3571388e+01   7.7993548e+01   6.9987409e+01   6.9646583e+01   5.7991304e+01   7.4548970e+01   3.9064880e+01   7.2889571e+01   5.3702444e+01   8.9355219e+01   5.8459037e+01   4.9359492e+01   5.6000000e+01   4.6830336e+01   4.6194639e+01   5.2157526e+01   4.4616324e+01   5.3256516e+01   5.4270345e+01   5.3765843e+01   4.4309246e+01
   5.7618298e+01   9.2464278e+00   6.0836556e+01   3.7027387e+01   3.7638255e+01   2.9469812e+01   6.0274577e+01   5.7519733e+01   8.0338900e+01   7.2562473e+01   8.2012269e+01   4.4309246e+01   2.0229420e+01   2.6175864e+01   1.1420165e+01   3.5614100e+01   4.9174942e+01   4.6194639e+01   7.6882262e+01   8.2356582e+01   2.3396506e+01   2.0229420e+01   3.6562446e+01   6.0836556e+01   5.1433781e+01   3.3805405e+01   4.2740384e+01   4.0355991e+01   6.6295137e+01   7.3493150e+01   6.0518747e+01   8.6118339e+01   6.8266142e+01   8.1804981e+01   9.2600489e+01   8.5405830e+01   2.2133308e+01   4.2338977e+01   4.2500000e+01   2.3396506e+01   1.7270510e+01   1.2500000e+01   1.9591883e+01   3.2142535e+01   5.5654329e+01   7.0792247e+01   7.5679785e+01   6.6924769e+01   9.3112094e+01   5.7618298e+01   7.4061199e+01   4.7600955e+01   2.9970324e+01   4.5848649e+01   4.9840653e+01   3.2000000e+01   0.0000000e+00   2.2340330e+01   2.4918231e+01   4.0440581e+01   3.5485711e+01   7.0535705e+01   8.6328317e+01   1.0127946e+02   1.0788366e+02   9.5486841e+01   5.4039705e+01   5.4687176e+01   5.3533009e+01   6.6924769e+01   9.2490489e+01   2.3786262e+01   2.0000000e+01   2.1553503e+01   2.6044080e+01   5.2222819e+01   5.6664936e+01   7.4609716e+01   6.6243821e+01   5.2483170e+01   7.2327919e+01   5.8865229e+01   4.6708765e+01   4.2979407e+01   2.8801943e+01   4.3453463e+01   1.1316654e+01   6.1171245e+01   3.6154593e+01   8.3013635e+01   2.8077164e+01   2.1713203e+01   2.8158633e+01   2.4733242e+01   2.1338666e+01   2.7541635e+01   1.7602631e+01   2.4217082e+01   2.8158633e+01   2.3347319e+01   3.5292241e+01
   3.5805807e+01   1.4083078e+01   4.0805087e+01   3.0387288e+01   3.2566337e+01   1.8057050e+01   4.3766615e+01   4.7096674e+01   5.8923026e+01   5.2288030e+01   6.3731717e+01   2.5464975e+01   9.6241438e+00   4.0101136e+01   3.3260495e+01   4.0524992e+01   4.7385499e+01   3.2390437e+01   6.0443724e+01   6.0537488e+01   1.6724981e+01   2.8036340e+01   4.2979407e+01   4.6046679e+01   4.4921279e+01   1.5273287e+01   2.1553503e+01   1.8624569e+01   4.8873546e+01   5.1851728e+01   4.0214607e+01   6.5017440e+01   4.7096674e+01   6.2018290e+01   7.1651247e+01   7.2624892e+01   2.6132011e+01   5.6664936e+01   4.2177332e+01   6.6846584e+00   3.0387288e+01   2.8158633e+01   4.0129534e+01   4.2096274e+01   4.8966483e+01   6.1245370e+01   6.2054854e+01   5.2569665e+01   7.7920927e+01   3.6059809e+01   5.2309748e+01   2.9353076e+01   8.1485293e+00   3.2319805e+01   4.1249233e+01   3.3534073e+01   2.2340330e+01   0.0000000e+00   2.3199119e+01   3.1423292e+01   3.6624784e+01   5.1764022e+01   6.6397648e+01   8.3231493e+01   8.6367631e+01   7.3647112e+01   5.6664936e+01   3.6280581e+01   3.2035694e+01   4.5524993e+01   7.0936141e+01   2.2799103e+01   1.8562392e+01   2.5101829e+01   3.0274150e+01   3.1423292e+01   3.6562446e+01   5.4604066e+01   4.6120719e+01   3.4738137e+01   5.1256773e+01   4.5047727e+01   3.7395122e+01   3.8742646e+01   3.1094117e+01   4.9977268e+01   1.7470563e+01   4.2285165e+01   2.0680436e+01   6.2455629e+01   3.3703915e+01   2.2340330e+01   2.7666155e+01   1.5574813e+01   1.7270510e+01   2.1553503e+01   1.8624569e+01   2.7080068e+01   2.4500000e+01   3.0046573e+01   1.4083078e+01
   4.8523432e+01   2.3978714e+01   6.0443724e+01   5.1851728e+01   1.3227922e+01   1.1316654e+01   3.9528835e+01   3.3431748e+01   7.4776510e+01   5.6161926e+01   6.2018290e+01   4.7024187e+01   1.4083078e+01   2.3347319e+01   3.2035694e+01   1.8057050e+01   2.6132011e+01   2.4546829e+01   5.5244863e+01   7.1761841e+01   3.6996575e+01   4.2177332e+01   5.8923026e+01   6.8531243e+01   6.6772166e+01   3.7607951e+01   3.2390437e+01   3.6280581e+01   7.0423172e+01   6.1559397e+01   4.5098206e+01   7.1191230e+01   6.4280875e+01   8.1235680e+01   8.8541184e+01   6.1559397e+01   6.6846584e+00   3.7759227e+01   6.1706617e+01   2.9039446e+01   4.1027768e+01   1.9053975e+01   3.2142535e+01   2.1713203e+01   3.1277427e+01   4.6415684e+01   5.2309748e+01   4.4180659e+01   7.0229836e+01   5.2569665e+01   6.6568147e+01   3.0387288e+01   2.6696374e+01   5.5018346e+01   6.3517855e+01   5.1764022e+01   2.4918231e+01   2.3199119e+01   0.0000000e+00   1.6655494e+01   1.4000000e+01   5.1698144e+01   6.8597357e+01   8.0507812e+01   1.0101119e+02   8.5153706e+01   7.5154203e+01   5.7618298e+01   4.2526777e+01   5.4165631e+01   8.5776022e+01   4.1304412e+01   3.6562446e+01   4.1469501e+01   4.6806047e+01   5.0429951e+01   5.6323382e+01   7.3739334e+01   6.5399923e+01   5.6504464e+01   6.8514704e+01   3.6154593e+01   2.2647235e+01   1.8809833e+01   8.5777472e+00   2.7541635e+01   1.4329317e+01   4.3164388e+01   1.8624569e+01   6.6721220e+01   1.2215375e+01   3.8541020e+00   5.0000000e+00   9.2464278e+00   6.5000000e+00   5.2434165e+00   8.0000000e+00   5.9083269e+00   3.8541020e+00   1.0562306e+01   2.7206741e+01
   4.2952915e+01   3.7638255e+01   5.9840121e+01   6.1245370e+01   7.2082039e+00   1.3916408e+01   2.4918231e+01   1.7602631e+01   6.9565187e+01   4.4103326e+01   4.7217235e+01   5.0022722e+01   2.4217082e+01   3.6624784e+01   4.8170746e+01   2.3978714e+01   1.9473666e+01   1.0562306e+01   3.9615214e+01   6.3159796e+01   4.7457428e+01   5.5817267e+01   7.2202510e+01   7.2515623e+01   7.5500000e+01   4.2926407e+01   2.8960499e+01   3.6780160e+01   7.2013985e+01   5.2569665e+01   3.4705263e+01   5.9536006e+01   6.0873835e+01   7.9089121e+01   8.3706069e+01   4.5524993e+01   2.1976732e+01   4.7577064e+01   7.2951708e+01   3.7547267e+01   5.5695108e+01   3.5130189e+01   4.7862960e+01   3.1820920e+01   1.8057050e+01   3.1277427e+01   3.6154593e+01   2.8158633e+01   5.4102705e+01   4.9543348e+01   6.0500000e+01   2.0680436e+01   3.0835623e+01   6.0966933e+01   7.1445402e+01   6.3785069e+01   4.0440581e+01   3.1423292e+01   1.6655494e+01   0.0000000e+00   1.7270510e+01   3.8000000e+01   5.5100824e+01   6.5069730e+01   9.3862198e+01   7.6171990e+01   8.7202076e+01   5.9478810e+01   3.6280581e+01   4.5098206e+01   7.9246428e+01   5.2978567e+01   4.8359168e+01   5.4207541e+01   5.9612181e+01   4.9977268e+01   5.6161926e+01   7.1809186e+01   6.4068860e+01   5.9172822e+01   6.4912732e+01   2.0229420e+01   6.8639610e+00   1.0562306e+01   1.8562392e+01   3.1423292e+01   2.9624732e+01   3.0686918e+01   1.4083078e+01   5.4270345e+01   2.3199119e+01   2.0000000e+01   1.5574813e+01   1.7602631e+01   1.9709373e+01   1.3403488e+01   2.3396506e+01   2.0229420e+01   1.3316006e+01   2.4546829e+01   2.7541635e+01
   5.7932569e+01   3.6562446e+01   7.2280917e+01   6.5278469e+01   1.0562306e+01   2.1976732e+01   4.1304412e+01   2.9157460e+01   8.4620449e+01   6.0873835e+01   6.3159796e+01   5.9840121e+01   2.7541635e+01   2.1976732e+01   3.9758757e+01   7.2082039e+00   1.4329317e+01   2.7332816e+01   5.4687176e+01   7.9446184e+01   5.0362310e+01   5.4270345e+01   7.1015956e+01   8.1694212e+01   8.0226094e+01   5.0811529e+01   4.2526777e+01   4.8170746e+01   8.3040899e+01   6.8910526e+01   5.1256773e+01   7.6305673e+01   7.4973150e+01   9.2600489e+01   9.8655489e+01   5.6544625e+01   1.3916408e+01   3.0872685e+01   7.4715901e+01   4.2526777e+01   5.2222819e+01   2.5955844e+01   3.6059809e+01   1.5574813e+01   2.3347319e+01   3.9500000e+01   4.8873546e+01   4.2526777e+01   6.7110810e+01   6.3321175e+01   7.5874067e+01   3.6811155e+01   3.9442265e+01   6.8415389e+01   7.7014704e+01   6.4580028e+01   3.5485711e+01   3.6624784e+01   1.4000000e+01   1.7270510e+01   0.0000000e+00   5.4583269e+01   7.1651247e+01   8.0127257e+01   1.0979433e+02   9.2600489e+01   8.7784019e+01   7.0229836e+01   5.1455863e+01   6.1411822e+01   9.4904714e+01   5.4353969e+01   4.9635018e+01   5.4102705e+01   5.9326015e+01   6.2219122e+01   6.8282741e+01   8.5153706e+01   7.7000000e+01   6.9320418e+01   7.9146360e+01   3.5292241e+01   2.0229420e+01   1.1106602e+01   7.2082039e+00   1.5500000e+01   2.6132011e+01   4.7457428e+01   2.7206741e+01   7.1015956e+01   9.2464278e+00   1.5797059e+01   9.5000000e+00   2.1976732e+01   2.0000000e+01   1.6160460e+01   2.0512496e+01   1.1923660e+01   1.2869317e+01   1.3227922e+01   3.8742646e+01
   2.9353076e+01   6.4174956e+01   5.0923209e+01   7.4061199e+01   4.4616324e+01   4.2526777e+01   1.3916408e+01   3.1277427e+01   4.7096674e+01   9.9868330e+00   1.2593387e+01   5.2569665e+01   5.0811529e+01   7.3754693e+01   8.0507812e+01   6.1245370e+01   5.1256773e+01   2.8158633e+01   1.4329317e+01   3.3703915e+01   6.5624880e+01   7.9089121e+01   9.2600489e+01   7.1015956e+01   8.4352549e+01   5.3000000e+01   3.2142535e+01   4.1027768e+01   6.5121978e+01   2.4686773e+01   1.4329317e+01   2.3834524e+01   4.4921279e+01   6.2164414e+01   5.9934838e+01   3.3636083e+01   5.7814920e+01   8.4954130e+01   8.8118491e+01   5.5511362e+01   8.1624904e+01   6.9500000e+01   8.3013635e+01   6.9320418e+01   4.0860872e+01   3.6749138e+01   2.4686773e+01   1.9294946e+01   3.1386890e+01   3.8742646e+01   3.8000000e+01   2.3445588e+01   4.5449972e+01   6.6397648e+01   7.9103435e+01   8.2067457e+01   7.0535705e+01   5.1764022e+01   5.1698144e+01   3.8000000e+01   5.4583269e+01   0.0000000e+00   1.7602631e+01   3.2035694e+01   6.4227937e+01   4.4232139e+01   1.0287431e+02   5.6323382e+01   2.6044080e+01   2.0229420e+01   5.2222819e+01   7.2327919e+01   6.8926968e+01   7.5634879e+01   8.0352990e+01   4.5022466e+01   4.9474483e+01   5.6724994e+01   5.2222819e+01   5.7912978e+01   4.7385499e+01   2.1819006e+01   3.5389110e+01   4.5449972e+01   5.5817267e+01   6.7582039e+01   6.0799254e+01   9.9868330e+00   3.5130189e+01   1.7602631e+01   6.0537488e+01   5.4583269e+01   5.2288030e+01   4.7096674e+01   5.1522054e+01   4.7096674e+01   5.6020267e+01   5.6504464e+01   4.8873546e+01   6.1171245e+01   3.8742646e+01
   3.7119667e+01   7.9417679e+01   5.5817267e+01   8.5153706e+01   6.1706617e+01   5.9076873e+01   3.0872685e+01   4.7096674e+01   4.4616324e+01   1.4730249e+01   1.2593387e+01   6.2073127e+01   6.6653231e+01   9.0811959e+01   9.6605411e+01   7.8297815e+01   6.7665840e+01   4.5249302e+01   2.3000000e+01   2.8158633e+01   7.8802299e+01   9.3027023e+01   1.0528550e+02   7.6985293e+01   9.3512096e+01   6.4930195e+01   4.5624827e+01   5.2892748e+01   6.9205895e+01   2.4217082e+01   2.6696374e+01   1.2500000e+01   4.7096674e+01   6.1245370e+01   5.4832311e+01   4.0355991e+01   7.4746212e+01   1.0201355e+02   9.9295243e+01   6.9320418e+01   9.6183071e+01   8.6118339e+01   9.9681652e+01   8.6420021e+01   5.6664936e+01   4.9474483e+01   3.5032593e+01   3.3534073e+01   3.2035694e+01   4.5098206e+01   3.7395122e+01   3.9500000e+01   5.9440648e+01   7.5500000e+01   8.8118491e+01   9.4474731e+01   8.6328317e+01   6.6397648e+01   6.8597357e+01   5.5100824e+01   7.1651247e+01   1.7602631e+01   0.0000000e+00   2.2133308e+01   5.4353969e+01   3.4041020e+01   1.1370777e+02   6.3087938e+01   3.6749138e+01   2.5101829e+01   4.5524993e+01   8.5472054e+01   8.2562476e+01   8.9203157e+01   9.3548375e+01   5.2742224e+01   5.5654329e+01   5.7519733e+01   5.5429500e+01   6.5278469e+01   4.8147141e+01   3.8089892e+01   5.2309748e+01   6.2346584e+01   7.2905110e+01   8.4419604e+01   7.7014704e+01   2.6044080e+01   5.1522054e+01   7.2082039e+00   7.7629761e+01   7.1397814e+01   6.9336763e+01   6.3517855e+01   6.8066634e+01   6.3944858e+01   7.2562473e+01   7.3493150e+01   6.5849063e+01   7.8182044e+01   5.2892748e+01
   5.7814920e+01   9.5368330e+01   7.7337491e+01   1.0495214e+02   7.1000000e+01   7.2578083e+01   4.1688591e+01   5.2048521e+01   6.5693941e+01   3.4507352e+01   2.0000000e+01   8.2507622e+01   8.1680355e+01   1.0100000e+02   1.1081886e+02   8.6328317e+01   7.2578083e+01   5.6504464e+01   2.6000000e+01   4.8966483e+01   9.7119097e+01   1.1061471e+02   1.2404756e+02   9.8448966e+01   1.1423324e+02   8.4137611e+01   6.3589223e+01   7.2061163e+01   9.0824415e+01   4.5848649e+01   4.5022466e+01   3.2810989e+01   6.8729392e+01   8.2439002e+01   7.4715901e+01   3.2601402e+01   8.6328317e+01   1.0953669e+02   1.1908541e+02   8.7046230e+01   1.1303999e+02   9.8930178e+01   1.1214676e+02   9.5190285e+01   6.0537488e+01   4.8170746e+01   3.3703915e+01   3.8119809e+01   1.9591883e+01   6.6295137e+01   5.8923026e+01   5.4583269e+01   7.6985293e+01   9.6171312e+01   1.0887435e+02   1.1343914e+02   1.0127946e+02   8.3231493e+01   8.0507812e+01   6.5069730e+01   8.0127257e+01   3.2035694e+01   2.2133308e+01   0.0000000e+00   7.1000000e+01   5.1851728e+01   1.3372162e+02   8.4352549e+01   5.6303226e+01   4.6120719e+01   6.4930195e+01   1.0382594e+02   1.0046124e+02   1.0716888e+02   1.1186427e+02   7.3693237e+01   7.6985293e+01   7.9031841e+01   7.7058801e+01   8.6420021e+01   6.9711632e+01   4.5500000e+01   6.0518747e+01   6.9760378e+01   8.3013635e+01   9.0524997e+01   9.1122845e+01   4.1469501e+01   6.5624880e+01   2.8801943e+01   8.7500000e+01   8.3665498e+01   8.0127257e+01   7.7293554e+01   8.1402719e+01   7.6231433e+01   8.5828776e+01   8.4714013e+01   7.7366768e+01   8.9114333e+01   7.0278220e+01
   5.3000000e+01   9.9192705e+01   4.9635018e+01   8.6642324e+01   1.0020206e+02   9.0224579e+01   7.5394926e+01   9.3693347e+01   2.8077164e+01   5.4853013e+01   6.6020989e+01   6.6020989e+01   9.2086025e+01   1.2326196e+02   1.1868629e+02   1.1623353e+02   1.1131742e+02   8.4459812e+01   7.5469994e+01   3.1712978e+01   8.9721634e+01   1.0418462e+02   1.0900922e+02   6.3660510e+01   8.6118339e+01   7.5469994e+01   6.9205895e+01   6.8266142e+01   5.3085644e+01   4.2204316e+01   6.0236923e+01   4.2740384e+01   4.0355991e+01   3.3805405e+01   1.8562392e+01   9.4042771e+01   1.0670381e+02   1.3824705e+02   9.8046143e+01   8.5193565e+01   1.0970165e+02   1.1343914e+02   1.2597211e+02   1.2208330e+02   1.0286332e+02   1.0046124e+02   8.7409436e+01   8.3013635e+01   8.5577905e+01   5.0811529e+01   3.5032593e+01   7.3693237e+01   7.9031841e+01   7.2889571e+01   8.1513888e+01   9.8930178e+01   1.0788366e+02   8.6367631e+01   1.0101119e+02   9.3862198e+01   1.0979433e+02   6.4227937e+01   5.4353969e+01   7.1000000e+01   0.0000000e+00   2.0902206e+01   1.0876010e+02   5.8206152e+01   5.9076873e+01   4.9474483e+01   1.5943445e+01   9.4725793e+01   9.4462759e+01   9.9454535e+01   1.0140218e+02   5.6504464e+01   5.3256516e+01   3.8029988e+01   4.4641817e+01   6.1171245e+01   3.6562446e+01   8.4137611e+01   9.4222996e+01   1.0352063e+02   1.0805115e+02   1.2460177e+02   1.0264328e+02   6.6243821e+01   8.3475900e+01   4.9359492e+01   1.1247879e+02   1.0251103e+02   1.0382594e+02   9.2917531e+01   9.7456176e+01   9.6546864e+01   1.0117895e+02   1.0640680e+02   9.9602220e+01   1.1090041e+02   7.5394926e+01
   3.8447332e+01   8.7085218e+01   4.3453463e+01   8.0507812e+01   8.2726820e+01   7.4366434e+01   5.6020267e+01   7.4305488e+01   2.1976732e+01   3.5032593e+01   4.5624827e+01   5.7519733e+01   7.7935457e+01   1.0788366e+02   1.0640680e+02   9.9204103e+01   9.2783530e+01   6.6397648e+01   5.5100824e+01   1.3916408e+01   8.0226094e+01   9.5190285e+01   1.0289629e+02   6.2346584e+01   8.3543663e+01   6.5278469e+01   5.4270345e+01   5.5817267e+01   5.2157526e+01   2.4217082e+01   4.1987950e+01   2.2340330e+01   3.2566337e+01   3.6624784e+01   2.4686773e+01   7.3647112e+01   9.1122845e+01   1.2199074e+02   9.3475803e+01   7.3754693e+01   1.0005526e+02   9.9386298e+01   1.1250893e+02   1.0576752e+02   8.3665498e+01   8.0352990e+01   6.7077023e+01   6.3015998e+01   6.5434582e+01   3.9615214e+01   2.3000000e+01   5.6303226e+01   6.6020989e+01   6.7582039e+01   7.8384530e+01   9.2196510e+01   9.5486841e+01   7.3647112e+01   8.5153706e+01   7.6171990e+01   9.2600489e+01   4.4232139e+01   3.4041020e+01   5.1851728e+01   2.0902206e+01   0.0000000e+00   1.0601303e+02   5.2569665e+01   4.3453463e+01   3.1712978e+01   1.4650972e+01   8.6052615e+01   8.4834157e+01   9.0612430e+01   9.3500000e+01   4.7000000e+01   4.5898238e+01   3.6780160e+01   3.9873214e+01   5.5511362e+01   3.0387288e+01   6.4702804e+01   7.5814341e+01   8.5458814e+01   9.1618055e+01   1.0709503e+02   8.8809116e+01   4.7217235e+01   6.7127697e+01   2.8960499e+01   9.6218337e+01   8.7059228e+01   8.7474134e+01   7.7644345e+01   8.2342837e+01   8.0507812e+01   8.6406926e+01   9.0549986e+01   8.3340208e+01   9.5202165e+01   6.1245370e+01
   7.7161594e+01   5.1764022e+01   6.3141839e+01   2.9314059e+01   8.7046230e+01   7.3816096e+01   9.8103791e+01   1.0325821e+02   8.4940808e+01   9.9930881e+01   1.1482519e+02   5.2222819e+01   6.3589223e+01   7.8859747e+01   5.6000000e+01   8.8910972e+01   1.0077587e+02   8.8400512e+01   1.1403524e+02   9.6359272e+01   4.0440581e+01   3.4341543e+01   1.8500000e+01   4.5599889e+01   2.3199119e+01   5.0452477e+01   7.1635434e+01   6.2346584e+01   5.6182134e+01   9.2404842e+01   8.9304561e+01   1.0783126e+02   7.4061199e+01   7.5559976e+01   9.0699778e+01   1.2822040e+02   7.4503378e+01   9.3500000e+01   1.5349242e+01   5.0900893e+01   3.8119809e+01   6.5849063e+01   6.6568147e+01   8.5577905e+01   1.0453125e+02   1.1740381e+02   1.1748077e+02   1.0788366e+02   1.3203897e+02   7.0278220e+01   8.4459812e+01   8.3258685e+01   6.0048300e+01   3.9500000e+01   2.8158633e+01   2.3978714e+01   5.4039705e+01   5.6664936e+01   7.5154203e+01   8.7202076e+01   8.7784019e+01   1.0287431e+02   1.1370777e+02   1.3372162e+02   1.0876010e+02   1.0601303e+02   0.0000000e+00   5.4102705e+01   7.7920927e+01   8.9253873e+01   9.6183071e+01   3.4738137e+01   3.9413365e+01   3.4208308e+01   2.8960499e+01   6.2219122e+01   6.1245370e+01   7.1572146e+01   6.6721220e+01   5.1256773e+01   7.6171990e+01   1.0076465e+02   9.3366840e+01   9.3112094e+01   8.1138080e+01   9.6990932e+01   6.2164414e+01   9.4054797e+01   7.6705315e+01   1.0804069e+02   8.1277472e+01   7.2656081e+01   7.9332100e+01   7.0294341e+01   6.9646583e+01   7.5634879e+01   6.7916615e+01   7.6394664e+01   7.7717226e+01   7.6542751e+01   6.6295137e+01
   2.7541635e+01   4.6120719e+01   9.6241438e+00   2.9039446e+01   6.3464276e+01   4.8920037e+01   5.6964591e+01   6.9760378e+01   3.2035694e+01   5.0632325e+01   6.7110810e+01   1.1316654e+01   4.4794469e+01   7.5829277e+01   6.4702804e+01   7.5154203e+01   7.8182044e+01   5.4520829e+01   6.9597757e+01   4.2846783e+01   3.3431748e+01   4.7024187e+01   5.1522054e+01   1.5273287e+01   3.2035694e+01   2.1819006e+01   3.2035694e+01   2.3199119e+01   1.3316006e+01   4.0101136e+01   4.2767008e+01   5.5429500e+01   2.0512496e+01   2.8036340e+01   4.0888736e+01   8.7409436e+01   6.1559397e+01   9.2441558e+01   4.1442032e+01   3.2390437e+01   5.2892748e+01   6.3303264e+01   7.3754693e+01   7.7717226e+01   7.5514999e+01   8.2617294e+01   7.6882262e+01   6.7883232e+01   8.7202076e+01   1.8562392e+01   3.0872685e+01   4.4411844e+01   3.1423292e+01   1.5574813e+01   2.6696374e+01   4.1249233e+01   5.4687176e+01   3.6280581e+01   5.7618298e+01   5.9478810e+01   7.0229836e+01   5.6323382e+01   6.3087938e+01   8.4352549e+01   5.8206152e+01   5.2569665e+01   5.4102705e+01   0.0000000e+00   3.1423292e+01   3.8742646e+01   4.4025854e+01   3.7547267e+01   3.8089892e+01   4.2285165e+01   4.3792609e+01   1.1923660e+01   8.0000000e+00   2.1392582e+01   1.4083078e+01   3.5000000e+00   2.3049945e+01   6.3159796e+01   6.3571388e+01   6.9058369e+01   6.5693941e+01   8.4620449e+01   5.3000000e+01   4.9543348e+01   4.5898238e+01   5.6804973e+01   6.8926968e+01   5.7519733e+01   6.1780095e+01   4.8966483e+01   5.2157526e+01   5.4583269e+01   5.4270345e+01   6.2219122e+01   5.7912978e+01   6.5624880e+01   3.2566337e+01
   7.2082039e+00   4.5599889e+01   2.7666155e+01   4.9174942e+01   4.2204316e+01   3.1712978e+01   2.6394015e+01   4.1442032e+01   3.3805405e+01   2.2647235e+01   3.7638255e+01   2.7037709e+01   3.5130189e+01   6.5069730e+01   6.4369007e+01   5.7775649e+01   5.4853013e+01   2.8077164e+01   3.8830797e+01   3.0046573e+01   4.2740384e+01   5.7282480e+01   6.9041958e+01   4.6194639e+01   5.8845951e+01   2.8682441e+01   1.1420165e+01   1.6655494e+01   4.1688591e+01   2.0512496e+01   1.2215375e+01   3.3636083e+01   2.5644582e+01   4.4180659e+01   4.7934165e+01   5.6504464e+01   4.8359168e+01   7.9702273e+01   6.3321175e+01   3.3805405e+01   6.0966933e+01   5.6504464e+01   6.9760378e+01   6.3517855e+01   4.8920037e+01   5.3021424e+01   4.6046679e+01   3.7272952e+01   5.6664936e+01   1.5500000e+01   2.4918231e+01   1.6655494e+01   2.4500000e+01   4.0860872e+01   5.3575418e+01   5.8225644e+01   5.3533009e+01   3.2035694e+01   4.2526777e+01   3.6280581e+01   5.1455863e+01   2.6044080e+01   3.6749138e+01   5.6303226e+01   5.9076873e+01   4.3453463e+01   7.7920927e+01   3.1423292e+01   0.0000000e+00   1.4000000e+01   4.4000000e+01   4.9359492e+01   4.6708765e+01   5.3256516e+01   5.7420998e+01   2.0000000e+01   2.5238634e+01   3.7272952e+01   3.0537477e+01   3.2706366e+01   2.9469812e+01   3.3500000e+01   3.8119809e+01   4.6293013e+01   4.9474483e+01   6.6397648e+01   4.6046679e+01   1.8624569e+01   2.4918231e+01   3.1820920e+01   5.3913481e+01   4.4232139e+01   4.5249302e+01   3.4738137e+01   3.9413365e+01   3.8000000e+01   4.3453463e+01   4.7934165e+01   4.1027768e+01   5.2504807e+01   1.8748288e+01
   1.2593387e+01   5.9076873e+01   3.2142535e+01   6.0873835e+01   5.1588159e+01   4.3453463e+01   2.7541635e+01   4.5449972e+01   2.8158633e+01   1.2593387e+01   2.9353076e+01   3.7547267e+01   4.8170746e+01   7.6985293e+01   7.7717226e+01   6.8000000e+01   6.2346584e+01   3.5517853e+01   3.4041020e+01   1.8562392e+01   5.5817267e+01   7.0535705e+01   8.1624904e+01   5.3000000e+01   6.8910526e+01   4.1304412e+01   2.4686773e+01   2.9624732e+01   4.6120719e+01   8.0000000e+00   1.1316654e+01   2.0229420e+01   2.5238634e+01   4.2526777e+01   4.1770449e+01   5.3341745e+01   6.0218088e+01   9.0811959e+01   7.4973150e+01   4.7217235e+01   7.4381662e+01   6.9320418e+01   8.2726820e+01   7.4594534e+01   5.4270345e+01   5.4353969e+01   4.4000000e+01   3.6996575e+01   5.0362310e+01   2.0680436e+01   1.8748288e+01   2.5101829e+01   3.8000000e+01   5.0900893e+01   6.3517855e+01   7.0728199e+01   6.6924769e+01   4.5524993e+01   5.4165631e+01   4.5098206e+01   6.1411822e+01   2.0229420e+01   2.5101829e+01   4.6120719e+01   4.9474483e+01   3.1712978e+01   8.9253873e+01   3.8742646e+01   1.4000000e+01   0.0000000e+00   3.5485711e+01   6.2346584e+01   5.9934838e+01   6.6397648e+01   7.0358786e+01   2.8158633e+01   3.1423292e+01   3.6996575e+01   3.2810989e+01   4.0805087e+01   2.7666155e+01   3.6154593e+01   4.5249302e+01   5.4604066e+01   6.0443724e+01   7.5993377e+01   5.9076873e+01   1.8057050e+01   3.6059809e+01   1.9294946e+01   6.5069730e+01   5.6242713e+01   5.6323382e+01   4.7024187e+01   5.1764022e+01   4.9474483e+01   5.6000000e+01   5.9536006e+01   5.2222819e+01   6.4227937e+01   3.2142535e+01
   3.7759227e+01   8.3814164e+01   3.5130189e+01   7.2562473e+01   8.5458814e+01   7.5018454e+01   6.2219122e+01   8.0352990e+01   1.2869317e+01   4.2740384e+01   5.6182134e+01   5.1101383e+01   7.6661014e+01   1.0791508e+02   1.0331294e+02   1.0126830e+02   9.7107453e+01   7.0100647e+01   6.4632675e+01   1.9053975e+01   7.4715901e+01   8.9342557e+01   9.5047607e+01   5.1433781e+01   7.3493150e+01   6.0274577e+01   5.3913481e+01   5.2828291e+01   4.0888736e+01   2.8682441e+01   4.6293013e+01   3.3534073e+01   2.5238634e+01   2.3396506e+01   1.0562306e+01   8.3868159e+01   9.1407920e+01   1.2303265e+02   8.4620449e+01   6.9857768e+01   9.4725793e+01   9.8000000e+01   1.1053295e+02   1.0690489e+02   8.9253873e+01   8.8285249e+01   7.6171990e+01   7.0728199e+01   7.7000000e+01   3.5389110e+01   1.9709373e+01   5.9076873e+01   6.3589223e+01   5.9000000e+01   6.8597357e+01   8.4714013e+01   9.2490489e+01   7.0936141e+01   8.5776022e+01   7.9246428e+01   9.4904714e+01   5.2222819e+01   4.5524993e+01   6.4930195e+01   1.5943445e+01   1.4650972e+01   9.6183071e+01   4.4025854e+01   4.4000000e+01   3.5485711e+01   0.0000000e+00   7.9929214e+01   7.9446184e+01   8.4633822e+01   8.6837999e+01   4.1304412e+01   3.8476967e+01   2.5238634e+01   3.0500000e+01   4.7024187e+01   2.1713203e+01   7.0936141e+01   8.0014150e+01   8.9050833e+01   9.2929703e+01   1.0979433e+02   8.7202076e+01   5.2828291e+01   6.8415389e+01   3.9528835e+01   9.7305217e+01   8.7202076e+01   8.8694388e+01   7.7600584e+01   8.2108823e+01   8.1360992e+01   8.5789214e+01   9.1160079e+01   8.4459812e+01   9.5617033e+01   5.9991596e+01
   5.0811529e+01   1.8562392e+01   4.5624827e+01   1.3916408e+01   5.2892748e+01   3.9615214e+01   6.5624880e+01   6.9205895e+01   6.7582039e+01   7.1254858e+01   8.4419604e+01   2.9353076e+01   2.9353076e+01   4.9336462e+01   3.0872685e+01   5.6323382e+01   6.6907831e+01   5.4687176e+01   8.2108823e+01   7.4061199e+01   7.2082039e+00   9.9868330e+00   2.0902206e+01   3.9758757e+01   2.8158633e+01   2.1713203e+01   4.0749224e+01   3.3260495e+01   4.7096674e+01   6.7330008e+01   5.9593147e+01   8.2012269e+01   5.5244863e+01   6.4930195e+01   7.7819144e+01   9.4904714e+01   4.1442032e+01   6.5624880e+01   2.0902206e+01   1.7602631e+01   1.5943445e+01   3.5517853e+01   4.1442032e+01   5.4583269e+01   7.0294341e+01   8.3326626e+01   8.4298866e+01   7.4776510e+01   9.9828999e+01   4.7000000e+01   6.3571388e+01   5.0900893e+01   2.7541635e+01   2.5101829e+01   2.6696374e+01   1.1316654e+01   2.3786262e+01   2.2799103e+01   4.1304412e+01   5.2978567e+01   5.4353969e+01   7.2327919e+01   8.5472054e+01   1.0382594e+02   9.4725793e+01   8.6052615e+01   3.4738137e+01   3.7547267e+01   4.9359492e+01   6.2346584e+01   7.9929214e+01   0.0000000e+00   5.2434165e+00   5.2434165e+00   8.5777472e+00   3.9615214e+01   4.1987950e+01   5.8439624e+01   5.0789164e+01   3.4770979e+01   5.8749464e+01   6.7330008e+01   5.9172822e+01   5.9000000e+01   4.7862960e+01   6.5069730e+01   2.9157460e+01   6.3015998e+01   4.2979407e+01   8.0676368e+01   4.8710476e+01   3.9064880e+01   4.5624827e+01   3.6059809e+01   3.5614100e+01   4.1469501e+01   3.4341543e+01   4.3164388e+01   4.3688540e+01   4.4103326e+01   3.4208308e+01
   4.8710476e+01   1.4000000e+01   4.5624827e+01   1.7602631e+01   4.8170746e+01   3.5032593e+01   6.1706617e+01   6.4702804e+01   6.7077023e+01   6.8332514e+01   8.0998447e+01   2.8960499e+01   2.4686773e+01   4.5249302e+01   2.8158633e+01   5.1698144e+01   6.2164414e+01   5.0362310e+01   7.8297815e+01   7.2515623e+01   5.2434165e+00   1.1106602e+01   2.4918231e+01   4.1987950e+01   3.2319805e+01   2.0057607e+01   3.7547267e+01   3.0835623e+01   4.8523432e+01   6.5278469e+01   5.6504464e+01   7.9659649e+01   5.4707933e+01   6.5624880e+01   7.7935457e+01   9.0662354e+01   3.6780160e+01   6.1706617e+01   2.5644582e+01   1.3916408e+01   1.5797059e+01   3.1423292e+01   3.8358288e+01   5.0204125e+01   6.5624880e+01   7.8802299e+01   8.0113127e+01   7.0632018e+01   9.5900472e+01   4.5724440e+01   6.2455629e+01   4.7096674e+01   2.3978714e+01   2.7037709e+01   3.0387288e+01   1.5943445e+01   2.0000000e+01   1.8562392e+01   3.6562446e+01   4.8359168e+01   4.9635018e+01   6.8926968e+01   8.2562476e+01   1.0046124e+02   9.4462759e+01   8.4834157e+01   3.9413365e+01   3.8089892e+01   4.6708765e+01   5.9934838e+01   7.9446184e+01   5.2434165e+00   0.0000000e+00   7.2082039e+00   1.2215375e+01   3.8742646e+01   4.1770449e+01   5.8865229e+01   5.0923209e+01   3.5485711e+01   5.8400777e+01   6.3087938e+01   5.4583269e+01   5.4270345e+01   4.3164388e+01   6.0518747e+01   2.4546829e+01   5.9536006e+01   3.8683766e+01   7.7993548e+01   4.4103326e+01   3.4341543e+01   4.0888736e+01   3.1386890e+01   3.0872685e+01   3.6749138e+01   2.9624732e+01   3.8476967e+01   3.8948017e+01   3.9528835e+01   3.0686918e+01
   5.5018346e+01   1.8057050e+01   5.0362310e+01   1.7602631e+01   5.3533009e+01   4.1027768e+01   6.8332514e+01   7.0792247e+01   7.2280917e+01   7.4973150e+01   8.7706651e+01   3.4041020e+01   3.0500000e+01   4.7217235e+01   2.7332816e+01   5.5511362e+01   6.7077023e+01   5.6724994e+01   8.4954130e+01   7.8514422e+01   1.1106602e+01   5.2434165e+00   1.8562392e+01   4.4103326e+01   3.0872685e+01   2.6044080e+01   4.4232139e+01   3.7272952e+01   5.1698144e+01   7.1572146e+01   6.3177747e+01   8.6105198e+01   5.9934838e+01   6.9646583e+01   8.2562476e+01   9.7072512e+01   4.0888736e+01   6.3159796e+01   2.1553503e+01   2.0624612e+01   1.1316654e+01   3.3534073e+01   3.8119809e+01   5.3021424e+01   7.1254858e+01   8.4834157e+01   8.6577000e+01   7.7132239e+01   1.0251103e+02   5.1522054e+01   6.8149834e+01   5.3765843e+01   3.0686918e+01   2.9624732e+01   3.0084624e+01   1.1106602e+01   2.1553503e+01   2.5101829e+01   4.1469501e+01   5.4207541e+01   5.4102705e+01   7.5634879e+01   8.9203157e+01   1.0716888e+02   9.9454535e+01   9.0612430e+01   3.4208308e+01   4.2285165e+01   5.3256516e+01   6.6397648e+01   8.4633822e+01   5.2434165e+00   7.2082039e+00   0.0000000e+00   5.9083269e+00   4.4232139e+01   4.6708765e+01   6.3177747e+01   5.5531809e+01   3.9500000e+01   6.3464276e+01   6.9516302e+01   6.0500000e+01   5.9536006e+01   4.7481379e+01   6.3944858e+01   2.8522313e+01   6.6243821e+01   4.5098206e+01   8.4566938e+01   4.7862960e+01   3.8948017e+01   4.5624827e+01   3.7119667e+01   3.6059809e+01   4.2177332e+01   3.4208308e+01   4.2740384e+01   4.4103326e+01   4.3164388e+01   3.7395122e+01
   5.8749464e+01   2.3347319e+01   5.2288030e+01   1.6724981e+01   5.8923026e+01   4.6415684e+01   7.3400617e+01   7.6171990e+01   7.4548970e+01   7.9332100e+01   9.2441558e+01   3.6531236e+01   3.5901271e+01   5.1522054e+01   3.0387288e+01   6.0537488e+01   7.2390542e+01   6.2018290e+01   8.9960885e+01   8.1721918e+01   1.5273287e+01   6.6846584e+00   1.3227922e+01   4.3766615e+01   2.8036340e+01   2.9624732e+01   4.8803727e+01   4.1304412e+01   5.2157526e+01   7.5229512e+01   6.7665840e+01   8.9998603e+01   6.2291990e+01   7.0728199e+01   8.4177954e+01   1.0234547e+02   4.6046679e+01   6.7110810e+01   1.7068042e+01   2.5464975e+01   1.2593387e+01   3.8029988e+01   4.1304412e+01   5.7677356e+01   7.6661014e+01   9.0224579e+01   9.1815388e+01   8.2342837e+01   1.0760042e+02   5.4583269e+01   7.1000000e+01   5.8749464e+01   3.5485711e+01   3.0046573e+01   2.8158633e+01   6.6846584e+00   2.6044080e+01   3.0274150e+01   4.6806047e+01   5.9612181e+01   5.9326015e+01   8.0352990e+01   9.3548375e+01   1.1186427e+02   1.0140218e+02   9.3500000e+01   2.8960499e+01   4.3792609e+01   5.7420998e+01   7.0358786e+01   8.6837999e+01   8.5777472e+00   1.2215375e+01   5.9083269e+00   0.0000000e+00   4.7000000e+01   4.8873546e+01   6.4580028e+01   5.7282480e+01   4.0888736e+01   6.5624880e+01   7.4776510e+01   6.5900688e+01   6.4912732e+01   5.2677581e+01   6.8811785e+01   3.3703915e+01   7.1015956e+01   5.0362310e+01   8.8732647e+01   5.2892748e+01   4.4232139e+01   5.0923209e+01   4.2526777e+01   4.1442032e+01   4.7577064e+01   3.9500000e+01   4.7934165e+01   4.9474483e+01   4.8170746e+01   4.2177332e+01
   1.6445219e+01   4.3479646e+01   1.0562306e+01   3.4705263e+01   5.4583269e+01   4.0749224e+01   4.5624827e+01   5.9019228e+01   2.8960499e+01   3.9758757e+01   5.6020267e+01   1.1106602e+01   3.8742646e+01   7.0535705e+01   6.2889903e+01   6.7665840e+01   6.8910526e+01   4.4103326e+01   5.8206152e+01   3.5517853e+01   3.4041020e+01   4.8873546e+01   5.6724994e+01   2.6696374e+01   4.1304412e+01   1.9473666e+01   2.1713203e+01   1.4650972e+01   2.3000000e+01   3.0686918e+01   3.1386890e+01   4.6120719e+01   1.6655494e+01   3.1423292e+01   4.0888736e+01   7.5993377e+01   5.5100824e+01   8.6733694e+01   4.8429636e+01   2.9353076e+01   5.4039705e+01   5.9076873e+01   7.0808250e+01   7.1302542e+01   6.5278469e+01   7.1572146e+01   6.5486537e+01   5.6544625e+01   7.5874067e+01   8.5777472e+00   2.4500000e+01   3.3534073e+01   2.4918231e+01   2.3396506e+01   3.5901271e+01   4.5898238e+01   5.2222819e+01   3.1423292e+01   5.0429951e+01   4.9977268e+01   6.2219122e+01   4.5022466e+01   5.2742224e+01   7.3693237e+01   5.6504464e+01   4.7000000e+01   6.2219122e+01   1.1923660e+01   2.0000000e+01   2.8158633e+01   4.1304412e+01   3.9615214e+01   3.8742646e+01   4.4232139e+01   4.7000000e+01   0.0000000e+00   6.6846584e+00   2.3930749e+01   1.5500000e+01   1.3403488e+01   2.0624612e+01   5.2048521e+01   5.3533009e+01   5.9840121e+01   5.8381344e+01   7.7000000e+01   4.8335656e+01   3.8119809e+01   3.6562446e+01   4.6708765e+01   6.2073127e+01   5.0900893e+01   5.4270345e+01   4.1688591e+01   4.5500000e+01   4.6830336e+01   4.8335656e+01   5.5429500e+01   5.0181485e+01   5.9306887e+01   2.3978714e+01
   2.0624612e+01   4.7934165e+01   4.7426407e+00   3.5130189e+01   6.0743257e+01   4.6806047e+01   5.1101383e+01   6.5000000e+01   2.6175864e+01   4.3401049e+01   5.9991596e+01   1.3316006e+01   4.4309246e+01   7.5993377e+01   6.7127697e+01   7.3647112e+01   7.5093901e+01   5.0204125e+01   6.2943975e+01   3.5614100e+01   3.7027387e+01   5.1433781e+01   5.7578893e+01   2.2133308e+01   3.9413365e+01   2.3396506e+01   2.7872431e+01   2.0624612e+01   1.7068042e+01   3.2601402e+01   3.6154593e+01   4.7934165e+01   1.4000000e+01   2.5955844e+01   3.6749138e+01   8.1138080e+01   6.0836556e+01   9.2331367e+01   4.8170746e+01   3.3805405e+01   5.6964591e+01   6.4174956e+01   7.5500000e+01   7.7058801e+01   7.1397814e+01   7.7366768e+01   7.0760231e+01   6.2000000e+01   8.0352990e+01   1.1316654e+01   2.3786262e+01   3.9500000e+01   3.0500000e+01   2.2340330e+01   3.4041020e+01   4.7000000e+01   5.6664936e+01   3.6562446e+01   5.6323382e+01   5.6161926e+01   6.8282741e+01   4.9474483e+01   5.5654329e+01   7.6985293e+01   5.3256516e+01   4.5898238e+01   6.1245370e+01   8.0000000e+00   2.5238634e+01   3.1423292e+01   3.8476967e+01   4.1987950e+01   4.1770449e+01   4.6708765e+01   4.8873546e+01   6.6846584e+00   0.0000000e+00   1.8562392e+01   1.0104686e+01   1.0562306e+01   1.7270510e+01   5.7814920e+01   5.9688259e+01   6.6020989e+01   6.4316142e+01   8.3013635e+01   5.3533009e+01   4.3190748e+01   4.2740384e+01   4.9336462e+01   6.7916615e+01   5.6664936e+01   6.0236923e+01   4.7577064e+01   5.1256773e+01   5.2828291e+01   5.3913481e+01   6.1245370e+01   5.6182134e+01   6.5017440e+01   3.0046573e+01
   3.0835623e+01   6.5900688e+01   1.4329317e+01   4.9336462e+01   7.6985293e+01   6.3785069e+01   6.2073127e+01   7.8182044e+01   1.5500000e+01   4.8523432e+01   6.5017440e+01   3.0872685e+01   6.2164414e+01   9.3934469e+01   8.4954130e+01   9.0811959e+01   9.0749654e+01   6.4580028e+01   7.0535705e+01   3.1423292e+01   5.4165631e+01   6.7916615e+01   7.1572146e+01   2.6696374e+01   4.8873546e+01   4.1304412e+01   4.3453463e+01   3.8000000e+01   1.6160460e+01   3.4208308e+01   4.5500000e+01   4.7096674e+01   1.2500000e+01   8.0000000e+00   2.0229420e+01   8.9809854e+01   7.8514422e+01   1.1016426e+02   6.0518747e+01   5.1807894e+01   7.3770048e+01   8.2232796e+01   9.3512096e+01   9.4701911e+01   8.5630782e+01   8.9203157e+01   8.0226094e+01   7.2500000e+01   8.6420021e+01   2.2799103e+01   2.0624612e+01   5.3256516e+01   4.8335656e+01   3.5517853e+01   4.4103326e+01   6.1688234e+01   7.4609716e+01   5.4604066e+01   7.3739334e+01   7.1809186e+01   8.5153706e+01   5.6724994e+01   5.7519733e+01   7.9031841e+01   3.8029988e+01   3.6780160e+01   7.1572146e+01   2.1392582e+01   3.7272952e+01   3.6996575e+01   2.5238634e+01   5.8439624e+01   5.8865229e+01   6.3177747e+01   6.4580028e+01   2.3930749e+01   1.8562392e+01   0.0000000e+00   8.9852814e+00   2.4217082e+01   9.9868330e+00   6.9906412e+01   7.4503378e+01   8.1846481e+01   8.1624904e+01   1.0005526e+02   7.1572146e+01   5.3000000e+01   5.8865229e+01   5.0811529e+01   8.5419079e+01   7.4305488e+01   7.7469150e+01   6.5017440e+01   6.8910526e+01   6.9987409e+01   7.1761841e+01   7.8802299e+01   7.3323417e+01   8.2726820e+01   4.7096674e+01
   2.4546829e+01   5.7519733e+01   5.9083269e+00   4.2607007e+01   6.9041958e+01   5.5572679e+01   5.6081022e+01   7.1397814e+01   1.8748288e+01   4.4819860e+01   6.1577819e+01   2.2647235e+01   5.3702444e+01   8.5458814e+01   7.6661014e+01   8.2562476e+01   8.3040899e+01   5.7282480e+01   6.6020989e+01   3.1712978e+01   4.6194639e+01   6.0274577e+01   6.5069730e+01   2.3396506e+01   4.4180659e+01   3.2949961e+01   3.5614100e+01   2.9624732e+01   1.4329317e+01   3.1712978e+01   3.9958839e+01   4.6120719e+01   8.9852814e+00   1.6445219e+01   2.7541635e+01   8.4940808e+01   7.0100647e+01   1.0171388e+02   5.4687176e+01   4.3401049e+01   6.5986640e+01   7.3754693e+01   8.5100532e+01   8.6302098e+01   7.8456719e+01   8.3000000e+01   7.4973150e+01   6.6772166e+01   8.2672076e+01   1.5574813e+01   1.9709373e+01   4.6120719e+01   3.9873214e+01   2.9000000e+01   3.9064880e+01   5.4832311e+01   6.6243821e+01   4.6120719e+01   6.5399923e+01   6.4068860e+01   7.7000000e+01   5.2222819e+01   5.5429500e+01   7.7058801e+01   4.4641817e+01   3.9873214e+01   6.6721220e+01   1.4083078e+01   3.0537477e+01   3.2810989e+01   3.0500000e+01   5.0789164e+01   5.0923209e+01   5.5531809e+01   5.7282480e+01   1.5500000e+01   1.0104686e+01   8.9852814e+00   0.0000000e+00   1.7068042e+01   9.9868330e+00   6.3517855e+01   6.7077023e+01   7.4061199e+01   7.3323417e+01   9.1852340e+01   6.3087938e+01   4.7385499e+01   5.0923209e+01   4.8803727e+01   7.7058801e+01   6.5900688e+01   6.9189519e+01   5.6664936e+01   6.0500000e+01   6.1724995e+01   6.3303264e+01   7.0423172e+01   6.5069730e+01   7.4305488e+01   3.8830797e+01
   2.9314059e+01   4.4000000e+01   1.2593387e+01   2.6044080e+01   6.2889903e+01   4.8170746e+01   5.7912978e+01   7.0084481e+01   3.5032593e+01   5.2569665e+01   6.8910526e+01   9.9868330e+00   4.3453463e+01   7.4137626e+01   6.2346584e+01   7.4061199e+01   7.7717226e+01   5.4687176e+01   7.1015956e+01   4.5624827e+01   3.0872685e+01   4.4232139e+01   4.8523432e+01   1.4329317e+01   2.9353076e+01   2.0057607e+01   3.2319805e+01   2.3000000e+01   1.4650972e+01   4.2526777e+01   4.4232139e+01   5.7912978e+01   2.3445588e+01   3.0686918e+01   4.3792609e+01   8.8541184e+01   6.0218088e+01   9.0811959e+01   3.8476967e+01   3.0500000e+01   5.0158836e+01   6.1411822e+01   7.1572146e+01   7.6305673e+01   7.5514999e+01   8.3163474e+01   7.7935457e+01   6.8811785e+01   8.8745396e+01   2.0680436e+01   3.3703915e+01   4.4921279e+01   3.0387288e+01   1.2593387e+01   2.3978714e+01   3.8269035e+01   5.2483170e+01   3.4738137e+01   5.6504464e+01   5.9172822e+01   6.9320418e+01   5.7912978e+01   6.5278469e+01   8.6420021e+01   6.1171245e+01   5.5511362e+01   5.1256773e+01   3.5000000e+00   3.2706366e+01   4.0805087e+01   4.7024187e+01   3.4770979e+01   3.5485711e+01   3.9500000e+01   4.0888736e+01   1.3403488e+01   1.0562306e+01   2.4217082e+01   1.7068042e+01   0.0000000e+00   2.6044080e+01   6.3802844e+01   6.3500000e+01   6.8597357e+01   6.4580028e+01   8.3543663e+01   5.1256773e+01   5.0811529e+01   4.5599889e+01   5.9076873e+01   6.7665840e+01   5.6242713e+01   6.0743257e+01   4.7934165e+01   5.0923209e+01   5.3660135e+01   5.2828291e+01   6.0966933e+01   5.6964591e+01   6.4227937e+01   3.2142535e+01
   2.2799103e+01   6.3589223e+01   1.4000000e+01   5.1500000e+01   7.0471423e+01   5.8128118e+01   5.3341745e+01   6.9987409e+01   9.5000000e+00   3.9064880e+01   5.5531809e+01   2.9970324e+01   5.7932569e+01   8.9696412e+01   8.3013635e+01   8.5100532e+01   8.3692548e+01   5.7044230e+01   6.1171245e+01   2.2799103e+01   5.3660135e+01   6.8183085e+01   7.4000000e+01   3.2706366e+01   5.3660135e+01   3.9500000e+01   3.7119667e+01   3.3534073e+01   2.3000000e+01   2.4733242e+01   3.6624784e+01   3.8000000e+01   4.7426407e+00   1.5574813e+01   2.0902206e+01   8.0507812e+01   7.3693237e+01   1.0551071e+02   6.3944858e+01   4.9474483e+01   7.3647112e+01   7.8802299e+01   9.0811959e+01   8.9696412e+01   7.7819144e+01   8.0507812e+01   7.1063801e+01   6.3571388e+01   7.6941154e+01   1.6445219e+01   1.1316654e+01   4.5624827e+01   4.4309246e+01   3.8119809e+01   4.8523432e+01   6.3571388e+01   7.2327919e+01   5.1256773e+01   6.8514704e+01   6.4912732e+01   7.9146360e+01   4.7385499e+01   4.8147141e+01   6.9711632e+01   3.6562446e+01   3.0387288e+01   7.6171990e+01   2.3049945e+01   2.9469812e+01   2.7666155e+01   2.1713203e+01   5.8749464e+01   5.8400777e+01   6.3464276e+01   6.5624880e+01   2.0624612e+01   1.7270510e+01   9.9868330e+00   9.9868330e+00   2.6044080e+01   0.0000000e+00   6.1411822e+01   6.7077023e+01   7.4973150e+01   7.6171990e+01   9.4138934e+01   6.8000000e+01   4.4103326e+01   5.2504807e+01   4.1442032e+01   8.0226094e+01   6.9451070e+01   7.1951032e+01   5.9934838e+01   6.4139610e+01   6.4457017e+01   6.7397309e+01   7.3754693e+01   6.7732804e+01   7.7935457e+01   4.1879343e+01
   3.9615214e+01   5.4583269e+01   6.0574953e+01   7.2889571e+01   2.6000000e+01   3.0084624e+01   9.2464278e+00   1.0104686e+01   6.3589223e+01   3.0274150e+01   2.8522313e+01   5.6000000e+01   4.0440581e+01   5.6000000e+01   6.7397309e+01   4.1688591e+01   3.0084624e+01   1.3403488e+01   2.0000000e+01   5.2978567e+01   6.1041308e+01   7.1951032e+01   8.7500000e+01   7.7629761e+01   8.5736436e+01   5.2222819e+01   3.2284430e+01   4.2285165e+01   7.4381662e+01   4.2767008e+01   2.5644582e+01   4.5098206e+01   5.7991304e+01   7.6453933e+01   7.7396034e+01   2.8077164e+01   4.1688591e+01   6.5261099e+01   8.6013157e+01   5.0452477e+01   7.2889571e+01   5.4707933e+01   6.7582039e+01   5.0362310e+01   1.9591883e+01   2.0057607e+01   1.7602631e+01   8.5777472e+00   3.4770979e+01   4.8500000e+01   5.4102705e+01   1.9473666e+01   4.1304412e+01   6.9041958e+01   8.0998447e+01   7.7993548e+01   5.8865229e+01   4.5047727e+01   3.6154593e+01   2.0229420e+01   3.5292241e+01   2.1819006e+01   3.8089892e+01   4.5500000e+01   8.4137611e+01   6.4702804e+01   1.0076465e+02   6.3159796e+01   3.3500000e+01   3.6154593e+01   7.0936141e+01   6.7330008e+01   6.3087938e+01   6.9516302e+01   7.4776510e+01   5.2048521e+01   5.7814920e+01   6.9906412e+01   6.3517855e+01   6.3802844e+01   6.1411822e+01   0.0000000e+00   1.5574813e+01   2.5238634e+01   3.8029988e+01   4.7024187e+01   4.8170746e+01   1.8624569e+01   2.4918231e+01   3.8918745e+01   4.2500000e+01   3.9442265e+01   3.5292241e+01   3.4738137e+01   3.8119809e+01   3.2284430e+01   4.2285165e+01   3.9958839e+01   3.2880550e+01   4.4232139e+01   3.5485711e+01
   4.4819860e+01   4.4000000e+01   6.3159796e+01   6.7077023e+01   1.1106602e+01   2.0057607e+01   2.1976732e+01   1.1316654e+01   7.1015956e+01   4.2526777e+01   4.3453463e+01   5.4583269e+01   3.0500000e+01   4.1027768e+01   5.4165631e+01   2.6696374e+01   1.7602631e+01   1.0562306e+01   3.5032593e+01   6.3159796e+01   5.3533009e+01   6.2164414e+01   7.8514422e+01   7.7058801e+01   8.1138080e+01   4.8170746e+01   3.2319805e+01   4.1000000e+01   7.5874067e+01   5.2569665e+01   3.4507352e+01   5.7912978e+01   6.3177747e+01   8.1624904e+01   8.5153706e+01   3.9413365e+01   2.7541635e+01   5.0362310e+01   7.9031841e+01   4.3453463e+01   6.2054854e+01   4.0888736e+01   5.3256516e+01   3.5292241e+01   1.2593387e+01   2.4918231e+01   3.0387288e+01   2.3049945e+01   4.8523432e+01   5.2222819e+01   6.1724995e+01   2.1976732e+01   3.6154593e+01   6.6106783e+01   7.6941154e+01   6.9987409e+01   4.6708765e+01   3.7395122e+01   2.2647235e+01   6.8639610e+00   2.0229420e+01   3.5389110e+01   5.2309748e+01   6.0518747e+01   9.4222996e+01   7.5814341e+01   9.3366840e+01   6.3571388e+01   3.8119809e+01   4.5249302e+01   8.0014150e+01   5.9172822e+01   5.4583269e+01   6.0500000e+01   6.5900688e+01   5.3533009e+01   5.9688259e+01   7.4503378e+01   6.7077023e+01   6.3500000e+01   6.7077023e+01   1.5574813e+01   0.0000000e+00   1.0562306e+01   2.3199119e+01   3.2706366e+01   3.5901271e+01   2.9314059e+01   1.8748288e+01   5.2222819e+01   2.7541635e+01   2.6000000e+01   2.0902206e+01   2.3930749e+01   2.6044080e+01   1.9709373e+01   2.9624732e+01   2.5644582e+01   1.9294946e+01   2.9624732e+01   3.2142535e+01
   5.2978567e+01   4.2177332e+01   6.9760378e+01   6.8531243e+01   6.6846584e+00   2.1553503e+01   3.2035694e+01   1.8562392e+01   7.9545873e+01   5.2504807e+01   5.3256516e+01   5.9306887e+01   3.0387288e+01   3.2566337e+01   4.8803727e+01   1.7068042e+01   9.6241438e+00   1.9591883e+01   4.4411844e+01   7.2624892e+01   5.4102705e+01   6.0443724e+01   7.7161594e+01   8.1721918e+01   8.3163474e+01   5.1522054e+01   3.8948017e+01   4.6391176e+01   8.1694212e+01   6.2018290e+01   4.4000000e+01   6.7916615e+01   7.0936141e+01   8.9139720e+01   9.3693347e+01   4.6046679e+01   2.1819006e+01   4.0524992e+01   7.9332100e+01   4.4921279e+01   5.9306887e+01   3.5032593e+01   4.6194639e+01   2.6000000e+01   1.3403488e+01   2.9353076e+01   3.8269035e+01   3.2142535e+01   5.6504464e+01   5.9593147e+01   7.0423172e+01   3.0500000e+01   3.9500000e+01   6.9565187e+01   7.9417679e+01   6.9646583e+01   4.2979407e+01   3.8742646e+01   1.8809833e+01   1.0562306e+01   1.1106602e+01   4.5449972e+01   6.2346584e+01   6.9760378e+01   1.0352063e+02   8.5458814e+01   9.3112094e+01   6.9058369e+01   4.6293013e+01   5.4604066e+01   8.9050833e+01   5.9000000e+01   5.4270345e+01   5.9536006e+01   6.4912732e+01   5.9840121e+01   6.6020989e+01   8.1846481e+01   7.4061199e+01   6.8597357e+01   7.4973150e+01   2.5238634e+01   1.0562306e+01   0.0000000e+00   1.5943445e+01   2.2647235e+01   3.2601402e+01   3.9210464e+01   2.3786262e+01   6.2273781e+01   1.9473666e+01   2.1819006e+01   1.5349242e+01   2.3786262e+01   2.3978714e+01   1.8057050e+01   2.6306976e+01   1.9709373e+01   1.5943445e+01   2.2647235e+01   3.6996575e+01
   5.5695108e+01   2.9970324e+01   6.8415389e+01   5.9076873e+01   1.2593387e+01   1.8562392e+01   4.2926407e+01   3.3260495e+01   8.2177720e+01   6.1245370e+01   6.5278469e+01   5.5100824e+01   2.1976732e+01   1.8562392e+01   3.3534073e+01   9.9868330e+00   2.0902206e+01   2.8158633e+01   5.7519733e+01   7.8297815e+01   4.4103326e+01   4.7577064e+01   6.4316142e+01   7.6542751e+01   7.4061199e+01   4.5624827e+01   3.9758757e+01   4.4232139e+01   7.8500000e+01   6.7916615e+01   5.0811529e+01   7.6542751e+01   7.1951032e+01   8.9114333e+01   9.6053650e+01   6.1245370e+01   7.2082039e+00   3.0872685e+01   6.8183085e+01   3.6780160e+01   4.5524993e+01   1.9709373e+01   3.0872685e+01   1.4650972e+01   2.8801943e+01   4.4794469e+01   5.2892748e+01   4.5724440e+01   7.1111614e+01   6.0236923e+01   7.3754693e+01   3.6059809e+01   3.4770979e+01   6.2889903e+01   7.1015956e+01   5.7991304e+01   2.8801943e+01   3.1094117e+01   8.5777472e+00   1.8562392e+01   7.2082039e+00   5.5817267e+01   7.2905110e+01   8.3013635e+01   1.0805115e+02   9.1618055e+01   8.1138080e+01   6.5693941e+01   4.9474483e+01   6.0443724e+01   9.2929703e+01   4.7862960e+01   4.3164388e+01   4.7481379e+01   5.2677581e+01   5.8381344e+01   6.4316142e+01   8.1624904e+01   7.3323417e+01   6.4580028e+01   7.6171990e+01   3.8029988e+01   2.3199119e+01   1.5943445e+01   0.0000000e+00   1.9473666e+01   1.9473666e+01   4.7934165e+01   2.5101829e+01   7.1651247e+01   5.2434165e+00   9.5000000e+00   4.7426407e+00   1.7270510e+01   1.4329317e+01   1.2215375e+01   1.4083078e+01   5.2434165e+00   8.9852814e+00   7.2082039e+00   3.5032593e+01
   7.2905110e+01   4.7024187e+01   8.7059228e+01   7.7058801e+01   2.4918231e+01   3.6780160e+01   5.4165631e+01   3.9064880e+01   9.9602220e+01   7.4594534e+01   7.4973150e+01   7.4061199e+01   4.0888736e+01   2.0902206e+01   4.4103326e+01   9.9868330e+00   1.8562392e+01   4.1304412e+01   6.5624880e+01   9.4054797e+01   6.2073127e+01   6.3159796e+01   7.9446184e+01   9.5486841e+01   9.2049167e+01   6.4580028e+01   5.7519733e+01   6.2889903e+01   9.7432967e+01   8.3475900e+01   6.5624880e+01   9.0023740e+01   8.9960885e+01   1.0751635e+02   1.1364813e+02   6.3571388e+01   2.4686773e+01   2.0057607e+01   8.4980767e+01   5.5511362e+01   5.9840121e+01   3.1820920e+01   3.6811155e+01   1.2593387e+01   3.0649627e+01   4.5599889e+01   5.7814920e+01   5.3256516e+01   7.5559976e+01   7.8297815e+01   9.0811959e+01   5.1455863e+01   5.3702444e+01   8.1694212e+01   8.9317228e+01   7.4548970e+01   4.3453463e+01   4.9977268e+01   2.7541635e+01   3.1423292e+01   1.5500000e+01   6.7582039e+01   8.4419604e+01   9.0524997e+01   1.2460177e+02   1.0709503e+02   9.6990932e+01   8.4620449e+01   6.6397648e+01   7.5993377e+01   1.0979433e+02   6.5069730e+01   6.0518747e+01   6.3944858e+01   6.8811785e+01   7.7000000e+01   8.3013635e+01   1.0005526e+02   9.1852340e+01   8.3543663e+01   9.4138934e+01   4.7024187e+01   3.2706366e+01   2.2647235e+01   1.9473666e+01   0.0000000e+00   3.6500000e+01   6.1245370e+01   4.2204316e+01   8.4419604e+01   1.7068042e+01   2.8158633e+01   2.3347319e+01   3.6154593e+01   3.3260495e+01   3.0686918e+01   3.2319805e+01   2.3445588e+01   2.7332816e+01   2.1500000e+01   5.3533009e+01
   5.0923209e+01   1.1106602e+01   5.7775649e+01   4.1110959e+01   2.7037709e+01   1.9053975e+01   4.9977268e+01   4.6708765e+01   7.5394926e+01   6.3571388e+01   7.2013985e+01   4.2204316e+01   1.1420165e+01   2.3396506e+01   2.0229420e+01   2.7666155e+01   3.9413365e+01   3.5614100e+01   6.6448844e+01   7.5469994e+01   2.6175864e+01   2.8682441e+01   4.5449972e+01   6.1577819e+01   5.6081022e+01   3.1712978e+01   3.5130189e+01   3.5032593e+01   6.5399923e+01   6.6020989e+01   5.1698144e+01   7.7717226e+01   6.3802844e+01   7.8988853e+01   8.8400512e+01   7.4594534e+01   1.2869317e+01   4.0129534e+01   4.9336462e+01   2.1338666e+01   2.7206741e+01   1.1316654e+01   2.4217082e+01   2.6696374e+01   4.5098206e+01   6.0048300e+01   6.4912732e+01   5.6242713e+01   8.2439002e+01   5.2504807e+01   6.8266142e+01   3.8029988e+01   2.4217082e+01   4.7024187e+01   5.3533009e+01   3.9064880e+01   1.1316654e+01   1.7470563e+01   1.4329317e+01   2.9624732e+01   2.6132011e+01   6.0799254e+01   7.7014704e+01   9.1122845e+01   1.0264328e+02   8.8809116e+01   6.2164414e+01   5.3000000e+01   4.6046679e+01   5.9076873e+01   8.7202076e+01   2.9157460e+01   2.4546829e+01   2.8522313e+01   3.3703915e+01   4.8335656e+01   5.3533009e+01   7.1572146e+01   6.3087938e+01   5.1256773e+01   6.8000000e+01   4.8170746e+01   3.5901271e+01   3.2601402e+01   1.9473666e+01   3.6500000e+01   0.0000000e+00   5.1588159e+01   2.6175864e+01   7.4137626e+01   2.0057607e+01   1.1316654e+01   1.7992856e+01   1.4329317e+01   1.0562306e+01   1.6724981e+01   6.8639610e+00   1.4730249e+01   1.7470563e+01   1.5500000e+01   2.8077164e+01
   2.3445588e+01   5.4707933e+01   4.5249302e+01   6.5278469e+01   3.7395122e+01   3.3534073e+01   9.9868330e+00   2.8036340e+01   4.5624827e+01   1.3916408e+01   2.1976732e+01   4.4616324e+01   4.1442032e+01   6.5624880e+01   7.1254858e+01   5.4165631e+01   4.6120719e+01   2.0624612e+01   2.0902206e+01   3.5032593e+01   5.6323382e+01   6.9646583e+01   8.3340208e+01   6.4316142e+01   7.6171990e+01   4.4103326e+01   2.3000000e+01   3.2319805e+01   5.9440648e+01   2.4686773e+01   8.0000000e+00   2.9353076e+01   4.1000000e+01   5.9172822e+01   5.9326015e+01   3.8447332e+01   4.9336462e+01   7.7717226e+01   7.9246428e+01   4.6120719e+01   7.2139724e+01   6.0574953e+01   7.4137626e+01   6.1780095e+01   3.7119667e+01   3.6996575e+01   2.8158633e+01   2.0000000e+01   3.8918745e+01   3.2880550e+01   3.6154593e+01   1.4083078e+01   3.6059809e+01   5.8400777e+01   7.1015956e+01   7.2889571e+01   6.1171245e+01   4.2285165e+01   4.3164388e+01   3.0686918e+01   4.7457428e+01   9.9868330e+00   2.6044080e+01   4.1469501e+01   6.6243821e+01   4.7217235e+01   9.4054797e+01   4.9543348e+01   1.8624569e+01   1.8057050e+01   5.2828291e+01   6.3015998e+01   5.9536006e+01   6.6243821e+01   7.1015956e+01   3.8119809e+01   4.3190748e+01   5.3000000e+01   4.7385499e+01   5.0811529e+01   4.4103326e+01   1.8624569e+01   2.9314059e+01   3.9210464e+01   4.7934165e+01   6.1245370e+01   5.1588159e+01   0.0000000e+00   2.6000000e+01   2.4217082e+01   5.2677581e+01   4.5898238e+01   4.4180659e+01   3.8000000e+01   4.2526777e+01   3.8476967e+01   4.7024187e+01   4.8170746e+01   4.0524992e+01   5.2892748e+01   2.9353076e+01
   3.1277427e+01   3.0686918e+01   4.6513585e+01   4.9474483e+01   1.8624569e+01   8.1485293e+00   2.4733242e+01   2.7332816e+01   5.7932569e+01   3.8476967e+01   4.6391176e+01   3.6500000e+01   1.6655494e+01   4.1469501e+01   4.5898238e+01   3.3397568e+01   3.2880550e+01   1.2215375e+01   4.1469501e+01   5.3765843e+01   3.6811155e+01   4.7600955e+01   6.3087938e+01   5.9000000e+01   6.3177747e+01   2.9970324e+01   1.5943445e+01   2.3199119e+01   5.8459037e+01   4.3479646e+01   2.7080068e+01   5.3256516e+01   4.8359168e+01   6.6243821e+01   7.1951032e+01   5.2483170e+01   2.4733242e+01   5.5429500e+01   6.2073127e+01   2.6306976e+01   4.8873546e+01   3.5130189e+01   4.8710476e+01   3.9210464e+01   3.0835623e+01   4.1442032e+01   4.1987950e+01   3.2601402e+01   5.8381344e+01   3.6780160e+01   4.9290368e+01   1.2593387e+01   1.8057050e+01   4.7862960e+01   5.8845951e+01   5.3702444e+01   3.6154593e+01   2.0680436e+01   1.8624569e+01   1.4083078e+01   2.7206741e+01   3.5130189e+01   5.1522054e+01   6.5624880e+01   8.3475900e+01   6.7127697e+01   7.6705315e+01   4.5898238e+01   2.4918231e+01   3.6059809e+01   6.8415389e+01   4.2979407e+01   3.8683766e+01   4.5098206e+01   5.0362310e+01   3.6562446e+01   4.2740384e+01   5.8865229e+01   5.0923209e+01   4.5599889e+01   5.2504807e+01   2.4918231e+01   1.8748288e+01   2.3786262e+01   2.5101829e+01   4.2204316e+01   2.6175864e+01   2.6000000e+01   0.0000000e+00   4.9082404e+01   2.9624732e+01   2.0902206e+01   2.0902206e+01   1.2500000e+01   1.7068042e+01   1.3916408e+01   2.1553503e+01   2.3978714e+01   1.6724981e+01   2.8682441e+01   1.4000000e+01
   3.1386890e+01   7.5739617e+01   4.9336462e+01   7.9659649e+01   6.0966933e+01   5.6724994e+01   3.0872685e+01   4.8335656e+01   3.8000000e+01   1.1106602e+01   1.7270510e+01   5.6323382e+01   6.3517855e+01   8.9304561e+01   9.3512096e+01   7.7717226e+01   6.8332514e+01   4.4232139e+01   2.6696374e+01   2.1713203e+01   7.4061199e+01   8.8541184e+01   1.0022462e+02   7.0535705e+01   8.7512930e+01   5.9840121e+01   4.1442032e+01   4.7934165e+01   6.2600725e+01   1.7602631e+01   2.3000000e+01   7.2082039e+00   4.0440581e+01   5.4583269e+01   4.8593659e+01   4.5249302e+01   7.2905110e+01   1.0134642e+02   9.3765749e+01   6.4930195e+01   9.2000000e+01   8.3665498e+01   9.7247093e+01   8.5472054e+01   5.7932569e+01   5.2504807e+01   3.8742646e+01   3.5646124e+01   3.8029988e+01   3.8918745e+01   3.0686918e+01   3.6996575e+01   5.5244863e+01   6.9565187e+01   8.2108823e+01   8.9355219e+01   8.3013635e+01   6.2455629e+01   6.6721220e+01   5.4270345e+01   7.1015956e+01   1.7602631e+01   7.2082039e+00   2.8801943e+01   4.9359492e+01   2.8960499e+01   1.0804069e+02   5.6804973e+01   3.1820920e+01   1.9294946e+01   3.9528835e+01   8.0676368e+01   7.7993548e+01   8.4566938e+01   8.8732647e+01   4.6708765e+01   4.9336462e+01   5.0811529e+01   4.8803727e+01   5.9076873e+01   4.1442032e+01   3.8918745e+01   5.2222819e+01   6.2273781e+01   7.1651247e+01   8.4419604e+01   7.4137626e+01   2.4217082e+01   4.9082404e+01   0.0000000e+00   7.6394664e+01   6.9336763e+01   6.7883232e+01   6.0966933e+01   6.5624880e+01   6.2000000e+01   7.0084481e+01   7.1809186e+01   6.4174956e+01   7.6542751e+01   4.8873546e+01
   6.0048300e+01   3.0649627e+01   7.2061163e+01   6.0518747e+01   1.7000000e+01   2.2799103e+01   4.7600955e+01   3.7272952e+01   8.6420021e+01   6.5986640e+01   6.9906412e+01   5.8225644e+01   2.4733242e+01   1.4000000e+01   3.1277427e+01   8.1485293e+00   2.2799103e+01   3.2880550e+01   6.2000000e+01   8.2877181e+01   4.5524993e+01   4.7481379e+01   6.4068860e+01   7.9246428e+01   7.5514999e+01   4.8429636e+01   4.4000000e+01   4.7934165e+01   8.1694212e+01   7.2531243e+01   5.5511362e+01   8.1277472e+01   7.5993377e+01   9.2917531e+01   1.0022462e+02   6.5017440e+01   8.1485293e+00   2.6306976e+01   6.8811785e+01   3.9064880e+01   4.4819860e+01   1.7602631e+01   2.7332816e+01   1.0104686e+01   3.2035694e+01   4.8170746e+01   5.6984511e+01   5.0090826e+01   7.5229512e+01   6.4280875e+01   7.8109600e+01   4.0749224e+01   3.8089892e+01   6.5261099e+01   7.2749567e+01   5.8459037e+01   2.8077164e+01   3.3703915e+01   1.2215375e+01   2.3199119e+01   9.2464278e+00   6.0537488e+01   7.7629761e+01   8.7500000e+01   1.1247879e+02   9.6218337e+01   8.1277472e+01   6.8926968e+01   5.3913481e+01   6.5069730e+01   9.7305217e+01   4.8710476e+01   4.4103326e+01   4.7862960e+01   5.2892748e+01   6.2073127e+01   6.7916615e+01   8.5419079e+01   7.7058801e+01   6.7665840e+01   8.0226094e+01   4.2500000e+01   2.7541635e+01   1.9473666e+01   5.2434165e+00   1.7068042e+01   2.0057607e+01   5.2677581e+01   2.9624732e+01   7.6394664e+01   0.0000000e+00   1.1923660e+01   9.2464278e+00   2.0902206e+01   1.7270510e+01   1.6445219e+01   1.5797059e+01   7.2082039e+00   1.3403488e+01   5.2434165e+00   3.8918745e+01
   5.0022722e+01   2.1392582e+01   6.0836556e+01   5.0090826e+01   1.6445219e+01   1.3316006e+01   4.2607007e+01   3.6780160e+01   7.5993377e+01   5.8749464e+01   6.5069730e+01   4.6806047e+01   1.3316006e+01   2.1338666e+01   2.8682441e+01   1.8748288e+01   2.8682441e+01   2.7666155e+01   5.8459037e+01   7.3647112e+01   3.5130189e+01   3.9413365e+01   5.6182134e+01   6.7883232e+01   6.5069730e+01   3.7027387e+01   3.3805405e+01   3.6811155e+01   7.0278220e+01   6.3571388e+01   4.7481379e+01   7.3647112e+01   6.5208964e+01   8.1804981e+01   8.9620705e+01   6.4912732e+01   4.7426407e+00   3.6562446e+01   5.9440648e+01   2.7872431e+01   3.8000000e+01   1.5797059e+01   2.9039446e+01   2.0902206e+01   3.4441125e+01   4.9703658e+01   5.5654329e+01   4.7481379e+01   7.3554774e+01   5.3533009e+01   6.8000000e+01   3.2880550e+01   2.6739284e+01   5.4039705e+01   6.2018290e+01   4.9359492e+01   2.1713203e+01   2.2340330e+01   3.8541020e+00   2.0000000e+01   1.5797059e+01   5.4583269e+01   7.1397814e+01   8.3665498e+01   1.0251103e+02   8.7059228e+01   7.2656081e+01   5.7519733e+01   4.4232139e+01   5.6242713e+01   8.7202076e+01   3.9064880e+01   3.4341543e+01   3.8948017e+01   4.4232139e+01   5.0900893e+01   5.6664936e+01   7.4305488e+01   6.5900688e+01   5.6242713e+01   6.9451070e+01   3.9442265e+01   2.6000000e+01   2.1819006e+01   9.5000000e+00   2.8158633e+01   1.1316654e+01   4.5898238e+01   2.0902206e+01   6.9336763e+01   1.1923660e+01   0.0000000e+00   7.2082039e+00   1.0104686e+01   5.9083269e+00   8.0000000e+00   5.2434165e+00   5.2434165e+00   7.2082039e+00   8.9852814e+00   2.8077164e+01
   5.1455863e+01   2.8077164e+01   6.4316142e+01   5.6323382e+01   1.0562306e+01   1.4329317e+01   3.9615214e+01   3.1423292e+01   7.7935457e+01   5.7420998e+01   6.2073127e+01   5.1256773e+01   1.8562392e+01   2.1976732e+01   3.4208308e+01   1.3916408e+01   2.1976732e+01   2.4686773e+01   5.4687176e+01   7.4137626e+01   4.1442032e+01   4.6120719e+01   6.2889903e+01   7.2905110e+01   7.1254858e+01   4.1987950e+01   3.5517853e+01   4.0129534e+01   7.4594534e+01   6.3785069e+01   4.6806047e+01   7.2656081e+01   6.7732804e+01   8.4954130e+01   9.1815388e+01   5.9593147e+01   7.2082039e+00   3.5032593e+01   6.6020989e+01   3.3534073e+01   4.4616324e+01   2.0624612e+01   3.2880550e+01   1.8809833e+01   2.8158633e+01   4.3766615e+01   5.0789164e+01   4.3164388e+01   6.8910526e+01   5.6020267e+01   6.9516302e+01   3.2035694e+01   3.0872685e+01   5.9478810e+01   6.8016665e+01   5.6000000e+01   2.8158633e+01   2.7666155e+01   5.0000000e+00   1.5574813e+01   9.5000000e+00   5.2288030e+01   6.9336763e+01   8.0127257e+01   1.0382594e+02   8.7474134e+01   7.9332100e+01   6.1780095e+01   4.5249302e+01   5.6323382e+01   8.8694388e+01   4.5624827e+01   4.0888736e+01   4.5624827e+01   5.0923209e+01   5.4270345e+01   6.0236923e+01   7.7469150e+01   6.9189519e+01   6.0743257e+01   7.1951032e+01   3.5292241e+01   2.0902206e+01   1.5349242e+01   4.7426407e+00   2.3347319e+01   1.7992856e+01   4.4180659e+01   2.0902206e+01   6.7883232e+01   9.2464278e+00   7.2082039e+00   0.0000000e+00   1.3316006e+01   1.1000000e+01   8.0000000e+00   1.1923660e+01   5.2434165e+00   4.7426407e+00   9.5000000e+00   3.0872685e+01
   4.0440581e+01   2.0680436e+01   5.1698144e+01   4.5249302e+01   1.7602631e+01   5.2434165e+00   3.6154593e+01   3.4441125e+01   6.6397648e+01   5.0362310e+01   5.8206152e+01   3.8447332e+01   7.2082039e+00   3.0872685e+01   3.4041020e+01   2.6696374e+01   3.2319805e+01   2.1976732e+01   5.2677581e+01   6.4227937e+01   3.0872685e+01   3.8742646e+01   5.5100824e+01   6.0218088e+01   5.9934838e+01   2.9353076e+01   2.4217082e+01   2.7541635e+01   6.1780095e+01   5.4270345e+01   3.8742646e+01   6.4930195e+01   5.5695108e+01   7.2515623e+01   8.0056584e+01   6.1706617e+01   1.4329317e+01   4.6120719e+01   5.6242713e+01   2.1713203e+01   3.8918745e+01   2.3199119e+01   3.6780160e+01   3.0274150e+01   3.4738137e+01   4.8335656e+01   5.1698144e+01   4.2767008e+01   6.8926968e+01   4.4000000e+01   5.8400777e+01   2.4546829e+01   1.8057050e+01   4.7096674e+01   5.6323382e+01   4.6830336e+01   2.4733242e+01   1.5574813e+01   9.2464278e+00   1.7602631e+01   2.1976732e+01   4.7096674e+01   6.3517855e+01   7.7293554e+01   9.2917531e+01   7.7644345e+01   7.0294341e+01   4.8966483e+01   3.4738137e+01   4.7024187e+01   7.7600584e+01   3.6059809e+01   3.1386890e+01   3.7119667e+01   4.2526777e+01   4.1688591e+01   4.7577064e+01   6.5017440e+01   5.6664936e+01   4.7934165e+01   5.9934838e+01   3.4738137e+01   2.3930749e+01   2.3786262e+01   1.7270510e+01   3.6154593e+01   1.4329317e+01   3.8000000e+01   1.2500000e+01   6.0966933e+01   2.0902206e+01   1.0104686e+01   1.3316006e+01   0.0000000e+00   5.2434165e+00   6.5000000e+00   9.6241438e+00   1.4329317e+01   9.6241438e+00   1.8562392e+01   1.8562392e+01
   4.5022466e+01   1.8809833e+01   5.5429500e+01   4.5898238e+01   1.7992856e+01   9.5000000e+00   4.0214607e+01   3.6811155e+01   7.0792247e+01   5.5018346e+01   6.2455629e+01   4.1469501e+01   8.1485293e+00   2.6306976e+01   2.9970324e+01   2.3786262e+01   3.1820920e+01   2.5644582e+01   5.6544625e+01   6.8926968e+01   3.1094117e+01   3.7119667e+01   5.3765843e+01   6.2727406e+01   6.0799254e+01   3.1820920e+01   2.8801943e+01   3.1423292e+01   6.4930195e+01   5.9000000e+01   4.3453463e+01   6.9646583e+01   5.9896970e+01   7.6409486e+01   8.4352549e+01   6.4580028e+01   1.0104686e+01   4.1879343e+01   5.6000000e+01   2.3049945e+01   3.6562446e+01   1.8562392e+01   3.2142535e+01   2.6306976e+01   3.5901271e+01   5.0362310e+01   5.4853013e+01   4.6194639e+01   7.2390542e+01   4.8241491e+01   6.2925956e+01   2.9157460e+01   2.1338666e+01   4.9082404e+01   5.7519733e+01   4.6194639e+01   2.1338666e+01   1.7270510e+01   6.5000000e+00   1.9709373e+01   2.0000000e+01   5.1522054e+01   6.8066634e+01   8.1402719e+01   9.7456176e+01   8.2342837e+01   6.9646583e+01   5.2157526e+01   3.9413365e+01   5.1764022e+01   8.2108823e+01   3.5614100e+01   3.0872685e+01   3.6059809e+01   4.1442032e+01   4.5500000e+01   5.1256773e+01   6.8910526e+01   6.0500000e+01   5.0923209e+01   6.4139610e+01   3.8119809e+01   2.6044080e+01   2.3978714e+01   1.4329317e+01   3.3260495e+01   1.0562306e+01   4.2526777e+01   1.7068042e+01   6.5624880e+01   1.7270510e+01   5.9083269e+00   1.1000000e+01   5.2434165e+00   0.0000000e+00   6.8639610e+00   5.0000000e+00   1.0562306e+01   8.5777472e+00   1.4329317e+01   2.2799103e+01
   4.4103326e+01   2.5101829e+01   5.6884838e+01   5.1101383e+01   1.1923660e+01   6.8639610e+00   3.5130189e+01   3.0500000e+01   7.0503571e+01   5.1433781e+01   5.7578893e+01   4.4180659e+01   1.2869317e+01   2.8077164e+01   3.5614100e+01   2.1338666e+01   2.6394015e+01   2.0229420e+01   5.1101383e+01   6.7127697e+01   3.6562446e+01   4.3401049e+01   5.9991596e+01   6.6106783e+01   6.5849063e+01   3.5292241e+01   2.8077164e+01   3.2706366e+01   6.7397309e+01   5.6884838e+01   4.0355991e+01   6.6448844e+01   6.0236923e+01   7.7469150e+01   8.4352549e+01   5.8381344e+01   1.1420165e+01   4.2204316e+01   6.1780095e+01   2.7666155e+01   4.2926407e+01   2.3199119e+01   3.6531236e+01   2.6044080e+01   2.9624732e+01   4.4000000e+01   4.8803727e+01   4.0355991e+01   6.6517043e+01   4.8523432e+01   6.2164414e+01   2.5644582e+01   2.3786262e+01   5.3085644e+01   6.2291990e+01   5.2157526e+01   2.7541635e+01   2.1553503e+01   5.2434165e+00   1.3403488e+01   1.6160460e+01   4.7096674e+01   6.3944858e+01   7.6231433e+01   9.6546864e+01   8.0507812e+01   7.5634879e+01   5.4583269e+01   3.8000000e+01   4.9474483e+01   8.1360992e+01   4.1469501e+01   3.6749138e+01   4.2177332e+01   4.7577064e+01   4.6830336e+01   5.2828291e+01   6.9987409e+01   6.1724995e+01   5.3660135e+01   6.4457017e+01   3.2284430e+01   1.9709373e+01   1.8057050e+01   1.2215375e+01   3.0686918e+01   1.6724981e+01   3.8476967e+01   1.3916408e+01   6.2000000e+01   1.6445219e+01   8.0000000e+00   8.0000000e+00   6.5000000e+00   6.8639610e+00   0.0000000e+00   1.0562306e+01   1.0562306e+01   3.8541020e+00   1.5273287e+01   2.3396506e+01
   4.8873546e+01   1.6655494e+01   5.8128118e+01   4.5524993e+01   2.0680436e+01   1.4000000e+01   4.4641817e+01   4.0440581e+01   7.4305488e+01   5.9478810e+01   6.6924769e+01   4.3479646e+01   1.0104686e+01   2.2799103e+01   2.5644582e+01   2.3049945e+01   3.3397568e+01   2.9970324e+01   6.0892466e+01   7.2998276e+01   3.0537477e+01   3.4738137e+01   5.1500000e+01   6.4068860e+01   6.0518747e+01   3.3397568e+01   3.2706366e+01   3.4441125e+01   6.6941704e+01   6.3177747e+01   4.7862960e+01   7.4045904e+01   6.3159796e+01   7.9246428e+01   8.7706651e+01   6.8415389e+01   8.1485293e+00   3.8918745e+01   5.4707933e+01   2.3786262e+01   3.3534073e+01   1.4083078e+01   2.7666155e+01   2.3978714e+01   3.8742646e+01   5.3702444e+01   5.8865229e+01   5.0362310e+01   7.6542751e+01   5.1588159e+01   6.6653231e+01   3.3636083e+01   2.3930749e+01   4.9977268e+01   5.7578893e+01   4.4616324e+01   1.7602631e+01   1.8624569e+01   8.0000000e+00   2.3396506e+01   2.0512496e+01   5.6020267e+01   7.2562473e+01   8.5828776e+01   1.0117895e+02   8.6406926e+01   6.7916615e+01   5.4270345e+01   4.3453463e+01   5.6000000e+01   8.5789214e+01   3.4341543e+01   2.9624732e+01   3.4208308e+01   3.9500000e+01   4.8335656e+01   5.3913481e+01   7.1761841e+01   6.3303264e+01   5.2828291e+01   6.7397309e+01   4.2285165e+01   2.9624732e+01   2.6306976e+01   1.4083078e+01   3.2319805e+01   6.8639610e+00   4.7024187e+01   2.1553503e+01   7.0084481e+01   1.5797059e+01   5.2434165e+00   1.1923660e+01   9.6241438e+00   5.0000000e+00   1.0562306e+01   0.0000000e+00   9.5000000e+00   1.1106602e+01   1.1923660e+01   2.6306976e+01
   5.3913481e+01   2.5238634e+01   6.5399923e+01   5.4520829e+01   1.5273287e+01   1.6724981e+01   4.4025854e+01   3.6154593e+01   8.0113127e+01   6.1282399e+01   6.6517043e+01   5.1522054e+01   1.8057050e+01   1.8057050e+01   2.9624732e+01   1.4083078e+01   2.5464975e+01   2.9039446e+01   5.9306887e+01   7.7161594e+01   3.9528835e+01   4.2846783e+01   5.9593147e+01   7.2624892e+01   6.9516302e+01   4.1770449e+01   3.7759227e+01   4.1304412e+01   7.4988254e+01   6.6941704e+01   5.0362310e+01   7.6394664e+01   6.9516302e+01   8.6302098e+01   9.3838095e+01   6.4316142e+01   2.6213203e+00   3.2390437e+01   6.3464276e+01   3.2566337e+01   4.0888736e+01   1.5943445e+01   2.8158633e+01   1.6445219e+01   3.2601402e+01   4.8359168e+01   5.5531809e+01   4.7862960e+01   7.3647112e+01   5.7814920e+01   7.1951032e+01   3.5614100e+01   3.1386890e+01   5.8749464e+01   6.6568147e+01   5.3256516e+01   2.4217082e+01   2.7080068e+01   5.9083269e+00   2.0229420e+01   1.1923660e+01   5.6504464e+01   7.3493150e+01   8.4714013e+01   1.0640680e+02   9.0549986e+01   7.6394664e+01   6.2219122e+01   4.7934165e+01   5.9536006e+01   9.1160079e+01   4.3164388e+01   3.8476967e+01   4.2740384e+01   4.7934165e+01   5.5429500e+01   6.1245370e+01   7.8802299e+01   7.0423172e+01   6.0966933e+01   7.3754693e+01   3.9958839e+01   2.5644582e+01   1.9709373e+01   5.2434165e+00   2.3445588e+01   1.4730249e+01   4.8170746e+01   2.3978714e+01   7.1809186e+01   7.2082039e+00   5.2434165e+00   5.2434165e+00   1.4329317e+01   1.0562306e+01   1.0562306e+01   9.5000000e+00   0.0000000e+00   8.1485293e+00   5.2434165e+00   3.2390437e+01
   4.7217235e+01   2.6739284e+01   6.0236923e+01   5.3765843e+01   1.0104686e+01   1.0104686e+01   3.6500000e+01   3.0084624e+01   7.3693237e+01   5.3660135e+01   5.9000000e+01   4.7481379e+01   1.5574813e+01   2.5644582e+01   3.5389110e+01   1.7992856e+01   2.3786262e+01   2.1500000e+01   5.2048521e+01   6.9987409e+01   3.9064880e+01   4.5022466e+01   6.1724995e+01   6.9336763e+01   6.8597357e+01   3.8476967e+01   3.1277427e+01   3.6059809e+01   7.0728199e+01   5.9669249e+01   4.2846783e+01   6.8811785e+01   6.3517855e+01   8.0802553e+01   8.7577552e+01   5.8206152e+01   9.5000000e+00   3.9210464e+01   6.4068860e+01   3.0537477e+01   4.4103326e+01   2.2340330e+01   3.5292241e+01   2.3000000e+01   2.8158633e+01   4.3138011e+01   4.8966483e+01   4.0888736e+01   6.6907831e+01   5.1807894e+01   6.5278469e+01   2.8077164e+01   2.7080068e+01   5.6182134e+01   6.5156786e+01   5.4270345e+01   2.8158633e+01   2.4500000e+01   3.8541020e+00   1.3316006e+01   1.2869317e+01   4.8873546e+01   6.5849063e+01   7.7366768e+01   9.9602220e+01   8.3340208e+01   7.7717226e+01   5.7912978e+01   4.1027768e+01   5.2222819e+01   8.4459812e+01   4.3688540e+01   3.8948017e+01   4.4103326e+01   4.9474483e+01   5.0181485e+01   5.6182134e+01   7.3323417e+01   6.5069730e+01   5.6964591e+01   6.7732804e+01   3.2880550e+01   1.9294946e+01   1.5943445e+01   8.9852814e+00   2.7332816e+01   1.7470563e+01   4.0524992e+01   1.6724981e+01   6.4174956e+01   1.3403488e+01   7.2082039e+00   4.7426407e+00   9.6241438e+00   8.5777472e+00   3.8541020e+00   1.1106602e+01   8.1485293e+00   0.0000000e+00   1.2869317e+01   2.6739284e+01
   5.8400777e+01   2.6044080e+01   6.9205895e+01   5.6081022e+01   1.9053975e+01   2.1338666e+01   4.8593659e+01   3.9873214e+01   8.4459812e+01   6.6020989e+01   7.1063801e+01   5.4853013e+01   2.1338666e+01   1.3316006e+01   2.7037709e+01   1.2869317e+01   2.7037709e+01   3.3636083e+01   6.3660510e+01   8.1804981e+01   4.1110959e+01   4.2740384e+01   5.9326015e+01   7.5469994e+01   7.1063801e+01   4.4819860e+01   4.2204316e+01   4.5249302e+01   7.8326731e+01   7.1619618e+01   5.5100824e+01   8.1138080e+01   7.3693237e+01   9.0224579e+01   9.8103791e+01   6.7916615e+01   4.7426407e+00   2.8077164e+01   6.4139610e+01   3.5130189e+01   4.0101136e+01   1.3227922e+01   2.4217082e+01   1.2593387e+01   3.5485711e+01   5.1500000e+01   5.9440648e+01   5.2048521e+01   7.7629761e+01   6.2018290e+01   7.6409486e+01   4.0355991e+01   3.5032593e+01   6.1282399e+01   6.8415389e+01   5.3765843e+01   2.3347319e+01   3.0046573e+01   1.0562306e+01   2.4546829e+01   1.3227922e+01   6.1171245e+01   7.8182044e+01   8.9114333e+01   1.1090041e+02   9.5202165e+01   7.6542751e+01   6.5624880e+01   5.2504807e+01   6.4227937e+01   9.5617033e+01   4.4103326e+01   3.9528835e+01   4.3164388e+01   4.8170746e+01   5.9306887e+01   6.5017440e+01   8.2726820e+01   7.4305488e+01   6.4227937e+01   7.7935457e+01   4.4232139e+01   2.9624732e+01   2.2647235e+01   7.2082039e+00   2.1500000e+01   1.5500000e+01   5.2892748e+01   2.8682441e+01   7.6542751e+01   5.2434165e+00   8.9852814e+00   9.5000000e+00   1.8562392e+01   1.4329317e+01   1.5273287e+01   1.1923660e+01   5.2434165e+00   1.2869317e+01   0.0000000e+00   3.6562446e+01
   2.3347319e+01   2.7500000e+01   3.4041020e+01   3.8000000e+01   3.1423292e+01   1.7270510e+01   3.2319805e+01   3.9873214e+01   4.8523432e+01   3.8742646e+01   5.0811529e+01   2.3000000e+01   1.7270510e+01   4.8523432e+01   4.6120719e+01   4.4232139e+01   4.6120719e+01   2.4217082e+01   4.8523432e+01   4.7934165e+01   2.7541635e+01   4.0888736e+01   5.4583269e+01   4.5500000e+01   5.0811529e+01   1.7270510e+01   8.0000000e+00   9.9868330e+00   4.5249302e+01   3.8742646e+01   2.6696374e+01   5.1500000e+01   3.7638255e+01   5.4583269e+01   6.2054854e+01   6.2600725e+01   3.2319805e+01   6.4139610e+01   5.1455863e+01   1.7270510e+01   4.3792609e+01   3.8742646e+01   5.1764022e+01   4.8335656e+01   4.4232139e+01   5.3702444e+01   5.1807894e+01   4.2204316e+01   6.6397648e+01   2.5955844e+01   4.0888736e+01   1.7470563e+01   7.2082039e+00   3.4705263e+01   4.6194639e+01   4.4309246e+01   3.5292241e+01   1.4083078e+01   2.7206741e+01   2.7541635e+01   3.8742646e+01   3.8742646e+01   5.2892748e+01   7.0278220e+01   7.5394926e+01   6.1245370e+01   6.6295137e+01   3.2566337e+01   1.8748288e+01   3.2142535e+01   5.9991596e+01   3.4208308e+01   3.0686918e+01   3.7395122e+01   4.2177332e+01   2.3978714e+01   3.0046573e+01   4.7096674e+01   3.8830797e+01   3.2142535e+01   4.1879343e+01   3.5485711e+01   3.2142535e+01   3.6996575e+01   3.5032593e+01   5.3533009e+01   2.8077164e+01   2.9353076e+01   1.4000000e+01   4.8873546e+01   3.8918745e+01   2.8077164e+01   3.0872685e+01   1.8562392e+01   2.2799103e+01   2.3396506e+01   2.6306976e+01   3.2390437e+01   2.6739284e+01   3.6562446e+01   0.0000000e+00
