   0.0000000e+00   8.7983813e-01   7.6286181e-01   1.2075009e-01   9.9573229e-01   7.4715976e-01   9.8515941e-01   3.9351653e-01   9.8494811e-01   7.2728841e-01   5.6953196e-01   3.1955418e-01   3.4497056e-01   2.0867356e-01   1.6836906e-01   1.9113074e-01   1.1462496e-01   8.4684927e-01   8.3195895e-01   9.2691033e-01   4.0378634e-01   9.9574887e-01   9.1648840e-01   7.4763164e-01   7.7744890e-03   3.7140985e-01   3.4017046e-01   1.7343620e-01   9.9987496e-01   3.5410045e-01   5.3798231e-01   7.7194570e-01   8.7209844e-01   6.6110602e-02   8.5921449e-01   8.8737896e-01   3.7106050e-01   8.0731817e-02   8.6746692e-01   8.7423572e-01   9.6401616e-01   8.2376298e-01   5.0094178e-01   6.8021277e-01   5.2921872e-01   6.6571469e-01   2.3341700e-02   8.7317455e-01   6.4388334e-01   2.5666157e-02   9.5209172e-01   9.8715497e-01   7.0324986e-02   4.4643782e-01   5.4520202e-01   8.5973638e-01   4.5919365e-01   6.9190274e-01   6.2652833e-01   7.5617171e-01   1.3868634e-02   5.8418502e-01   1.4566378e-01   7.9978282e-01   8.0613175e-01   8.1762226e-01   8.0508911e-01   4.5179162e-01   7.3586121e-01   4.9043533e-01   7.8472815e-01   6.2338557e-01   9.1434909e-02   9.8129920e-01   3.4197695e-01   3.2791812e-01   4.8149028e-01   2.0098315e-01   4.2025208e-01   7.0694879e-01   3.8345082e-01   4.8400553e-01   4.3775338e-01   3.6872877e-01   6.0951143e-01   8.6538272e-01   2.3954966e-01   8.0193689e-01   5.9518679e-01   3.1626029e-01   1.4249315e-01   1.9166056e-02   7.5048841e-01   6.6374812e-01   9.2793939e-01   6.9924602e-01   6.0956527e-01   6.1950140e-02   3.1378781e-01   9.4638001e-01   8.8908826e-01
   3.9005443e-01   0.0000000e+00   8.1119876e-01   8.1721054e-01   4.8797271e-01   4.7501065e-02   4.3557892e-01   2.0081969e-01   3.9073551e-01   3.4393766e-01   3.9455180e-02   6.4834293e-01   3.5925755e-01   6.5474275e-01   7.7080022e-01   5.7963982e-01   8.9350142e-01   9.9685995e-01   7.1310601e-01   7.6535474e-01   7.4334526e-01   8.9977370e-01   6.5110448e-02   8.0409549e-02   2.3011696e-01   6.2929568e-01   6.2564585e-01   7.3688008e-01   3.6601798e-01   5.4158695e-01   1.7135760e-01   3.4766549e-01   8.3132384e-01   2.5109045e-01   3.0495350e-01   9.4821006e-01   4.8345528e-01   3.2318365e-02   9.6469891e-01   7.1475711e-01   1.9996779e-01   6.8838895e-01   5.5177274e-01   2.1315786e-01   3.9535203e-01   1.7275976e-01   8.8523724e-01   7.4039829e-01   4.4080583e-01   2.6797348e-01   6.6167927e-01   5.4109850e-01   9.2030781e-01   4.0885858e-01   1.4246615e-01   8.2768549e-01   9.4054381e-01   2.0594709e-01   4.4049822e-01   6.2169274e-01   4.3927053e-01   5.9556699e-02   6.2989441e-01   8.2497187e-01   8.7062181e-01   8.8830004e-01   9.8860809e-01   5.4859905e-01   7.5119858e-02   1.3451643e-02   3.3214554e-01   7.1718817e-01   2.8493128e-02   9.6126561e-01   1.2134552e-01   7.7488615e-01   3.6040067e-01   4.2769759e-01   1.8286640e-01   5.4784864e-01   7.0336186e-01   5.4492106e-01   1.4528342e-01   9.5439728e-01   6.5046247e-01   6.1253509e-01   3.0365261e-01   8.8991032e-01   3.1476368e-01   8.5721397e-01   8.2069146e-01   1.1110693e-01   7.7398992e-01   4.7298578e-01   1.3794739e-01   8.0895295e-01   7.1920367e-01   9.7768969e-01   5.3558297e-01   2.9637569e-01   1.3573584e-01
   2.2183676e-01   8.0568859e-01   0.0000000e+00   6.0891541e-01   8.4232945e-01   1.8955427e-01   1.3130008e-02   2.3730770e-01   5.0442588e-01   7.1047929e-01   8.0203022e-01   7.8951805e-01   6.6257940e-01   1.6201169e-01   2.7438960e-02   8.3814611e-01   8.6683527e-01   6.5725949e-01   2.1902822e-01   2.4128878e-01   4.0701228e-01   8.4841261e-01   2.0114320e-01   1.7877001e-01   2.7689590e-02   4.9471880e-01   5.7755818e-02   3.0182083e-01   7.6595190e-01   1.1796279e-01   8.9956966e-01   7.7415444e-01   8.4868205e-01   8.1757474e-01   5.6910409e-02   8.1069230e-02   7.3001700e-01   5.9423759e-01   7.2465568e-01   2.5147084e-01   3.1918481e-01   3.9583908e-01   5.1491739e-01   3.6413245e-01   8.2216074e-01   5.0416553e-01   5.2389959e-01   8.8769139e-01   1.0602994e-01   7.2585627e-01   9.1064019e-01   1.7286663e-02   1.4280708e-01   5.5946010e-01   9.8975743e-02   6.3370899e-01   8.6866398e-01   1.4726509e-01   6.7924509e-01   9.7215304e-01   1.3538582e-01   8.2730429e-01   8.8946300e-01   4.6274985e-01   1.1252897e-01   4.0606932e-01   6.0682212e-01   7.4012903e-02   5.7007084e-01   8.1568016e-01   1.9052771e-01   1.3083413e-02   8.0124729e-01   1.3714362e-02   6.6070971e-01   2.8101276e-02   5.4061134e-01   2.9263182e-01   9.9379181e-01   1.9111914e-01   3.8505654e-01   5.2893573e-02   4.7264579e-01   3.7732246e-01   1.6478956e-01   7.2948830e-01   7.7914744e-01   6.6456879e-01   5.4932477e-01   8.5131143e-01   6.7722200e-01   2.5883563e-01   4.3891227e-01   4.4043926e-01   7.4244554e-01   2.7866592e-01   8.9396514e-01   7.0831139e-01   8.2328664e-01   1.5367239e-01   2.4583337e-01
   2.6373612e-01   7.7318410e-02   7.8655331e-01   0.0000000e+00   7.9365458e-01   9.1755499e-01   3.3357981e-01   1.8162485e-03   8.0360569e-01   4.8090714e-01   4.5284832e-01   8.8568530e-01   9.6705451e-01   8.1344271e-01   2.0390444e-01   1.5058634e-01   6.0093052e-01   4.5002337e-01   9.6690202e-01   9.9800191e-01   8.2729862e-01   5.1900002e-01   1.8146694e-01   7.7077509e-01   2.4459440e-01   7.8877614e-02   8.2773047e-01   3.1891758e-01   4.0416610e-01   7.6818602e-01   7.7622940e-01   5.8055724e-01   2.9037675e-01   9.8640863e-01   4.6408807e-02   2.1036459e-02   5.6921413e-01   7.0484559e-01   7.1342143e-01   4.5089260e-01   7.3857537e-01   6.1622233e-01   6.0753274e-01   8.3298995e-01   9.7986526e-01   1.0190503e-01   3.1036115e-01   5.5607609e-01   7.3232583e-01   1.0559818e-01   1.2655045e-01   8.2086987e-01   3.6151055e-01   7.6855718e-01   7.6850035e-01   7.9701198e-01   9.4031164e-01   3.9389689e-01   7.3106792e-01   2.1862160e-01   1.7413798e-01   9.8334868e-01   3.1211106e-01   5.5275914e-01   8.8380502e-01   3.7165130e-01   8.0059696e-01   3.0257183e-01   6.0367859e-01   9.6532474e-01   4.7486765e-01   6.9442625e-01   4.9257305e-01   9.5166153e-01   2.5779257e-01   8.2286203e-01   4.0807877e-01   4.4380720e-01   2.6061779e-01   2.1221418e-01   8.7122245e-01   8.4052762e-01   8.1588034e-01   1.7461075e-01   6.2967539e-01   2.6480841e-01   1.2209603e-01   6.0817247e-01   9.4913144e-01   6.8918499e-01   2.8720580e-01   6.1116705e-01   9.3282317e-02   4.2950488e-01   6.7180722e-01   8.4929925e-02   3.0687666e-01   2.8972316e-01   1.3146233e-01   8.8951089e-02   3.6578257e-01
   8.5875841e-01   6.3169413e-01   9.9911678e-01   6.7118234e-01   0.0000000e+00   1.8501776e-02   2.7209381e-01   4.4797923e-01   9.6420111e-01   1.8502280e-02   9.3288332e-01   3.6085364e-02   4.1328204e-01   7.8484928e-01   2.4012331e-01   7.7968345e-01   7.8388348e-01   2.2999503e-01   8.2427321e-01   3.1766970e-01   9.3028642e-01   1.8405501e-02   9.4768480e-01   9.5618223e-01   6.2304487e-01   7.6826162e-01   4.6691343e-01   8.5886369e-01   8.8204558e-01   3.3287200e-01   7.4974842e-01   6.3872197e-01   8.9051824e-01   1.3895267e-01   1.6287326e-01   6.7371028e-01   6.4282716e-01   5.2606895e-01   4.1993451e-01   3.6011606e-02   2.9746917e-02   7.3387386e-01   5.5499641e-02   9.0767384e-01   3.2455308e-01   5.2859091e-01   1.5978289e-01   5.6873799e-01   1.7107867e-01   3.0444733e-01   3.1490743e-01   5.1965757e-02   8.9473877e-01   5.1163536e-01   5.2252246e-01   6.9098134e-01   5.7253747e-01   2.3349762e-02   8.4412013e-01   9.8693084e-01   4.7812738e-01   1.2213691e-01   4.0571321e-01   2.8641049e-01   7.7935280e-01   5.3956522e-01   7.3175713e-01   1.3778483e-01   1.5171805e-01   1.9727538e-01   8.0420489e-01   8.9772177e-01   9.6260134e-01   5.3296443e-01   4.8095606e-01   5.2432303e-01   7.4012127e-02   3.3662816e-01   4.3412134e-01   1.9015019e-01   2.8584093e-02   3.4770397e-01   2.0856961e-01   4.4534439e-01   8.8320278e-01   1.2799343e-01   5.6361677e-01   3.3929858e-02   4.3526303e-01   9.0495435e-01   7.6335062e-01   6.4254303e-02   3.8830361e-01   1.0625072e-01   9.2590017e-01   2.2409804e-02   9.0904854e-01   5.0570531e-01   6.5781792e-01   5.0579341e-01   3.4370988e-01
   1.8679577e-02   9.2745338e-02   9.7671145e-01   2.1055163e-02   8.3830776e-01   0.0000000e+00   4.2854491e-01   8.3980906e-02   5.6915087e-01   1.8855103e-01   8.0752280e-01   7.0234215e-01   8.7773598e-01   3.7913689e-01   4.3766822e-01   6.7496981e-01   6.8697277e-01   2.2456775e-01   2.7524452e-01   5.3912426e-01   5.3434733e-01   5.7802442e-02   1.4915106e-01   4.5155124e-01   8.5522367e-01   4.5777262e-01   3.4424558e-01   1.9915561e-01   7.4252670e-01   4.7490824e-01   6.8312246e-01   8.3872238e-01   5.4386957e-01   6.7427189e-01   9.4632445e-01   9.8074495e-01   3.5628310e-01   9.3776598e-01   8.3761785e-01   2.0180960e-01   6.7927867e-01   7.1244775e-01   3.0070829e-01   6.7344693e-01   2.7408074e-01   1.1364960e-01   1.2709405e-01   3.5431895e-01   1.9994368e-01   7.5165242e-01   7.3503236e-01   7.7565163e-01   6.6025511e-01   5.0368502e-01   7.7897971e-01   9.3658243e-01   8.8899492e-01   2.2378429e-01   8.0934495e-01   3.8115455e-01   8.9779048e-01   5.5054035e-01   1.1932081e-01   5.4394130e-01   6.5398059e-01   5.8726004e-01   7.7076803e-01   1.4853883e-01   5.7800006e-01   6.7179600e-01   3.1350062e-01   7.1341493e-01   3.3509685e-01   7.9012309e-01   9.8168431e-01   8.5863677e-01   7.2014371e-01   5.2708546e-01   8.1239582e-01   4.2015195e-01   1.7705675e-02   3.0422312e-01   9.1209233e-03   1.5526246e-01   9.3662799e-01   9.6702810e-01   8.8816563e-01   1.5571036e-01   5.7748346e-01   8.7315714e-01   6.6105015e-01   6.7106918e-02   3.5565316e-02   5.3948325e-01   2.0932195e-01   2.0143049e-01   5.5215445e-01   7.9229224e-01   7.5817241e-01   8.8606481e-01   8.5514967e-01
   7.1802698e-01   1.7332293e-01   4.8340538e-01   5.6827847e-01   4.4520275e-01   9.7624404e-01   0.0000000e+00   9.1704985e-01   1.1147156e-01   4.4130580e-01   9.4640034e-01   7.1639962e-01   2.5210530e-01   7.7072724e-02   1.3962576e-01   4.0979525e-01   7.8008720e-01   9.3648115e-01   5.4459415e-01   9.8488411e-01   4.2835908e-01   2.0934719e-03   8.9186949e-02   6.3792183e-01   5.5298789e-01   2.0854141e-01   2.3623027e-01   9.7626331e-01   2.7495442e-01   6.3492885e-01   1.0803115e-01   5.6435595e-01   8.7983962e-01   3.8199981e-01   4.9957796e-01   8.5503917e-01   7.3998606e-01   9.7394587e-01   9.5609001e-03   5.5098568e-01   8.5174456e-01   1.8370691e-01   8.2257771e-01   9.8782093e-01   6.1979367e-01   2.6746397e-01   3.9559943e-01   8.3329076e-01   7.3762408e-01   9.5030031e-01   8.9139075e-01   3.1640198e-01   6.2624357e-01   8.9330202e-01   8.1812704e-01   1.2128256e-02   7.3148740e-01   4.9228326e-02   4.1441264e-01   9.5595944e-01   6.8651965e-01   9.5645959e-01   6.4837348e-02   8.7452954e-01   1.5898652e-01   9.1286563e-01   5.2704153e-01   9.9891537e-01   9.8897322e-01   1.9547507e-01   3.2096130e-01   3.5335509e-01   8.9870538e-01   9.4970882e-01   8.4951212e-01   6.9770655e-01   3.9231621e-01   9.7628320e-01   4.1515236e-01   4.1177315e-01   3.2971301e-01   9.7750848e-01   3.0133421e-01   1.6987638e-01   2.3070877e-01   3.8913280e-01   8.6014809e-01   6.9808748e-01   6.4626386e-01   8.4016497e-01   6.2357655e-02   4.3826662e-01   9.3439696e-01   8.7203267e-01   5.2873312e-01   3.2668393e-01   1.1994182e-01   8.5427170e-01   5.2654061e-01   3.2979296e-02   7.0423433e-01
   1.7581942e-01   2.8818344e-01   1.2035943e-01   8.2951219e-01   4.0408211e-01   8.1842617e-02   7.1029378e-01   0.0000000e+00   7.3097474e-01   9.0625471e-01   7.8796500e-01   1.0738485e-01   9.8327524e-01   7.1809422e-01   4.1826678e-01   4.7569669e-01   6.1238175e-01   5.8211742e-01   6.0659698e-01   2.3126610e-01   1.9934138e-01   4.7260570e-01   9.3598563e-02   8.5135332e-01   4.4354518e-01   4.6132920e-01   6.7812672e-01   9.2516169e-01   9.2387559e-01   3.8893449e-01   8.1514514e-01   8.4178975e-01   3.7404419e-01   2.1574245e-01   8.3236048e-01   2.4875522e-01   1.6489131e-01   8.9306398e-01   5.2868954e-01   3.8416864e-02   1.9233977e-01   9.9242479e-02   3.9164831e-01   4.6752738e-01   9.6530884e-02   8.9567947e-01   6.2645980e-02   7.3330243e-01   7.1544483e-01   2.5025690e-01   6.0128254e-01   6.7764902e-01   9.5744804e-01   2.5598973e-01   2.9840352e-01   1.5139728e-01   7.2826529e-01   3.7812376e-01   1.3469159e-01   5.2379664e-01   9.1693840e-02   1.6178409e-01   7.2746934e-01   4.6179714e-01   9.3511105e-01   3.1513842e-01   4.1351151e-01   6.0664008e-01   1.1539767e-01   9.2793009e-01   1.4609531e-01   1.6581569e-01   3.2506774e-02   1.9634831e-01   6.2127156e-01   3.8982586e-01   6.2535437e-01   9.4577193e-02   4.5426169e-01   3.1439450e-01   6.7895839e-01   3.6311191e-01   7.9833975e-01   5.9647978e-01   6.0984241e-01   2.3285512e-01   1.8852118e-01   9.2044380e-01   3.9486331e-01   8.0190853e-01   9.4781203e-01   9.9666157e-01   7.5040104e-01   8.1628384e-01   2.0287787e-01   4.3261584e-01   4.5750602e-02   2.7689903e-01   1.8487333e-01   5.9225533e-01   6.6568469e-01
   3.6846304e-01   5.6395996e-01   4.1680406e-01   1.9484323e-01   4.0170848e-01   8.3972897e-01   4.4816715e-02   3.7775819e-01   0.0000000e+00   9.3959996e-01   8.6323145e-01   2.3465297e-01   6.5210535e-01   4.3916788e-01   2.0059937e-01   5.9592539e-01   1.6718790e-01   6.7383800e-01   2.2350522e-01   3.3248187e-01   5.9061064e-01   1.6788708e-01   4.2739741e-01   1.9563568e-01   2.5466745e-01   9.5114513e-01   9.4432631e-01   1.6015241e-01   7.5810005e-01   1.0191682e-01   6.3989869e-01   5.4810119e-01   7.3164068e-01   6.2576613e-01   4.5589025e-01   3.3490561e-01   8.9960524e-01   5.2787021e-01   8.5026407e-01   8.7279753e-01   3.8860942e-02   8.0632734e-01   3.0460510e-01   6.5477258e-01   7.0448286e-01   7.5271912e-01   3.5849606e-01   1.8063657e-01   1.7290132e-01   2.6306385e-01   1.6518386e-01   8.0903121e-02   5.6957795e-01   8.5116860e-01   1.5561990e-02   5.3111828e-01   3.8944771e-01   7.1562344e-01   1.3307679e-01   7.7351826e-01   5.9908091e-01   2.6646452e-01   6.7508250e-01   8.6025364e-01   2.4577925e-01   3.0633856e-01   6.5822645e-01   5.9146261e-02   4.8375199e-02   9.1851533e-01   6.6510807e-01   8.7007948e-01   6.7134969e-01   3.7876485e-01   3.3704828e-01   6.3011242e-02   4.8541525e-01   5.7178550e-02   3.8170219e-01   4.2194979e-01   9.6782667e-01   5.9622404e-01   2.2437424e-01   9.8628704e-01   9.7150847e-01   9.9070259e-01   6.9133970e-01   5.3482857e-01   8.6829127e-01   5.5663920e-01   9.6874380e-01   4.4612557e-01   5.8500286e-01   4.6275319e-01   6.8214499e-02   5.9559490e-01   4.2501272e-02   8.9052071e-01   5.2313743e-02   4.2165838e-01   5.2417499e-01
   8.3953575e-01   2.4482385e-01   6.3549852e-01   2.2523492e-01   8.7787260e-01   9.6296733e-01   1.4094761e-01   6.8719655e-01   9.2367583e-01   0.0000000e+00   9.7524338e-01   5.5678135e-01   2.1581936e-01   9.4059204e-01   7.8603928e-01   8.8930344e-01   7.2510021e-01   7.0398347e-01   6.0172838e-01   6.3530833e-02   4.4906631e-01   7.7116667e-01   2.1055647e-01   6.2792398e-01   9.8806921e-01   8.9845714e-01   1.0094118e-01   6.9638805e-01   8.0476214e-01   7.1138707e-01   7.3228710e-01   5.4383910e-01   5.4054893e-01   3.3143450e-01   7.7637387e-01   5.2909750e-01   2.2466168e-01   4.8069913e-01   5.9995788e-01   5.3072422e-01   1.8962812e-01   5.3514697e-01   4.7341347e-01   8.1354946e-01   4.9287225e-02   1.6655636e-01   4.1993635e-01   1.3650538e-01   1.9604637e-01   7.8538843e-01   3.9536994e-01   5.1331632e-01   2.8622876e-01   5.7872463e-01   9.6756009e-01   9.4735462e-01   8.3266835e-01   7.1107862e-01   5.6026447e-01   2.4620559e-01   3.2682498e-01   2.4921899e-01   4.7386287e-01   5.8967186e-02   6.3385398e-01   6.0774513e-01   2.3213840e-01   9.5191902e-01   1.6428990e-02   2.9696626e-01   6.3205549e-01   1.5389210e-01   4.5725605e-01   8.4741959e-01   4.6035614e-01   7.4219618e-01   3.5010796e-01   3.3503407e-01   7.6628852e-01   7.7057790e-01   7.9730505e-01   4.3361718e-01   8.2934584e-01   3.9850176e-01   8.2599209e-01   4.0167813e-01   1.4384999e-01   8.9220304e-01   7.2452939e-01   7.5243838e-01   2.3886364e-01   1.8909372e-01   6.4137338e-01   5.1509677e-01   8.1821435e-01   6.5970239e-02   3.8031566e-02   5.1896377e-01   4.2373409e-01   9.0914149e-01   8.4642784e-01
   8.3879318e-01   8.1705936e-01   5.4296355e-01   5.4113145e-01   4.6461460e-01   2.2268847e-01   7.2963219e-01   6.5351298e-01   4.5017469e-01   6.1129757e-01   0.0000000e+00   3.6067426e-01   2.1611433e-01   5.4566099e-01   4.4485056e-01   5.3387298e-01   1.9605845e-01   6.5962756e-01   8.4095828e-01   8.0262793e-01   8.1022396e-02   3.9942811e-04   5.4917977e-01   9.3011576e-01   4.8897947e-01   4.2206778e-01   6.9977402e-01   2.9156148e-01   3.3329526e-01   2.3479022e-01   3.4464385e-02   9.2071940e-01   7.5382185e-01   6.7315761e-01   2.0818124e-01   4.6099059e-01   8.1553996e-01   2.2156497e-01   6.3122024e-01   9.8865321e-01   5.0998619e-01   1.3950463e-01   4.1936223e-01   5.8820040e-01   5.9362868e-01   1.6483456e-01   1.9515353e-01   6.5561793e-01   8.4715281e-01   7.9425790e-01   8.5872801e-01   6.1316544e-01   1.5069785e-01   5.9736034e-01   4.4585581e-01   2.5407164e-01   4.0881322e-01   7.0390379e-01   4.8649523e-02   4.8029125e-01   7.1515431e-01   3.2677131e-01   9.8152890e-01   6.9645686e-01   2.6264382e-01   7.6448811e-01   8.4365063e-01   5.3007197e-01   3.1065437e-01   5.1641665e-01   3.6042516e-01   8.1830722e-01   6.1249405e-01   6.2977881e-01   3.2609644e-01   9.0996066e-01   5.0193944e-01   3.3438332e-01   2.5447213e-01   8.2821088e-01   5.8363674e-01   6.9084314e-01   2.3609622e-01   7.0963457e-01   7.7573053e-01   9.9956173e-01   5.8070439e-01   6.5594799e-02   1.1892322e-02   9.1547706e-01   2.6485497e-01   1.1168091e-01   1.8499374e-01   4.5645717e-01   4.5112587e-01   8.3614709e-01   2.7706238e-01   7.5164478e-01   2.8308616e-01   3.8209702e-01   1.4217384e-01
   9.9355764e-01   6.9900821e-02   4.9255402e-01   1.1386920e-01   8.1533646e-01   5.9199211e-02   8.7968762e-02   2.6491298e-01   8.3810706e-01   8.9128977e-01   1.7219983e-02   0.0000000e+00   1.1832691e-01   6.8573433e-01   7.7502763e-01   1.1614923e-01   6.0511605e-01   9.8358070e-01   4.5780101e-01   5.3896839e-01   3.6077334e-01   3.3187245e-01   4.6897059e-01   1.9314116e-01   7.4058344e-01   1.7001120e-01   3.8931907e-01   9.8674582e-01   7.3881074e-02   9.4176616e-01   5.3093816e-02   6.8507420e-02   5.3660279e-02   3.5206903e-02   1.3858725e-01   6.1858589e-01   6.1276505e-01   3.4243708e-01   3.4964154e-01   5.0072508e-01   7.1444289e-01   2.5843054e-01   3.6089961e-01   5.5972158e-02   7.2026690e-01   3.5910672e-01   2.9875581e-01   7.3222614e-01   8.8888966e-01   8.8346078e-02   8.5525503e-01   4.8283035e-01   9.7384366e-01   5.3921476e-01   1.6866614e-01   6.1650727e-01   1.2781394e-01   5.6382418e-01   7.3653913e-01   9.1706960e-01   5.2398628e-01   3.0112484e-01   2.6432719e-01   5.9027144e-01   4.9990376e-01   2.1722071e-01   1.8951311e-01   9.2028643e-01   6.0617335e-01   1.3162574e-01   4.1322246e-01   6.4875241e-01   6.4554662e-01   3.2418467e-01   2.7446210e-01   9.4857889e-01   3.7591405e-01   4.9469725e-01   6.8617146e-01   3.7608673e-01   7.1978840e-01   5.3960685e-01   7.4461590e-01   2.8524651e-01   3.7406949e-01   8.7445196e-01   5.0360307e-01   4.3149949e-01   4.6319238e-01   4.0461277e-01   6.2403682e-01   2.7362322e-01   1.9183817e-01   1.9443818e-01   8.1255568e-01   3.9661143e-01   9.5105758e-01   5.4926053e-01   2.9988994e-01   8.1722373e-03   4.3245336e-01
   6.5578572e-01   9.0475175e-01   4.5232599e-01   6.7826604e-01   5.4188540e-01   5.0729273e-01   8.1105792e-01   5.6780057e-01   6.4716755e-01   5.0598244e-01   2.0282168e-01   1.0563053e-01   0.0000000e+00   1.9374641e-01   7.0954812e-01   1.3535057e-02   8.6281042e-01   2.7283944e-01   5.5255701e-01   2.1968840e-01   2.6042503e-01   8.4548145e-01   8.6017139e-02   1.4667132e-01   5.1697395e-01   1.7623607e-01   7.8242981e-02   1.9539466e-01   3.2208751e-01   2.6715301e-01   9.0575925e-01   1.3359595e-01   5.7311588e-02   9.1295659e-01   3.6727753e-01   6.7746558e-01   3.8682777e-01   6.5034092e-01   2.4263658e-01   5.1461446e-02   5.7873639e-01   8.3681455e-01   2.5823227e-01   5.6807255e-02   8.9870349e-01   9.0391977e-01   6.7624177e-01   5.3176028e-01   2.5538420e-01   5.8250107e-01   6.5274743e-01   7.4199019e-01   6.5127389e-01   8.6288769e-01   1.6194835e-01   4.6969113e-01   9.2286683e-01   1.9071937e-01   4.9621148e-01   4.2599466e-01   5.7431491e-01   9.6147367e-01   6.0949755e-01   8.3189803e-01   8.1540492e-01   4.5149335e-01   7.9685977e-01   8.7847786e-01   9.5358405e-01   1.0643928e-01   3.5433574e-01   6.5392819e-01   6.5657092e-01   7.1966072e-01   4.9430797e-01   1.3830321e-01   6.0701393e-01   4.3916414e-01   4.5348845e-01   1.3848437e-01   9.5873870e-01   5.9152147e-01   3.6423311e-02   5.4606361e-01   9.0431842e-03   6.4545811e-01   1.1044351e-01   3.1515413e-01   6.1167559e-01   9.0146098e-02   2.3553916e-01   6.1125838e-03   5.1579355e-01   8.6064852e-01   4.4083311e-01   7.7782139e-01   5.0935932e-01   1.1179115e-01   4.4960788e-01   4.6201530e-01   1.3390708e-01
   2.9775952e-01   7.3193937e-01   6.0878923e-01   1.2366674e-01   7.7700315e-01   9.6512567e-01   6.8827065e-01   6.6538959e-01   3.4970428e-01   2.1507700e-01   9.0731896e-01   3.4588516e-01   3.6757022e-01   0.0000000e+00   8.8894129e-01   4.4818260e-01   2.0509552e-01   9.5618204e-02   6.8167498e-01   9.6647183e-01   3.8798787e-01   2.2029009e-01   9.9251768e-01   1.5778963e-01   6.8430409e-02   5.4662500e-01   8.2684469e-01   3.8112860e-01   2.9306325e-03   9.3488841e-01   4.5844746e-01   2.4271965e-01   3.0487805e-01   7.4502369e-01   6.2145403e-01   2.0797975e-01   4.0913792e-01   2.2564816e-01   8.6378758e-01   7.6831765e-01   3.4565180e-01   1.4877979e-01   2.3177481e-01   9.7688701e-01   2.0403832e-01   9.2960018e-02   6.5820430e-01   4.5081992e-01   8.8472026e-01   3.8080406e-01   4.6300401e-01   7.0314213e-01   5.4515825e-01   3.3766216e-01   7.6458812e-01   7.7115780e-01   4.8784392e-01   7.7232616e-01   3.3566720e-01   9.3652922e-01   5.4105787e-01   3.7615831e-01   2.3791051e-01   7.9038965e-01   9.1855734e-01   8.5133003e-01   5.4259592e-01   4.6021294e-01   2.4099473e-01   5.6682402e-01   1.0019561e-01   3.4326203e-01   1.1029527e-01   1.5200206e-01   2.7384236e-01   9.3145054e-01   1.4142113e-01   8.8043752e-01   8.4154248e-01   2.4542839e-02   2.6591555e-01   7.9209104e-01   2.1136590e-01   3.1627067e-01   6.5091842e-01   5.8045007e-01   4.7439486e-01   5.3724591e-01   1.2043294e-01   9.3610046e-01   7.6868508e-01   2.5217953e-01   5.7532600e-01   1.7440458e-02   3.3260809e-01   4.8062629e-02   8.2148880e-01   9.0483115e-01   2.8947947e-01   6.9478148e-01   1.0736955e-01
   3.8571063e-02   1.9996794e-01   3.8639627e-01   1.9067909e-01   1.4961574e-01   3.3481817e-01   3.4107710e-02   7.3921377e-01   8.5495806e-01   7.0233314e-01   2.0748579e-01   6.0334917e-01   3.2192383e-03   9.8790168e-01   0.0000000e+00   8.7881471e-01   4.7471400e-01   6.0677247e-01   3.0341914e-01   1.8236337e-01   5.0378177e-01   2.0657383e-01   9.1010394e-01   5.5264089e-01   2.5371602e-01   8.7361471e-01   7.0290167e-01   8.1167499e-01   8.8803807e-01   5.7683153e-01   3.4938056e-01   9.1421664e-01   4.8399369e-01   3.5862411e-01   7.4438764e-01   5.1686446e-01   9.7492413e-01   5.9477424e-01   2.2184675e-01   2.5830317e-01   1.6193674e-01   1.9644640e-01   8.9285649e-02   8.0412000e-01   6.3930635e-01   9.8684400e-01   7.3300897e-01   6.1093315e-01   2.5758530e-01   7.9508707e-01   6.5567091e-02   1.8539243e-01   5.8040390e-01   5.4763890e-02   6.2604512e-01   7.8027235e-01   4.1128572e-01   4.3797345e-01   1.7920313e-01   3.2056722e-01   3.1444763e-01   7.3429305e-01   5.5802670e-01   2.3159618e-01   1.6249928e-01   6.1174718e-01   9.4236547e-01   4.0209015e-01   5.7386354e-01   6.3269921e-01   3.0936465e-01   1.8047845e-01   9.4066984e-01   8.9866986e-01   8.5267709e-01   2.4296849e-02   5.9985248e-01   3.3902770e-01   5.6859299e-01   7.7059335e-01   9.9954967e-02   7.1713202e-01   2.7428985e-01   3.9964646e-01   2.9519581e-01   1.2466763e-01   6.4559885e-01   7.0738403e-01   1.8091845e-02   5.8463376e-01   1.4148403e-01   9.2773022e-02   6.8104337e-01   3.4205860e-01   9.5406240e-01   6.0348757e-02   7.9026593e-01   7.0970632e-02   6.9705786e-01   3.8089319e-02   4.0344434e-01
   5.6122176e-01   6.6823755e-01   1.8243028e-02   4.1493847e-01   5.7296331e-01   3.2773395e-01   4.1773796e-01   2.5938116e-02   6.8735423e-01   8.0662360e-01   6.1248034e-01   6.7220198e-01   8.1772399e-01   7.6444183e-02   3.9012313e-01   0.0000000e+00   8.6572311e-01   2.3544670e-01   9.3521895e-01   7.5737773e-01   7.9054272e-01   9.6058241e-01   3.7444798e-02   9.2616639e-01   6.0824939e-01   1.8896529e-01   6.0443475e-01   3.3417043e-01   3.5960026e-01   8.2038487e-01   2.6231275e-01   4.6551250e-01   4.6858796e-02   9.0145427e-01   4.6877071e-02   9.6189040e-01   2.9837795e-01   4.5339150e-01   6.9849394e-01   2.3257980e-01   6.7873687e-01   5.7502730e-01   1.9945316e-01   6.1963266e-01   4.4488868e-02   8.5794496e-01   5.7752528e-01   6.7198158e-01   4.3733279e-01   8.5153091e-01   6.4929336e-01   4.9480047e-01   9.0286200e-01   2.8071006e-01   2.0513200e-01   5.2376962e-01   1.0168171e-01   2.6517414e-01   6.4331875e-01   5.2910416e-03   9.9531609e-01   6.7227342e-02   2.9962003e-01   6.5882279e-01   4.9223470e-01   4.7650623e-01   6.2413076e-01   4.8912638e-01   4.9317941e-01   1.5595915e-01   7.8888868e-02   3.8195170e-01   9.9641643e-01   8.3546655e-01   2.8607548e-01   1.7670714e-02   7.8588458e-01   2.8760247e-01   2.4186079e-01   4.0654203e-01   1.7673024e-01   7.5405201e-02   1.5814011e-01   5.1944553e-01   2.3992414e-01   9.2654451e-01   3.1039518e-01   3.4631705e-01   8.4491781e-02   2.3364936e-01   9.8137669e-01   7.8324047e-01   3.4015220e-01   2.6419864e-01   9.7120763e-01   1.2244786e-01   6.4656714e-01   7.2638099e-01   9.5734581e-01   7.4173742e-02   3.7044027e-01
   6.8111267e-01   5.3600350e-01   4.5867571e-01   7.9383788e-01   9.9331143e-01   2.9412106e-01   7.9115819e-01   4.6480635e-01   8.9830913e-01   6.7112495e-01   8.5882558e-01   4.4961550e-01   4.5804498e-01   5.1430239e-01   5.9749173e-01   5.1549770e-02   0.0000000e+00   8.8621877e-01   8.6809869e-01   8.8868744e-01   3.9619966e-01   7.5325959e-01   1.7384131e-01   1.5542280e-01   1.7136940e-02   2.6918498e-02   6.3425042e-02   3.7458046e-01   1.4868078e-01   6.4588393e-01   1.3727360e-01   4.9888389e-01   1.1267777e-01   3.7842453e-01   9.3513914e-01   8.4187969e-01   5.9228889e-03   7.1373981e-01   4.6128603e-01   1.0654497e-01   8.7783283e-01   7.8413557e-01   2.9708342e-02   2.6692393e-01   9.9349171e-01   2.3631414e-01   5.8109268e-01   4.3942508e-01   9.0097426e-01   6.8181816e-01   5.6374310e-01   6.7534895e-02   1.9746878e-01   3.9777506e-01   7.7856027e-01   1.2504703e-01   2.6096692e-01   3.5572984e-01   5.8536671e-01   9.1925117e-01   1.1924782e-01   8.4300757e-01   1.2508178e-01   6.9468208e-01   9.9730097e-01   2.8942518e-01   8.0177655e-01   2.3450575e-02   4.8813340e-01   4.3544701e-02   2.8446281e-02   9.8787712e-01   6.4866635e-01   5.3235029e-01   2.0154005e-01   3.8100266e-01   7.3116235e-01   7.9287652e-01   6.9543924e-02   4.2387245e-01   3.7265396e-01   5.6646860e-01   7.2073490e-01   5.9988561e-01   9.4720281e-01   3.1170703e-01   3.1503201e-01   4.5968395e-03   5.7988531e-01   3.4402720e-01   4.7748173e-01   9.5658392e-01   3.1754182e-01   1.4718922e-01   4.2095909e-01   1.9723564e-01   1.5705207e-01   7.8406009e-01   7.2389553e-01   2.8552292e-01   3.5197430e-01
   8.4468034e-01   1.4696787e-01   1.8072380e-01   9.0852176e-01   6.5585536e-01   9.1007134e-01   3.1738450e-01   1.3339003e-01   1.0957797e-01   5.2985398e-01   2.1941824e-01   5.5353209e-01   1.9394060e-01   6.5020623e-02   3.0272333e-01   7.7198292e-01   9.3793306e-01   0.0000000e+00   6.0769033e-01   4.1602859e-01   9.7425786e-01   4.6575038e-01   6.5291526e-01   1.7592434e-01   8.9727148e-01   3.8340582e-01   5.9470994e-01   4.8179015e-01   3.9811964e-01   1.9367972e-01   7.7444017e-01   3.7979861e-02   9.3033859e-01   5.8095226e-02   7.2657312e-01   2.2304000e-01   3.6106925e-01   7.1439430e-01   2.3088190e-01   4.2653009e-01   2.5329240e-01   6.0312927e-01   5.1966288e-02   6.2390923e-03   4.9412762e-02   9.5244380e-01   6.1698164e-01   4.6952198e-01   5.3309012e-01   7.8055211e-01   1.4931781e-01   2.7125935e-01   1.8526205e-01   9.6530849e-01   6.0097338e-01   2.9053943e-01   3.2200244e-01   8.7204091e-01   9.9192438e-01   3.4001352e-01   1.0700198e-01   7.9147617e-01   3.6253388e-01   9.8217581e-02   6.2355151e-01   1.8425496e-01   9.7540247e-01   1.9655277e-03   1.5636670e-01   9.0311605e-01   2.5109206e-01   4.4750872e-01   4.3235986e-01   2.8126287e-01   5.4216157e-01   7.0992716e-01   3.6203945e-01   8.2689786e-01   8.9709410e-01   3.4901733e-01   8.6635601e-01   5.0168433e-01   5.1979682e-01   1.1903430e-01   8.8330098e-01   9.3394858e-01   1.4497726e-01   1.2449632e-01   8.1135902e-01   5.0890298e-01   4.4342232e-01   6.9033447e-01   9.2397916e-01   9.5047806e-01   9.9367318e-01   3.1941711e-01   4.0841518e-01   7.3869604e-01   1.3090590e-01   7.6326052e-01   7.3531340e-01
   9.6564473e-01   4.2809250e-01   7.0949336e-01   3.9012091e-01   7.0990790e-01   9.2637464e-02   8.1594773e-02   7.4912065e-01   6.9685853e-01   9.1308474e-01   5.2742144e-02   4.8378410e-01   7.9515099e-01   6.7760601e-01   9.1910625e-01   8.3722236e-01   3.4234119e-01   9.0196265e-01   0.0000000e+00   8.3973152e-01   3.4924791e-01   3.0783383e-01   5.5599010e-02   8.8048641e-01   5.6084184e-01   3.4805073e-02   3.9248052e-01   9.6005648e-03   1.4795942e-01   2.4198332e-01   8.1088821e-01   8.8078537e-01   6.3330934e-01   2.6717998e-01   9.6956230e-01   1.1101538e-01   7.7430739e-01   6.8695961e-02   8.3865779e-01   3.7152196e-01   6.3717042e-01   1.5384639e-01   8.2415604e-01   1.0344985e-01   5.9848724e-01   7.9934321e-01   2.6745918e-01   9.5235157e-01   7.6310251e-01   3.9327582e-01   9.4769932e-01   9.9605799e-01   3.4039383e-01   1.2528577e-01   1.8989021e-01   4.3421900e-01   9.7147943e-01   1.9465040e-01   6.9056082e-01   9.9406449e-01   7.7755010e-01   3.4097389e-01   5.8443519e-01   2.0600671e-01   4.3869006e-01   1.5542591e-01   1.2400920e-01   4.2763636e-01   2.0497288e-01   2.3299573e-01   3.5788666e-01   7.2060242e-01   3.2249502e-02   5.1141653e-01   2.0452441e-01   6.5838660e-01   8.8498075e-01   1.5917273e-01   1.2369077e-01   8.9339043e-01   2.6628596e-01   4.9598292e-01   9.2810550e-01   9.8471798e-01   6.9503635e-01   4.4109531e-01   8.0883847e-01   4.6947429e-01   8.7248058e-01   7.7829269e-01   2.4390739e-01   1.1031072e-01   3.6005085e-01   3.1872526e-01   3.8145056e-01   7.2570029e-01   7.0527057e-01   7.1184161e-01   4.7329051e-01   1.1896767e-01   3.0689785e-01
   9.3768848e-01   9.3219072e-01   2.9973754e-01   3.4292718e-02   5.6940032e-01   2.9961251e-01   2.1890987e-01   7.5820913e-01   2.0596753e-01   3.0296728e-01   5.6714398e-01   1.9694588e-02   3.3878509e-01   3.4884344e-01   2.4144334e-01   7.5435938e-01   7.9835063e-02   2.4753419e-02   6.2427384e-01   0.0000000e+00   3.4955733e-01   8.2796732e-01   6.4375123e-01   1.1115919e-01   9.1498554e-01   2.5633254e-01   9.6814601e-01   6.1746912e-01   6.1689547e-02   1.7028314e-01   2.0362787e-01   4.1796876e-01   5.6069970e-01   9.6182665e-01   5.1905616e-01   6.7366137e-01   4.4579308e-01   4.6071109e-01   2.7821072e-01   5.5339603e-01   5.5617667e-01   2.7968557e-01   8.6558962e-01   1.1017844e-01   2.9646139e-01   4.0246346e-01   6.2803150e-01   6.1506739e-01   1.3118014e-01   7.4697703e-01   7.2685799e-01   9.6677273e-01   4.3605949e-01   7.2962043e-01   5.5060132e-01   9.8630590e-03   9.6500089e-01   8.5605153e-01   7.4032043e-01   2.2540881e-01   3.1241785e-01   6.0210884e-01   5.9567307e-01   3.9693588e-01   3.3963466e-01   5.9394157e-01   9.3275166e-01   6.5149842e-01   4.6975968e-01   4.6963316e-01   8.8783710e-01   7.8403519e-01   9.9589559e-01   6.5959838e-01   1.1169929e-02   5.5335637e-01   6.3837420e-01   1.4996010e-02   5.4286480e-01   5.4547389e-01   5.7392957e-01   8.6583174e-01   5.0599187e-01   6.0975491e-01   1.1836813e-02   6.8226561e-01   3.7338258e-01   3.8234840e-01   8.4243108e-01   1.4970889e-01   7.6177445e-01   8.9286775e-01   2.5568110e-01   8.4183363e-01   8.6605268e-01   5.5209328e-01   4.4660461e-01   9.9886379e-01   5.8322155e-01   4.7172409e-03   3.1466254e-01
   6.1203401e-01   1.8871137e-01   2.1920403e-02   8.8885296e-01   9.4154971e-01   3.8503366e-01   1.4606248e-01   2.4727157e-01   7.8221293e-01   3.0577870e-01   7.7057954e-01   2.6091599e-01   9.6946282e-02   6.3579709e-01   8.6733348e-01   4.1687617e-01   8.5294661e-01   5.1438991e-01   1.2131412e-01   2.8636887e-01   0.0000000e+00   4.7887153e-01   3.6125773e-01   5.2724332e-01   2.1637319e-02   6.1547161e-01   5.5507940e-01   8.5205664e-01   1.5841922e-03   8.1811555e-01   8.8957342e-01   2.3364309e-01   1.6710875e-01   4.2165882e-01   9.2691680e-02   7.2579436e-01   5.9915565e-01   3.5164484e-01   5.4944654e-01   1.3316942e-01   7.8530316e-02   2.5877798e-01   4.5679014e-01   6.0875372e-01   1.0635507e-02   1.8873144e-01   6.5355032e-01   6.9631234e-01   9.3449748e-01   5.3532712e-01   3.3678571e-01   1.9880243e-02   8.7159223e-01   9.7826650e-01   4.6671715e-01   3.2833403e-01   1.5279405e-02   8.1838083e-01   9.0212834e-01   2.9840139e-01   9.5885133e-01   9.7121650e-01   2.3077848e-01   8.8801290e-01   2.7748069e-01   2.9865608e-02   1.3479546e-01   1.2231759e-01   4.0361462e-01   4.4757638e-01   6.6411210e-01   1.8697424e-01   1.8164864e-01   2.5922414e-01   3.7743858e-01   7.6609360e-01   4.3778469e-01   4.5575873e-01   3.9917897e-02   4.3487942e-01   1.0760464e-01   2.2213315e-02   8.5836164e-01   7.3006133e-01   4.8333398e-01   7.3287633e-01   5.9934106e-01   1.7672093e-01   5.7011075e-01   5.4364440e-01   6.9422986e-01   9.6225610e-01   7.0977805e-01   6.5851007e-01   1.5678322e-01   4.3532441e-01   2.5164484e-01   7.0081409e-01   5.4350669e-01   9.4331825e-01   4.5750120e-02
   9.1767544e-01   2.0771733e-01   1.2459207e-01   8.1775139e-01   1.8112266e-01   4.5551457e-01   7.3749526e-01   9.6299468e-01   5.4955017e-01   5.1960489e-01   7.6163987e-01   3.1165683e-01   9.0175438e-01   3.6612748e-01   1.3972217e-01   2.0106845e-01   7.9179948e-01   4.9360110e-01   4.4557991e-01   8.6254769e-01   7.6960208e-02   0.0000000e+00   4.0175208e-01   4.2446579e-01   7.6142137e-01   9.8054556e-01   4.8096774e-01   4.0380842e-01   5.9431360e-01   8.2639623e-01   3.5036681e-01   4.6997632e-01   5.7689091e-01   1.4537198e-01   3.9449658e-01   6.5733618e-01   1.5348944e-02   4.7343660e-01   6.4678178e-01   2.1645878e-01   5.8257549e-01   8.9297197e-01   2.1972601e-01   1.7766249e-01   7.8916236e-01   7.2314234e-01   8.5027274e-01   7.4114594e-01   5.0260164e-01   8.1474557e-01   1.2068890e-01   5.5432901e-01   3.5233393e-02   6.1054569e-01   7.9715207e-01   4.0626159e-01   1.4405823e-02   7.5346640e-01   2.8984994e-01   8.2846816e-01   2.3975686e-01   9.0184632e-01   9.0949357e-01   7.6784229e-01   5.7418461e-02   4.9318487e-01   7.7859021e-03   8.9370157e-01   4.2892296e-01   9.8872470e-01   6.9596641e-01   3.9800132e-01   1.9592334e-01   5.7745581e-01   8.4031229e-01   1.9630385e-01   2.2197561e-01   8.9023424e-01   5.7936666e-01   3.9805270e-01   3.3801824e-01   9.8558312e-01   6.8755298e-01   8.0721377e-01   3.8676476e-01   8.5833860e-01   1.4130371e-01   8.2428368e-01   9.2988324e-01   3.8476405e-01   5.1160802e-01   3.9645343e-01   6.2128060e-01   3.3463622e-01   3.4970633e-01   3.1339311e-01   4.4644925e-02   7.3831114e-01   7.3843621e-02   8.2101978e-01   1.9078616e-01
   7.4535966e-01   5.8317551e-01   5.0457909e-01   7.0364525e-01   5.3543665e-01   1.0738173e-01   6.9343784e-01   2.4778178e-01   1.9032452e-01   3.7985221e-01   3.1579555e-01   9.2173100e-01   7.8538494e-01   1.0052020e-01   7.4939205e-01   3.6463842e-01   5.7763849e-01   8.7139114e-01   7.0884895e-01   2.1631871e-01   2.3959128e-01   9.1608710e-01   0.0000000e+00   1.5632330e-01   7.6502667e-01   1.7906713e-01   5.5954240e-01   4.4730507e-01   1.2013607e-01   5.7250419e-01   7.6665378e-02   6.1621165e-01   8.2747718e-02   5.8624144e-01   1.9720953e-02   9.5459511e-01   7.2456145e-01   9.6115598e-01   4.4159149e-02   9.1189750e-01   5.6491814e-01   1.5154851e-03   7.4019472e-02   5.4282543e-01   3.9195361e-01   2.2093345e-02   6.8260969e-03   4.4243757e-01   7.4633156e-01   1.3576686e-01   3.3717382e-01   9.3518346e-01   9.9747359e-01   2.0723962e-01   1.2620797e-01   2.6351345e-01   5.1475421e-01   3.9404663e-01   6.9082307e-01   9.6925948e-01   5.6870781e-01   2.4924528e-01   6.4809594e-01   7.0094419e-01   7.9348540e-01   5.3225340e-02   2.1020615e-01   6.5950956e-01   7.5782742e-01   2.2882311e-01   3.4491127e-01   4.1526184e-02   9.7368522e-01   3.2645371e-01   6.9368328e-01   4.8162802e-01   8.3148018e-01   3.0759972e-01   6.5385380e-01   3.9394422e-01   6.0731713e-02   2.2584644e-01   2.1947317e-01   4.6467018e-02   3.3638253e-01   2.2398554e-01   7.8923795e-01   8.2321466e-01   4.8303191e-01   1.6126015e-01   4.2038830e-01   8.5353704e-01   2.8596554e-01   3.6626130e-02   4.1371221e-01   2.4476464e-02   9.5861015e-01   1.0476804e-01   5.9319214e-01   4.6128052e-01   8.1466567e-01
   4.4865773e-01   2.7811417e-01   9.4642669e-01   9.8604508e-01   8.1409174e-01   6.3604576e-01   7.7217363e-01   8.8389383e-01   1.0966816e-01   4.1837806e-01   3.2710594e-01   2.7539770e-01   9.9480996e-01   2.1652565e-01   8.5163105e-01   3.3699864e-01   1.5909696e-01   3.3207547e-01   1.6600051e-01   9.0404296e-01   2.9601858e-01   9.5520160e-01   5.1790993e-01   0.0000000e+00   2.8841557e-01   9.6622786e-01   1.0954481e-02   1.4721059e-01   2.2604586e-02   4.0431807e-01   2.4804404e-02   4.7108724e-01   2.7396974e-01   7.6360024e-02   3.4189174e-01   1.4569973e-02   2.6321765e-01   7.4186115e-01   9.3398988e-01   7.7060101e-01   9.1644424e-01   3.7333434e-01   4.3110202e-01   5.7377166e-01   3.3886875e-02   9.5974174e-03   6.6137546e-01   4.4703836e-01   2.1540209e-01   8.5925899e-01   2.0090904e-01   6.5112460e-01   4.0823905e-01   4.4373379e-01   8.5311768e-02   6.6496794e-02   2.8903800e-01   3.3477631e-01   7.7827976e-01   4.7993099e-01   1.6841388e-04   2.2274264e-01   5.3130102e-02   4.0587341e-01   5.0097884e-01   1.9457118e-01   8.8890834e-01   4.4137838e-01   4.1199518e-01   1.3793352e-01   7.6713526e-01   5.0490956e-01   6.2176331e-01   3.8612367e-01   2.9973200e-03   1.6348505e-01   7.6208527e-01   9.9164413e-01   1.7714055e-01   8.0043052e-01   6.5433025e-01   8.9919579e-01   6.9846835e-01   6.5494975e-01   4.2791091e-02   9.2467499e-01   6.4983364e-01   1.5550279e-01   8.7102222e-01   9.2048720e-01   6.6887733e-02   5.6203232e-01   7.3841920e-01   5.0587946e-01   7.1808218e-01   9.1909846e-01   7.2829859e-01   6.5277448e-01   5.7277857e-01   9.9697221e-01   9.7971707e-01
   1.0098084e-01   7.7936213e-01   7.5948453e-01   7.7949300e-01   7.9621585e-01   3.0801185e-01   8.6091536e-01   4.7303758e-01   5.5360559e-01   7.0645592e-01   6.8207413e-01   7.5180769e-01   9.3430067e-01   9.7271696e-01   7.1306769e-01   9.5484968e-01   7.3162411e-01   8.8326245e-01   8.3179008e-01   9.2459635e-02   9.8918505e-01   8.8637720e-01   9.6485089e-01   2.6628919e-01   0.0000000e+00   6.8813655e-01   3.1370261e-01   6.8906219e-01   5.8436994e-01   7.5564793e-02   1.6798925e-02   6.3981243e-01   2.8472639e-01   2.4760780e-01   6.6351257e-01   3.9037155e-01   2.7079259e-01   7.5403289e-02   1.6669752e-01   4.4234975e-01   1.2859201e-01   1.1649297e-01   7.3484803e-01   2.3307504e-01   1.1943070e-01   3.5253539e-01   9.6712137e-01   2.2237026e-01   1.7526998e-01   5.6680524e-01   4.3494603e-01   7.6632541e-01   8.1158037e-01   5.2592977e-02   1.7395882e-01   6.3976273e-02   2.7420779e-01   5.7543014e-01   4.3283397e-01   8.8450665e-01   8.3134929e-01   7.6505088e-01   9.6467427e-01   7.6430867e-02   9.0603124e-01   5.8256426e-01   6.9881676e-01   5.6279126e-01   5.8525496e-01   3.4975848e-01   1.9141413e-01   7.4094642e-01   1.1100885e-01   5.0179887e-01   2.7250485e-01   9.0440226e-01   2.4841666e-03   1.5250662e-01   4.9995459e-01   5.0659952e-02   5.7138718e-01   4.6750991e-01   5.2469800e-01   1.4465173e-01   9.3115300e-01   9.7576938e-01   7.5299677e-01   6.7079588e-01   7.0357245e-01   1.6073079e-01   9.2105692e-01   1.1708420e-01   7.1806241e-01   6.0926086e-01   5.6339675e-01   1.9522739e-01   8.0285622e-01   9.2088811e-01   7.5302220e-01   3.4025700e-01   3.8548883e-01
   3.8203814e-01   2.3382331e-01   6.0490167e-01   9.4918086e-01   7.6636767e-01   8.7729125e-01   2.8423436e-01   3.5810197e-01   5.7837481e-01   4.6970686e-01   2.5494219e-01   6.6327454e-01   5.5411297e-01   6.3704870e-01   1.1736945e-01   6.3249300e-02   6.3441308e-01   1.6751762e-01   8.0099861e-01   9.0722303e-01   4.5564243e-01   1.5326129e-01   1.3402527e-01   2.6038210e-01   5.2871375e-01   0.0000000e+00   2.5382658e-01   9.5497088e-01   4.4828471e-01   8.3464300e-01   5.5576345e-02   1.6982655e-01   1.0948217e-01   2.4001208e-02   9.5399843e-01   9.4405287e-01   6.2632682e-01   5.1712507e-01   3.6202923e-01   7.7717954e-01   4.3365472e-01   4.0203226e-02   1.7017728e-02   2.5313533e-01   6.1564744e-02   9.1659618e-01   4.5646247e-01   6.9264709e-01   7.0982253e-01   8.2667344e-02   1.6150354e-01   8.4904756e-02   9.4904349e-01   6.2177916e-01   2.9905460e-01   2.1068010e-01   6.9818878e-02   3.1256528e-01   5.9698012e-01   1.8307034e-01   1.9002812e-01   9.8588543e-01   9.5841893e-01   1.8511000e-01   7.2657073e-01   3.2231373e-01   7.5163214e-01   5.0656025e-01   7.7391565e-01   5.5155970e-01   8.1550712e-02   5.2175630e-01   5.3836613e-01   1.2780107e-02   3.6160050e-01   2.7669809e-01   9.4034649e-01   2.0498375e-01   5.8950532e-03   1.3500618e-01   4.8680144e-01   5.6768290e-01   7.1188564e-01   5.0814364e-01   4.9364576e-01   1.9988131e-01   8.1900659e-01   9.2766922e-02   1.4524277e-02   3.9609634e-01   3.1284935e-01   5.3798513e-01   4.9595537e-02   6.6536442e-01   3.5008098e-01   6.6366698e-01   4.7154945e-01   6.8877220e-01   8.2365347e-02   2.9204296e-01   7.3291382e-01
   1.6243178e-01   1.3546765e-01   6.9667729e-01   1.1723755e-02   9.6957333e-02   8.0266376e-01   5.8287605e-01   7.0318730e-02   2.7056270e-01   9.3878400e-01   8.1014302e-01   4.7735008e-01   2.5819702e-01   2.7602728e-01   3.3966212e-01   8.3245963e-01   7.8897542e-01   2.0479962e-01   6.2599550e-01   5.8829223e-01   6.4508755e-01   3.7785301e-01   7.8884888e-01   1.8633920e-01   9.9491937e-01   1.2775945e-01   0.0000000e+00   8.1914316e-01   9.1895380e-01   1.7657455e-01   2.4904279e-01   4.5181725e-01   1.7463366e-01   1.2303642e-02   1.6517176e-01   8.2317919e-01   5.6909645e-01   2.8063348e-01   2.7584329e-01   8.6093919e-01   5.2758909e-01   2.4624336e-01   5.4052294e-01   1.6307377e-01   8.5216176e-01   5.3470643e-01   2.4802874e-01   8.3159383e-01   9.1922948e-01   4.9317548e-01   2.9256266e-01   8.0065684e-01   3.6950034e-02   7.0460337e-01   7.1481455e-01   9.3023809e-01   7.4779902e-02   6.8443737e-01   6.7655446e-01   8.6831073e-01   1.9313706e-01   5.0737674e-01   8.4364757e-01   5.9966927e-01   6.9151876e-01   1.6189183e-02   2.1558166e-01   4.4943085e-02   3.3875800e-01   8.8194470e-01   4.4232567e-02   7.0407773e-01   3.9381255e-01   4.4143913e-01   4.2374264e-01   6.3741259e-02   1.4587832e-01   9.3106440e-01   6.7025702e-01   3.0936962e-01   2.1719171e-01   8.3779077e-01   1.8759966e-01   7.7701164e-02   2.6755526e-01   1.8224626e-01   7.8345487e-01   2.1523939e-02   2.6127592e-01   1.4898033e-01   9.9576093e-01   8.3782337e-01   4.3498063e-01   8.7219324e-02   2.9109084e-01   1.4817271e-01   7.9276868e-01   1.6798287e-01   3.5228786e-01   1.7139705e-01   8.8189953e-01
   3.5229712e-01   7.7070396e-01   9.5730912e-01   1.0260866e-01   8.4024372e-01   8.0181514e-01   2.8408604e-01   3.5427573e-01   8.0783362e-01   7.5863459e-01   6.6211940e-01   3.3834261e-01   5.0283089e-01   2.6168589e-01   6.5735127e-01   4.5314362e-01   6.4208905e-01   1.3709780e-01   9.2032907e-01   3.0883478e-01   9.5634802e-01   9.7757113e-01   3.3769618e-01   4.0986841e-01   7.4904883e-01   7.2665995e-01   8.3003850e-01   0.0000000e+00   3.4115651e-01   4.7990297e-01   5.1878146e-01   3.6728138e-01   3.9582915e-01   7.3127891e-01   3.3300779e-01   8.0277024e-01   1.3526247e-01   4.1753617e-01   6.7245017e-01   3.7728274e-01   6.8746657e-01   2.1852046e-01   2.0871159e-02   2.1102393e-01   3.3603106e-01   9.2152763e-01   1.3710845e-01   5.7195313e-01   5.0593160e-02   9.7137423e-01   4.1465405e-01   3.8177855e-01   4.0220119e-01   9.7369209e-01   5.6547499e-01   1.0625371e-01   8.6415689e-01   6.3214914e-01   8.8592586e-01   2.5095817e-01   1.4857561e-01   5.8255706e-01   1.0700784e-01   5.6159444e-01   1.3812829e-01   2.1949101e-01   8.1848626e-01   9.7318723e-01   5.0719451e-01   1.2750188e-01   1.5955894e-02   7.2963918e-01   7.0760798e-01   1.5946204e-02   7.0957740e-01   6.1503770e-01   8.5761140e-01   5.1707399e-01   5.6297435e-01   5.6741755e-01   5.5147001e-01   5.1306965e-01   5.7272242e-01   5.6213382e-01   6.9434695e-01   8.6589287e-01   5.6476756e-01   7.6836658e-01   9.6300989e-01   7.2847392e-01   6.3177967e-01   5.4908824e-01   8.5720324e-01   1.7136338e-01   4.8455511e-01   2.2314898e-01   9.5988441e-02   7.9453285e-01   7.8196323e-02   1.8950738e-01   1.3483650e-02
   6.5614210e-01   1.8573991e-03   9.4334497e-01   2.2166323e-01   5.6606069e-01   5.7401606e-01   4.8826498e-01   5.9397005e-01   6.2917506e-01   4.9179790e-01   6.1360067e-01   3.2647450e-02   4.6457680e-01   5.0631464e-01   1.2835107e-01   1.5160794e-01   8.2664108e-01   4.7827618e-01   8.9755525e-01   5.0553164e-01   6.6052614e-01   9.9067155e-01   4.6913669e-01   7.6292173e-01   8.7021914e-01   9.7132431e-01   2.9961014e-02   5.1411529e-01   0.0000000e+00   6.6219767e-01   8.5188535e-01   9.1818541e-01   3.5136877e-01   5.7825455e-01   2.6117153e-02   8.2632042e-01   8.9091106e-01   8.9954605e-01   1.6865882e-02   1.8409268e-01   6.1385146e-01   2.6374989e-01   1.7908832e-01   5.1310059e-01   7.2713127e-01   1.9671362e-01   5.5713707e-01   8.9667887e-01   7.4119682e-01   3.6466670e-02   9.0789721e-01   5.2900409e-02   1.0289057e-01   7.5629933e-01   2.4406808e-01   4.5509945e-01   7.8929975e-01   5.9346519e-01   3.6227840e-01   4.6269415e-01   5.2675164e-02   8.5075300e-01   5.7654393e-01   2.6859202e-01   2.9323830e-01   5.8548927e-01   8.9274883e-01   7.0985197e-01   9.3302592e-01   3.5083549e-01   1.3244286e-02   9.6692996e-01   3.3200103e-01   1.0225260e-01   3.8040557e-01   3.6691959e-01   8.9072357e-01   1.2312003e-01   9.7386626e-01   3.6547775e-01   2.2839586e-02   4.3006484e-01   5.0109512e-01   1.9953154e-01   4.1491393e-01   7.7761363e-01   8.5923251e-01   9.5717884e-01   1.5502124e-01   9.8853436e-01   3.2368832e-01   4.4454704e-01   7.1331359e-01   9.9470617e-01   8.6102702e-01   2.0297145e-01   4.1696323e-01   7.7034850e-01   8.8201912e-01   6.2556917e-01   7.2782653e-01
   4.0557879e-01   8.9177136e-01   2.8417725e-01   2.0345388e-01   2.4378570e-01   5.3867978e-01   4.6008596e-02   3.5388520e-01   6.8624406e-01   5.8787424e-02   5.5617794e-01   5.8733408e-01   1.6040532e-01   5.6853876e-01   3.2328234e-01   7.1034531e-01   3.9192153e-02   8.9040703e-01   8.6858952e-01   9.4158280e-01   6.8625472e-01   2.3210266e-01   5.2782505e-01   6.9411420e-01   7.9248264e-01   7.6690737e-01   3.6499283e-01   2.9189244e-01   2.9482227e-01   0.0000000e+00   5.9797513e-01   5.6759661e-01   3.0490219e-01   5.3068174e-01   8.2501319e-01   7.5483648e-02   5.8199834e-01   6.6620752e-01   7.5149610e-02   6.1575811e-01   6.8167565e-01   9.7709615e-01   1.2869842e-02   4.6040564e-01   3.5176366e-01   1.9829568e-01   3.2073810e-01   3.3981430e-01   8.1214235e-01   8.3979004e-01   8.8150705e-01   7.9302462e-01   7.9716842e-01   7.5563114e-01   4.2071328e-01   2.5578468e-01   3.5570069e-01   2.0202041e-01   2.8656465e-01   8.1541870e-01   2.7482162e-01   5.1923449e-01   7.6371589e-01   2.3323280e-01   6.2746864e-01   5.4999062e-01   4.9026054e-03   3.7059419e-01   9.2317162e-02   1.6919399e-01   3.7277808e-01   7.5771899e-01   1.4682683e-01   6.1175450e-01   8.9792041e-01   8.4456161e-01   9.1304715e-01   3.6649778e-01   1.0784517e-01   2.3008305e-01   9.3057665e-01   2.7341646e-01   8.6098838e-01   3.1745759e-01   9.0686945e-01   5.7560434e-01   5.4978467e-01   4.3945826e-01   8.7610904e-01   1.6926900e-02   1.6080508e-01   9.2538693e-01   1.9483687e-01   5.7204375e-01   8.9022249e-01   7.7753375e-01   8.4094255e-02   3.4930584e-01   1.4553639e-01   6.5839229e-01   6.8452456e-01
   7.7877821e-01   9.1308304e-02   2.1625601e-01   7.1146961e-01   9.5193341e-01   7.8724302e-01   6.2319021e-01   6.5068313e-01   9.2952073e-01   9.6384447e-01   4.0987058e-01   5.4744529e-02   8.9529295e-01   7.2365306e-01   6.5617463e-01   7.6756506e-01   7.7577828e-01   1.3696418e-01   5.3685056e-02   9.2582081e-01   4.6165155e-01   2.1682250e-01   8.6648383e-01   2.1274480e-01   7.3244401e-01   4.0137688e-01   4.9297105e-01   7.1968527e-01   3.6166564e-01   3.0309127e-01   0.0000000e+00   1.0101970e-01   9.1245811e-03   3.9078294e-01   3.1796887e-01   8.4827713e-01   2.4328795e-01   9.6916380e-02   9.6638456e-02   8.1702059e-01   8.2570941e-01   4.0410235e-01   4.3438904e-01   1.4058890e-02   1.1552288e-01   1.7042424e-01   8.6567131e-01   4.7027910e-01   2.2266413e-01   7.9156159e-01   7.9498715e-01   1.4658192e-01   2.0698252e-02   7.3364470e-01   7.6905012e-01   5.8370366e-01   4.8863209e-02   4.7546214e-01   3.6917293e-01   6.9814030e-01   9.9455536e-01   3.8180005e-02   7.4595048e-01   6.9686734e-01   9.0696257e-01   7.7731593e-01   1.1958719e-01   4.9005351e-01   5.4276142e-01   9.7941053e-01   7.7492755e-01   5.5799087e-01   8.5191516e-01   1.7845946e-01   6.3261615e-01   7.6548555e-01   9.0368473e-01   2.7000728e-01   5.6547566e-02   7.0695388e-01   6.9419786e-02   2.3094425e-01   9.2243575e-01   8.6503872e-01   2.4909119e-01   8.5277777e-01   8.7416498e-01   3.4751305e-01   3.7088345e-01   9.0358142e-01   8.0708390e-01   9.8794137e-01   9.8998618e-01   9.8279028e-01   5.3359764e-01   3.5644848e-01   7.7048196e-01   3.6186307e-01   8.3565311e-01   8.6896165e-01   5.6443994e-01
   1.0780182e-01   9.8323954e-03   4.6028956e-01   7.7076027e-01   6.1208967e-01   5.0865221e-01   9.0885171e-01   5.4535103e-01   2.0927184e-01   4.9206481e-01   5.0983815e-01   2.3199210e-01   2.3970019e-01   2.4877187e-01   4.5851290e-01   9.6951588e-01   8.3070890e-01   9.8704524e-01   9.6042064e-01   6.4583934e-01   6.3581293e-01   6.2649976e-01   7.5940951e-01   9.0922202e-02   3.1384819e-01   8.8515532e-01   9.9247209e-01   9.2733524e-01   7.8711332e-01   1.7338126e-01   5.8419621e-01   0.0000000e+00   7.9332840e-01   1.4448096e-01   5.2266958e-01   1.9930098e-01   8.4306153e-01   4.7689765e-02   8.8256440e-01   4.3044791e-01   5.0797131e-01   6.0894754e-01   6.4108796e-02   6.3797495e-01   4.9166470e-01   3.6781168e-01   7.1702844e-01   1.9406239e-01   6.8200209e-01   3.3142215e-01   1.9032254e-01   7.0490337e-01   6.6696033e-01   7.4329899e-01   7.9417254e-01   2.4210988e-01   3.4387808e-01   2.3582781e-01   5.0181259e-01   4.3554510e-01   3.0826128e-01   8.9971413e-01   3.4011726e-01   6.2288760e-01   4.1633570e-01   8.9773642e-01   3.5935808e-01   9.1868167e-01   8.6890178e-01   9.3701559e-01   3.3893616e-01   6.4653172e-01   5.8920438e-01   7.1383081e-01   9.3825495e-01   8.7064629e-01   2.3866118e-01   8.1147078e-01   6.2414718e-01   2.3957205e-01   7.6992484e-01   5.2875533e-01   1.4124918e-01   1.6252351e-01   3.2501493e-01   7.6031951e-01   7.4806852e-01   9.7004288e-02   2.7358850e-01   3.4285290e-01   8.8215858e-01   4.5211020e-01   6.2821411e-01   2.3565566e-01   9.6251052e-01   6.5489958e-01   2.5881388e-01   3.9017359e-01   3.1394778e-01   8.2588291e-01   6.1726905e-01
   9.5160033e-01   7.9309923e-01   2.2033417e-01   1.2186292e-01   7.2111059e-01   9.7727520e-01   7.2920284e-01   2.2341203e-01   4.2104086e-01   4.9973126e-01   1.0124465e-01   4.8946354e-01   6.8474398e-01   9.6152213e-01   5.5383541e-01   9.7425391e-01   3.5788693e-01   7.5894081e-01   4.9189955e-01   8.6599860e-02   5.8480934e-02   1.5568186e-01   7.5803307e-01   4.1716991e-01   6.6054253e-01   7.3632654e-01   1.0589952e-01   5.0015078e-01   1.1404641e-01   3.6577277e-01   9.9623548e-01   3.2525467e-01   0.0000000e+00   4.8348101e-01   4.7611209e-01   1.2972020e-01   1.0360054e-01   8.3899146e-01   8.3049130e-02   5.0989500e-01   1.4932291e-01   3.8278527e-01   7.0795451e-01   1.5056043e-01   7.2087716e-01   1.5173822e-01   1.6392293e-02   6.6922778e-01   1.3717314e-01   7.5781445e-01   6.8493328e-01   9.4668032e-01   4.8249789e-01   1.1280744e-01   5.1810889e-01   1.4455010e-01   1.9150068e-01   4.5351409e-01   6.1065559e-01   5.1732767e-02   4.8904829e-01   5.5435819e-01   4.2874649e-01   8.2850956e-02   4.0425473e-01   4.8108216e-01   8.9168022e-01   5.1970866e-01   5.4080451e-01   3.1103274e-01   7.2294755e-01   3.1085176e-01   8.0792533e-01   9.4315864e-01   6.5825254e-01   5.8283204e-01   9.3566030e-01   5.7168938e-01   2.5066443e-02   7.8690133e-01   9.8087316e-01   3.7317626e-01   8.7300978e-01   7.8314017e-01   3.0182911e-01   9.7366839e-02   8.0763893e-01   6.2103882e-01   6.7824160e-01   8.6096105e-01   5.9001621e-01   4.1888863e-01   8.6799768e-01   5.9814814e-01   9.0647178e-01   4.6867615e-02   6.2474166e-01   8.2584909e-01   4.4741896e-01   3.0444448e-02   8.8213937e-01
   2.0805916e-01   4.6514560e-01   7.1822932e-01   5.3567404e-01   8.4934788e-01   6.4757134e-01   7.5049451e-01   2.3838418e-01   4.3506905e-01   5.7993839e-01   9.3787848e-01   8.0363287e-01   5.6034339e-01   1.7940163e-01   2.3083458e-01   6.8188321e-03   1.5271455e-01   9.5948041e-01   2.8501277e-01   9.4235548e-01   8.8296554e-01   3.6681792e-01   8.6128338e-01   8.6673749e-01   1.7041316e-02   3.8832797e-01   9.4301645e-01   6.3067629e-01   3.5242235e-01   5.9324151e-01   1.0266744e-01   8.0999167e-01   4.2792767e-01   0.0000000e+00   7.7994053e-01   2.7855584e-01   5.1537743e-01   4.8722683e-01   2.2059916e-02   7.2514909e-01   9.0388373e-01   7.5566738e-02   6.0286966e-01   5.6498261e-02   1.8830300e-01   9.3284288e-01   6.3145119e-01   2.6504992e-01   2.0883953e-01   8.5919705e-01   1.8579280e-01   5.9504478e-01   5.8979841e-01   1.2194851e-01   5.2818001e-01   5.5659873e-01   6.8118608e-01   9.0164003e-01   7.1634640e-01   3.3405836e-01   2.0346409e-01   2.0910921e-02   2.8834693e-01   7.2316956e-01   8.3172704e-01   9.5732595e-01   6.8936322e-01   6.3123708e-01   4.9070197e-01   2.7364432e-02   2.5049615e-01   4.5486158e-01   3.7114232e-01   7.1963872e-01   5.1068191e-01   4.2246021e-01   9.4833665e-01   4.2160331e-01   5.3856113e-01   6.3954034e-01   7.4793013e-01   9.6529272e-02   7.6250761e-01   7.3250701e-01   8.7793035e-01   8.1962898e-02   4.7393994e-01   3.8096796e-01   8.9570942e-01   9.5980155e-01   1.8956779e-01   5.9506521e-01   1.4879320e-01   9.2257999e-01   3.7398254e-01   4.4097279e-02   1.4511523e-01   5.8980189e-01   6.8333352e-01   2.4541588e-01   7.9279686e-01
   9.7529876e-01   5.0002488e-01   3.7469255e-01   7.8086140e-01   2.1826733e-02   6.3555552e-01   9.1377174e-01   3.1961481e-01   1.8549388e-01   3.1956244e-01   8.0519869e-01   1.2102697e-01   8.7778154e-01   6.8438905e-01   3.3082184e-01   7.5111420e-01   2.9161216e-02   3.3077987e-02   4.3588759e-01   3.0638865e-01   3.9635421e-01   5.6850485e-01   8.1897962e-01   6.8830723e-02   3.5770642e-01   8.3029565e-01   2.7090886e-01   5.4758573e-01   1.7530125e-01   9.8292498e-01   2.4198409e-01   7.1798007e-01   6.4801896e-01   8.2398067e-01   0.0000000e+00   3.0102636e-01   4.4344237e-01   9.5001136e-01   6.0782064e-01   1.4350220e-01   9.5840446e-01   5.8014367e-01   8.0261635e-01   5.1793875e-03   2.8587976e-01   5.3285701e-01   4.0013079e-01   2.6020077e-01   1.3608216e-01   5.8688146e-01   9.0125936e-01   5.3737182e-01   2.2173786e-01   3.3866114e-01   3.0572419e-01   4.9670762e-02   7.2789655e-01   5.6659463e-01   1.6097437e-02   1.2831557e-01   5.7706329e-01   9.3268205e-01   5.0060050e-01   6.0855355e-01   1.1216548e-01   7.4146358e-01   1.9210014e-01   3.7399819e-01   9.4069305e-01   7.6263072e-01   5.8185329e-01   2.0906063e-01   6.4479514e-01   2.1949800e-01   9.1265077e-01   1.2226464e-01   9.7722884e-01   7.8029164e-01   5.2850861e-01   6.9440167e-01   3.1258789e-01   4.4477586e-01   2.0510316e-01   4.4615534e-01   3.9474661e-01   4.3097671e-01   9.9571253e-01   6.3945347e-02   1.1711136e-02   5.5996696e-01   2.3785339e-01   3.3945041e-01   6.9498935e-01   1.1701763e-01   1.6022795e-01   3.8173907e-02   2.5161507e-01   1.4540561e-01   8.6965071e-01   7.8802714e-01   7.5277199e-01
   5.0438102e-01   2.8866718e-02   3.7287190e-01   3.6866187e-01   7.9879192e-02   8.6351127e-01   3.1513929e-01   6.0431635e-01   7.3609152e-01   3.1638170e-01   5.0686948e-02   6.2959625e-01   3.3798296e-01   7.4955515e-01   8.8004889e-01   1.9125207e-01   9.7619513e-02   4.9247363e-01   7.5732137e-01   3.4370464e-01   9.7142740e-01   1.9339270e-01   3.9043218e-01   9.5214746e-02   5.6453126e-01   7.3670171e-01   3.8077348e-01   7.1122549e-01   8.2086309e-01   2.6025698e-01   8.1331891e-01   8.2330195e-01   8.9450432e-01   4.7991162e-01   6.3147538e-01   0.0000000e+00   6.1853369e-01   1.0903842e-01   6.5312740e-01   4.9942549e-01   5.1284617e-01   6.3825728e-01   3.2084298e-01   1.2047563e-02   8.6611893e-01   5.1840396e-01   2.6323329e-01   4.2580417e-01   7.4528133e-01   6.2540724e-01   1.2765762e-01   8.2980531e-01   8.3178067e-01   5.8095080e-01   7.3928025e-01   1.2903248e-01   9.2143099e-01   7.1139496e-02   4.6805091e-01   4.5715902e-02   7.8227028e-01   6.8777919e-01   6.9385870e-01   5.7401724e-01   3.6159003e-01   6.6331689e-01   2.7924483e-01   6.9465569e-01   7.0505611e-01   5.4006516e-02   9.2675542e-01   2.4886550e-01   4.9926064e-01   1.1615938e-01   3.3499974e-01   1.2511429e-01   9.8746412e-01   7.9996428e-01   4.6463582e-01   6.1283170e-01   7.3684032e-01   9.1460636e-01   1.4190957e-03   9.6778337e-01   1.4260922e-01   8.0566419e-01   4.8361978e-02   4.9990922e-01   4.4954526e-01   1.3325127e-01   5.4117894e-01   4.3775556e-01   5.8909906e-01   3.9433809e-01   9.5721693e-01   5.8727287e-01   5.7628109e-01   8.2093096e-02   2.8453980e-01   3.9807983e-01   5.7838011e-02
   5.0712824e-01   7.8674127e-01   1.5443431e-01   2.8030431e-01   8.1733917e-01   7.1423501e-02   7.8612895e-01   5.8706400e-01   2.6031795e-01   2.2624657e-01   4.3943188e-02   5.5320446e-01   8.5316698e-02   1.7007656e-01   7.8156015e-01   3.2218831e-01   3.0556529e-01   2.2062351e-01   1.1483584e-01   4.1319487e-01   6.4718662e-01   8.0547706e-01   2.1963397e-01   4.2583628e-01   6.9511870e-01   6.5080908e-01   6.5453832e-01   6.8517027e-01   8.6449246e-01   1.6055401e-01   7.2582125e-01   3.2790582e-01   2.5436205e-01   1.9744509e-02   8.2050277e-01   6.1070678e-01   0.0000000e+00   5.8629160e-01   4.5856909e-02   2.3050299e-01   6.8263750e-01   9.5639499e-01   9.2240031e-01   2.6999413e-01   8.2593108e-01   3.8197208e-01   2.2859174e-01   3.3244951e-01   2.4951953e-02   1.6595652e-01   5.1521237e-01   8.8434693e-01   4.8147131e-01   6.1694678e-01   2.5592331e-01   4.7592743e-01   7.3084379e-01   3.7625198e-01   2.6059725e-02   6.9743460e-01   6.2123238e-01   6.0905584e-01   1.3521197e-01   7.7402332e-01   3.9593137e-01   8.1357977e-01   8.6565287e-01   1.6183824e-01   2.2928529e-01   8.1579263e-01   5.4940024e-01   9.6135690e-01   9.9197601e-01   2.7413490e-01   5.7998827e-01   9.0960701e-01   8.2065228e-01   7.3399664e-01   5.2164512e-01   1.5339092e-01   3.4821371e-01   3.5144205e-01   9.4638484e-01   9.2041418e-03   1.7283001e-01   2.2469530e-01   3.2937015e-01   7.8401309e-01   1.7510469e-01   5.7480335e-01   8.9048480e-01   7.0938900e-02   1.5419487e-01   7.9163614e-01   5.9532240e-01   6.6558234e-01   8.4363463e-03   1.0797874e-01   2.2972004e-01   9.9571065e-02   9.9534324e-01
   8.5331632e-01   4.4828228e-01   1.6214177e-01   4.6055588e-02   6.5819795e-01   2.1737190e-01   3.7139707e-01   4.5616980e-01   9.0691425e-01   1.4668586e-01   4.1413831e-01   8.8263167e-01   7.3244398e-01   9.1109012e-01   4.1637473e-01   5.8720073e-01   9.7061926e-01   2.7193174e-01   5.5080733e-01   4.0106188e-01   3.4696441e-01   2.5484070e-01   6.2304278e-01   1.7380997e-01   4.7650764e-01   2.5592508e-01   1.6170376e-01   1.3942015e-01   9.1051869e-01   6.2294144e-01   5.4871064e-02   2.8501919e-01   3.9390718e-01   2.3505090e-01   4.2933435e-01   9.0289420e-01   7.9720028e-01   0.0000000e+00   1.8324342e-01   1.9488381e-01   8.6958554e-01   7.7447292e-01   2.2154520e-01   7.1882855e-01   8.9531721e-01   5.4867650e-01   4.8113970e-01   2.2247988e-01   6.7254496e-01   5.6621055e-01   6.4371381e-01   3.6307674e-01   5.5319444e-01   1.4193913e-01   8.6373436e-01   9.4919797e-01   5.0405062e-01   9.4240123e-01   2.5874844e-01   7.7013710e-01   9.0959154e-01   2.1413515e-01   6.3241219e-01   3.3855614e-01   5.3302268e-01   3.4371156e-01   3.1950062e-01   2.2492200e-01   6.5333459e-02   1.8459314e-01   8.4491203e-01   9.1626635e-01   7.1806917e-01   5.1781123e-01   3.5406319e-01   1.0948339e-01   2.3658594e-01   3.1777792e-01   5.8992275e-01   2.6526239e-01   8.4948011e-01   5.7811238e-01   7.5478473e-01   5.8885693e-01   8.4515426e-02   6.4222358e-01   7.0213674e-01   3.3884661e-01   2.8770638e-01   4.8542302e-01   6.0846173e-01   1.7966331e-01   5.3577773e-01   9.0591909e-01   3.5544374e-01   9.6956939e-01   4.6156200e-02   9.6214439e-01   5.3915028e-01   3.5125155e-01   2.1453293e-01
   4.2210016e-02   7.1760624e-01   3.8798180e-01   6.3199229e-01   6.2503887e-01   9.4173922e-01   5.3572483e-01   2.6664200e-01   4.2385393e-01   5.3505644e-01   5.2540370e-01   9.9031218e-01   4.9427419e-03   2.4647538e-01   3.5248989e-01   2.3392773e-01   8.6151957e-01   8.2315191e-01   9.4030117e-01   8.8155257e-01   2.9779065e-01   9.1506860e-01   9.0028840e-01   6.1794899e-01   7.6453191e-01   3.3243724e-01   1.0929240e-01   7.2305400e-01   7.2265728e-01   3.1227261e-01   7.6284576e-01   9.4329952e-01   5.3995941e-01   9.3149398e-01   7.4859081e-01   6.5089618e-01   2.9763527e-01   3.9269206e-01   0.0000000e+00   4.2667899e-01   2.5595035e-01   7.1592617e-01   1.6490276e-01   7.7003566e-01   1.5821129e-01   4.6073183e-01   3.4572178e-01   9.9582959e-01   3.9858357e-01   1.3222864e-01   7.7857534e-01   8.6603711e-02   3.5726750e-01   4.6941871e-01   8.1868832e-01   5.5816091e-01   1.4051053e-01   9.7508489e-01   6.4249321e-01   6.0947503e-01   9.8972171e-01   7.3360429e-02   6.7628959e-01   4.4010703e-03   9.9865282e-01   4.0347796e-01   7.5751760e-01   1.0031000e-01   6.2093962e-01   3.7837681e-01   8.8976735e-01   8.2588670e-02   6.4687119e-01   9.4627110e-01   7.0745992e-01   1.9661053e-01   3.7385418e-01   3.9590267e-01   9.9697568e-01   3.9666266e-01   7.5069324e-01   1.2538632e-01   9.0103079e-01   3.8890630e-01   7.8573149e-02   3.0660211e-01   8.1995902e-01   2.6781884e-01   3.6041161e-01   2.1933188e-02   1.7151594e-01   9.7131755e-01   1.9371723e-01   1.7711708e-01   1.1449493e-01   2.0040238e-01   9.2416871e-01   3.2374764e-01   3.7989262e-01   7.7464631e-01   7.6725979e-01
   2.7193765e-01   9.2669147e-02   2.2496777e-01   7.3267706e-01   2.8255184e-01   6.8075477e-01   4.9775114e-01   2.6990201e-01   1.9974327e-01   7.2804428e-01   6.3236677e-01   3.4533317e-02   3.3947930e-01   5.5831088e-01   9.0451610e-01   4.9595064e-01   5.1206695e-02   9.6146922e-02   5.7115607e-01   3.3027079e-01   8.9062608e-01   8.9000407e-01   4.0935487e-01   1.7333336e-01   7.2631115e-01   5.2771727e-01   9.4880337e-01   6.1060482e-01   5.5315217e-01   8.0263703e-01   2.8629516e-01   4.3124499e-01   8.8673229e-01   2.7953059e-01   5.5616358e-01   3.0235503e-01   2.5206460e-01   9.5156029e-01   3.6017161e-01   0.0000000e+00   7.5075651e-01   9.0363837e-01   3.9138569e-01   1.5598364e-02   6.5926526e-01   5.1020613e-02   2.8350274e-01   8.2215526e-01   4.3030919e-01   8.6831565e-01   7.5879137e-01   4.9481178e-02   3.0511863e-01   3.6192418e-01   5.6449084e-01   4.9393808e-01   7.4788265e-01   3.9362723e-01   5.2882987e-01   3.9268030e-01   8.3750494e-01   9.3622850e-01   3.6426261e-01   8.9501434e-01   5.8147735e-01   3.4568736e-01   2.0034733e-01   3.7207401e-01   2.3665020e-01   4.4908755e-01   8.9801193e-01   8.6710796e-02   8.3093624e-01   1.6607482e-01   7.1963909e-01   4.9279925e-01   9.1024435e-01   3.7305525e-01   8.8246783e-01   7.7588169e-01   4.1951254e-01   1.2456212e-01   1.7797061e-02   9.4810184e-01   1.6579688e-01   5.5665875e-01   5.7928243e-01   1.3903524e-02   7.5954760e-01   4.6375633e-01   4.4385416e-01   5.5329967e-01   7.4077889e-01   1.1487412e-01   9.5683943e-01   3.3352913e-01   7.0774265e-01   5.5496831e-01   1.0079929e-01   6.5438984e-01   9.8415344e-01
   6.6722989e-01   9.6314692e-01   8.3655239e-01   4.6120239e-02   8.9784554e-01   3.3094429e-01   3.7878922e-01   9.9295016e-01   3.7884713e-01   5.5831717e-01   2.7555199e-01   4.2007340e-01   4.3987636e-01   9.8163305e-02   7.4326514e-01   2.3711720e-01   3.7527599e-01   4.0921750e-02   4.7255344e-01   5.2790566e-01   5.8140310e-01   8.4810230e-01   6.1276094e-01   7.3573758e-01   3.5893206e-01   2.7192383e-01   7.9336598e-01   6.7977119e-01   3.9258039e-01   6.8165165e-01   5.0368969e-01   3.3384162e-01   2.5293739e-01   7.0068161e-01   6.3634261e-01   4.3330499e-01   1.3639250e-02   7.2739295e-01   2.6989137e-01   7.4712940e-01   0.0000000e+00   5.7567698e-01   4.6333322e-01   4.6255856e-01   4.8068092e-01   3.1730764e-01   4.0431686e-01   3.7730919e-01   7.8656534e-01   2.7781989e-01   2.9803751e-02   4.6251891e-01   2.2294246e-01   9.5818369e-01   6.9813949e-01   3.7474581e-01   8.6420640e-02   9.8555491e-02   1.3350453e-01   3.7318206e-01   1.1639486e-01   7.6636604e-01   6.1781392e-01   9.1214907e-01   9.9833784e-01   5.5171016e-01   9.0317393e-01   5.8673661e-01   4.8205282e-01   5.2811200e-01   5.3471291e-01   6.4139357e-01   3.7668011e-01   9.7374633e-01   7.4871510e-01   9.8006074e-01   3.2528266e-02   4.1496895e-01   1.5919726e-01   9.3959793e-03   4.7383995e-02   4.8292749e-01   5.2549486e-01   2.3001273e-01   9.1377937e-01   8.8505075e-01   9.8338441e-01   1.0750210e-01   4.7273503e-01   5.2804937e-01   8.3173596e-01   4.6332679e-01   2.9103358e-01   3.0846521e-02   6.7702986e-03   5.5144474e-01   4.1212997e-01   8.6992056e-01   8.6720241e-01   1.8133871e-02   1.5403648e-01
   9.5650352e-01   2.4276281e-01   8.4404447e-01   9.3070896e-02   5.5947345e-01   4.2651236e-01   8.4932793e-01   6.4587339e-01   5.4358176e-01   1.0910301e-01   6.0520753e-01   3.7772498e-01   1.7413970e-01   1.3343328e-01   8.6649809e-01   7.1936212e-01   1.8359420e-01   1.9261689e-01   3.5810833e-01   1.4176391e-01   1.5374981e-01   3.0580785e-01   9.8801048e-01   9.8218937e-01   3.1058675e-01   3.5396654e-01   8.4542441e-01   5.2815173e-01   5.8943527e-01   1.8383000e-02   2.0073751e-01   2.3434710e-01   7.8996406e-01   4.2005232e-01   4.0713319e-01   5.8400829e-01   2.8434143e-01   8.0816771e-01   7.4401743e-01   5.7982970e-01   6.9239991e-01   0.0000000e+00   5.1154825e-01   7.8317944e-01   6.1899816e-01   3.5204062e-01   9.2451782e-01   4.6246478e-01   9.1182621e-01   1.7565937e-01   1.4911395e-01   3.1181229e-02   5.9415658e-01   1.1819055e-01   9.6669988e-01   8.6888477e-01   1.2557220e-02   6.4806753e-01   8.3354404e-01   7.8722721e-02   4.7606065e-01   1.6648573e-01   5.0479715e-01   4.1649089e-01   5.7905067e-01   1.1079084e-01   3.3917081e-01   7.0907801e-01   4.3924771e-02   7.3809167e-01   8.1436293e-01   8.0687692e-01   5.1383283e-02   2.1373583e-01   6.0449216e-01   2.7531224e-01   2.0802058e-01   2.1912441e-02   4.1657695e-01   4.6145619e-01   2.0967959e-01   7.8215224e-01   8.3182867e-01   4.4079763e-01   2.2942190e-01   3.8382643e-01   8.2113992e-01   6.5138021e-01   4.5921870e-01   5.1452775e-01   8.3514100e-01   3.8603853e-01   9.5821041e-01   3.1873883e-01   6.4837065e-01   6.8625979e-01   8.0267752e-01   4.2589604e-01   4.2455866e-01   1.5191169e-01   1.5436799e-01
   9.7749941e-01   5.4953878e-01   8.2668431e-01   6.2090178e-01   9.8144436e-01   5.7516415e-01   2.6019428e-01   4.8018140e-01   7.9294686e-01   8.8852789e-01   8.2458640e-01   3.7986230e-01   4.4909864e-01   6.6195505e-01   7.8317850e-01   4.4656504e-01   7.6665663e-01   6.7285518e-01   4.5500216e-01   9.2709423e-01   1.2394233e-02   2.6558850e-01   6.8536927e-01   1.2853754e-02   6.9591522e-01   7.0185744e-01   8.1730462e-02   3.6711913e-02   3.4425148e-01   8.9410718e-01   8.1893415e-01   6.5730272e-01   9.2570224e-01   2.8135634e-01   9.7298177e-01   8.9909672e-01   3.8860069e-01   4.2889931e-01   6.7065360e-01   9.3535811e-01   7.8781777e-01   5.5429423e-01   0.0000000e+00   3.3681133e-01   5.1069939e-01   4.9028646e-01   1.5966692e-01   1.9474761e-02   9.7201962e-01   4.2120024e-01   4.2272034e-02   8.9455984e-01   6.9492180e-01   5.0004013e-01   1.6049426e-01   6.8604341e-01   1.4437252e-01   3.8424323e-01   8.1626224e-01   6.2480020e-01   8.6232642e-01   1.7105433e-01   6.8313848e-01   8.0708519e-01   9.3235788e-01   8.2478498e-01   6.1766627e-01   6.9000405e-01   8.7533189e-01   4.8256079e-01   8.5718030e-01   8.9922826e-01   2.1025336e-02   6.0574557e-01   1.4680773e-01   7.6455595e-01   3.1109296e-01   7.3502704e-01   6.5641008e-01   5.4187364e-01   8.4460118e-01   4.8809196e-01   6.5486452e-01   9.1957187e-01   7.5960860e-01   7.7627309e-01   4.0920164e-01   9.8530421e-01   2.6470773e-01   8.9855869e-01   6.8567287e-01   6.0811539e-01   8.1260270e-01   8.5950725e-01   1.9122942e-01   8.6899515e-01   7.9837731e-01   5.8856190e-01   1.4051350e-01   7.2481013e-01   3.1182320e-01
   6.2076327e-01   1.2930414e-01   7.6157175e-01   4.6803623e-01   4.6290881e-01   4.5844089e-01   1.5255339e-01   6.2860765e-01   6.9481788e-01   1.9078681e-01   8.0998244e-01   5.8014200e-01   7.9597415e-01   9.8433147e-01   6.2012034e-01   4.6942013e-01   1.2559311e-02   6.1467845e-01   7.6385577e-01   7.3290846e-01   9.6394952e-01   2.3362659e-02   1.1434558e-01   7.0089914e-01   4.1039179e-01   9.6302928e-01   5.9439152e-01   8.4698856e-01   4.4572872e-01   4.8765606e-01   9.9465591e-01   8.1434665e-01   3.4300966e-01   2.7321397e-01   4.6572117e-01   1.3845455e-01   8.7969042e-01   5.0440505e-01   2.8892545e-01   3.0636236e-01   7.0282595e-01   2.0460054e-01   9.5893615e-01   0.0000000e+00   1.5017274e-02   5.8994931e-01   1.3498819e-01   3.1564476e-01   5.4271980e-01   5.4846709e-01   9.9277799e-01   4.7927232e-01   7.2399680e-01   1.6193107e-01   6.7045231e-01   3.3062749e-01   3.5616637e-01   6.8891338e-01   4.4688684e-01   2.6482362e-01   5.0534445e-01   4.4669941e-01   4.2808220e-01   4.8056185e-01   2.4151393e-01   1.6905880e-01   9.5003937e-01   9.5423245e-01   7.3612063e-01   9.9409607e-02   5.1830171e-01   4.3675490e-01   6.7385510e-01   1.4708845e-01   3.4880750e-01   4.1712310e-01   7.9119017e-01   5.7586090e-01   5.0660944e-01   5.8885049e-01   8.8628877e-01   6.3409018e-01   9.2930457e-01   7.6884869e-01   4.9711356e-01   9.2964630e-01   7.5973658e-01   3.6901516e-01   1.6756924e-01   1.5173166e-01   8.5773903e-01   4.7346754e-01   2.2341454e-01   3.3460984e-01   7.3017910e-01   1.2401348e-01   8.5313912e-01   6.7837551e-01   4.1605773e-01   3.3429148e-01   1.4828382e-01
   7.6639263e-01   7.2214523e-03   8.0459320e-01   4.3848785e-01   7.9132571e-01   3.0932361e-02   5.0501159e-01   8.4891090e-01   5.4130314e-01   8.0143529e-01   6.2869087e-01   5.8006078e-01   8.7880922e-02   9.6015971e-02   4.5152399e-02   2.9738878e-01   8.0249710e-01   5.0630706e-01   9.0625436e-01   8.6346022e-01   5.1395000e-01   5.3502629e-01   4.4915652e-01   6.5539284e-02   9.4813711e-01   7.3385919e-01   5.4375160e-02   4.7144811e-01   3.2811747e-01   1.7000967e-01   8.2178841e-01   3.7542622e-01   2.1064261e-01   9.3535039e-01   2.3145902e-01   7.8270692e-01   8.0983332e-01   8.2191865e-01   2.6618510e-01   6.8540000e-01   9.1228123e-01   7.6260087e-01   4.6506294e-01   4.1837366e-01   0.0000000e+00   8.7922944e-01   2.6083419e-01   4.6576654e-02   9.2613604e-01   8.6183117e-01   1.6471529e-01   4.3037035e-01   3.2710754e-01   4.6463591e-01   6.5976809e-01   2.0608786e-01   3.0488085e-01   3.6147669e-01   8.4375256e-01   2.0712268e-01   7.1033186e-01   3.6860179e-01   5.2752113e-01   5.9987460e-02   6.2965053e-01   8.7684519e-02   4.2377544e-01   6.0279032e-02   8.5374685e-01   2.6926061e-01   6.9551100e-01   7.6978992e-01   3.1846547e-01   8.4717437e-01   2.4635269e-02   7.1872755e-01   3.2851676e-01   8.8838934e-01   3.1398461e-02   4.8598880e-01   9.0466742e-01   3.0052985e-01   3.7895943e-01   4.5113579e-01   8.9853867e-01   3.5137313e-01   5.0310546e-01   9.7473624e-01   8.0077869e-01   8.5148454e-01   6.2583771e-01   6.9616681e-01   2.0382211e-01   4.7573416e-01   4.1391340e-01   1.4381411e-01   7.4906495e-01   3.4539106e-02   4.3578792e-01   4.0077880e-01   8.0437781e-01
   3.0584543e-01   9.4213179e-01   8.7924292e-01   8.7491477e-01   3.3916181e-01   1.3359090e-01   8.0278154e-01   2.4325543e-01   4.6476145e-01   5.6644381e-01   3.9999744e-01   9.8689383e-01   4.1420991e-01   7.3874793e-01   9.9711508e-01   4.1371453e-01   9.2841690e-01   7.3479803e-01   5.2760869e-01   9.8183641e-01   8.7946200e-01   1.4166364e-01   8.1057167e-01   4.3225258e-01   7.4599784e-02   2.2139932e-01   4.5545623e-01   2.2456132e-01   9.5358608e-01   6.9920741e-01   5.8313166e-01   9.5170105e-01   3.7882762e-01   3.0800346e-01   1.1873897e-01   4.5478363e-02   9.8701618e-01   8.5087441e-01   7.0254582e-01   4.8160905e-01   2.4677043e-01   3.6721565e-01   5.0507358e-01   8.7288846e-01   4.0216259e-01   0.0000000e+00   9.1474063e-01   8.1616729e-01   4.0260823e-01   4.3496444e-01   3.1891062e-02   7.5463117e-01   7.4817345e-01   9.7215040e-01   2.5784461e-01   7.8287580e-01   6.7265320e-01   1.4761516e-01   9.1539329e-02   4.4994934e-01   9.5123982e-01   3.2423573e-01   3.8035346e-01   3.5499614e-01   1.2805665e-01   5.6089427e-01   8.5944395e-02   4.6059332e-01   8.4186430e-03   8.6263715e-01   4.4422855e-01   5.4850173e-01   7.0177109e-01   3.2307802e-01   3.2384341e-01   8.4487888e-01   6.9091432e-01   3.2715447e-01   8.9143558e-01   2.7784131e-01   3.7075886e-01   9.7841509e-01   2.9441060e-01   9.3732589e-01   3.6785352e-01   5.4806345e-01   4.5071647e-01   1.3799082e-01   7.9264168e-01   1.9954011e-01   3.6646275e-01   6.7782088e-01   9.3934977e-01   9.4405385e-01   2.7850277e-01   8.2496669e-02   8.6385071e-01   9.4895509e-02   2.0096842e-01   7.3167919e-01   5.1737259e-01
   4.0251106e-01   5.1982819e-01   1.2867419e-01   3.2765452e-01   2.1318708e-01   5.0605188e-01   2.7642497e-02   1.3881478e-01   5.3118256e-01   2.4421765e-01   4.4599920e-01   7.6128694e-01   5.8002183e-01   4.3789233e-01   9.4627104e-02   1.1862228e-02   8.3361490e-01   6.4929773e-01   3.0493076e-01   1.3924464e-01   9.7712050e-01   9.2721434e-01   5.3251874e-02   8.6398395e-01   1.9166688e-01   8.8304985e-01   8.4573109e-01   2.7393207e-02   9.7528433e-01   6.3194673e-01   8.9549612e-01   6.6841760e-01   2.8465182e-01   9.7416331e-02   6.8753215e-01   3.4434712e-01   9.1036862e-01   8.2811682e-01   1.8446287e-01   6.8194108e-01   4.1175522e-01   5.4628878e-01   8.3712956e-01   8.0027762e-01   3.8445475e-01   6.1025886e-01   0.0000000e+00   3.1919888e-01   1.3473250e-01   1.3364101e-01   5.4826123e-01   5.1857786e-01   5.9716819e-02   9.7483510e-01   5.3193785e-01   9.0029427e-01   8.7923685e-01   5.3728547e-01   4.3187484e-01   3.2528340e-01   3.8865246e-01   8.6283737e-01   5.1489156e-02   2.3039591e-01   2.4884262e-01   4.8147047e-01   2.5294647e-01   5.0517904e-02   7.2332780e-01   4.9426274e-01   9.5041561e-01   7.2156958e-01   2.9363774e-03   5.9655529e-01   5.3595667e-01   8.5676047e-01   4.5832228e-01   6.3442919e-01   6.1153579e-01   4.0576474e-01   3.3259077e-01   9.7262128e-01   8.0964961e-01   2.9159123e-01   8.7748350e-01   5.6448253e-01   2.0200088e-01   7.5893767e-01   2.3075903e-01   3.5332134e-01   2.8402388e-01   6.6752586e-01   5.0887459e-02   3.3652429e-02   1.5962802e-01   5.4577026e-01   3.2731831e-01   7.6223230e-01   6.7972456e-02   4.0508738e-01   3.5604918e-01
   5.3453072e-01   1.7320349e-01   8.9620417e-01   5.7702896e-01   5.7320486e-01   4.9809457e-01   4.3197325e-01   2.8651371e-01   2.6306503e-01   3.3466435e-01   2.7543520e-01   2.8588135e-01   9.0734168e-01   8.8473551e-01   7.4305189e-01   8.2554958e-01   9.1697715e-02   7.5146802e-01   5.1199306e-01   8.7937818e-01   1.3887263e-01   3.2826505e-01   6.2238911e-01   9.3244529e-01   6.1928075e-01   1.8804833e-01   1.9482888e-01   1.0264816e-01   3.6321870e-01   8.6681329e-01   7.1957791e-01   3.2063285e-01   6.7987307e-01   1.0438901e-01   4.2416290e-01   7.4486397e-01   3.6004355e-01   8.8779121e-01   5.0648110e-01   2.6498300e-01   4.2194480e-01   1.1259551e-01   1.8648261e-01   6.2555060e-01   5.9977051e-01   7.8695307e-01   4.4496918e-02   0.0000000e+00   3.4444388e-02   5.0306238e-01   3.1978242e-01   8.7720562e-01   5.2027285e-01   3.8287784e-01   7.4630422e-01   9.6552533e-01   4.7876177e-01   4.5771972e-01   8.3124838e-01   9.7670865e-01   1.7250683e-01   5.3957025e-01   9.9429118e-01   5.7416995e-02   2.5794070e-01   9.0018166e-02   7.5344186e-01   2.1135967e-01   7.1784656e-01   7.8819223e-01   3.5024630e-01   3.6552625e-01   9.5698757e-01   4.2575005e-01   5.7809249e-02   2.7942298e-01   9.5097738e-01   5.4122993e-01   3.9393406e-01   8.6240575e-01   6.7251093e-01   1.5989650e-01   9.1344120e-01   2.1486443e-01   8.2371603e-02   2.5153310e-01   2.9707168e-02   7.5767446e-01   4.2519690e-01   4.2619313e-02   9.0291718e-01   7.3732890e-01   8.1370128e-01   6.3177233e-01   3.7056446e-01   2.0772966e-01   3.9831571e-01   6.5086414e-01   9.7726457e-01   8.0048289e-01   2.7096459e-01
   9.3342888e-01   4.6096073e-01   3.9293387e-01   4.0781504e-01   3.5081807e-02   3.8973137e-01   2.3470038e-01   6.2777572e-01   4.2788955e-01   6.9778690e-01   8.8247656e-01   2.4745945e-01   1.0266900e-02   3.5389197e-01   3.4248098e-01   3.0619224e-01   7.5318987e-01   7.1992533e-01   9.1653147e-01   9.0927493e-01   1.7651076e-01   6.2873153e-02   9.1319849e-01   8.0586171e-01   2.1158311e-01   8.7572952e-01   4.9967962e-02   8.3587719e-02   2.1306384e-01   9.4249839e-01   6.6334193e-01   3.6156510e-02   1.3232702e-01   3.2317543e-01   2.0321477e-03   8.6675705e-01   7.7205167e-01   8.4858665e-02   6.9552929e-01   5.5507134e-01   1.7608510e-01   4.7623769e-01   2.5993390e-01   6.1996454e-01   5.9379785e-01   8.8111169e-01   2.4388913e-01   5.1848881e-01   0.0000000e+00   7.6810369e-01   8.7672471e-01   1.4335202e-02   9.7318230e-02   6.9894806e-01   8.6512477e-01   8.5504742e-01   1.2449426e-01   4.8505095e-02   2.4743174e-02   6.5532674e-01   4.8312911e-01   7.3976543e-02   6.2433922e-01   6.7911155e-01   1.5861575e-01   8.9588932e-01   8.0162340e-01   6.8213947e-01   9.3909240e-01   2.8567612e-01   9.8309017e-01   9.6667403e-01   6.8389072e-02   4.5353759e-01   4.4767009e-01   4.1537920e-01   7.9428041e-01   7.4421331e-01   4.3329555e-01   4.5206777e-01   8.0841333e-02   9.9752238e-02   7.9261868e-01   4.7566936e-01   8.2867234e-01   4.9183784e-01   3.2087692e-01   4.5319895e-01   9.3770010e-01   1.5026562e-01   7.2355673e-01   1.8472114e-01   1.1781420e-02   8.1294690e-01   7.9934850e-02   2.3234140e-01   2.4458035e-01   1.6193733e-01   7.4465847e-01   2.5604188e-01   5.9353777e-01
   2.0364590e-01   3.7855590e-01   2.2563898e-01   5.5638114e-01   3.5128683e-01   9.7188323e-01   7.9997804e-01   2.0313966e-01   5.7971730e-01   8.2396084e-01   2.5724490e-01   9.7351720e-01   7.6887342e-01   4.9691653e-01   6.0904240e-02   2.8247102e-01   4.7402912e-01   6.6477980e-02   7.7555036e-01   2.8940340e-01   1.4393619e-01   9.3979929e-01   4.2905000e-02   7.6586401e-01   5.6572537e-01   2.0663848e-01   7.7106792e-01   6.8219003e-01   6.0190813e-01   1.7304973e-01   1.6728176e-01   7.5900518e-01   1.4903626e-01   4.5673306e-01   5.7209762e-01   9.9480931e-01   9.0728317e-01   6.4470876e-01   8.9141217e-01   5.8924593e-01   1.1569973e-01   1.5405030e-01   5.9461165e-01   4.8332457e-01   2.0679619e-02   3.1623535e-01   7.3363332e-01   9.6475553e-01   4.7744756e-01   0.0000000e+00   1.9512542e-01   8.3790793e-01   1.7456469e-01   2.9205532e-01   8.3810960e-01   2.1922542e-01   5.2804319e-01   3.9100372e-01   1.6223506e-03   5.0738530e-01   5.7308839e-01   4.9675638e-01   3.4710518e-01   6.6684398e-01   6.9946479e-01   1.2869539e-01   4.9023193e-01   5.6575980e-02   3.8263325e-01   9.2358264e-01   5.7046583e-01   4.8424956e-01   7.1853192e-01   8.8816949e-01   1.5223000e-01   5.6162432e-01   2.2091601e-01   2.4752654e-01   6.5901167e-01   7.4922408e-01   4.2009465e-01   2.9957227e-01   6.5683691e-01   6.7164413e-01   4.0988730e-01   5.0313646e-01   2.1909509e-01   2.9320052e-01   7.1556887e-01   2.3035588e-01   2.0544925e-01   2.9791178e-01   8.5728263e-02   5.0891881e-01   1.4668007e-01   5.6320849e-01   4.7284160e-01   9.5375552e-01   5.4851520e-01   2.6907717e-01   5.9522475e-01
   6.1857614e-01   5.7121023e-01   4.9288296e-01   6.5091381e-01   6.9585500e-01   1.3645538e-01   7.5353838e-01   6.5748367e-01   7.7209568e-01   2.7572116e-01   3.2553615e-01   2.7284692e-02   6.3282565e-01   2.9247388e-01   2.3977795e-01   5.5776579e-01   2.8548616e-01   9.3798523e-01   7.5936924e-01   5.6270273e-01   2.5247168e-01   6.1998560e-01   2.1124852e-01   3.3072326e-01   9.6448399e-01   5.1641165e-01   3.0787173e-01   5.4841997e-01   9.0460130e-01   3.5912318e-01   3.9327067e-01   9.5106068e-01   8.4478087e-01   5.3633856e-01   1.3705186e-01   2.6192945e-01   2.9639925e-01   7.0577341e-01   9.0209590e-03   9.5456603e-01   8.4122241e-01   8.9241252e-01   4.7371433e-01   3.9562099e-01   5.7462466e-01   7.5511095e-02   5.0164365e-01   4.7282017e-01   2.6635875e-01   9.2797750e-01   0.0000000e+00   2.7772630e-03   6.7628591e-01   1.9372578e-01   5.4872490e-01   6.5880879e-01   1.6393395e-01   8.7192066e-01   3.4637357e-01   7.8785527e-01   2.8753968e-01   3.1657365e-01   7.9606762e-01   9.5018387e-03   9.1245606e-01   4.8344013e-01   3.2392753e-01   2.7698844e-01   6.0871773e-01   7.6360490e-01   3.5906796e-01   1.5563102e-01   4.5339212e-01   1.2780271e-02   7.1860041e-01   7.1448021e-01   8.4746197e-01   8.5103969e-01   3.3675253e-01   5.9945285e-01   8.3911053e-01   7.1418721e-01   5.1495688e-01   9.6921428e-01   9.2990001e-01   6.0672450e-01   9.2455143e-01   6.1063188e-01   9.2944771e-02   8.0738241e-01   2.0287109e-01   3.1738588e-01   7.1634083e-01   9.7083638e-01   8.2213832e-01   7.7581709e-01   7.9711843e-01   3.4543556e-01   9.1032167e-01   1.3986541e-01   1.8235349e-01
   7.1347811e-01   1.0435963e-01   5.1774161e-01   5.8932838e-01   3.3297480e-02   4.8570165e-01   9.4433372e-01   4.0710189e-01   3.0574422e-01   4.6693228e-01   1.2400192e-01   4.4732657e-01   7.5684177e-01   9.6919878e-01   5.9418347e-01   7.4587522e-01   4.2831396e-01   2.2564388e-01   8.0573014e-01   4.6362579e-01   1.7666820e-01   1.2413006e-01   8.4005666e-01   9.3705598e-01   4.0163354e-01   1.4749423e-01   7.3546381e-01   5.3223886e-01   8.5670322e-01   5.9708304e-02   5.4012262e-01   5.3508103e-01   9.3129276e-01   4.4454413e-01   6.5937068e-01   7.3942636e-01   7.9619572e-01   9.0043979e-01   3.8047980e-01   8.5997303e-01   7.0962583e-01   5.1011675e-01   8.3070502e-01   4.9788486e-01   8.9974079e-02   2.5961020e-01   7.3365604e-01   8.2446629e-02   5.4322275e-01   3.8477294e-01   6.1080977e-01   0.0000000e+00   8.5382065e-01   2.5594770e-01   9.4427056e-01   1.6877960e-01   7.2558029e-01   1.9079137e-01   2.0342845e-01   1.1748755e-01   9.6308300e-01   2.0685423e-01   4.9841886e-01   3.4237003e-01   3.3472919e-01   1.8502909e-01   4.9897612e-01   3.9682306e-01   9.7970503e-01   5.3069397e-01   2.7624368e-01   2.3499149e-01   2.3264332e-01   4.2932639e-01   7.0329051e-01   2.6908503e-01   8.5040290e-01   4.8726251e-01   3.1603007e-01   3.2788537e-01   8.2341307e-02   9.1060428e-01   7.4537566e-01   6.7873237e-01   2.9077591e-01   3.2027034e-01   7.8437184e-01   3.0791178e-01   9.3321288e-01   4.7852867e-01   1.4287076e-01   8.5310689e-01   9.8277918e-01   8.6821694e-01   4.6649607e-01   1.2364468e-01   1.3249304e-01   9.7059403e-01   1.7979270e-01   5.7301976e-01   8.2046180e-01
   4.7226521e-02   3.3863895e-01   2.4902956e-01   8.5930184e-01   7.3488350e-01   5.6715353e-01   7.5386656e-01   8.4674352e-01   1.3429535e-01   6.6508850e-02   1.8385139e-02   6.8654104e-01   7.1893011e-01   7.8338970e-01   1.9448080e-01   9.5258322e-01   4.2306778e-01   7.1972791e-01   8.0031852e-01   9.3803827e-01   2.0504954e-01   2.5881941e-01   6.4195357e-01   1.8590562e-01   7.8515660e-01   9.5740584e-01   1.0524395e-01   2.1355926e-01   8.1742043e-02   4.5700573e-01   6.7152988e-01   9.5681829e-01   8.5810097e-01   8.9264245e-01   1.6169866e-01   2.0955891e-01   4.8980367e-01   7.9557247e-01   3.1078101e-01   4.4255777e-01   9.9025932e-02   8.0847779e-01   5.5425689e-02   9.8065463e-01   3.1936323e-01   1.2327814e-01   4.2394637e-02   2.8446038e-01   4.5205188e-01   2.2969728e-02   1.5860871e-01   5.7724662e-02   0.0000000e+00   6.5698606e-01   9.9800445e-01   5.0830088e-01   8.4670847e-01   6.4816442e-01   8.3809694e-01   8.0283826e-01   6.1686102e-01   6.8114042e-01   3.1979729e-01   9.4537706e-01   8.3668254e-02   6.8894937e-01   4.0509604e-01   8.2405398e-01   4.0839540e-01   6.8166695e-01   3.1522780e-01   2.3194799e-01   1.2279947e-01   9.3095098e-01   6.4732991e-01   1.1881706e-01   8.3337386e-01   9.6461686e-01   4.7298159e-02   3.8019470e-01   2.1034395e-01   9.6765225e-01   5.2125914e-02   8.9382701e-01   3.1458409e-01   4.4709158e-01   3.7968335e-01   6.2503870e-01   3.7835186e-01   5.0003435e-01   4.0114921e-01   8.6371714e-01   5.8051746e-01   2.3879607e-01   9.1473666e-01   2.1773293e-01   7.9062061e-01   5.8497751e-02   4.0149916e-01   5.9144711e-01   2.8320677e-01
   5.9040044e-01   1.9637268e-01   6.6872446e-01   3.2767988e-02   3.1738250e-01   5.9197503e-01   8.0503988e-01   7.6498043e-01   8.6969488e-01   3.3381824e-01   1.6852018e-01   4.4513503e-01   6.7916493e-01   4.8809384e-01   7.8457946e-01   7.9628825e-01   4.7226317e-01   8.6999282e-01   5.4019639e-01   2.5269442e-02   2.5488710e-01   5.7813935e-01   8.5143370e-03   4.8960290e-02   4.3209752e-01   8.8616361e-01   1.7126854e-01   5.7177376e-01   2.1564737e-01   9.1999397e-02   7.6868320e-01   6.3483441e-01   6.0070485e-01   9.6215675e-01   7.3134064e-01   5.5045299e-01   8.8787436e-02   4.1001735e-01   7.9506098e-01   7.6873198e-01   4.8796119e-01   9.4409297e-01   3.8469411e-01   6.7113391e-02   1.0917586e-01   9.8420053e-01   4.0149646e-01   1.6974430e-01   7.9578164e-01   6.2659382e-01   5.5905947e-01   2.7929472e-01   9.4543433e-02   0.0000000e+00   7.0967860e-01   2.8511281e-01   5.4049292e-01   7.2951456e-01   2.4994361e-01   1.6878366e-01   7.0659141e-01   6.5002372e-01   8.4572021e-01   2.3964474e-01   5.9324015e-01   7.4073180e-01   5.5025951e-01   5.4714985e-01   9.6138612e-01   1.3608921e-01   9.0459309e-01   7.1631681e-01   3.4796462e-01   3.9099566e-01   3.6576263e-02   9.3226189e-01   5.8175116e-01   3.9321104e-01   3.2214030e-01   9.8648546e-01   8.6383233e-01   4.6844452e-01   7.4513019e-02   5.6666571e-01   9.7352463e-01   5.4876229e-01   2.4888093e-01   1.2459960e-01   1.8839427e-01   7.0527880e-01   8.2470199e-02   4.3070617e-01   5.0930608e-02   3.4422429e-01   1.7529108e-01   8.3337153e-01   8.8158611e-01   1.6609485e-01   2.1929328e-01   2.8489339e-01   3.3254169e-01
   6.0851398e-01   2.3772747e-01   5.4509145e-02   8.2459541e-01   2.8465063e-01   3.9342121e-01   1.1790883e-01   9.8820129e-01   8.9275007e-01   7.6813969e-01   2.0968836e-01   6.9141585e-01   4.9517009e-01   2.3917414e-01   8.4584885e-01   1.1693858e-01   5.9080111e-01   2.0278303e-01   3.3471133e-01   8.4406216e-01   4.6898995e-01   9.8777758e-01   2.5501111e-02   9.3627399e-01   7.3944056e-01   4.4943153e-01   1.9374250e-02   9.8747793e-01   9.1930893e-02   7.6883577e-01   2.8191663e-01   5.8775580e-01   5.5226782e-01   2.7628209e-01   5.8511109e-01   1.1392967e-01   4.3781099e-01   1.7786754e-01   1.2252319e-01   5.4918730e-01   9.9734284e-01   5.5705319e-01   1.0599514e-01   1.2684042e-01   9.1025639e-01   6.6054069e-01   3.4688414e-01   5.9285799e-01   7.1497432e-01   6.2563989e-01   3.3367949e-01   8.0881795e-01   9.4136817e-01   8.4084177e-01   0.0000000e+00   7.1134275e-01   4.5196255e-01   7.4867356e-01   7.1216257e-01   2.1057666e-01   5.2268633e-01   6.4165172e-03   7.5909573e-01   1.0166003e-01   1.0964392e-01   6.8247802e-01   2.0213387e-01   2.9541010e-01   2.8061175e-01   8.4756181e-01   8.2276012e-01   6.7755012e-01   6.9507044e-01   7.0508748e-01   8.7083250e-01   5.4661471e-01   5.3053818e-01   2.2222164e-01   2.6937247e-01   7.9434577e-01   8.2537310e-01   2.7034572e-01   2.6538923e-01   4.7190832e-01   1.8430033e-01   5.4197775e-01   3.1107393e-01   9.9382934e-01   5.8008641e-01   1.1561236e-01   7.1652014e-01   9.7551819e-01   6.5139587e-01   4.6481871e-02   7.8214180e-01   3.4089261e-01   8.9599006e-02   2.4888736e-02   8.0705080e-01   3.7665645e-01   1.0672467e-01
   1.8206039e-01   2.6661855e-01   4.3621410e-01   9.6199136e-01   8.4010393e-02   8.5202238e-01   7.1757727e-01   8.4514249e-01   9.1990303e-01   3.8449522e-01   8.3105020e-01   1.4849234e-01   7.4715711e-01   5.9129612e-01   2.7847548e-01   5.2628129e-01   5.6769817e-01   3.1760058e-01   4.1671177e-02   2.1130679e-02   7.0480038e-01   8.8871970e-01   1.5850736e-01   5.3833074e-01   1.1737273e-01   7.3912867e-01   9.9469605e-01   2.9104291e-01   4.9172618e-01   3.8480238e-02   9.9294931e-01   5.4523775e-01   5.0990873e-01   7.4777785e-01   1.4334074e-02   9.9409409e-01   5.6849882e-01   5.9147174e-01   1.4291644e-01   2.1487109e-01   1.9824072e-01   7.9853478e-01   9.4886121e-01   7.5881072e-01   5.9769021e-01   7.3857631e-01   3.0416523e-01   1.3548290e-01   1.9561826e-01   9.3555549e-01   1.4554872e-01   7.7643517e-01   4.7724810e-01   8.0017463e-02   7.8004687e-01   0.0000000e+00   5.1924559e-01   9.6166832e-01   1.6620527e-01   6.5034708e-01   6.2881976e-01   8.8209003e-01   6.8075106e-01   4.9203032e-01   5.1414199e-01   4.4385001e-01   6.0493747e-01   6.2368483e-01   1.7795694e-01   3.5435067e-01   8.4355260e-01   1.2212826e-01   1.4356495e-01   3.5435097e-01   4.5754351e-01   6.2351972e-01   7.0033076e-02   6.4576601e-01   5.8024026e-01   4.2999273e-01   5.7410577e-01   6.1329326e-02   8.6163637e-01   2.4763259e-01   1.3986572e-01   2.5084542e-01   8.9937701e-01   3.6765718e-01   6.2598656e-01   5.3663846e-01   6.4425836e-01   7.6654217e-01   3.3120392e-01   5.6774652e-01   4.9376790e-02   2.7074161e-01   7.4664796e-02   6.8544787e-01   3.6112547e-01   3.9798697e-01   2.5052737e-01
   4.8668761e-01   4.7305696e-01   8.3720935e-01   5.7413408e-01   2.0097256e-01   4.0957704e-03   5.3541660e-02   9.1033698e-01   3.6550018e-01   6.4628243e-01   5.2580623e-01   3.1211218e-01   7.7616733e-01   9.8502601e-01   5.0423616e-01   9.4210658e-01   3.4314190e-01   2.9764318e-01   9.5072134e-02   5.0423250e-01   2.5265957e-01   7.5789734e-01   1.5243000e-03   9.5274111e-01   4.9836036e-01   1.9603066e-01   9.0343764e-01   8.5400099e-01   3.4717696e-02   2.2015028e-01   9.7844550e-01   1.4545338e-01   1.5456567e-02   2.1056955e-01   3.7400047e-01   8.0520933e-01   5.7050509e-01   4.8634982e-01   8.9846421e-01   6.0576035e-01   5.8306987e-01   8.8969705e-01   7.6292309e-01   8.1705838e-01   8.4455193e-01   2.2113559e-01   7.5165068e-01   3.5724367e-01   6.9702627e-01   7.1888449e-02   6.8320896e-01   4.3780098e-01   9.0627626e-01   1.7535796e-01   1.3000370e-02   5.2587700e-01   0.0000000e+00   8.1787432e-01   2.5479786e-01   1.8600344e-01   2.3980579e-01   1.7162852e-01   3.9356178e-01   3.8825213e-02   7.0299361e-02   4.1039796e-01   3.9344834e-02   1.7721812e-04   1.7077865e-01   7.4007481e-01   4.3199729e-01   3.2311321e-01   7.9020722e-01   9.8671405e-01   7.8099166e-01   4.0832059e-02   8.5636032e-01   4.5010339e-01   2.4004626e-01   8.4399328e-01   5.2230316e-02   5.4613814e-01   5.8370138e-01   2.7184809e-01   1.9380916e-01   8.4556208e-01   8.5589738e-01   5.9547488e-01   4.3073378e-01   5.2039059e-01   7.5427449e-01   3.5007718e-01   1.9624535e-01   5.8477933e-01   2.5818080e-01   8.9088279e-01   4.5397940e-01   5.1818688e-01   3.4262143e-01   7.4457987e-01   1.2846990e-01
   2.5265254e-01   9.7881823e-01   3.6381346e-01   1.2956952e-01   3.8559505e-01   6.3517530e-01   9.3989591e-01   4.8273067e-01   3.4070523e-01   2.9527475e-01   1.6730189e-01   1.2578735e-01   2.1750892e-01   5.9646535e-01   7.7313195e-02   6.3429533e-01   4.1575464e-01   3.9916428e-02   1.5746389e-01   1.5944080e-01   3.1245820e-01   7.8560843e-02   1.6468075e-01   3.8818191e-01   3.2174099e-01   9.6177135e-01   3.6174950e-01   1.8302620e-01   4.3690184e-01   4.3895003e-01   8.8379112e-01   4.2501819e-01   2.3605305e-01   5.0619511e-01   7.8974691e-01   4.9293908e-01   9.7663848e-01   5.6372989e-01   6.7731998e-01   1.2061304e-01   4.0617953e-01   4.1123596e-01   5.2532704e-01   2.0215986e-01   4.9870371e-01   5.3062011e-01   8.7847425e-01   5.1649551e-01   1.6490214e-01   4.1469168e-01   2.2600935e-01   3.9991165e-01   3.1471583e-01   1.9081830e-02   8.4360984e-02   7.3013013e-02   9.5807651e-01   0.0000000e+00   4.3048905e-02   8.0068052e-01   7.7177329e-01   9.5611525e-01   5.7930380e-01   1.7149621e-01   8.2491273e-01   8.9383670e-01   5.6445088e-01   1.8825886e-02   2.7849370e-01   2.3208474e-01   2.6549648e-01   4.6960067e-01   7.5613515e-01   1.1667130e-01   7.6888802e-01   7.5722919e-01   9.8161113e-01   1.8097746e-01   8.4127441e-03   3.3746782e-01   3.8359737e-01   5.6470272e-01   8.9770340e-01   5.5154208e-01   1.2225957e-01   4.8721472e-01   4.0371199e-01   9.6496817e-01   7.6980635e-01   9.5702320e-01   1.9580950e-01   3.4282956e-01   1.0760336e-01   3.3052133e-02   7.2188307e-01   8.9583060e-01   5.1395002e-01   8.0861671e-01   7.4621595e-01   4.3107731e-01   7.4057872e-01
   7.3289597e-02   5.2366827e-03   7.4267640e-01   7.7808214e-01   4.0884635e-01   6.9549454e-01   1.9258340e-01   4.7629805e-01   9.2087855e-01   4.2643567e-01   6.9034085e-01   6.5845414e-01   6.0746979e-01   3.9580013e-01   5.5164958e-01   8.3770635e-01   9.6594131e-01   8.4755912e-01   8.9083721e-01   3.2307560e-01   3.5041791e-01   2.2058132e-01   9.9477078e-01   8.0074262e-01   8.3711095e-02   4.9689622e-01   6.3347873e-01   5.0342280e-01   4.6726201e-01   1.4953670e-01   8.8004051e-01   6.4494009e-01   9.3651258e-02   4.8522363e-01   3.9646037e-01   5.8015920e-01   1.7492497e-01   2.7622207e-01   3.6173952e-01   6.1384533e-01   2.3542963e-01   1.0115206e-01   7.5017335e-01   9.8200477e-01   6.1673066e-01   2.7691066e-01   4.0581082e-01   9.6588104e-01   9.9948474e-01   8.2162812e-01   7.1133126e-01   2.4439465e-01   7.7333053e-01   1.0755425e-01   6.9309802e-01   4.5891306e-01   1.3263413e-02   6.9939834e-01   0.0000000e+00   4.9971613e-01   1.2930890e-01   6.9450724e-02   8.7023016e-01   7.7542002e-01   9.7996749e-01   5.5235902e-01   9.4429564e-01   3.7390937e-01   1.0163071e-01   1.5043833e-01   7.7111807e-01   1.9932786e-01   5.0557882e-01   3.1255530e-01   5.7073869e-01   5.1017100e-01   6.5279040e-02   1.5824596e-01   1.2506644e-01   8.6988483e-02   4.3718753e-02   4.7029436e-01   3.7169339e-01   2.9948786e-02   5.0696274e-01   8.0547953e-01   6.0766417e-01   6.2241637e-02   1.1554074e-01   1.7940159e-01   2.6446587e-01   5.2172587e-01   5.3458608e-01   8.3683875e-01   2.9331621e-01   8.6575916e-01   8.7103403e-01   9.8532627e-01   7.0635215e-01   8.9528592e-01   5.2452865e-01
   5.9150868e-01   7.5052074e-01   4.4282884e-02   9.7786583e-01   1.3031061e-02   8.9646791e-01   3.6607640e-01   3.6251904e-01   9.9710896e-01   6.0514712e-01   2.1076575e-01   8.5543944e-01   7.7772983e-01   6.4782709e-01   8.6203324e-01   3.9770696e-01   7.9169183e-01   7.5120693e-02   4.9693689e-01   4.1706392e-01   6.2713466e-01   2.9624849e-01   4.7964096e-01   6.2059934e-02   4.5555670e-01   1.8805167e-01   3.5536089e-01   6.3038114e-01   9.8575801e-01   2.8148111e-01   6.6927244e-01   1.0102063e-01   8.0202528e-01   5.3950780e-01   4.4601916e-01   9.6102408e-01   1.8056796e-01   8.6394632e-01   7.9017934e-01   3.9176630e-02   4.0878747e-01   3.4665728e-01   4.6099557e-01   7.2071875e-01   4.5594480e-01   8.2134160e-01   3.4493541e-01   2.2658499e-01   3.1014344e-01   1.4390625e-01   3.8698226e-01   1.6494333e-01   8.4409076e-01   8.8643857e-01   8.0071893e-01   6.3040126e-01   4.3267333e-01   7.9855981e-01   1.0314263e-01   0.0000000e+00   6.4066059e-01   6.3232509e-01   3.0887931e-01   9.0542052e-01   3.6615874e-01   5.8818065e-01   4.4251970e-01   8.3684545e-01   2.3781156e-01   6.1932280e-02   6.2857954e-01   7.1940269e-01   9.0679710e-01   7.7139758e-01   5.6196064e-01   5.7656797e-01   1.7104722e-01   6.1950603e-01   4.9759965e-01   6.8403887e-01   4.0469303e-01   3.0742430e-01   3.4499177e-01   2.0963950e-01   1.5314806e-01   3.7966784e-01   4.7784679e-01   5.6917132e-01   9.4503904e-01   5.3452730e-01   6.4222665e-02   7.0525034e-01   5.5727426e-03   6.5875862e-01   4.0896008e-01   5.2733269e-01   2.8450761e-01   7.7487556e-01   5.9238966e-01   5.0028367e-01   9.4593316e-02
   8.2861716e-01   9.0605204e-01   5.0382347e-02   5.8357952e-01   9.1587236e-01   6.3854345e-01   5.1449719e-01   9.1437554e-01   9.5921353e-01   9.2552899e-01   6.1426388e-01   5.6789196e-01   4.8635316e-01   9.5604171e-01   7.5987187e-02   3.5148443e-01   9.9490954e-01   2.8829537e-01   3.0697168e-01   8.3045397e-01   6.0705431e-02   5.6418330e-01   4.4850262e-01   3.0416907e-01   2.4709872e-01   8.9403413e-01   1.4041380e-01   8.7468407e-02   9.7629347e-01   4.9743163e-01   6.8031331e-01   4.0697839e-01   2.2963347e-01   1.5486234e-01   3.5135763e-01   7.5427636e-01   1.5649126e-01   6.0362483e-01   2.3417392e-01   7.2471334e-01   9.7114103e-01   7.3983015e-01   8.2145955e-03   3.5705707e-05   8.2392356e-01   8.9827153e-02   2.9759343e-01   6.9242698e-01   4.6941259e-01   4.3515380e-01   3.0280571e-01   5.1757107e-01   8.9683905e-01   1.3487942e-01   6.0135158e-01   3.8998137e-01   2.2643927e-01   7.4287171e-01   9.2313846e-01   1.4077974e-01   0.0000000e+00   5.7723528e-01   6.0059626e-01   9.4003223e-01   5.2877745e-01   4.9192647e-01   7.6326505e-01   5.5500169e-01   3.5601083e-02   7.4245724e-01   2.1046989e-01   2.1271243e-02   3.4362456e-01   9.1260042e-01   8.4080504e-03   7.6759392e-01   7.1687261e-01   4.3367979e-01   7.1020263e-01   1.2297917e-02   2.7179387e-01   1.5140950e-01   4.0675549e-01   9.1170148e-01   1.6462774e-01   1.8301659e-01   8.4887017e-01   9.6796793e-01   8.6598936e-02   8.3850803e-01   5.4086147e-01   7.7213956e-01   6.8302443e-02   9.2259157e-01   2.8676135e-01   4.6163481e-01   7.4447691e-01   7.3027593e-01   2.9505782e-01   9.0803581e-01   5.7318482e-01
   2.9544031e-01   7.2930359e-02   4.2555178e-01   8.0296992e-01   9.5290270e-01   6.9362172e-01   8.7115846e-01   6.0006599e-02   1.0105762e-01   9.8689204e-01   5.8566772e-01   8.1532877e-01   9.4386122e-01   1.2002563e-01   7.4269536e-01   2.0492734e-01   2.3732333e-02   4.1222680e-02   6.7471240e-01   8.2829778e-01   7.5415072e-01   8.8308666e-01   6.3725302e-01   6.9343794e-01   3.4372999e-02   2.1478212e-01   7.9447636e-01   8.6635087e-01   2.4866272e-01   6.2405872e-01   8.2703577e-02   8.0519824e-01   7.6987473e-01   9.0008392e-01   9.2059429e-01   3.1827276e-01   3.0493384e-01   6.3085765e-01   3.7671263e-01   3.3372261e-01   8.0831309e-01   4.2637182e-01   5.6817755e-01   3.8104384e-02   6.9132673e-01   2.6575909e-01   7.1402218e-01   3.9666793e-01   4.3046773e-01   2.3427596e-01   2.2533075e-01   1.6660556e-01   2.0224786e-01   6.3932874e-01   5.5076001e-01   7.2641849e-01   3.0965958e-01   2.9019562e-01   8.0151522e-01   1.7968446e-01   6.5604489e-01   0.0000000e+00   8.8409721e-01   6.5078953e-01   5.2761420e-01   3.4305174e-01   4.2807139e-01   1.0384961e-02   9.1447955e-01   9.3619977e-01   4.6127825e-01   2.3799489e-01   7.6383763e-01   4.2040989e-03   9.9097318e-01   9.4100594e-01   5.6261967e-01   6.3784231e-01   7.2911070e-01   6.4637982e-01   4.9307466e-01   4.6267003e-01   4.7134757e-01   9.0410139e-01   3.2233121e-01   5.2103264e-01   7.8324870e-01   7.1808222e-01   1.7478348e-01   6.7063483e-01   5.3148104e-01   9.7019926e-01   2.7720342e-01   9.3722385e-01   1.4145265e-01   5.4708259e-01   9.6904625e-01   4.5879921e-02   4.2822823e-01   4.9788273e-03   6.4720673e-01
   2.3261047e-01   6.6039078e-01   8.3273689e-01   2.4775317e-01   3.3574661e-01   8.4763363e-01   3.3629593e-02   9.9281573e-01   3.7311934e-01   7.7054120e-01   4.7942213e-02   3.2120040e-01   5.7408610e-01   9.0258029e-01   8.9423404e-01   9.4790975e-01   5.0382079e-02   8.9711571e-01   6.9135155e-01   1.9238860e-01   5.2998882e-01   2.7816307e-01   4.8065956e-01   9.7005789e-01   1.8813463e-01   2.6107399e-01   1.4869618e-01   8.2319457e-01   6.0517771e-01   7.7558515e-01   6.1858947e-01   6.8723904e-01   6.5355055e-01   2.5367610e-01   7.1209985e-01   1.0692752e-01   3.2218645e-01   1.5632742e-01   8.0129954e-01   7.7150654e-01   6.5229108e-01   7.9326676e-01   4.0517816e-01   8.8483662e-01   5.8284396e-01   1.5444855e-01   2.5099442e-01   4.4928771e-01   3.3328765e-01   7.8847874e-01   3.7011485e-01   1.3963222e-01   6.1300493e-01   6.4507583e-01   7.4336438e-01   5.9713373e-01   8.0504886e-01   4.2403007e-01   7.2772558e-01   9.3359561e-01   4.2299007e-01   4.5865844e-01   0.0000000e+00   6.5045100e-01   2.2996085e-01   7.3655439e-01   5.8238429e-01   7.7473255e-01   7.8325336e-01   4.1256675e-01   7.4597937e-01   5.2352979e-02   6.1434045e-01   4.6976891e-01   3.5171071e-01   3.1256577e-01   7.3316859e-01   5.8150112e-01   7.7815006e-01   3.5938856e-01   9.7691975e-01   8.4839872e-01   9.4905026e-01   4.7226129e-01   3.5494209e-01   1.7544226e-01   3.8045654e-01   6.9912767e-01   3.9044700e-01   5.3805062e-01   2.8968940e-01   1.7289051e-03   9.8435891e-01   2.1850215e-02   9.4963918e-01   8.0580267e-01   8.5677344e-01   9.6576028e-01   2.3307636e-01   2.4370990e-01   9.4127187e-01
   5.2234471e-02   4.1139017e-01   4.3567051e-01   8.1891394e-03   5.0074262e-01   5.4896615e-01   5.0237260e-01   3.8230024e-01   6.1325791e-01   5.5019163e-01   4.2868258e-01   5.4437378e-01   3.2139201e-02   5.6604506e-01   8.7522059e-01   8.5945716e-01   4.8699975e-01   1.9872771e-01   2.3325596e-02   2.8053526e-02   7.3399020e-01   1.0089224e-01   1.3006820e-01   2.2355701e-01   6.7926784e-01   1.9373670e-01   2.7884458e-01   5.5018664e-02   8.0058672e-01   1.9451778e-01   1.4768963e-01   8.3285712e-01   3.7154474e-01   9.3927791e-01   6.0028083e-01   1.9712533e-01   8.4041891e-01   2.7424337e-01   4.9497561e-03   9.4358976e-01   2.1929672e-01   9.9006560e-03   9.6351762e-02   9.8512129e-01   2.5724756e-01   9.8887996e-01   4.4146334e-01   4.7518413e-01   2.8129889e-01   8.5352048e-01   4.5492062e-01   4.5052036e-01   7.4463171e-01   1.5048108e-01   8.9135957e-01   7.5263168e-01   4.6765270e-01   7.5634460e-01   3.4933261e-01   4.4513908e-01   7.1996603e-01   6.9882788e-01   8.9341088e-01   0.0000000e+00   9.1841574e-01   8.5145855e-01   8.5474320e-02   8.7608736e-01   5.1928576e-01   9.7637986e-01   7.5677769e-01   6.6599762e-01   6.7704913e-01   8.0118228e-01   7.6336789e-01   5.7483437e-01   4.0323403e-02   3.6406130e-02   8.6695251e-01   3.2454722e-01   5.8987582e-01   6.8155574e-01   9.3675782e-01   1.2427509e-01   9.1550914e-01   7.4147422e-02   3.2842845e-01   9.5926491e-01   6.5807533e-01   1.8865567e-01   5.1716470e-01   8.2890587e-01   3.8873156e-01   8.8848702e-02   4.2126345e-01   2.7660050e-01   6.9997561e-01   5.9206555e-01   2.9715448e-01   7.5853879e-01   7.7441126e-02
   1.0387626e-01   6.1796749e-03   9.2552494e-01   9.3304734e-01   5.9928418e-02   5.7094255e-01   2.4655604e-01   3.8187132e-01   7.5949620e-01   3.8658700e-01   8.5279993e-01   9.5233666e-01   7.1514797e-01   2.4501931e-01   5.4956631e-01   4.4279695e-01   7.8745876e-01   9.2618590e-01   9.9274699e-01   4.0703257e-02   4.6596640e-01   2.6626069e-01   5.2834193e-01   9.3608933e-01   5.3475004e-01   7.2999590e-01   2.8787148e-01   8.5161556e-01   2.4588192e-01   8.6398993e-01   9.1590851e-01   1.9886841e-02   9.0104769e-01   1.7827709e-01   8.6321675e-01   5.0646453e-01   2.6322692e-01   9.3657162e-01   2.7485353e-01   7.5815513e-01   3.8912706e-01   2.9988226e-02   5.4981568e-01   2.8213700e-01   8.4158508e-01   6.2116700e-01   6.5498564e-01   6.8522327e-01   6.3750479e-01   8.2713440e-02   7.8100833e-01   4.1456074e-01   7.5305077e-01   8.1122984e-01   1.0428013e-01   6.1698328e-02   7.1201167e-01   7.3066258e-01   8.5484738e-01   3.3579275e-01   9.3080252e-01   1.2987324e-01   2.9121830e-01   6.8749577e-01   0.0000000e+00   9.6072349e-02   1.6732063e-01   7.5635955e-01   9.4557071e-01   3.3817466e-01   5.5467132e-01   7.0734407e-01   5.6002630e-01   7.2653484e-01   2.2802647e-01   1.0907099e-01   9.1063574e-01   7.5809810e-01   8.1414045e-01   4.2570018e-01   7.4839748e-02   6.1365466e-01   2.8042871e-01   7.8607488e-02   8.3378701e-01   9.7676767e-01   8.1298012e-01   7.0169956e-01   5.6170031e-01   1.3175188e-01   8.3033195e-01   7.2758986e-01   5.9037732e-01   1.8665013e-01   9.0042533e-01   1.3170097e-01   2.2780577e-01   9.7516071e-01   4.0058939e-01   4.1039489e-01   5.5394872e-01
   7.5298274e-01   6.0621275e-01   1.4536550e-01   3.8607528e-01   7.1818496e-02   6.0633009e-01   7.7295524e-01   6.1551801e-01   6.2895797e-01   7.0727756e-02   4.2204126e-01   9.5080987e-01   6.9117639e-01   4.0851765e-01   7.4852530e-01   1.8385283e-01   2.1694705e-01   9.0024503e-01   1.9905664e-01   3.1885852e-01   9.9846695e-01   3.8097493e-01   4.1846316e-01   9.0595367e-02   8.3136540e-01   6.5568973e-01   7.4898524e-01   8.6185415e-01   4.5051030e-01   1.5920981e-02   8.0425287e-01   2.1394558e-01   8.1627232e-01   1.1518751e-02   7.4231939e-01   2.6947188e-02   9.3511843e-01   5.4805856e-01   9.0343031e-01   4.7496394e-01   5.4905284e-01   5.8050073e-01   3.5561476e-01   6.8933175e-01   3.4647519e-01   4.4730752e-01   4.5460944e-01   3.0506498e-01   4.8429564e-01   4.6172582e-01   2.9993723e-02   2.9917681e-01   5.0675152e-01   7.0038065e-01   8.1212544e-02   4.7555867e-01   7.6177741e-01   5.6390698e-01   5.5819634e-01   2.1227895e-01   9.3812568e-01   5.5141664e-01   5.2678019e-01   7.0494026e-01   3.7720228e-01   0.0000000e+00   5.5182057e-01   2.7074903e-01   5.8310399e-02   3.6068156e-01   8.2815099e-01   7.5374472e-02   2.5728003e-01   7.5836918e-01   4.2159784e-01   8.3970217e-01   4.6556950e-01   5.7248914e-01   2.1833380e-01   2.4766752e-01   1.5535363e-01   7.1575142e-01   8.0876280e-01   4.7343844e-01   7.6494611e-02   2.4360865e-01   3.8709317e-01   1.5130267e-01   4.1922296e-01   1.1991958e-01   8.5554013e-01   9.1027431e-01   5.8662048e-01   9.0338279e-01   7.7895908e-01   7.5768744e-01   4.4913188e-02   1.9246866e-01   9.3925828e-01   8.5051258e-02   9.3473612e-01
   7.2508362e-01   2.1739690e-01   4.8410895e-01   5.9079592e-01   9.3797198e-02   6.7260307e-01   6.4872735e-01   2.9966582e-01   9.1241518e-01   7.9592528e-01   2.3508819e-01   4.6249350e-02   8.8265977e-01   4.0512058e-02   8.0768139e-02   5.8306543e-01   2.9782177e-01   9.9701397e-01   2.0972386e-01   3.7624732e-01   9.3476202e-01   1.5901399e-01   9.6055972e-01   3.3092990e-01   2.7525243e-01   8.0349459e-01   1.1853836e-01   6.0020082e-01   3.6005305e-01   5.5216675e-02   4.9183859e-03   4.9850840e-01   5.0596688e-01   1.6084278e-01   4.9706053e-01   7.4587729e-01   9.8413027e-01   9.7166153e-01   8.9608383e-01   6.6775971e-01   6.0101036e-01   3.6920857e-01   2.9300711e-01   3.4731201e-01   3.1990890e-01   1.1852075e-01   1.8854965e-01   3.6380330e-01   4.4628277e-01   2.6595848e-01   8.3186243e-01   5.0506264e-01   8.0778028e-01   7.3240447e-01   7.2807163e-01   7.9762771e-01   1.2766886e-01   2.6512296e-01   8.4238908e-01   4.2507078e-01   2.0710017e-01   1.1069623e-02   2.6515780e-01   4.6527475e-01   7.6605588e-01   7.6727029e-01   0.0000000e+00   9.4419064e-01   7.6015078e-01   6.3374073e-02   1.9087072e-01   8.1054536e-02   9.5949492e-01   3.9498776e-01   5.2707066e-01   5.9441711e-02   9.3343085e-02   5.7082683e-02   2.5132323e-01   8.2929451e-01   1.6401874e-01   5.8740608e-01   4.0181198e-01   1.7340380e-02   8.4140177e-01   2.4944808e-01   7.8915448e-01   4.4436398e-01   8.0648314e-02   6.3767843e-01   9.2973613e-01   4.7664267e-01   3.3432496e-01   8.5995561e-01   9.2196963e-01   1.1699158e-01   3.3512080e-01   9.2988755e-01   6.3054286e-01   2.8919145e-01   1.7781194e-02
   4.3083397e-01   1.8634835e-01   6.2594879e-02   4.8872015e-01   8.7365543e-01   3.3828378e-01   1.2795419e-01   6.3715078e-01   3.3649260e-02   1.3354584e-02   6.5176364e-01   7.2785483e-01   1.9138118e-01   5.0277910e-02   2.7379605e-01   4.7840459e-01   9.7837448e-01   8.5420432e-01   1.5014761e-01   8.0330695e-01   5.0929103e-01   2.0521603e-01   1.9294205e-01   1.8565445e-02   9.7486977e-01   4.5183931e-01   9.7884120e-01   4.9400464e-01   8.5254257e-01   1.0571229e-01   7.4352635e-01   5.1722007e-01   2.6319448e-01   3.7757972e-02   3.8076162e-01   1.8958859e-02   4.1918141e-01   3.2616683e-01   9.6369151e-02   7.4331629e-01   4.3544387e-01   8.3421781e-01   3.7890578e-01   5.1043849e-01   2.4495127e-01   4.5470456e-01   6.2171001e-01   4.7261404e-01   2.4031729e-01   9.1012440e-01   7.5841140e-01   7.4339863e-03   9.1454767e-01   6.9316383e-01   4.6826641e-01   4.0174813e-01   6.0936723e-01   6.8924088e-01   8.3996125e-01   7.2892238e-02   4.2633666e-01   6.2405904e-01   8.4034153e-01   6.7396178e-01   6.3568539e-01   4.8825022e-01   7.5518111e-01   0.0000000e+00   2.2206502e-01   8.7242717e-01   4.7004124e-01   3.0556018e-01   9.5326673e-01   7.9555799e-01   2.1785742e-01   9.7941820e-02   9.8204248e-01   2.2594915e-01   4.9349546e-01   7.4194130e-01   1.5527877e-01   4.4224273e-01   9.2016736e-01   6.5802473e-01   2.9585038e-01   8.3051540e-01   5.5476502e-01   5.8612266e-01   7.1724468e-01   1.6558131e-01   8.5911787e-01   6.4522824e-01   6.4122087e-01   5.5617814e-01   5.6030605e-01   7.6942476e-01   9.0847896e-01   5.3738380e-01   9.0440215e-01   3.1981595e-01   7.6645209e-01
   1.2053191e-01   3.1730297e-02   6.0139060e-01   2.2519130e-01   7.2527850e-01   2.1298963e-01   2.7821445e-01   8.4264097e-01   8.5232535e-01   4.8178289e-01   7.0651363e-02   2.6048374e-01   9.0524276e-01   7.3894247e-01   7.3307325e-01   3.8990308e-01   2.9609137e-01   7.1106227e-01   9.1278349e-01   9.5687510e-01   5.0786290e-01   1.1921569e-01   8.7226882e-01   8.9849918e-01   5.3633421e-01   5.2566847e-01   4.6919207e-01   5.8841696e-01   8.9545660e-01   7.3217461e-01   4.0183238e-03   8.1327052e-01   5.0982770e-01   1.8372504e-01   8.7043275e-01   6.5554620e-01   7.1233299e-02   2.8770687e-02   8.9890991e-02   3.4766301e-01   8.3147610e-01   4.9684593e-01   5.6252540e-01   6.9616486e-01   3.4901653e-01   6.5847335e-01   4.6698212e-01   4.8040524e-01   3.6551032e-01   8.5763035e-01   1.7097699e-01   2.9219194e-01   2.0410916e-01   2.5736371e-01   1.8095113e-01   4.8201847e-01   2.2087301e-01   2.0653390e-01   3.6788281e-01   7.7968250e-01   5.1415472e-01   1.0419452e-01   5.9907134e-01   3.1616931e-02   8.0296467e-01   4.4995751e-01   8.9680661e-01   1.7802379e-01   0.0000000e+00   6.0296211e-01   9.7392401e-01   8.4253422e-01   2.3100939e-01   4.1483571e-01   3.5286392e-01   7.3862582e-01   5.5523122e-01   5.9101992e-03   2.2641689e-01   2.6559016e-01   8.9468769e-01   5.3004160e-01   5.7145853e-01   7.5204307e-01   7.6485072e-02   8.5177737e-01   5.4261311e-01   2.7728560e-01   8.9358385e-01   6.4778446e-01   3.9787829e-01   3.7211047e-01   1.5551441e-01   2.4297531e-01   7.7879733e-01   9.1419801e-01   7.1398174e-01   8.9474716e-01   8.2195314e-01   1.8969256e-02   9.4782135e-01
   4.0024638e-01   6.0774120e-01   9.8498203e-01   6.9359773e-01   4.5427140e-01   3.4483163e-01   9.0540329e-01   9.1842678e-01   8.2747342e-03   6.0379077e-02   1.4824506e-01   9.4129052e-01   6.7677842e-02   6.7597597e-01   6.0669641e-01   5.1286743e-01   3.4408214e-02   4.1285646e-01   1.8612590e-01   7.8007921e-01   7.7983194e-01   5.8680002e-03   7.3716928e-01   2.4023578e-01   4.1635375e-02   7.4626288e-01   3.5199995e-01   8.3556145e-02   6.4038048e-01   7.2921078e-01   8.5957220e-01   8.6318692e-01   3.3499189e-01   3.2380073e-01   7.5585996e-01   2.3300882e-01   7.7404957e-01   1.6463543e-01   1.0838181e-01   8.9543540e-01   5.3631687e-01   9.7524593e-01   7.4833123e-01   3.3625418e-01   1.7472610e-01   9.1964211e-01   3.4867385e-01   9.7475049e-01   1.6396429e-01   1.5243436e-01   4.0950468e-01   3.8137210e-02   8.8855564e-01   9.6861606e-01   9.7926064e-02   9.9821597e-01   5.3303486e-01   8.4504342e-01   6.8696952e-01   6.3333576e-01   5.4487153e-01   7.5361698e-01   8.4970411e-01   8.2057965e-01   5.0700163e-01   2.4606949e-01   1.7795968e-01   2.9726367e-01   6.5159927e-01   0.0000000e+00   5.2573974e-01   5.5194924e-01   5.1160489e-01   1.1919588e-01   5.5275634e-01   4.1208981e-01   4.8968972e-01   6.1019382e-01   2.5904085e-01   5.2387666e-01   1.4118852e-01   6.9031653e-01   9.5240689e-01   1.3333277e-01   2.9037602e-01   3.5461415e-02   5.3053530e-01   1.3620544e-01   7.7155415e-01   7.0908730e-02   1.5671281e-01   4.2302559e-01   6.6105407e-01   8.8092560e-01   5.5745387e-02   9.7465603e-01   9.6895037e-01   7.6250488e-01   2.5582355e-01   4.2790546e-01   8.0951575e-01
   4.9299266e-01   6.9376369e-01   8.3744348e-02   7.6162706e-01   5.7351734e-01   8.1408160e-02   9.2883508e-01   3.9909882e-01   4.3798063e-02   4.8876706e-02   1.3979667e-02   6.2447883e-01   7.4779026e-02   6.9802701e-01   2.2220226e-01   6.0924557e-01   3.2426851e-01   1.3831844e-02   5.6654907e-01   6.0310109e-01   2.5221227e-01   6.1927034e-02   5.7365257e-01   1.8752552e-01   1.8921240e-01   1.6651575e-01   8.6215487e-02   3.3543863e-01   8.9203298e-01   7.6617061e-01   3.9366026e-01   8.6968229e-02   9.7197994e-02   5.2542521e-01   3.1047268e-01   9.7948404e-01   3.9058902e-01   4.1891975e-01   9.7133448e-01   2.8269819e-02   2.9193384e-01   4.0113682e-01   6.3326805e-01   4.2527760e-01   7.8364697e-01   7.2805294e-02   7.0465521e-01   7.7592440e-01   9.5481851e-01   9.1172543e-01   9.1603951e-01   6.2259310e-01   9.7149881e-01   2.5521370e-01   7.1769441e-01   2.5320388e-01   5.1627041e-01   4.9173916e-01   8.9425548e-01   4.6787082e-01   5.6490558e-01   9.1940750e-01   3.8478722e-01   4.7578203e-01   6.9055004e-02   8.5974036e-01   4.5295065e-01   2.2631168e-01   8.8726111e-01   2.7536612e-01   0.0000000e+00   5.7302414e-01   4.9417655e-01   6.6126272e-01   6.3853846e-01   8.8769782e-01   1.3860291e-01   7.0084405e-01   2.3782974e-01   6.9413442e-01   2.0930402e-01   1.9175184e-01   1.9380775e-01   1.3617353e-01   6.1601099e-01   4.4803811e-01   3.9439219e-01   7.0223769e-01   5.8755654e-01   9.4722312e-01   9.4296244e-01   8.1375653e-01   7.1880779e-01   6.4539804e-01   7.4245928e-01   5.6203947e-01   1.8094345e-02   1.0097853e-01   3.8573977e-01   3.9877853e-01   8.6226888e-01
   4.9320962e-01   2.9820851e-01   7.8597750e-01   3.3318313e-01   6.0414266e-02   1.2511029e-01   5.2479129e-01   3.9091178e-01   2.0003177e-01   3.8791888e-01   4.3377720e-01   4.1049716e-01   4.1730118e-01   6.1440037e-01   9.9949070e-01   6.5891625e-01   3.6642796e-01   5.5778873e-01   5.1607585e-01   7.9523616e-01   9.1526620e-01   2.5652277e-01   7.8323940e-01   4.2351480e-01   7.1269823e-01   1.3796176e-01   9.8182308e-03   8.9533109e-01   2.8630437e-01   7.1610596e-01   2.1552934e-02   7.2119744e-01   1.3468589e-02   1.6466564e-01   6.6644559e-01   8.7903568e-01   5.3036814e-02   3.1071842e-01   5.0286388e-01   6.7631460e-01   2.2555322e-01   5.4385296e-01   8.0696486e-01   6.6963185e-01   7.9212901e-02   7.3267542e-01   1.0321460e-01   1.6112580e-01   8.0614555e-01   5.1738402e-02   6.7675587e-01   7.1888380e-02   5.1034727e-01   4.6920466e-01   7.2010138e-01   8.6316548e-01   3.2745289e-01   7.5186252e-02   8.6077149e-01   2.0211393e-01   9.3765181e-02   6.3961454e-01   6.4209188e-01   5.3049335e-01   4.0592415e-01   1.2819129e-01   5.4957951e-01   1.7969999e-01   7.4836631e-01   7.6302799e-01   2.5665286e-01   0.0000000e+00   5.2481830e-01   5.6227785e-01   4.3957402e-01   1.3480165e-01   4.7948936e-01   4.2689403e-01   8.2749615e-02   2.8330493e-01   5.3537708e-01   6.8677478e-01   2.9472266e-01   7.7337734e-01   1.2354204e-01   9.3718431e-02   8.0250491e-01   1.2055306e-01   2.2956313e-01   4.1129950e-01   9.6679230e-01   1.4062531e-01   2.6292368e-01   3.0398035e-01   2.9156515e-01   2.7015405e-01   3.3046485e-01   4.0022019e-01   1.2534098e-01   7.9199062e-01   1.2762342e-02
   3.2301623e-01   4.0444268e-01   9.9920881e-01   6.4238687e-01   7.9981800e-02   8.6558085e-01   2.6447882e-02   1.0758164e-01   8.2794373e-01   5.3139188e-01   8.5174806e-01   3.1193200e-01   6.9800972e-01   4.3083999e-01   9.7249133e-01   3.1956362e-01   5.8560302e-01   8.3852454e-01   8.9859148e-01   4.9247759e-01   8.9184868e-02   2.6115576e-01   8.3031776e-01   9.1974642e-01   6.8065658e-01   8.8105431e-01   5.0348083e-01   4.6607103e-02   5.2534164e-01   3.8104983e-02   2.5016255e-01   8.7994173e-01   6.1225511e-02   9.5647383e-01   5.7731034e-01   6.1619805e-01   5.3824458e-01   3.1434133e-01   9.2258724e-01   1.4039914e-01   5.0403450e-01   7.0709169e-01   4.2455029e-01   5.7276577e-01   3.7694983e-01   7.1821098e-01   1.9007925e-01   9.8074640e-01   4.5675305e-01   6.6461198e-01   3.3039718e-02   1.5418680e-01   7.5283877e-01   9.0720441e-01   1.0387786e-01   6.5741082e-01   3.9177475e-01   4.4457748e-01   7.2572222e-01   4.6226675e-02   7.3769956e-01   1.4806282e-01   4.3557630e-01   5.5512158e-01   3.0800995e-01   9.9904700e-01   1.4384277e-01   4.1526419e-01   9.1370297e-01   6.0782540e-01   9.6484693e-01   5.9755267e-01   0.0000000e+00   4.2956307e-01   1.8963592e-01   3.0061093e-01   8.8754940e-01   9.8023335e-01   1.1369500e-01   8.7131023e-01   7.5990300e-01   7.9558526e-01   7.6977930e-01   5.2697572e-02   8.6118297e-01   9.9317494e-01   2.0251377e-01   2.7658308e-01   6.3327904e-01   6.2251343e-01   2.6930878e-01   2.4340469e-01   4.5440689e-01   4.6881205e-01   2.4892916e-02   6.1783363e-01   5.0811296e-01   8.5064487e-02   8.1073505e-01   3.4923222e-01   3.9884709e-01
   1.6884556e-01   1.1334770e-02   6.2897559e-01   6.3511613e-01   4.1724403e-01   8.2408901e-01   2.1084906e-01   4.6568904e-01   3.6846657e-01   8.1482588e-01   5.8605436e-01   4.5968707e-01   8.5533037e-02   3.2891660e-01   7.6181302e-01   4.9971149e-01   1.7035069e-01   9.5728596e-02   9.0313202e-01   5.1429248e-01   5.5873012e-01   1.2420651e-02   6.3893334e-01   8.3873905e-01   7.8421182e-01   6.4968383e-01   4.5137088e-01   2.6282543e-01   8.8143885e-02   7.3460838e-01   6.1398706e-01   8.6636012e-01   7.9220444e-01   5.2048218e-01   8.7484745e-01   7.9646131e-02   5.1845183e-01   8.0298756e-02   3.6223179e-01   5.3217366e-01   9.7159113e-01   5.8861875e-01   3.8107000e-01   1.0782485e-01   8.3637035e-01   5.7443910e-01   1.7159364e-01   1.8336727e-01   1.4884883e-01   5.4898591e-01   6.8277709e-02   1.3024546e-01   6.0403935e-01   5.7486807e-01   1.7221876e-01   9.2863517e-01   3.6184489e-01   9.0850349e-02   9.0316491e-01   4.3242059e-01   6.8705477e-01   7.7755891e-01   1.4125164e-01   3.1689445e-01   8.9263455e-01   5.1929733e-01   9.0892538e-01   1.1273742e-01   4.0162531e-02   5.1995378e-01   7.0225179e-01   6.6101163e-01   6.8364909e-01   0.0000000e+00   3.7681433e-01   8.7108797e-01   7.4642394e-01   8.1235947e-01   9.1304263e-01   8.0786287e-01   3.8507300e-01   1.4534757e-02   1.7635529e-01   3.8681002e-01   4.4924978e-01   6.0954526e-01   7.6322466e-02   9.9075107e-01   8.0607411e-02   1.7866006e-01   9.5355355e-01   9.6521028e-01   8.3354617e-01   3.3444188e-01   2.0900452e-02   4.6608711e-01   4.8947987e-01   1.3352656e-01   9.5877326e-01   3.9466023e-01   6.6423689e-01
   9.5103503e-01   5.1416821e-01   4.2935598e-01   8.7561346e-02   6.9604864e-01   6.6179734e-02   4.6317453e-01   6.0620851e-01   4.6321231e-01   9.8298403e-01   5.9577966e-01   7.3211149e-01   1.1267484e-01   8.0530402e-01   2.4974617e-01   9.2850592e-01   6.1083027e-02   8.5872226e-02   9.2299208e-01   2.8402444e-01   2.7789162e-01   6.1772894e-01   5.2200319e-01   7.5129743e-01   1.9793195e-02   9.9045761e-01   9.4711650e-01   6.9883904e-01   8.5211292e-01   1.3401515e-01   1.3778525e-01   5.2951720e-01   6.4678056e-03   7.6991726e-01   7.5924943e-01   7.8624835e-01   2.0365185e-01   9.7107938e-01   2.2602074e-02   6.2852836e-01   4.6093169e-01   5.1127266e-01   5.3518291e-01   7.7932429e-01   8.8661735e-01   5.3179286e-02   8.8658120e-01   5.8802527e-01   3.2204768e-01   4.7061806e-01   5.4258630e-01   4.0589344e-01   7.4309802e-01   6.7407928e-01   2.5076320e-01   3.8143894e-01   1.8035189e-01   1.1819925e-01   9.0195516e-01   8.8032984e-01   7.9975677e-01   8.7282422e-01   5.6412189e-01   6.0552023e-01   3.9763950e-01   6.8493303e-01   8.5803444e-01   7.4804237e-01   6.7473573e-01   9.3869657e-02   6.5877355e-01   8.2604056e-02   4.2421082e-01   8.6567712e-01   0.0000000e+00   6.4270751e-01   7.8730509e-01   3.5675817e-01   1.5693536e-01   6.8595623e-01   6.1224400e-01   4.7576827e-01   1.8649236e-02   2.3786134e-01   7.5526393e-01   4.7403596e-01   7.2250194e-01   1.1170778e-01   2.5224626e-01   6.0067632e-01   9.5523194e-01   2.9021632e-01   5.2017635e-01   3.6276929e-01   2.7975531e-01   1.3177692e-01   5.6916435e-01   4.9646715e-02   4.9424165e-01   8.1648665e-02   1.2913539e-01
   5.3283251e-01   6.4502876e-01   9.2786432e-01   2.7321141e-01   3.6554838e-01   5.7075706e-01   8.2046243e-01   4.7693551e-01   5.0419862e-02   7.6529063e-01   6.7240252e-01   8.4293220e-01   8.4615956e-01   8.7253122e-01   5.7562113e-01   1.4586196e-01   1.2602036e-01   7.6321238e-01   8.0713185e-02   4.5123489e-01   6.5481892e-01   3.6667396e-01   5.9540910e-01   3.8444491e-01   4.3752781e-01   3.2964006e-01   6.4981634e-02   3.2139154e-01   7.6261171e-01   7.8474446e-01   4.4513499e-01   8.8236075e-01   2.0200359e-01   1.0467211e-01   2.9821760e-01   9.4728764e-01   5.6496065e-02   5.1313878e-01   8.3815535e-01   4.5105694e-02   1.8234122e-01   9.4367532e-01   8.7856178e-01   4.4128157e-01   4.7617275e-01   7.4879758e-01   1.1179957e-01   5.4265636e-01   1.8530325e-01   1.5944441e-01   6.1785800e-01   5.5831299e-01   5.8764944e-02   5.7910238e-01   7.5639075e-01   5.6385029e-01   4.2146665e-01   8.7988339e-01   6.6042085e-01   3.4618712e-01   7.7982549e-01   1.4293846e-01   7.2455361e-01   5.3586133e-01   7.0043284e-01   5.7515490e-01   2.8716701e-01   3.3439809e-01   9.3292806e-01   2.7107367e-01   4.2600650e-01   7.8973932e-01   4.2526572e-01   9.5548504e-01   2.6608322e-01   0.0000000e+00   9.1807628e-01   4.8913821e-02   4.3052410e-01   1.0686086e-01   5.2948936e-02   9.8921000e-01   9.1300144e-01   9.5950858e-01   6.4915381e-01   1.8397411e-01   8.5252118e-02   3.4125897e-01   6.3560303e-01   5.8160310e-01   7.5299467e-01   1.7896460e-01   8.3743829e-01   7.5793946e-01   5.3212759e-01   4.1730971e-01   9.5680609e-01   5.6861209e-01   1.7477407e-02   7.9885989e-01   9.5337672e-01
   7.3937006e-01   8.2782934e-01   3.6241501e-01   1.2141394e-01   4.3224880e-01   4.0963655e-01   3.3189658e-01   8.9179346e-01   3.2748987e-01   4.5342299e-01   8.7688754e-01   1.5517715e-01   3.8393443e-01   7.8902147e-01   6.0506606e-01   7.7397616e-01   6.9090044e-01   6.0820333e-01   8.0334106e-01   8.7667486e-01   3.8079070e-01   4.0208291e-01   3.1363583e-01   4.3940945e-01   8.1827482e-01   7.4547328e-01   3.8342688e-02   5.9407631e-01   8.4471471e-01   4.8781869e-01   7.8918307e-01   2.9728882e-01   1.4153250e-01   6.3264308e-02   4.5380235e-01   7.3801645e-02   2.6769930e-01   1.9676549e-01   8.4503739e-01   1.5340902e-01   3.0198676e-01   6.4473081e-01   4.9934896e-02   1.7440057e-01   4.9696716e-01   5.2445357e-01   5.2183505e-01   3.2366824e-02   4.4311762e-01   4.5656038e-01   3.9839461e-01   7.5894949e-01   6.9407922e-01   6.7965729e-01   1.3535617e-01   9.0619485e-01   8.4236389e-01   9.8590359e-01   8.7006319e-01   5.2555777e-01   5.4662990e-01   4.3935116e-01   2.2961154e-01   6.3171915e-01   5.1732913e-02   3.1165759e-01   2.6045617e-01   7.8284400e-01   9.4093514e-01   7.8698241e-02   8.8021098e-01   1.6820879e-01   9.2082546e-01   8.4362847e-02   7.3289844e-01   5.4997056e-01   0.0000000e+00   8.7986026e-01   9.7756880e-01   4.3447721e-01   4.3482031e-01   4.5096553e-01   3.7280526e-05   3.9904209e-01   2.1126497e-01   1.2399079e-01   6.5637649e-01   6.6621953e-01   2.6589060e-01   3.0731053e-02   7.8163804e-01   1.7768450e-02   6.9451564e-01   3.5253350e-02   7.5132185e-01   6.9383257e-01   9.4018233e-01   1.5283547e-01   8.8917502e-01   4.7810235e-01   7.8980622e-01
   5.0979854e-01   4.2005079e-01   8.6959709e-01   8.0095534e-01   3.1119215e-01   6.0999877e-01   8.0433007e-01   4.0247012e-01   9.3878309e-02   2.3794182e-01   6.5309484e-02   6.2594538e-01   2.7141482e-01   9.2554943e-01   3.4099517e-01   5.9754102e-01   4.2312889e-01   2.1817211e-02   1.9642515e-02   2.3564142e-01   4.3935678e-01   3.0353631e-01   8.5829313e-01   7.2931269e-01   4.1260594e-01   9.5719598e-01   2.7864437e-01   7.8685182e-01   4.8006554e-01   1.6872137e-01   8.2410893e-01   7.5603340e-01   2.2257375e-01   1.2542584e-01   2.5900508e-01   1.1981882e-01   9.1927223e-01   2.3264772e-01   6.5356418e-01   5.2902091e-01   9.7808977e-01   2.1409417e-01   3.5174757e-01   5.6509326e-01   6.1202234e-01   5.6594539e-02   4.9722945e-01   2.7004750e-02   5.0744923e-01   2.6339181e-01   4.6712630e-01   3.9335305e-02   8.5866451e-01   4.5168151e-02   1.1074162e-01   1.5692151e-01   6.6111406e-02   6.9239661e-01   9.3547725e-01   2.4671070e-01   4.7780881e-01   5.6553873e-01   4.4289296e-02   2.6156219e-01   8.0757684e-02   4.3360989e-01   3.2792672e-01   1.3209765e-01   1.1635555e-01   3.4605182e-02   6.2585118e-01   5.0636419e-01   4.9534959e-02   5.2915862e-01   3.0860602e-01   3.5646967e-01   5.9048834e-01   0.0000000e+00   3.1013809e-01   6.4941627e-01   2.6029042e-01   6.4483342e-01   4.5076282e-01   7.7953313e-01   3.0957404e-01   5.4011464e-01   3.9851842e-01   6.6059545e-01   9.6117811e-01   9.8003394e-01   5.7277387e-01   7.5677493e-01   1.9705208e-01   8.9930262e-01   1.5368250e-01   8.9284529e-01   1.3011927e-02   5.4442458e-02   9.6560419e-01   4.3465368e-02   4.1245551e-01
   8.7373845e-01   5.4865559e-01   2.5296081e-01   6.7257967e-01   1.0601823e-01   7.9142869e-01   2.1129006e-01   1.3098819e-01   4.3509848e-01   8.3965481e-01   2.0856468e-01   6.0485334e-01   4.8491985e-01   8.3723639e-01   1.9247611e-01   3.5906678e-01   7.2389093e-01   3.7059656e-01   9.0287366e-01   5.0218574e-01   4.6767934e-02   1.8388486e-01   2.4748323e-01   2.6240365e-01   5.3068836e-01   7.7147450e-01   5.2297622e-01   8.4568755e-01   7.5078957e-01   9.5858139e-01   4.4718217e-01   9.1273544e-01   3.3954945e-01   9.9456431e-01   9.9797235e-01   6.9941905e-01   8.4229621e-01   6.6818228e-01   5.8634748e-01   6.9237353e-01   7.6228479e-01   8.2481104e-01   3.9882442e-01   9.2810321e-01   3.6910796e-01   6.7752554e-01   8.3798070e-01   7.6992366e-01   2.4009141e-01   8.9610263e-01   4.5698242e-01   6.9689316e-01   8.4523948e-01   1.5149337e-01   5.2424628e-01   2.8312067e-01   9.9130169e-01   7.6706894e-01   5.1152219e-01   4.6051043e-01   3.8104451e-01   3.4309818e-01   2.5057488e-01   9.9098901e-01   1.2117676e-01   2.7785476e-02   7.4394179e-01   5.0527071e-01   8.5241563e-02   2.2227686e-01   5.3615234e-01   4.8211611e-01   8.7090285e-01   7.4788902e-02   4.8006347e-01   5.0262984e-01   8.9881889e-01   6.6537683e-02   0.0000000e+00   2.6027791e-01   5.0072333e-01   7.9669833e-01   4.1757749e-01   4.4330718e-01   4.4794718e-01   8.9222020e-01   2.8054619e-01   8.8554446e-01   7.1368529e-01   5.8274654e-01   1.5576251e-02   2.6082779e-01   4.6420173e-02   1.9890775e-01   9.5662372e-01   3.9121873e-02   5.4522824e-01   4.0047625e-01   6.2612651e-01   7.0315001e-01   3.7764113e-01
   5.9254899e-01   2.7341384e-01   2.8685583e-01   1.8728197e-01   6.4654055e-01   1.9690158e-01   7.6791609e-01   2.3617214e-01   9.2736758e-01   6.6126540e-01   4.5824716e-01   8.9896233e-01   7.5938727e-01   4.4427504e-01   9.2383021e-01   4.5967559e-01   6.4190247e-01   4.1175476e-02   8.5555225e-01   5.8041558e-01   5.3280858e-01   9.3176219e-01   5.9276865e-01   5.1560533e-01   6.9040308e-01   6.4655658e-01   1.3954673e-01   3.1316091e-01   3.0297989e-01   5.6902896e-01   8.6983532e-01   2.4386831e-01   9.6696047e-01   7.6392017e-01   1.0715072e-01   1.6083679e-01   5.1758159e-01   6.4623915e-01   7.6664736e-01   9.8345047e-01   4.3263103e-01   3.6322951e-01   3.5864724e-01   9.5011185e-01   7.4029380e-01   4.9913189e-02   5.3219877e-01   2.1903967e-01   7.6372098e-01   6.5685541e-01   9.1401447e-01   7.3552834e-01   8.0898101e-01   3.0374854e-02   8.0323906e-01   5.4146000e-01   5.2771673e-01   5.4976083e-01   1.7932783e-01   8.7849355e-01   7.4439040e-01   7.2890225e-01   4.5891708e-02   1.2365477e-01   9.8808781e-01   7.8706368e-01   1.4875082e-01   3.5987696e-01   6.5505565e-02   9.6461714e-01   7.2007689e-01   8.9923464e-01   3.2625223e-01   8.1508806e-01   1.0615298e-01   4.4365017e-01   3.0269063e-01   2.2923377e-01   8.6008101e-01   0.0000000e+00   9.8948718e-01   6.7119077e-01   1.9026386e-01   9.6127776e-01   7.3260912e-01   4.9669456e-01   5.3082189e-01   2.6135781e-01   3.5380864e-01   6.2755297e-01   4.3494754e-01   4.8749737e-01   8.3387288e-01   9.7663680e-01   1.8022714e-01   9.9278597e-01   1.9113697e-01   4.7144172e-01   4.5538778e-01   9.2782774e-01   3.1529919e-01
   5.8390461e-01   6.5453962e-01   4.1626312e-01   5.6098128e-02   7.9750143e-01   3.0374504e-01   1.1171535e-01   6.3915770e-01   7.4598620e-01   1.8447201e-01   1.9798052e-01   7.8080662e-01   3.6933143e-01   3.8328172e-01   3.0002298e-01   6.0959471e-01   6.2318525e-01   1.8929927e-01   1.8033764e-01   3.0361364e-01   7.2750141e-01   1.2876445e-02   2.9307823e-01   4.3054740e-02   6.2055522e-01   4.9312615e-01   1.8107000e-01   9.2768488e-01   2.6564502e-01   9.9005810e-01   2.0615908e-01   2.2514931e-01   4.0011373e-01   9.5084901e-03   3.9418149e-01   9.6210756e-01   7.5721214e-01   9.9898033e-01   7.8249094e-01   5.5819923e-02   1.5375365e-01   7.8236430e-01   4.1168386e-01   2.8519838e-01   9.4112423e-01   6.1783535e-01   2.2453995e-01   2.7062411e-01   9.4302932e-01   1.6162457e-01   1.6656835e-01   2.9918245e-01   6.6392043e-02   8.2898366e-01   5.9304117e-01   5.1005387e-01   5.0595626e-01   7.8756827e-01   6.9529147e-01   5.1600732e-01   2.4969975e-02   7.4140781e-01   6.7478584e-01   1.1824637e-01   4.2774839e-01   2.7772253e-01   7.1099012e-01   7.8814477e-01   3.5454915e-01   2.9252535e-01   8.2473328e-01   7.0319850e-01   1.0356251e-01   1.1239455e-02   1.7527188e-01   5.2868445e-01   3.7566562e-01   6.4434590e-01   9.8558458e-01   5.1708059e-01   0.0000000e+00   3.8873092e-01   2.3541775e-01   4.6046015e-01   8.7504274e-01   3.6590174e-01   8.9716841e-01   7.7306890e-01   2.7991762e-01   2.7056946e-01   6.3130337e-01   9.5776588e-01   9.4680881e-02   7.6888594e-02   3.9874191e-01   9.6632719e-01   4.8607418e-01   2.0420242e-01   5.3798233e-01   4.6637400e-01   2.6066675e-01
   9.8971837e-01   7.7875109e-02   7.9573091e-01   8.8462703e-01   6.0441833e-01   2.3472472e-01   4.8056530e-01   6.4248548e-04   4.7140712e-01   4.9005348e-01   6.6048876e-01   6.6743283e-03   5.5543449e-01   1.9790426e-01   9.4166784e-01   4.3857653e-01   1.3719472e-01   6.7293568e-03   4.0664691e-01   1.3277687e-01   5.4668218e-01   1.6350996e-01   2.8511786e-01   3.3920093e-01   4.8004948e-01   8.3019097e-01   6.1686973e-02   5.9181732e-01   2.4736546e-01   5.7319676e-02   1.4100774e-01   5.8423918e-01   5.5842231e-01   8.8258370e-01   7.0468592e-01   6.6454388e-01   9.9815740e-01   6.2127887e-01   9.7680352e-01   9.6795937e-01   3.4005075e-01   2.0282441e-01   6.0975849e-01   2.2568936e-01   8.8251554e-01   5.7462220e-02   2.5387511e-02   2.6048742e-01   3.9716287e-01   5.1760090e-01   7.4175649e-01   9.2230749e-01   7.1106857e-01   6.6201990e-01   2.3474039e-01   6.5269090e-01   2.2903646e-01   7.9230432e-02   7.7244197e-01   8.7858690e-01   2.6158753e-01   4.6402623e-01   8.6269916e-01   4.7694766e-01   6.9261194e-01   3.7493665e-01   7.6685569e-02   6.7513113e-01   1.0446357e-01   4.6266810e-01   2.5970867e-01   1.1864427e-01   7.6160521e-01   2.6936531e-01   6.9097031e-01   6.5044240e-01   5.8743192e-01   3.6723425e-01   1.6733481e-02   9.9932494e-01   7.9452878e-01   0.0000000e+00   5.9923219e-01   2.7535161e-01   1.1307342e-01   3.8481518e-01   7.3362543e-01   8.7157081e-01   1.0764010e-02   3.2339502e-01   8.2415732e-01   5.3545881e-01   4.7571240e-01   2.1804858e-01   5.4164457e-01   7.0276343e-01   2.0913547e-02   1.8296916e-01   3.7328420e-01   6.6261215e-01   6.0144345e-01
   2.0235705e-01   6.9004197e-01   5.1597119e-01   8.1734973e-02   1.3977357e-02   8.5540026e-01   5.4444794e-01   7.3108473e-03   2.3379556e-01   6.2875197e-01   3.9002681e-01   8.0847638e-01   1.0437067e-01   5.0926702e-01   2.3735748e-01   2.3023053e-02   3.5070628e-01   8.4256627e-01   5.9002121e-02   3.7838131e-01   1.2107152e-01   1.1982692e-01   9.4790247e-02   1.8247356e-01   5.6501682e-01   5.9030054e-01   5.8271870e-01   5.2980185e-01   1.3696859e-01   8.2832166e-01   1.1218761e-01   5.2109093e-01   3.5318016e-02   6.7047289e-01   2.3366244e-01   4.3118115e-01   6.1928880e-01   4.0511015e-01   3.7828493e-01   7.6638623e-01   3.6695902e-01   3.7234707e-02   7.7200554e-01   5.4264156e-01   3.3759263e-01   5.4837932e-01   5.3321895e-01   1.6718264e-01   6.5700290e-01   5.1580151e-01   5.6999379e-01   5.8993811e-01   3.2889423e-01   5.4330946e-01   5.2017142e-01   5.4500223e-01   7.2032109e-01   2.1030928e-01   1.0818423e-01   1.3436685e-01   7.7467184e-01   1.9756723e-01   3.5240144e-02   9.3649630e-01   5.4536314e-01   2.7448815e-01   8.5402233e-01   7.4124674e-01   2.5389753e-01   6.8051306e-01   1.7794492e-01   3.0881793e-01   2.0883724e-01   7.1242034e-01   2.5340585e-02   9.2816117e-01   9.3882311e-01   5.5134019e-01   1.5077571e-01   1.6874846e-01   4.0421935e-01   9.7725021e-03   0.0000000e+00   2.4433553e-01   7.9697593e-01   9.8838596e-01   8.8288948e-01   4.5392004e-01   7.8777426e-01   4.7574803e-01   2.0062562e-01   1.0883362e-01   1.6361876e-01   1.4054949e-01   1.5591389e-01   6.5847314e-01   6.6903198e-01   7.7343881e-01   8.8666690e-01   8.8575527e-01   9.6916485e-02
   4.8424382e-01   3.2798741e-01   3.9992114e-01   2.8532231e-01   4.1736801e-01   9.1482955e-01   4.7598593e-01   9.9864832e-01   4.3070291e-01   4.5084244e-02   5.6310534e-01   8.7007205e-02   9.8188464e-01   5.3642196e-02   2.5739748e-01   5.4697760e-01   9.0684567e-01   9.7330187e-01   9.4309251e-02   2.0769486e-01   9.4834781e-01   1.7928543e-01   2.2457087e-01   7.9603865e-01   4.1490368e-01   2.7818146e-01   6.5260948e-02   2.1976869e-01   4.3171694e-01   7.7944857e-01   6.1154511e-01   5.0978102e-01   7.3479675e-01   8.1816837e-01   6.6080415e-01   6.9891922e-01   4.8018126e-01   9.1904511e-01   1.3116362e-01   5.9855203e-01   1.2974884e-01   3.5193139e-01   3.9028380e-01   2.9129403e-01   4.0725781e-01   5.6997899e-01   6.3651152e-01   1.1686905e-03   3.1614331e-01   8.1651562e-01   3.1270801e-01   1.1288245e-01   4.7249989e-01   6.6429061e-02   5.2709710e-01   8.5450328e-01   7.6138198e-01   2.4074519e-01   2.1690470e-02   7.0349018e-01   2.6291709e-01   6.0596505e-01   7.9183846e-01   1.3341579e-01   2.3930625e-01   8.3978569e-01   5.8981116e-01   8.0783326e-01   9.0888375e-01   1.9909673e-01   8.1621615e-01   6.8537496e-01   7.5219440e-01   8.8613207e-01   7.5347653e-02   2.1870333e-03   2.0857666e-03   7.4515858e-01   3.4897185e-01   1.5145364e-01   7.3383181e-01   3.7709136e-01   3.7394177e-01   0.0000000e+00   6.3837902e-02   6.0338758e-02   6.6134401e-01   8.2439664e-01   9.8088798e-01   7.6950796e-01   4.1190108e-01   6.9405032e-01   3.2403656e-01   3.8944370e-01   9.2659644e-01   5.8806222e-01   4.6091067e-02   6.0670446e-01   9.5617006e-01   1.7528499e-01   7.7348155e-01
   4.9236425e-02   4.8126328e-01   5.5528803e-01   8.5805071e-01   9.6744834e-01   2.9479543e-01   1.2565033e-01   7.4003778e-01   6.0631746e-01   5.6607936e-01   5.3877995e-01   9.5794854e-01   7.5170882e-01   7.2323707e-01   2.5027021e-01   8.0274492e-01   7.2802652e-02   3.9718207e-01   5.3561491e-01   5.8592479e-01   7.5197159e-01   7.8841381e-01   9.5434624e-01   8.7091245e-01   2.1200719e-01   7.9889616e-01   3.8798750e-01   2.5479854e-01   9.0228915e-01   7.2357571e-01   3.6154947e-01   3.6746622e-01   1.8618122e-01   4.6985476e-01   3.5638821e-02   9.4775400e-01   2.5721996e-01   9.4992873e-01   1.1217898e-01   6.1194909e-01   2.0521813e-01   9.6237259e-01   5.0944769e-01   8.1608680e-01   1.8493498e-01   4.6364287e-02   4.8036244e-01   7.6035167e-01   6.7902217e-02   2.9494004e-01   6.9538438e-02   3.8675169e-01   2.1127821e-01   4.0990713e-01   2.5957404e-01   5.8242167e-02   2.1163198e-01   9.7939194e-01   4.1350216e-01   2.4704101e-01   4.2286228e-02   5.7029801e-01   9.6796564e-01   7.1688633e-02   1.1311482e-01   5.2017716e-02   7.1476604e-01   8.9725879e-01   1.4031655e-01   5.7130265e-01   8.9178226e-01   4.9805350e-01   9.9591807e-02   7.4332503e-01   5.8107464e-01   4.1456590e-01   8.8113126e-01   5.6626751e-01   2.3433847e-01   2.2597777e-02   3.3548872e-01   7.9666707e-01   5.6177187e-01   3.0089167e-01   0.0000000e+00   4.6367284e-01   4.1194529e-01   1.9883467e-01   7.5137659e-02   8.4650036e-01   9.6014400e-01   3.1936661e-01   9.8159747e-02   7.1207093e-01   1.9410574e-01   9.8727077e-01   1.8057716e-01   9.1094494e-01   8.5020121e-01   7.9983681e-01   6.2709982e-01
   3.9068427e-01   6.5978386e-01   3.3149753e-02   4.9980678e-02   3.3659741e-01   4.3849889e-01   7.6224407e-02   8.5113676e-01   4.2589224e-01   1.2792032e-01   6.1777840e-01   1.0982936e-02   6.4397124e-02   2.6635212e-01   1.6707663e-01   5.5607109e-01   2.8127271e-01   6.7322700e-01   7.1510760e-01   2.6417396e-01   2.9893577e-01   6.1872936e-02   8.0822727e-02   9.1767274e-01   1.0474174e-01   1.6714812e-01   6.9285876e-01   5.5538227e-01   3.9737649e-01   3.7228464e-01   6.4297267e-01   6.0336333e-01   6.6532719e-01   8.6732541e-01   9.1387284e-01   2.2726671e-01   1.1173388e-01   6.5359234e-01   9.8066904e-01   1.9482658e-01   5.2311783e-01   2.2453811e-01   3.7888955e-02   7.4279612e-01   4.2833013e-01   6.1207942e-01   6.1705826e-01   9.8519955e-01   1.4971873e-02   1.5563350e-02   8.8605945e-01   4.8089407e-01   1.4656661e-01   6.7136000e-01   7.8468640e-01   9.9656928e-01   6.3265063e-01   4.3215208e-01   6.1586542e-01   1.8119116e-01   3.7077340e-01   5.8426501e-01   8.5366001e-01   9.6465298e-01   7.9747853e-01   5.7389386e-01   1.1963639e-01   3.7462925e-01   8.1746105e-01   5.4991992e-02   1.5203077e-01   6.5634468e-01   6.9287630e-02   4.9488673e-01   3.9614374e-01   7.4730024e-01   7.2376896e-01   9.2702573e-01   6.8273010e-01   5.6942212e-01   1.1286346e-03   2.5813356e-01   6.2876288e-02   3.7941454e-01   3.2328392e-01   0.0000000e+00   3.1545428e-01   8.1799228e-01   4.6720877e-01   9.2758324e-01   6.5616140e-02   3.7606493e-01   9.8999974e-01   3.2646578e-02   4.9990821e-01   8.2425538e-01   3.5388781e-01   6.1029665e-01   8.1771752e-01   5.5479393e-01   8.5220132e-01
   3.2554033e-01   5.0706761e-01   4.4973996e-01   8.1119029e-01   4.5264899e-01   4.9818677e-01   8.3207468e-01   3.0129846e-01   2.5490796e-01   3.6281075e-02   1.7784790e-01   2.2727545e-01   9.8691012e-01   6.2138659e-01   6.1032291e-02   3.9853638e-01   9.6650434e-01   7.1737586e-01   2.0988180e-01   1.7523158e-01   2.7053491e-01   3.2578494e-01   6.1642704e-02   2.6027277e-01   4.4117834e-01   3.8057713e-01   9.7091328e-01   4.9777762e-01   8.6459907e-01   7.3719607e-01   3.2465807e-02   1.5492201e-01   5.3692051e-01   3.4368113e-01   8.0794118e-01   4.8861333e-02   3.0916979e-01   7.1804597e-01   9.6635968e-02   3.9930724e-01   7.2083077e-01   1.7351623e-01   5.8380194e-01   9.7782060e-01   3.2791200e-01   5.8659444e-01   6.5322289e-01   5.1450116e-01   8.0861409e-01   9.6836599e-01   7.7388374e-01   9.5401850e-01   4.2304927e-01   9.3259560e-01   6.9968437e-01   6.3366236e-01   4.9417109e-01   2.7606045e-01   7.0178441e-01   2.6328021e-01   5.4276923e-01   3.2388378e-02   9.6532373e-01   9.5800229e-01   7.9373546e-01   4.4112045e-01   6.5032329e-01   8.2225467e-01   6.4361494e-01   6.5714695e-01   8.7250361e-01   9.0798357e-01   4.6595307e-01   1.9528401e-01   4.0877520e-01   8.0774013e-01   1.5903681e-01   3.9902969e-01   1.6582178e-01   7.9732316e-01   2.2033030e-01   8.8783713e-01   1.9418738e-02   1.9170649e-01   7.2822472e-01   6.6478442e-01   0.0000000e+00   2.9066406e-03   3.8428385e-02   7.4798795e-01   4.1242310e-01   2.2140054e-01   8.9393111e-01   6.4976316e-01   1.8185261e-01   2.8490235e-01   8.7709450e-01   4.2667256e-01   5.8824322e-01   7.8685709e-01   8.9692527e-01
   6.4897412e-01   2.6455874e-01   7.2018048e-01   2.9337123e-01   1.1649433e-01   5.5018692e-01   7.3073043e-01   1.5891223e-01   5.1039669e-01   4.3620225e-01   3.2789439e-01   5.4237657e-01   4.2380721e-01   4.8569488e-01   8.4865357e-01   7.0756179e-01   5.2941211e-01   9.0050979e-01   5.3616862e-01   4.7905448e-01   1.6404475e-01   2.4151293e-01   9.4603801e-01   9.7570879e-01   6.4786364e-01   4.4538550e-03   3.7053579e-01   9.3570162e-02   8.3436188e-01   8.4204589e-02   5.7149072e-01   4.2432637e-01   7.7990283e-01   5.5971792e-01   9.0183717e-01   3.4738508e-02   1.1390965e-01   7.8503425e-01   6.0227658e-01   1.2687418e-01   4.6989197e-01   6.7099325e-01   2.2294040e-01   5.5773350e-01   5.7586660e-01   1.1946075e-01   5.4982857e-01   5.6869461e-01   2.3210209e-01   4.2259930e-01   8.4474556e-01   1.6580772e-01   7.6317071e-01   3.5704569e-01   4.4945877e-01   4.1420576e-01   4.7740886e-01   5.2848856e-01   9.6611238e-01   9.5311641e-01   8.3601061e-01   1.8164838e-01   2.6513385e-01   1.7584767e-01   1.1755244e-01   4.7029555e-01   8.1742380e-01   7.7253088e-01   3.0691330e-01   5.1754453e-02   2.7289290e-01   2.5151464e-01   9.1362652e-01   3.1398628e-01   7.1255892e-01   4.2285254e-01   9.3184965e-01   1.3483323e-01   2.4627782e-01   4.8324652e-02   7.0655555e-01   2.7305570e-01   2.9621481e-02   9.8199650e-01   1.0241080e-01   8.4598553e-01   8.2644593e-01   0.0000000e+00   5.0388606e-01   8.5571438e-01   7.7969826e-01   3.9483924e-01   3.7397739e-01   4.9109601e-01   4.0106596e-01   2.8305044e-01   2.4243672e-01   3.7964868e-01   2.2467050e-01   9.7194552e-01   6.5580950e-01
   3.8085208e-01   5.2919780e-01   8.9440492e-01   4.7337280e-01   4.2339965e-02   7.4603923e-01   4.8031942e-01   5.4793676e-01   8.5305443e-01   5.9492213e-01   2.4120471e-02   6.4729113e-01   2.9045287e-02   3.5359199e-01   3.1966921e-01   6.7152991e-01   6.1821270e-01   3.1467503e-01   6.8756686e-01   2.1077420e-01   8.6661098e-01   8.0186958e-01   7.0700608e-01   1.4016731e-01   6.0821350e-01   4.5288072e-01   9.3636851e-01   4.1136068e-01   5.7335932e-01   6.3942439e-01   8.0342526e-01   4.9583659e-01   4.3762918e-01   6.8059671e-01   2.2518828e-02   3.9522223e-01   4.7220461e-01   2.6477136e-01   8.2814175e-01   2.5541985e-01   9.4820127e-01   1.2517931e-02   3.0393961e-01   9.8921477e-01   7.1893482e-01   7.1581008e-01   6.1256600e-01   8.6765106e-02   6.8900050e-01   8.4878873e-03   3.0273810e-01   4.7065118e-01   9.1963962e-01   4.4141963e-01   5.6687211e-01   6.1369142e-01   7.7800534e-01   1.5860104e-01   7.0386735e-01   9.5524161e-01   9.0809043e-01   5.6570133e-01   2.8272827e-01   4.5941149e-03   2.8682400e-01   1.3313939e-01   6.9481541e-02   5.8148289e-01   8.7163709e-01   9.1886565e-01   6.1244603e-01   6.1774921e-01   5.0765815e-01   3.3374939e-01   3.3753329e-02   7.4736279e-01   5.1976051e-01   1.2650821e-01   6.2608129e-01   2.7206303e-01   8.8133548e-01   1.3214518e-02   8.5876735e-02   4.8415710e-02   9.8052015e-01   5.6398638e-01   3.9600182e-01   8.2586621e-01   0.0000000e+00   5.1459761e-01   5.5068614e-01   8.9857348e-01   2.9375269e-02   9.6851096e-01   6.7835915e-01   8.6501727e-01   8.9734893e-01   9.4421632e-01   2.1886578e-01   1.2320021e-01   4.2418723e-01
   6.8733608e-01   6.3213242e-01   4.8366944e-01   1.0190898e-01   9.9754206e-01   4.0646467e-01   6.6909303e-02   4.2888671e-01   8.8175784e-01   8.6595532e-01   9.4443421e-01   1.9219571e-01   9.6667631e-02   5.4771945e-01   1.3767369e-01   6.4965421e-01   3.8634516e-01   7.3486680e-01   9.2696400e-01   5.3959246e-01   8.0280695e-02   5.6174846e-02   2.2889405e-01   1.3867300e-01   9.4958109e-01   9.8999938e-01   9.0259637e-01   6.6714149e-01   5.7226853e-01   1.5769943e-01   4.2544506e-01   1.6605037e-02   7.4888961e-01   7.8103974e-01   8.9568648e-01   5.4006892e-01   7.0177820e-01   5.1737656e-01   5.6023499e-02   2.2100193e-01   9.8303055e-02   7.5477940e-01   9.9632211e-01   4.2760821e-01   9.0298652e-01   2.3360306e-01   5.8343957e-01   3.1273684e-01   1.4287238e-01   9.6516781e-01   2.0176882e-01   2.3650854e-01   2.8882788e-01   7.4685779e-01   1.6366024e-01   9.9738370e-01   9.2285117e-01   3.1515557e-01   4.0347008e-01   9.6241897e-01   6.0007427e-01   1.4956011e-01   5.7769947e-01   3.1085552e-01   5.4979765e-01   2.3471751e-01   5.8210281e-01   4.7759839e-01   2.9299116e-01   1.9049350e-01   5.1070449e-01   2.8752463e-01   9.5895542e-01   1.7622790e-01   1.7782216e-01   6.4323660e-01   3.0580409e-01   6.1450163e-01   6.3497287e-01   3.5138255e-01   9.5926550e-01   3.9364287e-01   6.0904067e-01   2.8728099e-01   8.3518990e-01   7.6024147e-01   4.5598929e-01   7.1267548e-01   7.8967227e-01   0.0000000e+00   6.8430034e-01   9.2366225e-01   3.2980974e-01   9.3367850e-01   6.2865965e-02   4.9729639e-01   8.7912514e-01   9.9736980e-01   3.1628638e-01   8.8906998e-02   4.2950232e-01
   3.1861557e-01   7.1794530e-01   3.6219502e-01   7.0544296e-01   5.7620295e-01   2.3551533e-01   5.5275136e-01   1.4954675e-01   6.7639630e-01   5.2049547e-01   6.7696804e-01   6.2690029e-01   3.2972972e-01   8.0387241e-01   8.3811651e-02   7.6348685e-02   1.2040046e-01   2.2026725e-01   8.8237253e-01   9.9158753e-02   9.1373247e-01   9.1080929e-01   8.2835044e-02   4.6651062e-01   4.3229352e-02   1.2780972e-01   2.6308502e-01   2.3785588e-01   3.5657938e-01   3.2163927e-01   8.2652019e-01   2.8402340e-01   1.1989415e-01   5.0493605e-01   8.6491068e-01   2.8395777e-01   9.3229530e-01   7.5256472e-01   2.0047374e-01   4.0323924e-01   8.7614709e-01   1.8212607e-01   9.2983822e-01   5.2926163e-02   2.3880133e-01   7.4729808e-01   8.2901966e-01   6.7896992e-01   8.0921344e-01   8.9212569e-01   8.5507819e-02   1.7293398e-01   3.1591586e-01   6.4730706e-01   4.1632385e-01   6.3091886e-01   3.0263050e-01   6.9409907e-01   9.5800880e-01   3.3104601e-01   7.1021290e-02   7.4168083e-01   6.8728479e-01   1.6668682e-01   2.2543511e-01   1.5336795e-01   2.4306716e-01   6.8771037e-01   2.5499261e-01   7.9079185e-01   5.8352129e-01   2.3178876e-01   3.3389055e-01   9.9312267e-01   9.0734447e-01   9.2861302e-01   8.8883683e-01   4.6780409e-01   1.9074601e-01   6.7392139e-01   1.6404197e-02   5.3386553e-01   2.3249051e-01   9.4756382e-01   7.8743540e-01   6.8353939e-01   6.3577720e-01   3.8917166e-01   7.2750231e-01   2.1100430e-01   0.0000000e+00   5.7636842e-01   3.9833409e-01   2.9679392e-01   9.9588637e-01   3.9641375e-01   7.0547978e-01   1.9832468e-01   7.3759559e-01   5.7918780e-01   4.5989563e-01
   1.0878033e-01   1.8702503e-01   7.3228943e-01   2.1650505e-01   4.1746567e-01   6.7692035e-01   4.9207818e-01   3.1865659e-01   6.6451626e-01   9.9881007e-01   3.0530144e-01   5.3773655e-01   6.7088133e-01   7.1744955e-01   9.8088809e-01   1.6072988e-01   6.1013457e-01   3.9052359e-01   6.4456933e-01   4.5215172e-01   5.6552929e-01   5.4873971e-01   8.3348594e-01   6.2848895e-01   7.6211457e-01   2.1036484e-01   6.0114994e-01   2.0527925e-01   8.7859719e-01   4.1261527e-01   3.4484742e-01   6.9045479e-01   6.2985527e-01   8.3871616e-01   3.7330938e-01   8.7005961e-01   9.3409134e-01   8.4082076e-01   5.9931695e-01   5.1815184e-01   1.9293217e-01   7.5258109e-01   2.6791414e-01   1.5051756e-01   5.0124231e-01   4.2275581e-01   5.2084054e-01   5.2735505e-01   2.8707865e-01   9.4078652e-01   5.8556301e-01   6.0420137e-01   7.0708565e-01   3.1511077e-01   4.5641657e-01   4.9123368e-01   6.4731313e-01   2.6302415e-01   2.7727615e-01   5.0274895e-02   1.8770544e-02   5.0337090e-01   5.2037087e-01   4.4527024e-01   7.4031811e-01   4.0297571e-01   3.7773448e-01   9.5181448e-01   5.9966037e-01   2.7631444e-01   8.7245662e-01   3.2581611e-01   4.3466892e-01   6.3638887e-01   5.8968246e-01   8.3154133e-01   7.7584970e-01   5.6079170e-01   7.6117538e-01   8.9656848e-01   8.0310930e-01   1.6716153e-01   7.7511415e-01   6.1908865e-01   4.7053916e-01   5.7435453e-01   6.6969437e-01   1.1702898e-02   6.5368369e-01   2.3555495e-01   8.5925468e-01   0.0000000e+00   8.7094984e-01   1.9852736e-01   2.9792841e-01   5.9370706e-01   1.5352436e-01   9.9117133e-01   4.6586835e-01   8.8082951e-01   4.1738450e-01
   8.8054249e-01   8.8668468e-02   6.1895725e-01   1.1089821e-01   7.9965214e-01   7.3560957e-01   9.9666216e-01   7.8317787e-01   9.5501037e-01   5.7815077e-02   2.9775762e-01   9.4889109e-01   8.9534938e-01   4.1848779e-01   7.2036991e-02   5.5224140e-01   4.2756437e-01   1.7558239e-01   8.4328995e-01   9.6674252e-01   8.1966962e-01   2.5037945e-02   2.4483097e-01   3.5964578e-01   6.7908694e-01   4.1461451e-01   5.8186846e-01   6.6920105e-01   3.3027668e-01   2.2321231e-01   7.5885370e-02   9.2691863e-01   2.9957189e-01   8.0497217e-01   4.7447667e-01   4.0677424e-01   4.9644243e-01   3.4602234e-02   6.8109490e-01   9.0216657e-01   2.9512197e-01   6.9052343e-01   1.4855277e-01   4.1344666e-01   4.3878417e-01   6.3055517e-01   6.6231519e-01   1.5331898e-01   5.3216823e-02   2.9362144e-01   3.3448996e-01   6.2226339e-01   5.8259005e-01   2.8319580e-01   9.9480129e-01   6.4014930e-02   9.3470436e-02   8.7220426e-02   7.3230249e-01   7.8920437e-01   4.2232817e-01   1.3595627e-01   3.4191329e-01   4.8636113e-02   5.8333724e-02   8.4826556e-01   9.0420837e-01   9.1230360e-01   6.2204427e-01   8.7097411e-01   4.4474405e-01   5.3398814e-01   2.5021611e-01   6.9537756e-01   4.3277323e-01   5.3582283e-01   6.1144805e-01   5.7570355e-01   5.9942099e-01   3.5712683e-01   1.2199256e-01   5.2428472e-01   5.8592186e-01   3.9779268e-01   1.5130857e-02   2.9243783e-01   2.0852468e-01   2.0709477e-01   9.7649461e-01   6.3767524e-01   3.1885683e-01   2.2839689e-01   0.0000000e+00   2.1921807e-01   6.7631028e-01   6.4110717e-01   9.8958801e-01   9.4847462e-01   2.6377819e-01   4.3551354e-01   2.9585247e-01
   9.3747403e-01   8.0502399e-01   9.2644559e-01   1.6731257e-02   3.5954359e-01   7.5182886e-02   3.9370943e-01   7.5365679e-01   4.5799756e-01   6.4922632e-01   7.1620163e-02   2.1980117e-01   8.8225742e-01   6.8715848e-01   9.8260034e-01   8.0316119e-01   7.5743175e-01   8.4702160e-01   4.5530332e-01   7.2258979e-01   8.0176353e-01   8.4076870e-01   9.7657457e-02   9.3458278e-01   9.0211708e-01   8.2464953e-01   8.6712949e-01   8.2397252e-01   3.9366769e-01   4.0269495e-02   4.5534943e-01   4.4746636e-01   9.3296055e-01   8.8605070e-01   7.2062783e-01   8.2916309e-01   2.7895233e-01   8.0470611e-01   7.2600839e-01   3.2513190e-01   7.7328712e-01   2.3442610e-01   1.4820502e-01   1.2596624e-01   9.8192958e-01   3.7108727e-01   7.2590779e-01   4.6331424e-01   7.6778304e-01   5.0828195e-01   6.6120124e-01   7.1288104e-01   9.1099918e-02   9.2058542e-01   7.7531189e-01   8.3286137e-01   1.5230650e-01   4.0554403e-01   9.0767044e-01   1.0200366e-01   8.6648279e-01   2.0557734e-01   2.8621474e-01   9.7936768e-01   6.0630628e-01   6.6551092e-02   5.3225291e-01   8.0744559e-01   8.1054272e-01   1.2630311e-01   3.5441200e-01   6.8813894e-01   9.7980966e-01   1.0762007e-01   1.1762214e-01   2.3083288e-01   7.6637806e-01   1.1734506e-01   5.4444204e-02   9.5772248e-01   3.6674414e-01   6.9074523e-01   2.3607639e-01   1.8868350e-01   2.0648338e-01   2.0407465e-01   2.4931008e-01   1.4816913e-01   2.5145024e-01   5.9557973e-01   2.1169048e-01   5.9592168e-01   3.1936045e-01   0.0000000e+00   8.5573940e-01   4.5863044e-01   7.3569920e-02   2.6644913e-01   3.5758604e-01   5.8997660e-01   8.0703227e-01
   8.3617209e-01   2.8700646e-01   3.6239575e-01   2.3356371e-01   5.7114247e-01   8.1365887e-01   7.0037627e-01   4.4847748e-01   8.1987284e-01   7.4992044e-01   7.5277227e-01   3.6704104e-01   8.7361420e-01   4.5856896e-01   1.1780682e-01   6.2729503e-02   2.8347098e-02   4.4225765e-01   3.0393594e-01   5.0466833e-01   7.8473467e-01   4.5016703e-01   1.8887649e-01   6.9678933e-01   7.5119348e-01   9.3301500e-01   4.4240126e-01   1.0225693e-01   6.1656372e-01   9.2530526e-01   6.8694174e-02   7.5443607e-01   6.9963819e-01   1.9061215e-01   1.4591919e-01   9.8110564e-01   2.9387360e-01   3.0253671e-02   3.7790718e-01   4.1626652e-01   5.8974975e-02   5.8394380e-01   1.3340615e-01   4.5416520e-01   6.5364908e-01   6.6320953e-01   9.6768109e-02   2.1835161e-01   6.8793970e-01   8.9341831e-01   1.1271854e-01   9.5770536e-01   4.9964602e-01   6.8029903e-01   2.9300060e-01   3.8905575e-01   8.4261310e-01   8.2943112e-02   8.2087961e-01   1.1701018e-01   6.5238719e-01   9.2630536e-01   7.8414337e-01   5.2089944e-01   4.2415749e-01   4.6164919e-01   9.3724632e-01   7.1300575e-01   7.6628045e-02   2.8931110e-01   2.7508817e-01   3.8082830e-01   5.7024971e-01   5.3593520e-01   7.1283848e-01   2.5775143e-01   3.9719619e-01   4.1208478e-01   7.1980976e-02   9.9847442e-01   7.4221991e-01   7.0047614e-01   9.8615291e-01   1.2525306e-01   2.9705141e-01   2.9053895e-01   6.8017445e-01   6.0615732e-01   4.5608959e-01   9.0465157e-01   4.0109921e-01   7.2097861e-01   7.0690755e-01   2.4147528e-02   0.0000000e+00   4.5648689e-01   2.3246012e-01   1.0504487e-01   2.6287597e-01   9.1635477e-01   8.4167877e-03
   9.3364131e-01   5.8649891e-01   8.4260102e-01   4.9605764e-01   9.4674438e-01   5.3487321e-01   3.5704751e-01   5.7711999e-01   5.0377256e-01   9.7631319e-01   5.3159919e-01   3.9104064e-01   6.1206157e-01   5.9357249e-01   2.6002215e-01   3.2896312e-01   9.9314671e-01   8.1082844e-01   2.2579433e-01   1.4953933e-01   9.7825366e-01   5.2245558e-01   7.3857442e-01   6.9980629e-01   2.3812826e-01   2.8891654e-01   9.1073909e-01   5.5141404e-03   7.8748021e-01   4.3703370e-01   4.0740142e-01   5.7926945e-01   4.1872054e-01   7.3892961e-02   4.1076320e-01   1.1434584e-01   7.2326092e-01   5.3236613e-01   8.8456613e-01   7.0789462e-01   7.4448019e-02   2.6235164e-01   8.8478324e-02   4.3159661e-01   4.6726017e-01   5.1544320e-01   2.7976576e-02   4.2325909e-01   4.8651865e-01   3.4968262e-01   2.1907803e-01   6.1079533e-01   7.1419431e-01   6.0753827e-02   1.7345004e-01   7.2828559e-01   1.3929874e-01   1.9927384e-01   5.0542366e-01   8.9608675e-01   7.9275442e-01   4.7123597e-02   9.7785317e-01   4.9499939e-01   6.8346181e-01   3.0892823e-02   7.6355554e-01   2.9423308e-01   1.0259847e-01   7.1301970e-01   1.8677009e-01   7.5292029e-01   9.6982759e-01   6.4491559e-01   5.6389204e-01   3.2660865e-02   6.6754233e-01   4.2726056e-01   9.6978106e-01   4.8974117e-01   1.2302354e-01   6.6521627e-01   8.2932988e-01   7.0679677e-01   6.6842119e-01   4.2295288e-01   6.6190294e-01   9.1768750e-01   7.1803045e-02   9.1673867e-01   8.1428399e-01   9.1445340e-01   4.4403418e-01   3.9414531e-01   8.5887331e-01   0.0000000e+00   9.8923396e-01   3.9156521e-01   2.5843870e-01   1.6611896e-01   8.5380402e-01
   9.8247361e-01   6.8876533e-02   5.1871423e-01   7.0423782e-01   5.7357465e-01   1.9693799e-01   9.9585182e-01   9.4060661e-01   9.6983544e-01   9.6117076e-02   3.0853929e-01   1.6458346e-01   4.7608370e-01   2.7818255e-01   6.0997130e-01   7.3469443e-01   2.9742493e-01   3.6173325e-01   7.0095586e-01   3.7383415e-01   7.9574008e-01   7.2957665e-01   5.9152725e-01   8.4909133e-01   8.8170518e-01   2.8142012e-01   2.0450002e-01   9.5005674e-02   3.9716441e-01   6.1192509e-01   9.1972473e-01   1.2194758e-01   3.2020432e-01   5.3867935e-01   7.3785109e-01   9.2389790e-01   5.9898180e-02   3.1931417e-01   1.4495060e-01   8.4926409e-01   3.1737917e-01   4.5760985e-01   7.2114398e-01   2.8586940e-01   8.6259657e-01   6.6191733e-01   5.0135453e-01   2.9566196e-01   8.9775814e-01   1.6185237e-01   5.9730782e-01   2.2404330e-01   4.5467289e-01   5.8681508e-01   1.7215541e-01   1.5941878e-01   9.4557520e-01   3.0237686e-02   2.9160882e-01   3.4265925e-01   6.4648474e-01   3.7033332e-01   3.5554859e-01   8.8647926e-01   8.7874056e-01   9.1636614e-02   6.6944172e-01   7.9143268e-01   9.3585317e-01   7.6200212e-01   8.9984862e-01   9.5533914e-01   4.1832212e-01   2.5897289e-01   1.7348274e-02   8.0973341e-01   2.6110243e-01   1.3360326e-01   3.2086650e-01   5.2441324e-01   4.9551729e-01   5.8072793e-01   1.2742423e-01   7.2578787e-01   7.6957780e-01   1.4041929e-01   5.9855438e-01   6.5306871e-01   9.2000520e-01   4.5796335e-01   6.3933304e-01   4.6150173e-01   9.9665105e-01   2.4686854e-01   6.9945304e-01   5.5230337e-01   0.0000000e+00   6.6998090e-01   5.4289035e-02   9.2513418e-01   4.1942639e-01
   3.0590887e-01   5.3989771e-01   8.7223059e-01   2.5829930e-01   6.9653783e-02   1.6062149e-01   2.3454775e-01   2.6938842e-01   4.8786608e-01   2.9501598e-01   4.0683981e-01   4.6728094e-01   3.6652588e-02   8.7469207e-01   2.8360159e-01   7.2154790e-01   1.4494186e-01   9.8329772e-01   6.8583276e-01   6.1622958e-02   5.1390911e-01   8.9855509e-02   7.4431044e-01   2.6533443e-01   1.6475988e-01   4.1042020e-01   4.9760470e-01   2.6326448e-01   1.7871028e-01   7.4091221e-01   3.8569715e-01   7.5490101e-01   2.4629690e-01   6.9963647e-01   4.6865725e-01   8.4596607e-01   1.9751139e-01   2.9221076e-01   7.3676450e-01   2.0044251e-01   2.5357484e-01   6.2086688e-01   8.6127631e-01   3.0381136e-01   4.8053747e-01   8.2040859e-01   3.9705083e-01   1.2126966e-01   3.0227427e-01   4.5378102e-01   3.5548305e-01   2.7099163e-01   7.1896559e-01   1.9531069e-01   5.9992407e-01   4.5843748e-01   3.6096918e-01   1.8077038e-01   3.6165037e-01   4.4066026e-01   6.9579739e-01   2.7892860e-02   1.3675393e-01   7.9626940e-01   9.9165188e-01   1.1507823e-01   9.2610954e-01   2.3037373e-01   6.4261060e-01   7.0878166e-01   6.5857744e-01   8.3756673e-01   1.8420496e-01   8.2091177e-01   7.1073354e-01   6.8096231e-01   5.9805538e-01   5.9294516e-02   5.8524998e-01   6.9549781e-01   2.1518923e-01   9.5292363e-01   3.5550335e-01   9.7401112e-01   4.1195883e-01   5.0219584e-01   3.6655037e-01   2.5948243e-01   9.9649970e-01   4.6711881e-01   3.7515756e-01   1.6580736e-01   2.1752312e-01   5.9729635e-02   9.5252091e-03   5.6475778e-01   2.9280772e-01   0.0000000e+00   6.4090614e-01   5.6602980e-01   2.0266771e-01
   8.4846664e-01   8.9801482e-01   4.7926977e-01   2.1311591e-01   1.5518543e-01   3.5491557e-01   9.4269678e-02   4.2100458e-01   7.1614155e-01   8.1795845e-01   4.5379394e-01   4.2749996e-01   1.4006573e-01   8.5724526e-01   2.9643481e-01   2.3238194e-01   9.6411146e-01   3.5224269e-01   2.4581737e-02   6.5048814e-01   1.8996059e-01   3.8268967e-02   6.3577632e-01   1.9698316e-01   8.3063790e-01   8.1998737e-01   5.0456339e-02   3.7042975e-01   9.8484790e-01   5.8023462e-01   4.3738774e-02   3.8852150e-01   2.1323814e-01   1.4621432e-02   6.6680742e-01   9.0092626e-02   5.4054060e-01   5.8112688e-01   5.4856703e-01   8.4781302e-01   3.9088872e-02   6.0115805e-01   5.6390372e-01   3.1003270e-01   9.9519468e-01   7.4378997e-01   4.8705068e-01   6.3912899e-01   6.1429530e-01   2.6361598e-01   4.4406915e-01   4.4432637e-01   9.1411069e-01   6.8342101e-02   8.3660131e-01   6.6041964e-01   7.0190587e-01   8.6241951e-01   8.3999802e-01   1.6422190e-02   8.1216799e-02   5.4808601e-01   7.1901506e-01   2.6957579e-01   1.2352959e-01   3.2819697e-01   3.1699072e-01   9.0296908e-01   5.1791710e-01   6.9372157e-01   4.3632550e-01   8.1279129e-01   2.6631736e-01   5.1885745e-01   8.1964003e-01   2.9139200e-01   3.9493928e-01   6.3436675e-01   7.7797502e-01   6.6683692e-01   7.2530256e-01   2.5823513e-01   1.0059984e-02   4.5016523e-01   2.1042127e-01   5.4305105e-01   5.4820584e-01   8.7919673e-01   3.9571919e-01   1.7113414e-01   3.4090733e-01   3.4488277e-01   3.5928438e-01   2.7872364e-01   9.9300087e-01   2.9350927e-01   9.4955557e-02   7.6010836e-01   0.0000000e+00   5.9308114e-01   5.3434220e-01
   6.1397608e-01   4.1136414e-01   3.5669360e-01   6.1388196e-01   7.6412147e-01   9.2601192e-01   7.6424504e-01   5.4771325e-01   7.9383672e-02   9.2553797e-01   9.0376136e-01   5.2965913e-01   8.4428674e-01   6.0026164e-01   8.2788304e-01   5.6190982e-01   5.0158480e-01   6.6107837e-02   6.5563691e-01   5.0125262e-01   2.1352813e-01   3.4512284e-01   9.0717190e-01   1.2175135e-01   9.8741677e-03   4.8420830e-01   7.2660702e-01   9.0308781e-01   7.7420675e-01   5.1317118e-01   6.6417521e-01   9.6008775e-01   5.1432073e-01   4.5412537e-01   5.2223060e-01   5.2611009e-03   4.9904305e-01   2.4289176e-01   3.5880620e-01   4.6090805e-01   8.0322433e-01   3.0688063e-01   4.2790142e-01   2.2083635e-01   7.1653983e-01   7.3338615e-01   4.6761145e-01   7.0080638e-01   9.3074381e-01   9.7244855e-01   9.9858275e-01   4.7241864e-02   6.0548343e-01   5.4791049e-01   7.9595108e-01   7.7937025e-01   4.4331384e-01   8.4344501e-01   2.3635171e-01   7.8432382e-01   7.3620583e-01   8.9138589e-01   2.3004672e-01   9.4764097e-01   6.3299124e-01   2.3281878e-01   8.7497968e-01   3.3966486e-01   7.3408068e-01   8.9973796e-01   4.1907651e-02   8.7358480e-01   9.4809225e-01   1.7536639e-02   3.9557309e-01   5.0329255e-01   7.3562328e-01   7.9188269e-01   8.1844844e-01   6.0314856e-01   6.9120297e-01   1.2070829e-02   6.0564402e-01   9.3329141e-01   5.6852779e-02   3.2247406e-01   3.0505207e-01   6.7185296e-01   2.4497927e-02   1.7552998e-01   2.2512140e-01   8.1150455e-01   9.4378817e-01   8.8529368e-02   2.7055093e-01   1.4492581e-01   1.1406094e-02   4.3606996e-01   7.6281674e-01   0.0000000e+00   1.7715659e-01
   4.9831654e-01   3.9820148e-01   5.9235172e-02   3.3838895e-01   4.4737135e-02   4.7738679e-01   8.5563507e-01   1.1596117e-01   4.3169684e-01   7.4120552e-01   2.6865321e-01   5.2046278e-01   2.1113028e-02   3.2128191e-01   6.4110213e-01   8.1243976e-01   9.7771571e-01   5.1310095e-01   8.7677450e-01   1.6437958e-01   2.2499426e-01   9.9782432e-01   1.8887123e-02   5.0663610e-01   2.9726876e-02   4.7142693e-01   7.8430281e-01   2.7636885e-02   5.3678289e-01   5.8026924e-01   4.8385846e-01   5.4249005e-02   6.5215059e-01   2.4468816e-01   1.1896907e-01   2.8013547e-01   5.6516286e-01   8.1795111e-01   2.6686676e-01   8.6344775e-02   1.1987930e-01   6.1865103e-01   7.9864687e-01   2.5587284e-01   3.3039773e-01   6.7494765e-01   4.2265242e-01   1.8906079e-01   8.6099216e-01   3.3041280e-01   1.5421840e-01   1.5432104e-01   6.9992066e-02   3.4689507e-01   8.5891296e-01   1.9941594e-01   6.3989135e-01   1.4837512e-01   5.8613105e-01   6.5807767e-01   3.9808291e-01   9.1577862e-01   4.1820193e-02   6.7021908e-01   9.5947506e-01   8.2911869e-01   2.7162355e-01   1.4158054e-01   7.6203956e-01   7.0665931e-01   1.6651404e-01   6.7030227e-01   6.7156595e-02   1.7831789e-01   2.7826778e-01   8.4862452e-01   3.4213924e-01   9.1993508e-02   2.7769477e-01   3.8965522e-01   4.9217598e-01   6.7134116e-01   8.5078185e-01   5.1115784e-01   3.3063607e-01   9.2309119e-01   2.8370033e-01   4.0686317e-01   8.7260612e-01   8.3079334e-01   7.3600892e-01   1.4275791e-01   6.1439879e-01   3.2038926e-02   8.2260621e-01   3.2102885e-01   5.9257281e-01   5.7562896e-01   8.8426428e-01   9.0652303e-01   0.0000000e+00
