   0.0000000e+00   7.4383658e-02   9.5370039e-01   7.5445069e-01   5.1564769e-02   7.3223168e-01   5.6904201e-01   1.9685578e-01   6.6795002e-01   9.6687441e-01   5.8642898e-01   9.6057847e-01   9.4029226e-01   4.4469377e-01   1.5389227e-01   8.1149108e-01   8.5993095e-01   5.2850607e-02   9.6169313e-01   2.8713703e-01   9.6287502e-01   5.3693781e-01   1.9077941e-01   1.8338061e-01   6.5445583e-01   6.7993323e-01   9.3342033e-01   7.9558769e-01   5.8354085e-01   7.5620665e-01   1.2506286e-01   7.6271996e-01   1.6302242e-01   4.6067586e-01   2.0750678e-01   8.8275672e-01   6.2068950e-01   2.5455707e-01   3.5168740e-01   1.2072598e-01   1.5711833e-01   4.0103901e-01   7.6189872e-01   5.0415869e-01   2.8258251e-01   9.8296002e-01   1.8534406e-01   2.8072737e-01   1.2945161e-01   6.7042963e-01   8.3090590e-02   8.8635236e-01   2.9403191e-02   8.1410771e-01   3.2857610e-01   3.3994610e-01   8.5853293e-01   2.5501125e-02   8.5585811e-01   2.0682941e-01   6.1490801e-01   9.0941422e-03   2.9522254e-01   8.9242272e-01   3.3392210e-01   6.1435969e-01   8.8748714e-01   3.5280303e-02   3.2427083e-01   2.6694289e-02   8.9673322e-02   7.3639119e-01   8.8768331e-01   8.8270319e-01   3.9858326e-01   7.1119239e-01   5.1296658e-01   1.7890869e-01   1.9287042e-01   5.0130163e-01   5.5467071e-01   7.1815757e-02   7.5822529e-01   3.7469947e-01   8.6393358e-03   2.8269310e-01   7.1167473e-01   2.2555761e-01   3.8775826e-01   3.1348071e-02   5.8723801e-01   4.9387790e-01   6.7219156e-01   7.1001926e-01   9.2469600e-01   6.6849448e-01   2.7000802e-03   7.0728995e-01   3.3034732e-01   5.7304539e-02   1.8422912e-01
   2.0528326e-01   0.0000000e+00   8.3589378e-01   3.0266486e-01   6.3874345e-01   5.2973657e-01   2.5904466e-01   4.3384321e-01   1.9823112e-01   5.8408696e-01   2.6138838e-01   9.1839341e-01   8.5200483e-01   7.9384524e-01   8.7582574e-01   4.5142855e-01   3.5784410e-01   7.5763147e-01   9.3652895e-01   3.3610275e-01   9.5485418e-01   7.8137079e-02   4.4355056e-01   1.4289946e-01   9.8724310e-01   8.8733734e-01   3.2863190e-01   4.9139275e-01   3.0642773e-01   3.8555343e-01   3.2761803e-01   5.1840693e-01   6.5146270e-01   2.3043723e-01   9.8897376e-01   9.0913968e-01   4.4980545e-01   6.1514469e-02   3.5472003e-01   8.5813468e-01   5.3893013e-01   4.1206972e-01   9.8737929e-01   3.9478782e-01   5.7368640e-01   1.5970335e-01   1.8005407e-01   5.6652306e-02   6.5864569e-01   8.2928393e-01   3.7166428e-01   3.8993948e-01   2.8708762e-01   4.9089576e-01   7.5380064e-01   8.8478780e-01   3.0763298e-02   3.1685382e-01   8.5703458e-01   3.8599360e-01   6.7245960e-01   9.3744270e-01   7.6490584e-01   5.5110709e-01   8.6070314e-01   9.3763548e-01   8.7665398e-02   8.3663154e-02   6.2004952e-01   4.2036948e-02   8.3589810e-01   2.6258935e-01   1.0950902e-01   7.6298307e-01   1.2928148e-02   3.8831319e-01   9.1974895e-01   4.8253762e-01   5.5903356e-01   6.0547507e-01   9.6356323e-01   2.2842277e-01   1.1252356e-01   2.3190130e-01   2.0088929e-01   8.2584841e-03   2.3510952e-01   9.1929818e-01   5.7646757e-01   3.4900820e-01   3.3131386e-01   1.5107568e-01   9.9110296e-01   5.6986437e-01   7.6191048e-01   4.8380665e-01   7.9307198e-01   9.9335623e-01   6.9003813e-01   7.2014886e-01   8.7443050e-01
   3.8496727e-02   4.2933110e-01   0.0000000e+00   5.6575221e-02   7.8973223e-01   7.3225916e-01   8.8001082e-01   9.9226483e-01   2.5816712e-01   1.7545813e-01   6.7793108e-02   7.5861750e-01   5.6935633e-01   9.1185329e-01   2.7262528e-01   7.1378819e-01   5.5299421e-01   7.3309944e-01   7.3403479e-01   9.6118358e-01   8.6998849e-01   4.7476754e-01   3.6645041e-01   7.5787217e-01   3.2342207e-02   9.1068354e-01   8.7862060e-01   7.7253881e-01   5.6407608e-01   7.2125062e-01   7.7703649e-01   6.4518681e-01   3.4262719e-01   2.9386703e-01   4.3957363e-01   8.8516346e-01   7.1794026e-01   3.2734458e-01   4.3423162e-01   7.1397946e-01   5.6125650e-01   1.8888333e-01   6.1301914e-01   1.0631348e-01   9.6257275e-01   8.6379541e-01   5.7188516e-01   3.9329665e-01   3.4811673e-01   2.9252208e-01   8.6992789e-01   1.9173070e-01   7.7766913e-02   4.0394298e-01   1.9671432e-01   7.0115464e-01   4.5986408e-02   3.5595922e-01   5.9718001e-01   8.5271074e-01   3.1983581e-01   1.5286657e-01   1.4178653e-04   3.7582049e-01   3.1275102e-04   5.7762383e-01   8.2514337e-01   8.0197953e-01   7.3446963e-01   9.9080714e-02   6.3957539e-01   1.7710088e-01   5.4944964e-01   8.7186135e-01   6.6104975e-02   7.1245124e-01   2.9506969e-02   1.0960674e-01   3.0409546e-01   7.7483485e-01   7.6241882e-01   2.7655611e-02   7.8757526e-01   8.2583406e-01   9.2419144e-01   3.9560544e-01   7.0445561e-01   8.4486652e-01   6.8229660e-01   3.0219191e-01   4.2768578e-01   2.2582892e-01   4.9538162e-01   1.6401302e-01   7.8432818e-01   7.8959306e-01   5.1048096e-02   7.6409593e-01   5.0246125e-01   5.1319615e-01   7.2529501e-01
   3.9223376e-01   7.4640999e-01   8.2416541e-01   0.0000000e+00   8.4189040e-02   2.6615119e-01   7.4910421e-01   3.6526381e-01   3.5303014e-01   4.7351227e-02   8.0729919e-02   2.3855469e-01   3.5236080e-02   8.5247382e-01   9.8024232e-01   5.0482226e-01   5.4965734e-01   6.1539494e-01   8.0437255e-01   5.5058501e-01   3.0133247e-01   7.7711136e-01   6.2292334e-01   1.7909970e-01   5.7899772e-02   8.9773265e-01   3.2708619e-01   4.7276480e-01   7.1122751e-01   3.4107754e-01   5.8079331e-01   9.1457879e-01   2.9302282e-01   8.8187060e-01   2.0956360e-01   6.6915277e-01   5.9641103e-01   7.1554861e-01   3.9678503e-01   7.7522635e-01   5.1714513e-01   6.9781664e-01   1.3937824e-01   9.0714595e-01   6.8377889e-01   6.4188221e-01   5.4796125e-01   1.7477464e-01   7.5458523e-01   8.8480446e-01   4.7882659e-01   1.3475366e-01   9.8833862e-01   9.2514282e-01   3.0965642e-01   9.8345817e-01   5.3783238e-01   9.3294076e-01   8.2808076e-01   2.8607458e-01   4.3663232e-01   9.7519179e-01   9.7992509e-01   3.7168323e-01   2.6347213e-01   2.8800308e-01   3.1367170e-01   5.9097823e-02   6.3698852e-01   4.0650807e-01   4.9502391e-01   4.5299580e-01   6.6085844e-01   4.1858617e-01   9.9948067e-01   1.4473314e-01   1.1818552e-01   6.5647215e-01   2.6985450e-01   8.9112200e-01   6.5270387e-01   9.8541413e-01   2.7145520e-01   8.6212991e-01   2.0604713e-01   9.1334467e-01   5.4227101e-02   4.9046699e-01   3.3514029e-01   2.1400430e-01   4.1741424e-02   4.1891103e-01   9.9183122e-01   7.7470330e-01   7.7307103e-01   7.8751323e-03   6.1018554e-01   3.8521920e-01   9.1705177e-01   5.4955415e-01   3.9925207e-01
   1.2393943e-02   3.1336286e-01   9.9404271e-01   9.8185596e-01   0.0000000e+00   2.7793551e-01   2.5073553e-01   3.2730051e-01   3.8120840e-01   3.2342979e-01   6.6318266e-01   7.0595477e-01   5.1791859e-01   1.4855793e-01   6.3135056e-01   6.5959036e-01   7.4857042e-01   3.8090918e-02   1.9572124e-01   8.8129140e-01   8.3103025e-01   5.5305194e-02   7.1170742e-02   9.3794505e-01   9.6703627e-01   1.9174124e-02   4.5036906e-01   4.7854847e-02   4.0105292e-01   1.1911340e-01   5.5740357e-01   7.0332724e-01   6.7789889e-01   2.1648608e-01   9.1738151e-01   7.1286968e-01   6.5426717e-01   4.9606165e-02   7.5138204e-01   8.6426773e-02   9.7189522e-01   7.0335935e-01   6.5365347e-01   4.1338557e-01   5.1051839e-01   3.0620082e-01   4.3637850e-01   3.9051559e-01   2.9469508e-01   6.2072824e-01   9.1976960e-02   4.5939051e-01   3.4160151e-01   7.8110845e-01   1.4760218e-01   9.4960352e-01   4.8942872e-01   2.7318052e-01   3.4717763e-01   5.2880127e-01   3.4079967e-01   4.9890835e-01   4.6810481e-01   9.0509581e-01   3.5980991e-02   7.5991741e-04   6.2899150e-01   6.3626789e-01   6.5364221e-01   1.0369652e-01   9.9565600e-01   7.3558547e-01   1.6855010e-01   2.6528504e-01   3.0529143e-01   9.6225392e-01   1.4698222e-01   8.8847270e-01   3.3496856e-01   7.6251156e-01   3.6221774e-01   6.8708235e-01   5.1843796e-01   5.2993785e-02   4.9819487e-01   1.8499020e-01   6.4666612e-01   2.6020157e-01   9.2007408e-01   9.2002379e-01   2.8464024e-01   7.8646471e-01   1.8477195e-01   5.7714631e-02   3.3249394e-01   9.0665012e-01   1.0229994e-01   1.9055703e-01   2.2131802e-01   7.2355302e-03   3.2662565e-01
   3.3206707e-01   8.6640194e-01   7.3486859e-01   6.0222645e-01   7.8421212e-01   0.0000000e+00   1.5272450e-01   8.7995795e-01   4.8763353e-01   3.3531789e-01   7.7747323e-01   1.6609538e-01   9.8090866e-01   7.2549252e-01   2.0421984e-01   9.0857455e-01   6.0738559e-01   3.7479469e-01   4.9976022e-01   3.6093463e-01   2.6216978e-01   5.5176247e-01   5.6599036e-01   2.0825449e-01   3.3199650e-01   7.3209384e-01   5.0270500e-01   5.4298524e-01   1.8739038e-01   2.8985308e-01   7.5653380e-01   2.6348075e-01   4.2501985e-01   5.2406788e-01   1.0879532e-01   7.4744460e-01   9.5445416e-01   5.3982879e-01   2.7858925e-01   3.8403267e-01   2.2228545e-01   8.9123513e-01   7.2874165e-01   9.3276990e-01   7.3451225e-01   2.4207264e-02   9.2799178e-01   3.9384560e-01   2.0991587e-01   4.7873385e-01   9.8226689e-01   3.8286583e-01   1.5350345e-01   6.5581720e-01   6.5046787e-01   8.1630475e-01   3.5881830e-01   2.8471079e-01   6.9057495e-01   3.7878572e-01   1.0056524e-01   9.4188361e-01   8.8917137e-02   1.9467129e-01   7.8798380e-01   7.3930513e-01   4.6743521e-01   7.5152831e-01   5.8946278e-01   4.8451283e-01   8.8534629e-01   8.8001803e-01   4.2641357e-01   2.7520078e-02   3.9881187e-01   9.5868701e-01   6.5384860e-01   1.8852493e-01   8.3883449e-01   6.9067032e-01   2.6070192e-01   1.5448217e-01   2.8603646e-01   4.9437790e-01   4.7851510e-01   5.2535349e-01   1.7170611e-01   7.2614837e-01   7.3626866e-01   5.3821779e-01   3.0190046e-01   4.9000541e-01   8.1339334e-01   5.2747856e-03   6.8905449e-02   1.4470070e-01   2.4657312e-01   4.1506239e-01   1.1896514e-01   6.0824002e-01   3.5467378e-01
   3.3748070e-01   1.3585467e-01   2.0513665e-01   8.1944448e-01   2.2680723e-01   8.6279880e-01   0.0000000e+00   8.4779642e-01   7.2339710e-01   4.6445350e-01   1.9764255e-01   3.6296034e-01   6.7386487e-01   2.0765462e-01   5.3389182e-01   4.6978749e-01   5.0471038e-01   3.7784531e-01   7.7798011e-01   4.2919499e-01   4.9294641e-01   4.2067268e-01   1.3939487e-02   2.8512128e-01   5.3242301e-01   8.1122889e-01   5.4028157e-01   6.5859526e-02   5.4553608e-01   3.0154566e-01   2.9607960e-01   9.3390122e-02   8.8102766e-01   9.0399213e-01   4.9012499e-01   2.5460629e-01   3.4402689e-01   5.8600592e-01   8.4095542e-01   4.8186917e-01   2.0527915e-01   1.6189487e-01   4.5828932e-01   3.7101257e-01   5.8757565e-01   9.4800964e-01   2.8706182e-01   1.8775884e-01   2.9526241e-01   6.2710736e-01   3.4793804e-01   8.3130646e-01   7.0870903e-01   8.9520476e-01   2.1850720e-01   4.7874340e-01   3.1414646e-01   3.5650099e-01   9.6265034e-02   9.4907825e-01   1.1778311e-01   7.8064680e-01   7.5514793e-01   2.8190880e-01   5.4056597e-01   1.4094364e-01   8.9877141e-01   7.3170799e-01   3.2517662e-01   3.6607159e-01   1.7123056e-01   7.7612067e-02   2.2101680e-01   8.8699566e-01   2.9982958e-01   6.3663161e-01   6.2078482e-01   9.2442246e-02   3.6027424e-01   9.2713672e-01   9.5995400e-01   6.9307048e-01   1.3602527e-01   7.0993957e-01   9.9544636e-01   3.4287319e-01   3.6653348e-01   8.2069201e-01   3.6332743e-01   8.8947339e-01   6.8315247e-02   8.7639200e-01   2.1983725e-01   8.8984983e-01   9.1364250e-01   7.5837802e-01   3.9834672e-01   6.3684143e-01   5.1781710e-01   9.2690018e-01   1.7193829e-01
   6.5972211e-02   7.3624095e-01   7.1617683e-01   4.1894548e-01   3.7605162e-01   4.8306373e-01   8.3053302e-01   0.0000000e+00   8.6476575e-01   5.5331256e-01   4.2540845e-01   8.8214365e-02   8.5054658e-01   9.7569124e-01   7.9384843e-01   7.7565947e-01   1.0864986e-01   5.8740380e-01   7.4979497e-01   7.5248658e-01   5.3299309e-02   1.5098266e-01   2.2854137e-01   9.7871554e-01   9.0338793e-01   2.2050904e-01   5.1101260e-01   3.5795041e-01   9.2447681e-01   8.2540208e-01   2.9044072e-01   5.6940962e-01   4.4867499e-01   8.5621261e-01   5.3787745e-02   4.9168198e-01   9.4622999e-01   1.1295752e-01   7.7838613e-01   1.9001326e-01   1.9222474e-01   2.6572352e-01   2.5563080e-01   3.4713726e-01   1.3661510e-02   5.6893422e-01   4.9082495e-01   3.5727817e-01   5.4105756e-01   4.9644098e-01   3.9674255e-01   3.0179685e-01   2.8006723e-01   6.4166222e-01   2.3979175e-01   5.8816295e-01   3.9133832e-01   2.0751564e-01   3.3507224e-01   3.5581869e-01   5.6771092e-01   6.7086672e-01   5.4913971e-01   6.4972472e-01   3.6846108e-01   8.6388725e-01   8.5665846e-01   6.9229625e-02   5.1011776e-02   2.4904603e-01   7.8192123e-02   5.7555862e-01   6.4424843e-01   8.9739114e-01   1.3373332e-01   3.3546073e-01   9.8269966e-02   4.3197489e-01   3.3658071e-02   2.2860827e-01   7.4039454e-01   6.7818560e-01   6.2247792e-01   5.6878082e-01   9.2328831e-01   2.3144356e-01   6.5077751e-01   9.8880937e-01   1.6810982e-01   1.7723459e-01   4.7351188e-01   2.5002602e-01   7.4257095e-01   7.9305291e-02   4.9889903e-02   4.7165395e-03   8.1073474e-01   8.0140708e-02   5.7081992e-01   6.5241488e-01   7.4811457e-01
   9.2829087e-01   5.7461460e-01   1.7093935e-01   8.4911940e-01   8.5981984e-01   1.8204793e-01   2.3050133e-01   4.5736982e-01   0.0000000e+00   8.6418927e-01   6.5325938e-01   2.1396959e-01   1.6645011e-01   8.9524249e-01   6.4835559e-01   1.9082125e-01   5.0327083e-01   2.2139689e-01   5.6795838e-02   4.0815652e-01   3.8897378e-01   9.9451762e-01   4.2579708e-01   4.7525506e-01   8.2519924e-01   1.5180777e-01   6.6131354e-02   1.7340893e-01   5.6290135e-01   4.9887095e-01   8.8049312e-01   5.5901246e-01   7.4272202e-01   9.4249209e-01   3.5744658e-01   9.5401453e-01   7.4904485e-01   9.4801578e-01   5.6722905e-01   3.8003362e-01   3.6314077e-01   4.1965518e-01   8.7726493e-01   6.1510188e-01   4.0193441e-01   2.5772460e-01   3.2340122e-01   2.9806864e-01   4.8508958e-01   7.7840557e-01   6.2395182e-01   8.4361304e-01   5.9424449e-01   4.0821339e-01   1.6137614e-01   2.2708914e-01   2.3320417e-01   8.4982377e-01   7.6354187e-01   2.2045360e-01   5.0184311e-01   3.1417052e-01   8.8575585e-01   5.1792704e-01   4.6442082e-02   9.4115761e-02   3.8155404e-02   9.2263099e-01   8.7384214e-01   2.4443344e-01   6.3368531e-01   3.1841413e-01   1.0324870e-01   8.3626142e-01   4.5359517e-01   2.8835020e-01   5.5161863e-01   2.1914128e-01   1.4255194e-01   4.4381889e-01   1.5833010e-01   9.7254169e-01   4.6854341e-01   8.4829456e-01   3.9792018e-01   7.2971629e-01   7.3656385e-01   5.9943291e-01   5.2368976e-01   4.0675690e-01   2.9849705e-01   2.1972902e-01   6.4804418e-03   3.5174566e-01   2.5489574e-01   1.6356374e-01   7.1314334e-01   3.8868417e-02   5.4931709e-01   6.8338700e-01   7.7175781e-01
   5.9111662e-01   5.3606507e-01   2.8467734e-01   1.4106089e-01   7.5293699e-01   7.4737363e-01   9.1633257e-02   2.0213346e-01   9.3522124e-01   0.0000000e+00   9.4935668e-01   2.4082307e-01   3.7848723e-01   3.4235994e-02   7.5240649e-01   3.0002310e-01   6.0197100e-01   6.3364083e-01   7.0970547e-01   5.3720969e-01   8.8728699e-01   8.6099489e-01   7.9284503e-01   2.6951245e-01   2.9845853e-01   9.5641362e-01   6.0038763e-01   1.3560036e-01   9.6572878e-01   5.3788625e-01   9.4881927e-01   6.0889949e-01   9.9762037e-03   1.5584106e-01   2.2612033e-01   3.9072521e-01   9.1599720e-01   7.0436874e-01   8.7756841e-01   5.0732124e-01   4.8692857e-01   9.5164123e-01   6.9124780e-01   2.5337624e-01   5.1225413e-01   1.6663954e-01   4.5880307e-01   9.9994237e-02   5.7996260e-02   9.6516824e-01   5.1819393e-01   9.4513326e-01   2.4014737e-01   2.7852298e-01   9.7872187e-01   4.4805454e-01   6.4616674e-01   8.6730434e-01   2.7438101e-01   2.7647127e-01   4.0504193e-01   3.5183720e-01   2.6697713e-01   8.6992656e-01   5.0978320e-01   5.6186626e-01   7.7392428e-01   4.3834561e-02   6.7626727e-01   8.4246569e-01   2.2406713e-01   7.9362623e-01   7.4028972e-01   4.5817590e-01   9.8974628e-01   6.6127964e-01   3.1123486e-01   7.0831078e-01   3.0198682e-01   5.9410348e-01   2.3655883e-01   8.0332287e-01   5.3249337e-01   1.1899790e-01   4.3061959e-01   3.7275001e-01   3.6355076e-02   7.6061474e-01   2.0996682e-01   7.7943487e-01   4.7210637e-01   5.3064063e-01   2.4993503e-01   7.8233368e-01   3.0366016e-01   2.9549659e-02   7.5799682e-01   2.4660680e-02   6.3976070e-01   4.9203030e-01   4.7890738e-01
   7.1685876e-01   5.9543139e-01   1.9566137e-01   5.5675063e-01   3.4315614e-01   5.4266551e-01   2.2620379e-01   9.2940122e-01   7.0701913e-01   5.3976296e-01   0.0000000e+00   2.4506865e-01   7.9141729e-02   7.8510363e-01   4.7859936e-02   2.7033306e-01   8.5235479e-01   2.1750819e-01   4.4305511e-02   1.8067346e-01   6.1323187e-01   8.4160202e-01   3.5870328e-01   4.0872503e-02   6.1909858e-01   8.0105781e-01   6.1550040e-01   4.7102885e-01   2.3264857e-01   5.1580500e-01   5.1425755e-01   1.6282389e-01   9.1776929e-01   3.9083074e-01   7.8440733e-01   2.9990175e-01   2.2021664e-01   4.4571208e-01   1.1842852e-01   4.1309048e-01   5.9784347e-01   7.1846698e-01   2.8769836e-01   4.2091866e-01   3.2424178e-02   4.4034462e-01   1.4938024e-02   5.5937576e-01   4.8542148e-01   8.1470656e-01   3.9557843e-01   3.9696266e-03   9.3704189e-01   9.3614776e-03   7.1258145e-01   5.4918962e-01   1.5374066e-01   5.5601535e-01   6.3204492e-01   7.0897978e-01   6.3135824e-02   3.3506380e-01   9.1942339e-01   4.9514157e-01   9.0099993e-01   3.3030590e-02   4.7274580e-01   4.8573360e-01   9.4970712e-01   1.2682445e-02   9.2027052e-01   3.6895976e-01   1.1340842e-01   9.3598050e-01   5.7617764e-01   9.3172565e-01   2.4779731e-01   2.9516650e-01   3.6947864e-01   7.4650737e-01   5.2187645e-01   7.3201675e-02   4.4445065e-01   8.0003935e-01   1.1504272e-01   9.3575440e-01   9.4358550e-01   1.5394500e-01   4.4733087e-01   4.6301605e-02   1.7076928e-01   7.2077508e-02   4.2711730e-01   7.7026358e-02   5.4975628e-02   3.2548961e-01   9.5762027e-01   8.5167304e-01   2.6030832e-01   2.5438701e-02   8.3001009e-01
   7.2026059e-01   7.4011376e-01   8.4895004e-02   9.6108980e-01   8.0290605e-01   4.4291122e-01   9.9000673e-01   1.6969277e-02   4.7879094e-01   5.2351100e-01   3.5134570e-01   0.0000000e+00   9.3500103e-01   6.3065074e-01   2.3132657e-01   4.7657368e-01   5.2073350e-03   6.9879245e-02   1.9418481e-01   3.3685502e-01   7.2881871e-01   8.4737147e-01   2.1013345e-01   7.5480241e-01   9.0017338e-01   2.1611602e-01   3.8421792e-01   6.6709032e-01   3.2062932e-01   1.7981290e-01   1.4850141e-01   9.9487705e-01   2.9685307e-02   9.9861629e-01   3.8889775e-01   7.9250796e-01   6.3321503e-01   6.5653220e-01   8.5696554e-01   8.4250556e-01   9.0209381e-01   1.2919757e-01   6.9564039e-01   3.4385133e-01   4.8787263e-01   1.8033100e-01   8.1956592e-01   1.7790339e-01   3.5737090e-01   4.3546060e-01   9.6971289e-01   6.3441134e-01   1.4912228e-01   2.1110212e-01   3.8943014e-01   6.2920028e-01   3.4127957e-01   8.4091801e-01   9.9271348e-01   4.4711336e-01   7.6364682e-02   4.0755561e-01   2.6779864e-01   6.3315584e-01   5.7314262e-01   7.2002321e-01   1.6010844e-01   8.9585869e-01   1.3216494e-01   9.9152240e-01   5.5737531e-01   3.0355998e-02   1.0397817e-01   1.7144851e-02   8.1863058e-01   3.4534538e-01   8.7532415e-01   7.2707361e-01   2.0689117e-01   7.1870546e-01   1.5953882e-01   9.7908568e-01   8.0803282e-01   3.7598442e-01   9.2288763e-01   8.1204971e-01   1.6369127e-01   6.8934020e-01   6.6378181e-01   9.7534727e-01   7.7976730e-01   4.1666092e-01   8.1255310e-01   4.8240546e-01   8.2980344e-01   8.4618570e-01   7.5543833e-01   1.8146379e-01   5.0387986e-01   6.8594373e-02   5.6633201e-01
   5.7953183e-02   6.7599867e-01   2.4742700e-01   8.7482586e-01   5.9655798e-01   8.6117192e-02   4.3724550e-02   1.8376192e-01   3.6407623e-01   1.8091166e-01   4.2007278e-01   9.5919059e-02   0.0000000e+00   5.5847760e-01   3.8667000e-02   9.8984471e-01   7.8774168e-01   6.6670688e-01   5.0049583e-01   4.1839739e-01   6.8227139e-01   7.9995214e-01   6.0230085e-01   2.4551316e-01   8.8566204e-01   7.4927749e-01   5.4486343e-01   2.3644866e-01   3.9368894e-02   6.7384453e-01   1.3669959e-02   3.4849779e-01   7.7966553e-01   1.8187994e-01   1.7002490e-01   1.9013102e-01   8.6735134e-01   3.8687708e-01   9.1446797e-01   2.3408877e-01   8.6196652e-02   9.1456654e-01   5.6991392e-01   4.8336955e-01   9.3111721e-01   7.1615144e-02   9.4653177e-01   1.3494328e-01   1.2518324e-01   2.8733529e-01   2.6175567e-01   9.1481228e-01   4.9654026e-01   4.5574234e-01   7.9500634e-02   5.3194068e-01   8.5239239e-01   5.4454502e-01   5.7039238e-01   7.3153085e-01   1.3159684e-01   1.6634763e-01   9.8002677e-01   4.3983782e-01   3.3095207e-03   3.0138631e-01   7.3328037e-01   6.1236522e-01   1.5943870e-01   9.8827126e-02   8.4567582e-01   9.6428159e-01   9.0753728e-01   6.0028153e-02   2.8190218e-01   4.2155397e-01   2.1351131e-01   2.5643324e-01   9.3678319e-01   6.5596741e-01   8.5517242e-01   5.7690080e-01   6.6011285e-01   9.8926244e-01   6.1666349e-01   9.6933454e-03   2.2606528e-02   8.3527100e-01   9.6778069e-01   9.0388127e-01   9.9797088e-01   8.1434683e-01   8.3813043e-01   3.6723260e-01   4.3807010e-01   7.8039180e-01   9.5762119e-01   3.4753211e-01   7.7563162e-02   7.5967805e-01   9.2807813e-01
   7.6079610e-01   8.6478416e-01   2.0082728e-01   2.8792008e-01   1.0252410e-01   5.9050565e-01   9.7567782e-01   9.8956398e-01   6.3287016e-01   1.8642855e-01   1.7777271e-01   8.7495356e-02   7.3677900e-01   0.0000000e+00   1.0301802e-01   6.0896362e-02   6.9436443e-01   9.0014048e-01   1.1366453e-01   5.7462864e-01   5.6833712e-01   4.6585394e-01   4.3377168e-01   9.0473480e-01   7.8430425e-02   8.2992476e-02   4.1308881e-01   1.9427694e-01   7.3706777e-02   5.4649506e-01   1.3739364e-01   4.4071555e-01   1.7488079e-01   4.2708072e-01   7.3126647e-01   1.7885274e-01   9.3675184e-01   1.6527243e-01   2.3298156e-01   5.5241500e-01   8.1285967e-01   1.8518661e-01   9.0412349e-01   5.5025433e-01   2.2450741e-01   3.7777208e-01   2.2297937e-01   2.0337992e-01   7.2732451e-01   7.9590577e-01   1.8736319e-01   6.6677551e-03   7.6089736e-01   7.9512186e-01   1.3617092e-01   5.4491701e-01   9.1336466e-01   4.8386462e-01   2.2932046e-02   8.4472472e-02   8.2706437e-01   1.7861218e-01   8.3953300e-02   8.2716303e-01   3.8658595e-02   9.6913027e-01   4.8081140e-02   3.5516067e-01   3.6461421e-01   9.8140930e-01   5.0152512e-01   9.0877369e-01   5.2032260e-01   5.0087209e-01   1.3101767e-01   5.4345480e-01   6.9208437e-02   9.0590116e-01   9.6276433e-01   5.8780329e-01   7.1889086e-01   4.7427429e-01   9.9628355e-01   8.7575253e-01   3.2466884e-01   8.5566406e-01   6.0995473e-01   7.6645565e-01   1.2283041e-02   6.4146360e-01   6.2643663e-01   9.3253324e-01   1.3752350e-01   7.6422267e-01   2.0030468e-02   4.8099347e-01   2.7609713e-01   9.3919138e-01   2.2590801e-01   4.1836636e-02   3.9100627e-01
   9.8796295e-01   1.3277319e-01   2.8092681e-01   3.6494651e-01   7.3746517e-01   6.7669272e-01   4.0235796e-01   7.9310084e-01   6.3022223e-01   9.9383521e-01   3.1497947e-01   1.9939472e-01   5.4808880e-01   5.3445907e-01   0.0000000e+00   1.0425091e-01   7.7797485e-01   9.9595723e-01   5.2699757e-01   1.5225430e-01   8.2317217e-01   4.9356100e-01   7.5567450e-01   4.6039243e-01   6.2867034e-01   8.3762597e-02   8.3105656e-03   6.8902753e-01   1.5320337e-01   1.6553460e-01   3.5966292e-01   6.8602573e-01   6.8939543e-01   2.6004086e-01   3.6091825e-02   2.0061890e-01   4.0575709e-01   5.5365657e-01   9.5489484e-01   5.5782360e-01   4.6135040e-01   2.9172200e-01   8.1121202e-02   3.1040323e-01   7.4206426e-01   4.4941140e-01   4.6573130e-01   1.1432997e-02   1.8182014e-01   4.1305874e-02   1.1970013e-01   1.2731691e-01   9.5103143e-01   1.0625647e-01   7.2532451e-01   5.3458882e-01   9.9253072e-01   6.3702479e-01   7.0734298e-01   8.4145180e-01   7.2642040e-02   3.6574587e-01   9.7338646e-02   3.4605139e-01   2.9549156e-01   8.4299646e-01   9.6417250e-01   4.3639596e-01   9.9309886e-01   5.6443958e-01   7.9587032e-01   9.4164671e-01   5.6498614e-01   8.9617062e-01   5.4539062e-01   6.8670250e-01   6.6225541e-01   1.3990000e-01   8.7862057e-01   9.3562567e-01   5.9930291e-01   2.0682088e-01   4.2551273e-01   8.6066063e-01   5.5601243e-01   5.5167093e-01   5.0036768e-01   3.1960692e-02   8.3608912e-01   5.7977852e-01   1.1962262e-01   9.5341470e-01   3.0842715e-01   8.3957663e-01   2.5001600e-01   3.8977147e-01   6.7392148e-01   2.5872627e-01   6.8660234e-01   6.3314575e-01   3.6454388e-01
   3.0408447e-01   4.9588228e-01   9.5450538e-01   4.7754382e-01   1.2960742e-02   7.6907199e-01   4.0763646e-01   2.0904919e-01   8.9673876e-01   8.6781421e-01   1.4832647e-01   7.4988857e-01   7.7158540e-01   6.8609258e-01   2.5948804e-02   0.0000000e+00   2.6636539e-01   6.7057447e-01   2.6391555e-01   2.9278388e-01   4.3636724e-01   1.7274294e-01   5.0532963e-01   7.2213803e-01   9.2654580e-01   3.6783054e-01   6.3604994e-01   5.8324963e-01   6.5035883e-01   6.0636963e-02   1.3130223e-01   6.7633471e-01   1.8528003e-01   3.2577112e-01   5.1821696e-01   6.0327441e-01   5.6119216e-02   8.8299901e-01   6.0644293e-02   9.5926838e-01   9.5695185e-02   6.2753834e-01   1.5222846e-01   9.9099119e-01   5.6163543e-01   3.3872562e-01   6.1695426e-02   8.5460744e-01   5.5726943e-01   1.7714069e-01   6.2781297e-01   7.2250686e-01   2.4125022e-01   6.7706636e-01   5.8452639e-02   2.5993924e-01   3.3182376e-01   7.9203349e-01   1.8653290e-01   2.8558474e-01   1.9872562e-01   4.8234400e-01   6.5518247e-01   4.3080508e-01   9.0773852e-01   8.1225941e-02   5.9357045e-01   8.4917962e-01   1.9217546e-01   9.3901348e-01   1.6037026e-01   7.8738443e-01   4.7654744e-01   1.5567861e-01   5.7095676e-02   2.9121211e-01   7.6913689e-01   6.8905213e-01   6.6395178e-01   6.3877762e-01   3.7716186e-01   8.4263747e-01   3.1184944e-01   9.8238022e-01   2.3171744e-01   8.0695293e-02   3.2834396e-01   2.2858914e-01   6.7705021e-01   7.6744769e-01   3.2832983e-01   5.3059519e-01   9.7442622e-01   5.3597324e-01   5.4244989e-01   4.1402806e-01   8.7186662e-01   8.0478254e-01   3.9535580e-01   9.1120602e-01   1.0478844e-01
   7.2688300e-02   9.2476877e-01   3.6811596e-01   3.4946612e-01   9.3388721e-01   8.2384855e-01   7.3911071e-01   8.4615684e-01   7.2053149e-01   6.4424639e-01   1.7526401e-01   7.3517127e-01   7.1797492e-01   9.5363252e-01   2.8700400e-01   7.5808420e-01   0.0000000e+00   9.3292563e-01   6.0886924e-01   9.0992314e-01   8.9745478e-01   1.3224978e-01   8.3749056e-01   5.8837771e-02   7.1021877e-01   9.4441589e-01   7.3479848e-01   7.7712843e-01   3.3009721e-01   1.4062771e-01   9.0534039e-01   2.8120930e-01   2.3880937e-01   1.0444882e-01   3.7100576e-01   1.5393416e-01   7.9730075e-01   3.8520951e-01   5.6866748e-01   1.8989476e-01   1.3519236e-01   6.4389688e-02   7.5444592e-01   5.5426713e-01   1.0839768e-01   4.2072716e-01   7.9373805e-01   6.0838370e-01   2.1492738e-01   3.8664337e-01   9.6325259e-01   8.0478710e-01   6.8739061e-01   1.6729905e-01   5.9708148e-01   1.6769329e-01   5.9378538e-02   8.0366293e-01   1.1554421e-01   6.5348342e-03   4.5046233e-01   6.2203135e-01   8.7273914e-01   8.8709980e-02   1.8700654e-01   5.8464502e-01   5.9546914e-01   8.1205921e-02   4.1998379e-01   1.5293162e-01   6.5229152e-01   7.9031259e-01   7.4031469e-01   2.2852640e-01   3.3057272e-02   3.3995784e-01   3.4260762e-01   8.1573001e-02   2.0357520e-02   2.2367450e-01   5.2763801e-01   6.0512252e-01   1.8227728e-01   9.0642343e-02   1.6076764e-01   7.1989296e-01   8.8097505e-01   3.9044212e-01   7.9663698e-01   1.5878105e-01   8.3286273e-01   4.4420869e-03   6.9093523e-01   4.7213647e-02   9.1510819e-01   8.6366501e-01   6.8527908e-02   6.6549816e-01   5.8779032e-01   7.1770114e-01   1.1959199e-01
   5.8129732e-01   2.0739241e-01   2.2340861e-01   3.7979364e-01   2.2903450e-01   5.0154750e-01   2.4654100e-01   9.3432949e-01   3.3469932e-01   5.6176099e-01   3.4254586e-01   4.5816868e-01   3.0313314e-01   7.3158997e-01   8.9819392e-01   6.5302993e-01   8.3025620e-01   0.0000000e+00   4.7692926e-01   7.6813747e-01   3.1357892e-01   8.4797371e-01   2.6640087e-02   1.1793704e-02   4.5366840e-01   1.7303769e-01   7.9108267e-01   3.8572446e-01   6.9727149e-02   9.6757416e-01   9.7624702e-01   1.4835503e-01   1.8197838e-01   8.7705703e-02   7.5184045e-01   8.4455760e-01   9.2273977e-01   7.6330446e-01   4.3073091e-01   1.3513636e-01   2.1310371e-01   8.3957930e-01   6.4063002e-01   6.1607662e-01   6.5941014e-01   1.6349489e-01   4.8347466e-01   3.3798065e-02   8.1515399e-01   8.2779219e-01   5.5583633e-01   8.2558852e-01   1.6337488e-02   4.7038561e-01   9.6688811e-01   7.3165867e-01   4.8692478e-02   4.3061052e-01   3.8587545e-02   7.5699389e-01   9.8847009e-01   8.6829114e-01   2.3209638e-01   6.0451656e-01   3.8789282e-01   3.7634739e-01   6.5886215e-02   1.5921117e-01   7.7448718e-01   5.2385512e-01   6.9256297e-02   3.9711278e-01   4.5085214e-01   9.5981302e-01   2.8241476e-01   2.7103769e-01   3.1354885e-01   9.9020491e-01   2.7841632e-01   1.6934001e-01   2.8761970e-01   3.3164786e-01   6.9275993e-01   4.2779030e-01   7.2391812e-02   6.1364230e-01   9.7175562e-01   7.9789405e-01   4.7615662e-01   2.7128171e-01   9.6194387e-01   3.4749646e-01   7.9198207e-01   2.5399311e-01   2.3104354e-02   4.3968045e-01   5.0927037e-01   6.9048361e-01   4.1047235e-01   8.1004915e-01   2.5737336e-01
   9.5386267e-01   8.1660139e-01   7.8637734e-01   3.0674154e-01   6.5007998e-01   3.1579680e-01   2.4317378e-01   1.0753220e-01   8.4469391e-01   1.0222885e-01   7.2739445e-01   8.5015196e-01   2.7498368e-01   3.3739458e-01   6.0009856e-01   4.0785271e-01   4.4047800e-01   6.9139231e-01   0.0000000e+00   6.4745488e-02   7.2073307e-01   4.8026256e-01   7.7951192e-01   4.0025693e-01   8.2398942e-01   8.1746902e-01   4.6192334e-01   4.6975423e-03   9.3862010e-01   5.5273378e-01   2.0629855e-01   3.8147047e-02   5.3526406e-01   1.6732507e-01   2.7213057e-01   5.7176647e-01   5.4090135e-01   2.3172566e-01   6.4588781e-01   8.1142807e-01   2.4734922e-01   8.8815178e-01   9.7320160e-01   1.9968448e-02   6.7548013e-01   1.5439266e-01   8.9479686e-01   8.1637441e-02   8.9108472e-01   7.3744549e-01   3.0817199e-01   3.2824861e-01   9.1450087e-01   5.4188055e-02   8.5614758e-01   6.4958412e-01   3.4690771e-01   6.8796565e-01   5.9036900e-01   3.2733363e-01   6.6693452e-01   1.9663372e-01   5.5879382e-01   3.0230879e-01   4.6466966e-01   2.0967553e-01   4.0044401e-01   8.9031250e-01   4.2758000e-01   5.7738061e-01   6.5116364e-01   2.2551771e-01   8.5740925e-01   2.7161458e-01   6.2248965e-01   7.7655010e-01   4.3127909e-01   5.3996828e-01   4.1198194e-02   3.9093878e-01   8.6957039e-01   7.0247078e-01   2.9841656e-01   5.2043064e-01   9.4245063e-01   9.3650154e-01   8.1465131e-02   1.9439514e-01   7.9060075e-01   6.6923287e-02   1.4155524e-01   1.7426092e-01   5.7774915e-01   1.3330381e-01   8.4888084e-01   9.7040160e-01   2.3087988e-01   9.7372926e-01   1.9997821e-01   9.6829991e-01   3.1726637e-01
   9.8466370e-01   4.6639303e-01   4.0364217e-01   6.8863913e-02   6.3535614e-01   7.3948353e-01   6.2084874e-01   1.5179574e-01   5.1420521e-01   6.2285322e-01   3.1195890e-01   1.8707492e-01   1.7612698e-01   3.1053328e-01   5.6639224e-02   1.2813478e-01   6.1880215e-02   4.8363578e-01   4.2535439e-01   0.0000000e+00   2.2929095e-01   9.2175267e-01   3.3096926e-01   9.9512944e-01   1.4700415e-01   2.6031468e-01   2.7156997e-01   1.0786826e-01   3.1074780e-01   5.9924635e-01   8.0210347e-02   8.7029922e-01   3.4958749e-01   5.1619611e-02   1.0283266e-01   7.4562610e-01   8.3945491e-01   8.5284730e-01   7.9692515e-01   3.1583575e-01   2.4568229e-01   9.4736233e-01   7.3562688e-01   9.1328548e-01   2.2956467e-01   9.1088021e-01   8.0156180e-01   8.2454152e-01   5.7481481e-01   6.3017804e-01   8.9483877e-01   3.2487988e-01   9.0426656e-01   6.3785139e-01   4.9975225e-01   7.8576542e-01   1.8401225e-01   3.0154398e-01   9.5830081e-01   2.2379237e-03   4.5155870e-01   8.4833328e-01   9.9544741e-01   4.7143488e-01   6.9428990e-01   4.6639771e-01   7.8504123e-01   6.6474153e-01   6.7098439e-01   1.0200604e-02   5.1371873e-01   1.3746809e-01   3.6489565e-01   6.3646986e-01   6.7976520e-01   2.8015755e-01   9.5510250e-01   5.7935565e-02   9.9994014e-01   4.5901142e-01   5.1285032e-01   6.2733294e-01   4.4422069e-01   5.8592742e-01   6.2886259e-01   7.0053511e-01   1.8076447e-02   5.1675386e-01   6.5206451e-01   8.5151653e-02   3.1611650e-01   5.0262101e-01   7.9184963e-01   6.3716352e-01   9.1982580e-01   7.0582159e-01   7.9742911e-01   6.1179833e-01   2.7904503e-01   4.2718655e-01   4.3721636e-01
   8.9009009e-02   2.2588308e-01   2.8793073e-01   4.3988450e-01   6.2420185e-01   9.6797193e-02   8.8504979e-01   5.4363214e-01   7.8744337e-01   2.3932886e-01   5.3168447e-01   9.4911834e-01   6.7164369e-01   2.0594160e-01   6.9902645e-01   8.6386633e-01   7.6382880e-01   1.7228276e-01   2.0018438e-01   6.3154567e-01   0.0000000e+00   1.2530916e-01   4.8152876e-01   9.3532938e-01   2.8079282e-01   6.2744195e-03   2.2897374e-01   9.2663395e-02   8.7935423e-01   5.0018769e-01   9.7316484e-01   3.5270257e-01   1.6881862e-01   8.7918667e-01   3.7563973e-01   6.2107454e-01   2.9284833e-01   4.7636746e-01   8.2970575e-01   2.0396371e-01   4.8057486e-01   3.5390676e-01   5.5347683e-02   6.1964670e-01   5.8432871e-01   2.1664915e-01   1.4401167e-01   6.9488760e-01   4.3608142e-01   1.4064668e-01   3.1610350e-01   1.5374944e-01   3.2714140e-01   2.3902146e-01   1.8358779e-01   1.9546346e-01   9.0092016e-01   1.1391349e-03   1.1897028e-01   1.6206264e-01   6.3302905e-02   6.6268941e-01   2.4585034e-01   3.4172401e-01   2.4698495e-01   2.9223674e-01   8.5408145e-01   2.3661891e-01   9.7890366e-01   6.4145811e-01   3.3100426e-01   3.0605204e-01   5.4355514e-02   6.3788256e-01   6.3011203e-01   7.8666433e-01   9.2585208e-01   7.5562808e-01   7.3685321e-01   8.4544299e-01   1.2158615e-01   2.4171797e-01   3.9743593e-01   2.8094918e-01   3.7474514e-01   6.1084994e-02   9.2352273e-01   3.7089887e-01   5.4665887e-01   7.4237598e-01   1.1543499e-01   6.5847296e-01   6.2978909e-01   5.6499479e-01   6.5413328e-01   8.7891468e-01   3.4124861e-01   1.9724567e-01   7.5633087e-01   7.9377704e-01   2.3958261e-01
   3.4570533e-01   9.6322553e-02   4.2186362e-01   5.5983060e-01   1.7043082e-01   2.0652760e-01   2.3841481e-01   8.5180337e-01   4.0759416e-01   5.4434401e-01   2.7194326e-01   2.0339573e-02   1.6169308e-01   5.7800530e-01   1.3800789e-01   9.1797242e-02   9.3893275e-01   3.7537348e-01   8.8762158e-01   9.8629617e-01   1.6355586e-01   0.0000000e+00   7.1355841e-01   7.2413572e-01   7.3061679e-01   6.5543604e-01   8.8395608e-01   7.6121210e-01   3.1738956e-01   3.3161183e-01   2.0178774e-01   9.2443921e-01   6.0925647e-01   3.2882338e-01   7.0401625e-01   8.2168591e-01   9.6128114e-01   6.4525191e-01   8.0053172e-01   8.9570184e-01   3.7253764e-02   4.3635616e-01   5.9300952e-01   4.2648419e-01   9.7477118e-01   9.0290586e-01   3.3036123e-01   9.3101425e-02   6.4183355e-01   9.2849044e-01   4.8309993e-01   2.8550338e-01   8.7239901e-01   2.1284984e-01   4.5787978e-01   3.9309102e-01   5.7707588e-01   8.5125645e-03   2.6286817e-01   8.8590661e-01   6.3043195e-01   6.3153615e-01   2.8022474e-01   6.6162579e-01   8.3557143e-01   5.8992503e-01   3.4651805e-01   7.9893802e-01   1.1080861e-01   9.0072984e-01   4.4415130e-01   7.6395107e-01   9.3411364e-01   4.8367700e-01   8.7523166e-01   7.6126900e-01   1.2203801e-01   3.3750750e-02   4.1419344e-01   5.3328328e-01   1.3659012e-01   5.9807497e-01   8.8961421e-01   2.6777819e-01   7.7405384e-01   7.5457969e-03   2.6843289e-01   4.0021860e-01   5.1606022e-01   1.1129064e-01   5.1927531e-01   6.5504676e-03   9.1860105e-01   3.9251087e-01   9.6509919e-01   1.5379430e-01   3.1037062e-02   9.1583118e-01   4.6370605e-01   8.0440009e-01   8.5587690e-01
   4.8885797e-01   5.6658836e-01   6.4620981e-01   8.0571336e-01   9.7566263e-01   9.2634394e-01   3.3433917e-01   4.6581413e-01   8.6254373e-01   8.7703255e-01   5.2149446e-01   1.2802304e-01   2.8745387e-01   8.0835018e-01   6.3880202e-01   7.2519895e-01   1.3691147e-02   7.8240017e-01   7.2861907e-01   9.4441156e-01   5.3802495e-01   1.5436128e-01   0.0000000e+00   9.4092635e-01   4.1011645e-01   1.0390657e-01   6.5178063e-01   7.9333970e-01   7.8634761e-01   9.7250668e-01   3.5060232e-01   5.5382178e-01   5.5097663e-01   6.5664136e-01   5.9307781e-01   6.0506492e-01   3.1400143e-01   2.4531976e-01   4.9639075e-02   9.4982458e-01   7.2309916e-01   7.7571288e-01   8.6859464e-01   8.9100582e-02   2.1837195e-01   9.0809430e-01   7.1244210e-02   1.5639356e-01   3.6214375e-01   5.1972050e-01   8.9101000e-02   4.0955808e-01   5.8581974e-01   5.3114227e-01   4.4688589e-02   2.2940911e-01   2.2801618e-01   9.3471200e-01   4.8794618e-01   6.6597499e-01   1.8541070e-01   4.2240865e-01   2.8465141e-01   3.7808235e-02   4.0073495e-01   4.8398659e-01   7.9045242e-01   7.3567751e-01   8.5121092e-01   5.6313242e-01   4.1478936e-01   5.4061060e-02   5.0655129e-01   6.1040503e-01   2.4617140e-01   8.9315769e-02   3.3653794e-01   9.3514690e-01   4.1399873e-01   7.1279099e-02   7.7351326e-01   9.0063519e-01   3.6280345e-01   7.6497560e-01   6.7906223e-02   1.6292366e-01   3.3354847e-01   3.1445288e-01   1.1631344e-01   5.1315219e-01   3.9557321e-01   6.3116951e-01   6.7231218e-01   2.7540234e-01   9.4970250e-01   3.1003068e-01   8.8055542e-01   6.1767027e-01   6.3370426e-01   7.9694984e-03   3.0128870e-01
   8.9563484e-01   4.8268833e-01   1.7038974e-01   5.1376602e-01   6.8979099e-01   5.2071215e-01   5.9362966e-01   5.0415293e-01   6.8572834e-01   8.3781995e-01   9.7152618e-01   6.5481135e-01   4.4218670e-01   6.2936065e-01   6.9914094e-01   7.8050843e-02   5.0003226e-02   2.3695810e-01   7.2315130e-01   1.3809811e-01   7.4401793e-01   9.9144246e-01   9.1779879e-01   0.0000000e+00   4.0637432e-01   6.2986978e-01   2.5459887e-02   4.8606730e-01   6.6618776e-02   6.7356770e-01   6.0711760e-01   7.4647207e-01   2.3937311e-01   5.5030910e-01   9.0403402e-01   7.1455244e-01   1.5250361e-01   7.0631586e-01   2.1670814e-01   5.2326320e-01   8.6596842e-01   7.4392423e-01   4.0852119e-01   2.8543303e-01   7.3863157e-01   4.7567114e-01   7.8640842e-02   8.0959440e-01   9.3175773e-01   6.4383264e-01   8.5359271e-01   9.4316784e-01   6.6512580e-01   5.6415794e-02   5.5280641e-01   9.7345299e-01   9.6758614e-03   1.1525191e-01   2.4511202e-01   2.1607564e-01   6.1048079e-02   9.5897266e-01   4.5906558e-02   8.7482807e-01   5.7800364e-01   9.0103631e-01   8.9444617e-01   5.3209157e-01   3.6261840e-02   5.4117645e-01   9.4467261e-02   1.2422699e-01   9.3531512e-01   9.4275686e-01   2.0256438e-01   1.4710834e-01   4.3695682e-01   9.0760526e-01   8.5076818e-01   3.5361810e-01   9.6244330e-01   7.3143156e-01   1.8513111e-01   8.2441561e-01   9.3761741e-01   6.5564117e-01   6.2916687e-01   6.0023509e-01   5.0355685e-01   2.0983910e-01   6.5692574e-01   2.8481875e-01   8.7206808e-01   4.8854621e-01   7.5545897e-01   8.3634084e-01   7.4626304e-01   1.5911695e-01   2.4880918e-01   4.8261046e-01   2.1078436e-01
   4.6533052e-01   6.9795815e-01   8.7319513e-01   1.9354955e-01   2.7459115e-01   2.4765897e-01   7.3369376e-02   9.9656024e-01   4.9262185e-01   4.6089769e-01   6.0923898e-02   8.7079538e-01   5.9278931e-01   4.2764749e-01   7.9674833e-01   2.7471042e-01   8.1751120e-02   7.7298366e-01   6.2515943e-01   7.2028963e-01   1.7420862e-01   2.4863398e-01   6.2696303e-03   3.9459881e-01   0.0000000e+00   8.1955532e-01   3.8353071e-01   3.4357377e-01   3.9470300e-01   1.1049465e-01   5.4829957e-01   5.1474801e-01   8.4130224e-01   9.1071382e-01   8.7009337e-02   9.6025604e-01   1.9163418e-01   6.1935493e-01   1.6723399e-01   5.0904133e-01   1.7992052e-01   7.6311775e-01   9.2330375e-01   2.4491327e-01   9.4495031e-01   4.0909760e-01   8.5453995e-01   7.7793485e-01   2.4571856e-01   9.5272230e-01   5.9262548e-01   5.3682090e-01   6.8445883e-01   4.6742968e-01   9.2155791e-01   9.8029935e-01   6.4588036e-01   2.5450879e-01   2.1009122e-01   6.0314641e-01   7.6973019e-01   5.1654467e-01   7.8407422e-01   5.8921595e-01   1.5405633e-01   2.6264368e-01   8.6664479e-01   9.2206700e-02   3.3354798e-01   8.8389097e-01   3.3360735e-01   2.2601852e-01   3.4880798e-01   6.5642376e-01   4.6205666e-01   2.7118649e-01   7.0243737e-01   3.5414636e-01   2.1048123e-01   9.2796193e-01   6.6060496e-01   6.3392516e-01   9.2107627e-01   8.4435029e-01   8.9885746e-01   9.2397085e-01   7.5845019e-01   9.4526223e-01   3.0243593e-01   3.4584882e-01   6.5345729e-01   4.4634308e-02   9.2274903e-01   5.7875914e-01   6.1344054e-02   2.9079913e-01   3.9530791e-01   3.5660812e-01   6.5300068e-01   1.7170648e-02   8.8192361e-01
   9.2878487e-01   1.9557403e-02   7.1407524e-01   4.1890484e-01   1.9081579e-01   4.1913640e-01   7.1870638e-01   1.8914971e-01   7.3296021e-01   1.5489297e-01   2.4990828e-01   9.5146761e-01   1.0024449e-01   3.5889454e-01   6.4695437e-01   9.6942505e-01   4.0981496e-01   7.6456203e-02   8.2158751e-02   9.7549488e-01   7.3523606e-01   8.5191111e-01   7.6294553e-01   2.3850481e-01   7.5569637e-01   0.0000000e+00   8.8015884e-01   7.4123245e-01   7.5955029e-01   7.1557441e-01   1.3390786e-01   1.3971077e-01   1.7707264e-01   4.1899507e-01   4.6148307e-01   7.3893285e-01   1.2709985e-01   9.4038449e-01   3.3264356e-01   8.9647737e-01   9.7672177e-01   5.5074875e-01   6.6229008e-01   1.9464001e-01   4.4266154e-02   9.8026252e-01   3.1504643e-01   1.9923813e-01   9.5535735e-01   8.2011137e-01   7.1977375e-01   3.2854704e-01   6.8767555e-01   4.0378760e-02   5.6030179e-01   9.9439913e-01   7.2387563e-01   8.7089633e-01   4.9132790e-01   7.3987947e-01   2.1169420e-01   7.8548526e-01   1.0638779e-01   8.3668622e-01   4.2169545e-01   6.8594660e-01   6.9042587e-01   8.7741993e-02   6.9259955e-01   7.3638914e-01   9.5002221e-02   3.1830228e-02   6.7390061e-01   8.3129689e-02   7.4535288e-01   8.4198780e-01   6.4889318e-02   2.9297123e-01   2.1220810e-01   4.1424797e-01   4.1779424e-01   2.0458853e-01   7.0070956e-03   1.1339923e-01   4.7490186e-01   3.7440873e-01   6.1074457e-01   4.1655776e-01   4.4651734e-01   3.2967855e-01   6.0960959e-01   2.5443375e-01   1.8855856e-01   4.0227154e-01   6.3485414e-01   8.2953334e-01   9.7848804e-01   6.1715178e-01   4.6978533e-01   7.3742137e-01   4.3982503e-01
   2.5816060e-02   7.1627109e-01   1.5994587e-01   4.7494566e-01   5.1493196e-01   4.0265614e-01   3.7809058e-01   2.7536876e-01   8.9300365e-02   4.1949758e-01   2.1666810e-01   9.5694795e-01   7.3953149e-01   9.1658935e-01   9.4722013e-01   8.5472205e-01   4.3388584e-01   2.6684524e-01   4.1408692e-01   1.0114551e-01   6.5080988e-01   7.8442574e-01   5.8283857e-01   7.7614822e-01   4.8694034e-01   3.0184450e-01   0.0000000e+00   1.1461124e-01   3.7387999e-01   8.9592638e-01   6.2651594e-01   1.1172172e-01   4.1411606e-01   4.3433184e-01   3.7454451e-01   3.8771543e-01   9.0057049e-01   1.7026801e-01   6.9640604e-01   4.5146005e-01   3.3256034e-01   7.8345285e-01   5.7662041e-01   1.3515897e-01   3.8431238e-01   7.1825455e-01   1.8958518e-01   7.3126322e-01   4.4185099e-01   2.7488003e-01   2.4940337e-01   9.5587996e-01   4.8669307e-01   8.7936262e-01   5.0020340e-01   6.4116121e-01   3.1217795e-01   4.1380762e-01   4.9989516e-02   9.5538210e-01   6.7766834e-01   1.6063852e-01   8.3649067e-01   6.8700837e-01   5.7061711e-01   9.5124267e-01   3.8648352e-01   5.0638788e-01   9.3941098e-02   1.0631630e-01   6.0988406e-02   4.4704294e-01   1.1008394e-02   4.6886398e-01   1.6579382e-01   2.2611686e-01   3.9780010e-02   9.1727085e-01   8.8412279e-01   3.6895383e-01   2.3931809e-01   9.6189769e-02   5.0502448e-01   7.1821032e-01   8.6822752e-02   8.9064939e-01   8.0911339e-01   3.3083752e-01   9.2023981e-01   1.6094152e-01   3.1358517e-01   5.1683980e-01   8.9872678e-01   3.8156957e-01   4.4365022e-01   8.8919669e-01   7.8759983e-01   9.9942640e-02   4.6101905e-01   2.9254843e-01   5.8172907e-01
   6.2505312e-02   5.7517660e-01   8.7385076e-02   3.4317521e-01   9.1091706e-01   2.1684407e-01   9.1988598e-01   3.7656015e-01   1.3846054e-01   6.7921221e-01   2.7918493e-01   5.4805649e-01   1.2958139e-01   1.5346035e-01   8.7835322e-01   9.1702448e-01   1.7159163e-01   1.2512725e-01   1.1601364e-01   4.0685915e-01   8.1534319e-01   8.9787839e-01   3.2686806e-01   6.7588356e-02   2.3743133e-01   7.0792828e-01   8.5551192e-01   0.0000000e+00   4.3309137e-01   9.8573983e-01   9.1384465e-02   8.7882604e-01   3.0415156e-01   7.5145563e-01   4.9877932e-01   8.7603243e-02   1.7022255e-01   6.6696522e-01   4.2649269e-01   3.8551414e-01   2.3382208e-02   8.4199931e-01   8.3650617e-01   6.4477249e-01   7.4480973e-01   2.3894654e-01   6.4573127e-01   8.3613467e-01   5.1174509e-01   1.4529582e-01   5.5011619e-01   8.2327392e-01   2.6282261e-01   9.4915240e-01   7.0848999e-01   7.8550858e-01   5.8059776e-01   7.6395477e-01   7.4746425e-01   3.4156456e-01   7.7353988e-01   8.8470703e-01   7.7282002e-01   2.0656226e-01   5.0578450e-01   3.0854285e-01   2.3301438e-01   1.1096927e-01   8.8285903e-01   9.2866335e-01   8.8742857e-01   5.4524793e-01   6.7772090e-01   2.7470263e-01   6.9542979e-01   3.9327985e-02   8.0446266e-02   8.5065694e-02   1.7660523e-01   8.5089608e-01   8.4861799e-01   5.7481348e-01   8.5953220e-01   7.9019731e-01   7.2604531e-01   9.6809545e-01   9.8823744e-01   7.5494090e-01   9.4651890e-01   1.9617998e-01   3.9543957e-01   4.6613443e-01   6.7500311e-01   9.7581600e-02   5.4790806e-01   1.3836034e-01   2.8082174e-01   8.5596451e-01   4.0983973e-01   4.3179261e-02   9.3550848e-01
   1.8894120e-01   5.6543396e-01   1.1923139e-01   4.5332117e-01   8.1520670e-01   6.3646565e-01   6.2737650e-01   4.4657249e-02   6.9268236e-01   3.4460242e-01   8.2596003e-01   1.1431915e-01   7.7969008e-01   3.2441645e-01   7.3907541e-01   9.8912583e-01   5.6664720e-01   3.8327850e-01   1.4380637e-01   2.2018796e-01   9.4254462e-01   8.4208484e-01   3.1524701e-01   4.9571355e-01   3.7321896e-01   6.6049576e-01   8.4675745e-01   8.3575577e-01   0.0000000e+00   8.3291630e-01   6.3877439e-01   7.5886021e-01   6.3033326e-01   4.3761655e-01   9.5342325e-01   6.8364877e-01   3.6723644e-01   5.6146697e-01   6.0166904e-01   5.5781041e-01   5.3460653e-01   5.1880005e-01   7.6632149e-02   1.7923695e-01   9.3952843e-01   2.0225550e-01   7.0803856e-01   9.4794357e-01   7.5653413e-01   8.3349624e-01   3.5215816e-01   9.5401799e-01   2.0174606e-01   3.9378457e-02   9.3781171e-01   3.5192051e-02   9.9944838e-01   2.7465817e-01   5.2009586e-01   7.9747025e-01   7.5879490e-01   8.1734274e-01   6.4740467e-01   4.8867825e-02   8.4836625e-01   3.1199598e-01   7.6452593e-01   8.5361111e-01   4.7095117e-01   9.7904181e-02   7.1151252e-03   2.4383163e-01   9.0513154e-01   5.7346473e-01   5.5174838e-01   7.4047862e-01   1.8000956e-01   8.1705897e-01   2.7873523e-01   7.9760236e-01   2.8520232e-01   3.1454596e-01   2.6378140e-01   4.5042734e-01   6.2003149e-02   2.3391179e-01   1.2608564e-01   5.5189855e-01   5.9324982e-01   3.7609516e-01   2.7377494e-01   8.1464461e-01   6.8698547e-01   5.4702511e-01   2.8407583e-01   7.0171609e-01   2.6118470e-02   1.2414588e-01   7.5735096e-01   6.1705329e-01   1.6760106e-01
   1.3091218e-01   9.9401255e-01   9.9635180e-01   7.7437008e-02   6.7992062e-01   2.7618757e-01   5.0971209e-01   1.1782165e-01   7.1911306e-01   1.5957384e-01   3.3572547e-01   7.9865382e-01   8.3090832e-01   2.0171410e-01   3.9984109e-01   6.5223808e-01   9.5351109e-01   8.2096086e-01   1.3056398e-01   6.1138906e-01   1.0904032e-01   1.9240909e-01   6.7844382e-01   8.7496308e-02   8.7887959e-01   9.1919910e-01   4.1867246e-01   9.6554965e-01   9.7290216e-01   0.0000000e+00   4.9824229e-01   2.6171495e-01   5.0209168e-01   6.9132120e-01   5.0372481e-01   1.7188173e-01   7.4835529e-01   5.8290362e-01   9.5887545e-01   2.1820234e-01   3.2982732e-01   4.7709774e-01   1.6948259e-01   1.4480416e-01   1.6533852e-01   6.9263969e-01   4.3224756e-01   2.2548911e-01   1.9147744e-01   5.7055584e-01   9.5096471e-01   4.1464889e-01   4.8451943e-01   8.6697413e-01   1.2606637e-01   3.1825944e-01   4.8199581e-02   1.5767387e-01   4.0668070e-01   1.9222356e-01   9.1127076e-01   3.8516160e-01   7.6891723e-01   4.1195937e-01   7.7179821e-01   6.7466590e-01   2.5465801e-01   7.3092837e-01   7.2265677e-01   9.2891225e-01   6.2169236e-01   4.7236523e-01   2.4948109e-01   3.9202119e-01   2.4886141e-01   2.2067327e-01   7.8977849e-01   4.1385503e-01   3.7161894e-01   3.5023559e-01   6.7040934e-01   8.8498784e-01   4.8828776e-01   1.1139640e-01   1.2390743e-01   6.5629032e-01   2.1825438e-01   2.8203501e-01   3.3929212e-01   9.8100349e-02   1.0261148e-01   4.0033828e-01   6.5444530e-01   3.1468889e-01   4.5334992e-01   1.5584653e-01   9.1483302e-01   5.1959056e-01   9.9367210e-02   6.0085716e-01   9.2320109e-01
   1.7448587e-01   1.8924867e-01   6.1378350e-01   7.9760268e-01   8.5115717e-01   6.9770790e-01   6.8037951e-01   4.9205977e-01   8.6567076e-01   4.3579574e-01   2.2157463e-01   7.7274435e-01   9.7463585e-01   8.4411622e-01   3.7841224e-01   2.8176056e-01   3.5615119e-01   2.6130950e-01   8.8712192e-01   4.3961217e-02   7.3678863e-01   9.4168693e-01   1.4996250e-01   6.2155799e-01   8.5187365e-01   9.0025298e-01   4.9095628e-01   4.1393578e-01   4.0094815e-01   1.5040689e-01   0.0000000e+00   2.4991421e-01   6.1141166e-01   2.5980985e-01   6.9855375e-01   5.9039808e-01   3.0383771e-01   8.1474753e-02   4.4454303e-01   1.9448863e-02   2.5159568e-01   4.3988994e-01   1.9351334e-01   4.7971071e-01   3.5043357e-01   9.2117152e-02   8.7593581e-01   6.0921641e-01   8.8560695e-01   4.1856450e-01   1.0302123e-01   1.3282748e-01   9.9175715e-01   6.2871763e-01   9.6825187e-01   8.8608867e-02   2.7975366e-01   2.8422677e-01   5.8322746e-01   5.8719561e-01   9.0169981e-01   8.3541611e-01   1.1051519e-01   3.4841722e-01   9.1434862e-01   9.4282120e-01   1.0167337e-03   9.5472630e-01   6.8201556e-01   4.7215215e-01   5.0743051e-01   5.4717021e-01   3.7557159e-01   6.0984391e-01   2.9206462e-01   8.7268876e-01   7.9996885e-02   2.4465017e-01   1.6306311e-01   7.7639902e-01   8.4350276e-01   4.8137090e-01   5.4998959e-01   7.9066852e-01   1.5603722e-01   6.0554700e-01   6.2112073e-01   5.8557238e-01   7.9988512e-01   5.8753291e-01   7.3252846e-02   2.9413093e-01   5.6534319e-01   1.2151267e-01   5.1304953e-01   1.0329581e-01   6.2791730e-01   1.9702694e-01   8.8571776e-01   9.5780169e-01   1.7085446e-01
   3.8140815e-01   3.8078213e-01   2.6737849e-01   2.1281666e-01   7.5355789e-01   3.0611575e-01   7.9000392e-02   3.0650124e-01   3.2398839e-01   1.9608699e-01   1.6612027e-01   7.7391672e-01   2.7362495e-01   4.6529773e-01   3.1938963e-01   4.5104028e-01   4.9660561e-01   8.7135805e-02   1.8560277e-01   7.4595528e-02   6.1252656e-01   2.0314746e-01   3.4183434e-01   3.1666528e-01   9.5425076e-02   3.2322905e-01   9.2200643e-01   5.3298860e-01   2.5523717e-01   5.3568777e-02   5.3852704e-01   0.0000000e+00   9.6276110e-01   7.9543142e-02   8.1776107e-01   3.3100775e-01   4.6163808e-01   2.6491149e-01   2.5723561e-01   3.7056135e-01   7.0983737e-02   7.1418430e-01   4.9517906e-01   6.0027946e-02   5.8694671e-01   8.8626477e-01   8.9584368e-01   3.8287170e-02   4.0581039e-01   8.7222484e-01   1.1987239e-01   4.9378292e-01   4.5304030e-01   7.7719120e-01   4.9236180e-01   6.0204571e-01   3.6593229e-01   2.5024109e-01   8.6483331e-01   8.9534207e-01   5.8597267e-01   8.5619204e-01   2.5357061e-01   3.1244324e-03   5.1429782e-01   1.1783192e-01   3.1913906e-01   5.3865639e-01   3.1288757e-02   2.2542500e-01   6.1871971e-01   7.5412471e-01   3.3588879e-01   2.2396953e-01   8.2322859e-01   9.9965248e-01   3.6775922e-01   7.9270206e-02   1.6370117e-01   4.8470168e-02   5.8410981e-01   3.3826865e-01   1.3145094e-01   9.5874509e-01   4.4879952e-01   7.7198162e-01   2.7301486e-01   8.8377230e-01   5.0824802e-01   2.0402840e-01   6.7157083e-01   6.7585520e-01   8.7319559e-01   9.7037601e-01   2.1938638e-01   9.5755624e-01   4.3720930e-01   1.1477384e-01   7.7723173e-01   3.4333408e-01   9.3736094e-01
   4.5669926e-01   6.3664906e-01   2.5056588e-01   1.5697468e-01   6.6101929e-01   7.7821135e-01   6.4619919e-02   2.2020359e-01   4.9927413e-01   8.6032748e-01   3.1170164e-01   7.0263340e-01   9.9402343e-01   9.5959994e-01   2.0648003e-01   7.4651203e-02   9.6475276e-01   3.7378291e-02   2.8785388e-01   9.2140445e-01   3.1807473e-01   4.9301847e-01   9.7337016e-01   9.2177159e-02   2.2326311e-01   3.3300032e-01   9.0791840e-01   3.1844343e-02   8.4125860e-01   5.3654209e-01   2.9627129e-01   8.4324347e-03   0.0000000e+00   2.8697384e-01   3.0549890e-01   4.3161386e-01   5.4963221e-02   6.0701216e-01   4.0948865e-01   5.7268788e-02   8.5610700e-02   7.5252656e-01   3.0470292e-01   7.5777578e-01   3.0719558e-01   3.7461928e-01   1.5131942e-01   5.3234039e-01   6.0801854e-02   1.5093894e-02   5.0671966e-01   3.4941445e-01   9.2543155e-01   4.6886658e-01   1.9223633e-01   4.1232044e-01   3.5787030e-01   1.0251843e-01   3.1106514e-02   9.2618322e-01   4.4798653e-01   2.2704937e-01   2.6404450e-01   1.5713363e-01   4.9816437e-01   8.7975336e-01   8.8747397e-01   8.9183835e-01   6.5848404e-03   9.8755168e-01   8.9655835e-01   7.2073755e-01   5.9385683e-02   9.8399169e-01   3.9393687e-01   4.2722433e-01   2.8759168e-01   9.9472516e-02   5.5055621e-01   5.9027069e-01   6.7026293e-02   3.9384282e-01   2.6200555e-01   7.7621817e-01   1.0469299e-01   4.3542891e-01   4.1130880e-01   3.3696582e-01   2.3780640e-01   9.3685982e-01   6.8298599e-01   7.0848502e-02   6.7520032e-01   8.2811715e-01   7.9692379e-01   1.1849799e-02   3.1433699e-02   3.8617036e-01   3.7864469e-01   6.6348310e-01   2.4002571e-01
   7.2968934e-01   1.2622146e-01   7.4935603e-01   3.6409100e-01   3.3022990e-01   8.1897373e-01   1.5203406e-01   3.2742618e-02   6.6558385e-01   2.7774110e-01   3.5689065e-01   7.7445520e-01   9.7396497e-01   1.3271514e-02   7.5579014e-01   5.4903941e-01   9.7988126e-01   3.8390223e-01   4.6604045e-01   6.5389026e-01   7.8860146e-01   9.9090978e-02   3.5926945e-01   9.1895215e-01   7.4483228e-01   7.6038793e-01   4.1960633e-01   5.3911650e-03   9.9345728e-01   7.5721501e-01   1.4553638e-01   2.9597931e-01   1.2727619e-01   0.0000000e+00   6.9182617e-01   5.0909286e-01   1.6257638e-01   4.1264593e-01   8.3018499e-01   7.9317423e-01   5.1395355e-01   8.0736264e-01   3.8098770e-01   4.7411370e-01   8.6694209e-01   6.5364416e-01   3.3049954e-01   4.8598585e-01   5.9449485e-01   8.2564663e-01   3.7084083e-01   5.2315156e-02   4.5912828e-01   9.7041798e-01   5.9497778e-01   6.7860506e-01   3.8627254e-01   3.0579745e-01   7.9249610e-01   6.0870488e-01   8.4032651e-01   6.2559372e-01   5.4053906e-01   7.6074475e-01   3.6424757e-01   7.0450737e-01   9.2671976e-01   8.7339071e-01   3.0915680e-01   1.9776600e-01   8.4223831e-01   6.3674244e-01   1.4687724e-01   2.7838132e-01   3.1141842e-01   2.4508484e-01   2.8415536e-01   9.5973075e-02   3.4839141e-04   1.5823767e-01   5.0563808e-01   6.5375742e-01   3.3787931e-01   1.0041387e-01   8.2505563e-01   1.2554608e-01   5.9256580e-01   2.7667654e-01   7.5505576e-01   8.4613036e-01   9.0439750e-01   8.4746042e-01   6.1014287e-01   8.0688967e-01   1.7470118e-01   2.0414554e-01   1.0387594e-01   9.5965922e-01   3.6950202e-01   2.1107403e-02   4.9510577e-01
   8.4086577e-01   7.4374257e-01   3.4439232e-01   5.5855087e-01   4.7395632e-01   4.0099338e-01   5.7862641e-01   1.6367408e-02   8.7033550e-02   6.9398034e-01   3.2393373e-01   3.8610825e-03   7.3398269e-01   1.2950627e-01   9.5234398e-01   2.0745892e-01   2.2023437e-01   7.0323284e-01   8.1414919e-01   6.1645939e-01   7.3599331e-02   9.0478339e-02   8.7139977e-01   1.3852555e-01   4.3828979e-01   8.9826647e-01   6.8237085e-01   7.0825818e-01   4.1841164e-01   1.1686800e-01   6.5498681e-01   5.7370193e-01   8.1939027e-01   8.5384959e-01   0.0000000e+00   4.1381173e-01   6.6844531e-01   5.4697951e-01   5.1296629e-01   8.0484390e-01   5.9083029e-01   9.2991533e-01   6.1896194e-01   6.9042843e-01   5.5596300e-01   4.5575444e-01   5.1248429e-01   4.8314718e-01   3.0117496e-01   2.0606131e-01   1.0121953e-01   7.6235779e-01   3.2203765e-01   7.4079087e-01   7.7266097e-01   3.5009022e-01   6.9571459e-01   3.9007738e-01   2.6390387e-01   6.1275019e-01   9.3047073e-01   9.8064223e-01   3.7840035e-01   2.7583862e-01   6.7502625e-01   9.3061964e-01   4.6136491e-01   5.6463101e-01   9.4541634e-01   2.3077505e-01   1.3603665e-01   4.4515145e-01   2.8035033e-01   9.0544214e-01   5.1701796e-01   6.8848447e-02   2.6460441e-01   3.8532192e-01   1.6681726e-01   9.3762224e-01   5.1158733e-01   2.6144364e-01   6.1392630e-01   6.7473843e-02   8.7389632e-01   1.9914158e-02   1.8287327e-01   6.8843677e-02   9.4585534e-01   1.7609331e-01   2.2394477e-01   3.2534930e-01   8.3976685e-01   4.5921457e-02   6.8574962e-01   1.6801574e-01   8.3378949e-01   5.3925400e-01   4.3384010e-01   3.0138949e-01   8.5004576e-01
   1.3781404e-01   7.8429910e-01   7.2159500e-01   3.0812571e-01   5.5141197e-02   6.1965874e-01   5.0115173e-01   3.2755922e-01   7.7090211e-01   3.3732901e-01   2.7801891e-01   8.1212849e-01   6.7222214e-01   9.1384746e-01   4.2186474e-01   5.2850236e-01   8.7848840e-01   8.4977055e-01   3.2439850e-01   6.6341230e-01   3.2132824e-01   1.9596599e-01   5.9434980e-01   9.9785865e-01   8.6534399e-01   6.7620077e-01   1.6511394e-01   1.7502814e-01   4.7146028e-01   3.4884763e-01   1.8415731e-02   9.4929106e-01   3.6102509e-01   2.6266855e-02   4.8115577e-01   0.0000000e+00   3.3665464e-01   7.6552799e-01   9.2696295e-01   5.4926983e-01   7.5262298e-01   4.6180411e-01   1.4140467e-01   2.9215789e-01   9.8228107e-01   3.7256855e-01   8.9378883e-01   5.8948683e-03   6.1173626e-01   1.4669421e-01   2.2696097e-01   4.9116872e-01   8.2901509e-01   6.4553077e-01   5.5109262e-01   2.3501720e-03   7.3130758e-01   7.0669783e-01   5.6002089e-01   8.1227905e-01   9.1238641e-01   3.9904461e-01   8.8944189e-02   6.9464462e-01   2.8497662e-01   4.1360129e-01   6.0557124e-01   4.4674406e-01   9.4027318e-01   7.0427222e-01   4.4725128e-01   5.4825734e-01   1.3328092e-01   9.6810738e-01   5.9042781e-01   4.3195470e-01   9.3037104e-01   3.5913368e-02   5.5975429e-01   2.0850750e-01   1.4796415e-01   9.6264621e-01   8.1651676e-01   2.5271034e-01   6.8434610e-01   1.9878381e-01   8.7435584e-01   6.8113879e-01   7.9374082e-01   6.6968834e-01   3.5564837e-01   1.5622986e-02   9.4102902e-01   4.7403885e-01   8.3984413e-01   8.8911786e-01   4.6188869e-01   6.8551838e-01   7.6730036e-01   3.2189625e-01   3.1562983e-01
   9.5345671e-01   1.1180890e-02   7.6915665e-01   4.6750961e-01   2.4893251e-01   2.2220397e-01   1.6154188e-01   4.9664405e-01   8.0859523e-01   6.5408680e-01   2.9555485e-01   5.0331699e-02   7.4901232e-01   1.9259158e-01   8.7799235e-01   8.5696565e-01   2.2448535e-01   8.1226066e-01   7.8164720e-01   9.5225090e-01   2.6240955e-02   5.5542430e-01   6.3736127e-01   8.4509657e-01   9.3846747e-02   3.0418919e-01   1.0335697e-04   6.6007048e-01   8.9058942e-01   7.4114741e-01   6.1846472e-01   5.6878552e-01   2.5153378e-01   4.4876344e-01   6.9528319e-01   2.4384565e-01   0.0000000e+00   2.1331520e-01   6.5552154e-01   4.8867365e-01   5.1052110e-01   9.7579791e-01   2.7888267e-01   1.1742543e-01   2.3202644e-01   5.4117837e-01   2.5544762e-03   7.0014403e-02   7.0486611e-01   4.1246064e-01   5.7850906e-01   1.6806888e-01   5.9333092e-01   9.6632092e-01   1.7036705e-01   9.9774793e-01   4.0044754e-01   2.6600549e-01   7.8793967e-01   9.4867950e-01   3.9113873e-01   6.6904181e-01   7.0192053e-01   1.8288694e-01   3.6968927e-01   1.1932428e-01   3.2586045e-01   3.8642530e-01   6.4252495e-01   5.4967981e-01   3.4151455e-01   2.0976889e-01   9.0592512e-01   5.5734916e-01   1.9284408e-01   3.2344001e-01   7.0048943e-01   2.2208973e-01   7.0534249e-01   4.0802724e-01   7.4652840e-01   7.9066633e-01   4.3312825e-01   1.9434326e-03   7.9215514e-01   2.9445951e-01   9.8199965e-01   1.0676086e-01   7.3816841e-01   9.4713299e-01   1.6978266e-01   3.8035074e-01   1.5939054e-01   6.5929189e-01   9.0226926e-01   3.0594632e-01   6.9389536e-01   9.2661425e-01   7.7942439e-01   8.1924580e-01   5.4146225e-02
   6.8010088e-01   8.0855300e-01   9.9389854e-01   5.2179091e-01   7.4124472e-01   2.5317211e-01   1.7474720e-01   7.8239639e-01   4.8086908e-01   4.4301781e-01   3.8200358e-01   9.4058966e-01   6.4623070e-01   4.3795003e-01   1.2451557e-01   4.6222137e-01   4.7517059e-01   2.8371627e-02   5.4084073e-01   2.6032686e-01   4.7140308e-01   7.9049226e-01   3.1006503e-01   6.8745518e-01   7.9020237e-01   3.4677394e-02   5.8840556e-01   7.3780346e-01   8.2895659e-01   5.6651627e-01   1.3400285e-01   5.4056306e-01   7.9426145e-01   1.2197296e-01   4.9701420e-01   2.8008963e-01   7.2216256e-01   0.0000000e+00   1.7016912e-01   6.8475063e-01   5.5618612e-01   5.7122283e-01   2.8965320e-01   7.1785106e-01   8.5430605e-01   6.0519468e-01   9.4869398e-01   5.6830776e-01   9.2812263e-01   8.4144299e-01   5.0158361e-01   3.3122703e-01   1.1475373e-01   5.5535465e-01   7.9788899e-01   9.4178386e-01   6.8128697e-01   9.7298185e-01   1.5439495e-01   7.9137417e-01   8.3871954e-01   7.7702311e-01   3.7348407e-01   4.1889909e-01   4.9337957e-01   1.5248609e-01   6.2576142e-01   9.7641118e-01   5.5337293e-01   5.2433730e-01   9.9632662e-01   6.8294176e-02   1.2447115e-01   9.2427642e-01   7.0295050e-01   3.1526008e-01   2.8914734e-01   8.5554550e-01   4.7296769e-01   5.6067886e-01   9.2534268e-01   9.9966805e-02   1.8136973e-02   6.0436925e-01   1.7501456e-01   7.1092198e-01   9.6750976e-01   8.4041923e-01   8.7769216e-01   8.3449128e-02   8.7906558e-01   7.1639681e-01   3.8792353e-02   6.6269710e-01   8.3578849e-02   9.1347300e-01   8.1364367e-01   2.4474126e-01   4.6370640e-01   5.4633196e-01   6.1548323e-01
   5.3860671e-01   9.4938883e-01   3.1830430e-01   5.2947618e-02   8.3008308e-02   6.0641416e-01   1.7023583e-01   3.3221769e-01   3.5821048e-01   7.3429906e-01   8.6291248e-01   1.5460929e-01   9.5468258e-01   3.2770733e-01   7.4094470e-01   1.9027729e-01   8.6756159e-01   6.3823682e-01   8.5597103e-01   3.4335145e-01   6.7401465e-01   5.2086346e-01   1.3923749e-01   9.3175153e-01   6.8652021e-01   1.6775837e-01   7.9960410e-01   2.2691336e-01   5.5396185e-01   2.1779376e-01   9.7485615e-01   4.6159783e-01   3.1763221e-01   2.2822275e-01   6.4538221e-01   8.2005888e-01   9.6996427e-01   5.5305818e-01   0.0000000e+00   9.6322318e-01   2.8152291e-01   3.5131669e-01   4.2901273e-01   7.4493421e-01   4.1470252e-01   1.5781639e-01   3.1713500e-01   9.6697652e-01   5.6532077e-02   8.1950917e-01   2.8763195e-01   8.0303276e-01   8.2732850e-02   6.8377764e-01   7.6612012e-02   5.8264485e-01   9.8482055e-01   4.6599162e-01   8.1233861e-01   8.8503933e-01   4.0299450e-01   5.7182220e-01   6.0849986e-01   8.9078658e-01   6.2868221e-01   5.1554669e-01   5.8355793e-01   4.9776083e-01   6.6368491e-01   6.6479868e-01   9.8425971e-01   1.2948265e-01   7.5408024e-01   1.3463723e-01   9.3984591e-01   5.9453864e-01   1.2129114e-01   9.8425757e-01   8.9595293e-02   4.1265502e-01   1.5240543e-01   5.5680353e-01   1.8561481e-01   6.4878509e-01   5.6030673e-01   5.2139705e-01   7.4394796e-03   5.7212121e-01   5.9230193e-01   5.8529509e-01   3.1550496e-01   5.9770206e-01   4.9722410e-01   8.2706533e-01   6.3996856e-01   9.9315145e-01   3.0027979e-01   1.0018135e-01   6.8934989e-01   3.9732092e-01   5.7413539e-01
   9.3863455e-01   4.6298199e-01   4.7394369e-01   1.1292798e-01   5.5953815e-01   5.3966882e-01   3.7662990e-01   8.0059543e-01   9.3872582e-01   5.0956232e-01   7.0410749e-01   7.2740290e-01   1.5235466e-01   7.5724170e-01   2.8110650e-01   9.0106778e-02   9.0609997e-01   9.3577641e-01   9.3303567e-01   6.5698392e-01   2.1607281e-01   3.4502836e-01   6.3165544e-01   5.7194093e-01   6.7749538e-01   9.6847927e-01   8.4424617e-01   3.1741242e-01   7.3468335e-01   5.7599931e-01   1.0009440e-01   2.9213512e-01   1.7825474e-01   8.0984874e-01   8.3979708e-01   9.2164057e-01   5.5659787e-01   6.4736401e-01   1.1138672e-01   0.0000000e+00   7.8072000e-01   1.3177667e-01   9.1115162e-01   3.2144220e-01   3.5826184e-01   8.1331047e-01   3.4827851e-01   7.6822698e-01   6.6962996e-01   9.9313232e-01   5.3199248e-01   1.6711359e-01   4.0744290e-01   9.5872390e-01   8.7110913e-01   3.7493682e-01   2.9169057e-01   3.8947351e-01   6.8240736e-01   3.4780547e-01   1.8386332e-02   4.6522400e-01   3.2628937e-01   3.4714209e-01   4.8726495e-01   6.8267803e-01   1.2448921e-02   4.8851470e-01   9.1554988e-01   2.6928128e-01   4.2162951e-01   3.3891021e-01   6.7119826e-02   1.7631066e-01   8.7620633e-01   6.4419836e-01   2.5238025e-01   4.2601250e-01   3.6137697e-01   2.6901318e-01   3.5705468e-01   4.1559012e-01   6.7734806e-01   5.5266439e-01   1.5344289e-01   4.9488442e-01   8.8644254e-01   6.8312936e-01   5.3198068e-01   1.5265383e-01   4.3445312e-01   1.5470428e-01   6.2699803e-01   5.9984277e-01   4.6505188e-01   3.9454499e-02   3.0674819e-01   4.2646919e-01   9.2948801e-01   2.5874071e-01   1.8141411e-01
   4.2031199e-01   7.3160325e-01   2.0678192e-01   1.8632836e-01   9.5684871e-01   5.6890114e-01   3.0409594e-01   8.7683808e-01   2.0893059e-01   7.1056016e-01   7.4501021e-01   1.5469204e-01   1.5780603e-01   1.9293323e-01   3.7215521e-01   4.1216962e-01   6.5681994e-01   5.1179411e-01   3.4656679e-01   7.0520382e-02   8.7373691e-01   2.6671458e-01   7.9960549e-01   2.8826368e-01   3.2492322e-01   4.3136068e-01   1.0074727e-01   2.8845813e-01   8.0156512e-01   3.6514644e-01   8.5190857e-01   5.4389248e-01   2.3734483e-01   3.5579347e-01   6.5136481e-01   7.7387982e-01   4.0807159e-01   4.3616041e-01   7.5050268e-02   6.4366109e-01   0.0000000e+00   5.2201721e-01   5.8868088e-01   8.5649969e-01   5.7129071e-01   2.7171026e-01   5.6441209e-01   9.7605478e-01   4.6108540e-01   6.7301279e-01   8.3897870e-01   5.8390899e-01   2.5479617e-01   3.1890793e-01   5.3597723e-01   3.9158780e-01   9.5321946e-01   3.6621757e-01   4.8279706e-01   9.0265605e-01   4.1611083e-01   8.5157000e-01   5.4213443e-01   9.8762976e-01   5.0903230e-01   3.6371408e-01   1.8010109e-02   8.4883162e-01   6.5837618e-02   4.8360873e-01   8.5812141e-01   4.5153957e-01   7.6736894e-02   7.8044225e-01   8.5534216e-01   3.4834826e-02   6.6641897e-01   9.7871152e-01   6.2687313e-01   7.6546202e-01   2.8578195e-01   2.6591456e-01   6.9120577e-01   2.3904194e-01   6.7276141e-01   9.1536949e-01   7.9888681e-01   5.0488048e-01   1.7792465e-01   9.9853601e-01   5.9526612e-01   8.5187502e-01   9.9422557e-01   5.5142381e-01   2.8083911e-01   2.6978947e-01   5.8140525e-01   5.6548182e-01   4.1626222e-01   5.9300830e-01   1.7289957e-01
   6.3399454e-01   3.0293614e-01   7.8460148e-01   6.1216830e-01   9.4353010e-01   2.2317947e-01   4.3334821e-01   3.1737662e-01   9.7116411e-02   4.6718639e-01   2.3868196e-01   6.3412707e-02   8.9603281e-01   7.1873159e-01   9.8442321e-01   2.2426810e-01   8.8189111e-01   1.7053847e-01   5.4174103e-01   3.3278800e-01   3.6206471e-01   5.4485694e-01   4.7623134e-01   6.0700195e-01   4.2304216e-01   7.9094989e-01   4.6018550e-01   4.0831870e-01   3.2493601e-01   8.7756547e-01   6.5982952e-01   1.3039369e-01   9.3127781e-01   8.7180550e-01   4.6745052e-01   9.4826150e-01   3.8635501e-01   7.7937574e-01   4.6048289e-01   4.2317544e-01   8.5705918e-01   0.0000000e+00   6.1992256e-01   4.3824447e-01   3.6288616e-01   2.3346211e-01   3.4496212e-01   2.3632374e-01   9.6287177e-01   9.3884390e-02   3.4934537e-01   3.8013173e-02   7.5085360e-01   7.6741324e-01   6.2915521e-02   5.6202507e-01   4.5901066e-01   1.2177276e-01   3.7235620e-02   6.8575359e-01   5.7311580e-01   3.5603240e-01   7.6871648e-01   4.7546555e-01   7.1299644e-01   8.6252421e-01   5.7241163e-01   6.2905604e-01   3.9844616e-01   4.6159437e-01   9.3682362e-01   3.1405464e-01   2.8810047e-01   3.7547326e-02   1.8978859e-01   6.8773643e-01   5.3838536e-01   6.0745036e-01   8.7415786e-01   2.0645715e-01   5.5457448e-01   4.6086417e-01   1.4901917e-01   1.9376655e-01   9.9608729e-01   6.2052283e-01   7.4257198e-01   6.1411676e-02   4.8838576e-01   9.8200851e-01   1.4144776e-01   7.7269884e-01   3.1735579e-01   3.7840181e-01   7.1835227e-02   2.0614817e-02   7.2017915e-01   4.4056047e-01   7.5290495e-01   6.9977391e-03   8.7686780e-01
   4.2542445e-01   5.3948193e-02   3.8219202e-01   9.8577659e-01   3.6812774e-01   1.9477597e-01   8.8625490e-01   6.9633508e-01   5.6278677e-01   4.4762816e-01   1.2630468e-01   3.8489172e-01   2.2498412e-01   2.1801869e-01   7.2368675e-01   9.1153189e-01   7.1834124e-01   6.3461879e-01   8.6213467e-01   4.4239067e-01   6.6528009e-01   9.8675300e-02   4.0616679e-01   4.6111051e-01   8.1744137e-03   4.4362951e-01   7.0052582e-01   8.9184972e-02   8.9062057e-01   1.2439680e-01   1.4106949e-01   9.7198125e-01   6.3673538e-01   1.8144344e-01   2.5994635e-01   1.6243076e-01   1.9732456e-01   1.1440288e-01   6.5356902e-02   6.6567477e-01   6.8346240e-01   5.7621841e-01   0.0000000e+00   8.7595293e-01   6.6238038e-01   7.6453471e-01   5.1909724e-01   3.4566779e-01   8.7136516e-02   1.6206765e-01   6.5590268e-01   3.9597851e-01   9.8508300e-01   6.3683388e-01   2.1522098e-01   9.7910177e-01   4.4901432e-01   3.9779474e-01   8.7689283e-01   8.5288631e-01   1.8976079e-01   4.3970673e-01   4.1334354e-01   4.6664711e-01   5.1377100e-01   3.5202188e-01   1.9472650e-01   9.8698985e-01   1.6469427e-01   2.3018448e-01   4.5165907e-01   9.8131813e-02   2.2437892e-01   3.2687192e-02   2.1669940e-01   4.0858177e-01   7.8135210e-01   6.8007433e-01   5.6575210e-01   6.1463429e-01   4.0730375e-01   2.0139966e-01   5.4313880e-01   8.0258136e-01   2.2537608e-02   6.4014195e-01   5.5828485e-01   8.4824128e-01   3.4683262e-01   8.5908720e-01   8.5830395e-01   5.6570955e-01   4.7344936e-01   7.4683232e-02   3.5812873e-01   2.2542600e-01   4.3273225e-02   4.2225804e-01   2.2543468e-02   8.6096684e-01   6.5031305e-01
   6.5239444e-01   8.8041594e-01   2.3515334e-01   8.6079555e-01   1.6062417e-01   5.1756342e-01   3.7108542e-01   9.2381706e-01   1.6746056e-01   5.4336322e-01   3.0400480e-01   4.5772076e-01   8.5844633e-01   6.3065954e-01   9.8619803e-01   5.5495510e-02   2.3961740e-01   6.9206279e-01   9.1187429e-02   4.4699620e-01   6.3319217e-01   5.7701270e-01   2.0656969e-01   2.3678735e-01   8.1911196e-03   7.1850857e-01   4.0751040e-01   3.6030600e-01   8.8333677e-01   7.9543023e-02   8.5177572e-01   7.6793546e-02   4.4530235e-01   5.8776045e-01   7.9026313e-01   9.2455956e-01   4.3975946e-01   3.2353268e-01   6.2180992e-01   9.2103149e-01   5.3234417e-01   9.7531065e-01   1.4991193e-02   0.0000000e+00   3.2131775e-01   4.8421519e-01   3.3571708e-01   8.5528145e-01   8.0492642e-01   8.8817197e-01   7.5118481e-01   3.5182828e-01   2.6928522e-01   2.1741485e-02   6.6227955e-01   6.3290079e-01   2.3972998e-01   8.3876585e-01   5.1228234e-01   6.6194346e-01   7.5357689e-01   4.5776980e-01   2.7203367e-01   8.3859911e-01   9.2349019e-01   1.4749115e-01   4.2853000e-01   1.3910150e-01   6.1259573e-01   6.4982931e-01   1.4212097e-01   7.5094293e-01   3.9223450e-01   6.7454155e-02   9.2394488e-02   6.2241041e-01   3.5494857e-01   8.7927496e-01   5.1450348e-01   9.4091572e-01   9.1843865e-01   6.9746528e-01   8.8993835e-02   1.7080310e-01   3.2179597e-01   5.8584607e-01   5.2391117e-01   5.2847926e-01   6.7042956e-01   4.4819378e-01   6.9461925e-01   8.5029426e-01   8.3186401e-01   6.1992185e-02   9.6932888e-01   8.4733009e-01   2.3422136e-01   7.8054150e-01   8.5121356e-01   5.6371586e-01   5.1914921e-01
   1.7648647e-01   6.1441101e-01   4.4198013e-01   3.0388955e-01   9.0230152e-02   2.5178347e-01   7.5867819e-02   8.8955284e-01   7.3882047e-01   9.5875323e-02   8.3424065e-01   1.0032644e-01   8.7365454e-01   5.5121290e-01   6.1390325e-01   5.0367430e-01   9.7793132e-01   9.7703302e-01   6.9132219e-02   6.9924443e-01   1.3534083e-01   1.5888906e-01   2.2270326e-01   8.3036687e-01   5.9302700e-01   1.6052289e-01   1.8397975e-01   8.2256750e-01   5.0650460e-01   9.4993430e-01   7.4649914e-01   9.2174649e-01   7.4950761e-01   6.4767366e-02   1.3950503e-01   4.1718950e-01   2.8841183e-01   9.6730271e-01   1.1369993e-03   5.7982519e-01   2.4565414e-02   9.4714644e-01   2.2936103e-01   6.0317337e-01   0.0000000e+00   5.8509186e-02   1.6720260e-01   6.9252714e-02   2.1783507e-01   8.2246822e-02   3.4734531e-01   8.6170707e-02   4.0914383e-01   9.1475863e-02   2.2327470e-01   7.8430021e-01   7.8344258e-01   9.4822916e-01   2.3760556e-01   6.4353122e-01   4.1541484e-01   5.2328264e-01   2.1329130e-01   7.2231910e-01   1.3909842e-01   9.2011106e-01   8.3042688e-01   7.1806513e-03   9.0300055e-01   3.2437064e-01   7.6464036e-01   3.4963110e-01   5.3770299e-01   5.9325262e-01   3.9705419e-01   2.8681472e-01   2.3680546e-01   1.2023094e-01   4.0079878e-01   4.1051451e-01   4.1125269e-01   2.3514734e-02   4.9560236e-01   8.6963818e-01   4.4643624e-01   9.6417384e-01   3.5268194e-01   2.8539286e-01   5.7584108e-01   4.7538050e-01   3.9989225e-01   8.1928349e-01   4.0886787e-01   7.4585299e-01   4.4759442e-01   5.7132449e-01   5.0712646e-01   9.3494877e-01   1.1955575e-01   4.7594389e-01   6.8907541e-01
   9.2107689e-01   3.4230846e-03   3.2140212e-02   1.8719879e-01   8.1187573e-01   6.0101309e-01   6.7716950e-01   5.9919079e-01   9.5497354e-01   1.5226924e-02   4.7065091e-01   2.7545029e-01   3.5258480e-02   1.0795098e-01   2.2960852e-01   7.4767792e-01   2.6493863e-01   7.9689589e-01   9.9344965e-01   1.9993260e-01   2.1164709e-01   1.8360278e-01   2.4362151e-01   2.7998568e-01   4.2826953e-02   6.3417025e-01   6.8068700e-01   1.4296414e-01   1.9877712e-01   5.9603788e-01   3.1535615e-01   6.7549166e-01   2.7086244e-01   6.8609761e-01   7.6313112e-01   3.2898073e-01   7.7430677e-01   8.6214873e-01   3.0101274e-01   1.4252164e-01   7.1123025e-01   1.0147653e-01   1.6051989e-02   3.9174081e-01   8.8271447e-01   0.0000000e+00   4.5001285e-01   5.5518192e-01   2.5290233e-01   1.0265407e-01   9.9010164e-01   9.4793779e-02   2.1988891e-01   7.7896804e-01   6.4827322e-01   9.3897474e-01   8.3945031e-01   5.8144189e-01   3.2904231e-02   4.1934249e-01   4.8750090e-01   6.0043336e-01   4.6635697e-01   9.2676806e-01   8.9853147e-01   9.7179072e-01   8.4154995e-01   6.4307394e-01   6.8902702e-01   7.0573076e-01   7.4782969e-01   9.6884468e-01   4.9134856e-01   7.3528794e-01   7.6172012e-01   3.5693241e-01   6.3687276e-01   2.4737214e-01   6.4065315e-01   2.6687952e-02   3.3292552e-01   1.7417181e-01   3.8094765e-01   5.6769883e-01   6.6267644e-01   6.0289842e-01   3.6919973e-01   7.1288926e-01   6.1335638e-01   4.3561171e-01   8.1301990e-01   7.7804759e-01   4.8033861e-01   7.7698803e-01   6.4988494e-01   1.5625370e-01   2.3983967e-01   3.6662416e-01   1.3587654e-01   3.1431335e-01   6.5571181e-01
   3.7085558e-01   9.6340288e-01   8.2979692e-01   9.1276894e-01   6.8109604e-01   6.9449025e-02   9.5375423e-01   1.1701753e-01   2.2454730e-01   5.9323831e-01   2.0396497e-01   7.1963500e-01   3.7158221e-01   6.4791329e-01   2.3232068e-01   3.7238287e-01   6.5745479e-02   4.1334771e-01   6.3814776e-01   8.1898063e-01   1.3303657e-01   1.5564765e-01   7.5620856e-01   8.7412448e-01   9.7306709e-02   6.9193343e-02   4.7631641e-01   1.4331363e-01   6.0862234e-01   4.1134882e-01   1.1931839e-01   3.7685307e-01   4.9371103e-01   7.7903444e-01   7.6610870e-01   5.7083598e-01   3.9419165e-01   8.7112628e-01   4.0594972e-02   2.2141425e-01   9.5044937e-01   4.2260550e-01   8.9431483e-02   6.4755599e-01   1.0844685e-01   9.9441053e-01   0.0000000e+00   6.7194544e-01   1.2485618e-01   4.5959515e-01   6.0371462e-01   5.1502474e-01   7.8949932e-01   2.8767332e-02   1.1636013e-01   1.3614103e-01   4.5725270e-01   7.0358853e-01   9.5079340e-01   6.3202344e-01   6.2318048e-01   8.0463120e-01   6.1751677e-01   5.3584469e-01   9.0196540e-01   1.5765571e-01   4.7517258e-01   1.9412619e-01   4.5037646e-01   4.2263168e-01   8.3264530e-01   9.4107604e-01   2.6556244e-01   5.5254792e-01   8.2677088e-01   6.3663058e-01   4.2031208e-01   8.5654369e-01   7.7824704e-01   5.0414152e-01   7.1215412e-01   6.3635441e-01   6.9901032e-01   2.1477574e-01   8.4483015e-01   7.7561544e-01   3.9982811e-01   8.5932886e-02   2.5069131e-01   9.1458958e-01   8.1117031e-01   2.2533742e-01   4.0970503e-01   2.0954933e-01   3.4872372e-01   2.0101231e-01   4.2386957e-01   3.7201516e-01   3.2631264e-01   4.8584245e-02   7.1787555e-01
   8.3455611e-01   6.4456883e-01   8.7760605e-01   2.6160943e-01   4.5424883e-01   6.3206013e-01   4.8874216e-01   1.3840004e-01   2.8625456e-01   7.5576920e-01   5.6078644e-01   3.6153621e-01   3.7109450e-02   9.3035584e-01   3.6030939e-01   5.6920671e-01   3.6640845e-01   7.6656352e-01   7.8022953e-01   5.9786960e-01   8.0548757e-01   1.1753015e-03   8.7253562e-01   1.0642195e-01   1.3036691e-01   5.0551780e-01   8.7212402e-01   7.9260497e-01   3.9219288e-01   9.9413021e-01   3.0767349e-01   2.9408543e-01   6.5722216e-01   9.9259538e-01   8.4561215e-02   2.0863535e-02   9.9491890e-01   2.7217779e-01   3.5045464e-01   6.0707530e-01   2.4122944e-01   6.6445155e-01   6.9484885e-01   9.8118578e-01   7.8970770e-01   7.9079901e-01   7.9277403e-01   0.0000000e+00   3.9659655e-01   2.6030170e-01   4.1462804e-03   3.0956511e-01   5.3223365e-01   1.1565999e-01   1.1121579e-01   6.5494442e-01   4.2130376e-01   2.4483748e-01   1.0613992e-01   1.0145708e-01   8.0755837e-01   2.6861375e-02   5.1043439e-01   7.7044851e-01   6.2481322e-01   9.8786839e-01   2.8404076e-01   3.8908599e-01   3.1953618e-01   9.5512988e-01   7.3527626e-01   8.7841053e-01   9.3938647e-01   4.6621757e-01   9.3509650e-01   4.9842147e-01   8.8649455e-01   3.3152758e-01   1.5972949e-01   2.2767699e-02   3.3109240e-01   6.5261967e-01   7.3628380e-01   8.3790012e-01   2.7987695e-01   3.0442548e-01   8.3014311e-01   2.5126818e-01   6.2488272e-01   4.2235489e-02   5.3703099e-01   6.4541579e-01   8.8587287e-01   3.8794483e-02   5.2840339e-01   6.6633318e-01   9.9568362e-01   7.5832417e-01   8.8247328e-01   7.7362312e-01   7.8341569e-01
   8.6498431e-01   4.8886229e-01   9.4592373e-01   6.7066900e-01   5.7426065e-01   1.3601802e-01   1.3146785e-01   3.4931020e-01   2.4424921e-01   1.6882763e-01   7.5426420e-01   3.8555641e-01   2.3620224e-01   5.1126553e-01   8.8151641e-02   3.1300926e-01   3.2667147e-01   3.7029554e-01   3.4253067e-01   5.6402227e-01   7.2527991e-02   1.5001564e-01   1.8285578e-01   1.5229300e-01   6.4433888e-01   8.4139433e-01   2.8762498e-01   8.1810987e-01   7.8890115e-01   8.4687705e-01   3.9176315e-01   9.7970144e-01   8.3222859e-01   3.3562949e-01   1.9997968e-01   4.3894578e-01   4.8520077e-01   5.3708390e-01   1.8577204e-01   1.3116886e-01   1.1148074e-01   8.0922678e-01   5.6013852e-01   4.2860352e-01   5.9180341e-01   4.9310123e-01   9.5813132e-01   6.5400317e-01   0.0000000e+00   2.0047083e-01   9.9177393e-01   6.3343016e-01   3.1003823e-01   6.8661365e-02   8.7442218e-01   7.4932088e-01   6.4140477e-01   9.4522659e-01   2.3090915e-01   1.5222146e-01   1.5509263e-01   4.0419850e-01   2.8010501e-01   7.7468626e-01   8.9445614e-01   1.0412609e-01   4.6808160e-01   9.2185647e-01   3.5409990e-01   4.1546839e-01   1.9903787e-01   1.7698937e-01   4.2599966e-01   3.4363325e-01   4.9004420e-01   5.6348226e-01   5.0623938e-01   7.3169415e-01   5.3298480e-01   2.5925742e-01   5.4157148e-01   7.3722969e-01   3.5839187e-01   9.2361850e-01   6.0493408e-01   8.4595673e-01   8.0852079e-01   1.5741434e-01   5.0314653e-01   1.1209391e-01   7.9910489e-02   6.1133550e-02   8.9593967e-01   6.3534819e-01   4.4980326e-01   3.0678361e-01   9.4899154e-01   8.1544967e-02   5.1109270e-01   3.5828232e-02   6.6361092e-01
   8.8404962e-01   1.7871070e-01   3.9790046e-01   2.7747074e-01   9.0927263e-01   4.5194731e-01   7.8186035e-01   7.2919404e-02   4.8317844e-01   2.0751787e-01   7.1868033e-01   9.2758487e-02   4.3302991e-01   4.5916773e-01   1.6967218e-01   2.9296528e-01   3.1957060e-01   9.6308406e-01   4.9677950e-01   4.2249165e-01   3.7639072e-02   8.8374307e-01   8.8709691e-01   7.2078198e-01   7.6264865e-01   1.8868204e-03   6.0069123e-01   8.5909976e-01   4.7366575e-01   6.6032680e-01   1.7045164e-01   4.3933594e-01   8.1294276e-01   2.2948850e-01   3.0634860e-01   3.6678853e-01   4.7261757e-01   5.2271104e-01   2.7761496e-01   7.3949517e-01   3.7640244e-02   8.6159665e-01   5.6433302e-01   8.7690954e-01   9.1504659e-01   7.4004088e-01   4.7599454e-01   2.0413924e-01   2.4772910e-02   0.0000000e+00   6.7689556e-01   1.7566597e-01   6.6146350e-01   3.7256576e-01   3.1891895e-01   7.7562044e-01   7.1519017e-01   2.7270213e-01   3.8150453e-01   4.0891353e-01   9.9718290e-01   3.1407673e-01   3.6657971e-01   7.5624837e-01   7.1399244e-01   6.5347749e-01   3.9350824e-02   2.8737180e-01   1.9239994e-01   7.6329178e-01   7.2270160e-01   2.8613589e-01   3.8456417e-01   4.9853759e-01   9.2110104e-02   7.3235270e-01   5.4023389e-01   8.4447198e-01   2.6885979e-01   1.6734227e-01   2.2679941e-01   6.7135751e-01   9.7685343e-01   2.8793903e-01   3.1720773e-01   2.2400136e-02   6.2869939e-01   9.0904164e-01   5.8500550e-01   2.0195176e-01   9.2345455e-01   9.0044753e-01   2.1364483e-01   5.8297800e-01   6.8067830e-01   3.3376573e-01   7.1705742e-01   8.1400185e-01   5.9098271e-01   4.8882915e-01   8.9960977e-02
   5.6340616e-01   3.8892544e-01   3.5852804e-01   1.3431609e-01   9.0391571e-01   2.7527964e-01   3.4765495e-01   4.9462264e-01   2.0226900e-01   8.9605239e-01   7.2859945e-01   9.6155895e-01   9.8738432e-01   1.6513756e-01   7.7405672e-01   6.8131259e-02   2.5323064e-01   5.3831107e-01   3.9608795e-01   3.0050728e-01   7.9634701e-01   5.3095549e-01   3.2157997e-01   5.8157994e-02   8.7057479e-01   6.2656819e-01   4.2092158e-01   6.6701954e-01   4.5548109e-01   8.2929175e-01   7.5559459e-01   1.5588961e-01   4.7950135e-01   7.5945633e-01   5.4016152e-01   9.1176620e-01   2.1980580e-01   2.1866614e-01   1.4288341e-01   5.0981829e-01   1.2882617e-01   7.6686714e-01   4.4439163e-03   1.0163443e-01   8.2839377e-01   1.4440865e-01   1.7322691e-01   1.8443332e-01   8.0586332e-01   6.8310737e-01   0.0000000e+00   3.7714270e-01   1.0763200e-01   1.2195742e-01   9.8187210e-01   8.5692816e-02   8.1434452e-01   4.8769636e-01   8.5677541e-01   2.1364426e-01   3.9052131e-01   5.9092246e-01   8.2230389e-01   6.1471403e-01   9.7107058e-01   5.3234520e-01   1.9147706e-02   7.6942581e-01   1.8223386e-01   6.2730773e-01   5.6365470e-01   5.2165325e-01   7.3653111e-01   2.8376742e-01   2.8327245e-01   3.5033214e-01   1.6809020e-01   2.8813319e-01   7.6758724e-01   8.2996563e-01   6.8934922e-01   4.2825696e-02   2.0023356e-01   4.9663929e-01   1.5485449e-01   8.5784683e-01   9.9069272e-01   2.6636350e-04   7.7107325e-01   8.9690424e-01   7.2053747e-01   2.9120894e-01   5.2177607e-01   9.4978210e-01   9.9149650e-01   3.2854361e-01   4.7224601e-01   7.9027705e-01   9.7259343e-01   4.7877155e-01   3.7745727e-01
   7.5541543e-01   6.1038543e-01   8.7825063e-01   8.1364652e-02   1.2370536e-01   2.4716902e-01   3.7405459e-01   6.5640295e-02   3.2637443e-01   5.4653927e-01   7.5211769e-01   6.3541772e-01   1.7731047e-01   6.8792321e-01   4.5425276e-01   3.4614218e-01   5.2923530e-02   3.5270545e-01   8.3148244e-01   1.2742516e-01   6.5258785e-03   8.2439463e-01   1.1132227e-01   1.9472006e-02   5.1656955e-01   6.4317669e-02   7.8240196e-01   8.2062484e-01   6.5320572e-02   2.7818909e-01   1.3846954e-01   9.3501008e-01   7.3538093e-01   8.6644601e-01   9.1005238e-01   2.7363746e-01   5.6272315e-01   3.6861849e-01   2.6173525e-01   3.7282364e-01   9.6791726e-01   8.4242087e-01   6.4090052e-01   6.2702462e-01   7.5884825e-04   4.1036205e-02   6.9554554e-01   8.5933296e-01   3.9272994e-01   6.4922628e-01   2.3343536e-02   0.0000000e+00   1.9631435e-01   4.1963064e-02   9.7507322e-01   3.2917813e-01   3.1511064e-02   5.1233380e-01   1.6075490e-01   7.2154224e-01   5.4357356e-01   3.1620643e-01   9.5538190e-01   8.3588323e-01   3.8011044e-01   9.4552513e-03   4.1057247e-01   3.7364995e-01   2.1011272e-01   8.9511723e-01   3.8106152e-01   9.6231672e-01   3.5851978e-01   5.7562490e-01   2.5536460e-02   6.8202773e-01   8.1281672e-01   2.5941587e-01   8.7527745e-01   4.2591301e-01   1.0260705e-01   9.9395993e-01   2.2383104e-01   4.2877398e-01   8.1017632e-01   8.6208697e-01   1.8375479e-01   7.0519966e-01   6.4056038e-01   9.8872254e-02   1.7413078e-01   5.2150472e-01   7.0210431e-01   8.2237243e-01   9.6549607e-01   3.0433060e-01   7.9728543e-01   2.2203860e-01   5.3774704e-01   5.0747859e-01   6.7357140e-01
   3.0124005e-02   6.5203912e-01   9.9925810e-01   4.3485054e-01   9.1550226e-02   8.5239756e-01   1.7698326e-01   7.2543407e-01   1.5068599e-01   8.0689804e-01   4.4912754e-01   7.9846912e-01   7.6004201e-01   3.8307830e-01   4.3597173e-01   9.8721043e-01   2.9296785e-02   7.6050928e-01   3.8630846e-01   5.6424091e-01   5.3863919e-02   3.3296343e-02   2.7602460e-01   3.2154497e-01   9.7550707e-01   9.2989507e-01   5.5278941e-01   7.7543956e-01   3.1219471e-01   1.2203725e-01   9.5611052e-01   1.4399061e-01   6.5772513e-01   7.4696752e-01   3.6584649e-01   3.7376552e-01   4.7936512e-01   6.5026462e-01   3.6364221e-01   5.2982815e-02   5.1661749e-01   7.5620891e-01   6.2740966e-01   3.0260265e-01   6.5979120e-01   1.5096041e-01   3.1280679e-01   2.3040066e-02   9.6706337e-01   3.8644367e-01   8.2070980e-01   5.2323250e-01   0.0000000e+00   5.9050435e-01   4.0149499e-01   5.4043636e-01   5.0307916e-01   2.9737702e-01   5.2363637e-01   2.1542538e-01   5.7722521e-01   2.9355742e-01   9.9669935e-02   2.7637254e-01   7.9512670e-01   8.8057872e-01   8.0951830e-01   1.1401030e-01   3.8909315e-01   8.4550872e-01   9.1727617e-01   7.6706042e-01   3.6896141e-01   1.5473672e-01   5.3329472e-02   9.7399972e-01   9.0601646e-01   3.7428089e-01   5.5991997e-01   1.9808784e-01   3.6223777e-01   2.9897388e-01   7.9754516e-01   5.2597054e-01   2.2464292e-01   4.8274415e-01   5.7400708e-01   3.8186269e-01   6.7261020e-01   1.7033858e-01   1.4090848e-02   5.9613242e-01   8.2462323e-01   6.3287638e-01   3.0863360e-01   2.4188130e-01   3.3926701e-02   5.2311775e-01   4.6865678e-01   5.2017778e-01   2.3155295e-01
   7.9337777e-02   8.5329111e-01   1.6857061e-01   3.2002826e-01   2.7515037e-01   5.9026480e-01   1.3087337e-01   7.4307365e-01   4.6172074e-01   4.6741525e-01   2.2246333e-01   6.5648233e-01   5.3462870e-01   5.7045352e-01   1.6920508e-02   1.3765924e-01   2.3680732e-01   9.8228270e-01   9.2547360e-01   7.4985641e-01   7.0722681e-01   8.4251492e-01   2.9593785e-01   6.8116381e-01   6.4983192e-01   8.3311528e-01   1.8497354e-02   2.4689780e-01   1.8748982e-02   3.1424610e-01   6.0189163e-01   9.1426587e-01   8.3612967e-01   5.0269692e-01   8.2820428e-01   9.1178485e-01   6.8021341e-01   2.7865785e-01   5.1884769e-01   9.6413454e-01   5.9246262e-01   5.6709473e-01   5.8124051e-01   4.9146320e-01   2.0479017e-01   7.5406140e-01   3.3810326e-01   2.3000333e-01   9.4549443e-01   9.8043863e-01   3.0240732e-01   2.5200387e-01   2.6157883e-01   0.0000000e+00   9.6330701e-01   5.7160263e-01   8.8020562e-01   4.7357468e-01   7.3629280e-01   3.3220270e-02   4.0605008e-01   3.4693361e-01   4.3116958e-01   4.6772830e-01   3.5898901e-01   1.2763032e-01   2.8317733e-01   1.7391504e-01   9.5712494e-01   2.5688719e-01   2.3040645e-01   5.2794413e-01   5.5676076e-01   8.1135841e-01   3.6703809e-01   3.1087160e-01   8.4709825e-01   8.3878343e-01   2.8679971e-01   8.0856394e-01   3.3465165e-02   8.0667158e-01   3.6357259e-01   9.7804307e-01   9.9208735e-02   7.0253019e-01   7.2668936e-01   4.3218880e-01   1.6952223e-02   3.4214555e-01   1.1250677e-01   1.6874291e-01   1.5245491e-01   9.8372621e-01   1.9625600e-01   2.2801587e-01   5.5534643e-01   3.1826397e-01   4.3460898e-01   3.0061847e-01   1.4092471e-01
   5.7641574e-01   4.8030837e-01   9.1320889e-01   2.4153935e-01   5.1940861e-01   5.5367775e-01   4.5530612e-01   4.2348327e-01   6.5581000e-01   4.5918171e-02   9.2794117e-01   8.5544208e-01   6.0436111e-01   2.2197574e-01   3.9753856e-01   6.3748242e-01   7.2989145e-01   3.8139566e-01   3.9168512e-01   4.4761040e-01   4.6018502e-01   3.1503369e-01   7.2063902e-01   8.2727822e-01   3.5906060e-01   8.2135322e-01   3.3174994e-01   4.8034276e-01   4.1848893e-01   3.5898192e-01   9.0398761e-01   9.3407912e-01   5.7204118e-01   5.7716370e-01   2.6678660e-01   7.2179121e-02   5.0349615e-01   7.6795353e-01   3.8593259e-01   4.4187818e-02   7.3528323e-01   6.0017455e-01   7.5724534e-01   7.4193441e-01   8.8096043e-01   2.7249214e-01   1.8015414e-01   7.7823127e-01   9.7662396e-01   2.0339073e-01   1.5012777e-01   2.1955175e-01   8.3074710e-01   9.2778977e-01   0.0000000e+00   8.7797098e-01   4.5568923e-01   9.6571722e-03   8.5094970e-01   3.3116144e-01   2.6730616e-01   6.8093617e-01   9.1445423e-01   3.4230650e-01   8.0982709e-01   3.3275890e-01   4.5100778e-01   2.8736816e-01   2.3303800e-01   5.5395116e-01   9.3288597e-01   6.5578044e-01   9.4596269e-01   9.1288388e-01   1.2409281e-02   4.2216672e-02   8.0537933e-01   9.8330502e-03   3.8182872e-01   6.2917859e-01   9.4198555e-01   1.8231497e-01   1.6632665e-01   8.9654723e-01   8.0851431e-01   7.7621391e-01   6.4809872e-02   4.0715919e-02   8.9742671e-01   4.5963020e-01   7.0324803e-01   8.2417470e-01   5.0511051e-01   4.4950751e-01   8.5024510e-01   2.2703229e-01   8.6449614e-01   5.4255855e-01   2.1791962e-01   4.5894056e-01   8.5333824e-01
   3.5666130e-01   5.4841949e-01   9.8596562e-01   9.2140881e-01   3.5094011e-01   2.0427749e-01   9.0677955e-01   4.4689295e-01   7.6956156e-02   5.5305744e-01   9.9265851e-01   8.8838205e-01   1.5936894e-01   5.3124270e-01   6.9562665e-01   4.9038651e-01   7.2860837e-01   9.7888991e-01   6.0097958e-01   8.9763250e-01   6.9993980e-01   7.5348479e-01   1.0299903e-01   1.9207008e-01   8.9074220e-01   7.6478604e-01   7.5274879e-01   5.4075123e-01   6.5445202e-01   1.7787029e-01   6.2769116e-02   8.7109723e-01   5.8565924e-02   2.9205866e-01   9.6131098e-01   1.0462421e-01   6.3042045e-01   1.4403365e-01   4.2894373e-01   9.3969130e-01   5.3134550e-01   1.2265952e-01   1.3321120e-01   7.3934638e-01   3.0383262e-01   1.5719418e-01   9.5762707e-01   4.4914383e-01   1.9353961e-01   6.4295694e-01   2.7984476e-01   8.7339174e-01   1.1793410e-01   2.6002540e-01   3.2028975e-01   0.0000000e+00   9.7916588e-01   4.4546362e-01   3.1717845e-01   2.9484209e-01   6.2702661e-01   6.3370087e-01   8.5673290e-01   5.1046778e-01   7.8779003e-01   3.1029370e-01   2.8069331e-01   2.8382077e-01   4.9544326e-01   9.9678933e-01   5.8765933e-01   3.8190471e-01   6.5916392e-01   8.4886843e-02   1.1523673e-01   4.2529693e-01   1.2488386e-01   5.1188107e-01   4.5886436e-01   2.3478857e-01   4.4034537e-01   4.7204302e-01   4.8041964e-01   9.5983056e-01   2.1286560e-02   6.7395909e-02   8.9816576e-01   6.8704367e-01   8.7483387e-01   6.9512891e-01   9.1272050e-01   3.7655933e-01   5.2501617e-01   9.4862178e-01   5.4760544e-01   4.9608669e-01   4.0642148e-01   6.9346573e-01   6.8300166e-01   4.4531107e-01   7.2931339e-01
   3.1616053e-01   1.2668634e-02   7.9086851e-01   1.8283158e-01   6.1881046e-01   8.4371146e-01   3.8413370e-01   5.9738170e-01   3.5052153e-01   6.2907894e-01   7.7145238e-01   3.0129834e-01   7.5692538e-01   1.8376518e-01   7.8419363e-01   5.7945258e-01   8.1731306e-01   8.1206872e-02   3.1098103e-01   3.0754444e-01   1.0761748e-01   3.5360676e-01   3.2931011e-01   9.1799710e-01   7.1925061e-01   6.9746419e-01   6.7802610e-01   3.2896060e-01   2.0569846e-01   9.4444002e-01   6.2303694e-02   3.0096649e-01   7.9332481e-01   5.1377989e-01   8.9455492e-01   6.6465199e-01   9.8018863e-01   5.7694323e-01   3.6480184e-01   1.6329119e-01   9.4816480e-01   3.3440695e-01   4.5707967e-01   3.1231455e-01   9.7685033e-02   2.7186098e-01   2.2939323e-01   5.2178146e-01   7.2097032e-01   4.6755204e-01   3.3317894e-01   1.3656396e-01   2.5473485e-01   2.3050189e-01   9.9703554e-01   1.1863997e-02   0.0000000e+00   1.3468504e-01   5.4974432e-01   2.0244512e-01   7.1422537e-01   1.3182040e-01   7.6764412e-01   9.0432740e-01   2.5220628e-02   1.3252168e-01   9.8083028e-01   9.4043198e-01   1.5603448e-01   7.7580500e-01   5.0459189e-01   5.6734679e-01   6.3609050e-01   4.7131963e-01   5.4290697e-01   3.3556240e-01   4.0203516e-01   7.5975216e-01   1.6067627e-01   1.6909161e-02   1.8146629e-01   5.1182153e-01   4.7445992e-01   2.2692279e-01   7.3811334e-01   1.8028069e-01   3.2431407e-01   8.0538265e-01   3.0877957e-01   3.8799408e-01   1.7284718e-01   3.6309463e-01   4.3762632e-01   4.7800228e-01   8.7835854e-01   6.8386542e-01   7.2844039e-01   4.7891754e-02   9.2565073e-01   6.7453623e-01   3.2870747e-01
   2.3662650e-01   9.8772105e-01   8.1951387e-01   5.0285451e-01   8.7372037e-01   6.0608052e-01   9.4759639e-01   2.9197186e-01   2.1272050e-01   5.8835899e-01   6.5514013e-01   7.1699996e-01   8.8959641e-01   3.4456079e-01   6.8664670e-01   6.0698709e-01   6.6933053e-01   4.0046914e-01   2.6282635e-01   6.0179016e-01   8.6846298e-01   1.0360673e-02   8.6097248e-01   5.1334364e-01   5.3960228e-01   7.9955212e-01   4.5347218e-01   3.4780531e-01   1.6270197e-01   4.5798959e-01   3.7305911e-01   9.9088615e-01   2.1787029e-01   4.3798739e-02   9.1705983e-01   6.6006020e-01   7.7894082e-01   9.3958521e-01   4.1281335e-01   9.9764504e-01   3.8123018e-01   9.7122949e-01   5.8616745e-02   7.2237107e-01   8.8642579e-02   1.0573973e-01   7.4554640e-01   7.5723362e-01   2.6443771e-01   4.3933435e-01   3.0273431e-01   1.6968479e-02   7.4728278e-01   9.3421755e-01   6.6196009e-01   1.9602380e-01   7.0155038e-01   0.0000000e+00   1.6050232e-01   2.3418514e-01   3.1617170e-01   7.1854415e-01   5.0341470e-02   5.4473963e-01   2.2782970e-01   9.2303496e-01   3.0267617e-01   5.0823671e-01   4.1946537e-01   8.8191261e-02   4.0256420e-01   8.8141083e-01   6.7372975e-01   7.1770608e-01   7.2255178e-01   4.7980847e-01   7.4761375e-01   3.8329762e-01   6.1759764e-01   3.3958923e-01   8.6705347e-01   9.2843294e-01   1.5688556e-01   1.2379492e-01   4.4843978e-01   4.8830506e-01   5.6006288e-01   5.0605200e-01   4.3640447e-01   8.6825473e-01   4.4014736e-01   4.8112203e-01   6.0873135e-01   4.6153702e-01   9.8509478e-01   8.7485339e-01   1.2054684e-02   9.5803766e-01   2.7219753e-01   3.1075324e-01   8.0242465e-02
   2.4635350e-01   3.7439536e-02   5.6274171e-01   5.9920033e-01   1.1187116e-02   7.8060019e-01   9.5310229e-01   6.6394817e-01   8.7616616e-01   2.9302255e-01   7.3868164e-01   3.2344874e-01   8.4586970e-01   9.8326547e-01   8.9562833e-01   2.8539970e-01   9.3639566e-01   1.7488910e-01   8.8698479e-01   1.7579794e-01   8.1630479e-01   9.3272710e-01   5.2297083e-01   6.4925307e-01   6.5589370e-02   8.9925572e-01   4.9823420e-02   6.0773055e-01   6.9539865e-01   9.5856380e-01   3.7867854e-01   2.9213350e-01   9.3798216e-01   3.9321372e-01   7.4375173e-01   8.2710044e-01   7.3867915e-02   7.5242179e-02   8.0872681e-01   1.0079383e-01   5.6533395e-01   5.1139264e-01   7.5410063e-01   4.0622691e-01   3.5999615e-01   1.0521358e-01   8.7471686e-01   6.4782350e-01   5.6627526e-01   3.2377521e-01   5.1811378e-01   6.9631277e-01   9.9758265e-01   9.1344899e-01   4.0973056e-01   3.6290922e-01   3.6997169e-01   4.2375823e-01   0.0000000e+00   4.9174406e-01   1.3759452e-01   5.6790035e-01   9.1487676e-01   3.8492379e-01   9.6978814e-01   3.2020419e-01   8.1516433e-01   9.8314915e-01   8.5580691e-01   5.4805484e-01   6.6783847e-01   5.0119269e-01   4.7043985e-01   9.3927624e-01   6.2992085e-01   8.4912599e-01   7.7928175e-01   2.6875056e-01   4.1630261e-01   3.6951593e-01   5.8164601e-01   5.5354669e-01   3.1874687e-01   6.6956411e-01   7.6610349e-01   8.5644962e-01   9.2343849e-01   1.8408212e-01   9.1626734e-01   3.5099286e-01   2.9266078e-01   4.2800000e-02   5.3634373e-01   5.0291939e-02   3.4829217e-02   1.9997162e-01   2.6592651e-01   9.6686446e-01   2.2080102e-02   1.8925834e-01   7.4499109e-01
   1.5062882e-01   1.9414756e-01   6.6804735e-01   4.4614004e-01   9.6379234e-01   1.6781716e-01   9.8700560e-01   1.0965340e-01   5.5390973e-01   2.3911385e-01   4.7149485e-01   2.8485807e-01   3.0197023e-01   4.1111002e-01   4.0606375e-01   1.9715707e-01   5.8975969e-01   4.8290385e-01   5.2010027e-01   4.7381762e-02   6.6517090e-01   9.6887664e-01   3.7107379e-01   3.1028414e-01   9.7406693e-01   5.1977462e-01   7.9974375e-01   9.1282930e-01   9.8179856e-01   9.0381816e-01   6.6242003e-01   2.5982914e-01   3.6318067e-02   8.6400647e-01   8.2509878e-01   1.5401850e-01   7.1474993e-01   5.5057985e-01   1.4986117e-01   8.2434489e-01   1.0504995e-01   3.2041731e-01   7.5675651e-01   5.3066022e-01   1.1898719e-01   5.2056175e-01   9.8342181e-02   7.5060592e-01   1.7441128e-01   6.8635767e-01   7.8872386e-01   5.3791237e-01   1.4629721e-01   9.9797442e-01   2.1126850e-01   1.4758813e-01   7.7231374e-01   3.9498779e-01   6.1410568e-01   0.0000000e+00   2.9936002e-01   9.8791048e-01   3.1027335e-01   9.7341744e-01   6.6387037e-01   7.6791083e-01   8.1561084e-02   2.3448579e-01   4.4125414e-03   9.1848969e-01   2.4607391e-01   4.6633170e-01   5.0168761e-01   1.6289003e-01   2.1080143e-01   1.8119667e-01   4.6154833e-02   9.0341083e-01   8.0707591e-01   8.0696173e-01   5.2473345e-02   5.1988548e-01   4.7510211e-02   8.3188343e-01   8.4207278e-01   9.6913090e-01   3.7835715e-01   8.5131923e-01   5.9199769e-01   7.3214983e-01   1.2250768e-01   4.4808130e-01   4.8637911e-02   7.8847700e-02   3.7885837e-01   3.8963366e-01   7.3260424e-01   1.2532093e-01   6.1713467e-01   1.7196997e-01   7.1207886e-01
   1.2472161e-01   4.4074703e-01   6.0958775e-01   2.6583787e-01   8.4413327e-01   1.0308866e-01   4.9764452e-01   1.0816032e-01   8.8404414e-01   4.6710464e-01   5.2607926e-01   2.4140129e-01   3.2788046e-01   6.8292200e-01   4.8697682e-01   4.3645067e-01   8.2050185e-01   8.0510413e-02   6.0243033e-01   2.1000008e-02   6.1487889e-01   6.4221369e-01   2.5126483e-01   5.3873021e-01   6.1096855e-03   2.3307896e-01   7.9728075e-01   1.4573327e-01   6.4795577e-01   9.2559498e-01   5.9566537e-01   5.1040857e-01   8.8485966e-01   8.1605372e-01   4.5718303e-01   7.1513267e-01   2.3436218e-02   8.6365222e-01   7.0162605e-01   6.8619917e-01   6.3034876e-01   5.5296443e-01   2.8239127e-01   1.7440051e-01   5.2238981e-01   2.0704647e-01   4.3907646e-02   6.6784524e-01   4.5189495e-01   2.5458010e-01   3.3750517e-01   2.0357323e-01   6.6248504e-01   6.6550421e-01   9.5339521e-01   1.6319172e-01   9.5638039e-02   5.7061260e-01   9.2760654e-01   2.4901456e-01   0.0000000e+00   8.0681466e-01   1.8659970e-01   6.4208438e-03   2.2838897e-01   6.3126754e-02   8.9505943e-01   9.3335156e-01   9.7839053e-02   4.1624470e-01   3.4713195e-01   4.6578928e-01   3.1352281e-01   1.3762934e-01   5.1018985e-01   2.5600123e-01   8.6674655e-01   9.5654421e-01   6.0149930e-01   5.2937099e-01   8.8710050e-01   3.8725889e-01   2.6270019e-01   2.0848167e-01   6.6240141e-01   9.2558056e-01   9.6423569e-01   8.7226927e-01   3.0103924e-01   9.7597809e-03   1.4278028e-01   2.5116129e-01   5.7704462e-01   7.5759429e-01   4.9679786e-01   5.4750991e-01   2.5045102e-01   3.6485493e-01   3.1862130e-02   5.9306056e-03   4.3894965e-01
   5.6325708e-01   2.4348426e-01   8.3213312e-01   3.3143587e-01   9.2506858e-02   5.3453356e-01   2.9571779e-02   2.4125705e-01   3.5557926e-01   4.0262468e-01   3.5061900e-01   8.3332989e-01   1.5505820e-01   1.2147093e-01   9.1330085e-01   4.2612695e-01   6.4112297e-01   2.6273635e-02   6.0789184e-01   2.7702191e-01   9.9901843e-01   3.9994048e-01   6.0236739e-01   9.4026141e-01   9.9345317e-01   4.6869800e-03   7.3924315e-01   6.3509419e-01   6.3959380e-01   6.6431504e-01   5.8483669e-01   3.7631042e-01   2.0304962e-01   6.5221055e-01   6.4768203e-01   1.1280873e-01   2.3322763e-01   2.5508940e-01   7.7281949e-01   9.5925327e-01   3.6897744e-01   3.4425857e-01   5.7748167e-01   6.9586397e-01   5.9749240e-01   1.1477331e-01   9.1959011e-01   4.1674983e-01   4.9876236e-01   1.2817156e-01   5.9150759e-01   2.6432973e-02   1.2666667e-01   5.5622929e-01   5.2329795e-01   6.1866443e-02   1.4458215e-01   8.5430990e-02   6.2681060e-01   1.4091976e-01   7.0391998e-01   0.0000000e+00   6.5529214e-01   2.4210269e-01   1.2760632e-01   1.2062418e-01   2.5061475e-01   2.7526760e-01   9.3311309e-01   1.5398098e-02   6.1273189e-01   7.8817897e-01   1.2648015e-01   4.1517656e-01   9.5005269e-01   1.2553212e-02   1.4386343e-01   8.1517894e-01   6.4831032e-01   1.8407501e-01   5.9856136e-02   1.9213591e-01   6.5679911e-01   6.7293344e-01   5.8166813e-01   7.8999295e-01   2.3718225e-01   6.6806472e-01   9.3956268e-01   4.6406673e-01   4.9221097e-01   2.6774513e-01   7.0814825e-02   6.4737624e-01   8.2223129e-01   2.4493168e-01   2.3384037e-01   3.6227916e-01   8.8863512e-01   9.6482469e-01   2.0925920e-01
   5.2622456e-01   6.6268163e-01   9.0495881e-01   2.1816461e-01   8.8650185e-01   8.2875711e-01   8.5391373e-01   3.6989953e-01   9.8617185e-01   9.2027640e-01   9.3112615e-01   5.3087637e-01   8.8288823e-02   5.0558645e-01   5.7159685e-01   7.3348579e-01   8.9177814e-01   5.6221736e-01   8.5804908e-01   3.7045572e-01   2.6845614e-02   8.1121586e-01   6.5830439e-01   7.4441352e-01   3.8973004e-01   3.8028140e-01   7.8080486e-01   8.7618712e-01   8.3967695e-01   8.7317176e-01   3.7425609e-01   8.6734058e-01   9.9424798e-01   2.4440363e-01   3.5160924e-01   8.7189646e-01   7.2110695e-01   2.8100452e-01   9.3106277e-01   4.8495259e-01   7.1006993e-01   6.4549362e-01   6.6069889e-01   3.3425007e-01   5.8427897e-01   7.6998146e-01   9.2139896e-01   1.1722415e-01   4.1075152e-01   1.6639243e-01   5.6531251e-01   9.0262641e-01   2.4282286e-01   8.5037876e-01   9.3783174e-01   3.5851489e-01   9.4104861e-02   2.6068931e-01   9.9882335e-01   5.4370579e-01   1.0012803e-01   4.2238843e-01   0.0000000e+00   1.6060399e-01   7.3380331e-01   1.8316588e-01   2.5357259e-01   7.1588328e-01   2.9134415e-01   9.2287403e-01   7.7308784e-01   4.6392194e-01   3.7728987e-01   1.5292888e-02   8.3440253e-01   6.4823587e-01   3.5685797e-01   4.2181659e-01   9.1831853e-01   6.4275670e-01   9.0864223e-01   4.3572188e-01   4.1640823e-01   8.4073611e-01   5.9354896e-01   3.9079023e-01   4.3571391e-01   9.0869842e-02   9.0615513e-01   9.3190835e-01   7.9740513e-03   4.3926652e-01   5.5252211e-01   5.8639361e-01   5.7019525e-01   6.1276754e-01   2.3328370e-01   7.5254934e-01   2.9267891e-01   1.2369476e-01   8.8497886e-01
   7.4995736e-01   5.1987090e-01   8.1358121e-01   2.2870008e-01   5.0909952e-01   5.3669132e-01   2.4838486e-03   1.0407490e-01   8.2147633e-01   3.0084765e-02   4.6516271e-01   4.2225624e-01   1.1112442e-01   7.5472215e-01   7.1858916e-01   5.2052711e-01   7.6078863e-01   4.1836449e-01   5.0595611e-01   8.9349455e-01   7.8222588e-01   2.0870903e-01   2.9772162e-02   1.1324912e-01   8.3591221e-01   5.5001361e-01   8.1449128e-02   5.3924477e-01   7.5588961e-01   7.1541801e-01   5.4239559e-01   7.1979178e-02   3.5794001e-01   9.9562672e-01   3.7669698e-02   5.6132716e-01   8.7062714e-01   6.7792369e-01   9.2085986e-01   7.8797605e-01   7.1761044e-01   5.8734189e-01   1.2778964e-01   8.1583496e-01   2.4163994e-01   8.8606860e-01   8.9568985e-01   3.1452369e-01   8.3367957e-01   1.8351775e-02   2.2243345e-01   9.4030290e-01   9.3967000e-01   7.2810976e-01   4.4339400e-01   9.8616857e-01   6.0362854e-01   1.2221374e-02   9.4107605e-02   1.0035998e-01   4.0390734e-01   9.2467699e-01   7.1086702e-01   0.0000000e+00   6.5109123e-01   9.4712869e-01   6.8481322e-01   6.8174423e-01   9.7600373e-01   4.7073443e-01   4.3157947e-01   4.1324030e-01   4.6268283e-01   3.2600117e-01   4.6876494e-01   6.7821657e-01   8.2107507e-01   5.1886232e-01   7.1514400e-01   1.6835427e-01   5.2990462e-01   2.4829977e-01   2.6851270e-01   9.6021854e-01   3.2421307e-01   1.7352643e-01   2.9989255e-01   3.2097111e-01   5.4608019e-01   7.4979294e-01   4.7733422e-01   7.2667711e-01   5.4751353e-01   9.5696469e-01   6.8019043e-01   2.7410999e-01   4.0216869e-02   8.4438776e-01   4.9834931e-02   3.1405952e-01   9.4072531e-01
   1.6081238e-01   7.2058774e-01   8.7182135e-01   3.7711942e-01   9.2018186e-01   7.4642336e-01   7.5651420e-01   1.7603434e-01   8.6091013e-01   7.4048911e-01   5.5020757e-01   4.1353984e-01   8.3187406e-01   2.7437960e-01   6.4271874e-01   1.8701779e-01   7.8870178e-01   2.3350988e-01   7.2665332e-01   1.6745491e-01   6.7137857e-01   7.8348521e-01   1.4335538e-01   7.8211361e-01   8.0488028e-01   4.3997134e-01   8.2389566e-01   7.5651552e-01   3.3525023e-01   3.9961181e-01   4.6285165e-01   7.4870048e-01   9.9979588e-01   4.9470525e-01   4.4384961e-01   6.5980014e-01   2.4182105e-01   1.6441416e-01   6.6020263e-01   7.5502432e-01   5.8757100e-02   4.0931586e-01   7.7638310e-01   3.2796570e-01   6.4000282e-01   1.3240944e-01   9.7680203e-02   1.2805067e-01   5.8701028e-01   1.2735907e-01   7.7771900e-01   9.8611077e-01   1.3927162e-01   2.4209050e-01   8.4539600e-02   7.3328778e-01   2.4721270e-01   6.8450241e-01   3.8309428e-02   2.4380102e-01   7.1304770e-01   2.6480490e-01   8.6354265e-01   7.9087647e-01   0.0000000e+00   1.9397080e-01   5.6898900e-01   1.4344130e-01   4.6837056e-01   9.5348273e-01   3.7528555e-01   8.4273247e-01   9.4170754e-01   3.3767005e-01   6.7577676e-01   3.1982622e-01   1.6615896e-01   8.8760059e-01   7.2747417e-01   2.1017429e-01   4.1829960e-01   4.4932086e-01   5.0949211e-01   7.7613846e-01   2.2737599e-01   3.1245211e-01   9.6108481e-01   7.2315980e-01   4.5095524e-01   7.8662766e-01   4.4175726e-01   4.0724853e-01   8.8202484e-01   1.9069183e-01   8.9607073e-01   3.8354562e-01   5.2897606e-01   2.7338504e-01   2.1697057e-01   2.3541004e-01   2.4746107e-01
   1.4121511e-01   1.0497306e-01   9.5928274e-01   7.7898916e-01   1.9705433e-01   1.4427641e-01   2.6302853e-01   2.5183459e-01   1.6955399e-01   6.5806246e-01   6.7340254e-03   8.2614673e-01   6.5746011e-01   1.8671318e-01   5.9084763e-01   4.4712997e-01   3.8800969e-01   6.3580623e-02   9.1096845e-01   6.7602803e-01   9.0255596e-01   1.1993162e-01   9.9962017e-01   8.6660255e-01   8.6374871e-01   6.0614992e-01   5.4420883e-01   4.8032719e-01   7.9077983e-01   1.4104094e-01   8.4488472e-01   4.8120176e-02   1.6063160e-01   6.3885726e-01   4.7670242e-01   4.3650723e-01   1.3251636e-01   3.3351331e-01   6.8766998e-01   7.2282641e-01   8.9323307e-01   2.6256068e-01   8.7526045e-03   3.5387507e-01   1.2261415e-02   7.4886013e-01   8.9025179e-01   7.0382213e-01   4.5294057e-01   2.1619793e-01   4.0488285e-01   1.0381397e-01   9.1078708e-02   7.2493340e-01   2.3449203e-01   7.3214396e-01   7.4337333e-01   6.9974798e-01   2.3138225e-02   7.1545367e-02   6.9630388e-01   9.4456350e-01   1.8096113e-01   3.3404329e-01   2.0078393e-01   0.0000000e+00   2.1376191e-01   6.4297935e-01   9.2048012e-01   1.5526742e-01   2.2742278e-01   3.8511042e-01   1.2517099e-01   8.9807969e-01   4.3286659e-01   9.2841102e-01   8.0874565e-01   1.7467462e-01   2.5678294e-01   4.0028697e-01   3.9602738e-01   9.2579756e-01   2.7191543e-01   1.2345704e-01   3.5031133e-01   1.3674478e-01   3.3511671e-01   6.4200096e-01   9.4856610e-01   5.8213569e-01   8.3278533e-01   2.2076058e-01   4.4535454e-02   1.1658709e-02   3.7309253e-01   4.1457952e-01   3.5526426e-01   9.0268492e-01   1.1069976e-01   3.4779141e-01   6.0255444e-01
   1.0652423e-01   2.0064286e-01   3.8666401e-01   5.1984896e-01   7.1924290e-01   1.4588409e-01   8.8225054e-01   8.9132079e-01   3.0740894e-01   6.9235862e-01   3.0531842e-01   7.2154788e-01   7.2249021e-01   9.4382655e-01   7.4237851e-01   2.7892841e-01   7.2296884e-01   1.3571725e-02   8.9928901e-01   7.8701027e-01   7.1968395e-01   2.7370061e-01   1.2816284e-01   4.9432992e-01   8.5629445e-01   9.3381061e-02   3.6474673e-01   5.5042372e-01   3.9206846e-01   5.0595463e-01   3.2153170e-01   2.3773493e-01   6.8179177e-01   8.3712269e-01   8.1936076e-01   5.1823718e-01   8.0724490e-01   2.3501050e-01   2.0810625e-01   2.6462375e-01   9.3152189e-01   1.3784414e-01   8.1563883e-01   4.0111370e-01   8.9074028e-01   4.5219006e-01   1.9610851e-01   6.8427613e-01   2.5420196e-01   6.3956144e-01   1.7474581e-01   5.6353622e-01   9.6047294e-02   2.3976050e-01   7.5811075e-01   7.9868200e-01   3.3664917e-01   3.1306285e-01   2.3155258e-01   6.1475172e-01   2.8190543e-02   9.5790640e-01   5.0547879e-02   2.8632101e-01   5.4103531e-01   8.3525505e-01   0.0000000e+00   1.8270268e-01   8.8141763e-01   9.5004716e-02   2.7127903e-01   8.8017249e-01   1.5550227e-01   2.7557586e-01   4.7060215e-01   4.1007572e-01   6.3542872e-01   7.1602136e-01   1.5063491e-01   1.1858225e-03   9.1995503e-01   3.5298881e-01   7.8351889e-01   5.8054008e-01   3.5544137e-01   5.3253925e-01   4.8001266e-01   3.5275909e-01   1.2639304e-01   9.9299627e-01   5.4993194e-01   3.6831030e-01   5.2414831e-01   7.3393960e-01   7.0545872e-01   2.1831488e-01   6.4447846e-01   3.5837407e-02   6.0127954e-01   2.2834885e-01   6.3594878e-01
   9.3592991e-01   9.4699021e-01   6.1000915e-01   1.3923451e-01   6.7458723e-01   9.2881641e-01   4.5676216e-01   7.3776020e-01   7.4252704e-01   4.4067972e-02   5.4876328e-01   5.9824439e-01   6.3998844e-01   8.1830368e-01   7.8120843e-01   9.2027318e-01   3.3079006e-01   7.8113719e-01   9.0554713e-01   1.5861156e-01   7.3845861e-02   5.7673600e-01   4.9810183e-01   8.4385814e-01   9.2232355e-01   4.3595280e-01   6.3075814e-01   3.2550134e-01   9.2393709e-01   3.5215494e-01   5.4744772e-01   9.6475535e-01   7.3316542e-01   2.3217490e-01   4.5357504e-01   6.6974233e-01   6.7707874e-01   7.7565749e-01   4.1456834e-01   6.8840094e-01   8.5551994e-01   7.1352081e-01   5.9591674e-01   9.8451125e-01   5.5893584e-01   7.2998789e-01   6.5170531e-01   4.0065374e-02   4.2802006e-01   4.3901613e-01   3.0551137e-01   4.3933096e-01   7.9690636e-01   1.9978860e-01   4.3075269e-01   8.1672293e-01   7.6034861e-01   6.4766629e-01   2.1424381e-01   7.8960560e-02   7.2888185e-02   2.9581597e-01   7.2574526e-01   2.4294179e-01   5.5005118e-01   5.8790977e-01   1.5636998e-01   0.0000000e+00   4.2048163e-01   2.1075629e-01   5.7971668e-01   7.4374069e-01   1.0702917e-01   3.2297379e-01   9.0085515e-01   2.6263270e-01   1.3862434e-01   3.6519677e-01   3.0906826e-03   5.8748055e-01   7.9549908e-01   9.9456251e-01   1.5142266e-01   3.3501760e-01   1.0078797e-01   3.5299638e-01   4.5846283e-01   4.9931903e-01   5.6505071e-01   8.6060601e-01   6.3448034e-01   9.7720403e-01   1.0570052e-01   6.4595852e-01   7.5848099e-01   4.9067489e-01   3.2389509e-01   4.6642264e-01   1.8749217e-01   8.1819557e-01   5.0454229e-02
   1.0987546e-02   9.4937024e-01   2.0777277e-01   6.3195702e-01   6.8028400e-01   6.5152083e-01   3.5042207e-01   4.8118070e-01   8.4486777e-01   2.3779163e-01   2.6528831e-01   3.1491713e-01   4.6210930e-01   3.3757050e-01   2.1659219e-01   9.6315813e-01   7.4217346e-01   6.6709089e-01   7.0844564e-01   6.8382486e-01   4.1925713e-01   4.6923002e-01   5.8543285e-01   1.9816208e-01   8.5091363e-01   9.7025090e-01   3.6392044e-01   4.9037481e-02   8.5044969e-01   5.7494305e-01   9.4727902e-01   9.1412873e-01   5.8634119e-01   8.3898646e-01   2.3506778e-01   3.6333179e-01   7.6571044e-01   4.3205088e-01   1.0437597e-01   9.3232329e-01   1.8638000e-01   4.5349938e-01   9.8313239e-01   2.0202872e-01   4.0932293e-01   7.5163770e-01   2.1881301e-01   8.7348565e-01   4.5247179e-02   2.6108787e-01   8.0394396e-01   5.3782563e-01   1.3893992e-01   4.6403707e-01   6.0031401e-01   6.4700323e-01   8.3135758e-01   5.7437403e-01   3.5316981e-01   5.2333243e-01   5.8922805e-01   9.6309277e-01   7.7947056e-01   9.5934325e-01   3.2168083e-01   3.7471986e-01   3.4721013e-01   2.6522103e-01   0.0000000e+00   4.1126244e-01   8.3438480e-01   7.5047741e-01   8.1343804e-01   5.8625985e-01   6.8509259e-01   5.8728878e-01   5.6441575e-01   7.6900152e-01   5.8456239e-01   1.6181268e-01   7.9748168e-01   7.7886002e-01   4.3770671e-01   8.6552059e-01   3.9153750e-01   9.7217583e-01   7.2341329e-01   7.3528792e-01   1.7967795e-01   3.5797467e-02   8.3781376e-01   8.4531481e-01   9.5958228e-01   1.6890716e-01   2.4062525e-01   5.0156287e-01   8.4842777e-01   5.9360918e-01   8.3277142e-01   3.8464077e-01   5.8649831e-01
   2.0378146e-01   6.4753723e-01   5.8137949e-01   7.6545080e-01   3.7163557e-02   8.8958090e-01   6.9464423e-01   6.0143316e-01   9.8795692e-01   8.7993065e-01   6.2172155e-01   1.6137679e-01   1.9895179e-01   8.7428397e-01   9.6110545e-01   8.0106173e-01   1.8300164e-01   2.7866640e-01   9.7750395e-01   3.4483548e-01   9.0894188e-01   9.2599951e-01   1.2094247e-01   4.1134365e-01   8.8387228e-01   2.3980412e-01   8.0881506e-02   7.7541314e-01   4.0196221e-01   7.3106676e-01   9.3067545e-01   6.2414324e-01   2.2020903e-01   1.2963769e-01   4.7394050e-01   7.0158058e-01   3.0835330e-01   3.8061211e-01   7.8666059e-01   9.0248552e-02   3.1306477e-01   8.4564889e-01   2.1464265e-01   9.9913993e-02   7.0073234e-01   7.4571283e-01   8.4302087e-02   6.5040572e-01   2.0953746e-01   8.6059495e-01   9.1412571e-01   7.5681078e-01   1.0264286e-01   4.6001634e-01   5.4202025e-01   1.0304020e-01   7.4962526e-01   8.9684049e-01   5.1575340e-01   4.9486965e-01   2.7337546e-01   9.0135008e-01   2.6713976e-01   8.9793652e-01   5.6161750e-02   9.2755794e-01   8.3921060e-01   2.4325033e-01   4.2297935e-01   0.0000000e+00   4.6592260e-01   5.2759037e-01   5.4455956e-01   4.6021801e-01   5.0885815e-01   1.8266392e-01   5.9530418e-01   6.3408677e-01   5.4832386e-01   5.1323234e-01   2.5427903e-01   8.8063562e-01   6.1745621e-01   8.4099300e-01   1.2445409e-01   8.0548765e-01   8.4449211e-01   5.2027484e-01   9.3824415e-02   2.9015386e-01   2.4533279e-01   3.1679312e-01   8.4918567e-01   7.4810264e-02   5.1334998e-01   2.5467834e-01   4.0037918e-01   6.5392090e-01   4.3176457e-01   7.8344410e-01   5.9083131e-01
   6.4198403e-01   3.8262460e-02   1.8352184e-01   4.5291785e-01   8.0940901e-01   5.2597927e-01   8.6275868e-01   1.4786864e-02   1.5645325e-01   2.4267803e-01   9.8942182e-01   8.3696103e-02   9.5824579e-02   7.3782099e-01   2.2453140e-01   8.2768220e-01   2.5755705e-01   4.0766878e-01   6.8276166e-01   6.4877076e-01   1.4811140e-01   5.3535541e-01   2.3815931e-02   5.4735988e-01   1.3612443e-02   6.6173792e-01   4.9846898e-02   7.1629574e-01   4.0638076e-01   4.5322688e-01   6.4742617e-01   9.8084901e-01   2.8278259e-01   6.8014366e-01   8.5904907e-01   2.2170587e-01   5.2912782e-01   6.4322893e-01   4.8349309e-01   5.7227634e-01   4.2344258e-01   3.8931479e-02   4.3951863e-01   6.9598659e-01   4.6430020e-01   7.7126950e-01   4.6135105e-01   9.7607985e-01   2.3605863e-01   6.9483307e-02   8.6129155e-01   4.0127234e-01   4.7729916e-01   4.6251114e-01   7.1904272e-01   5.2622552e-01   3.2258838e-01   2.3125801e-02   9.2723528e-01   1.4894484e-01   1.1172860e-01   2.0418127e-01   5.9151436e-01   9.6233934e-01   6.3525009e-01   8.6640049e-01   3.2841311e-01   9.9664670e-01   1.9764631e-01   1.1973285e-01   0.0000000e+00   4.8901263e-01   4.1155165e-01   5.1387192e-01   3.4635425e-02   8.2729024e-01   9.7077891e-01   8.2824736e-01   3.7242130e-01   5.3315554e-01   7.1397941e-01   5.9918564e-01   7.5856774e-01   3.1000442e-01   8.6453265e-01   6.3720285e-01   4.8731309e-01   8.0903017e-01   1.1280974e-01   4.5177918e-02   2.7583589e-01   9.0401998e-01   6.7440072e-01   4.6466424e-01   2.5458585e-01   4.3818220e-01   2.1271324e-01   6.3741301e-01   7.3226973e-01   3.7271602e-01   3.8281169e-01
   4.2298088e-01   1.2335520e-01   6.9686427e-01   6.4288320e-01   3.3235006e-01   4.0606426e-01   6.6294761e-01   2.1718149e-01   8.7115438e-01   8.2857635e-01   8.8730181e-01   1.5844636e-01   3.2430618e-01   1.4105273e-01   5.7570137e-01   2.3447219e-01   1.2316823e-01   3.2623270e-01   5.2140231e-01   7.1035831e-01   9.0836750e-02   3.0394485e-01   9.4954687e-01   4.8415173e-01   2.1922093e-01   1.5854413e-01   6.5666319e-01   7.8969347e-01   1.4570152e-01   9.7960889e-01   5.2430463e-02   9.6933897e-01   4.6529422e-01   9.7248074e-01   6.3344003e-01   9.1589141e-01   5.7326183e-01   7.1461686e-01   4.3491589e-01   5.7899789e-01   4.0267525e-01   3.0004307e-01   4.6286839e-01   4.0747567e-02   4.4800009e-01   7.5117623e-01   6.5472233e-02   2.1537065e-01   3.1935448e-02   5.3297871e-01   9.2636605e-01   3.0643486e-01   8.1729893e-02   4.6129032e-01   5.3876473e-01   2.7739454e-01   8.0563101e-01   4.3633767e-01   1.7903417e-01   3.0902057e-01   1.7066484e-01   7.6051546e-01   1.8157110e-01   7.5159665e-01   6.9144735e-01   7.9199417e-01   4.7846028e-01   9.1769067e-01   8.8733520e-01   1.7781974e-01   7.4151391e-01   0.0000000e+00   3.4378060e-01   3.6027575e-01   3.4406621e-01   6.7816541e-01   4.3367177e-01   7.9620215e-01   9.5631087e-01   7.7201506e-01   3.7778266e-01   1.0101972e-01   4.5425139e-01   8.1997002e-01   2.5956717e-03   1.1786779e-02   2.3086677e-01   6.0066953e-01   9.2469873e-01   6.3102040e-01   8.1756336e-01   9.7905637e-01   3.3821409e-01   1.3956981e-02   2.2526099e-02   1.3605907e-01   6.1898994e-01   4.8782069e-01   1.8938516e-01   4.1859477e-01   9.0011433e-01
   9.5778526e-01   2.9397386e-01   7.2810437e-01   8.6424625e-01   4.5019143e-02   8.2668696e-01   6.2562626e-01   3.7246008e-01   7.7127152e-01   3.9745217e-01   8.7456677e-01   7.7889988e-01   2.5648468e-01   2.1685870e-01   5.5145582e-01   5.7842683e-01   4.0774273e-01   8.9895261e-01   7.7016451e-01   4.8643167e-01   5.0799460e-01   5.4732576e-01   6.3129245e-01   8.5548459e-01   1.9972460e-01   3.1526801e-01   9.3629626e-01   8.4648684e-01   5.3359300e-02   7.7595572e-01   1.3654158e-01   9.2333108e-02   6.4053351e-01   3.8465177e-01   8.9585861e-01   7.5380842e-01   7.9877885e-01   9.1752103e-01   5.8414873e-01   8.2528494e-01   1.0013885e-01   8.0406230e-02   3.8352893e-01   5.8247629e-01   8.8222600e-01   7.3183084e-01   1.7499840e-01   2.2496882e-01   2.7487946e-01   8.9555854e-01   8.0348617e-01   5.4837634e-01   5.9258821e-01   6.7106289e-01   7.6028072e-01   7.1463686e-01   4.2863099e-01   9.6697311e-01   8.8202091e-01   1.8029015e-01   6.2792097e-01   4.2652773e-01   6.5892157e-01   4.6562979e-01   1.6875583e-01   4.6072943e-01   6.2637549e-01   7.6718803e-01   3.5495511e-01   9.8409353e-01   5.2269103e-01   9.6544860e-01   0.0000000e+00   2.5699219e-02   3.7901431e-01   3.8777791e-01   6.5312207e-01   4.4806208e-01   6.2235238e-01   3.9343547e-01   6.2464453e-01   9.2655137e-01   4.9293121e-01   5.5959172e-01   1.7200695e-01   4.0619180e-01   4.7372116e-01   1.9159913e-02   8.6357762e-02   6.5867199e-01   1.6928722e-01   5.5880723e-01   6.6755498e-02   7.9325042e-01   8.7049957e-01   6.7283239e-01   3.9679505e-01   5.6635469e-01   1.9853556e-01   7.0875886e-01   6.8196784e-01
   2.8383395e-01   6.8099891e-01   5.6383102e-01   1.6798941e-01   7.8577179e-02   2.8956304e-01   4.6729629e-01   7.0001079e-01   7.0280183e-01   3.7847515e-01   7.5424798e-01   3.2162861e-02   2.0513522e-01   2.6928826e-01   6.5150116e-01   5.1997169e-01   6.0014042e-01   4.0906354e-01   7.8034556e-01   5.7576772e-01   4.4140113e-01   1.1630173e-03   6.5210767e-01   5.6308222e-01   9.5792153e-01   6.4445336e-02   9.2784962e-01   9.7157607e-01   5.2565551e-01   2.0493986e-01   9.8402939e-01   2.7054196e-02   3.2310875e-01   1.1023246e-02   7.3933444e-01   2.2907254e-02   8.5645957e-01   3.0877328e-01   5.9400786e-01   3.3320560e-01   2.7644248e-01   2.0186556e-01   3.9016170e-01   2.0588559e-01   9.7725689e-01   3.9011623e-01   1.4987397e-01   6.1994790e-01   4.7180117e-01   5.5500376e-01   4.1479313e-01   4.1461148e-01   1.4753253e-01   2.3026683e-01   9.6076032e-01   2.2848139e-01   5.1032247e-01   7.4905051e-01   6.6808395e-01   9.3996581e-01   2.6555971e-01   2.8765919e-01   4.2912708e-01   5.6656093e-04   5.3467574e-01   9.4637346e-01   3.7340838e-01   6.4757211e-01   9.0793754e-01   6.2273170e-01   4.7709479e-01   8.8665771e-01   2.3869007e-01   0.0000000e+00   2.8266429e-01   4.5018157e-01   2.2341456e-01   5.1811170e-01   6.9828930e-01   1.0893178e-01   3.3498669e-01   2.8534515e-01   4.3855587e-01   6.9013702e-01   2.9263714e-01   7.4947147e-01   5.2389661e-01   2.4931475e-01   6.2774579e-01   5.4149341e-01   9.6988086e-01   2.1367945e-02   4.8736306e-01   6.3946354e-01   6.6314743e-01   5.3861040e-01   2.3302365e-01   7.9300425e-01   2.4836327e-01   9.8991497e-01   8.4194820e-01
   8.8731491e-01   6.4428280e-01   6.7363408e-02   6.1878740e-01   6.1468710e-01   1.6837305e-01   8.8048843e-02   5.4765932e-01   4.9581108e-01   1.6351325e-01   6.9294700e-01   8.5959797e-01   4.3349764e-01   9.8836552e-01   7.3556613e-01   8.2244969e-01   8.6069283e-01   6.4735721e-01   3.4207216e-01   1.7083484e-01   8.3252473e-01   6.3417691e-01   6.9890330e-01   8.5148107e-01   3.8470195e-01   2.4810997e-01   4.0604281e-01   2.6352500e-01   8.7798839e-02   3.1683872e-01   3.4263156e-01   4.8431398e-02   2.9450550e-02   6.0353654e-01   3.7348618e-01   3.7830939e-01   7.0737588e-01   3.7476316e-01   9.3847364e-02   6.3225278e-03   3.7669527e-01   1.1650852e-01   2.6254186e-01   5.2622061e-01   5.9191014e-01   9.9644654e-01   1.8000115e-01   3.9784067e-01   1.6747164e-01   8.7173227e-01   3.0969738e-01   5.2882202e-01   9.0665559e-01   4.9446396e-01   5.6806942e-01   1.3645381e-01   1.4325392e-01   5.1871679e-01   9.1452796e-01   8.3297846e-01   1.8465843e-01   4.5725891e-03   9.7256253e-01   3.1436286e-01   9.7860322e-01   4.9992353e-01   7.4558400e-01   9.9175904e-01   4.8773863e-01   3.3936599e-01   4.8687068e-01   5.3633548e-01   3.3741200e-02   1.0952824e-01   0.0000000e+00   3.1208760e-02   6.0670311e-01   6.6796683e-02   4.6690814e-01   6.9934062e-01   5.1672102e-01   3.0374618e-01   4.8084587e-01   6.1738798e-01   4.8529908e-01   4.8431907e-01   1.1400364e-01   8.8026158e-02   4.3603051e-01   2.2171979e-02   2.6294623e-01   6.3527022e-01   2.2610071e-01   2.3274422e-01   8.8734168e-01   5.7704735e-01   2.1458156e-01   8.3751653e-01   1.2094157e-02   6.8223864e-01   8.7070315e-01
   6.5642558e-02   1.8764974e-01   5.3901132e-02   5.7213272e-01   3.9956346e-01   4.6577606e-01   6.8570086e-01   9.4619212e-01   2.2500736e-01   5.0395870e-01   6.7951700e-01   1.5649797e-01   7.8364310e-01   9.3943818e-01   3.5772880e-01   7.0209702e-01   6.4818109e-02   7.0434963e-01   1.2353681e-01   3.5083294e-01   3.5773452e-02   6.8605143e-01   3.3336515e-01   4.3873113e-01   9.1892466e-01   4.3693734e-01   7.8166553e-01   1.7894352e-02   8.3588691e-01   2.0953961e-01   3.8814395e-01   6.7289446e-01   4.4207051e-01   6.5699452e-01   6.4472737e-01   7.4365540e-01   6.1343338e-02   8.9923230e-01   9.8812328e-01   6.7123141e-01   9.9360075e-01   2.0515045e-01   4.4853593e-01   7.5415765e-01   6.1960945e-01   3.1468255e-02   8.1478071e-01   5.3766099e-01   9.6955199e-01   4.7522804e-01   3.4314851e-01   2.9150603e-01   3.4929676e-01   8.7073110e-01   3.9381856e-01   2.5843686e-01   9.2518996e-01   4.3219895e-01   5.7138595e-01   6.4039175e-01   3.9046248e-01   5.2478759e-01   4.2196860e-01   1.5065153e-01   3.1947520e-01   1.9900174e-02   9.0629616e-01   9.4730862e-02   2.3922941e-02   8.4653475e-01   1.9885109e-01   9.2495531e-01   1.2658564e-01   2.0933654e-01   2.0978803e-01   0.0000000e+00   1.7116656e-01   7.1565266e-02   9.9646741e-01   4.7683349e-01   8.5355560e-01   4.3879492e-01   4.2545111e-01   9.0591176e-01   5.7254422e-02   7.4818091e-01   2.1697509e-01   2.5364953e-01   4.4299156e-02   2.5936965e-01   1.0426301e-01   8.2455576e-01   9.4175962e-01   3.3993499e-01   9.3960683e-01   2.4404464e-01   1.8187476e-02   7.2221235e-01   4.4467863e-01   8.5791629e-01   5.1181429e-01
   8.4338322e-01   4.1680360e-01   4.7234362e-01   1.6048978e-01   9.6119679e-01   6.0882550e-01   1.6780992e-01   9.5136531e-01   7.0659925e-01   1.4530751e-01   5.2043872e-01   3.5628248e-01   3.6918610e-01   5.1870620e-01   4.6765736e-01   5.8312673e-01   7.4238499e-01   9.4091091e-02   5.6383804e-01   4.3691008e-01   8.3226687e-02   4.2852838e-01   7.4683454e-01   3.4837025e-01   7.4982801e-01   7.0104215e-01   5.2952233e-01   9.7088655e-02   1.5211075e-01   8.6332416e-01   6.9000982e-01   8.2705194e-01   6.9179935e-01   2.3336327e-03   7.0500235e-02   5.1861280e-01   2.8234279e-01   7.1290830e-01   6.4601640e-01   2.3950797e-01   4.2723283e-01   9.3942711e-01   4.1417139e-01   3.9161533e-01   6.8853884e-01   7.7687302e-01   7.4877861e-01   3.8513857e-01   3.1753931e-01   7.1828347e-01   4.9053288e-01   4.8738313e-01   2.9800367e-01   4.4101668e-01   1.0220309e-01   2.1994876e-01   4.6020399e-01   9.2180423e-01   9.6333040e-01   6.8187735e-01   7.4999875e-01   8.7213359e-01   2.2467134e-01   9.8433543e-01   9.6780385e-02   3.0117055e-01   9.8171839e-01   1.6466663e-01   3.6764205e-01   8.7144589e-01   7.8384056e-01   7.3418883e-01   8.1845259e-01   3.7155616e-01   1.2269833e-01   8.5140536e-01   0.0000000e+00   4.3281673e-01   4.7172720e-01   9.4125729e-01   5.3851175e-01   8.9216181e-01   2.7432684e-01   2.0701942e-01   1.3325139e-01   7.7190439e-01   6.7191447e-01   7.5998514e-01   9.7224912e-01   2.1361989e-01   4.5736539e-01   9.5528385e-01   6.6320255e-01   2.6974413e-01   4.3429075e-01   4.7874213e-01   2.9519840e-01   2.2388212e-01   5.5208346e-01   4.7845541e-01   9.1541555e-02
   2.7653169e-01   7.8234804e-01   2.8151497e-01   7.8660727e-01   9.8336071e-01   2.1889554e-02   8.3463806e-01   6.7484006e-01   1.1778635e-01   3.5008327e-01   4.2744570e-01   3.6347724e-03   1.8855243e-01   8.7830656e-01   9.8816969e-01   4.7851513e-01   5.5074904e-01   3.5023378e-01   2.2025325e-01   5.9568454e-01   9.8794603e-01   3.0795906e-01   6.4883691e-01   3.9970154e-01   3.8646149e-01   9.0880522e-01   9.5627588e-01   3.8342187e-01   3.6189828e-01   7.8546064e-01   4.7711933e-01   3.2509736e-01   3.1988056e-01   5.8792122e-01   8.1409028e-01   5.5235649e-01   3.3837325e-01   9.4464342e-01   3.6239132e-01   8.6682533e-01   2.6934449e-01   2.6934662e-01   6.0388449e-01   7.2471871e-01   1.5743371e-03   8.9929635e-01   9.4359941e-01   2.5988853e-01   4.3714343e-01   5.4543254e-01   8.4485590e-01   8.7770768e-01   4.5396565e-01   5.5845926e-01   7.1799028e-01   5.3846118e-01   2.6385131e-01   3.1727588e-01   3.7580681e-01   6.3869282e-01   9.2775205e-01   2.2168588e-01   8.0789435e-01   8.8801245e-01   2.4158501e-01   9.2826692e-01   8.6410667e-01   7.7986561e-01   6.5889230e-01   8.5258555e-01   1.6588194e-01   4.2323609e-01   1.3502152e-01   6.9308573e-01   3.7351473e-01   3.1300037e-01   9.6862974e-01   0.0000000e+00   9.8885958e-01   1.5274408e-01   9.1649674e-01   5.7848790e-01   3.6322174e-01   6.8581604e-02   5.0958694e-01   6.8261618e-01   8.6024969e-01   4.3986590e-01   6.4627759e-01   3.0720205e-01   2.8288722e-01   2.1880359e-02   3.8546223e-01   2.5849684e-01   5.2966994e-01   1.5715710e-01   7.5065990e-01   7.9477636e-02   4.2256757e-01   4.7340818e-02   7.6329853e-01
   5.7155539e-01   1.1229167e-01   8.4669908e-01   3.8915285e-01   3.3087550e-01   8.9665682e-01   5.3860663e-01   5.2003817e-01   2.7206506e-01   3.0291127e-03   7.1666125e-01   8.7011266e-01   7.1655237e-01   2.1652253e-01   4.2623626e-01   3.7315791e-01   4.7076772e-01   7.0538793e-01   3.4436152e-01   9.5615407e-01   3.6448140e-02   4.8194956e-01   9.4031736e-01   3.2178246e-01   9.5632641e-01   6.6242683e-02   7.2924969e-01   1.8907954e-02   2.7045177e-01   2.1824025e-01   5.2825906e-01   4.6768899e-01   1.0953805e-01   1.6238458e-01   6.1244082e-02   2.7897554e-01   2.1114678e-01   3.5575010e-01   7.5218084e-01   8.5098459e-01   4.2729569e-02   1.5376653e-01   4.6865759e-01   2.7255377e-01   3.8941673e-02   2.3989857e-01   6.7999450e-01   6.7961431e-01   7.2246841e-01   2.4604018e-01   1.0281508e-01   2.3618745e-01   6.8593923e-01   2.3892840e-02   1.5053403e-01   6.4015481e-01   7.9554496e-01   3.2991371e-01   5.1969407e-01   9.4084634e-02   9.3453249e-01   3.9289248e-01   6.1269905e-01   8.5139437e-01   4.2036527e-01   2.3825976e-01   9.0499117e-01   3.6752367e-01   3.8366453e-01   2.7346763e-01   7.9455624e-01   1.6823855e-02   7.1159788e-01   4.6500852e-01   9.0851676e-01   9.0819103e-01   1.9341299e-01   6.7721826e-01   0.0000000e+00   1.8710215e-02   8.7390030e-01   3.0413461e-01   5.7565110e-01   9.1563261e-01   3.0831068e-01   1.4114042e-01   7.4047502e-02   5.4780118e-01   6.0246238e-01   5.0148487e-01   4.1613648e-01   6.4631049e-01   2.2547646e-01   4.6134555e-01   3.1639666e-01   1.1970288e-01   3.8293765e-01   6.4955493e-01   6.6715408e-01   5.6612904e-01   5.6876121e-01
   6.4964511e-01   4.1380639e-01   6.5737977e-01   8.5492705e-01   8.8149259e-02   1.0863760e-01   6.8796996e-01   1.7147544e-01   4.6024933e-01   2.5511667e-01   3.3982686e-01   4.8375627e-03   8.3248587e-01   9.2220220e-01   7.0647167e-01   8.7674813e-01   4.8163620e-01   4.5930664e-01   1.2406232e-02   7.2394354e-01   2.2737006e-01   9.0912402e-01   1.6889143e-02   1.9937912e-01   5.1714503e-01   3.5737510e-01   9.2148691e-01   7.4976131e-01   3.2504901e-01   2.9164669e-01   5.4070151e-02   9.7484100e-02   4.7737100e-01   1.1340351e-01   8.1541163e-01   6.3972882e-01   7.6326867e-01   5.9876207e-01   1.4971382e-02   9.7849364e-01   1.2888725e-02   6.5574876e-01   3.9160963e-02   1.4201753e-01   7.7558556e-01   2.7983976e-02   9.0816019e-02   7.2177836e-01   6.6117284e-01   7.8527722e-01   5.6325563e-01   7.1718967e-01   3.5762024e-02   5.6507056e-01   2.6024176e-01   5.6133054e-01   5.9431365e-02   4.1116266e-01   1.9173637e-01   1.3466471e-01   4.5897014e-01   6.2288487e-01   1.4258989e-02   8.4704157e-01   2.5036234e-01   2.5894514e-01   6.5046192e-02   7.1538066e-02   1.9382012e-01   5.9825219e-01   5.0489352e-01   3.4667540e-01   6.5581522e-01   2.3245414e-01   7.8549389e-01   3.8308211e-01   1.3692640e-01   8.3120261e-02   1.3686563e-01   0.0000000e+00   4.5683309e-01   2.6593215e-02   6.8595376e-01   1.1012632e-01   6.8574083e-01   7.3054080e-01   4.8014073e-01   8.0498843e-01   7.1702526e-01   7.0386344e-01   1.5087521e-02   4.6119630e-01   4.1070662e-01   2.0350480e-01   6.9465374e-01   7.9091203e-01   3.7222100e-01   7.0101274e-01   2.8185977e-01   2.3302202e-01   5.1760856e-01
   8.7472194e-01   7.7616059e-01   9.6558673e-01   8.8170900e-01   7.6310995e-01   4.4828377e-01   7.4140281e-01   3.0842944e-02   9.8639606e-02   4.6234524e-01   1.0075201e-01   7.9829055e-01   9.8435104e-01   9.0097416e-01   2.2959824e-01   1.8659693e-01   2.0913755e-01   6.0679570e-01   3.5698064e-02   7.4788019e-01   9.1820553e-01   1.0287986e-01   4.0356421e-01   4.2982068e-01   1.3824399e-01   2.6952537e-01   7.8302126e-01   3.8554450e-01   5.9214217e-01   8.7732847e-01   7.6957226e-01   1.5478208e-01   2.0114548e-01   1.1830810e-01   9.5853327e-01   6.8552926e-01   7.2665743e-01   4.7714909e-01   5.0677877e-02   8.2426175e-01   1.5410696e-02   4.1551510e-01   1.5326537e-01   1.9449407e-01   9.2067863e-01   9.4854635e-01   1.0383144e-01   2.7793795e-01   2.7225651e-01   4.8495456e-01   2.5327771e-01   3.1045755e-01   6.7210224e-01   3.2037135e-01   6.9981501e-01   9.6171287e-01   1.5577749e-01   7.0607717e-03   7.3319747e-01   3.1978074e-01   3.1897483e-01   5.7811269e-02   7.5635279e-01   2.9701920e-01   2.3562891e-01   6.0153965e-01   8.2676005e-01   3.9617647e-01   5.1093593e-01   4.9332965e-01   6.6709910e-01   1.7558983e-01   3.3959346e-01   1.7844606e-01   4.0318095e-01   4.1544563e-01   4.9698694e-01   6.9551354e-01   3.2211276e-01   1.0430882e-01   0.0000000e+00   8.6093270e-01   8.6201407e-01   7.7404982e-01   8.9626171e-02   5.5300332e-01   7.6353904e-01   5.3831631e-01   9.5950562e-01   8.1358253e-01   4.9541612e-01   6.1698146e-01   9.0169879e-01   9.9704068e-01   9.5609831e-01   3.9717255e-01   1.2436920e-02   5.1997938e-01   8.9010430e-01   7.8117524e-01   9.5393041e-01
   4.8755141e-01   4.3915137e-01   7.2043671e-01   5.5257672e-01   4.0201936e-01   1.6126801e-01   5.4614331e-01   3.5634390e-02   3.2419839e-01   6.3490664e-01   9.9951832e-01   2.7529241e-01   8.1123922e-01   1.2198824e-01   7.9808134e-02   4.3678387e-01   6.6618251e-01   2.1020287e-01   2.0210541e-01   6.6397715e-01   7.9937512e-01   5.1069817e-01   9.3424429e-01   8.8334009e-01   3.9696930e-01   9.0005614e-01   5.6934845e-01   5.0051553e-01   3.3871503e-01   3.5355372e-01   1.9311236e-01   7.1628071e-01   6.8544312e-01   7.8271993e-01   5.8563573e-01   6.1585463e-01   4.4131459e-01   2.2021207e-02   2.6180853e-01   4.9311428e-02   9.9879757e-02   6.0481630e-01   4.7640910e-01   2.8444610e-01   6.4771443e-01   4.4977682e-01   7.6855350e-01   1.9673303e-02   5.1131021e-01   5.1166321e-01   1.2174113e-01   7.0903385e-01   7.3232559e-01   4.7990349e-01   5.8241852e-01   7.6285535e-01   6.3672690e-01   2.2093542e-01   4.2310421e-01   2.2741323e-01   1.1069427e-01   1.9055573e-01   2.4592609e-01   9.0957595e-01   7.9770210e-01   3.3619049e-01   1.9984961e-01   4.1862082e-02   8.6470335e-01   7.4804444e-01   4.2787305e-01   3.4518227e-01   7.7119053e-01   3.2129606e-01   2.5347446e-01   6.7020040e-01   4.5258200e-01   2.3759821e-01   7.7275544e-01   4.9731086e-01   4.3870007e-01   0.0000000e+00   3.3538519e-01   4.6763097e-01   6.1149135e-01   5.1836778e-01   4.5357715e-01   9.7848360e-01   8.6411697e-01   7.7915648e-01   9.1487219e-01   8.4399006e-02   4.7759354e-01   3.4272136e-01   6.7977559e-01   4.9784867e-01   3.3215187e-01   8.5069765e-01   8.1622365e-01   1.4372954e-01   7.3745080e-01
   1.8609584e-01   3.8847340e-01   3.1929321e-01   6.9877062e-01   2.2184595e-03   8.4480284e-01   5.7381824e-01   8.8508861e-01   4.8042564e-01   4.3094783e-01   7.0678639e-01   3.8387945e-02   5.5031030e-01   6.5340122e-01   2.1530873e-02   4.2445507e-01   6.1142053e-01   5.3580663e-01   7.8477836e-01   8.7310711e-03   9.8948266e-02   1.0531425e-01   9.2091254e-01   5.9888813e-01   8.7150811e-01   1.2525561e-01   1.2670765e-01   9.0409861e-01   2.0020826e-01   9.3506386e-01   5.8187520e-01   5.6542218e-01   9.5589737e-01   7.9479259e-01   1.9888954e-01   4.3564806e-01   1.2208223e-01   2.0027878e-01   9.9188062e-01   8.9090685e-01   6.3637723e-01   1.4127273e-01   7.5951461e-01   1.1673038e-01   6.2958361e-01   1.0483773e-01   1.5888231e-03   6.8287983e-01   9.8027823e-01   9.3655342e-01   1.0569398e-01   6.0911431e-02   1.1394544e-01   9.5818035e-01   8.6702021e-01   6.0805953e-02   5.4898272e-01   1.8648743e-01   5.0582717e-01   8.6793089e-01   5.0393775e-02   1.6855473e-01   5.8642895e-01   2.9924459e-01   8.2791655e-01   4.7406530e-01   9.1768389e-01   8.5232459e-01   4.5093832e-01   2.2284866e-01   1.0056519e-01   6.8711159e-01   7.2220765e-01   2.6601836e-01   3.1174576e-02   2.8847967e-01   4.7097300e-02   6.2723471e-01   5.5265606e-03   3.6429442e-02   2.5860382e-01   5.7803608e-01   0.0000000e+00   2.6235053e-01   7.9982274e-01   7.7826960e-01   4.9333474e-01   2.0616312e-01   3.5715431e-01   1.7461088e-01   2.4672461e-03   2.2648153e-01   2.2552090e-01   8.7490791e-01   8.1385422e-01   3.2052602e-01   8.1871562e-02   9.2797254e-01   7.3988872e-01   5.5510646e-01   4.1481097e-01
   3.4925827e-01   4.9865826e-02   9.7488294e-01   9.9896652e-01   8.3532252e-01   5.9942706e-01   4.0331966e-01   2.3234698e-01   2.5604503e-01   9.1435128e-01   5.1888476e-01   2.3029183e-01   8.5842819e-03   5.0124142e-01   9.9521864e-01   8.2954464e-01   9.8073447e-01   4.0197644e-01   6.4430097e-01   5.4438844e-01   3.0028866e-01   9.0513753e-01   7.3973922e-01   7.9113695e-01   3.0769947e-01   7.4276114e-01   5.3588565e-01   4.4818735e-01   4.9846237e-01   8.0721885e-01   2.3382318e-01   7.5452124e-01   8.4735807e-01   5.3344705e-02   5.5314942e-01   8.1895579e-01   7.0014037e-01   2.8596712e-01   7.2430945e-01   3.4501192e-01   4.8007715e-02   7.9801462e-01   2.0404536e-02   6.1064048e-02   5.7302825e-01   3.3586009e-01   8.3257386e-01   4.2996465e-01   1.8468412e-01   3.7765825e-01   6.9539271e-01   9.5832781e-01   4.1852442e-01   8.5723914e-02   3.4623177e-01   6.0797975e-01   8.7428198e-01   1.9628873e-01   4.8072998e-01   2.1862430e-01   8.7906895e-01   4.5455769e-01   4.0125036e-01   7.5018701e-01   5.9878687e-01   5.3036447e-01   4.4525487e-01   3.0399655e-01   3.8051012e-01   8.2887896e-01   3.7865867e-01   3.3924311e-01   8.1464831e-02   6.0463052e-01   8.7392343e-01   9.3416160e-01   4.1339328e-01   6.0331641e-01   9.3804543e-01   4.9706269e-01   1.3092544e-02   3.4395200e-01   7.8234252e-01   0.0000000e+00   4.6831826e-01   2.4389451e-01   7.2255834e-01   9.2392399e-01   3.5158490e-01   6.7241248e-01   8.4796076e-01   3.2140259e-01   2.5601294e-01   9.5140878e-01   8.9371195e-01   3.7685595e-01   4.5348916e-01   7.8376737e-02   7.6049815e-01   4.0272630e-01   9.2091013e-01
   4.3465531e-01   8.8877801e-02   5.4712820e-01   2.8704068e-01   2.9571682e-01   3.3949473e-01   3.4890268e-01   4.8446594e-02   1.8515969e-01   7.3314175e-01   8.7597389e-02   6.3958892e-01   1.1249410e-01   9.0305229e-01   4.5620200e-01   6.5708527e-01   7.9963328e-02   3.1375606e-01   9.3388276e-02   1.4993747e-01   7.3380058e-01   9.1491776e-01   1.9081482e-01   4.6039766e-02   7.0213953e-01   9.6914385e-01   5.0169449e-01   3.2050702e-01   3.3436702e-01   8.5803908e-01   5.1401840e-01   8.8465884e-01   7.1101345e-02   4.2292137e-02   3.3691680e-01   5.7890955e-01   9.7435463e-01   1.9507624e-01   2.1669948e-03   8.9676187e-02   9.0996152e-01   7.7584642e-01   7.9534774e-01   7.2006922e-01   6.2045769e-01   7.6131524e-01   3.3909491e-01   3.4215805e-01   1.4045835e-01   1.5552330e-01   8.7837292e-01   4.7627038e-01   6.8092053e-01   9.3751712e-01   7.7930431e-01   1.8471362e-01   2.0651035e-01   2.7965808e-01   7.6251688e-01   2.3144130e-01   5.4417309e-01   1.0297402e-01   1.5627310e-01   5.7431716e-01   1.5091645e-01   1.4409879e-01   5.7434466e-01   5.9479723e-01   6.6233211e-01   4.7751653e-01   9.6442327e-02   1.7777662e-01   7.9949021e-01   8.8402271e-01   6.4006275e-01   3.4266530e-01   9.4458231e-01   3.7995659e-01   4.6063629e-01   8.5432656e-01   9.2846473e-01   2.4148618e-01   5.3803130e-01   4.2293471e-01   0.0000000e+00   6.0209724e-01   6.6463313e-01   1.0414362e-01   5.6789142e-01   9.0143573e-01   7.6292028e-01   7.6757056e-01   6.6661280e-01   1.2997422e-01   8.7494193e-01   3.9856967e-01   3.1857415e-01   3.7478678e-01   4.4035816e-01   5.0202983e-01   6.1948729e-01
   6.0467511e-01   8.7513561e-02   5.3816100e-01   7.0998729e-01   4.1977182e-01   2.8760078e-01   1.9045144e-01   1.5242228e-01   6.3433827e-01   9.1995101e-01   9.1050925e-01   2.2595552e-01   4.0883452e-02   7.9830159e-01   6.5344745e-01   3.6010661e-01   6.1252630e-01   3.7340906e-01   2.1232458e-01   4.9271562e-01   9.2633661e-01   1.3115178e-01   9.7306670e-01   8.7693148e-01   6.0445685e-01   6.1791911e-02   1.9585230e-01   7.0987911e-02   8.5984319e-01   5.2829529e-01   7.9800172e-02   5.5134377e-01   5.7237209e-01   1.8047580e-01   1.5341299e-01   3.5868627e-01   3.2257481e-01   5.4187280e-01   4.5209082e-01   9.2669869e-01   3.9524787e-01   1.6555812e-01   2.6605630e-01   9.9508652e-01   7.9492428e-02   3.8149245e-01   8.7349629e-01   1.0402735e-01   8.9969347e-01   3.4027278e-01   9.8207592e-01   2.2508522e-01   4.4947683e-01   7.8276262e-01   1.7801211e-01   4.9446817e-01   1.3176829e-01   7.2511545e-01   5.5577463e-01   5.6654986e-01   5.9696664e-01   6.2836523e-01   6.9848875e-01   6.7935051e-01   5.0955692e-01   7.7205871e-01   1.6250748e-01   2.8979221e-01   4.8611015e-01   8.4072186e-01   9.1170869e-01   5.6472134e-01   5.3189622e-02   1.4054536e-01   9.3952885e-01   7.9948768e-03   3.3099949e-01   9.4251138e-01   4.6758485e-01   8.5065921e-02   7.4180367e-01   1.6351324e-01   5.7014007e-01   3.1562743e-01   2.2311258e-01   0.0000000e+00   2.4696927e-01   1.3251404e-01   8.5088909e-01   4.8879687e-01   6.1632775e-01   3.3946913e-01   8.4221231e-01   4.2448355e-01   6.9989312e-02   7.2772877e-01   9.2348719e-01   1.7598419e-01   5.9046472e-01   8.7713671e-01   5.5467374e-01
   5.7719394e-01   1.7539087e-01   8.2159386e-01   3.9501530e-01   1.4820595e-01   5.0548688e-01   7.8238911e-01   3.5861575e-01   9.8737537e-01   6.2453631e-01   4.6714939e-01   1.1111877e-01   6.8461608e-02   1.5553441e-01   7.8268668e-01   4.0518465e-01   7.7245432e-01   4.5013589e-02   5.2926435e-01   2.5353755e-02   9.8503197e-01   2.2683293e-01   7.1561696e-01   2.0378294e-01   6.7198206e-01   6.2368656e-01   2.1772904e-01   9.2227561e-01   6.1845512e-01   3.1840923e-01   8.9715036e-01   9.4073011e-01   2.7876459e-01   4.7816820e-01   1.7765661e-01   1.7709172e-01   7.9210321e-01   4.6860767e-01   3.6491008e-01   8.5503533e-01   2.9669361e-01   2.4441996e-01   4.4645772e-01   2.7203208e-01   1.8411423e-01   5.9148935e-01   1.2443024e-02   2.2811926e-01   2.0707484e-01   2.9010386e-02   9.3861824e-01   4.9772444e-01   3.5527572e-01   4.0117846e-01   5.2856893e-01   2.5031723e-01   7.1831614e-01   3.1095723e-01   3.8628702e-01   6.7473738e-01   9.5409904e-01   9.4272035e-01   8.2630299e-01   2.2115148e-01   1.7908896e-01   6.8888724e-01   3.8243802e-01   3.0943773e-01   5.6136916e-01   8.3955244e-03   9.5497303e-01   7.6580104e-01   4.1538931e-01   5.3555569e-01   7.7130109e-01   5.9724341e-02   5.6244716e-01   3.7487234e-03   4.1362615e-01   3.5753032e-01   5.0320113e-01   6.5114051e-01   6.3346823e-01   1.0994332e-01   7.2276055e-01   5.6618972e-01   0.0000000e+00   6.2321441e-01   1.6922946e-01   9.9972940e-01   6.4485561e-03   4.7751630e-01   7.8575224e-01   2.1730151e-01   7.6822893e-01   4.7658508e-01   5.5259678e-01   1.1803440e-01   6.4136322e-02   8.6170215e-01   6.9786921e-02
   5.0635041e-01   6.1505221e-01   4.2865433e-01   7.0007161e-01   1.5875653e-01   4.8174420e-01   6.5258567e-01   7.3657266e-01   8.3141061e-01   9.9238058e-02   5.4877206e-01   8.5012821e-02   1.6772886e-01   7.3367633e-02   4.8632176e-01   3.3381211e-01   2.8041719e-01   1.1786786e-01   6.0334690e-01   1.5004936e-01   1.9733582e-01   7.4294266e-01   3.0965992e-01   2.1668018e-02   3.5913574e-01   5.7076034e-01   6.1840518e-01   7.8431952e-01   9.7307518e-01   8.3697784e-01   6.3720352e-01   4.5811700e-01   4.9372162e-01   4.8376396e-01   9.2798167e-01   8.4311927e-01   8.7626518e-02   3.4689866e-01   5.4244823e-01   8.2506400e-01   5.0106232e-01   8.1548371e-01   1.8871135e-01   9.1677789e-01   3.5378096e-01   5.0524863e-01   2.4352725e-01   1.0367793e-01   7.3908150e-02   7.0425418e-01   4.9996722e-01   4.0335471e-01   5.8860882e-01   4.7827171e-02   3.5687213e-01   4.3245295e-01   2.8337072e-01   2.0806252e-01   7.6269093e-01   1.8174697e-02   3.6428113e-01   8.7863035e-01   1.0600195e-01   3.8765808e-01   5.0753530e-01   8.7465582e-01   6.7861252e-01   5.6446085e-01   6.6562285e-02   1.2034074e-01   1.6772362e-01   5.3685730e-01   8.3508129e-01   9.6946668e-01   6.9504243e-01   1.3158968e-01   8.9636101e-01   7.2778953e-01   1.3936975e-02   4.2458664e-01   2.5568200e-02   2.1394906e-01   2.4170770e-01   1.3696656e-01   3.6115248e-01   5.5438718e-01   8.3795736e-01   0.0000000e+00   6.3552891e-01   6.3870299e-01   3.0754038e-02   8.7546422e-01   5.3859381e-01   3.1781384e-01   4.6441929e-01   6.5224460e-01   3.0491119e-01   6.0180250e-01   3.0036285e-01   5.2190443e-01   8.2646197e-01
   2.4883439e-01   6.5760230e-01   9.9454518e-01   7.2762986e-01   6.0626110e-01   8.5755757e-01   4.7261646e-01   8.2609315e-01   6.0069339e-01   7.4586035e-01   3.5134088e-02   5.6695889e-01   6.6589323e-01   1.4938950e-01   8.3610370e-01   4.4801695e-01   1.1239552e-02   1.5476490e-02   1.5240905e-02   9.2042686e-01   6.4426226e-01   2.0281931e-01   7.8839662e-01   8.7751729e-01   4.7274535e-01   5.1364673e-02   7.6197064e-01   2.1191105e-01   3.7497565e-01   7.9689698e-03   7.9597243e-01   8.7583096e-01   3.8994227e-01   7.9082892e-01   7.6187743e-01   9.7641523e-01   6.5117018e-01   2.0544672e-01   4.4390484e-02   2.6530542e-01   4.3839380e-01   8.8458112e-01   1.3013052e-01   4.9311546e-02   1.1911226e-01   7.9172267e-01   7.8224215e-01   5.2525049e-01   7.8627481e-01   7.3081947e-01   5.7565839e-01   7.5716116e-01   4.5024936e-01   1.7473449e-01   2.5735800e-01   5.0627357e-01   6.9138545e-01   1.9435916e-01   1.9661893e-01   9.5489628e-01   1.0093253e-01   4.1445071e-01   2.3575608e-01   8.8906652e-01   7.3813936e-01   8.2011904e-01   9.1461266e-01   2.2091537e-01   9.4158821e-01   4.6872489e-01   3.6148766e-01   6.0719909e-02   9.7623087e-01   2.0175248e-02   9.6648783e-02   6.5757811e-01   5.0197430e-01   5.4112372e-01   2.0876110e-01   7.2831858e-03   7.5823213e-01   3.7721400e-01   5.7699250e-01   1.4421786e-01   5.2709490e-01   1.4732232e-01   9.6492901e-01   9.6412818e-01   0.0000000e+00   8.0506479e-01   2.5096964e-01   6.3334942e-01   9.0557389e-01   6.2594557e-03   9.5382405e-01   6.0918853e-01   4.8525893e-02   7.2818633e-01   3.4447440e-01   7.3882951e-01   6.6378556e-02
   5.3374543e-01   1.3991017e-01   1.5872289e-01   2.1105812e-02   5.6610215e-01   3.0677406e-01   6.2671412e-01   6.6247839e-01   2.0347652e-01   9.2034192e-02   1.2263870e-01   8.6171425e-01   8.3967098e-01   6.9789479e-01   3.4357101e-01   5.6187867e-01   1.1850265e-01   3.6044884e-01   3.1443179e-01   4.5628470e-01   9.9346595e-02   5.8402429e-01   3.1211385e-01   7.7419748e-01   5.5680807e-01   8.4275744e-01   1.1287931e-01   7.0413541e-01   8.1538019e-01   7.5891617e-01   1.1122415e-01   3.4613789e-01   9.1824898e-01   3.7964522e-01   7.5602286e-01   6.8883391e-01   9.0990135e-01   3.7631709e-01   9.5237893e-01   7.6539633e-01   5.8999104e-02   4.0702881e-01   5.2922732e-01   7.7200247e-01   8.6423691e-01   6.9471368e-01   2.0835402e-01   5.9344094e-03   8.7507342e-01   8.7919334e-02   5.0669071e-01   5.8617974e-01   7.0275803e-01   9.1673574e-01   7.0629589e-01   5.4205533e-02   1.9310692e-01   6.2289297e-01   2.4433752e-01   8.1876290e-01   7.9885020e-01   9.8580189e-01   6.5683675e-01   7.0120729e-02   3.2215525e-01   4.3076107e-01   1.7001366e-01   6.6807972e-01   5.2000217e-01   5.9009366e-02   5.8135093e-01   9.5088389e-01   6.6535993e-01   6.9369227e-01   7.4121692e-01   1.8752666e-01   3.9261686e-01   2.1881653e-01   5.8369196e-01   6.3573224e-01   3.0811846e-01   7.1031607e-01   7.6071952e-01   6.9325322e-01   5.9199527e-01   6.0533283e-01   1.7767621e-01   7.3556363e-01   4.2258305e-01   0.0000000e+00   8.5820935e-01   6.5087825e-02   2.8786369e-01   5.9213929e-01   4.7113334e-01   7.2001939e-01   3.6713040e-02   5.3975347e-01   1.4274475e-01   6.2208157e-01   4.2955710e-01
   7.7285639e-01   7.1069153e-01   5.9299446e-01   5.8970139e-01   1.7831856e-01   9.8377128e-01   3.3794646e-03   7.1036337e-01   2.6687306e-01   4.3533315e-01   4.5162312e-01   1.2646588e-01   7.1153273e-01   7.4754938e-01   4.9251990e-01   5.6756053e-01   5.5118010e-02   6.9822463e-01   2.8001628e-01   4.8132776e-01   2.0007288e-01   1.1959830e-01   7.8980389e-01   8.4678201e-01   3.5274946e-01   7.3614505e-01   6.9218979e-01   2.1376814e-01   1.3163413e-01   3.5621937e-01   1.0509777e-01   2.4472058e-01   6.6432467e-01   3.5023964e-01   4.9549757e-01   5.1708653e-01   7.2986372e-02   5.6017495e-02   6.4616671e-01   1.7948820e-01   8.9208530e-01   5.8331228e-01   8.3986023e-01   7.7042594e-01   4.0838971e-01   7.4148954e-01   6.9837973e-01   2.1070322e-01   5.3962552e-01   1.1645832e-02   9.4879443e-01   4.2603476e-01   1.7502599e-03   6.3204760e-01   7.6565766e-01   1.7960961e-01   6.0442716e-01   3.6014284e-01   7.2944038e-01   1.4684179e-01   2.2338419e-01   1.9982036e-01   7.0718195e-01   3.1522265e-01   8.3102613e-01   1.3761126e-01   9.0905080e-01   6.0512358e-01   7.6573539e-01   5.4361763e-01   2.2867391e-01   5.8975100e-02   4.8329934e-01   5.7584979e-01   1.0069306e-01   9.6339173e-01   5.7365115e-01   1.9190332e-01   5.5651221e-01   3.3479432e-01   6.2862331e-02   5.7143046e-01   5.2861494e-01   6.2965709e-01   2.7930669e-01   7.2508887e-01   6.5321096e-02   2.3127713e-01   8.2708807e-01   9.3915364e-01   0.0000000e+00   5.8190565e-01   6.1186179e-01   5.0649186e-01   4.9106680e-02   8.4737693e-01   7.4752592e-01   7.3738881e-01   7.1137807e-01   5.9743431e-01   8.3834703e-01
   5.5104520e-01   9.7516210e-01   5.6742662e-01   4.4003928e-01   7.0445323e-01   5.3247393e-01   8.1595404e-01   2.8315055e-01   5.5327719e-01   9.8189508e-01   1.7704147e-01   7.2946894e-01   6.0117235e-01   3.8007947e-01   2.3360440e-01   9.1532985e-01   7.4893872e-01   7.2596433e-01   7.9804672e-01   1.2294065e-01   3.3661649e-01   3.5671196e-01   8.9306995e-01   9.4141896e-01   5.0755528e-01   8.0596005e-01   5.9817033e-02   6.9558169e-01   1.5483131e-01   5.9165430e-01   4.2568041e-01   8.2275755e-02   4.2095527e-01   7.1687853e-01   1.5738644e-01   9.7352535e-01   4.0538398e-01   1.0838265e-03   3.9968772e-01   5.4054399e-01   9.9112207e-01   3.1551896e-01   8.4482959e-01   6.2563276e-01   8.2836726e-01   9.6058718e-01   8.7661706e-02   3.4548593e-01   5.4800641e-01   7.0291092e-01   3.8287798e-02   9.5824993e-01   5.3225603e-01   3.7453061e-01   5.9545079e-01   4.4038471e-01   6.3377079e-01   7.1901105e-01   3.4311025e-01   1.7257197e-01   4.8873076e-02   1.3195815e-01   2.9321902e-01   8.2310619e-02   6.5315242e-01   6.2833332e-01   6.2651684e-01   7.9309073e-01   1.5062972e-01   2.8734351e-01   8.0471416e-01   4.8194978e-01   7.4503468e-01   1.3106050e-01   3.0080661e-01   8.3684187e-02   1.1973231e-01   4.8715466e-01   3.9084364e-01   2.8211310e-01   1.5965975e-01   6.1109673e-01   4.2623991e-02   9.6151175e-01   9.4424696e-01   9.4979081e-01   5.7377969e-01   6.4956252e-01   9.2505450e-01   3.8373108e-01   7.7153916e-01   0.0000000e+00   4.0126768e-01   6.0454980e-01   1.1342696e-01   1.2461100e-01   3.5565621e-01   9.8060267e-01   1.1169465e-01   6.3383556e-01   3.4094488e-01
   7.3973896e-01   1.5239263e-01   2.8473052e-01   5.8414109e-01   2.1623409e-01   4.9346535e-01   5.7864121e-01   5.4392352e-01   3.8838097e-02   8.9280481e-01   3.8710416e-01   1.8870347e-01   9.4864384e-01   5.4468015e-01   3.3119805e-01   6.7825439e-01   9.3356199e-01   2.5862360e-01   6.1218094e-01   2.4506742e-01   7.5041884e-01   1.4393910e-01   1.0214864e-03   5.2906710e-01   9.4702780e-01   5.6159621e-01   7.2501346e-01   1.4138737e-02   7.5766496e-01   4.8921113e-01   6.7136554e-01   7.6439112e-01   9.4607932e-01   1.7044640e-01   6.3095239e-01   9.4620622e-02   8.4546850e-01   2.0828621e-01   4.9285601e-01   8.4082807e-01   1.3982064e-01   7.3045043e-01   5.3286358e-02   6.5022734e-01   3.7108847e-01   5.7912498e-01   8.2661532e-01   3.5094470e-02   7.0234571e-01   5.0077114e-01   1.7864309e-01   4.1359912e-02   5.4050897e-01   3.1865122e-01   4.5384290e-01   3.5961897e-01   5.2042465e-01   4.0525394e-01   4.7101825e-01   4.3552059e-01   7.9242440e-01   5.8137542e-01   2.7049716e-01   5.2377870e-01   6.7779085e-01   8.9922260e-01   4.0882274e-01   4.7156011e-02   7.3924849e-01   5.4264085e-01   3.8657965e-01   7.6593995e-01   3.0810825e-01   9.3706289e-01   6.9659154e-02   2.3862506e-01   4.8225198e-02   7.0427279e-01   8.8048028e-01   2.9993620e-01   9.1898004e-01   3.7070247e-01   2.6328420e-01   6.0328578e-01   4.2093622e-01   8.1619096e-01   4.3512409e-01   1.6163390e-01   7.1341239e-01   6.5258887e-01   3.6656579e-01   9.9084956e-01   0.0000000e+00   8.7867879e-01   2.1426657e-01   9.7382883e-01   2.6717787e-01   2.7659392e-01   9.0922752e-01   3.6565827e-01   1.9040295e-01
   9.4770128e-01   9.2873134e-02   8.9268063e-01   2.8947597e-01   2.4362824e-01   7.2562037e-01   9.6033703e-01   7.1523622e-01   9.6992512e-01   5.0590032e-01   2.0752143e-01   1.7018590e-01   7.5184864e-01   3.1032973e-01   3.6533610e-01   2.4330743e-01   3.8148339e-02   8.3443935e-01   4.9701867e-01   9.3715308e-01   1.8052399e-01   1.7727138e-01   1.1582366e-01   7.9736746e-02   2.3850530e-01   9.0393066e-01   2.5116827e-01   8.3164272e-01   6.1407672e-01   9.6818812e-02   4.6856377e-01   3.5453217e-01   8.1235591e-01   1.7496115e-01   7.7209980e-01   2.1966257e-01   4.7250194e-01   6.7499699e-01   5.8446703e-01   1.8602557e-01   7.0365658e-01   5.2565810e-01   4.7166332e-01   7.3464397e-01   8.6465884e-01   9.6443633e-01   4.3190978e-01   9.5934032e-01   8.6276792e-01   2.4037228e-01   6.5372786e-01   2.1226338e-01   7.4266760e-01   8.8964992e-03   9.7021710e-01   7.1525740e-01   3.0739155e-01   9.3075215e-01   4.1328444e-01   7.5001969e-02   7.0842412e-01   6.5438173e-02   3.2928073e-01   4.0737278e-01   9.7964501e-01   7.7253279e-01   1.5342856e-01   1.2122303e-01   2.3290253e-01   7.9600770e-01   8.9940790e-01   2.1331035e-01   7.4549516e-01   1.8454074e-01   3.2166105e-01   1.1301982e-01   4.8544553e-01   7.3887741e-02   5.7260198e-01   2.1775767e-01   3.8967216e-01   9.0228375e-02   3.2866382e-01   7.6890978e-01   2.2531213e-01   4.2886164e-01   6.5748238e-02   2.8493112e-02   6.2291480e-01   2.0991792e-01   7.0834156e-01   1.3755759e-01   4.7067126e-01   0.0000000e+00   7.9259687e-01   2.0941964e-01   8.8073752e-01   7.0151123e-01   8.7376671e-01   6.0212173e-01   8.5300724e-01
   7.9568709e-01   2.2757801e-01   5.1919897e-01   7.9096383e-01   3.8597578e-01   1.8387056e-01   9.5551868e-01   9.2335861e-01   2.0995516e-01   6.2609875e-01   3.5100142e-01   1.6581270e-01   2.8812643e-01   3.9454265e-01   5.2787684e-01   9.6207978e-01   1.3651620e-01   5.0122055e-01   4.1128215e-01   7.7510421e-01   6.4837381e-01   7.0375375e-02   2.1356175e-01   2.3796683e-02   6.9854081e-01   5.5623418e-01   3.1963501e-02   8.1721791e-01   7.8785738e-01   4.7893200e-02   6.7303984e-01   2.5161398e-01   8.3209115e-01   2.6435923e-01   7.1393851e-01   8.6117033e-02   9.2596599e-01   4.3188197e-01   7.1917704e-01   9.8517209e-01   6.8368158e-01   6.9560228e-01   9.1674822e-01   2.1822813e-01   2.8289604e-01   9.9790676e-01   3.0857795e-01   6.8620664e-01   8.6914329e-01   5.2372558e-01   1.8957850e-01   4.4453528e-01   8.8938170e-01   8.1343609e-01   8.2637191e-01   8.2718310e-01   3.4072336e-01   9.8125759e-01   5.3459547e-01   8.9919811e-01   5.8635707e-01   9.5599155e-01   4.7374042e-01   2.5855632e-01   3.6269263e-02   8.9611763e-01   9.3966137e-01   5.9923916e-01   4.8552297e-01   4.8919400e-01   1.4507191e-01   4.3587789e-01   2.9961230e-01   7.6065040e-01   8.1258466e-01   9.7725580e-01   6.1884434e-01   9.7686637e-01   9.3157894e-01   4.2668393e-01   1.9101246e-01   9.3600116e-01   6.0574073e-01   3.9317957e-01   2.1529890e-01   3.9579262e-01   6.5723730e-01   8.6762623e-01   5.9403914e-01   1.2115362e-01   2.3340512e-01   6.8732955e-01   5.0491059e-02   9.1734189e-01   0.0000000e+00   4.8175038e-02   7.3870084e-01   5.8098633e-01   9.7256123e-01   3.8059732e-01   6.4275163e-02
   2.6072858e-01   8.8578619e-02   3.4933855e-01   8.5401919e-02   8.2386831e-01   8.8624176e-01   6.9893509e-01   6.0330387e-01   4.6921885e-01   4.9291970e-01   8.6444424e-01   8.0010286e-01   4.9333298e-01   9.4777973e-01   9.5195800e-01   5.8576814e-01   1.8085400e-01   4.6917328e-01   5.3916274e-01   4.9678328e-01   1.8251654e-01   2.8976340e-01   3.4073568e-01   1.2707064e-01   5.8766151e-01   6.3617971e-01   6.1782966e-01   8.3498670e-01   8.0794640e-01   4.8106064e-01   3.4651889e-01   8.2682176e-01   1.5713111e-02   9.8722283e-01   9.2302362e-01   7.7899500e-02   6.9125840e-01   9.8236638e-01   6.8670685e-01   8.3630312e-01   9.3171593e-01   4.5713423e-01   2.7897760e-01   1.8095721e-01   3.6846132e-01   2.7011649e-01   8.3773835e-01   6.2858452e-01   2.4696731e-01   4.1858992e-01   8.8375858e-02   7.0153800e-01   2.5146026e-01   5.0942879e-01   1.9999987e-01   8.3530434e-01   6.4130418e-02   1.3095671e-01   9.3645762e-01   2.2732837e-01   4.1897437e-01   5.3114783e-01   2.6710300e-01   8.3578722e-03   3.2968868e-01   9.7335346e-01   7.2538017e-01   5.6609411e-01   1.7732241e-01   3.2175441e-01   6.4129447e-01   9.2868189e-01   3.4917807e-01   7.9542992e-01   7.7821230e-01   2.7848512e-01   8.6079266e-01   4.3634951e-01   5.9517182e-01   1.0216262e-01   7.4583529e-01   8.3765231e-01   1.1240186e-01   7.4207982e-01   3.6748571e-01   3.4034701e-01   7.0714499e-01   1.6166883e-01   6.3761184e-01   2.4973485e-01   2.8111357e-01   8.2804871e-01   4.6809555e-01   2.9388898e-01   9.2237810e-01   0.0000000e+00   9.4530989e-01   9.8119180e-01   5.4003098e-01   1.7932072e-01   3.5488478e-01
   9.9841690e-01   7.0741772e-01   2.6791920e-01   6.0007149e-01   8.2579096e-01   6.8042827e-01   7.8513105e-01   4.1821376e-01   7.0941434e-01   3.3094315e-01   6.8990746e-01   4.6286861e-01   3.1204893e-01   6.1603770e-01   1.8066878e-01   8.9741435e-01   8.6310230e-01   1.7344361e-01   1.1429702e-01   3.4633212e-01   6.2101408e-01   6.3010697e-01   5.9664222e-02   6.2332510e-01   5.2339618e-01   4.5885169e-01   5.1897117e-01   7.5424394e-01   1.8292004e-01   9.4979424e-01   7.8948835e-01   3.0577370e-01   5.1225456e-01   8.9087105e-02   6.3600732e-01   5.6310240e-01   1.9692217e-01   9.9492191e-01   7.9804915e-01   5.4368557e-01   2.8400133e-01   3.8152414e-01   8.0295847e-01   4.3652357e-01   8.7987749e-01   5.7772061e-01   4.5653559e-01   5.2955807e-01   2.2538045e-01   2.8336442e-01   4.4626426e-01   4.4192990e-01   7.6743659e-01   6.6270729e-01   3.7623817e-01   7.6689554e-01   6.6948115e-01   4.4075232e-01   9.6682317e-01   6.7815227e-01   7.3661929e-01   4.9844603e-01   5.8551264e-01   4.6400303e-01   1.3665900e-01   2.3021740e-01   7.2330706e-01   3.5846836e-01   7.7403581e-01   3.6676435e-01   5.4140623e-01   4.1673063e-02   2.7708464e-01   1.0441891e-01   7.3078471e-01   8.7698700e-01   5.9796848e-01   6.3435515e-01   5.3954784e-01   5.3194669e-01   4.5296674e-01   9.2289248e-01   3.4189193e-01   9.6436007e-01   7.4426297e-01   5.7038922e-01   6.0999559e-01   7.8905464e-01   1.8558805e-01   1.3454530e-01   7.5866661e-01   3.7829680e-01   2.5874456e-01   6.6756856e-01   3.9512806e-01   8.4226810e-02   0.0000000e+00   3.2443180e-01   6.3855158e-01   3.2245082e-01   5.4145062e-01
   3.2041139e-01   9.7113553e-01   1.2836581e-01   4.6217462e-01   4.0477128e-01   1.2017343e-01   5.1786188e-01   5.5651325e-02   4.0122762e-01   2.4410690e-03   7.1220137e-01   8.6801131e-01   1.3487814e-01   8.1804874e-01   1.5845747e-01   2.2921119e-01   3.6583263e-01   1.5215828e-01   5.1677691e-01   8.2203757e-01   7.5584289e-01   8.0600842e-01   7.8876362e-01   5.5627005e-02   2.8391157e-01   2.1240979e-01   1.2059220e-02   7.9894003e-01   1.6997660e-01   7.9212497e-01   2.3192286e-01   2.7787582e-01   3.5830951e-02   8.5810656e-01   4.6663062e-01   9.2341160e-02   5.4158518e-01   7.5413884e-02   2.9837012e-01   8.0670088e-01   4.5164479e-01   8.8079789e-01   8.7965941e-02   9.2507870e-02   4.2477666e-01   9.3531119e-02   8.1493802e-02   4.1953248e-01   1.1905125e-01   6.4634683e-01   3.0454862e-01   5.4110193e-01   1.2764034e-01   9.8390328e-01   4.3164905e-01   8.5391139e-01   6.9290832e-01   7.2463907e-01   6.5038082e-01   8.2975341e-01   7.7856906e-01   4.4336046e-01   8.9620048e-01   1.4616102e-01   3.4331671e-01   9.7287306e-01   8.4250608e-01   7.6539787e-01   2.5436585e-01   5.3161921e-01   7.4518425e-01   3.9626785e-01   2.4894104e-01   7.6448246e-01   6.4552085e-01   7.7593514e-01   5.2718579e-01   3.4787697e-01   3.1959597e-01   5.4926669e-01   9.1616466e-01   3.4462493e-01   6.4167516e-01   3.7071771e-01   9.5228447e-01   1.2270339e-01   5.9944459e-01   8.4838490e-02   9.7859735e-01   1.5146136e-01   1.0120386e-01   6.1160352e-01   9.6832730e-01   6.1530249e-01   5.2496862e-01   1.0834038e-01   9.8179877e-02   0.0000000e+00   9.9296592e-01   2.3825661e-01   2.0903491e-01
   8.0841690e-01   3.9464347e-01   5.6559043e-01   4.7174463e-01   4.7266275e-01   6.6337960e-01   9.3541753e-01   9.5482867e-01   2.5713014e-01   8.3966935e-01   3.1124881e-02   3.0231994e-01   9.5444448e-01   5.5906539e-01   5.2952410e-01   4.2903705e-01   5.5625286e-01   4.6853794e-01   1.4187936e-01   1.6779725e-01   2.4595013e-01   2.3104340e-01   8.1211973e-02   2.3454434e-01   6.8000794e-01   9.9729855e-01   8.4786454e-01   3.9154647e-01   2.4258845e-01   6.0208955e-01   3.3210526e-01   7.5788223e-01   4.6089668e-01   3.8681029e-01   1.5605283e-01   3.4626384e-01   1.9407740e-01   4.9443397e-01   7.8546352e-01   3.7258210e-01   8.7657149e-01   6.5444813e-01   3.3007121e-01   7.6576360e-01   6.8410295e-02   1.0227992e-01   1.0759050e-01   6.7098642e-01   1.5992879e-01   4.3815727e-02   4.7643414e-01   4.7271638e-01   3.8086687e-02   9.2147167e-01   9.1144738e-01   8.2584278e-01   3.9486422e-01   4.2930389e-01   7.8677015e-01   7.7541305e-01   1.7875139e-01   9.1141653e-01   8.9119620e-01   2.2451907e-01   4.0236823e-02   1.5121214e-01   7.0105393e-01   5.8440476e-01   4.0210566e-01   4.2101468e-01   8.3814246e-01   2.6685046e-01   7.7706693e-01   4.5700121e-01   9.0198051e-01   8.2012407e-02   7.3158703e-01   8.1699362e-03   9.9404036e-01   5.1621571e-01   2.0129043e-01   3.4594972e-01   1.5602357e-01   3.6315119e-03   5.2645175e-01   8.2406072e-01   7.1586742e-01   2.4039681e-01   4.5491456e-01   4.8305870e-01   3.9646457e-01   1.1341332e-02   7.4783911e-01   3.9417142e-01   3.8818344e-01   2.2277034e-01   4.0437998e-01   4.5005208e-02   0.0000000e+00   9.9956810e-01   9.9425096e-01
   7.3558370e-01   4.4285944e-01   9.7608083e-01   8.8070458e-01   4.6346407e-01   8.1083350e-01   6.9179699e-01   3.6732940e-01   2.6566862e-01   4.7230487e-01   5.8576967e-01   2.6570741e-01   7.6036900e-01   2.8457125e-01   9.5499121e-01   9.2800873e-01   8.2971534e-01   2.9927170e-01   3.9800872e-01   2.0023498e-01   8.8712293e-02   9.3922760e-01   1.7377038e-01   5.5087783e-01   6.3985610e-01   2.5844337e-01   3.7217985e-01   8.8426163e-01   4.3403293e-01   8.6345740e-01   1.3764463e-01   9.3804564e-01   3.8139832e-01   2.6821254e-01   4.3266915e-01   5.4193243e-01   2.6467342e-01   9.8145623e-01   2.9733690e-01   4.2523647e-01   1.9782873e-01   4.9508155e-01   2.4560009e-01   4.4233362e-01   9.3805186e-01   7.5604471e-01   9.8211309e-01   2.8332477e-01   9.0291693e-01   3.4584776e-01   3.4933726e-01   8.2893598e-01   4.0471750e-01   2.0453450e-01   9.6420204e-01   8.5798873e-01   5.1318812e-01   1.3057850e-01   4.9109836e-02   8.2460045e-01   5.2509775e-01   1.2081598e-01   2.9447994e-01   3.5858183e-02   2.5265605e-01   9.1408286e-01   6.5879513e-02   2.1561013e-01   2.1161140e-01   9.4873203e-02   9.5087488e-01   7.7529931e-01   2.2995164e-01   1.1232561e-01   1.3041579e-01   5.1480547e-01   6.8941212e-02   8.7138011e-01   8.8127275e-01   5.3714056e-01   8.6123869e-01   3.0058502e-01   2.3338745e-01   8.9913751e-02   2.1539975e-01   9.7868340e-01   3.2199383e-01   1.7905827e-01   4.3019109e-01   4.6653364e-01   2.7597304e-01   2.9633322e-01   6.6466555e-02   1.6364113e-01   7.1875451e-01   8.4257941e-01   1.0787203e-01   6.1502982e-02   4.6266822e-01   0.0000000e+00   2.8632295e-01
   7.2297834e-01   8.1436216e-01   6.1722564e-02   7.5737834e-01   1.1826250e-01   5.7853385e-01   7.2557857e-01   1.1819977e-01   3.1445807e-01   9.5030180e-01   5.5446718e-01   2.2411078e-01   6.3236851e-02   8.1065998e-01   2.2798413e-01   6.1647704e-01   5.9504012e-01   5.7432431e-01   3.1577368e-01   4.6070682e-01   8.3470607e-01   1.7021133e-01   7.6145331e-01   4.9495085e-01   2.9375882e-01   2.2474178e-01   2.6622696e-01   8.5364649e-01   8.7834708e-01   9.9192239e-01   7.2077542e-01   7.1578099e-01   6.2738317e-01   7.8661151e-01   8.0324112e-01   3.3461463e-01   9.6286715e-01   5.7069631e-01   9.3867157e-01   7.1478145e-01   5.7237564e-01   8.3465629e-01   2.7474925e-01   1.2811161e-01   1.8592623e-01   1.7155833e-01   6.1459675e-01   5.5723737e-02   2.0245506e-01   9.8000118e-01   3.7204852e-01   8.8462134e-01   1.7350684e-01   3.3600544e-01   5.4859385e-01   2.0861227e-01   4.8619554e-01   7.3851230e-01   6.7831022e-01   6.7342984e-01   1.6969040e-01   5.8334403e-01   2.2864149e-01   9.4253924e-01   5.8566846e-01   3.0405339e-01   2.5085850e-01   9.9556995e-01   2.4833893e-01   3.4495722e-01   2.4571785e-01   9.7632961e-01   6.4389530e-01   1.4043532e-01   3.8602723e-01   5.9817119e-01   2.2137679e-02   1.2013892e-02   4.9732118e-01   5.7610670e-01   7.7555431e-01   6.9432319e-01   8.7233797e-01   1.1348589e-01   3.4189064e-01   7.1533187e-01   3.2220034e-01   8.6242822e-01   6.9974390e-01   7.3650512e-01   6.6814280e-01   7.5618756e-01   4.3027593e-01   5.3609130e-01   9.2485625e-01   2.6502931e-01   4.6905283e-01   1.1697649e-01   2.0609633e-02   7.2702092e-01   0.0000000e+00
