   0.0000000e+00   2.7934288e-01   4.9324053e-01   4.8864683e-01   7.2980465e-01   3.7589290e-01   3.9883272e-01   1.6039598e-01   9.8193220e-01   8.9687573e-01   3.6598868e-01   3.1220498e-01   2.5167794e-01   6.9758721e-01   9.6717268e-01   2.8481910e-01   3.9220392e-01   6.6856832e-01   3.4876300e-01   3.9606777e-01   7.3080955e-01   6.3085806e-01   8.7908763e-01   6.0084835e-01   1.4124398e-01   2.3681063e-01   4.4319679e-01   7.4026741e-01   3.8998842e-01   1.5965866e-01   3.8571063e-01   7.9343533e-01   9.4989954e-01   8.4739145e-01   4.6946061e-01   9.1776285e-01   1.8311702e-01   5.3803733e-01   4.7673986e-01   5.0820498e-01   9.2333818e-01   9.5379646e-01   2.6294734e-01   8.4532453e-01   2.5467306e-02   3.3201052e-01   6.7605955e-01   9.8773883e-01   7.9576055e-01   8.4897548e-01   1.6617977e-01   4.9078337e-01   7.9984099e-01   7.2922783e-01   2.7381578e-01   5.6197148e-01   6.1130857e-01   1.0554180e-01   2.1310175e-02   7.1795020e-01   2.7161237e-01   4.5723824e-01   4.8911685e-01   7.7031845e-01   6.8298402e-01   8.8863457e-02   5.5627710e-02   5.6562192e-01   1.3251277e-01   9.6081463e-02   8.0598623e-01   7.6694771e-01   8.9869659e-01   2.6104065e-02   9.6542046e-01   9.9048862e-01   3.0211564e-01   1.0984030e-01   1.6233824e-01   2.2284256e-01   5.6498084e-01   2.8939965e-01   8.1343480e-01   9.3353150e-01   7.4341578e-01   4.8873800e-01   8.0483885e-01   3.7802406e-02   5.3134400e-01   9.4507853e-01   1.6111524e-01   7.6386861e-01   8.7761290e-01   9.5663734e-01   3.3961367e-01   6.6077742e-01   5.6077984e-01   4.1808649e-01   6.1099303e-01   4.7868612e-01   4.2380713e-02
   8.9600224e-01   0.0000000e+00   3.9179106e-01   3.2658156e-01   8.2924907e-01   7.1022699e-01   3.9393824e-01   1.6463920e-02   7.3779657e-01   4.9668135e-01   5.9198326e-01   2.3255662e-01   9.8374486e-01   1.2943232e-01   6.8108694e-01   7.0118667e-01   2.7677367e-01   9.5723029e-01   4.0479993e-01   8.4905797e-01   4.3394636e-01   8.5789333e-01   2.2294277e-01   4.8107902e-02   2.2053109e-01   1.9423736e-01   8.1295389e-01   3.0255002e-01   2.1701531e-01   9.3455623e-01   7.5647144e-01   6.0117200e-01   9.5264015e-01   5.3418532e-01   3.2690834e-01   2.5503504e-01   7.8547468e-01   7.8962332e-01   9.1212571e-01   2.9116413e-01   3.7970323e-01   3.8121196e-01   7.4044592e-01   6.4237441e-01   6.1848598e-01   1.2122158e-01   2.2246581e-01   7.1700183e-01   4.4798480e-01   4.2836823e-02   6.9047785e-01   5.6309387e-01   9.4043485e-01   7.9403893e-01   6.0332006e-01   6.8628608e-01   5.0566274e-01   8.0068381e-01   9.6703053e-01   9.6568464e-01   5.4672550e-01   7.2168844e-01   9.2980140e-02   9.0765165e-01   3.4627887e-01   9.7879312e-01   1.4916353e-02   5.5977099e-01   7.8477621e-02   8.5460416e-01   2.3651933e-01   6.6000082e-01   8.7048516e-01   8.1540934e-01   7.3238669e-02   7.1155125e-01   5.8071664e-02   4.4299560e-01   5.2519521e-01   9.1590190e-01   8.1294585e-01   4.8386167e-01   6.6185447e-01   6.8749983e-02   8.6978648e-01   1.6342864e-01   9.5395408e-01   7.9674490e-01   5.5750223e-01   7.3011668e-01   7.6336928e-01   5.9974824e-01   2.5473104e-01   9.6472569e-01   1.6684929e-01   6.9461319e-03   2.8105419e-01   1.3352839e-01   9.4516328e-01   3.1774421e-01   2.9531617e-01
   3.6789065e-01   3.5237994e-01   0.0000000e+00   1.7213647e-01   9.7862261e-01   3.5618520e-01   9.7589636e-01   3.1218229e-01   1.9567237e-02   1.8032704e-01   4.0182371e-01   4.6398527e-01   8.7796950e-01   4.1281983e-01   3.7748077e-01   4.2814596e-01   2.8603717e-01   8.8134003e-01   3.2486467e-01   3.2613450e-01   3.9656065e-01   7.4723077e-01   4.1865563e-01   8.7601413e-01   4.3758740e-01   7.0922074e-01   3.6394277e-01   6.7678108e-01   6.9428462e-01   6.4936138e-01   7.2284674e-01   7.1170551e-01   9.8130449e-01   8.0328129e-01   9.7198484e-01   9.3236239e-01   5.2575606e-01   9.0867589e-01   3.9213514e-01   2.5527857e-01   8.7139520e-01   6.1422658e-02   8.9844868e-01   7.2272683e-01   2.7165192e-01   8.1368251e-01   3.0494628e-01   8.6328249e-03   3.4836082e-01   5.3906609e-01   7.3940429e-01   9.9483936e-01   1.7726392e-01   6.6966443e-01   6.5670549e-01   8.9681522e-01   8.3314424e-01   9.7546086e-01   4.2926694e-01   7.6857972e-01   1.4105701e-01   4.8436457e-01   3.6389558e-01   7.4497851e-01   8.7976875e-01   3.2382908e-02   9.9161605e-01   7.8104629e-01   7.6462438e-01   8.2053211e-01   9.7053084e-01   2.4163380e-02   8.9665246e-01   9.2311883e-02   7.1187158e-01   7.2840192e-01   8.9163363e-01   8.8810755e-01   6.3586985e-03   6.6088463e-01   2.0907504e-01   9.7136289e-02   2.0859190e-01   6.6829909e-01   6.8507457e-01   4.8463728e-01   1.9396756e-01   9.2533807e-01   8.8004559e-01   4.4736081e-01   3.0365828e-01   9.1570363e-02   5.4833978e-01   3.6686013e-01   8.2967466e-01   8.8805853e-01   5.0304607e-01   3.2987401e-02   3.8693297e-01   7.2737801e-01   2.0972298e-01
   8.5299874e-01   1.1788266e-01   6.8106580e-01   0.0000000e+00   2.6645934e-01   7.2643758e-01   4.6007037e-01   6.7574136e-01   2.5355044e-01   1.2786164e-01   5.0433186e-01   3.8119926e-01   2.1080988e-01   6.8700247e-01   4.3527333e-01   5.1750105e-01   1.6333373e-01   2.9179515e-02   4.7062314e-01   9.6798943e-01   3.0370301e-01   1.6344478e-01   4.9803741e-01   5.9865342e-01   1.9260343e-01   8.1221658e-01   8.0468289e-01   9.0217535e-01   2.4449619e-01   1.1670311e-01   9.7570384e-01   8.8592795e-01   7.0698806e-01   1.7701093e-01   5.8569547e-02   3.9130829e-01   9.6668263e-01   9.7642144e-01   3.6384138e-01   4.4830281e-01   5.7612245e-01   9.1076409e-01   9.1075167e-01   3.9145718e-01   2.6255450e-02   4.4597242e-01   7.4373220e-04   6.3718156e-01   9.4684699e-01   6.6175620e-01   2.1944826e-01   9.0217046e-01   9.4669398e-01   4.1833385e-01   2.0798926e-01   8.9441147e-01   7.4824028e-01   2.3737031e-01   1.3773696e-01   7.3207749e-02   6.9525411e-01   9.6456042e-01   7.9188958e-01   6.0768241e-01   9.9389124e-01   8.1044468e-01   7.4054127e-01   1.1226666e-01   8.4277284e-01   1.1507102e-01   3.5388752e-01   2.0511169e-01   8.6219587e-01   7.9020159e-01   4.5977250e-01   8.9114391e-01   8.2886024e-01   3.1233938e-01   7.2749973e-01   7.1488973e-01   1.8515810e-01   8.9795799e-01   6.1338869e-02   4.3706120e-01   7.1950399e-01   4.0397857e-01   4.3706222e-01   4.4156721e-01   5.3782276e-01   6.2768446e-01   1.7773684e-01   9.5563218e-01   2.1009828e-01   6.2856555e-01   3.5029541e-01   8.3311472e-01   4.7647405e-01   8.8245238e-01   4.1721460e-01   2.4962111e-01   4.7319539e-01
   5.5532612e-01   6.5914623e-01   8.7385709e-01   6.9268857e-01   0.0000000e+00   2.6554794e-01   2.3065829e-01   3.0937764e-01   3.8090805e-01   6.5183083e-01   2.9698610e-01   1.9901954e-01   1.2953802e-01   4.8859973e-01   3.6387904e-01   7.0328806e-01   5.4497123e-01   6.9296434e-01   1.2779081e-01   6.1331535e-01   4.3930124e-01   3.4328786e-02   6.4670769e-01   5.7374590e-01   4.7167628e-01   7.0165707e-01   8.1016742e-01   3.0690900e-02   7.9989522e-01   6.5234073e-01   6.5725537e-01   5.0215803e-01   6.0519520e-01   7.1246760e-01   7.6590743e-03   3.4254485e-01   3.3032569e-01   6.2402445e-01   1.6567686e-01   8.7836759e-01   1.8768661e-01   5.4179174e-01   4.6553633e-01   2.3881461e-01   4.0716285e-01   8.5159581e-01   2.6001495e-01   1.1245080e-01   1.8022830e-01   7.2037214e-01   7.2353480e-01   5.3834666e-01   1.9129023e-01   5.0052326e-02   9.5973286e-01   6.3371461e-01   9.9101314e-01   6.8548524e-01   8.7665129e-02   5.3381042e-01   9.4523554e-01   1.2569841e-01   3.9133782e-01   6.1474001e-01   7.1206738e-02   3.4885061e-01   6.7007809e-01   1.7870279e-01   5.2800059e-01   5.3935124e-02   1.3173189e-01   9.1992507e-02   3.6037096e-01   4.8477939e-01   3.8041671e-01   8.3805112e-01   7.7489006e-02   7.0119049e-01   8.1338778e-01   6.8363279e-01   3.3257406e-01   3.5851576e-01   4.6490252e-01   4.5277352e-01   7.5217636e-01   4.8441086e-01   7.5801539e-01   7.7954085e-01   1.5864440e-01   3.9461837e-01   3.3699503e-01   9.4701142e-01   3.4413069e-01   8.1817247e-01   9.7208655e-01   5.0029619e-01   5.2648309e-01   6.7567738e-01   5.1697541e-02   2.2644677e-01   6.3180123e-01
   6.8267586e-01   6.2946399e-01   9.9571831e-01   4.2759810e-01   9.8940364e-01   0.0000000e+00   3.2933801e-01   6.3382995e-01   5.7746489e-01   8.9585288e-01   1.7005703e-01   7.1756015e-01   8.8724748e-01   6.2672410e-01   3.5124738e-01   5.2167402e-01   7.3104229e-01   2.5280638e-01   1.8604867e-01   9.2078935e-01   1.3498438e-01   3.4635377e-01   9.2452823e-01   1.6953308e-01   5.0549232e-01   3.8039607e-01   8.6371135e-01   5.4554369e-01   3.0449641e-01   4.6261465e-01   6.8430042e-01   4.4987819e-01   5.8356803e-01   6.8129621e-01   8.9082599e-02   3.6523936e-01   4.1508429e-01   6.8158209e-01   5.7369915e-01   9.6974823e-01   9.9289495e-01   2.8292891e-01   7.5095625e-01   9.1417043e-01   7.0518913e-01   4.3795652e-01   5.5669484e-01   8.5801021e-01   7.0341452e-01   6.1251258e-01   9.3933767e-01   9.9091237e-02   4.9812934e-01   8.7416643e-01   4.5049085e-01   5.4574182e-01   6.7646961e-02   2.3559408e-01   6.7764099e-01   8.5225802e-01   6.5010275e-01   9.5774734e-01   4.5530579e-01   5.0071630e-01   9.9142652e-01   3.1460631e-01   7.9214042e-01   2.7381792e-01   3.7594476e-01   5.8880511e-01   6.8840303e-01   6.0116510e-01   5.4645620e-01   6.6786872e-01   7.6076312e-01   4.1990903e-01   7.6213762e-01   1.6618603e-02   2.9774995e-01   5.2522366e-01   5.1594865e-01   7.0160640e-01   7.6695109e-01   8.6058378e-01   6.8713838e-02   7.2355315e-01   9.5170463e-01   1.5431258e-01   3.2536637e-01   7.0680514e-01   2.7633880e-01   7.3081564e-01   7.4925411e-01   7.0297812e-01   8.1670313e-01   3.0381126e-01   1.9191608e-01   7.1898990e-01   7.8918614e-01   7.0969764e-01   9.3522243e-01
   2.8199309e-01   5.6067067e-01   3.5200933e-01   9.5017393e-01   1.5131663e-01   9.9135341e-01   0.0000000e+00   2.4285973e-01   2.4409242e-01   8.5634125e-01   4.3815218e-01   7.9410459e-01   5.1290299e-01   7.8990491e-01   1.8132031e-01   5.7119963e-01   7.3652392e-01   4.2950117e-02   9.1909122e-01   3.6594516e-01   1.8425206e-01   8.1254938e-01   3.4450777e-01   1.2393240e-02   9.8483390e-01   1.6550875e-01   1.8735631e-01   9.3485228e-01   8.5876902e-01   7.8193953e-01   7.3456170e-01   6.5593144e-01   5.6974847e-01   2.5373870e-01   7.8590219e-01   3.7299222e-01   4.1098680e-03   3.2301329e-01   3.4555583e-01   5.0401196e-02   8.9243161e-01   5.2446621e-01   6.1366793e-01   4.3562899e-01   9.3159505e-01   3.4918939e-01   7.6203601e-01   6.4073217e-01   7.8756160e-01   8.7529097e-01   2.2303755e-01   4.2607078e-01   4.9016338e-01   4.3657461e-01   8.8190925e-02   8.0556532e-01   5.2153473e-02   2.5265341e-01   6.7218454e-01   5.4413323e-01   1.9412360e-01   1.6112758e-01   8.0810596e-01   2.2408152e-03   3.0308880e-01   5.1989899e-01   1.9080063e-01   7.2093471e-01   3.9672888e-02   5.6037956e-03   1.7336711e-01   5.0959056e-01   5.3692795e-01   6.5869401e-01   4.6347463e-01   8.9238357e-02   4.5230488e-01   3.7791657e-01   4.2534169e-01   6.1353730e-01   3.7714555e-01   4.5894224e-01   5.0908710e-01   5.3861170e-01   6.7997206e-02   5.1084178e-01   3.0178683e-01   8.6890332e-01   8.9551402e-01   6.7525228e-01   9.2475553e-01   4.5994497e-01   1.9751532e-01   3.9689829e-01   4.7356907e-01   3.5887604e-01   2.5242682e-01   4.6135295e-01   4.3164446e-01   9.9510434e-01   3.8421713e-01
   4.1698340e-01   6.7514515e-01   5.6066114e-01   8.4987255e-01   8.0723986e-01   7.5382312e-01   6.3042250e-01   0.0000000e+00   8.8384688e-01   3.5675302e-01   3.4514127e-01   5.2950405e-01   6.5852306e-01   9.4374090e-01   8.2926553e-01   4.9020916e-01   8.1293422e-01   2.9572760e-01   8.7519133e-01   1.6873204e-02   5.5516325e-01   9.6992315e-01   9.0077448e-02   5.7181280e-01   4.4087557e-01   2.4965939e-01   5.6473459e-01   4.2216593e-01   7.0702417e-01   2.6129491e-01   2.4711861e-01   7.2637276e-01   4.7913354e-01   7.2591030e-01   1.4697128e-01   5.1968191e-01   1.4793341e-01   4.5479092e-01   5.9281805e-02   5.7155109e-01   2.1034152e-02   9.6547052e-01   6.1928224e-01   6.9246640e-01   5.9698132e-02   7.4454624e-02   7.4134636e-02   1.0256647e-01   8.4109809e-01   7.6994460e-01   8.1911303e-01   1.7178005e-01   9.0149409e-01   9.0893243e-02   9.3636890e-01   8.4829512e-01   8.1107563e-01   5.4084266e-01   1.9453414e-01   6.7658454e-02   3.2568542e-01   8.9528449e-02   1.7175484e-01   7.6636264e-01   1.6832609e-01   6.0755986e-01   7.0576466e-01   8.6280610e-01   8.0384131e-01   3.2565014e-01   4.9519410e-01   4.4354082e-02   1.7766618e-01   5.5612239e-01   8.9827547e-02   3.9353612e-01   7.5193103e-01   6.8591121e-01   6.1279287e-01   3.3512067e-01   6.7388809e-01   3.8936074e-01   2.7598089e-01   3.4046265e-01   5.9010259e-01   3.4271536e-02   6.6581202e-01   5.3139025e-01   7.0654581e-01   7.4474518e-01   3.4227304e-01   7.1070386e-01   4.7947603e-01   9.1814803e-01   4.9653617e-01   4.5020383e-01   1.6950938e-01   8.2629148e-01   6.9036910e-01   8.9102228e-01   1.7175385e-01
   5.5984342e-01   2.8905892e-01   5.0442888e-02   1.0242834e-01   6.5977645e-01   7.8816086e-01   1.5701441e-01   6.2484716e-01   0.0000000e+00   8.4618751e-01   7.5456129e-01   2.3117318e-02   5.8122999e-01   8.0188086e-01   8.2914278e-01   3.6339970e-01   1.8211599e-01   9.3167760e-02   6.2018864e-01   5.1263911e-01   2.6395917e-01   4.9946613e-01   3.9008707e-01   6.1418732e-01   7.1021458e-01   9.0309964e-01   4.9359412e-01   9.7215617e-01   8.2342607e-01   4.7341529e-01   9.9027572e-01   1.7566436e-01   2.5699498e-01   1.6252852e-01   3.5720154e-01   7.0178529e-01   4.5766609e-01   7.9763202e-01   2.0963101e-02   2.2533444e-01   4.2315969e-01   7.0014005e-01   6.0765191e-01   6.4018612e-02   7.1699707e-02   1.6837625e-01   1.6930548e-01   2.9877752e-01   5.8818526e-01   9.7994091e-01   8.2335478e-01   8.6654636e-01   8.1222505e-01   9.7332129e-01   9.6855793e-01   8.5950580e-01   7.8750589e-01   2.2219376e-01   6.7855274e-01   1.1253971e-02   3.4234144e-01   6.6079269e-01   4.2837509e-01   4.2701298e-01   7.9963755e-02   5.0203817e-01   2.4999364e-02   5.4252654e-01   3.8782559e-01   6.4900247e-01   5.0915873e-01   9.3973696e-01   1.9523897e-01   9.8232040e-01   2.9873616e-01   4.8353467e-01   5.0753124e-01   6.6330795e-01   5.8878059e-01   5.1317407e-01   3.2475011e-01   8.0028656e-01   8.1153593e-01   1.5487025e-01   3.1455909e-01   6.4176402e-01   6.6178890e-01   7.1462941e-02   4.4044697e-01   5.9430411e-01   5.9164327e-01   7.6507464e-01   6.6442040e-01   6.0557540e-01   1.6541523e-01   3.2206304e-01   7.8270368e-01   1.5686924e-01   6.5127993e-01   9.0641390e-01   6.0990311e-01
   8.3423740e-01   1.3979958e-01   4.4610962e-01   5.8571468e-01   1.9945325e-01   2.0200163e-01   1.0153186e-02   7.0381629e-01   8.0762555e-01   0.0000000e+00   5.5224453e-01   2.4833885e-01   8.8988481e-01   1.3297526e-01   3.5039227e-01   9.6915856e-01   3.6750465e-01   6.9794100e-01   4.8815471e-01   8.9130140e-01   4.8389527e-01   3.9275269e-01   2.0839339e-01   4.9551221e-01   9.3816536e-01   4.4740820e-01   6.2250939e-01   9.8131409e-01   1.1385272e-01   2.3163638e-01   9.4528423e-01   9.9853909e-01   4.2209079e-01   2.5301736e-01   3.3232218e-01   2.8867524e-01   8.6113863e-02   7.8353854e-01   6.0906421e-01   2.1162553e-01   8.3375219e-01   9.4690088e-01   3.4666101e-01   8.6106690e-01   2.3738165e-01   6.5379644e-01   1.2839616e-01   7.6543117e-01   6.8893565e-01   2.0628972e-01   7.4727973e-01   9.3254763e-01   7.1865544e-01   2.4799664e-01   7.5100659e-01   2.6131539e-01   7.6873724e-01   3.9242549e-01   4.1886124e-01   5.7671576e-01   8.1013441e-01   9.1488036e-01   7.0314162e-01   4.2481474e-01   2.0860401e-01   4.0841616e-01   9.5581029e-01   5.4079130e-01   5.4073516e-02   9.2402771e-01   7.9147418e-01   2.1400901e-04   2.4436514e-01   3.5356547e-01   1.0717585e-01   5.4435484e-02   7.6109432e-01   7.7844573e-01   3.2810577e-01   8.6413773e-02   6.4676551e-01   5.5601855e-01   2.9184054e-01   2.9056033e-01   9.7752905e-01   4.8917742e-01   2.9303097e-01   1.0914122e-01   3.3597100e-03   4.7180817e-02   2.3514235e-01   7.3089120e-02   4.9258156e-01   1.5516077e-01   1.1799709e-01   5.5982604e-01   7.1139784e-01   2.1501971e-01   7.1901702e-01   2.1614465e-01   1.3121208e-03
   7.2476486e-02   3.1244467e-01   9.8238525e-01   8.3475092e-01   6.6520886e-01   7.3522008e-01   2.6660583e-01   9.1151245e-01   3.5564985e-01   8.1146842e-02   0.0000000e+00   8.0334709e-01   8.4392848e-01   8.6832915e-01   4.4160164e-02   7.9918705e-01   9.0135124e-01   2.9046818e-01   6.5018144e-01   9.4775626e-02   8.9470182e-02   5.0587468e-01   8.8915687e-01   6.3707967e-01   1.9442195e-01   3.6764081e-01   8.0994642e-01   5.1968163e-02   6.2654846e-01   1.4769866e-01   5.5361554e-01   1.3411295e-01   5.1389411e-01   3.4288201e-01   7.9195360e-01   8.6604343e-01   6.0594888e-02   5.8841443e-01   9.9731484e-01   5.9063717e-01   6.5114583e-01   2.4276289e-01   5.4758606e-01   8.9368489e-01   1.2222896e-01   9.4638254e-01   5.3262129e-01   3.1092143e-01   5.2724906e-01   9.8920396e-01   8.1029022e-01   7.6469123e-01   5.7684189e-01   9.2428903e-01   7.3828141e-01   8.8930362e-01   2.8208114e-01   4.9524425e-01   9.4164990e-01   5.5796565e-01   8.3915785e-01   6.5379289e-01   2.0716752e-01   2.4941267e-01   5.9379366e-01   3.4135009e-02   3.6748318e-01   1.4426371e-02   8.2685354e-02   1.0634810e-01   6.2089043e-01   5.9748412e-01   5.3470889e-01   8.7570647e-01   3.4435487e-01   4.1236712e-01   6.8752761e-01   6.4466094e-02   8.5791890e-01   1.2010811e-02   6.2552161e-01   5.9893227e-01   6.3893623e-01   5.0105760e-01   6.3658813e-01   8.1021044e-01   2.1959594e-01   5.1304760e-01   5.7302531e-01   6.0890610e-01   1.5911143e-01   9.4240627e-01   1.8730256e-01   5.2906843e-01   3.2436728e-01   8.2771021e-01   1.3653486e-01   1.3220966e-01   3.7941329e-01   5.4930386e-01   1.5221728e-02
   9.6616679e-01   1.0071282e-01   2.1418429e-01   4.5708111e-01   7.8819353e-01   6.2842966e-01   5.1210846e-01   3.6894510e-01   1.9870707e-01   7.1841068e-01   9.5813114e-02   0.0000000e+00   2.4833327e-01   5.1992637e-01   5.2896681e-01   1.6017224e-01   9.1765704e-01   5.1754887e-02   3.6469130e-01   5.2344445e-01   9.3482833e-01   7.1648294e-01   9.7643430e-01   9.4564098e-01   1.7045216e-01   7.8147021e-01   7.4687690e-01   4.9190019e-01   2.3259715e-01   2.2638405e-01   9.2535577e-01   6.7368094e-01   7.4954408e-01   9.5317912e-01   8.3733661e-01   8.2474197e-01   2.8840475e-01   8.0291650e-01   1.6575423e-01   5.3415321e-01   4.1994877e-01   5.6060743e-01   1.3215023e-01   9.6458811e-01   7.3562943e-02   9.4365489e-01   7.8338944e-01   7.6966507e-01   8.3949856e-02   3.0092247e-01   9.3504457e-01   4.3830866e-01   4.0731746e-01   7.5201048e-01   3.7466879e-01   1.4674739e-01   5.9607517e-01   7.1611137e-03   8.0362014e-01   5.1484681e-01   8.8808404e-01   9.5341480e-01   8.2698331e-01   7.3056615e-02   9.4105056e-01   5.9942335e-01   6.1508557e-03   8.0581726e-01   7.1085135e-02   3.5610117e-01   8.9161238e-01   5.8710038e-01   7.8955885e-01   8.5424013e-02   4.5639347e-01   6.4916899e-01   7.5665848e-01   7.2395485e-01   7.7771017e-01   5.2082266e-01   8.3537855e-01   7.7424138e-01   3.7315442e-01   8.4684731e-02   1.1930869e-01   1.3842726e-01   6.5518840e-01   8.2256828e-02   5.4573640e-01   8.1253321e-01   1.4041475e-01   1.5138825e-01   9.9776081e-01   4.1400892e-01   2.0797561e-01   7.3472427e-01   2.7322092e-01   2.9697735e-01   6.0697208e-01   3.2439109e-01   4.2975029e-01
   1.9246790e-01   3.4971094e-01   4.3647910e-01   9.7039796e-01   5.9356294e-01   9.5332350e-01   7.5412483e-01   1.4228292e-01   4.1823023e-01   2.7974368e-01   6.4025367e-02   8.9504164e-01   0.0000000e+00   1.4702863e-01   9.9030353e-01   1.3968772e-01   7.2960933e-01   4.2793602e-02   7.9722542e-01   5.8714222e-01   2.0677261e-01   9.2515100e-01   8.3129281e-01   1.5430867e-02   6.5555757e-01   5.4559731e-01   4.1959894e-01   6.3831354e-01   6.5529655e-02   9.4270144e-01   8.4602093e-01   9.3112638e-01   2.6615515e-01   3.8106320e-01   6.7125558e-01   3.6126654e-01   1.3014240e-01   8.7964557e-01   6.6861797e-01   6.8218473e-01   7.5025308e-01   5.2686544e-01   7.6688010e-01   7.8350837e-01   1.7951999e-01   5.8380829e-01   2.8406056e-02   9.2487563e-01   8.4993522e-01   9.9630649e-01   8.1909802e-02   8.3865285e-01   4.5378415e-01   6.4312299e-01   9.6530651e-01   1.5571126e-01   1.1119301e-01   7.3696100e-01   8.0429745e-01   3.7231409e-01   3.5029238e-01   4.4016325e-01   9.2392873e-01   4.1691546e-01   4.8869859e-02   5.8769126e-01   5.1992543e-01   3.9373099e-01   4.5602929e-02   5.7801922e-01   6.5329030e-01   7.2885559e-01   8.7989124e-01   2.9782792e-01   3.3911988e-01   9.0707332e-01   3.1570224e-01   3.1283264e-01   9.1790427e-01   8.0533345e-01   6.4800891e-01   3.5351776e-01   6.3969584e-01   4.0222711e-01   7.9544404e-01   1.9803731e-01   5.4807019e-01   2.8534476e-01   4.0250002e-01   6.7759223e-01   1.0796741e-01   7.7312467e-01   9.6627742e-01   5.5191472e-01   5.1250630e-01   2.6961904e-01   1.7876759e-01   9.2428858e-01   6.4533026e-01   8.4167289e-01   5.8300456e-01
   9.6411289e-01   4.9733709e-01   5.5259307e-01   8.6305538e-01   7.1196333e-01   5.4271855e-01   3.1513235e-01   3.1213361e-01   6.7715624e-01   9.5414829e-01   7.3576461e-01   3.1217999e-01   5.0794217e-01   0.0000000e+00   1.0294628e-01   3.9085283e-01   2.7624488e-01   9.8341294e-01   9.0010557e-01   3.9865651e-01   3.2234393e-01   6.3508255e-02   4.3478955e-01   1.2580208e-01   7.1031810e-01   4.1256978e-01   4.1337909e-01   8.6054888e-01   9.1598028e-01   1.4654126e-01   5.8416178e-02   4.2486923e-01   8.8148641e-02   8.6207760e-01   5.4204141e-01   6.5166581e-01   4.9317573e-01   8.1070699e-01   8.4814876e-01   7.7660009e-01   6.8048790e-02   8.5440179e-01   6.5369883e-01   1.8904907e-01   8.7317152e-01   3.7917995e-01   8.8853207e-01   9.2919506e-01   9.1355293e-01   5.7003503e-01   9.1709207e-01   5.0203401e-01   4.4857364e-01   7.3724980e-01   4.0814820e-01   4.4831526e-01   6.8279754e-01   6.1076577e-01   6.3821162e-01   6.0718733e-01   9.7467090e-01   2.6242106e-01   8.1861842e-01   7.3331912e-01   1.6402837e-01   7.9343184e-01   5.5354101e-02   3.4561629e-01   8.2770513e-01   3.1663219e-01   6.8822030e-01   2.3133579e-01   9.3413740e-01   1.5663278e-01   2.8543607e-01   5.5754200e-01   5.1000918e-01   9.5464576e-01   4.5457582e-01   6.3066643e-01   2.0175609e-01   9.6293047e-01   6.4894907e-01   4.0485574e-02   2.5600515e-01   8.9107565e-01   5.9917360e-02   9.5812746e-02   7.8782765e-01   6.4033866e-01   9.9198832e-01   3.5518532e-01   6.0770096e-01   9.0879196e-01   7.2208084e-01   4.8168887e-01   9.4553544e-01   8.3166871e-01   3.1973777e-01   1.7768420e-01   2.2343374e-01
   9.7179211e-01   3.2884384e-01   2.2415160e-01   9.3084436e-01   8.5079236e-01   2.0463845e-01   4.1648753e-01   9.5553560e-01   1.5213404e-01   4.6646668e-01   3.2722181e-01   5.6866358e-02   8.8716276e-01   3.3770225e-01   0.0000000e+00   7.3969894e-01   6.1037534e-01   4.8421262e-02   6.8658116e-01   5.9316551e-01   3.7924755e-01   3.7395271e-01   7.8848841e-01   9.7193620e-01   2.7708955e-02   4.5072388e-01   5.7730971e-01   4.5644677e-02   8.5073104e-01   5.0749111e-01   5.4253153e-01   4.0553089e-01   6.2660531e-01   5.7921689e-01   9.9145872e-01   3.7806164e-01   1.3790835e-02   9.9249115e-01   4.6534405e-01   7.2276501e-01   3.5529325e-01   3.7122316e-01   5.4616001e-01   1.7797070e-01   8.5094366e-01   5.1443975e-01   2.0723310e-02   5.4632338e-01   1.7843565e-01   3.8869144e-01   9.2569901e-01   7.0608466e-01   7.2395869e-01   9.2076378e-01   1.0808003e-01   3.5239915e-01   7.1159769e-01   3.3656099e-01   5.6953255e-01   5.0137904e-02   7.6919158e-01   8.9482261e-01   9.1165392e-02   5.0517867e-01   3.6103858e-01   5.6245933e-01   8.4184543e-01   9.9615322e-01   6.8447061e-01   3.2480551e-01   5.7293457e-01   2.5445406e-01   2.5718275e-01   5.8208036e-01   3.8175914e-01   4.5525912e-01   3.6364922e-01   8.6727227e-01   9.3412737e-01   1.1439634e-01   9.0808485e-01   5.3606496e-01   6.1398970e-01   3.7318661e-01   9.2028154e-01   2.5986899e-01   8.4388125e-01   1.3067767e-02   7.3900859e-01   5.2076794e-02   9.0067809e-01   8.4462394e-01   4.4829347e-01   1.2166967e-01   5.6540915e-01   9.5371373e-01   5.8198377e-01   6.8305756e-01   9.9953559e-01   2.7127642e-01   2.9434333e-01
   7.6774484e-01   9.5137359e-01   1.1070423e-01   2.7774749e-01   2.7646776e-01   7.6159813e-01   2.5024428e-01   9.6903374e-01   6.4541114e-01   9.4286881e-01   6.6225069e-01   3.7943552e-01   4.9668892e-02   9.2732077e-01   8.7813751e-01   0.0000000e+00   9.3700555e-01   4.4311197e-01   6.0991312e-01   2.9028352e-01   5.9063004e-01   7.2022659e-01   4.0071481e-01   2.0705907e-01   8.6604266e-01   7.4721574e-01   4.6331961e-01   5.9364872e-02   8.3583455e-01   5.2054610e-01   3.9185541e-01   2.2148248e-01   4.4673701e-01   5.2966275e-01   1.5237673e-01   4.5461227e-01   3.2862461e-01   5.7362645e-01   1.7840755e-01   5.6072687e-01   9.5758243e-01   9.3981132e-01   8.0437709e-01   2.9247997e-01   8.5558011e-01   7.7390649e-01   5.4948866e-01   2.6057702e-01   8.9174485e-01   4.9275856e-01   7.2100717e-01   3.3679825e-02   1.6544084e-01   5.1385813e-01   3.8205542e-01   1.7549915e-01   8.8565569e-01   3.9333833e-01   4.7899474e-01   5.0821798e-01   4.5022351e-01   8.1180812e-01   7.6350968e-01   3.2007781e-01   2.6955918e-01   5.1778714e-01   7.1866316e-01   4.0847414e-03   9.2354287e-01   4.4708523e-01   2.0979274e-01   8.4776581e-01   8.6086059e-01   5.9307805e-01   9.6055908e-01   5.6670693e-02   2.2799841e-01   8.8293994e-01   6.0485126e-01   3.9378467e-01   9.1689207e-01   1.2934816e-01   5.0990102e-01   3.0146981e-01   4.0206193e-01   7.0414259e-01   7.9360246e-01   6.7074266e-01   8.4164000e-01   4.8341838e-01   3.3004477e-01   4.7487567e-01   6.1994271e-01   8.4209695e-02   5.4952918e-02   4.0003194e-01   1.4556071e-01   3.3031312e-01   5.7734423e-01   9.7456848e-01   5.9329335e-02
   4.4993915e-01   2.9333756e-02   6.6885265e-01   9.3913536e-01   6.2885908e-01   7.5453952e-01   7.4076116e-01   5.3929260e-02   5.2536918e-01   4.2678106e-01   2.2948969e-01   6.6410751e-01   3.0794174e-01   7.0535879e-01   7.9247107e-01   3.5661180e-01   0.0000000e+00   5.7037093e-01   7.3637044e-01   4.7676241e-01   8.4039867e-01   4.2192541e-01   7.8227933e-01   7.7970449e-01   3.2284259e-01   1.8143312e-02   5.9020404e-01   7.5120426e-01   6.9452301e-02   5.2622130e-01   6.7107471e-01   9.4985249e-01   5.0453558e-01   9.9278983e-01   6.8469343e-01   6.3319636e-01   6.5773454e-01   4.9864959e-01   4.5556040e-01   6.7282019e-01   9.3982317e-01   1.4597849e-02   1.1537758e-01   3.0588940e-01   5.5044084e-01   4.5571512e-02   1.9150895e-01   8.7127212e-01   5.2310767e-01   1.8576264e-01   1.4108793e-01   4.0601686e-01   8.0176525e-01   9.6002559e-01   4.3499146e-01   2.6206765e-01   4.8289540e-01   5.7006985e-01   9.3546052e-01   3.5021748e-01   8.6475744e-01   9.7060321e-01   3.7333984e-01   7.7258477e-02   6.4044416e-01   4.9282286e-01   9.2081061e-01   5.5219125e-01   3.7485857e-01   4.5900397e-01   8.4983427e-01   4.6385953e-01   3.6559022e-02   4.8205930e-01   7.0652835e-01   6.2041646e-01   7.4998705e-01   8.9686758e-01   4.1941226e-01   3.0210765e-01   5.2875337e-01   2.0489424e-01   8.2093977e-02   4.0088548e-01   3.3176914e-01   8.3443003e-01   7.0698650e-01   2.2543048e-01   3.1286099e-01   2.3953119e-01   6.5379816e-01   3.6726301e-02   8.5246129e-01   9.2735545e-01   3.3873748e-02   6.7380393e-01   4.2052431e-01   7.0155188e-01   7.3906079e-01   9.7052614e-01   3.8441129e-01
   8.9475253e-01   7.4950645e-01   6.9748035e-01   4.4200724e-01   5.1911047e-01   5.6780033e-02   3.3446426e-01   8.9627062e-01   6.9987237e-01   7.6989978e-01   3.0470753e-01   2.3996123e-01   5.1283151e-01   2.8500981e-01   7.9515887e-01   2.5379837e-01   3.0371309e-01   0.0000000e+00   7.6798874e-01   1.1150288e-01   4.7846085e-01   3.7184583e-01   8.8911477e-01   8.5715259e-01   6.8929871e-01   5.3106278e-01   3.6493382e-01   1.4462567e-01   2.0648166e-01   4.0889853e-01   9.7465678e-01   5.8732914e-01   7.7239690e-01   3.9201303e-01   8.9902161e-01   6.0793449e-01   5.0514073e-01   3.3950467e-02   3.6185590e-01   3.3649948e-01   4.4341803e-01   5.8882440e-01   1.3040606e-01   1.2407754e-02   4.3187825e-01   6.6931835e-01   5.3692442e-01   7.4083480e-01   2.1088982e-01   1.8736815e-01   3.2986249e-01   5.3435850e-01   7.7785491e-01   5.7684598e-01   1.9799919e-01   1.6794446e-01   8.8965478e-01   6.7279074e-01   7.7399551e-01   1.5012314e-01   5.3118617e-02   9.5000119e-01   5.1944669e-01   5.5473883e-01   7.7556921e-02   5.2043816e-01   9.5225907e-01   6.4874978e-01   5.8696633e-01   2.9892780e-01   1.7208047e-02   2.7209152e-01   3.9335701e-01   2.6738633e-02   4.0602389e-01   9.1380208e-01   3.6934816e-01   1.9958629e-01   9.5919975e-01   7.7569221e-01   9.8197476e-01   1.9429071e-01   5.4025754e-01   9.3653058e-01   1.6993781e-03   7.6713496e-01   4.7857446e-01   9.3418243e-01   2.2613498e-01   5.8183957e-01   4.7228312e-01   1.8228901e-01   3.3449157e-01   3.5364986e-01   7.5751176e-02   5.8775924e-01   8.3974107e-01   1.6342790e-01   3.6223425e-02   1.6367954e-01   6.5060920e-02
   7.4992921e-01   9.9087280e-01   4.8500041e-01   1.4995182e-01   9.0672479e-01   3.2405710e-01   6.7747229e-01   2.2851922e-01   8.2469017e-01   7.2679604e-01   1.5964122e-01   9.3875714e-01   6.5983560e-01   1.0358017e-01   4.2113559e-01   6.1938004e-01   5.3972423e-01   3.4432452e-01   0.0000000e+00   1.2329964e-01   5.4286851e-01   1.5993120e-01   3.2791308e-01   1.8877189e-01   4.9632973e-01   4.0102808e-01   5.3600971e-01   6.1075633e-01   3.4380199e-01   1.5764103e-01   2.1544215e-01   1.5558821e-01   8.9831599e-01   7.1691213e-01   4.5066406e-01   9.4165276e-02   8.3304484e-01   8.0047112e-01   4.4395551e-01   9.7537642e-01   7.9958064e-02   5.3784053e-01   7.8451776e-01   8.8397487e-01   8.9139928e-01   3.7822644e-01   3.9201161e-01   2.2336675e-01   8.6328732e-01   8.6509512e-01   6.4730208e-01   2.7634931e-01   6.7886340e-01   2.6436312e-01   8.3538936e-01   2.3169430e-01   7.2022397e-01   6.0769557e-01   7.4154021e-01   6.1532690e-01   8.0498461e-02   3.9339231e-01   9.5309085e-01   7.7579665e-01   6.5528424e-01   6.5981452e-01   1.0375922e-01   1.5785036e-01   4.5393891e-01   2.4469362e-01   4.6921335e-01   6.4999456e-01   7.8879598e-01   3.0614953e-01   8.7660830e-01   7.4285002e-02   8.9511567e-01   5.0331935e-01   3.4212663e-01   9.6723821e-01   8.3241876e-02   8.0750539e-01   6.9954502e-01   2.7732773e-01   6.1736895e-01   7.6930263e-01   1.7664500e-02   2.9040877e-01   3.5561627e-02   1.9062047e-01   5.7737362e-01   4.1408174e-01   7.4515672e-01   4.6214095e-01   9.1046422e-01   9.6348363e-01   5.5728444e-02   6.9314802e-01   2.0650743e-01   3.4887291e-01   7.4066338e-01
   1.6601089e-01   6.7767783e-01   3.4364530e-01   4.1899273e-01   4.4178041e-02   5.6225047e-01   2.4230495e-01   6.5188951e-01   5.7885642e-01   5.6664485e-01   4.4031898e-01   4.3525808e-01   7.0821749e-01   3.3579702e-01   6.3373604e-01   8.9606778e-01   5.4839678e-01   9.1013213e-01   8.7428911e-01   0.0000000e+00   9.6205939e-01   6.3780238e-01   9.6413123e-03   4.3068616e-01   7.9466361e-01   2.4469234e-01   7.4857019e-02   5.1267065e-01   2.9469244e-01   6.7058076e-01   2.7619034e-01   1.2373749e-01   2.7688969e-01   8.2632950e-02   8.9264481e-01   4.4196855e-01   3.4565401e-01   8.8466598e-01   4.6409870e-01   8.7020282e-01   3.6932127e-01   1.9745552e-01   8.5936228e-01   7.8461986e-01   8.5005023e-02   1.1867576e-03   8.6284131e-02   7.4059950e-01   2.9201898e-01   6.4854339e-01   9.5003223e-02   2.0965777e-01   4.2992178e-01   9.0571929e-01   6.1499450e-01   6.0727513e-01   2.2271710e-01   4.7751709e-01   2.4848803e-01   9.8526066e-01   7.1307235e-01   9.9257495e-01   6.2117533e-01   4.5579875e-01   6.0568646e-01   2.9230626e-01   1.9418418e-01   1.2721295e-01   5.2066549e-01   5.4249184e-01   3.8094876e-01   6.6762536e-01   8.9723325e-01   9.9544390e-01   1.7706978e-01   4.7150665e-01   5.3490385e-01   5.2679229e-01   8.6692620e-01   1.3847623e-01   4.5686165e-02   9.4609173e-01   6.2360401e-02   3.4451382e-01   4.4689576e-01   3.5921392e-01   2.9643887e-01   5.3958012e-01   3.3983772e-01   4.7160727e-02   9.1332953e-03   7.0272905e-01   6.0374727e-01   6.7357583e-01   8.0221847e-01   4.6336421e-01   3.0798500e-01   6.7553386e-01   8.2017039e-01   7.4675692e-01   3.0505697e-03
   8.4392403e-01   9.4683508e-01   9.5769060e-01   9.2079939e-01   9.3578811e-01   2.7942429e-01   6.9640029e-01   7.0799470e-01   2.3658315e-01   6.8583876e-01   6.7207059e-01   5.7097916e-01   6.3496263e-01   5.7744038e-01   9.5983688e-01   4.4752947e-01   6.5394775e-01   1.8042443e-01   4.1835746e-01   6.5561777e-01   0.0000000e+00   3.1815344e-01   1.5001078e-01   2.5301962e-01   9.1023801e-01   1.5916675e-01   3.5777149e-01   2.0765150e-01   5.9758290e-01   9.7526433e-01   9.7688842e-01   7.8246381e-01   6.2593692e-02   7.2850281e-02   2.3293826e-01   7.9345829e-01   2.5786636e-01   5.6021175e-01   3.6965223e-01   8.2882121e-01   4.8372097e-02   5.4154854e-02   1.4658324e-01   3.7829142e-01   6.1565882e-01   7.2114097e-01   4.1068758e-01   4.1765243e-01   9.2986838e-01   9.9925192e-01   6.3922432e-01   4.8260405e-01   3.6959077e-01   9.6103052e-01   1.3856979e-01   2.1866398e-02   6.4502841e-01   8.3384613e-01   3.1413042e-01   2.1816949e-01   9.4553619e-01   3.7721743e-01   5.1823832e-01   7.4713934e-01   4.1808406e-01   9.4876761e-01   5.7945623e-02   7.9813224e-01   2.6509538e-02   2.6529545e-01   3.3430755e-01   8.6101029e-01   5.9605611e-01   1.6221418e-01   9.4985501e-01   3.6054596e-01   2.5245902e-02   5.8680734e-01   1.0996062e-01   2.7085423e-01   9.1046607e-01   2.3453361e-01   2.2511110e-01   5.4032076e-01   4.4365666e-01   4.2358361e-01   3.7315790e-01   2.6617047e-01   5.0038826e-01   6.8385650e-01   1.7026261e-01   4.4926067e-01   1.7102218e-01   8.4621634e-01   2.4383077e-01   1.4281654e-01   5.5942696e-01   7.1132369e-01   1.4034198e-01   2.9836136e-01   3.2619153e-01
   1.5970854e-01   6.0454688e-01   7.6079212e-01   4.1610939e-01   3.0115715e-01   6.0348914e-01   2.3536472e-01   4.0814512e-01   4.2625020e-01   3.4359023e-01   7.4706891e-03   4.7043476e-01   4.8580114e-01   7.7102705e-01   5.1593377e-01   6.3123565e-01   2.9226236e-01   3.0420779e-01   3.9066346e-01   6.1165035e-01   2.6691263e-01   0.0000000e+00   7.1971150e-01   4.1148316e-01   7.6778174e-01   4.6215802e-01   6.2921809e-01   1.1266313e-01   9.6916159e-01   8.1801585e-01   2.7602202e-01   3.0471639e-01   9.2518390e-01   3.9673303e-01   8.4072590e-01   7.9698408e-01   3.8292888e-01   2.0160172e-01   1.2072588e-01   9.4804664e-01   3.9771095e-01   1.4772194e-01   6.5435135e-01   6.3665872e-01   3.6071301e-01   4.3918159e-01   2.6004432e-01   3.0187595e-01   9.2935480e-01   2.5074216e-01   6.1557240e-01   2.5189390e-01   9.0952237e-01   7.2281876e-01   4.5622477e-01   5.7597169e-01   2.6978979e-01   4.1146229e-01   3.4896226e-01   5.2022324e-01   5.0428024e-01   8.6273587e-02   4.8765478e-01   5.5805912e-01   4.8256230e-01   5.4181653e-01   5.4335282e-01   9.8516738e-01   3.6071275e-01   8.5228736e-01   6.1825030e-01   1.6869385e-02   6.2793446e-01   2.9494676e-01   6.7621288e-01   3.0559308e-01   7.0817463e-01   9.0653816e-01   5.8533450e-03   9.2172789e-01   5.6880868e-01   5.1728124e-01   1.1093531e-01   5.0138553e-01   2.1147942e-01   8.0314901e-01   8.7551606e-01   2.9404742e-01   7.9530585e-01   2.4353965e-02   4.5105975e-01   4.1421822e-01   7.0759264e-01   3.6680512e-01   8.7712219e-01   6.3090768e-01   1.0032416e-01   2.5828668e-02   3.6107313e-01   6.0870326e-01   6.7588083e-01
   8.7774911e-02   7.6948573e-01   7.3001250e-01   5.5774511e-01   4.6834384e-01   1.2605373e-01   6.0902747e-01   2.0883965e-01   9.8711875e-01   6.6526522e-01   8.7812200e-01   8.7484299e-01   1.6973675e-01   5.3135584e-01   1.4142012e-01   5.1136042e-01   3.7822877e-01   7.2943470e-01   8.6990011e-01   2.7063968e-01   8.5185015e-01   1.2619074e-01   0.0000000e+00   7.3425353e-01   8.7508494e-02   7.3826144e-01   5.0167267e-01   2.5146227e-01   2.3421052e-01   8.7545623e-01   4.8398369e-01   7.2072685e-01   8.4465148e-01   3.6327673e-01   5.4922108e-02   2.5832091e-01   3.9067515e-01   5.3980450e-01   1.5684989e-01   2.6048980e-01   4.6241594e-01   1.2649188e-02   5.1861307e-01   8.0832900e-01   7.0280754e-01   8.8784286e-01   1.9247521e-01   9.1421939e-02   3.8151554e-01   9.9332936e-01   2.9993081e-01   6.5605242e-01   6.2322484e-01   9.2540038e-01   8.0725030e-01   2.3560852e-01   6.7356615e-01   3.8896651e-01   8.3918312e-01   7.8077531e-01   9.1563991e-02   2.7259817e-01   5.5691319e-01   9.2033949e-01   3.3044819e-01   4.3448869e-01   5.9593152e-01   7.8311839e-01   8.9578865e-01   1.4753932e-01   3.1476257e-01   1.8211441e-01   3.7757918e-01   1.6028483e-01   5.0999385e-01   1.7437018e-01   4.7923722e-01   7.7756983e-01   5.8753096e-01   7.7880768e-01   4.4118523e-01   6.1932815e-01   8.7269115e-01   1.6417289e-01   8.6190600e-01   2.5143336e-01   1.9549922e-01   9.4071235e-01   3.3158288e-01   7.1368547e-01   7.2900660e-01   2.4706361e-01   2.1144119e-01   5.8567350e-01   8.5783438e-01   9.8350504e-01   3.0161376e-01   1.1163047e-01   3.2357332e-01   8.6205073e-01   8.0513428e-02
   6.7366831e-01   6.5327732e-01   6.3333712e-01   1.4157643e-01   1.1330340e-01   3.4043944e-01   4.9633884e-01   8.5335244e-01   1.4055369e-01   3.2166249e-01   9.5111125e-02   8.5357059e-01   1.4077521e-01   5.6980619e-01   2.6469685e-01   2.8118925e-01   7.9337134e-01   7.5751452e-02   4.0551105e-02   4.7482057e-01   2.5512452e-02   2.6169367e-01   5.3384996e-01   0.0000000e+00   3.3123622e-01   9.2432936e-01   5.9716340e-01   1.0988729e-01   4.4952348e-01   1.4325076e-01   7.7568063e-01   1.1830688e-01   5.8035072e-01   7.7629679e-01   7.4437045e-01   8.1173049e-01   2.3597376e-01   5.3445682e-01   9.1057329e-01   6.4110255e-01   6.1343822e-01   6.0018745e-01   5.4186645e-03   6.5940556e-02   6.7102998e-01   5.6720533e-01   3.5352764e-01   7.8942949e-01   3.6658131e-02   7.8536981e-01   4.5270968e-02   7.3165034e-01   3.5799919e-01   2.7194602e-01   4.4526769e-01   4.1862226e-01   9.5159410e-01   9.3899953e-01   7.5789914e-01   1.3601475e-01   7.6092636e-02   9.9904884e-01   9.1035404e-01   8.2871695e-02   5.9114902e-01   4.8910228e-01   1.1046153e-01   2.9550779e-01   5.5502763e-01   9.5367315e-01   5.8791810e-01   8.4167483e-01   1.7958046e-01   6.7736725e-02   7.2394121e-01   3.5066876e-01   7.4093368e-01   6.7161329e-01   3.6918771e-01   6.8038975e-01   3.8806200e-01   1.5758175e-01   6.6531425e-01   9.3212671e-01   5.7578246e-01   7.7505690e-01   5.7646783e-01   1.2511190e-01   4.9097426e-01   4.7019900e-01   5.3635904e-02   5.6910922e-01   9.5326146e-01   1.7851896e-01   6.5480373e-02   6.7980606e-01   2.5780547e-01   8.0292597e-01   3.1516150e-02   2.8506766e-01   7.2090516e-01
   6.5995440e-01   2.8457069e-01   4.4796042e-01   7.7541262e-01   5.1445933e-01   5.6215203e-01   2.9262302e-01   7.8836921e-01   4.3795372e-01   9.7176250e-02   3.9750238e-01   2.7959043e-01   9.4293950e-01   9.6213928e-03   7.7655006e-02   5.5288309e-01   4.9140342e-01   8.3094714e-02   8.9514856e-01   2.3637185e-01   5.3142790e-01   9.1947209e-01   8.7301299e-01   8.2428410e-03   0.0000000e+00   9.1186599e-01   6.2385194e-01   9.9904628e-01   2.3864264e-01   8.6621229e-01   2.8966276e-01   1.3172405e-01   8.7590288e-01   8.6346353e-01   6.3413237e-01   9.5628536e-01   9.8328508e-01   1.5552062e-01   2.2483853e-01   6.9762182e-02   3.5604790e-01   5.5495396e-01   6.9640793e-01   8.7168557e-01   9.9629059e-01   8.9319896e-01   1.5677201e-01   8.7486243e-01   6.1199381e-01   5.3967782e-01   2.4373370e-01   1.2644573e-01   3.9725255e-01   4.7564608e-01   3.5037460e-01   6.3834453e-01   5.9325772e-01   8.9358822e-01   4.5330579e-01   9.6254411e-01   2.0533734e-01   5.2318504e-01   4.1859619e-01   9.3469661e-01   9.8497520e-01   6.2284198e-01   1.3189307e-01   3.8269079e-01   9.5806484e-01   7.3392834e-03   1.7588207e-01   5.6967754e-01   7.4100409e-01   3.8010941e-01   1.6576689e-01   9.4360095e-01   1.6546669e-01   6.4770044e-02   5.1505290e-01   9.3166930e-01   4.3566303e-01   5.3760401e-01   5.6208400e-01   2.4134925e-02   5.1975588e-01   4.7171385e-01   7.8571407e-01   3.4001124e-01   1.0735462e-01   5.7843382e-01   9.6140719e-02   7.2490612e-01   2.1735872e-01   8.8631171e-01   4.3796183e-01   2.3790566e-01   5.7063869e-01   8.4075516e-01   2.9426087e-01   7.3060947e-01   9.4214296e-01
   5.6417962e-01   6.3023135e-01   4.8130623e-01   9.4451039e-01   9.8034419e-01   3.2690001e-01   2.4357462e-01   2.2723264e-01   7.1279772e-01   6.2024836e-02   6.8424830e-01   4.4039499e-01   1.1442395e-01   1.3845851e-01   2.0008290e-01   5.8495660e-01   9.3710044e-01   7.2776496e-01   9.8675270e-01   1.0207189e-01   1.9312909e-01   2.7461716e-01   7.9009633e-02   7.0391925e-01   6.2302041e-01   0.0000000e+00   7.7751174e-01   4.5491898e-01   9.9448072e-01   6.3990711e-01   8.5198270e-01   9.9143161e-01   3.9422539e-01   2.0827824e-01   2.2390639e-01   8.8685732e-01   7.0754709e-01   3.4872762e-01   6.5614554e-01   4.5993733e-01   7.9359909e-01   5.9647682e-01   7.6403972e-01   9.4992060e-01   2.0304698e-01   5.2107737e-01   5.5373350e-01   1.0872257e-01   5.9645339e-01   3.7993518e-01   5.3203429e-02   5.1888360e-01   7.7074156e-01   9.5149423e-01   8.2313007e-01   7.5211092e-02   2.9856544e-01   5.5022022e-01   2.0335968e-01   8.2479648e-01   9.7202984e-01   2.8254485e-01   9.1843308e-01   2.5329048e-01   4.8800473e-01   5.0036610e-01   2.5996798e-01   5.6237927e-01   8.0478424e-02   8.1011456e-01   5.0635172e-01   5.6086853e-01   7.7708933e-01   2.5123707e-01   1.9649810e-01   1.7438680e-02   3.2770785e-01   5.0275135e-01   7.6835007e-01   2.3979503e-01   1.8338107e-02   8.9371729e-01   2.8890350e-01   3.7742064e-01   1.9475477e-01   5.2124101e-02   6.4180550e-01   4.3355699e-01   5.8526402e-01   3.5591261e-01   4.9615063e-01   4.5035408e-01   6.7817095e-02   9.1824112e-02   6.2376375e-01   9.4584191e-01   9.0175983e-01   8.2116889e-01   9.7363060e-01   2.7079503e-01   5.5557879e-01
   7.3076831e-01   6.8709849e-01   8.3033964e-02   7.9275300e-01   7.2238232e-01   5.1397962e-01   1.1456281e-01   2.7211626e-01   2.7846366e-02   4.5214024e-01   1.5334084e-01   3.5040382e-01   8.4249414e-01   5.0452359e-01   5.1474127e-01   9.2787565e-01   7.4843763e-01   2.3346779e-01   7.2311350e-02   9.4753959e-01   2.9247578e-01   7.2336024e-01   7.0071221e-03   2.3683647e-01   2.9940663e-01   8.7543435e-01   0.0000000e+00   8.7942497e-01   7.9518382e-01   6.7148555e-01   9.4575992e-01   1.6959684e-01   2.6765090e-01   4.1098187e-01   9.7163770e-01   1.8629589e-01   3.0465711e-01   4.2086447e-02   8.8464519e-01   1.2534120e-01   9.9371481e-01   2.2463033e-01   5.0482767e-01   1.3071777e-01   4.8589104e-01   6.4306995e-01   2.0277558e-01   2.8945159e-01   1.2427035e-01   8.9846195e-01   2.3310319e-01   8.2853994e-01   6.7442500e-01   5.3808429e-01   8.0276878e-01   6.5157424e-03   3.7079560e-01   5.8429929e-01   9.9961797e-03   9.2983178e-01   6.1702292e-01   4.3422490e-01   1.8007913e-01   9.8228041e-01   1.4384177e-01   3.4049002e-01   8.2609037e-01   6.8523465e-01   4.1054618e-01   6.0532783e-01   1.7847887e-01   5.2154496e-01   5.5461525e-01   4.0806020e-01   5.7474363e-01   3.4902325e-01   7.0590542e-01   7.5803027e-02   2.9024325e-01   7.6908155e-01   5.4221151e-01   4.7058800e-01   5.6925528e-01   3.9416951e-01   2.1070971e-01   7.3748658e-01   9.6930072e-02   7.1484540e-01   7.5521119e-01   5.3296260e-01   7.5075823e-01   3.3805686e-01   5.1814849e-01   4.9375565e-01   5.0462470e-02   4.3526077e-01   7.8918182e-01   6.7815229e-01   1.5596170e-01   7.8136004e-01   3.7925374e-01
   7.5243170e-01   1.9021397e-01   4.9727822e-01   4.7695611e-01   5.3468569e-02   5.2422693e-01   4.5798505e-01   9.1320956e-01   7.4870128e-01   6.3666158e-01   7.7866656e-01   8.7088531e-02   5.3625966e-01   7.4140493e-01   7.0670595e-01   3.5271911e-01   5.7982185e-01   4.0143820e-01   3.2820578e-01   8.3192399e-01   9.9059888e-01   8.3571002e-01   6.3903417e-01   6.4386071e-01   8.1659149e-02   6.0621638e-01   9.0847939e-02   0.0000000e+00   8.4499796e-01   8.0837098e-01   5.9563457e-01   7.0582864e-01   6.9659143e-01   5.3338115e-01   7.1123889e-01   1.1607929e-01   1.8865070e-01   6.3969973e-01   3.3334568e-01   4.9209816e-02   8.9617597e-01   8.2461654e-01   9.1000157e-01   6.1028730e-01   6.6182981e-02   1.0030990e-01   2.6309904e-01   7.4126860e-01   9.3349824e-01   3.9949682e-01   6.7745771e-01   4.2329931e-01   5.1978217e-01   5.4205244e-01   1.8610878e-01   1.9287253e-01   9.5856126e-01   9.1959040e-01   5.6747556e-01   5.4949684e-01   5.9394354e-04   2.9897408e-01   9.4079026e-01   5.1365588e-01   2.8459833e-01   5.4517756e-01   3.8118734e-01   4.2186854e-01   4.3170720e-01   3.5425916e-01   4.0181281e-01   2.5785854e-01   8.4748664e-01   8.6082271e-01   9.9687404e-01   2.3318694e-01   5.8333974e-02   5.5021973e-01   9.7165540e-01   2.0090038e-01   4.7591970e-01   4.3900573e-01   7.4029421e-01   1.2750698e-01   2.6377033e-01   5.9417923e-01   3.3860263e-01   2.3085116e-01   5.3768395e-01   8.8417627e-01   3.0329679e-01   9.0059134e-01   4.2438511e-01   3.0471298e-01   1.7378956e-01   8.8210542e-01   9.5896378e-01   8.5626169e-01   4.8888822e-01   9.4014578e-01   3.4049303e-02
   7.4110873e-02   3.3959218e-01   2.1499289e-01   5.6815086e-01   7.5537788e-01   6.9683255e-01   1.9010571e-01   5.8939526e-02   4.3372880e-01   3.1387759e-02   1.2303808e-01   8.9601295e-01   4.9872122e-01   1.1478773e-02   7.4785796e-01   3.4631242e-01   1.9913909e-01   9.1029428e-01   5.5535386e-01   4.4214584e-01   6.7755796e-01   1.5019258e-01   8.4168567e-01   3.5525360e-01   8.6757033e-01   4.5210841e-01   2.4963500e-01   5.3000189e-01   0.0000000e+00   8.2232286e-01   6.6421648e-01   6.1637471e-01   3.6111905e-01   9.0619104e-02   7.8152796e-02   2.6548054e-01   3.9593861e-01   9.7511127e-01   4.5957837e-01   8.8472214e-01   1.2639799e-01   2.9147206e-01   1.5273395e-01   1.4627121e-01   1.5804048e-01   4.2735396e-01   2.0463245e-03   3.2528045e-01   5.9463618e-02   4.4870668e-02   3.1196840e-01   1.2040976e-01   6.1100378e-01   4.0225957e-01   4.5886798e-01   3.4751821e-01   5.5759775e-01   3.7749017e-01   5.5256673e-01   4.6857719e-01   7.7314892e-01   6.8149297e-01   3.4483512e-01   3.1745287e-01   8.2442994e-01   6.2506652e-02   3.8979439e-01   1.9757548e-01   4.3149450e-01   6.2048800e-01   4.1827349e-01   8.1837624e-01   5.5452680e-01   5.5250974e-01   8.1988358e-01   5.6422664e-01   5.8311697e-01   5.3257013e-01   4.3780507e-01   4.4898150e-02   3.1977251e-01   7.9788581e-01   4.7803523e-01   3.2793796e-01   8.3567229e-01   7.3292377e-01   9.7357839e-01   8.1909097e-01   2.0938279e-01   7.7210012e-01   7.6688572e-01   7.2087232e-01   8.5484488e-01   1.1316477e-01   7.7502789e-01   3.9082493e-01   7.0922231e-01   8.0092803e-01   6.3073801e-01   3.3479420e-01   5.9547946e-01
   6.4096728e-01   9.7572173e-01   5.6162006e-01   8.8410539e-01   5.9768588e-01   1.8300753e-01   5.0840987e-02   7.9843900e-01   8.1708186e-01   3.6009352e-01   2.8986391e-01   5.4520644e-01   5.3723076e-01   9.0251491e-01   8.8418287e-01   1.1609693e-01   5.8191876e-01   5.5897116e-02   2.0735570e-01   4.8751636e-01   6.8593131e-01   1.4208395e-02   6.6983075e-01   4.3121628e-01   7.3430799e-01   3.1939000e-01   7.1020829e-01   7.1779520e-01   2.9314667e-01   0.0000000e+00   2.6908395e-01   6.2780509e-01   7.6338293e-01   8.6387315e-01   7.1944315e-01   9.5259808e-01   7.8526892e-01   5.0116304e-01   8.5166546e-01   5.8031544e-01   4.5527820e-01   6.7248225e-02   2.2217886e-01   9.0837618e-01   8.5322130e-01   2.9458536e-02   8.1556464e-01   3.9598347e-01   6.0028683e-01   3.8765016e-02   3.3572530e-02   7.4472573e-01   3.1511390e-01   1.8230447e-01   7.6108263e-01   8.3434604e-01   4.8067040e-01   5.9221981e-01   7.7370840e-01   9.4252304e-02   7.1387105e-02   5.4147537e-01   7.2130155e-01   5.9208143e-01   8.5788065e-01   5.3512499e-01   2.9738054e-01   7.8049960e-01   6.1560068e-01   5.5623106e-01   9.4260611e-01   1.4529074e-01   7.8878634e-01   8.0976880e-01   2.8715369e-01   6.1802986e-01   2.1253738e-02   2.5777754e-01   6.5288261e-01   4.8761414e-01   4.8487744e-01   6.8452052e-01   4.7351454e-01   7.8907279e-01   4.2178842e-02   9.1055798e-01   1.3120134e-01   4.4510031e-01   9.5641369e-01   5.3741801e-02   3.6458558e-01   6.6766953e-01   6.4540910e-02   4.2554686e-01   5.0370538e-01   6.4121605e-01   5.1921915e-01   7.2961255e-01   5.5966168e-01   8.4035382e-01   3.6902511e-01
   1.3719833e-01   1.3322260e-01   2.3818951e-01   6.1895022e-01   7.4244679e-01   1.4867644e-01   1.1211698e-01   8.3545888e-01   7.9723343e-01   1.7512907e-01   6.5194210e-01   9.7174657e-01   9.8557454e-01   6.0848973e-01   5.0368113e-01   7.6391199e-01   5.3941673e-01   2.3775599e-01   6.1089365e-01   2.3405883e-01   8.7065412e-01   8.2356515e-01   2.0275095e-01   8.2666722e-01   2.3972447e-02   8.4531183e-02   6.9102354e-01   1.6924096e-01   9.6824932e-01   6.5393019e-01   0.0000000e+00   1.9991811e-02   3.3170621e-01   1.7960433e-01   4.1311201e-01   9.2818147e-02   2.2743003e-01   7.7509915e-01   8.8471039e-01   2.2747596e-01   2.6298765e-02   2.6429627e-01   9.2812938e-03   6.6359664e-01   1.9368372e-02   7.1081662e-01   1.1323726e-01   5.3277616e-01   4.2963872e-01   3.8196658e-01   7.5628177e-01   5.6892675e-01   2.8833321e-01   1.3314296e-01   3.5102151e-01   3.9295737e-01   8.1047927e-01   5.5691363e-01   6.4020276e-01   4.9346029e-01   7.5872730e-01   2.6619455e-01   8.6837460e-01   7.3905798e-01   2.8277369e-01   6.4753122e-01   3.5627182e-02   6.2560525e-01   4.7177792e-01   5.9038497e-01   9.4053256e-01   1.3257356e-01   2.6013541e-01   1.8319707e-01   7.5506300e-02   1.1011886e-01   3.8509994e-01   1.0615556e-01   8.8448437e-01   3.4076454e-01   3.1449281e-01   6.5465993e-01   8.0187327e-01   7.8077085e-01   1.6633719e-01   2.0373324e-01   2.4425037e-02   6.7041761e-01   1.2980861e-01   8.2053235e-01   6.2847097e-01   2.9525270e-02   8.6198645e-01   2.6282896e-01   4.5747600e-01   5.7287656e-01   1.8193325e-01   7.4078352e-01   4.4794352e-01   1.7478144e-01   9.7899006e-01
   7.2160691e-01   8.0269388e-01   3.8732003e-01   7.6973139e-01   1.7474143e-01   7.1551685e-01   8.8140132e-01   3.4721593e-01   4.5598758e-01   2.1452907e-01   9.4146028e-01   7.2759622e-01   3.3053306e-01   5.5740525e-01   4.1427186e-01   6.5518045e-01   1.9819894e-01   1.1677430e-01   9.8091598e-01   5.0735198e-01   2.5287240e-01   5.4380225e-01   6.6369130e-01   1.6335077e-01   7.6018078e-01   9.2666111e-01   2.2381434e-01   1.5481186e-01   9.8632786e-01   8.6245140e-01   8.6947245e-01   0.0000000e+00   3.7314603e-01   8.4474912e-02   9.4460155e-01   6.5984839e-01   6.7314028e-01   1.2454635e-01   5.5247475e-01   7.1726930e-01   9.7622161e-01   8.9416521e-01   8.1074211e-01   8.6912292e-02   1.8175285e-01   6.7328311e-01   1.6341635e-01   5.2577286e-01   8.0326111e-01   9.7533190e-01   1.5242802e-01   9.2344447e-01   8.0603141e-01   2.4012105e-01   8.6412697e-02   5.5793698e-01   8.3797775e-01   9.4568996e-01   7.2569843e-01   1.6221820e-01   4.3253995e-01   8.3049593e-01   1.4359393e-01   1.8864996e-01   4.4424210e-01   5.3112186e-01   4.5717359e-01   7.9589227e-01   2.5864304e-01   5.6569885e-01   7.7271937e-01   5.0886834e-01   7.1883640e-01   6.7264754e-01   5.4785986e-01   5.6395175e-01   5.9347166e-01   7.7232052e-01   2.5733415e-01   4.1025758e-01   8.0209315e-02   5.2915808e-01   1.6589754e-01   7.9356002e-01   6.5206384e-01   6.7454036e-01   1.1008991e-01   4.5665914e-01   6.3420198e-01   6.2108057e-01   1.6521303e-01   1.6888948e-01   8.1360911e-01   6.2778927e-01   4.2132177e-01   4.5388066e-01   6.6035961e-01   5.8487392e-02   4.0943625e-01   3.9978832e-01   4.0575341e-01
   2.8631007e-01   8.0740913e-01   7.9740933e-01   1.1547279e-01   9.5397152e-01   5.8790105e-01   9.8455335e-01   1.4422919e-01   4.1730731e-01   8.2927773e-01   6.6107081e-01   9.7037058e-02   3.1940818e-01   9.3796447e-01   7.2374001e-01   2.0434378e-01   7.8061122e-01   7.8570557e-01   9.6415977e-01   8.3429525e-01   2.6619715e-02   9.2704672e-01   2.7713712e-01   3.3660038e-01   6.3200228e-01   4.2509442e-01   1.5515547e-01   5.0256698e-01   2.0327551e-01   5.7464680e-01   2.4189905e-01   8.2933380e-02   0.0000000e+00   1.2296376e-01   1.6269962e-01   6.8061840e-02   3.9715960e-01   4.4675699e-01   8.1184177e-01   9.3445048e-01   6.8897469e-01   3.4280807e-01   9.3437776e-01   7.3825764e-02   5.6658174e-01   8.4093636e-01   5.7582976e-01   7.6903982e-01   7.6309557e-01   2.0154399e-01   9.2392349e-01   7.4378457e-01   4.1558558e-01   6.7554731e-01   4.0571821e-01   9.8148468e-02   3.4355170e-02   9.1761517e-01   5.5795645e-01   4.8369321e-01   9.1477981e-01   1.6191029e-01   1.4877794e-01   3.8605783e-01   4.3321493e-01   2.9839017e-01   1.7304689e-01   2.7337007e-01   4.5856251e-01   4.5693739e-01   2.0506840e-01   2.0456685e-01   5.2268533e-01   1.9629211e-01   8.3580327e-01   7.5525356e-01   9.0489910e-02   4.2399359e-01   8.3430281e-01   3.1697709e-01   7.7817008e-01   8.3702999e-02   3.5469070e-02   6.9803303e-01   1.5390199e-01   3.4737413e-01   5.8813323e-01   3.4133854e-01   5.0252968e-01   7.0696625e-01   3.7316120e-01   7.4797638e-01   6.2218857e-01   8.3017794e-01   3.2090090e-01   5.4976522e-01   9.9933961e-01   1.0987998e-01   1.2877350e-01   1.0934038e-02   5.2047844e-01
   8.1920210e-01   8.7444681e-01   2.5909863e-03   1.8701984e-01   1.0854756e-01   1.4222134e-01   8.9910599e-01   7.7000375e-02   9.2486964e-01   4.6876247e-01   6.6308031e-01   7.5840386e-01   2.4918954e-01   5.1325546e-01   7.8363483e-01   5.0977307e-01   6.7042287e-01   7.4926878e-01   3.1654318e-01   6.4176374e-02   8.9544556e-01   8.0406739e-02   2.0443781e-01   7.5789711e-01   6.2570883e-01   5.3524644e-01   6.5265361e-01   6.8494969e-02   6.8435699e-01   6.3232810e-01   6.6341661e-01   8.8337845e-01   8.5614071e-01   0.0000000e+00   4.2903986e-01   9.0304972e-01   6.4830404e-01   5.5130174e-01   7.0712932e-01   4.2354845e-01   1.3492686e-01   1.4614189e-01   8.5448842e-02   9.0142632e-01   3.5398238e-01   8.7415064e-01   5.2798112e-01   9.4450244e-01   8.7378178e-01   6.6159767e-01   3.5218141e-01   7.2985896e-01   7.7926369e-01   5.5510797e-01   5.2914779e-01   1.3770927e-01   3.7765136e-01   6.4752869e-01   2.0627006e-01   8.9410816e-01   5.7642899e-01   8.0553100e-01   4.0935448e-01   6.0900776e-01   2.0868983e-01   4.9395878e-01   2.9590545e-01   4.4628058e-01   3.1178051e-01   2.4968946e-01   7.6216786e-01   2.1363462e-01   6.8348240e-01   4.3172795e-01   1.7082705e-02   3.3285003e-01   7.0914334e-01   8.1135312e-01   9.3801764e-01   7.6515386e-01   3.6079284e-01   6.5316185e-01   7.1332035e-01   6.3664801e-01   9.9118338e-01   5.5087965e-02   1.0428486e-01   1.8117732e-01   5.2817519e-01   5.9381182e-01   2.0960399e-01   6.5167407e-01   8.5732105e-01   2.0140046e-01   6.6290809e-01   7.7057300e-01   9.8746569e-02   9.7026369e-01   5.5702858e-01   9.8755138e-01   3.1820413e-01
   7.3680087e-01   6.2105998e-01   3.7843143e-01   2.9752276e-01   1.8568269e-01   5.5703945e-01   6.0025107e-01   7.9976520e-01   5.4832504e-01   5.2322799e-01   7.0348495e-01   9.0049194e-01   9.3500369e-01   8.1621411e-01   3.0976397e-01   5.5354342e-01   6.6120576e-02   3.5419376e-01   9.7941700e-01   9.2079233e-01   3.9955550e-01   3.5769697e-01   5.2132023e-01   7.2101659e-01   7.2663601e-01   2.4292951e-01   7.3843141e-01   9.0532220e-01   4.3941359e-01   3.0103351e-01   8.7190535e-01   1.3321209e-01   3.6352295e-01   5.9462517e-01   0.0000000e+00   9.5943823e-01   6.3530358e-02   4.7521364e-01   4.2381219e-01   4.3026278e-01   2.6342072e-01   6.3292416e-01   6.4840566e-01   1.9842670e-01   9.1192055e-01   6.2970487e-01   7.6968427e-01   7.8076036e-02   9.5043379e-01   7.1238347e-01   7.4248773e-01   4.4650162e-02   4.3068542e-01   3.6479196e-01   7.6912177e-01   9.3315631e-01   7.5658476e-01   3.0116936e-01   9.1735268e-01   1.9878378e-02   3.4025156e-01   1.7091866e-01   6.3689764e-01   5.6356924e-02   9.2117675e-01   5.8552240e-01   2.7935136e-01   3.9313339e-02   5.6496001e-01   6.2249397e-01   8.5670893e-01   1.8168523e-01   4.7422320e-01   4.8704156e-01   6.5164577e-01   7.7856928e-01   7.5973322e-01   9.4805524e-01   8.5719095e-01   3.6464034e-01   7.4796701e-01   3.2769045e-01   4.1380611e-01   7.5192698e-02   7.1945512e-01   8.4393190e-01   3.0152450e-02   4.0785889e-01   9.7035031e-01   4.0509315e-01   5.1748541e-03   9.8963726e-01   6.2594337e-01   6.2436164e-01   7.1532557e-01   9.0918705e-01   8.2021349e-01   1.9906986e-01   3.4260188e-01   2.8652155e-01   9.7684060e-01
   6.4367958e-01   9.3627231e-01   1.2456543e-01   8.1283578e-01   8.5919010e-01   2.8683011e-01   8.8780157e-01   9.9283714e-01   9.2680615e-02   9.3668336e-01   6.2302013e-01   5.4182341e-01   2.8074108e-02   6.4560541e-01   8.8316824e-01   1.0134854e-01   6.6639610e-02   9.1415045e-01   2.5551527e-01   7.6275234e-01   3.1311528e-01   2.0700929e-01   1.2807549e-01   4.1413644e-02   5.9916043e-01   5.5434077e-01   5.0365492e-01   5.8003001e-01   2.4837242e-01   3.8538005e-01   1.5837982e-01   7.1677120e-01   2.9086613e-01   8.8902242e-01   8.1999369e-01   0.0000000e+00   3.9937633e-01   2.9199713e-01   7.1298736e-02   6.1867500e-01   9.5582905e-01   6.4008181e-01   1.0507233e-01   2.1972759e-01   8.1504947e-01   3.5452205e-01   6.3699853e-01   8.8285459e-01   1.5303036e-01   1.4474665e-02   9.7262090e-01   8.0247845e-01   8.0408131e-01   3.8466735e-01   5.3789478e-01   6.6158096e-01   5.6087846e-01   5.9034519e-01   9.8440832e-01   1.5612518e-01   5.9137949e-01   2.1623542e-01   2.0765081e-01   5.4377801e-02   1.2973070e-01   6.4903480e-01   5.8490233e-01   8.1637780e-01   8.1675565e-01   8.1535655e-01   2.7817744e-01   1.6752374e-01   6.4958306e-01   6.9952460e-01   7.1399985e-01   8.7275070e-01   7.7750047e-01   1.2927227e-01   2.4203620e-01   4.5283491e-01   8.6718423e-01   3.2757919e-01   8.7630274e-01   2.3966114e-01   7.4513602e-02   3.9977272e-01   8.4115039e-01   4.8801308e-01   1.5169510e-01   8.1422776e-01   6.3993796e-01   6.0814332e-01   2.0235680e-01   3.7016240e-02   2.0919761e-01   2.0707873e-01   5.4196830e-01   1.5878503e-01   5.5124612e-01   1.1128626e-01   5.5573344e-01
   9.1805070e-01   2.2663448e-01   9.4500486e-01   4.0281400e-01   3.3037573e-01   6.8812732e-01   9.0534809e-01   2.2967083e-01   7.2818024e-01   6.9377612e-01   1.5425426e-01   1.4911381e-01   6.0819067e-01   4.9873267e-01   8.3466116e-01   9.8096984e-01   5.6342559e-01   9.5814027e-01   4.4630548e-01   2.1160021e-01   7.0631309e-01   6.4434490e-01   4.3102092e-01   1.5166140e-01   9.7602966e-01   7.3536979e-01   8.9088059e-02   7.3235596e-01   4.2919642e-01   4.9883571e-01   6.1677585e-01   2.1885304e-02   9.4429327e-01   4.7158309e-01   3.3676336e-01   8.6632292e-01   0.0000000e+00   5.8074303e-01   1.1618619e-01   6.7143462e-01   6.2908798e-01   9.0280904e-01   6.3512450e-01   6.7998026e-01   5.1138932e-01   6.0976871e-01   2.9446358e-01   7.6380320e-01   3.7979910e-01   4.4208637e-01   5.4409340e-01   5.8344836e-01   9.6985200e-02   5.5565872e-01   9.3623555e-01   7.1682873e-02   3.1540004e-01   2.9678311e-01   2.9760428e-01   7.5504209e-01   9.8267118e-01   2.1997699e-01   6.8647404e-01   7.6906332e-01   5.3407373e-01   4.4889975e-01   7.2146833e-02   2.6740285e-02   9.0838878e-01   9.6445171e-01   7.8971252e-01   2.0505037e-02   5.1363320e-01   5.2520599e-01   4.7463573e-01   1.0368198e-01   6.8348896e-01   6.0684245e-02   1.2195926e-01   9.4473454e-01   3.3073744e-01   2.0618779e-01   9.1262917e-01   4.0875208e-01   5.6023427e-01   4.8537413e-01   1.8704664e-01   7.4279424e-01   9.2161668e-01   8.0314216e-01   9.2041529e-01   5.9292094e-01   7.1520318e-01   9.8866272e-01   3.3298606e-01   4.1888835e-01   4.6286454e-01   2.9461819e-01   1.6896466e-02   9.4309385e-01   3.6782729e-01
   7.3703162e-01   4.2764768e-01   7.3981244e-01   5.1295146e-01   2.2432386e-01   6.4872423e-01   7.6267490e-01   7.1032267e-01   3.4315318e-01   5.8201821e-01   7.3691867e-01   8.4584339e-01   9.0603808e-01   7.7194536e-01   4.0870413e-01   7.1081249e-01   5.9518401e-01   7.8652959e-01   9.3766188e-01   7.5659066e-01   8.2988546e-01   5.9487753e-01   7.7234245e-01   3.7779403e-01   8.4976974e-01   9.3108167e-01   3.8520226e-01   3.3475547e-01   7.4153812e-01   2.1596562e-01   7.8571210e-01   1.0290563e-01   3.8400404e-01   6.5365107e-01   3.3179361e-02   1.1926145e-01   8.7080962e-01   0.0000000e+00   4.0363449e-01   2.9406888e-01   5.8114574e-01   3.7023974e-01   2.9169255e-01   5.3558301e-01   3.6969902e-01   9.4054654e-01   7.6326338e-01   7.5486994e-01   9.8837915e-01   2.9763660e-01   3.4506263e-01   6.6984713e-01   3.7238982e-01   3.2535678e-01   9.2009668e-01   8.9188019e-01   7.4069285e-01   7.9341348e-01   6.9860128e-02   5.6945770e-01   7.4773222e-02   6.9622880e-01   2.2404423e-01   8.4997217e-01   6.0072912e-01   1.0025042e-01   6.0785173e-01   4.0304324e-01   6.4840741e-01   9.3625667e-01   4.7686082e-01   9.1545488e-01   6.9903501e-01   8.4711247e-01   1.0835176e-01   6.3928622e-01   2.2283719e-01   3.7810937e-01   1.2839900e-01   1.2051313e-01   6.5024468e-01   8.5657450e-01   8.5525268e-01   5.4446858e-01   3.7255732e-01   3.7219533e-01   7.8949969e-01   1.1714576e-01   8.5782236e-01   4.4800656e-01   6.4277392e-02   3.4626234e-01   7.6442813e-02   8.5932328e-01   7.0252065e-01   1.0133280e-01   6.4072549e-01   9.4232202e-01   7.8599732e-01   1.0333141e-01   4.1304863e-01
   6.8460520e-01   8.3072788e-01   5.3605215e-02   9.5468974e-01   4.1738990e-01   1.1677174e-01   7.3442896e-01   7.0778480e-01   8.2348128e-01   9.8875854e-01   7.1004750e-01   9.0845921e-01   9.1266474e-01   6.5862246e-01   7.7392223e-01   1.3250431e-01   7.1922990e-01   2.9651232e-01   3.3224763e-01   9.9075988e-01   4.5479069e-01   8.9452147e-01   4.4492044e-01   3.4696055e-01   8.6062250e-01   8.5858091e-01   6.6324975e-01   3.9807783e-01   6.8815431e-02   3.5238840e-01   6.4065460e-01   8.1536720e-01   8.8561604e-01   5.2585272e-01   4.1730307e-01   5.5250565e-01   4.0085780e-01   9.3265406e-01   0.0000000e+00   2.8594640e-01   1.2573305e-01   7.3235832e-01   8.8422208e-01   4.1561335e-01   4.5979696e-01   5.2873129e-01   2.1647270e-01   6.8351519e-01   3.3076483e-01   6.2545638e-01   8.0897415e-01   3.7013475e-01   2.7421533e-01   1.5187151e-01   6.3201990e-01   8.2001299e-01   4.7193726e-01   7.2334656e-02   7.3271212e-01   5.6530433e-01   4.8926354e-01   4.9210263e-01   2.8569523e-01   5.0615082e-01   3.2647220e-01   4.0803785e-01   9.8072478e-01   5.3087407e-01   9.4592195e-01   8.0106782e-01   2.8760234e-01   3.5142552e-03   6.0868761e-01   6.4151077e-01   9.5990037e-01   3.2334360e-01   4.7194189e-01   4.5667772e-01   4.2872026e-01   3.5778327e-01   5.7523494e-02   1.5321962e-01   3.9298206e-01   7.1271338e-01   8.1129007e-01   2.2439433e-02   5.1632375e-02   7.2223567e-01   6.6155269e-01   1.9668234e-01   2.0657102e-01   3.4231727e-01   7.0681008e-01   8.9647036e-02   7.9381710e-01   8.0496146e-02   5.2129199e-01   4.9115651e-03   6.7290482e-01   7.2894571e-02   4.9011309e-01
   4.3072374e-01   2.4287651e-01   5.9081025e-01   5.8477577e-04   9.5117322e-01   3.4523579e-01   5.2675747e-01   3.3520026e-01   3.9836846e-01   7.9698486e-01   7.6227045e-01   6.3076627e-01   9.3004476e-01   4.1888030e-01   4.0590671e-01   1.9593559e-01   4.6405685e-01   6.3091740e-01   5.1972814e-01   6.5170366e-01   6.5706001e-01   4.2345335e-01   4.5656468e-01   3.3786919e-01   9.9494962e-01   8.5914602e-01   5.8296562e-01   6.1673479e-01   9.0113968e-01   6.7656252e-01   3.3446168e-01   5.9169174e-01   3.9338691e-01   7.6740679e-01   2.7813479e-01   7.5373037e-01   3.5566880e-01   7.9264441e-01   2.8696470e-01   0.0000000e+00   6.7813087e-01   4.8637793e-01   3.4733418e-01   8.0067153e-02   8.3935416e-01   2.6309512e-01   8.8034214e-01   9.9633337e-02   5.1960002e-01   3.3937120e-01   3.3940711e-01   3.9137475e-01   8.3977545e-01   9.7298660e-01   3.5944213e-01   7.3205687e-01   5.9636383e-01   1.4107280e-01   9.4016959e-01   8.7264632e-01   1.5816363e-01   1.1588275e-01   9.4475338e-01   7.7780738e-02   7.6018692e-01   9.8300108e-02   3.2755923e-01   1.1079825e-01   1.5101886e-01   6.3149491e-01   3.3453939e-01   6.6510225e-01   7.5890870e-02   5.1514549e-01   5.1572091e-01   2.0017351e-02   3.9477819e-01   8.6541653e-01   3.7695073e-01   3.7800029e-01   3.5190158e-02   3.8637028e-01   2.8928536e-01   6.0586164e-01   3.0521574e-01   7.6900100e-01   3.5468805e-01   8.2243623e-01   5.9009450e-01   5.2066591e-01   8.1866867e-01   8.5626913e-01   4.5960143e-01   4.6627460e-02   4.9008041e-01   2.0229993e-01   9.6201180e-01   5.5232165e-01   8.9230337e-01   6.4170719e-01   2.2883282e-02
   7.6435440e-01   8.2990459e-01   7.9980687e-01   1.0863352e-02   2.1363753e-01   4.1634858e-01   7.0642226e-01   8.4404402e-01   9.0012246e-01   8.4773311e-01   6.8838119e-01   3.5703869e-01   2.9046120e-01   3.1897953e-01   1.6997562e-01   3.1012820e-01   9.3448822e-01   2.6912783e-01   6.1144857e-01   3.8740067e-01   3.6642650e-01   2.8989498e-01   5.5576416e-01   3.5075730e-01   8.8809509e-01   7.5284641e-01   7.2584568e-01   4.1378745e-01   3.6936254e-01   9.2302490e-01   5.0516052e-01   2.5618775e-01   3.4532981e-01   8.8615402e-02   9.6047221e-01   1.3818829e-01   7.6822307e-01   9.4196050e-02   6.7570360e-01   3.7917894e-01   0.0000000e+00   9.4426573e-01   7.3356616e-01   4.8552855e-01   1.0150715e-01   4.6420572e-01   1.5366737e-01   3.3697501e-02   1.2028496e-01   8.2654267e-01   8.9970121e-01   1.4924909e-01   6.0936027e-01   5.2023811e-01   4.3957526e-01   2.0225372e-01   6.2698653e-01   6.2477474e-01   5.1835472e-01   8.4580608e-01   7.6196456e-01   7.3236285e-01   5.1054900e-01   8.4788127e-01   5.4986035e-01   7.8505103e-01   7.5351386e-01   4.3783029e-01   5.2940354e-01   4.4838972e-01   7.3587649e-01   2.6123942e-01   8.5418442e-01   9.6623423e-01   6.1875298e-01   6.6544799e-01   4.7687524e-01   7.0203871e-01   6.6271029e-02   1.8163931e-01   4.7072575e-01   7.8905020e-01   4.5746853e-01   3.9663408e-01   9.7938631e-01   2.2258202e-01   1.1491962e-01   7.7181221e-01   3.1151857e-01   7.6756274e-01   1.0315513e-01   9.0974399e-01   7.2972462e-01   1.2626181e-01   7.9738727e-01   9.4413561e-01   8.9113357e-01   8.3169293e-01   7.4184729e-02   2.1419813e-01   2.0806108e-01
   3.8029244e-01   2.7553979e-01   1.1925774e-01   1.9409151e-01   4.3194249e-01   8.9387837e-01   3.0558763e-01   5.0975801e-03   4.8423432e-01   5.9428381e-01   4.8502449e-01   6.2150669e-02   4.9245083e-01   8.9687388e-01   4.7667579e-01   7.8868572e-01   6.2733250e-01   1.6667866e-01   3.3898105e-01   3.9506247e-01   9.9668259e-01   5.3072482e-01   8.6778935e-01   8.5027770e-01   6.7408977e-01   8.7911710e-01   3.0066223e-01   6.7248930e-01   5.3142809e-01   9.4734511e-01   2.5767680e-01   1.6251100e-02   1.0206232e-01   2.4089300e-01   4.8787605e-01   6.9853093e-01   7.7380874e-01   7.6619871e-01   5.5495638e-01   7.0007961e-01   5.2844488e-01   0.0000000e+00   9.9881744e-01   3.7658652e-01   2.0374136e-01   8.1429063e-01   6.7113129e-01   2.6990285e-01   7.8613886e-01   3.1215123e-01   7.8429140e-01   9.7750010e-01   9.5264719e-01   7.6209978e-01   4.7766739e-01   5.5982063e-01   4.7022739e-01   5.2301030e-01   1.0166646e-02   6.9537978e-01   9.3580785e-01   1.4710125e-01   9.0622028e-01   6.2220604e-01   6.5986893e-01   3.9644968e-01   8.4700931e-02   3.2119978e-01   1.8316271e-01   6.8972745e-01   4.2551735e-01   3.1183849e-01   4.1497343e-01   4.6848576e-01   6.5765947e-02   8.7120313e-01   6.9107248e-01   5.6692254e-01   1.8135916e-01   7.2241927e-01   6.3454158e-01   5.2530922e-01   6.8698744e-01   9.9123373e-01   6.7172256e-01   7.0489014e-01   1.0607871e-01   9.1476310e-01   9.4367857e-01   3.8296853e-01   5.2664883e-01   3.1619974e-01   7.9759590e-01   9.6315266e-01   9.2332855e-01   5.6534044e-01   5.6930146e-01   5.4541972e-01   8.7255062e-01   6.9841375e-01   9.0278721e-01
   1.8785452e-01   3.8359869e-01   1.4773518e-01   5.3642708e-01   3.2107159e-02   2.9786157e-01   6.4951685e-01   5.4909732e-01   2.7462570e-01   6.7863049e-01   4.4471090e-01   4.6890077e-01   4.9111454e-01   1.4759324e-01   7.3537893e-01   5.1586415e-01   5.5594627e-01   5.2706809e-01   5.9164342e-01   9.0644329e-01   1.9643777e-01   4.7858887e-01   5.7946273e-01   8.6572315e-01   6.2378654e-01   3.3442501e-01   9.7642310e-01   9.1124544e-01   8.8523652e-01   4.1847898e-01   3.8180493e-01   8.6817858e-01   8.1289086e-01   4.6911529e-01   4.8219823e-02   7.8266524e-01   5.3547272e-01   6.6101108e-01   3.5880114e-01   1.2833090e-01   7.0513998e-01   1.6603472e-01   0.0000000e+00   2.5317517e-01   3.7828189e-01   5.1659418e-01   2.7045232e-01   5.6450024e-01   8.3745568e-01   7.1355419e-01   2.0768831e-01   7.9335986e-02   6.4791305e-01   1.1427411e-01   1.3392305e-01   2.0879871e-01   4.4913431e-01   3.1597942e-01   7.1195983e-01   3.0626662e-01   7.3743133e-02   9.1744664e-01   7.5010155e-01   5.4641128e-01   3.2730960e-01   1.9032460e-01   5.6516270e-01   9.3468213e-01   1.1141929e-01   4.8487711e-02   8.8666685e-01   7.6652578e-01   2.4797738e-01   9.6360772e-01   1.7014227e-02   4.7528402e-01   4.6471644e-01   1.2258250e-01   8.0431612e-01   6.0747816e-01   9.8240880e-02   9.9274334e-01   1.7977568e-02   9.7077854e-01   8.9886740e-01   7.0935446e-02   1.6403078e-01   4.9968595e-01   2.2320014e-01   5.4928544e-01   2.2362432e-01   9.5216187e-03   6.5494803e-01   8.9939751e-02   3.4404118e-01   4.4034694e-01   5.0423019e-01   4.2520664e-01   7.7816456e-01   1.3574720e-01   2.4080446e-01
   4.2642689e-01   4.3870097e-01   2.6788723e-01   8.4785781e-01   9.8713119e-01   5.4456771e-01   3.5218992e-01   8.2096993e-02   6.6123037e-01   8.2942439e-01   7.4829829e-01   4.4236212e-01   3.1997106e-01   5.6666786e-01   3.7986252e-01   2.3515226e-01   6.9836676e-01   3.0177756e-01   2.2316148e-01   5.8933003e-01   6.4888191e-01   2.4471777e-01   3.8814741e-01   8.7411154e-01   9.1563500e-01   8.6609435e-01   1.7561574e-03   8.8815999e-01   5.5806636e-01   9.9525185e-01   6.5180458e-01   2.3891314e-01   1.3867670e-01   4.7303834e-01   5.2335491e-01   7.9897103e-01   7.2825303e-02   9.2111825e-01   1.2721761e-02   7.4234738e-02   2.2723087e-01   8.4935477e-01   4.4809980e-01   0.0000000e+00   2.6448911e-01   4.5095560e-01   7.6668374e-02   8.9895667e-01   2.1085865e-01   6.8431535e-02   7.7293638e-02   2.7337502e-01   1.0873660e-01   6.5313274e-01   2.6952107e-01   5.2297595e-02   7.4935506e-01   7.5310078e-01   3.1561852e-01   1.0496116e-01   1.2464334e-04   7.8811671e-01   4.9565203e-01   3.6188482e-01   5.5962389e-01   5.7100026e-01   8.8982367e-01   8.6212547e-01   2.1488908e-02   5.7523924e-01   3.8398356e-01   3.7972189e-01   1.6139183e-01   5.6290103e-02   1.3581610e-01   4.6393821e-01   7.0750582e-01   2.7507715e-01   8.3502460e-02   9.9653529e-01   7.4521956e-01   8.9689287e-01   3.8359914e-01   4.7259720e-01   3.6677357e-01   7.4918943e-01   9.4324079e-01   9.6957216e-02   4.0932598e-02   3.1782373e-01   8.3300350e-01   3.7178343e-01   2.5799876e-01   9.8114414e-02   8.9739556e-01   4.4548565e-01   2.3478628e-01   8.0311794e-01   3.5695104e-01   2.7197623e-01   9.5744169e-02
   7.2113561e-01   1.3967174e-01   7.5983346e-01   2.5302497e-03   5.0006441e-01   4.0116339e-01   6.5026324e-01   2.1485442e-01   6.1905260e-01   1.0654038e-01   7.9770119e-01   1.0435482e-01   7.0776204e-01   4.4540093e-01   1.5842271e-01   1.3539637e-01   2.5088679e-01   5.0311192e-01   3.4877952e-01   9.2780696e-01   5.5702020e-02   9.5178708e-01   6.6482633e-01   2.5171699e-01   9.0724379e-01   2.4769356e-01   9.6744013e-01   1.3516857e-01   1.9480708e-01   8.7947376e-01   1.5224552e-02   9.6977011e-01   2.8633963e-01   3.0687103e-01   8.9810177e-01   1.6145275e-01   2.5106615e-01   2.6494307e-01   7.0692835e-01   8.9778095e-02   8.4818491e-01   8.3544326e-01   2.7750842e-01   1.5372346e-01   0.0000000e+00   1.8550382e-01   7.3931023e-01   1.0042376e-01   7.0621799e-01   1.6261642e-02   4.3068001e-01   1.7574604e-01   6.2802287e-01   5.8973998e-01   2.3119708e-02   3.0690849e-01   7.4318952e-01   6.1386865e-01   3.2697157e-01   8.1507217e-01   8.8797617e-01   1.3327728e-01   4.7618535e-01   5.1986964e-02   1.8463329e-01   9.6795268e-01   5.1307641e-01   8.7994050e-01   7.1485962e-01   2.8971729e-01   4.5808697e-01   7.2966496e-01   7.9172439e-01   4.4301068e-01   4.7397547e-01   9.2067743e-01   2.1578975e-01   7.5640639e-01   9.1703107e-01   5.3863869e-01   7.8206990e-01   6.6493652e-01   5.0686322e-01   3.2939836e-01   8.0533797e-02   5.2532401e-01   6.4834271e-01   2.2718086e-01   9.6552489e-01   7.9924356e-01   9.7097834e-03   2.8837974e-02   7.7143889e-01   9.3116142e-01   7.6941447e-01   1.9543122e-01   3.0315662e-01   7.1603385e-01   8.4314812e-01   4.8605514e-01   1.9847143e-01
   9.7553977e-01   3.0867139e-01   7.5035105e-01   8.6396953e-01   4.2298620e-01   7.3163519e-01   2.0143213e-01   9.0861145e-01   6.6121551e-01   2.2128425e-01   9.8524998e-01   2.9989981e-01   7.2911841e-02   7.0410329e-01   4.4805736e-01   8.8116051e-01   3.5764893e-01   1.0330216e-01   8.0231984e-01   2.3234992e-01   3.0681780e-01   2.0845863e-01   1.7088738e-01   4.5035339e-01   7.0666922e-01   8.7210233e-01   1.5399031e-01   7.4174953e-01   4.6637464e-01   5.0115094e-01   1.1013186e-01   5.2247815e-01   6.3738067e-02   7.1446566e-03   9.8756844e-01   8.1612064e-01   6.6153695e-01   4.5199696e-01   8.1951864e-01   6.2409107e-01   5.0187030e-01   4.7100794e-01   7.1800062e-01   9.2387145e-01   4.4466069e-01   0.0000000e+00   8.4336949e-02   2.3875365e-01   4.4066615e-01   7.7072082e-01   7.4397279e-01   4.9890599e-01   5.8115296e-01   6.0303749e-01   1.1941591e-01   4.1795444e-01   9.6847692e-02   6.4148593e-01   4.5575394e-01   7.4878892e-02   3.6155730e-01   5.8345653e-01   7.7151296e-02   5.3206599e-01   6.9692322e-01   2.2003619e-01   4.1225871e-01   3.6436170e-01   7.3184579e-01   3.1648978e-01   4.9606193e-01   5.2070386e-01   5.0752462e-01   8.8641628e-01   7.9365536e-01   5.2671645e-01   2.5486244e-01   1.8783080e-01   4.6481382e-01   6.4730979e-01   6.3849954e-01   6.1534554e-02   6.0868260e-01   2.3246158e-01   6.9930617e-01   4.7222601e-02   2.0595352e-01   4.1609909e-01   3.0606378e-01   9.6793573e-01   9.0109512e-02   5.7798111e-01   4.8008818e-01   9.5601770e-02   4.8331856e-01   1.2357886e-01   4.5632663e-01   1.5795699e-01   6.4719147e-01   1.0092636e-02   8.4802399e-01
   2.3818823e-01   7.7240691e-01   6.9283454e-01   1.7028557e-01   2.3314523e-01   7.4501802e-01   5.9120357e-01   9.1017790e-01   6.6853176e-01   2.0017803e-01   4.1541372e-01   5.2344251e-01   2.9916805e-02   9.3627729e-01   6.2492921e-01   2.0864757e-01   4.5505742e-01   5.5084772e-01   3.9180064e-01   4.3449851e-01   3.6483202e-01   5.2998618e-01   7.1240293e-02   2.4584439e-01   4.5045675e-01   3.7920485e-01   5.9479210e-01   2.5453449e-01   7.2106511e-01   6.0277254e-01   3.0141034e-01   3.8637502e-01   9.8439853e-01   8.0158763e-01   1.7477467e-01   7.3930461e-01   4.7327068e-01   9.9546129e-01   4.9665884e-02   6.1729736e-01   6.0873950e-01   8.7246517e-01   9.3561827e-02   6.2075410e-01   6.5189962e-01   4.7461329e-01   0.0000000e+00   3.0055603e-01   2.8798565e-01   6.7364935e-01   1.7048472e-01   1.3718517e-01   1.3198345e-01   8.5967610e-01   2.7998862e-01   3.8356658e-01   4.8518290e-01   7.0755328e-01   7.7128785e-01   2.9270388e-01   7.6193899e-01   9.8336629e-01   9.7295781e-01   7.9559475e-01   2.0616583e-01   3.0106206e-01   7.9996224e-01   6.3679776e-01   1.6379955e-01   7.3074896e-01   1.5159520e-01   2.7874852e-01   2.6929664e-01   6.0570188e-01   2.5011500e-02   6.8037553e-01   3.2444318e-02   2.3397272e-01   9.6933832e-02   9.1882652e-01   4.1408769e-01   8.4144700e-01   5.5238120e-01   3.6409543e-01   2.5704678e-01   4.6300748e-01   9.2062552e-01   3.9633760e-01   2.4963970e-01   9.4918008e-01   1.0441002e-01   9.7349773e-01   8.9894185e-01   5.7526806e-01   9.7283972e-02   3.3047720e-01   2.4008901e-01   9.7374311e-01   3.1206756e-01   1.8674148e-02   7.8874014e-01
   8.0974691e-01   3.4535141e-02   5.4951195e-01   6.8777757e-02   6.4235285e-02   3.6682214e-02   4.4766183e-01   5.2489366e-02   2.2404446e-01   8.4256914e-01   5.1502885e-01   2.3811818e-01   3.8783429e-01   9.4944010e-01   7.3223796e-01   4.1137865e-01   7.8740074e-01   6.1408216e-03   6.4164820e-01   4.9495228e-01   4.5769799e-01   7.0675855e-01   6.5102540e-01   5.7068375e-01   4.8375897e-01   9.0034870e-01   1.2203954e-01   3.6899642e-01   5.3104528e-01   2.0783414e-02   2.9383312e-01   8.0229955e-01   4.0285928e-02   2.9077509e-01   4.7665230e-01   5.8325457e-01   8.8175914e-01   2.2401837e-01   3.6751893e-01   3.3768775e-01   5.6039484e-01   8.3849581e-01   5.7626181e-02   7.9004512e-01   9.2146093e-01   6.9090988e-02   5.8838399e-01   0.0000000e+00   5.6410480e-01   1.2315318e-01   7.5414577e-01   7.3570308e-01   7.2317319e-01   1.2175751e-01   7.6342441e-01   8.7811214e-01   9.1602848e-01   8.5724854e-01   7.1484133e-01   8.0702990e-01   5.7161355e-01   5.3401160e-03   3.8069960e-01   2.3998922e-02   2.9559575e-01   5.2408458e-03   2.6359072e-01   2.3288918e-01   5.6720394e-01   6.8791614e-01   3.9580736e-01   4.9424487e-01   3.0292830e-01   5.7616426e-01   8.9976480e-01   1.8836813e-01   7.8916206e-01   3.1370940e-01   7.1225727e-01   7.3097625e-01   8.3749629e-01   6.2825121e-01   8.1690609e-01   2.7477555e-01   7.6468822e-01   5.1897234e-01   2.0597115e-01   4.7982803e-01   1.0472264e-02   1.2975456e-01   1.5784864e-01   5.9092257e-01   7.3217170e-01   3.4488829e-01   8.4129330e-01   9.2707265e-01   5.0183281e-01   1.4208575e-01   5.7150627e-01   2.4204962e-01   7.2991233e-01
   6.3476287e-01   3.5211521e-01   5.5030894e-01   8.3153607e-01   9.3335703e-01   6.2181726e-01   3.1604998e-01   2.8643198e-01   1.7939432e-01   7.7539070e-01   6.6399829e-01   6.6123223e-02   3.7930301e-01   2.6055128e-01   1.9179065e-01   8.1228697e-01   9.0233868e-01   3.0554849e-01   3.9279747e-01   3.6756838e-01   1.2759717e-01   7.0898512e-02   4.1858521e-01   3.5171039e-01   3.4148943e-01   3.7418305e-01   6.4953014e-03   5.3140921e-01   3.9140900e-01   8.6403544e-01   6.9718732e-01   8.9489371e-01   2.1353214e-01   6.6991819e-01   6.4959231e-01   6.0010336e-01   7.1886790e-01   4.7879878e-01   5.3333342e-03   6.6676328e-01   9.4228044e-01   2.9235168e-01   7.3236843e-01   6.5316968e-02   3.3072950e-01   1.2110992e-01   4.2071575e-01   5.3892265e-01   0.0000000e+00   7.7073229e-01   3.8875780e-01   2.7343800e-01   4.8014198e-01   7.3604038e-01   7.7625065e-02   9.4935117e-01   5.9198939e-01   3.4001426e-01   6.3314387e-01   3.5108663e-01   3.4410860e-01   1.3650002e-01   2.7380580e-01   2.1064568e-01   6.6690408e-01   9.6451167e-01   2.8151815e-01   5.3898537e-01   8.2720885e-01   7.2700625e-01   5.3438391e-01   5.9993825e-01   8.7473804e-01   7.7532468e-01   9.2703809e-01   1.3572500e-01   2.0470366e-01   9.7767397e-01   8.9076884e-01   5.9051846e-01   2.7093459e-01   2.1266256e-02   6.5986773e-01   6.6582508e-01   7.6866450e-01   6.4431381e-01   8.2143102e-01   5.8157015e-01   9.4648249e-01   6.7282107e-01   8.4477127e-01   2.8430683e-01   1.8110154e-01   6.0734665e-01   4.7273710e-01   5.1710283e-01   3.5741418e-02   7.5158862e-01   7.8924338e-01   2.5831363e-01   1.6855039e-01
   5.1409633e-02   7.2496837e-01   2.3122101e-01   2.9855125e-01   7.6026028e-01   9.8982729e-01   6.8026571e-01   3.6087899e-01   6.4137095e-01   9.0485995e-01   8.5733598e-01   9.6181905e-01   1.2268930e-01   2.5842928e-01   3.7424727e-01   7.2383268e-01   6.6219524e-01   9.6265685e-01   1.4441508e-01   6.5081866e-01   8.4827019e-01   5.2266113e-01   4.1420069e-01   2.7113286e-02   5.9318587e-01   7.7421287e-02   2.0838079e-01   6.5775548e-01   7.4156668e-01   1.5467518e-01   4.5524861e-02   5.9872426e-02   4.8226338e-01   1.3708840e-01   1.5191847e-01   2.6322162e-02   9.5188495e-01   2.8558306e-01   8.9392544e-01   3.6772679e-01   1.2039563e-01   5.0838958e-02   2.3767803e-01   1.5980406e-01   6.4075298e-01   2.9436309e-02   1.4461513e-01   4.9311178e-01   5.1079748e-01   0.0000000e+00   5.0444878e-02   2.1757269e-01   4.5441051e-01   9.9434216e-01   6.3666141e-01   4.8124620e-01   6.1734531e-01   9.1128140e-01   1.6307792e-01   2.5029953e-01   5.5822625e-01   1.6745190e-01   7.3210366e-01   8.4590292e-01   2.1563849e-01   1.7674166e-01   8.3558836e-01   9.5110219e-01   8.2938041e-01   5.1320366e-01   4.4070994e-01   8.1305756e-01   4.0334152e-01   6.7348245e-01   9.0182321e-01   4.2549368e-01   3.1754884e-01   7.1984237e-01   5.0393091e-01   4.6344412e-01   9.9974922e-01   3.0868156e-01   7.6600150e-01   6.5356131e-01   8.6417004e-02   8.8842493e-01   1.5850080e-01   5.0223508e-01   3.8859658e-01   8.3683916e-01   7.0152116e-01   9.6206163e-02   3.5637057e-01   1.7414372e-01   4.9109216e-01   3.2227917e-02   9.1770142e-01   6.8591789e-02   3.1478572e-02   4.9436806e-01   2.5211749e-01
   8.5843451e-01   4.0850968e-01   5.5897268e-01   2.4438899e-01   6.7695227e-01   9.8039012e-01   1.6495448e-01   9.8566034e-01   1.1857027e-02   1.0493544e-01   3.7745337e-02   6.9207530e-01   5.5804923e-01   3.2663299e-01   2.8786848e-01   6.1655195e-01   3.4470497e-01   4.5263527e-01   3.8825406e-01   2.1676688e-01   9.3691291e-01   6.8735223e-02   7.2652638e-01   4.5014555e-02   2.2921026e-01   2.2853933e-01   5.2978336e-01   3.5724515e-01   3.9828403e-01   7.5562390e-01   4.6722785e-01   2.3028837e-03   3.9833066e-01   6.4734413e-02   4.9572647e-01   7.0852819e-01   9.8215731e-01   6.5018585e-01   8.3857743e-01   9.8073191e-01   7.2011284e-01   6.1857540e-02   2.4454481e-01   9.2172233e-01   7.0512789e-01   1.1038833e-01   2.3719131e-01   7.4669902e-01   6.8220642e-01   4.4808692e-01   0.0000000e+00   4.2752429e-01   4.3536440e-01   1.5898952e-01   3.7484973e-01   4.7607186e-01   5.1937939e-01   6.2835288e-01   5.7889229e-01   5.2002786e-01   1.9199297e-01   3.3195995e-01   8.9485171e-01   8.7408430e-01   9.9481478e-01   5.8597953e-01   8.1828132e-01   8.0968835e-01   3.3817722e-01   4.9837613e-01   9.5948293e-01   3.4233166e-01   8.8185938e-01   3.6824305e-01   5.5252829e-01   8.7089332e-01   3.9457581e-01   9.4934145e-01   8.0338897e-01   3.2051229e-01   2.9073083e-01   8.8362776e-01   7.4117139e-01   1.4523273e-01   9.1270934e-01   2.3491664e-01   7.7728257e-01   2.3276815e-02   7.3013841e-01   5.0268802e-01   8.5012716e-02   2.9282556e-01   2.4721436e-01   1.5744422e-01   1.0794785e-01   2.2979396e-01   8.2084782e-01   9.4081331e-01   2.4827217e-01   1.3740333e-01   2.6691693e-01
   6.3570314e-01   8.2569129e-01   4.0059151e-02   4.1224780e-01   8.0461680e-01   4.0493440e-01   7.0480542e-01   7.7617413e-01   9.3078862e-01   8.8149726e-01   1.1350007e-01   6.6761166e-01   7.1691345e-01   5.4224392e-01   5.8790084e-01   8.6180829e-01   9.7918942e-01   4.3198829e-01   9.8156393e-01   8.3446354e-01   5.6703465e-01   5.7842941e-01   3.8489070e-01   3.0697624e-02   9.4767909e-01   8.7911855e-01   4.2849301e-01   5.2818895e-01   2.8637496e-01   9.8802302e-01   4.5161389e-01   7.3675546e-01   4.4629688e-01   4.1196718e-01   2.7032941e-01   1.3931473e-01   1.8866489e-01   9.1366058e-01   3.8867301e-02   5.1167776e-01   9.2628919e-01   1.9148573e-01   7.0487835e-01   7.5705802e-01   9.8560372e-01   6.8496624e-01   4.9095773e-01   8.1625325e-01   4.7611577e-01   6.8518988e-01   8.1941797e-03   0.0000000e+00   6.0236286e-02   4.8341669e-01   3.3369487e-01   4.6372801e-01   3.8737275e-01   6.5852678e-01   2.0418428e-01   5.4018747e-01   9.9256129e-01   3.9223619e-01   2.9625281e-01   1.4640229e-01   8.2260059e-01   1.2961779e-01   2.4042370e-01   9.8553688e-01   9.6829640e-01   8.4424304e-01   3.1778735e-01   2.6628121e-01   2.6566220e-01   7.1584678e-01   7.8077329e-01   8.1042470e-01   3.1506761e-01   7.0543674e-01   2.5929984e-01   5.3372731e-01   9.0137669e-01   7.8989835e-01   4.6267324e-01   3.7454643e-01   8.6272939e-02   5.7106405e-02   3.6124677e-01   8.1764694e-01   9.0261596e-02   1.9632723e-01   4.1303616e-01   4.6486949e-01   3.1105183e-01   8.4159525e-01   3.3291564e-01   3.8875363e-01   3.7167768e-01   3.7399778e-01   1.2696580e-01   5.1083265e-02   2.7477220e-01
   2.9616365e-01   1.8455417e-02   5.3468459e-01   5.8150238e-01   1.9151841e-01   3.9951798e-02   9.0422298e-01   4.0860614e-01   4.2436126e-01   6.6428932e-01   6.9709482e-01   1.8392129e-02   4.0046173e-01   3.3233392e-01   5.0289523e-01   8.4100961e-01   5.6037824e-01   6.7683476e-01   9.2949705e-01   1.3720537e-01   2.8066720e-01   7.6104447e-01   3.2735153e-01   7.6083702e-01   1.9761807e-01   2.0103637e-01   8.3910284e-01   3.0772398e-01   7.8276578e-01   6.9634866e-01   5.1634833e-01   4.6849610e-01   6.5815845e-03   1.9851610e-01   5.7880029e-01   9.2470776e-01   1.8008932e-01   8.2739884e-01   7.7600146e-01   3.5275298e-01   4.5113292e-01   8.9675471e-01   2.3357406e-01   2.7870800e-01   5.0805487e-01   5.8303176e-01   9.5514605e-01   6.1342606e-02   8.5798824e-01   7.9126016e-01   2.2795879e-01   3.8917698e-01   0.0000000e+00   4.0985404e-01   5.7822856e-01   7.9941972e-01   5.2169036e-02   8.7134517e-01   9.3296881e-01   6.9346501e-01   1.9927559e-01   2.2832008e-01   8.2443159e-01   2.1570804e-01   9.3685739e-01   6.2283074e-01   5.9940941e-02   8.1152400e-01   8.9812044e-01   7.9032536e-01   7.3922211e-01   1.3072078e-01   4.4820773e-01   1.0839468e-01   6.4419351e-01   9.6752076e-01   8.2821068e-01   8.1586727e-01   3.4986447e-01   1.2883405e-01   7.2119172e-01   4.5767297e-01   1.2489066e-01   6.1050011e-01   2.5021809e-01   2.1532048e-01   2.4594562e-01   9.1901004e-02   2.2867108e-01   4.8992253e-01   7.9513751e-02   7.2867168e-02   1.1279525e-01   9.8882136e-01   1.1831042e-03   7.5283550e-01   4.2340147e-01   8.4965825e-01   3.7187450e-01   9.2708293e-01   9.4355797e-01
   7.8387395e-01   7.6472009e-01   2.3068500e-01   9.1668086e-01   6.8538899e-01   3.2037011e-01   4.7821979e-01   3.6048190e-01   9.0163792e-02   5.8735896e-01   7.5292721e-01   5.9142272e-01   9.9387565e-01   8.7584279e-01   3.7670370e-01   4.8235022e-01   3.4273134e-01   2.5260759e-01   6.9463546e-01   7.2385271e-02   3.4256024e-01   8.9130309e-01   5.7396505e-01   3.7548020e-02   1.8784457e-02   9.2973378e-01   7.4029768e-01   6.3676279e-01   2.3726309e-01   6.3840613e-02   4.0915509e-01   2.1942129e-01   6.6076076e-01   2.5488599e-01   9.0987879e-01   9.2416105e-01   3.6017653e-01   9.9764454e-01   9.3500680e-01   6.8916330e-01   7.7690142e-01   5.8040049e-01   6.0282820e-01   9.1637696e-01   2.9016977e-01   5.1086319e-01   1.1049904e-01   9.5918179e-01   3.1920876e-01   2.6639591e-01   4.3726418e-01   6.4517178e-01   5.2546246e-01   0.0000000e+00   9.7152788e-01   3.6306779e-01   2.9597027e-01   8.8535536e-01   5.8317097e-01   4.2903954e-01   2.2960907e-01   6.9187558e-02   9.3651602e-01   4.9301325e-01   2.3304671e-01   2.8396009e-01   2.7186043e-01   6.7894768e-01   1.3566184e-01   9.2677623e-01   2.2704575e-01   6.7197162e-01   2.4704253e-01   8.2882043e-01   3.3296259e-01   2.2462352e-01   4.5665639e-01   4.0268147e-01   2.7853054e-01   3.0835912e-01   1.9207433e-01   8.1707753e-01   7.6828214e-01   6.8314963e-01   2.2775607e-01   1.4515175e-01   2.2215205e-01   4.1380352e-03   7.6902368e-01   9.2400097e-01   1.3997526e-01   8.5273290e-02   5.7033924e-01   8.3119111e-02   3.1623346e-01   1.0690950e-01   9.7918151e-01   2.4155368e-01   7.8871814e-01   5.9290215e-01   2.9637895e-02
   6.6926678e-01   7.5843765e-01   2.1303689e-01   8.1292125e-01   2.4387052e-01   6.8482222e-01   6.4251881e-03   1.3018136e-01   6.4691879e-02   6.5080830e-01   2.0990726e-01   3.9769293e-01   8.6212727e-01   5.8527924e-01   9.7657848e-01   4.6954785e-01   6.1806682e-01   3.3069010e-01   5.3047883e-01   1.1343771e-01   6.0527811e-01   8.8832481e-01   4.9692464e-01   5.4831747e-01   5.1996143e-01   4.1371257e-01   4.5133814e-01   9.5012394e-03   9.8587659e-01   6.0570397e-01   7.2089209e-01   6.8530987e-01   3.4386852e-01   7.9597390e-01   8.0135835e-01   2.9773074e-01   5.9023971e-01   7.1376014e-01   1.3791359e-01   6.2776994e-01   2.3986126e-01   8.7565833e-01   9.1965715e-02   3.1341066e-02   1.8699752e-01   9.3615481e-01   5.1786587e-01   5.6149115e-02   4.6312302e-01   5.3905626e-02   8.0043067e-01   5.2450617e-01   9.3682100e-01   4.3159382e-02   0.0000000e+00   7.3586785e-01   6.0911978e-01   3.6157271e-01   5.8585567e-01   1.4347397e-01   3.2424363e-01   1.7622641e-01   1.3749943e-01   3.6123066e-01   6.0222461e-01   6.7635443e-01   7.0278970e-01   6.2171013e-01   1.8014589e-01   8.8256326e-01   3.6707956e-01   1.9179180e-01   6.0422072e-02   8.3840208e-01   1.0442355e-01   5.3251631e-01   1.1259967e-01   3.6573539e-01   7.3188748e-01   6.2219322e-01   4.7263464e-01   3.4438025e-01   2.7153922e-01   4.5007302e-01   3.4385361e-01   4.5198057e-01   1.0544781e-01   4.5809795e-01   7.2712528e-01   5.0433276e-01   4.1175883e-01   6.3064818e-01   6.5445643e-01   5.0719389e-01   5.4331848e-01   3.4067261e-01   4.6464429e-01   1.7662418e-01   6.5847998e-01   9.4271592e-01   8.6567137e-01
   4.8788500e-01   3.2586075e-01   8.8410685e-01   5.3938516e-01   4.0246046e-01   6.3673487e-01   3.3540133e-01   6.7813770e-01   7.7793196e-01   8.5617848e-01   4.2198272e-01   8.7648476e-01   7.3975533e-01   3.0711928e-01   1.3901540e-01   6.9356349e-01   1.9259179e-01   1.8825434e-02   6.8886462e-01   5.5763476e-01   4.0226026e-01   6.6631035e-01   1.5153888e-01   9.9665290e-01   3.0152724e-01   1.2161643e-01   2.5234253e-01   2.6849826e-01   6.8018273e-01   9.8760634e-01   7.1721802e-01   9.9637292e-01   1.9990958e-01   4.1050262e-01   3.4510213e-01   5.4378873e-01   9.2468999e-01   2.2408734e-01   4.5642490e-02   9.9649033e-01   3.0167083e-01   4.4433661e-01   9.0191004e-01   5.4401793e-01   7.8803864e-01   6.9752300e-01   2.2505683e-01   7.8981992e-01   3.0923254e-01   7.9478650e-01   7.4676446e-01   8.0466997e-01   4.0347495e-01   1.6957780e-01   9.6831999e-01   0.0000000e+00   9.7159651e-01   9.8400021e-01   6.7327377e-01   9.2290756e-01   9.0674380e-02   2.7079926e-02   8.8346126e-01   1.7619578e-01   8.7815503e-01   5.5106150e-01   5.6370000e-01   3.1527545e-01   1.9629824e-01   9.1738461e-01   7.0397377e-01   5.7459143e-01   2.8176390e-01   2.1315914e-01   4.4290271e-01   3.8651543e-01   9.4474223e-02   2.0523064e-01   6.1920760e-01   1.6355159e-01   7.5275502e-01   5.9128743e-01   7.7665545e-01   6.5007746e-02   6.3007956e-02   1.8687894e-01   8.3790975e-01   8.1156351e-01   5.4222227e-01   6.6931489e-01   3.9206000e-01   6.6841305e-01   5.1368074e-01   2.1414171e-01   9.1203456e-01   9.7514523e-01   4.9275748e-02   9.7002598e-01   7.1372890e-01   8.6346705e-01   4.1098493e-01
   9.8271233e-01   3.5155927e-01   9.5514129e-01   8.7155530e-02   1.2313397e-01   6.2968142e-01   3.5108899e-01   6.3656795e-01   3.1406362e-01   6.6798719e-02   4.0578239e-01   4.7301840e-01   2.4595714e-01   3.4684750e-01   5.0071258e-01   7.5788642e-01   6.8668508e-01   9.2459514e-01   6.8938890e-02   2.9964573e-01   3.9094939e-01   4.1317539e-01   2.6666081e-01   4.2837261e-01   8.8814556e-01   4.6561859e-01   8.3797073e-01   3.3576644e-01   5.7197997e-01   3.1613387e-01   1.2883911e-01   9.2503713e-01   8.4246388e-01   8.7485692e-01   7.3179643e-01   2.1040595e-01   2.7549894e-03   2.2912187e-01   3.4927541e-01   9.7527335e-01   9.3077590e-01   7.9836104e-01   5.0808278e-01   7.5005320e-01   4.3655051e-01   1.4005924e-02   9.5087203e-01   2.8973374e-01   6.1795742e-01   2.5182622e-01   1.6559331e-01   7.8535899e-01   5.6813009e-01   3.1215416e-01   1.9889253e-01   8.3322089e-01   0.0000000e+00   7.1625452e-02   8.1137146e-01   3.5583662e-03   1.3085475e-01   8.8740183e-01   5.6272590e-01   2.8560651e-02   2.3681869e-01   3.7487632e-01   4.8229734e-01   1.0107760e-01   4.1848435e-01   6.0237240e-01   5.2733424e-01   4.9955220e-02   9.5799742e-01   4.7797189e-01   1.4037814e-01   2.1466740e-01   4.9870588e-01   5.0098745e-01   8.5915305e-01   1.9426518e-01   7.4900564e-01   6.2546810e-01   4.2353998e-01   9.9042636e-01   5.8492838e-01   2.1585744e-01   7.0358807e-02   3.9031386e-01   5.1788447e-01   9.4000026e-01   3.6636417e-01   9.0238115e-01   8.5058890e-01   8.8339428e-01   7.7415440e-01   2.4847849e-02   2.2256739e-01   2.8489461e-01   3.8297165e-01   6.4317496e-01   9.1800071e-01
   7.1745070e-01   5.7574748e-01   3.5661344e-01   8.1303706e-01   5.8287154e-01   1.0491102e-01   6.4539469e-01   8.7146124e-01   5.3960726e-01   5.5163384e-01   1.8138549e-01   3.6254517e-01   5.2521388e-01   3.8143798e-01   6.6857538e-01   3.1255080e-02   7.4551584e-01   3.8305566e-01   9.7045640e-01   1.0579135e-02   4.5219616e-01   3.7936806e-01   2.3287502e-01   2.8081398e-01   7.2324577e-01   7.5387064e-01   2.9930140e-01   9.2343072e-02   4.2978969e-02   2.4113517e-01   6.2224865e-01   6.5789694e-01   9.1451937e-01   8.9979608e-02   3.6571124e-01   7.6400267e-01   9.2487034e-01   7.8643460e-01   2.4099706e-02   7.6348118e-01   4.6577115e-01   3.1718916e-01   6.2500618e-01   4.8816771e-01   5.6395551e-02   6.9964086e-01   1.8297679e-01   4.7479099e-01   7.6697062e-01   2.2488167e-01   6.8319206e-01   9.1978930e-01   1.8741059e-01   8.0192076e-01   3.9789205e-02   9.1888422e-01   4.1198757e-01   0.0000000e+00   4.3168855e-02   8.0469683e-01   4.0843304e-01   3.6365199e-02   7.1145693e-01   2.5198265e-01   1.4296560e-01   6.2182212e-01   7.9013462e-02   9.7167178e-01   6.3027033e-01   5.9064644e-01   8.0419322e-01   3.0519919e-01   3.3145308e-01   7.9425321e-01   8.5641492e-01   7.7077756e-01   2.9245415e-01   9.1570950e-01   9.9800200e-01   8.9845657e-01   8.2553744e-01   7.2663718e-01   7.4341935e-01   4.0560073e-01   3.9846097e-01   2.5835167e-01   4.1707626e-01   4.1260658e-01   4.2601664e-01   3.9928911e-01   7.2289331e-01   3.0301017e-01   7.0491528e-01   1.7619448e-01   4.6122659e-01   6.6063235e-01   4.0995878e-01   6.8882907e-01   6.5019976e-01   5.9344187e-01   2.8832551e-01
   1.2628855e-01   6.3337527e-01   9.3008920e-02   8.1821831e-01   1.7584172e-01   2.1006308e-01   8.8435013e-01   2.4594324e-01   2.9287345e-01   9.4343727e-01   4.2955137e-01   7.3907802e-01   7.1702689e-01   9.8180830e-01   8.5285091e-01   1.6241700e-01   9.9864798e-01   4.3499505e-01   8.0644770e-01   1.5366098e-01   6.8169796e-01   5.8848401e-01   4.8623272e-01   3.9465360e-01   9.9428061e-01   6.2023473e-01   4.6898502e-01   9.5255667e-01   1.5569213e-01   1.8863317e-01   1.0277856e-01   7.5863581e-01   5.0249349e-01   9.8211910e-02   5.4209048e-01   6.3659362e-01   1.7565600e-01   5.5023671e-01   3.4573514e-01   8.7862563e-01   2.3154588e-01   2.4942032e-02   6.7225552e-01   3.9765877e-01   9.1801066e-01   4.6239483e-01   6.5710306e-01   3.5631013e-01   8.1022439e-01   3.9243593e-01   1.9429826e-01   2.8938047e-01   5.9187181e-01   2.6518926e-01   2.6657091e-01   8.0843006e-01   5.4945201e-01   5.4980644e-01   0.0000000e+00   5.0896508e-01   6.0412086e-01   2.1846708e-01   5.5890231e-01   4.3897570e-01   6.9823940e-01   7.9924992e-01   2.6638405e-01   9.4757314e-02   8.7336082e-01   5.0719286e-01   5.0710983e-01   5.7935133e-02   8.3088698e-01   7.9855634e-01   6.6848075e-01   9.9938575e-01   5.8399313e-01   2.1223503e-01   3.9001799e-01   8.1171612e-01   4.6687060e-01   9.9047971e-01   2.1663504e-01   1.9179590e-01   1.2007078e-01   8.2390293e-01   4.0622761e-01   5.3506469e-01   2.3346198e-01   5.1041167e-01   6.2188207e-01   1.4700021e-01   2.6778735e-01   3.8189719e-01   4.5622837e-02   6.2171319e-01   1.8634051e-02   3.8157993e-01   7.1169698e-01   9.1450025e-01   4.4120804e-01
   8.8389890e-01   1.5095439e-02   7.4392100e-01   5.1697495e-01   3.7632255e-01   7.5905913e-01   2.7642294e-01   2.9991035e-01   4.8032052e-01   6.9582177e-01   6.1743717e-01   9.8937949e-01   8.1704592e-01   3.4041879e-01   9.4542809e-01   6.7412239e-01   1.8407101e-01   3.9598541e-01   7.9655934e-01   5.7186038e-01   2.1580245e-01   3.0846798e-01   6.1757989e-01   8.5199097e-01   6.6211835e-01   6.2465270e-01   9.1539676e-01   8.9491090e-01   5.2467560e-01   4.5959488e-01   8.2551592e-01   5.2939253e-01   5.1596557e-01   2.5606901e-01   5.6131907e-01   5.4557606e-01   3.1810343e-02   8.5813703e-01   5.5954462e-01   9.8768622e-01   8.1144447e-02   1.0173880e-01   2.8086021e-01   5.3829190e-02   1.0326511e-01   7.9151088e-01   1.1254380e-01   2.8653256e-01   7.3320097e-01   1.4928547e-02   8.6133450e-01   5.5868436e-01   8.1792675e-01   2.1899394e-02   1.3711398e-01   4.4105956e-01   7.7125467e-01   2.6839445e-01   9.5757494e-02   0.0000000e+00   7.0435011e-01   4.0661425e-01   3.2329869e-01   7.0440284e-01   8.4119153e-01   5.2617446e-01   5.6149015e-01   4.6617521e-01   2.4785476e-01   7.8296230e-01   7.7795586e-01   3.3969469e-01   2.1830880e-01   2.2253328e-01   2.0001782e-01   2.5047947e-01   3.7065132e-02   1.7735671e-01   2.6862437e-01   7.4802189e-01   4.5965852e-01   1.2458481e-01   2.9403705e-01   9.8038906e-01   6.5984249e-01   5.2911770e-01   1.4248390e-01   8.4554968e-01   9.7814424e-02   1.5451875e-01   5.2112521e-01   6.9075728e-01   3.4645549e-01   7.1463443e-01   4.0717733e-01   2.6858967e-02   8.5083023e-01   2.1089947e-01   9.5184687e-01   9.8635713e-02   2.1532831e-01
   4.9399685e-01   8.4025964e-01   3.9124263e-02   2.3962452e-01   5.3485761e-01   5.1567811e-01   6.8573334e-01   4.8373941e-01   4.6099151e-01   6.2914952e-02   9.4063762e-01   4.9186691e-01   2.5206808e-01   6.9545649e-01   8.3623821e-01   3.3162801e-01   2.9353877e-02   2.4584598e-04   9.4106022e-01   1.0991141e-01   3.4206168e-01   6.8322141e-01   4.3365210e-01   7.9304358e-01   6.6910092e-01   8.8380791e-01   9.4648014e-01   9.4927860e-01   9.0373531e-01   2.1383427e-01   8.6986873e-01   3.4046667e-01   5.8731460e-01   4.2940344e-02   9.6163254e-01   9.0137577e-01   4.5795088e-01   3.5436410e-01   9.8267303e-01   8.3989586e-01   4.4940589e-01   3.1284808e-01   3.5516565e-01   3.1951595e-01   6.6318188e-01   4.4177410e-01   5.7251248e-01   8.5360723e-01   8.9317620e-01   1.9957795e-01   6.8516532e-02   3.1747259e-01   4.2658490e-01   1.7378743e-01   8.3525815e-01   3.3349582e-01   4.6311054e-01   2.3377637e-01   9.1992093e-01   6.4840201e-01   0.0000000e+00   5.9594721e-01   9.1135512e-01   1.4430234e-01   3.6128272e-01   5.5045891e-01   1.6902708e-01   4.2956928e-01   1.4806123e-01   6.4187550e-01   1.0907978e-01   6.9698940e-02   5.4969111e-01   9.1861172e-01   9.8608930e-01   6.8607746e-02   7.8971907e-01   2.1728255e-02   3.3049511e-01   1.2645132e-02   2.9209776e-01   3.4912244e-01   9.7827630e-02   9.7724248e-01   6.7101132e-01   9.3381840e-01   5.5954767e-01   6.3988516e-01   9.4596501e-01   3.0060095e-01   3.1239721e-02   3.5086674e-01   9.1641979e-01   3.9010170e-01   9.0720966e-01   7.1194773e-01   2.7055426e-01   5.7233787e-01   3.7563377e-01   8.5452007e-01   2.0206654e-01
   9.9953248e-01   1.8181869e-02   3.6288634e-01   6.1026244e-01   4.9171646e-01   3.0186283e-01   5.3934457e-01   4.8932094e-02   3.1229586e-01   3.2496650e-01   6.7209310e-01   1.2139948e-01   2.2686940e-01   9.6186507e-01   5.1617376e-01   4.3269660e-01   2.3072685e-01   5.9481805e-01   9.3261066e-01   7.1476775e-01   6.9714240e-01   1.3121502e-02   8.5312980e-01   8.4534800e-01   1.6740833e-01   9.5373624e-01   4.0160302e-01   1.7865497e-01   1.2371302e-01   3.0593070e-01   9.3983310e-01   4.1027996e-02   4.0959009e-01   7.2984261e-02   1.3139669e-01   7.9271042e-01   9.3127591e-01   4.4944414e-01   8.0038081e-01   9.4982579e-01   4.5289020e-01   1.5090015e-01   1.3673686e-01   9.1467652e-01   2.2305250e-01   2.8029191e-01   8.1240947e-01   6.6063928e-01   3.3688104e-03   3.7573545e-01   9.7086619e-01   5.6385246e-01   2.1738224e-01   6.6664792e-02   3.1069150e-01   1.1902569e-01   3.5083822e-01   2.1436610e-01   9.3240319e-01   6.5052081e-01   3.9689702e-01   0.0000000e+00   3.9141943e-01   1.2346216e-01   5.0139890e-02   9.0659995e-01   5.4022367e-01   8.0190150e-01   2.9493853e-02   6.9076335e-01   3.0796836e-03   6.9814401e-02   6.4191757e-01   2.6427712e-01   7.8893244e-01   4.0225870e-01   7.3140820e-01   4.2266443e-01   3.3068170e-01   9.9109268e-01   9.3977693e-02   9.9894332e-01   8.4375360e-01   6.4542037e-02   4.2673599e-01   7.9217234e-01   8.9702871e-02   6.0880491e-03   2.4975099e-01   7.7125727e-01   2.8925094e-01   8.0694346e-01   4.7743411e-01   3.9597632e-01   2.5394841e-01   4.3849742e-01   1.3567358e-01   7.5852706e-01   8.0623241e-01   5.5901088e-01   1.6117233e-01
   4.7958700e-01   1.7121427e-01   1.9769645e-01   2.6805098e-01   9.4152605e-01   6.9026876e-01   4.2741993e-02   8.5454192e-01   7.1612485e-01   8.4633165e-01   1.6390686e-01   5.0844088e-01   4.3104351e-01   2.8501388e-01   9.5567763e-01   6.3381827e-01   1.1159613e-01   1.5790077e-01   8.4705722e-01   8.2593571e-01   9.2344608e-01   1.4200556e-01   1.4835027e-01   1.8276001e-01   6.9423383e-01   7.7074249e-01   6.4694882e-01   2.4034237e-01   3.2575762e-01   4.1003159e-01   1.1642465e-01   6.1793760e-01   8.2103386e-01   3.4480034e-01   6.8068965e-01   6.5675271e-01   1.7369254e-01   7.4326859e-01   6.4739538e-01   3.5086190e-01   8.8091875e-01   4.0524041e-01   5.4211341e-01   5.8273669e-01   5.1539648e-01   7.7943731e-01   6.0450413e-01   3.2858850e-01   3.5960362e-01   5.9858113e-01   2.5700031e-01   8.2161798e-01   9.5331935e-01   7.7050647e-01   2.0355212e-01   4.4598279e-01   8.2233335e-01   9.5176361e-01   2.5934111e-01   3.4760627e-01   7.2360141e-01   1.4529529e-01   0.0000000e+00   7.9686491e-01   3.7367180e-01   5.0690463e-01   6.5174013e-01   6.1480187e-01   1.5992374e-01   8.8593124e-01   1.9586352e-01   4.7348628e-01   2.0643536e-01   2.6887541e-02   4.5178999e-01   7.3715635e-01   6.7484600e-01   6.2716963e-01   6.0469274e-01   6.1645506e-01   4.8202742e-01   9.4248391e-01   2.3985335e-03   4.7020280e-01   2.7711843e-01   2.5056770e-01   5.5431180e-01   3.7225392e-01   1.2090519e-01   3.9501838e-01   7.3636319e-01   7.8916235e-01   8.9041582e-02   8.7384965e-01   3.2515882e-01   1.0797935e-01   8.8076689e-01   3.8835535e-01   6.6441674e-03   3.9673129e-01   6.3063733e-01
   3.7571206e-01   1.0442433e-01   3.8457471e-03   2.2975606e-01   3.1823726e-01   8.3121577e-01   3.0481915e-01   4.4802211e-01   6.3881265e-01   4.5027075e-01   2.2567852e-01   1.7287832e-01   6.3988331e-01   5.2489511e-01   6.3500639e-01   4.6717011e-03   5.8759239e-01   9.7445284e-01   5.2009065e-02   6.5721722e-01   6.8651343e-01   3.3751957e-01   9.3652917e-01   5.1507222e-01   2.1607280e-01   6.7236729e-01   6.4754861e-01   6.3079446e-01   8.5868146e-02   3.7768995e-01   3.3371221e-01   6.7299499e-01   6.7859261e-01   7.3004530e-01   6.0837721e-01   6.6187809e-02   3.4182445e-01   4.5632020e-01   8.1991986e-01   5.3427544e-01   9.6704257e-01   8.0726998e-01   2.3316346e-01   4.7277633e-01   1.5270528e-01   1.0307631e-01   8.5601008e-01   5.2332436e-01   9.2945907e-01   7.4885455e-01   8.7687096e-01   9.2458921e-01   4.4186619e-01   9.6759979e-01   8.2371151e-01   2.4473239e-01   8.1915266e-01   7.8765416e-01   4.3573156e-01   5.1971510e-01   1.2844838e-01   6.9688587e-01   4.9393557e-01   0.0000000e+00   8.0888476e-02   3.6743306e-02   6.0163981e-01   6.9414006e-01   2.6299804e-01   2.5358184e-01   6.4843326e-01   1.2434408e-02   8.8618448e-01   5.2474034e-01   5.9635560e-01   7.9291572e-01   2.4107463e-01   9.5476238e-01   1.8538437e-01   5.7964902e-01   9.6329877e-01   2.5924182e-01   3.0793438e-01   3.9315601e-01   6.8271580e-01   5.6609324e-01   5.0766473e-01   6.4189049e-01   6.7180697e-01   1.2360529e-01   7.5549592e-01   8.0026790e-01   5.9814658e-01   3.1399488e-02   8.1051811e-01   6.6151646e-01   3.3614752e-01   5.5496312e-01   8.6305850e-01   1.6647380e-01   1.5513436e-01
   4.8307138e-01   4.8243439e-01   6.7908527e-01   2.7249037e-01   7.1566318e-02   2.9683156e-01   3.2677224e-01   2.8679649e-02   7.6063071e-01   8.9479808e-02   6.6572798e-01   8.8829305e-02   8.7573713e-01   2.4659568e-01   2.5613644e-01   4.9694475e-01   2.5543805e-01   6.5733259e-01   8.7291077e-02   2.6014449e-01   6.3667392e-01   4.9788212e-02   3.3655481e-01   4.7529591e-01   5.7265208e-01   9.6397210e-01   9.8055935e-01   5.7159374e-01   3.4701506e-01   8.9151386e-01   7.3948230e-02   1.6815320e-01   8.7418490e-01   5.6079095e-01   5.1260067e-01   4.8457953e-01   4.6515604e-01   4.6132485e-01   3.8460701e-01   3.7579035e-01   3.6337160e-01   4.1536556e-01   5.2868297e-01   3.1798324e-01   2.4525978e-01   7.6112510e-01   1.5989027e-01   8.7454846e-01   5.0610645e-01   1.6272156e-01   8.2470504e-02   1.5716079e-01   1.7117883e-01   3.8864407e-01   6.0557677e-01   1.2249333e-01   3.0974662e-01   1.5946461e-01   5.6225785e-01   2.6553911e-01   1.9058199e-01   2.6869948e-01   3.4684394e-01   7.5993156e-03   0.0000000e+00   3.4250782e-01   9.6943395e-01   9.8441143e-01   6.4271474e-01   1.2761881e-01   4.3995228e-01   9.8110215e-02   3.4184125e-01   6.4677030e-02   6.0040180e-01   6.7979124e-01   6.6945535e-01   8.5626736e-02   1.7923749e-01   5.8049930e-01   3.7387375e-01   6.5829068e-01   6.3807287e-01   9.9948652e-01   5.5920697e-02   7.4036341e-01   1.9071680e-01   1.9941423e-01   8.4582939e-01   1.9599449e-01   3.3731790e-01   8.7553926e-01   8.1099524e-01   4.6119854e-01   8.4755773e-01   9.2176196e-01   6.1190345e-01   6.8597294e-01   1.2730638e-01   7.5500010e-02   6.5293676e-01
   1.2014138e-01   3.6488396e-01   7.9020341e-02   7.2343068e-01   8.9639024e-01   7.9089117e-01   9.5756521e-01   1.1354862e-01   8.8358806e-01   5.9001355e-01   8.7535775e-01   9.0224148e-01   1.4792187e-01   2.7683049e-01   7.8572048e-01   3.8641215e-01   1.0055521e-01   5.4206278e-01   9.8998809e-01   9.9682817e-01   7.1905087e-01   6.6341042e-01   5.1770393e-01   7.9966968e-01   2.8556756e-01   1.0161399e-01   2.9335918e-01   8.0627227e-01   1.0131061e-01   9.6759356e-01   4.4904614e-01   6.1044443e-01   9.3120324e-01   6.6371110e-01   3.4461743e-01   2.3854772e-01   8.3182347e-01   8.8774742e-02   5.4896625e-01   6.3177377e-01   9.8359787e-01   5.5616196e-01   9.6776647e-01   9.0804479e-01   1.7724948e-01   3.7298837e-01   7.3740375e-01   6.5723722e-01   2.5108323e-01   3.8503042e-01   2.3309370e-01   1.4011743e-01   5.8115431e-01   8.2711719e-01   7.2398756e-01   7.6342659e-01   8.8376424e-01   4.9361673e-01   4.9173613e-01   9.6822619e-01   5.8965961e-01   2.5012427e-01   2.4180388e-01   3.5294433e-01   6.5657248e-01   0.0000000e+00   3.3721128e-01   7.1984313e-01   1.5698812e-03   3.5680012e-01   1.8885439e-01   2.7714137e-01   8.0874707e-01   4.2963787e-01   9.7661095e-01   7.3178704e-01   8.6933261e-01   5.7438206e-01   5.4868274e-01   6.1636546e-01   4.3694220e-01   5.5822947e-01   4.7167060e-01   7.1268491e-02   2.8844313e-01   3.6753188e-01   7.4490659e-01   8.9227960e-01   6.2348854e-01   6.7808993e-01   5.4866904e-01   2.0916227e-01   7.0302069e-01   7.9692556e-01   4.0502808e-01   1.5532244e-01   2.3842765e-02   7.0929071e-01   6.8138126e-02   9.1013050e-01   9.9398268e-01
   6.8850832e-01   3.6733574e-01   3.3790369e-01   2.2311110e-01   6.2926129e-01   5.8846265e-02   5.4382270e-01   8.7659486e-01   9.0278652e-01   4.6449496e-01   8.7190447e-01   2.6927571e-01   9.6680976e-01   6.1595950e-01   9.3756838e-02   5.3465148e-01   5.9770353e-01   3.4704218e-01   9.3611788e-01   9.3509720e-01   3.6957680e-01   5.4902132e-01   9.6914957e-01   6.0925634e-01   8.2280960e-01   7.1047306e-01   8.5389296e-01   1.2843227e-01   6.2371589e-01   2.9258498e-01   6.4739451e-01   8.2201484e-01   8.1901491e-01   1.8370247e-01   3.6481858e-03   5.1377751e-01   1.6231606e-01   6.8092208e-03   6.5541407e-01   9.9828110e-01   8.3969051e-02   6.8652683e-01   8.1202068e-03   9.1281192e-01   7.4101303e-02   7.1302979e-01   7.1733901e-01   9.4956173e-01   1.5753084e-01   4.7622670e-02   5.0245271e-01   5.7616956e-01   6.4804965e-01   6.4966615e-01   3.2927322e-01   5.2181446e-01   5.0885253e-02   1.4188975e-01   6.6881454e-01   1.0079455e-01   1.1473951e-01   1.8931428e-01   9.4882284e-01   4.3186355e-01   3.1850674e-01   3.3737453e-01   0.0000000e+00   7.9142343e-02   5.4397258e-01   5.9217121e-01   4.1161050e-01   5.4334300e-01   3.9583771e-02   5.2383881e-01   9.8079479e-01   2.4262825e-01   7.0677170e-01   6.2276920e-01   4.9954615e-01   6.4934951e-01   2.9730803e-01   5.0483967e-01   6.9563534e-01   8.4504054e-01   8.4746298e-01   3.3804459e-01   5.3534526e-01   6.0516422e-01   1.1869161e-01   7.5774433e-02   7.6200867e-01   6.4008191e-01   7.0675409e-01   3.4682796e-01   7.6678345e-01   5.8911432e-01   8.0240198e-01   3.1828676e-01   7.9010624e-01   4.7894172e-01   8.2421412e-01
   7.4758312e-01   4.8568494e-01   2.6603623e-01   3.8918613e-01   9.8484567e-01   6.5372411e-01   1.4717360e-01   9.3748492e-01   3.8006434e-01   4.7973042e-01   9.1310553e-01   2.8066517e-01   3.4662043e-01   6.0042715e-01   6.7424034e-01   6.9506579e-01   7.2514670e-01   9.5390781e-01   6.9497109e-01   7.8210345e-01   6.2924598e-01   9.5583256e-01   3.3025808e-01   8.4891898e-01   2.9330750e-02   3.1750085e-01   2.1717829e-01   5.8472755e-01   9.8356499e-01   1.4095453e-01   2.7035888e-02   2.9231731e-01   9.0313938e-01   3.5313492e-01   5.2354718e-01   7.2604978e-01   9.5001302e-01   6.7806310e-01   7.8877280e-01   5.6301542e-01   8.3942980e-02   8.5985012e-01   4.5839832e-01   5.4927614e-01   7.9954538e-01   8.9653757e-01   5.3345732e-01   6.1740050e-01   1.9200180e-01   7.4240832e-01   9.5208291e-01   7.3231750e-01   3.3049688e-01   7.3291108e-01   2.7973443e-02   2.3387831e-01   7.4082706e-01   5.2058667e-01   7.0021839e-01   1.2224785e-01   9.3700254e-01   7.7296789e-01   9.8485174e-01   9.4082569e-01   6.4525138e-01   3.6309755e-02   7.3882287e-01   0.0000000e+00   3.7645700e-01   8.8523807e-01   3.9957263e-02   1.7012868e-01   6.4779895e-01   7.6024986e-02   6.8446673e-01   9.2791460e-01   7.1835801e-01   1.3223493e-01   1.7808562e-01   1.5840640e-01   4.4513384e-01   5.8193376e-01   9.0298874e-01   2.0968656e-01   5.2906995e-01   9.8682643e-01   3.3837544e-01   2.5246998e-02   2.5484818e-01   9.7882747e-01   4.5260647e-02   4.8600483e-01   7.3761263e-01   3.0444092e-01   7.3345917e-01   1.6545594e-01   6.1128606e-01   4.7124786e-01   9.6205484e-01   4.4610235e-01   3.8369290e-01
   3.8943467e-01   4.2087057e-01   7.9283610e-01   4.8097687e-01   6.4347311e-01   7.8073124e-01   3.4876358e-01   1.2544411e-01   9.6873805e-01   5.0668940e-01   6.6119369e-01   5.3154060e-01   6.1634054e-01   1.2462469e-01   5.9823604e-01   7.8491712e-01   6.1182915e-01   7.6655853e-01   7.6939543e-01   5.9217065e-01   6.6757337e-01   1.2675324e-01   9.9839423e-01   7.8201377e-01   4.2906216e-01   6.3817756e-01   4.7182067e-01   1.9101520e-01   6.4749853e-01   9.9126988e-01   7.5327231e-01   2.0860073e-01   3.2522949e-01   1.3956819e-01   5.1977268e-01   9.6818363e-01   3.0652024e-01   1.8339878e-01   2.9314986e-01   4.1952696e-02   9.4877276e-01   8.4226557e-01   7.3667046e-01   8.4613003e-01   3.9429372e-01   3.6542997e-01   3.1498810e-01   4.2268351e-02   1.8873890e-01   6.1451675e-01   5.1879639e-01   5.4408622e-01   6.9369034e-01   4.2141383e-01   8.4739182e-01   4.8278380e-01   4.5200510e-01   3.8168377e-01   9.0961260e-01   6.8878872e-01   3.0952355e-01   7.1319048e-01   3.7212531e-01   2.9729796e-01   7.0042651e-01   4.1311829e-01   7.2831388e-01   9.4703215e-01   0.0000000e+00   7.9787778e-01   7.8000333e-01   1.7384601e-01   4.7480019e-02   4.2666483e-01   8.0327777e-01   5.1737035e-01   9.8609992e-01   5.9901553e-01   6.8837375e-01   2.0946513e-01   3.0707630e-01   9.3341835e-01   4.3656299e-01   4.6701917e-01   8.8599290e-01   3.1499058e-01   9.8230081e-01   4.8730682e-01   6.5287183e-01   4.5810577e-01   8.6067999e-01   3.0084611e-01   1.5566508e-01   1.9511739e-01   7.3561583e-01   3.6823101e-01   3.0698980e-01   9.8206086e-01   8.5738875e-01   3.1185147e-01   3.1028880e-01
   7.2890262e-01   3.2604361e-01   2.2406924e-01   4.3614776e-01   9.3388254e-01   9.1839281e-02   3.4911018e-01   5.7597034e-01   3.0632052e-01   1.9874396e-01   1.6811138e-01   8.0970652e-02   4.8592914e-01   6.8607788e-01   1.7873709e-01   6.1685961e-02   6.9585250e-01   8.3795042e-01   5.3743519e-01   2.9371564e-01   9.9771889e-02   7.9584778e-02   2.3896243e-02   2.0405104e-01   8.8992991e-01   2.1193516e-01   2.8908375e-01   3.4836047e-01   7.2293431e-01   7.9028000e-01   3.0305042e-01   7.3684961e-01   1.7030718e-01   7.8062389e-01   3.7533290e-01   6.5481754e-02   6.2342299e-01   4.4221418e-01   1.1559858e-01   7.7786670e-01   7.0639058e-01   3.9900654e-01   8.8930381e-01   2.8063100e-01   1.4699292e-01   6.3453297e-01   7.9591582e-01   2.7514649e-01   3.4247107e-01   9.9299578e-01   7.1632516e-01   6.8338680e-01   4.3250436e-01   6.4421612e-01   6.6497862e-01   8.3920569e-01   7.7075424e-01   3.0980759e-01   5.0745053e-01   3.4694351e-01   8.6285615e-01   3.4940735e-01   8.5315777e-01   1.8839201e-01   9.1627770e-01   7.7205322e-01   3.8737905e-01   8.1526089e-01   8.6623490e-01   0.0000000e+00   7.8617748e-01   5.8979375e-01   8.8008895e-01   4.4168800e-01   3.0156125e-01   3.6850768e-01   9.7771026e-01   1.8558884e-01   6.0150367e-01   2.7315575e-01   2.7656318e-01   4.3490631e-01   2.1681063e-02   3.6851605e-01   6.6238284e-01   2.9177851e-01   6.1991771e-01   4.1536520e-01   2.1418074e-01   8.4849025e-02   8.3252585e-01   1.4124182e-03   3.8791316e-01   8.2763947e-01   1.7656695e-01   3.6309935e-01   8.5433547e-02   2.0823354e-01   9.7007157e-01   3.9736364e-01   6.2685389e-01
   8.5309594e-01   4.2085727e-01   7.3051304e-01   2.9429268e-02   9.0609213e-01   3.9389310e-01   6.6365601e-01   2.9023311e-01   7.9530606e-01   4.6318892e-01   5.5651980e-01   5.7021818e-01   3.7227663e-01   5.0679372e-01   5.3505344e-01   9.0349266e-01   5.2147510e-01   8.4385905e-01   7.7005980e-01   6.0997987e-01   2.1914840e-01   3.6875572e-01   8.3785242e-01   2.4854860e-01   4.6977918e-01   4.5414207e-01   1.4366828e-01   6.7218554e-01   2.9635127e-01   1.7549927e-01   4.1289323e-01   9.8883740e-01   2.1190363e-01   5.3017607e-01   4.7057207e-01   8.5111947e-01   2.3250109e-01   8.0534240e-01   2.0409735e-01   1.4303734e-01   6.7110998e-01   4.6210474e-02   8.9094857e-01   2.4681184e-01   8.6915308e-01   5.8172764e-01   5.7761684e-01   6.4067238e-02   2.9708066e-01   8.0194363e-01   6.4417494e-01   1.0342785e-01   5.4327653e-01   3.2804059e-01   2.6037350e-02   7.9346938e-01   7.0875269e-01   4.8544979e-01   2.9345936e-01   1.5292306e-02   9.3678003e-02   7.3919654e-01   9.7818169e-01   7.4802496e-01   5.4636662e-01   5.1852077e-01   4.6073658e-01   4.0353144e-01   9.3766791e-01   3.7810904e-01   0.0000000e+00   6.5296857e-01   3.3176442e-02   9.4318590e-01   1.0367888e-01   3.1923460e-01   8.8546553e-01   8.3518514e-01   6.9944481e-01   7.0634840e-01   5.0518335e-01   5.2075031e-01   6.0693194e-01   6.8340400e-01   3.5482802e-01   2.3940987e-01   8.5662551e-03   8.0015359e-01   9.4179405e-01   8.8682161e-01   8.0046503e-01   7.3343294e-01   5.1583859e-01   3.5566227e-01   9.3608649e-01   4.9625788e-01   4.2637465e-02   3.3238662e-01   9.9729956e-01   3.9253266e-01   6.6543391e-01
   8.9644307e-01   6.9718632e-01   5.8755211e-01   9.5352635e-01   6.4037271e-01   6.3351810e-01   3.6406546e-01   8.5979574e-02   4.9936295e-01   6.4287976e-01   8.1496728e-01   3.9118463e-01   6.6152848e-01   3.4544788e-01   7.4656152e-01   6.0144600e-01   6.4285369e-01   9.9238590e-01   8.6475832e-01   9.1129416e-02   1.6184637e-01   5.6442921e-01   8.8452881e-01   7.6133583e-01   2.0747171e-01   5.0289618e-01   7.0496638e-01   6.7625796e-01   4.7983160e-01   1.4765721e-01   7.7104466e-01   6.9799141e-01   6.9692497e-01   4.1093484e-01   8.9375066e-01   1.1310482e-01   7.3185754e-02   7.3915653e-01   9.9672370e-01   2.0808488e-01   4.7895964e-01   2.1525582e-01   6.2817344e-01   7.8478294e-01   1.2135128e-01   6.7478961e-01   4.9877013e-01   6.7808785e-01   9.2829147e-01   8.5969786e-01   5.1249784e-01   5.2335248e-01   6.2374108e-01   1.7023480e-02   4.8935985e-01   5.2392617e-01   7.3720550e-01   9.8505888e-01   5.4165546e-01   2.3367807e-01   8.9974229e-01   8.3661414e-02   8.1348329e-01   1.1862330e-01   4.0910076e-01   9.6353084e-01   8.0206070e-01   2.8009240e-01   5.4967925e-01   8.0258723e-01   8.4521717e-01   0.0000000e+00   9.2574395e-02   1.7786170e-01   9.0013841e-01   5.5952068e-01   3.5238773e-01   2.5265348e-01   4.0969770e-01   2.3356328e-01   9.5964669e-01   3.8744324e-01   7.1275895e-01   3.4954883e-02   9.1529422e-01   2.1538977e-01   7.4235315e-01   1.1244655e-02   7.0848083e-01   8.8383075e-01   9.7523341e-01   8.6124826e-01   7.9965292e-01   3.3870544e-01   5.0846555e-02   5.3029828e-01   8.6566509e-01   3.7475958e-01   6.8178600e-01   3.6835653e-01   6.8467919e-01
   2.5562674e-01   1.4385883e-01   8.1001637e-01   9.1635271e-01   4.6196565e-01   9.6708636e-01   9.9650603e-01   9.6664908e-01   5.1723386e-01   8.3444782e-01   9.4167696e-01   3.2182212e-01   2.9996012e-01   7.5809766e-01   2.1631830e-01   7.1201248e-01   6.4102463e-01   7.7475962e-01   7.3948136e-01   2.6164860e-01   2.0108911e-01   1.8839100e-01   4.7867649e-01   7.9392291e-01   3.5307280e-01   7.2089032e-01   4.8350583e-01   9.8189185e-01   5.8231669e-03   7.2363460e-03   9.1576309e-01   5.6206007e-02   5.7333194e-01   1.8431405e-01   3.1022252e-01   6.5031638e-01   9.3391417e-01   6.5817077e-01   6.1962779e-01   3.5370973e-01   1.4021342e-01   5.2677010e-01   6.6407490e-01   6.0160943e-01   9.2188606e-01   7.0823707e-01   5.1552267e-01   6.4640210e-01   3.9060614e-01   6.8144902e-01   1.0639502e-01   6.3967756e-01   4.6859914e-01   1.0247855e-01   5.7801068e-01   3.9871061e-01   8.4075049e-01   6.8999517e-02   8.5038381e-01   6.4251908e-01   1.0094518e-01   4.5005723e-01   1.1369343e-01   2.9540595e-01   2.6293144e-01   7.1379552e-01   4.1316803e-01   5.3321268e-01   1.5240863e-01   6.3444981e-02   5.3708877e-01   7.3992924e-01   0.0000000e+00   5.8919565e-01   3.2031396e-01   6.7275442e-01   4.6307256e-01   3.2157461e-01   7.9418562e-01   3.3526110e-01   2.4012857e-01   2.8546255e-01   4.3296524e-01   2.0725365e-01   6.5138324e-01   4.8669535e-01   4.5185599e-01   7.8884315e-02   4.0692439e-01   4.0155480e-01   8.8684700e-01   2.9872955e-01   1.1330161e-01   6.6973631e-01   8.2612754e-01   9.0005105e-01   6.4467081e-01   2.1557694e-01   7.6377266e-03   1.5548371e-01   5.4608012e-01
   5.5295552e-01   9.0753416e-01   3.6090142e-01   3.6443323e-01   2.8708046e-01   9.3392322e-01   3.7315553e-01   7.4624381e-01   1.8565241e-01   5.1465342e-01   2.3890890e-02   3.0323177e-01   5.6704961e-01   1.9029586e-01   5.9258575e-01   1.3513365e-01   1.8309393e-02   3.9099927e-01   9.1778111e-01   4.5082178e-01   8.5524744e-01   4.2566759e-01   7.5911527e-01   9.4031666e-01   8.5079915e-01   5.4004518e-01   2.6410703e-01   3.7992160e-01   4.8132331e-01   1.4307359e-01   4.0966044e-01   8.0091959e-01   5.2263618e-02   9.1909357e-01   7.3876567e-01   4.0155023e-01   2.7434768e-01   9.4687679e-01   7.3554236e-01   3.2878073e-01   7.2933133e-01   8.1717548e-01   7.5862740e-01   2.3978793e-01   5.4275891e-01   4.1256306e-01   4.9958993e-01   9.2884811e-01   6.3837223e-01   1.8849063e-01   3.4556275e-01   1.6743796e-01   5.8389765e-01   7.5840558e-01   5.9205835e-01   7.3044194e-03   8.3563633e-01   1.8581493e-01   9.7099558e-01   7.3856762e-01   6.0104098e-01   3.0079264e-01   2.3728588e-01   4.0331979e-01   1.4627035e-01   2.2632922e-01   4.7386746e-01   5.7160206e-01   6.0732712e-01   8.9553061e-02   2.3986235e-01   2.1750708e-01   6.7265853e-01   0.0000000e+00   6.3333427e-01   3.2124357e-01   2.0955551e-01   2.4969454e-01   7.4030456e-01   5.2202690e-01   7.1570215e-01   5.3873758e-01   8.6963649e-02   1.8086746e-01   8.2251870e-01   4.7319996e-01   7.6852512e-01   5.4344310e-01   8.0146097e-01   8.1914052e-01   5.2937479e-01   9.7226466e-01   5.0907082e-01   4.3750728e-01   7.0708228e-01   7.9846111e-01   1.9079285e-01   4.7524953e-01   8.5863429e-01   2.3792109e-01   6.3946363e-02
   6.6072927e-01   8.1127827e-01   1.4003060e-01   4.1464957e-01   8.9885289e-01   2.2615791e-02   3.5999297e-01   1.3277807e-01   8.3344637e-01   5.9125077e-01   7.9064463e-01   3.5733157e-01   6.7002835e-01   8.1336329e-01   6.3511398e-01   6.1255849e-01   7.2458672e-01   1.4634496e-01   5.3841935e-02   2.5644221e-01   5.5659409e-01   2.0793909e-01   1.8345775e-01   7.3687696e-01   1.3236459e-01   1.5410515e-01   6.7270714e-01   3.1081282e-01   9.1645807e-01   6.8115238e-02   4.5643272e-02   8.0584343e-01   2.2713596e-01   6.9000420e-01   4.3862100e-01   1.5187789e-01   1.1707431e-01   1.4453791e-01   8.7019739e-01   5.8304907e-01   1.1099809e-02   7.4032273e-01   6.4013296e-01   4.1818193e-01   2.5901279e-02   7.2222423e-01   2.2239287e-01   2.4116107e-01   9.1853017e-01   4.3984044e-01   7.2751826e-01   6.5736467e-01   1.0250103e-01   5.2054773e-01   2.8052457e-01   6.7522814e-01   4.0950439e-02   8.7220187e-01   1.6774289e-01   6.6252327e-02   6.9848562e-01   4.1537951e-01   3.5770818e-01   2.9676463e-01   9.9871682e-01   5.8187057e-01   3.4294670e-01   6.6935536e-01   8.2309502e-01   3.4910287e-02   4.1201629e-01   2.9828819e-01   9.7818629e-01   3.3862627e-01   0.0000000e+00   3.3202017e-01   5.1795996e-01   3.7410484e-01   7.0224765e-01   3.9766835e-02   4.9195423e-01   4.4160283e-01   7.6884629e-01   7.4398188e-01   3.6451138e-01   1.0550686e-01   8.6435052e-01   1.4003181e-01   3.0587249e-01   9.1139170e-01   6.7037231e-01   7.8274661e-01   4.6345867e-01   8.7891987e-01   2.4861263e-01   2.4411437e-02   4.0692596e-01   5.7705147e-01   2.6970766e-01   1.2694025e-01   8.7804726e-01
   6.9453111e-01   2.7090316e-01   6.8725978e-01   5.1453359e-01   1.6657605e-01   3.2183354e-01   6.8857104e-01   2.8877693e-01   9.4527569e-03   5.9468915e-01   6.4445887e-01   3.2421419e-01   6.8913503e-01   9.5398735e-01   4.1743501e-01   7.9924012e-01   3.4689285e-01   2.7579865e-01   9.2828699e-01   2.2640635e-01   4.3752453e-01   3.9083643e-01   4.1820514e-01   5.7863160e-01   7.1204259e-01   1.2192243e-01   6.9418748e-02   9.1033967e-01   7.2585736e-01   7.5632653e-01   6.4755360e-01   4.0677759e-01   8.6754634e-01   8.1323129e-01   3.8693061e-01   7.7100435e-01   2.8537064e-01   6.9532259e-01   6.5882691e-01   3.7405391e-01   8.3270387e-01   2.2073679e-01   4.8308214e-01   1.5451727e-01   7.2290512e-02   8.6233604e-01   3.9820526e-01   3.5470254e-01   3.1155298e-01   4.3351349e-01   6.3925510e-01   1.9007482e-01   4.5011600e-01   8.3221965e-01   1.2816973e-01   1.9828457e-02   8.3785109e-01   9.8855641e-01   5.1893084e-02   3.4396007e-01   9.9424996e-01   9.0957408e-02   7.1201529e-01   9.2980873e-01   1.8237853e-01   5.2330478e-01   1.8028147e-01   8.1118873e-01   8.5603573e-01   3.2916488e-01   1.4766606e-01   7.1588667e-01   5.8851475e-02   3.5636536e-01   3.8930271e-01   0.0000000e+00   5.8800217e-01   7.9535613e-01   7.6211991e-02   4.9217094e-01   1.1724829e-02   2.0055336e-01   8.8717229e-02   6.8819018e-01   4.6266231e-01   5.8351751e-01   7.2781340e-01   1.4218436e-01   9.4064621e-01   8.1409045e-01   9.4558653e-01   4.3944662e-01   4.7659464e-01   8.9281971e-01   7.5996113e-01   2.7821843e-01   5.8576530e-01   2.5916219e-01   2.0189455e-01   5.7138724e-01   3.1469965e-01
   9.6044809e-01   9.0501198e-01   4.6572565e-01   5.0351950e-01   2.8482708e-01   4.4907107e-01   3.8716320e-01   6.4270252e-01   6.6223973e-01   7.5908429e-01   3.9267965e-01   9.4985833e-01   2.1285228e-01   1.7357668e-01   6.8781099e-01   8.0680308e-01   7.3479370e-01   7.3110763e-01   8.8964629e-01   1.3290237e-02   4.4447869e-01   4.5998454e-01   4.5683844e-01   3.5494750e-01   8.7302841e-01   5.3486946e-01   6.6928036e-01   2.8080721e-01   5.4052725e-01   6.6366884e-01   9.6575892e-02   8.0776235e-01   3.5587592e-01   3.9726713e-01   7.2147293e-01   8.5062214e-01   2.0418159e-02   7.7358774e-01   1.9081596e-02   9.6385646e-01   8.9182474e-01   6.0992673e-01   1.6718803e-01   1.6792749e-01   1.2474942e-01   4.9622695e-01   2.8091986e-01   3.2618302e-01   5.7319737e-01   6.7694890e-01   8.5206932e-01   7.1070360e-02   2.5582323e-01   5.6329024e-01   1.8003310e-01   1.0112981e-01   6.6441481e-02   4.8537521e-01   1.7615736e-01   8.8588240e-01   1.8789470e-01   8.0322172e-01   5.0510083e-01   8.3206065e-01   9.6850576e-01   7.2675680e-01   6.5480770e-01   1.0025978e-01   3.3922279e-01   4.6340904e-01   7.8896814e-01   1.5696160e-01   6.1426256e-01   4.5942827e-01   5.8248690e-01   5.3409802e-01   0.0000000e+00   7.0287164e-01   3.6834428e-01   9.0578677e-01   7.2677037e-01   2.5466880e-01   5.7279762e-01   4.8071208e-01   6.7153260e-01   5.4184288e-01   5.3979562e-01   1.3982267e-01   6.4751860e-01   9.9851176e-01   5.1959326e-01   9.8826887e-01   8.7543472e-01   7.4068414e-01   9.3555054e-01   1.5586994e-01   7.3522853e-02   4.1505597e-01   4.0876438e-01   1.8275981e-01   1.5646175e-01
   4.1571083e-01   5.8411188e-01   5.3106781e-01   6.6366040e-01   5.7973132e-01   8.5407794e-01   1.8173081e-01   5.9711434e-01   6.5928863e-01   7.3455093e-01   3.9668797e-02   5.8141823e-02   4.5722792e-01   1.4515463e-01   5.9228423e-01   4.5541276e-02   3.8342613e-01   1.0796709e-01   4.0796253e-01   2.0383688e-01   1.3680014e-01   9.8600616e-01   9.8118282e-01   7.6613090e-02   1.2027392e-01   4.9657232e-01   2.3250223e-01   2.3573549e-01   9.2257826e-01   8.5209309e-02   4.3157912e-01   9.1800179e-01   6.9469490e-01   1.5967092e-01   6.0067361e-01   2.7395007e-01   5.3090891e-01   1.0037909e-01   7.6759978e-01   9.6623470e-01   1.4447472e-01   8.1269868e-01   5.5801858e-01   6.7590136e-01   6.5454045e-01   4.2704885e-02   7.9650341e-01   5.4079646e-01   3.5526396e-01   7.0226139e-01   9.1874883e-01   7.9789913e-01   1.5000964e-01   6.1799093e-01   9.3935787e-01   8.8205559e-01   9.5130612e-01   7.4286895e-01   8.9060900e-01   5.1881742e-01   5.4094452e-01   3.5579251e-01   9.9433221e-01   5.0375739e-01   8.9142768e-01   4.2262710e-01   4.6815617e-01   5.7201286e-01   5.4307248e-01   1.2107207e-01   9.2669284e-01   5.8508142e-01   5.4501969e-01   8.6606599e-01   8.6599480e-01   4.9238934e-01   8.3937313e-01   0.0000000e+00   4.4531686e-01   1.7607665e-01   7.8191487e-01   8.5602475e-01   3.0185670e-01   8.6017768e-01   4.4206791e-01   9.6990762e-01   7.3951892e-01   3.6876940e-01   4.6794274e-01   2.0740807e-01   1.0097038e-01   7.4997343e-01   5.9967518e-01   3.4717708e-01   4.2620515e-01   1.7147933e-01   8.7006676e-01   5.2920968e-01   7.5457250e-01   4.0140463e-01   6.6030390e-01
   7.6207076e-01   1.9864512e-01   5.5810551e-01   2.5484849e-01   9.9371839e-01   8.4082894e-01   9.1422247e-01   6.7667104e-01   8.0229111e-01   6.0761954e-01   4.2132941e-01   4.3891806e-01   5.9078994e-01   3.5531094e-01   5.6189039e-02   2.9304210e-01   4.1606755e-01   8.7044587e-02   8.7943272e-01   5.4892716e-01   1.5272368e-01   7.2079358e-02   8.6515479e-01   3.2043719e-01   9.6366824e-01   2.9402530e-01   2.1724944e-01   8.4874183e-01   9.6513872e-01   3.4136495e-01   3.8915761e-01   4.5470502e-01   5.2466332e-01   8.9620634e-01   3.3963872e-01   6.6150411e-02   2.4841795e-01   1.4615816e-01   7.2616976e-01   4.2153191e-01   1.0889348e-01   8.3739203e-02   6.5226013e-01   8.9810619e-01   5.9329615e-01   6.8703470e-01   3.5098553e-01   7.5913993e-01   1.2516294e-01   5.0667534e-01   4.5235127e-01   3.0292268e-01   3.1236374e-01   6.0413752e-01   3.4616012e-01   6.0510836e-01   3.9156503e-01   7.5889755e-01   6.3925944e-01   3.2346171e-01   3.1351608e-01   7.5253530e-01   3.1327823e-01   3.2134176e-01   5.3714204e-01   3.0777946e-01   4.3692284e-01   7.8235671e-01   9.1542175e-01   9.1471980e-01   3.6285108e-01   6.4185925e-02   2.8796361e-01   4.5360010e-01   9.5677097e-01   9.3040039e-01   6.2019320e-02   7.8282653e-01   0.0000000e+00   8.6964386e-01   9.1742309e-01   4.9241405e-01   3.0763954e-01   7.6418507e-02   1.2803260e-01   4.3856454e-01   6.7785481e-01   4.6931874e-01   6.8749668e-01   1.1032105e-01   1.9076650e-02   8.9645583e-01   1.9223811e-01   9.8894098e-01   7.1185247e-01   3.6571675e-01   4.9434218e-01   4.9696035e-01   5.1730204e-01   1.8665327e-01   2.3641045e-01
   9.0047592e-02   6.6827858e-01   6.2546159e-01   4.8012360e-01   2.0972388e-02   6.1274383e-01   8.6376939e-01   8.1441717e-01   4.6136518e-01   5.5238478e-01   3.5607532e-01   9.9870953e-02   2.5153188e-02   5.9708792e-01   7.2328552e-01   1.3214331e-01   2.8887366e-01   1.4856773e-01   7.7917668e-01   9.0336746e-01   7.7240269e-01   7.5450553e-01   8.2828716e-01   5.6384796e-01   1.2811710e-01   8.3939280e-01   9.6241180e-01   4.9359186e-01   4.1670252e-02   3.3924072e-01   9.3202475e-01   6.5508571e-01   3.0075877e-01   6.3716102e-01   7.4659500e-01   8.3838075e-01   9.8154999e-01   3.6075650e-01   5.6107579e-01   3.8031734e-01   2.8311842e-02   7.6582553e-01   1.5335234e-01   5.7367886e-01   2.8676054e-01   6.1673788e-01   1.5736677e-01   8.1888442e-01   9.8255792e-01   8.3447957e-01   3.9086865e-01   1.8174787e-01   3.0824315e-01   1.2440484e-01   2.4311087e-01   5.3242341e-01   6.9957494e-01   6.4399964e-01   1.8156552e-01   5.1815898e-01   9.6633070e-02   7.6427311e-01   7.2750146e-01   2.7227125e-01   9.1852261e-01   4.4726641e-02   5.4875961e-01   5.1666693e-01   2.2404514e-01   8.4324979e-01   1.4752869e-01   4.0942968e-01   1.8355861e-02   2.2128984e-01   6.2792759e-01   4.0073626e-01   2.6949350e-01   7.6435779e-02   1.2629862e-02   0.0000000e+00   9.4414300e-01   3.8782043e-01   6.0420332e-01   5.0751730e-01   2.4259212e-01   9.4421634e-01   5.2646944e-01   1.5754706e-01   3.5739396e-01   3.4973769e-01   1.8172084e-01   5.8277510e-01   9.5877448e-01   1.5114173e-02   2.8199695e-01   7.3374516e-02   2.2723880e-01   5.3867447e-01   9.3835070e-01   8.9273052e-01   3.9262588e-01
   5.8261922e-01   8.3813905e-01   8.9541402e-01   5.2313565e-01   1.8349518e-02   1.3784139e-01   9.3784302e-01   8.5582222e-01   4.9188234e-01   2.7032506e-01   9.8631254e-01   6.2628167e-01   1.3280325e-01   4.1463993e-01   8.1707176e-01   1.8865390e-03   3.7661450e-01   3.9101710e-01   9.6569991e-01   6.8381103e-01   9.7843661e-01   3.3833016e-01   6.4825720e-01   5.9120919e-01   2.9290565e-01   1.1060725e-01   9.0941752e-01   8.6669977e-01   7.4345293e-01   5.0073293e-01   7.2842212e-01   2.8273757e-01   4.4310537e-01   2.5077461e-01   7.3531916e-01   6.1728814e-01   2.1299928e-01   4.7179100e-01   8.4321580e-01   6.2578804e-01   2.3195425e-01   2.3271811e-01   8.2188136e-01   9.4528031e-01   1.1698526e-01   1.6857380e-01   2.7190794e-01   6.0357820e-01   3.7688419e-01   1.7775593e-01   2.2551664e-01   9.0499038e-01   9.0016785e-01   9.3353878e-01   4.5685036e-01   5.1968230e-01   3.7122390e-01   5.3917042e-01   6.5168076e-01   1.8209273e-01   3.9510651e-01   2.5539002e-01   8.0581270e-01   2.8410148e-01   5.4349584e-01   6.5051745e-01   6.1743091e-01   5.8622513e-01   9.4471508e-01   3.8770906e-02   2.4934819e-01   3.6850834e-01   5.9066770e-01   7.9235776e-01   1.5424520e-01   6.4208617e-01   7.0594095e-01   5.9317319e-01   6.3295608e-01   6.5444636e-01   0.0000000e+00   1.5404502e-01   2.5851427e-01   1.2701372e-01   2.7748926e-01   4.3295631e-01   7.0946644e-01   4.1887273e-01   6.8336364e-01   7.1154925e-01   6.3011608e-01   8.5486138e-01   9.2293125e-01   2.6541681e-01   1.1480848e-01   5.0088383e-01   9.2089144e-01   2.9598229e-01   6.7543322e-02   4.6361294e-01   1.3468572e-01
   9.5331799e-02   2.3401941e-01   9.2547923e-02   6.4432774e-01   1.4989043e-01   2.3766274e-01   6.2153598e-01   1.6241124e-01   4.1203785e-01   3.3768649e-01   2.9664897e-01   1.4386960e-01   5.4488676e-01   5.3799314e-01   1.1267829e-01   2.2078588e-01   6.6609161e-01   3.8646734e-01   5.0539783e-01   3.5558384e-01   4.2869413e-01   8.3833041e-01   9.1177750e-01   9.2952083e-02   8.2440431e-01   1.6032647e-01   9.8316350e-01   5.0719592e-01   8.2334497e-01   8.1176046e-02   6.7172022e-01   2.8080978e-02   6.0330221e-01   7.3998765e-01   4.7603867e-01   5.2877810e-01   2.4794265e-01   8.5191483e-01   7.0925547e-01   1.9867474e-01   8.6396478e-01   6.3975059e-02   4.7452854e-01   5.2988711e-01   4.8414219e-01   5.8678079e-01   1.1884595e-01   5.1283429e-01   4.3408429e-02   2.7474528e-01   9.2105733e-01   1.4924981e-01   3.0604366e-01   7.7286600e-01   4.5095861e-01   7.5885609e-01   3.7428254e-01   3.8265540e-01   2.4696258e-01   6.7131276e-01   6.4455581e-01   8.0506474e-01   9.4314095e-01   9.8880622e-01   9.7753147e-01   6.8910819e-01   3.5042729e-02   5.4863538e-01   7.5986881e-01   7.8421417e-01   5.9981159e-01   5.6660681e-01   1.0377799e-01   7.8401114e-01   3.2883207e-01   2.0061349e-01   7.7131736e-01   1.5621753e-01   3.4121888e-01   9.5181031e-01   5.5005051e-01   0.0000000e+00   3.5996102e-01   1.3613002e-01   2.6633666e-01   9.3618753e-01   3.6781232e-01   6.8992100e-01   7.8765490e-01   3.0624527e-01   8.4829960e-01   8.2266419e-01   7.0138357e-01   6.8672613e-01   1.4383873e-01   7.0942381e-01   6.3046787e-02   9.3812980e-01   1.0826094e-01   6.0921811e-01   5.6140477e-01
   7.0085212e-01   6.5305476e-01   7.3927912e-01   5.6714909e-01   4.0824738e-01   8.4164495e-01   2.5773754e-01   7.2457535e-01   2.1760342e-01   8.0761967e-01   3.1985469e-01   2.1841393e-01   6.6103905e-01   4.9532539e-01   3.5000073e-01   4.5612667e-01   9.4091982e-01   7.8364134e-01   4.2238384e-01   2.6375394e-01   5.0195198e-01   3.9601731e-01   6.9441196e-03   6.0999747e-01   8.4354389e-01   5.1855174e-01   8.4856587e-01   9.2479909e-01   1.1845782e-01   5.4229985e-01   1.3709026e-01   9.5725447e-01   4.6822244e-01   1.2211429e-01   9.3002294e-01   2.4418232e-01   2.7619066e-01   7.4039685e-01   9.7798589e-01   8.1011117e-01   2.9967548e-01   8.6592410e-02   5.2911203e-02   2.4416267e-01   9.0851840e-01   7.6311222e-01   5.2783724e-01   9.9806286e-01   1.5514292e-01   6.3108406e-01   6.4460700e-01   7.3467158e-01   7.0381379e-01   8.0671967e-01   2.2840924e-01   7.2411284e-01   5.3161778e-01   6.1914975e-01   6.0379060e-01   5.1177664e-02   4.0812004e-01   4.0616631e-01   3.8398099e-01   6.4858110e-01   6.6667354e-01   9.6853256e-01   3.8279832e-01   3.6351085e-01   2.5071849e-01   2.8884385e-01   7.1350419e-01   9.0976605e-01   4.3349746e-01   5.2216494e-01   6.7740297e-01   2.9928340e-01   1.2020960e-01   5.8585151e-01   3.7336351e-01   2.5099026e-01   2.7178414e-01   8.8231870e-01   0.0000000e+00   8.9298410e-01   6.6821583e-01   3.7924872e-01   6.1482820e-01   3.8148675e-01   8.5343463e-01   8.9790074e-01   5.9318306e-01   8.8504915e-01   6.8203925e-01   8.3440225e-01   3.1104404e-01   4.4378051e-01   9.2546024e-01   3.4392925e-01   2.1027086e-01   4.5258255e-01   9.8042037e-01
   8.4379054e-01   1.0345683e-01   8.8782181e-01   5.1696014e-01   1.3269878e-02   7.3745398e-01   2.2001886e-02   7.7169293e-01   8.5196659e-01   2.8290334e-01   5.4849931e-01   9.0237732e-01   9.8474165e-01   4.2779815e-01   6.8346864e-02   2.8623729e-02   4.5705678e-02   1.1451212e-01   6.4134783e-01   8.5525302e-01   9.9804093e-01   1.1875085e-01   2.7825898e-01   8.3997379e-01   7.8427946e-01   1.5378524e-01   5.5914786e-01   8.6502315e-03   6.1517107e-01   3.2612939e-01   8.7073425e-01   7.5524197e-01   4.5933184e-01   7.4939016e-01   3.9618891e-01   2.6601800e-01   7.8309395e-01   2.9170652e-01   6.1499480e-01   7.4375234e-01   8.7425870e-01   2.8797295e-01   9.2783971e-02   2.8314624e-01   8.5416427e-02   3.2848303e-01   3.4022340e-01   4.1593245e-01   3.6130554e-01   4.0215933e-01   3.6722786e-01   9.4533636e-01   1.5238425e-01   1.3606319e-01   6.7358210e-02   8.7523143e-01   9.9029052e-01   8.2149030e-01   4.3295642e-01   2.8612200e-01   3.3523371e-01   1.6301890e-01   7.9166826e-01   7.6935501e-01   6.6847049e-01   3.8333894e-01   7.6499419e-01   2.2724887e-01   2.0621438e-01   7.5015279e-01   1.9241446e-01   5.4892326e-01   9.3603525e-02   6.5342419e-01   9.0981883e-01   5.0342394e-02   4.8126537e-01   9.5415516e-01   7.9242069e-01   2.5036364e-01   2.8745879e-01   5.9712234e-01   7.8056084e-02   0.0000000e+00   7.9679697e-02   2.5441175e-01   4.2282460e-01   3.1886992e-01   6.4611244e-01   7.2215048e-01   8.1478907e-01   1.9105842e-01   9.2270271e-01   3.9756396e-01   4.3111052e-01   8.3155167e-01   2.2582712e-01   8.5884554e-01   6.8978473e-01   5.1285798e-01   7.8328678e-01
   8.0969297e-01   6.7388129e-01   1.1286113e-02   5.2643757e-01   1.5900968e-03   9.8845547e-01   3.7511155e-01   8.8296613e-01   7.6772292e-01   6.4698788e-01   3.1385309e-01   8.5570484e-01   2.6460242e-01   2.1500082e-01   3.0441205e-01   8.7209519e-01   1.1524147e-01   5.8400568e-01   9.1004148e-01   1.3126298e-01   3.9798974e-01   1.7076915e-02   3.0291899e-03   4.3312612e-01   6.0309676e-01   2.3222124e-01   9.7802369e-01   4.0493484e-02   1.0927404e-01   1.0950434e-01   5.7778212e-02   6.1561313e-01   5.7874195e-01   5.8008792e-01   3.6440860e-03   8.6447007e-01   4.1055300e-01   7.1875066e-01   8.1039187e-01   2.5770801e-01   6.5762436e-01   2.1773860e-01   2.5285613e-01   9.2213142e-01   7.8620327e-02   7.3239294e-02   5.9545120e-01   3.5857520e-01   9.2428938e-01   6.7861696e-01   8.8496162e-01   6.2058954e-01   7.9355402e-02   7.2470968e-01   5.0472947e-01   2.5691942e-01   2.7552484e-01   8.0686551e-01   6.3468855e-01   8.1663687e-01   2.6929550e-01   1.5978199e-01   3.2231645e-01   9.0288851e-01   3.7274214e-01   6.3219492e-01   7.9959959e-01   6.8797870e-01   1.3910878e-01   2.2342887e-01   4.7715988e-01   7.2786795e-01   9.4469251e-01   8.7288269e-02   7.4805036e-01   4.3284367e-01   4.0888496e-01   6.4572109e-01   2.7376273e-01   5.9113732e-01   8.0037698e-02   9.2393768e-01   4.6240058e-01   2.9486855e-01   0.0000000e+00   7.6597641e-01   8.5041370e-01   4.9036897e-01   8.0885662e-01   6.5165537e-01   3.6283118e-01   7.1270033e-01   2.8540419e-01   7.1715957e-01   3.3126634e-02   7.0956874e-01   9.1046434e-01   8.2448146e-01   3.6478382e-01   8.1912782e-01   9.3972131e-01
   3.9682455e-01   3.2729715e-01   7.8666618e-01   3.4869929e-01   3.1491584e-01   6.4687703e-01   7.2243240e-01   8.7548777e-01   7.6110835e-01   4.9859001e-01   7.2269844e-01   1.6996308e-01   9.8513383e-02   3.7910340e-01   1.0943290e-01   7.8804895e-02   3.1050737e-01   1.7518422e-01   3.2685760e-01   3.2117527e-01   7.1441588e-01   3.3475056e-01   1.3915567e-01   5.3371175e-01   6.0259926e-01   9.0692339e-01   9.0106921e-01   7.9515234e-01   6.7108853e-01   1.2718735e-01   2.6813560e-01   8.9210262e-01   4.2664774e-01   9.1087710e-01   4.7879125e-01   2.5333470e-01   5.1187270e-01   5.5290919e-01   6.9075381e-01   2.4424194e-01   5.5367061e-01   1.4789547e-01   1.6350325e-01   5.3993815e-01   8.2814798e-02   5.2995242e-01   6.4649904e-01   1.8934620e-01   2.9339714e-01   9.1572041e-01   6.3012994e-01   5.5373469e-01   6.4650717e-01   1.8954841e-01   7.5127419e-01   9.7978211e-01   8.4867906e-01   6.6078321e-01   1.8983264e-01   5.5438274e-01   3.0254739e-01   4.1691789e-01   7.9285609e-01   4.9199379e-01   9.0146425e-01   7.7223188e-02   8.9948040e-01   9.4787643e-01   7.0777928e-01   5.9415530e-01   3.5852238e-01   6.7440989e-02   7.8758220e-01   2.1798141e-01   2.7866570e-02   9.4808632e-01   5.0161519e-01   8.4653766e-01   9.8199786e-01   3.7769115e-01   3.5895133e-01   6.4975905e-01   1.2702865e-01   9.8548802e-01   3.8628605e-01   0.0000000e+00   1.9709994e-01   8.3711630e-01   4.8455970e-01   5.3871139e-01   8.4444837e-01   6.2188766e-01   9.0905694e-01   7.0150432e-01   8.0385666e-01   2.1739048e-01   5.6410719e-01   5.6559679e-01   3.2653033e-01   9.2767499e-02   5.7554244e-01
   3.5130480e-01   8.6147697e-01   2.6890214e-01   8.8689079e-01   2.3853831e-01   1.4958995e-01   7.3423535e-01   9.5701569e-01   2.4715364e-01   6.4056772e-02   2.9065585e-01   7.2969125e-01   8.4781802e-01   8.5291795e-01   9.7973865e-01   6.2232070e-01   1.9030014e-01   1.7844603e-01   3.4114969e-01   2.2407497e-01   5.8385820e-01   5.4839523e-01   5.4129270e-01   2.5333198e-01   2.9661654e-01   3.4683585e-01   1.0827587e-01   5.8110678e-01   5.2743942e-01   4.0358995e-01   6.8801944e-01   8.0965193e-02   2.3542058e-01   5.6981893e-01   6.6868633e-01   9.3726107e-01   5.0657593e-01   5.6145178e-01   9.7782268e-01   8.2523075e-01   9.0896121e-01   5.7771801e-01   4.3366814e-01   5.0222299e-01   4.5282070e-01   1.3401832e-03   9.5984029e-01   6.9085369e-01   6.6473573e-01   4.4682026e-01   8.0545693e-01   3.2720375e-01   7.3602573e-01   4.1030627e-01   5.1719207e-01   6.7425483e-01   4.2864094e-02   1.9578461e-01   5.7060002e-01   3.6639744e-01   8.1275103e-01   6.1908858e-01   5.5688369e-01   1.7469197e-01   3.0282361e-01   9.6680226e-01   4.4790980e-01   7.1294551e-01   8.2662151e-01   1.7669825e-01   4.6071989e-01   7.3452379e-01   7.9217513e-01   7.2276383e-01   9.1868300e-01   4.8636444e-01   3.2088005e-01   8.5909902e-01   1.4777071e-01   9.0603439e-01   6.8044500e-01   8.4665031e-01   7.2018106e-01   4.0826703e-01   6.8173912e-01   3.0849386e-01   0.0000000e+00   9.2912039e-01   2.5584254e-01   6.8053070e-01   4.3349181e-01   5.4291568e-02   3.9007523e-01   2.1090660e-01   3.0101647e-01   9.4910257e-01   3.6713467e-01   9.1777065e-01   2.1292178e-01   7.6429805e-01   6.9288924e-01
   6.8666941e-01   5.5421464e-01   9.8301900e-01   7.5094949e-01   3.5919540e-01   7.8928267e-01   1.8161623e-01   2.2976053e-01   5.9224902e-01   5.4797669e-01   8.6001383e-02   9.2857344e-01   2.1794789e-02   2.3528320e-02   3.7659925e-01   1.0109091e-01   9.1963435e-02   3.0900786e-01   9.8129732e-01   2.2088580e-01   9.3356683e-01   7.6335571e-01   1.7687386e-01   9.4360524e-01   9.2687631e-01   5.4264083e-01   5.1537053e-01   4.0761868e-01   8.3827439e-01   3.4055620e-01   9.2835173e-01   8.9546350e-01   8.9171034e-01   3.8453007e-01   8.2678140e-01   8.7192239e-01   6.6083872e-02   9.5519835e-01   8.6282617e-02   2.5773678e-01   5.0166534e-01   1.7944652e-01   8.5612017e-03   4.0987212e-01   5.4663138e-01   6.4292908e-01   7.8099670e-01   7.6091255e-01   2.8034067e-01   7.3269286e-01   7.4524646e-01   4.1990625e-01   2.9427309e-01   2.8613731e-01   3.3940629e-01   3.4363813e-02   5.0116641e-01   4.6916891e-01   5.9417993e-01   1.9932001e-01   9.5464801e-01   4.7051643e-01   3.3735595e-01   3.4406676e-01   3.3561362e-01   9.8426525e-01   6.3765857e-01   1.9319691e-01   6.7703445e-01   7.8841360e-02   2.3335519e-01   6.4706148e-01   9.8020666e-01   3.7357007e-01   1.5147669e-01   6.3521989e-01   6.0978812e-01   5.6864905e-01   7.4565391e-01   1.2965585e-01   8.6092139e-01   1.1040513e-01   3.0851845e-01   9.2801839e-01   2.5831715e-01   1.4935285e-01   3.8603605e-01   0.0000000e+00   4.0460203e-01   6.3285453e-01   7.5019471e-01   9.6450372e-01   8.3098626e-01   1.0560400e-01   3.3883262e-01   1.1666331e-02   2.6598379e-01   8.2049512e-01   6.6996396e-01   6.3201563e-01   3.8429545e-01
   2.2682699e-01   8.5314334e-01   7.8536070e-01   7.3734148e-01   7.5469724e-01   4.0850186e-01   9.8609807e-02   7.5425316e-01   4.7608362e-01   8.0216173e-01   8.1734318e-01   2.8272179e-01   9.1951321e-01   5.2765742e-01   3.7027823e-01   4.3355277e-01   5.3608097e-02   9.1045230e-01   6.0947916e-01   8.5181393e-01   6.8268072e-01   7.4298359e-01   6.5355753e-02   8.6042556e-01   8.5275308e-01   5.9261127e-01   5.6738746e-01   4.1185427e-02   2.0197029e-01   2.9857941e-01   3.8787503e-01   8.5308104e-01   9.8686544e-01   7.1688328e-01   2.4417909e-01   2.1961958e-01   7.5649814e-01   3.6310685e-01   9.9192150e-01   1.2236343e-01   9.6670104e-01   1.8369815e-03   1.0076826e-01   6.4081515e-01   1.6897676e-01   3.4857682e-01   8.0347242e-01   3.8920055e-01   1.1559542e-01   2.8776336e-01   4.6351362e-01   4.6978147e-01   8.0211813e-01   7.6735975e-01   9.2574512e-01   7.5087368e-01   8.3632448e-01   1.7347367e-01   3.0232261e-01   6.9362327e-01   3.9376000e-01   5.6257773e-01   5.8541671e-01   2.9498422e-01   6.5099898e-01   7.8801861e-01   7.7996829e-01   7.5809914e-01   9.4364622e-01   1.9848797e-01   4.7000862e-01   7.9299355e-01   1.0210234e-01   1.8743083e-01   6.6959476e-01   5.0421032e-01   4.0823644e-01   6.0688023e-01   6.6633322e-01   3.7175278e-01   8.3426242e-01   9.0396069e-02   3.7931950e-01   5.4952868e-01   3.1443672e-01   7.8827348e-01   1.6888960e-01   8.4368105e-01   0.0000000e+00   4.3881093e-01   6.9313389e-01   7.1736532e-01   8.9176121e-02   3.2589443e-01   3.0310371e-02   5.7959062e-01   2.8178838e-01   3.1180854e-01   8.7488075e-01   3.3323115e-01   3.4232076e-01
   1.5737727e-01   8.9731968e-01   6.7780686e-01   4.3132560e-01   9.0767671e-01   4.1615419e-01   1.6801117e-01   8.0816569e-01   5.6703790e-01   9.6650142e-01   7.3037972e-01   7.6346531e-01   4.8486066e-01   5.2464564e-01   7.3644010e-01   5.2733406e-01   4.4554948e-01   1.6442763e-01   8.8886689e-01   1.0946146e-01   9.2919430e-01   4.1919003e-01   7.9565610e-01   3.5000750e-01   7.6301431e-01   3.1060310e-01   6.5551708e-01   4.4020095e-01   3.9315313e-01   8.6837834e-01   5.3150378e-01   5.9340835e-01   3.9199621e-01   4.3997292e-01   2.8571847e-01   4.6956210e-02   5.4831358e-01   1.0614439e-01   1.9090797e-01   7.1392507e-01   4.3167334e-01   1.5796667e-03   8.1854605e-01   7.0698430e-01   6.4393980e-02   2.5934487e-01   7.8331302e-02   2.5298052e-02   8.5674334e-01   7.5086408e-01   3.2864239e-01   2.4128601e-02   6.5983835e-01   9.5301317e-01   7.1118776e-02   8.1757359e-01   5.2813572e-01   4.9380944e-01   7.4448372e-01   3.0118113e-01   1.7424602e-01   4.3759094e-01   9.6194643e-01   7.4196987e-01   3.7969895e-01   6.0982410e-01   6.5146704e-01   7.7272855e-01   8.4575036e-01   6.7004893e-01   8.4097499e-01   7.3107330e-01   2.4187909e-02   6.2242273e-01   5.5723651e-01   6.3535658e-01   8.9162887e-01   4.5970826e-01   6.5292794e-01   6.8353253e-01   2.9557121e-01   4.0201637e-01   2.6651809e-01   5.1392540e-01   8.8454842e-01   5.7244836e-01   7.6550496e-02   7.4395329e-04   4.2330796e-01   0.0000000e+00   7.7211481e-01   2.5625968e-01   6.2002842e-01   2.1839592e-01   9.3778065e-01   2.9729937e-01   9.1652470e-01   7.8263029e-01   1.9903282e-01   5.0725294e-01   4.4767582e-01
   2.7332936e-01   1.7662921e-01   9.0956236e-01   8.5816136e-01   2.5262653e-01   2.3595664e-01   5.1059884e-01   4.4712369e-01   4.1492641e-01   2.7402171e-01   3.0337030e-01   6.4351387e-01   2.1519264e-01   4.0044438e-01   4.9445120e-01   8.3386870e-01   4.3019099e-01   3.8884168e-02   3.5283615e-01   7.2265199e-01   2.0053201e-01   4.4661427e-01   6.4710299e-01   4.6894868e-01   5.7677926e-03   1.8329753e-01   3.4518769e-01   3.0546841e-01   6.8201378e-01   9.5138496e-01   4.1034727e-01   7.3739142e-01   8.7258827e-01   8.0858485e-01   5.8027416e-01   9.0761832e-01   9.3525490e-01   3.1263977e-01   5.4461655e-01   8.2535057e-01   3.1655162e-01   4.9977004e-01   3.9234936e-01   2.3813198e-01   2.2899427e-01   8.7102217e-02   4.2898930e-01   4.8632705e-01   2.5720979e-01   4.1190932e-01   5.2251492e-01   2.6245079e-01   4.7895895e-01   5.6313896e-01   4.3020964e-02   8.7939515e-01   9.0429759e-01   1.9663652e-01   1.5626024e-01   4.0962606e-01   8.7032338e-01   1.2178335e-01   3.7977614e-01   6.0596419e-01   2.2642325e-01   7.5035266e-01   7.4685795e-01   9.8061197e-01   9.3392413e-01   8.5572196e-01   7.4050931e-02   9.9714460e-01   4.3433432e-01   3.9771835e-01   9.7866642e-01   9.1109420e-01   7.7445710e-01   6.2831210e-01   4.0863671e-01   1.1869860e-01   8.1621459e-01   1.7983744e-01   1.5601691e-01   3.5630777e-01   7.0155291e-01   9.4261183e-02   9.4825009e-02   6.5490134e-01   5.1664195e-02   2.5628832e-01   0.0000000e+00   2.6979147e-01   4.9019126e-01   8.6503027e-01   2.7481784e-01   8.0340995e-01   7.4343173e-01   1.4446157e-01   5.6426229e-01   9.0908853e-01   6.7717228e-01
   3.0400824e-01   4.2819951e-01   2.7935922e-01   4.2794106e-02   5.2253488e-01   4.4236935e-01   5.1222206e-01   5.9089777e-01   3.2272089e-01   1.1393620e-01   9.3633748e-01   8.9369623e-01   4.8436009e-01   9.0925745e-03   2.0628039e-01   7.8027796e-02   8.7439806e-03   5.6756876e-01   3.7300668e-01   9.8523833e-01   9.4603897e-01   5.7498907e-01   9.2544593e-01   1.0439123e-01   2.5236257e-03   4.8829449e-03   8.8694428e-01   7.5045804e-01   9.2680345e-01   4.7621321e-01   5.7001333e-01   3.6949650e-01   1.4992861e-01   9.0765090e-01   5.8799594e-02   8.5742243e-01   7.0810294e-01   4.9754145e-01   8.1448772e-01   9.6537563e-01   9.6348636e-02   2.8367071e-01   1.0814374e-01   9.3401256e-01   8.9622345e-02   6.2633500e-01   3.8665049e-01   5.3925546e-02   1.6717650e-01   2.3562514e-02   4.4242824e-01   3.4013054e-01   5.9109582e-01   2.6808628e-01   5.3933619e-02   7.0830968e-02   2.8662118e-01   5.5007529e-01   2.8241178e-01   2.1090798e-01   5.8953797e-01   1.7379554e-01   7.3889383e-02   2.8675505e-01   8.6670871e-01   5.9789279e-01   8.6004488e-01   5.9006992e-01   5.4759092e-01   4.8288428e-01   4.5433054e-01   9.8645950e-01   2.9287727e-01   8.8461130e-01   3.3389236e-02   4.7174951e-01   3.5412279e-01   7.1500607e-01   2.7727638e-01   6.1887078e-01   6.7330847e-01   2.6171730e-01   1.8242565e-01   9.5590530e-01   7.2784576e-01   6.2008771e-01   3.6428490e-01   2.7680144e-01   2.9845126e-01   4.8316756e-01   5.1201772e-01   0.0000000e+00   7.7961163e-01   3.7001834e-01   2.0385448e-01   9.5126543e-01   4.6889495e-02   8.5600889e-01   1.1020768e-01   7.9374648e-01   9.3631964e-01
   8.6162761e-01   7.8405339e-01   7.6694420e-01   5.2501903e-01   3.7068788e-01   3.4885354e-01   6.1006887e-01   4.5347953e-01   3.0622713e-01   6.0190621e-01   6.1001405e-01   8.4073037e-01   9.9581880e-02   8.8222236e-01   6.1924036e-02   5.7431634e-01   8.0332256e-01   9.2000338e-02   4.4788460e-01   4.2271153e-01   4.2924166e-01   2.9020124e-02   2.5779801e-01   7.2575548e-01   8.6817457e-01   7.3599917e-01   9.2248046e-01   1.4127193e-02   3.7245855e-01   5.4501916e-01   5.1273726e-01   4.6494811e-02   4.3694025e-01   7.4583674e-01   8.9421964e-01   5.6029157e-01   5.4929662e-02   8.4387699e-01   9.1803346e-01   5.9464900e-01   7.9775093e-01   5.2073174e-01   9.5485498e-01   2.3447244e-01   2.8952268e-01   6.4219116e-01   7.4429345e-01   4.6175129e-01   5.1689821e-01   2.3481450e-01   8.7334448e-01   5.2770936e-01   5.9283521e-01   9.8526884e-01   2.9612784e-01   6.8645441e-01   2.3258682e-01   3.2059663e-01   8.1260198e-01   2.8166741e-01   3.6350403e-01   6.5841392e-01   6.0194752e-01   5.5380088e-01   6.1356007e-01   2.1529272e-01   1.9818548e-01   3.3632264e-01   6.2598673e-02   2.2402952e-01   7.7166371e-01   3.6622253e-01   7.7682344e-01   3.0705996e-02   7.4514373e-01   2.2222058e-02   9.9521092e-01   2.4883512e-01   8.8828470e-01   9.9583684e-01   5.5703192e-02   1.8074175e-01   9.4866540e-01   7.7287692e-01   8.7514324e-01   6.6855295e-01   5.5231427e-01   7.2046206e-01   2.3782443e-01   6.3048435e-01   9.9834934e-01   2.0270236e-01   0.0000000e+00   8.0694412e-01   7.0794178e-01   3.7682756e-01   8.3852943e-01   4.9623732e-01   3.7410437e-01   3.5673215e-01   8.2878280e-01
   1.9876031e-01   3.0958007e-01   8.0118228e-02   4.5582656e-01   8.9488051e-01   6.8563998e-01   4.2967924e-01   6.9825722e-01   5.9280467e-01   5.0870694e-01   6.6221083e-01   8.1656972e-01   7.3379892e-02   9.4665913e-01   5.1732298e-01   2.6014929e-01   2.5208900e-01   2.1422263e-01   4.5803822e-01   6.4764790e-01   2.1403830e-01   7.1699763e-03   1.2506374e-01   1.0392122e-01   8.1403453e-02   9.0710273e-01   2.5688180e-02   7.2260934e-01   8.8139765e-01   1.9536414e-01   5.8076505e-01   2.8966416e-01   2.9831891e-01   6.2105599e-01   6.3680546e-01   3.9765474e-01   7.3667258e-01   5.2128283e-01   4.6497341e-01   6.3664634e-01   8.4553351e-01   9.3545324e-01   1.0798535e-02   2.6020678e-01   2.5003345e-01   3.2696329e-01   9.3768207e-01   7.2433067e-01   2.5813519e-01   5.9197090e-02   7.2944326e-03   2.7716302e-01   6.4454399e-01   5.2523508e-01   4.3873379e-01   4.4499837e-01   9.4965332e-01   3.3707948e-01   9.9904405e-01   8.3543950e-01   3.2507413e-01   7.9710143e-01   1.4223338e-01   8.3597261e-01   1.6012152e-01   1.4198501e-01   3.9691179e-02   2.1370969e-01   1.8191106e-01   4.4725794e-01   3.5256092e-01   1.1701111e-01   4.7124075e-01   4.0823798e-01   1.5418215e-01   9.2981259e-01   3.6525118e-01   6.7469926e-01   1.0196609e-01   3.2257304e-01   7.5474867e-01   9.6237992e-01   4.6515781e-01   7.6215518e-01   7.8867406e-01   7.4659765e-01   6.3572181e-03   7.8942853e-01   3.4758855e-01   7.6972538e-01   4.9176965e-01   2.7494314e-01   6.9976049e-01   0.0000000e+00   2.6292485e-01   1.7114957e-01   9.4896466e-01   9.3393835e-01   6.2469205e-01   8.0759137e-01   8.4837055e-01
   2.9332754e-02   9.9699806e-01   3.2180483e-01   8.4414303e-01   8.6953511e-01   1.5004141e-01   8.1429285e-01   7.6098563e-01   4.4093497e-01   9.5223835e-01   8.1721830e-01   4.2507648e-01   2.9882630e-01   9.6572298e-01   6.7623867e-01   8.8536788e-01   6.9614584e-02   4.6041836e-01   3.2307287e-01   9.5198576e-01   2.9930226e-01   4.7017681e-01   1.1216635e-01   8.1155642e-01   7.3957022e-01   6.6159274e-01   7.1846161e-02   1.4336872e-01   1.5670023e-01   5.5002965e-01   9.8622403e-01   3.5476907e-01   8.7689209e-01   1.5110097e-01   4.6476794e-01   4.7912631e-01   3.0853132e-02   4.7620352e-01   6.3959588e-01   9.6550927e-01   6.1813369e-01   2.9479777e-01   4.8941899e-01   5.5511409e-01   8.8344562e-01   5.3168900e-02   5.0194399e-01   6.3599899e-01   6.6962023e-01   3.8886840e-01   9.3518335e-01   8.6612344e-02   5.1293041e-01   5.3410847e-01   2.7107232e-01   1.8480533e-01   6.5209963e-01   4.7618617e-01   2.2252278e-01   8.2601649e-01   3.5553873e-01   5.3869169e-01   3.2716635e-01   5.4894271e-01   7.2441705e-01   6.3905412e-01   9.0061057e-01   8.5190246e-01   2.4869795e-01   6.3466572e-01   1.8486957e-01   3.1506752e-01   7.1948622e-01   3.8554525e-01   1.3157680e-01   7.6996600e-01   5.7223165e-01   4.4730741e-01   6.8230739e-01   2.0880735e-01   2.0654703e-02   1.5522922e-01   6.7754278e-01   8.4052836e-01   8.8276760e-01   3.5468474e-01   6.5056776e-01   9.5871755e-01   8.9998101e-01   9.3298592e-02   5.2892232e-01   4.5464883e-01   3.2452459e-01   3.0587710e-01   0.0000000e+00   2.4668773e-01   3.0157387e-01   8.1373548e-01   2.3828328e-01   2.7898717e-01   6.1546199e-01
   1.1536251e-01   1.1502988e-01   5.3601503e-01   8.8648342e-01   4.1454560e-01   4.0167933e-01   9.9714498e-01   7.7312539e-01   5.9973659e-01   9.4769866e-01   1.0513820e-01   4.3662998e-01   3.5462414e-01   2.8167678e-01   5.5584462e-01   1.8993307e-01   9.2894843e-01   2.0992678e-01   2.7147025e-01   1.9905837e-01   8.2233440e-02   1.0611665e-01   4.0600717e-02   6.3309107e-01   6.9829660e-01   1.3278832e-01   4.8186596e-01   7.9681360e-01   5.5699033e-01   1.6353889e-01   9.6286376e-01   8.8070219e-01   3.4076904e-01   1.8794364e-01   5.0795228e-01   6.1098076e-01   2.6733553e-01   2.1494522e-01   2.8963839e-01   5.6660219e-01   8.7769726e-02   1.1782148e-01   1.7408989e-01   2.6998248e-01   2.3413630e-01   7.3610043e-01   8.8370989e-01   1.8450327e-01   1.5010266e-01   4.5643926e-01   1.8936535e-01   4.7555003e-01   8.1847661e-01   4.3767635e-01   4.5499297e-01   6.5073839e-01   7.4863835e-01   3.7635103e-02   4.8553817e-01   4.3982116e-01   4.4235023e-01   1.7897325e-01   8.5104901e-01   9.6503015e-01   6.1522636e-01   6.7018230e-01   4.5508813e-01   9.1805027e-01   1.8825626e-01   5.5306585e-01   8.6566576e-01   7.6182971e-01   8.9261646e-01   5.5658879e-01   8.5408129e-02   8.7490274e-01   9.8298938e-01   7.1655407e-02   8.4134078e-02   1.7823119e-01   6.1586758e-01   2.3954299e-01   6.4482371e-01   6.3819772e-01   1.8474413e-01   9.6459021e-01   2.6353634e-01   6.3645751e-01   2.4825658e-01   2.9048487e-01   2.6334376e-01   5.1258586e-01   9.9264876e-01   7.4158225e-01   1.5264725e-01   0.0000000e+00   4.0829312e-01   5.3903012e-01   5.5510750e-01   7.6976350e-01   4.4482473e-01
   2.2662495e-01   5.5426835e-01   9.3546317e-01   9.0488822e-01   6.7731232e-01   6.1797388e-03   4.7360002e-01   1.0026739e-01   4.2484260e-01   4.7004727e-02   1.4280819e-01   8.5158429e-01   1.1408109e-01   2.8030412e-01   3.9333858e-01   5.5778894e-02   7.7638648e-01   1.4411501e-01   7.0684740e-02   3.6191734e-01   2.3865487e-01   9.6543352e-01   6.5636840e-01   1.4906583e-01   2.0653720e-01   7.4560797e-01   8.1926271e-02   6.6602413e-01   9.5147399e-01   9.6054434e-01   2.9401355e-01   2.0715399e-01   4.3775430e-01   4.5441694e-01   4.4261017e-01   6.6403933e-01   7.1973603e-01   1.6948717e-01   3.1412152e-02   6.4820119e-02   2.6863492e-01   7.6820196e-01   9.2095679e-01   1.5871702e-01   4.7450215e-01   9.9888419e-01   3.4809065e-01   3.0224460e-01   4.6605656e-01   2.0718285e-01   9.0263871e-01   5.5948724e-01   1.8150010e-02   3.2217800e-01   9.4533199e-01   3.1383335e-01   1.0038844e-01   4.3332158e-01   8.4333239e-01   1.2365361e-01   5.8796026e-01   9.8329352e-01   2.3999693e-01   7.7634241e-01   6.6993937e-01   9.5609861e-01   5.6139002e-01   6.7448580e-02   1.6116002e-01   7.3892209e-01   5.2197020e-01   2.4452188e-01   7.9170397e-01   8.6887589e-01   1.9453731e-01   9.7079805e-01   5.9102806e-02   7.1082898e-01   7.9781037e-01   7.0308414e-02   5.7864223e-01   4.5328054e-01   7.8645863e-01   2.6732218e-01   3.0736695e-01   7.9740531e-01   5.4650773e-01   4.7709727e-01   4.7088234e-01   7.3284879e-01   5.6369857e-01   7.0644252e-01   5.7888052e-01   1.7109943e-01   6.4324571e-01   9.5462963e-03   0.0000000e+00   8.8439295e-01   7.9698862e-01   7.5312628e-01   7.8629924e-01
   9.2674620e-01   4.7153867e-01   4.8270782e-01   4.6656661e-01   6.6185723e-01   7.5214168e-01   2.9908050e-01   6.8842636e-01   6.2406846e-01   3.8848370e-01   8.5172792e-02   2.4496963e-01   5.2890256e-01   6.8362166e-02   5.2010864e-01   5.0866573e-01   4.5648325e-01   1.9607853e-01   6.0915366e-01   3.6516827e-01   3.0035653e-01   9.3328340e-01   2.5259332e-01   1.9113690e-01   7.2148806e-01   8.0324258e-01   8.2733107e-01   4.6429079e-01   3.6557101e-02   1.6097234e-01   2.0005423e-02   3.3297371e-01   3.6513471e-01   7.3012784e-01   1.2975556e-01   3.9541889e-01   1.3980871e-01   9.4623142e-01   9.2211731e-01   5.1085147e-02   2.1428243e-01   5.9878912e-01   4.1252688e-02   2.5978173e-01   2.9202781e-01   5.7969155e-01   7.9685829e-01   3.5814914e-01   1.7630508e-01   5.3990152e-01   4.6431263e-01   5.3140327e-01   9.7311748e-01   5.0155570e-01   8.0510170e-01   2.1225862e-01   2.6774218e-03   1.2800985e-02   1.0052937e-01   9.5791285e-01   2.4815306e-01   1.0666578e-01   5.0100119e-01   1.9423998e-01   6.9219302e-01   3.9609580e-02   4.5566679e-02   4.4948849e-01   9.9077514e-01   2.6988050e-01   6.7803297e-01   9.4982933e-01   1.4554497e-01   3.0685203e-01   3.1656600e-01   3.5502245e-01   2.3360123e-01   1.0181279e-01   7.5103262e-01   6.7482695e-01   2.9344832e-01   7.1407949e-01   4.8213500e-01   1.4032498e-01   8.8761128e-01   9.0370608e-01   1.9144000e-01   1.7356891e-01   6.3491443e-01   3.3460881e-01   3.7886129e-01   7.2322658e-01   6.4239890e-01   8.4825116e-01   1.9436582e-01   6.9076652e-01   2.0998319e-01   0.0000000e+00   6.6753761e-01   3.7876951e-01   4.5147045e-01
   3.7785251e-01   8.1214702e-01   1.9103331e-01   7.4343256e-01   7.3610038e-01   4.5212774e-01   3.2111054e-02   7.7332605e-01   1.8414855e-01   9.3357400e-01   7.0670086e-01   3.2697883e-01   5.1600209e-01   1.4697565e-01   1.6598095e-02   3.2065363e-01   6.6917344e-01   1.0055621e-03   8.5965721e-01   1.8886909e-01   5.3089847e-01   5.3190482e-01   5.5573335e-01   1.6553017e-01   4.1375956e-01   7.9985683e-01   9.5710077e-01   3.9393847e-01   4.1383072e-01   5.0344892e-01   3.0212203e-01   5.5327320e-01   9.6687281e-03   8.0145887e-01   7.8057306e-01   5.7461637e-01   9.7673967e-01   7.9083012e-01   3.4067832e-01   8.5031040e-01   3.1498470e-01   4.9117988e-01   8.2655188e-01   8.4968918e-01   7.3771673e-01   5.9002845e-01   6.0576681e-01   3.9574120e-01   8.5095923e-01   3.6384066e-01   8.9147828e-01   3.1502748e-01   5.0597401e-01   1.6150181e-01   7.5025046e-01   6.3336898e-01   7.6807738e-01   3.2392422e-01   4.4681714e-01   9.6953268e-01   6.4530074e-01   8.8106957e-01   7.8317625e-01   6.3095059e-01   8.0492505e-01   1.8016275e-01   4.0757936e-01   5.4291040e-01   8.1982630e-01   6.2605452e-01   2.8777865e-01   9.8050460e-01   2.3308813e-01   4.4115553e-01   5.0589305e-01   7.9780683e-01   5.1142818e-01   2.4622521e-01   1.9302338e-01   9.3213112e-01   6.9299736e-02   5.7516584e-01   1.2874530e-01   8.8623588e-01   1.3896334e-02   6.8240826e-01   2.4365972e-01   2.6756836e-01   8.7115562e-01   4.9136277e-01   2.4226511e-01   9.2806986e-02   9.5618667e-01   1.9494361e-01   2.0749119e-01   1.1409538e-02   3.7237910e-01   5.6567738e-01   0.0000000e+00   4.9608933e-01   3.9908099e-01
   8.5990097e-01   6.0957513e-01   6.3995037e-01   1.8896688e-01   4.0501371e-01   4.0940104e-01   7.4244165e-01   5.8960699e-01   3.4180728e-01   9.9912182e-01   8.4547567e-01   1.7854611e-02   1.2642367e-01   7.2754751e-01   4.9488353e-01   8.8111955e-01   3.0570300e-01   6.5464810e-01   2.9494187e-01   2.4398734e-01   1.0708105e-01   2.2565489e-01   2.5515795e-01   8.4968935e-01   4.1310588e-01   7.7475314e-01   9.4942305e-01   7.6624707e-01   5.2458642e-01   5.9840736e-01   8.6462213e-01   3.1394577e-01   1.5077048e-01   2.7363576e-02   1.9272677e-01   6.3549127e-01   7.2972977e-01   4.4481321e-01   5.4689605e-01   8.8239913e-01   2.8588868e-01   3.8211700e-01   7.6502735e-01   1.2611789e-01   6.7424870e-01   8.3825420e-01   3.4851902e-01   9.4556864e-01   8.5059669e-01   1.5131587e-01   1.1548036e-01   3.0826117e-01   9.1397593e-02   2.1121976e-02   4.0478254e-01   4.2004427e-02   2.4158214e-01   5.7356741e-01   5.8776648e-01   2.7289803e-01   4.2190819e-01   3.0995952e-03   8.2525453e-01   6.4811823e-01   8.4343626e-01   9.7064995e-01   3.9127274e-01   1.3389119e-01   4.9171304e-01   6.8022628e-01   2.4781006e-01   8.9620870e-01   7.0338607e-01   8.1846866e-01   3.1119708e-01   9.5302075e-01   2.1116152e-01   4.5431277e-01   2.1191397e-02   8.1872264e-01   3.6690492e-01   1.9216697e-01   1.7124068e-02   6.3136338e-02   4.2494970e-01   4.0890760e-02   1.9309852e-01   9.5552171e-02   9.9123905e-01   2.6538046e-01   1.0573778e-01   8.1812616e-01   8.9116333e-01   7.2256192e-01   5.1530053e-01   6.9463141e-01   2.8675003e-01   5.9656946e-01   7.9282625e-02   0.0000000e+00   9.7747807e-01
   3.2256657e-02   3.0965361e-01   5.2597283e-01   1.4902980e-01   5.5727840e-01   3.3441106e-01   3.4378799e-02   4.2137016e-01   6.7774062e-01   7.9416256e-01   3.0596714e-01   4.0316508e-01   8.0868083e-01   7.6406719e-01   9.3855889e-01   9.2162068e-01   6.0251068e-01   7.5818010e-01   9.8373476e-01   5.0600195e-01   4.6946848e-01   7.4830293e-01   5.8714870e-01   3.5790559e-01   8.4748996e-01   1.7865215e-01   6.9462687e-01   1.1990165e-01   1.5501791e-01   8.2213849e-01   6.4766242e-01   7.5599000e-01   3.8193047e-01   2.6980872e-01   8.1050107e-01   4.2851048e-01   7.4205208e-01   1.7218119e-01   5.7571878e-01   9.4615808e-01   4.4302184e-01   2.7674869e-01   2.7642848e-01   7.7563517e-01   3.0880461e-01   4.4430675e-01   3.1999198e-01   4.2202924e-01   9.9025858e-01   5.0487884e-01   5.7369588e-01   5.0741378e-01   3.2631632e-01   5.8543637e-01   8.5858685e-01   8.4632743e-01   1.6988829e-01   5.0506071e-01   9.0531676e-01   6.7355795e-01   6.1779609e-01   6.5808850e-01   1.7037147e-01   2.7494302e-01   8.9191344e-01   8.2648387e-01   6.4795461e-01   2.6234175e-01   1.3123374e-01   1.2934068e-01   2.9479898e-01   4.5692548e-01   3.7757595e-01   1.8464368e-01   7.4276454e-01   8.9068936e-01   6.9286967e-01   2.3987476e-01   1.2363398e-02   5.8284459e-01   3.3885633e-01   9.7830121e-03   9.8792688e-01   4.2956307e-01   2.5954728e-01   2.5537834e-01   6.3653335e-01   3.9460061e-01   2.0663874e-01   9.1656153e-01   5.7437690e-01   9.6309922e-01   8.5097711e-01   2.3217152e-01   9.9889379e-01   7.8615151e-01   9.9363516e-01   3.2388084e-01   8.0549132e-01   7.3920774e-01   0.0000000e+00
